cluster_idx,event_id
1,224900021
2,225100036
3,225200008
4,225200017
5,225200058
6,225300000
7,225300001
8,225400035
9,225400040
10,225500000
11,225500045
12,225500050
13,225500052
14,225500053
15,225500062
16,225600005
17,225600006
18,225800010
19,225900005
20,225900018
21,226000005
22,226000008
23,226000018
24,226300040
25,226300059
26,226300061
27,226300063
28,226300065
29,226300116
30,226400054
31,226400066
32,226400069
33,226400170
34,226400280
35,226400459
36,226400485
37,226400514
38,226400520
39,226400532
40,226400533
41,226400536
42,226400545
43,226500009
44,226500010
45,226500035
46,226500039
47,226500047
48,226500049
49,226600005
50,226600016
51,226700001
52,226700005
53,226700012
54,226800002
55,226800008
56,226800024
57,227000001
58,227000045
59,227000046
60,227000049
61,227100003
62,227100006
63,227100007
64,227100008
65,227100010
66,227100014
67,227100015
68,227100016
69,227100021
70,227100026
71,227100028
72,227100033
73,227100034
74,227100036
75,227100040
76,227100043
77,227200193
78,227200376
79,227200456
80,227200458
81,227300084
82,227300088
83,227300487
84,227400183
85,227400227
86,227500024
87,227500025
88,227500043
89,227500058
90,227700021
91,227800009
92,227800012
93,227800027
94,227800036
95,227900003
96,228000027
97,228000029
98,228000034
99,228000047
100,228100039
101,228300008
102,228400014
103,228400016
104,228400162
105,228400166
106,228400182
107,228500026
108,228600044
109,228700031
110,228700115
111,228800010
112,228800018
113,228800028
114,228800040
115,228800045
116,228800071
117,228800072
118,228800106
119,228800119
120,228800120
121,228800128
122,228800170
123,228800181
124,228800200
125,228800201
126,228800215
127,228800241
128,228800252
129,228800407
130,228800516
131,228800589
132,228800602
133,228800626
134,228800628
135,228800778
136,228800824
137,228800878
138,228801054
139,228801185
140,228801249
141,228801265
142,228801379
143,228801415
144,228801425
145,228801442
146,228801444
147,228801542
148,228801564
149,228801640
150,228801647
151,228900115
152,228900267
153,229000015
154,229000071
155,229000079
156,229000143
157,229000151
158,229000173
159,229100083
160,229100106
161,229400005
162,229400006
163,229500006
164,229700005
165,229700007
166,229700023
167,229700025
168,229800003
169,229800009
170,229800023
171,229800027
172,229800030
173,229800041
174,229800044
175,229800051
176,229800052
177,229800060
178,229800077
179,229800081
180,229800087
181,229800090
182,229800098
183,229800150
184,229800155
185,229800157
186,229800173
187,229800177
188,229800183
189,229800193
190,229800195
191,229800197
192,229800210
193,229800218
194,229800224
195,229800227
196,229800228
197,229800231
198,229800236
199,229800243
200,229800244
201,229800247
202,229800248
203,229800249
204,229800252
205,229800263
206,229800265
207,229800266
208,229800268
209,229800271
210,229800277
211,229800281
212,229800291
213,229800295
214,229800301
215,229800319
216,229800324
217,229800352
218,229800369
219,229800386
220,229800389
221,229800400
222,229800401
223,229800402
224,229800406
225,229800437
226,229800444
227,229800445
228,229800448
229,229800451
230,229800453
231,229900009
232,229900020
233,229900025
234,229900065
235,229900082
236,230000006
237,230000008
238,230000029
239,230000037
240,230100000
241,230100044
242,230200000
243,230200024
244,230200028
245,230200030
246,230200033
247,230200035
248,230200036
249,230200037
250,230200043
251,230200049
252,230200052
253,230200055
254,230200058
255,230200062
256,230200064
257,230200068
258,230200079
259,230200084
260,230200086
261,230200087
262,230200094
263,230200095
264,230200099
265,230200204
266,230200205
267,230300007
268,230300009
269,230300010
270,230300017
271,230300019
272,230300061
273,230300068
274,230300069
275,230300072
276,230300079
277,230300081
278,230300087
279,230300089
280,230300090
281,230300107
282,230300108
283,230300123
284,230300125
285,230300142
286,230300145
287,230300150
288,230300153
289,230300161
290,230300171
291,230300178
292,230300184
293,230300192
294,230300196
295,230300197
296,230300209
297,230300210
298,230500088
299,230500090
300,230600016
301,230700020
302,230700024
303,230700025
304,230700031
305,230700032
306,230700033
307,230700038
308,230700041
309,230700043
310,230700047
311,230700052
312,230700060
313,230700074
314,230700084
315,230700086
316,230700088
317,230700089
318,230700090
319,230700097
320,230700113
321,230700115
322,230700122
323,230800048
324,230900015
325,231200005
326,231200013
327,231200031
328,231200032
329,231500018
330,231500026
331,231500028
332,231500039
333,231500041
334,231500043
335,231500069
336,231500079
337,231600006
338,231800024
339,232300001
340,233000001
341,233000036
342,233000041
343,233100097
344,233100721
345,233100916
346,233300004
347,233300010
348,300100156
349,300100178
350,300100180
351,300100183
352,300200037
353,300200039
354,300400048
355,300500058
356,301000237
357,301400110
358,301400115
359,301500077
360,302100034
361,302300021
362,302300081
363,302500062
364,302500077
365,302500080
366,302500086
367,302500095
368,302500104
369,302500121
370,302500128
371,302600004
372,302600017
373,302700014
374,302700015
375,302700019
376,302700067
377,302800001
378,303000063
379,303000235
380,303000263
381,303100078
382,303100097
383,303300010
384,303400147
385,303500045
386,303500076
387,303600025
388,303600039
389,303700007
390,303700038
391,303800052
392,304000081
393,304000085
394,304000134
395,304100115
396,304300029
397,304400025
398,304500284
399,304600011
400,304600027
401,304700109
402,304700121
403,304700183
404,304700381
405,304700544
406,304800018
407,304900001
408,305000026
409,305000032
410,305000053
411,305000149
412,305100015
413,305100016
414,305100021
415,305100037
416,305100044
417,305200011
418,305400004
419,305400010
420,305500125
421,305600030
422,305600036
423,305600049
424,305600056
425,305700010
426,305700019
427,305700032
428,305700061
429,305700200
430,305800012
431,305800026
432,305800039
433,305800068
434,305800107
435,305800128
436,305800131
437,305800132
438,305800133
439,305800144
440,305800146
441,305800148
442,306000072
443,306000170
444,306100022
445,306100028
446,306100039
447,306100042
448,306100044
449,306100046
450,306100049
451,306200079
452,306300034
453,306300039
454,306300053
455,306300056
456,306400004
457,306400005
458,306400013
459,306400037
460,306500015
461,306500016
462,306500017
463,306500019
464,306500047
465,306600003
466,306800001
467,306800013
468,306800014
469,306800015
470,306800016
471,306800017
472,306800036
473,306800037
474,306800041
475,306900002
476,306900128
477,306900175
478,307000064
479,307000070
480,307000361
481,307100168
482,307100208
483,307100269
484,307200120
485,307200141
486,307200149
487,307200152
488,307200154
489,307200159
490,307300214
491,307300226
492,307300228
493,307400009
494,307400063
495,307500025
496,307500053
497,307500054
498,307500061
499,307500069
500,307500070
501,307500074
502,307600027
503,307600032
504,307600058
505,307700013
506,307900195
507,307900217
508,308300008
509,308300009
510,308300034
511,308300035
512,308300040
513,308300046
514,308300047
515,308300048
516,308300049
517,308400027
518,308400054
519,308400061
520,308500058
521,308500070
522,308600010
523,308800062
524,308800091
525,308800095
526,308800105
527,308800107
528,308900005
529,308900019
530,308900041
531,308900154
532,308900174
533,309000039
534,309100022
535,309100069
536,309100075
537,309100110
538,309100126
539,309100148
540,309200001
541,309200002
542,309200009
543,309200013
544,309200024
545,309200028
546,309300010
547,309300011
548,309300024
549,309300034
550,309300037
551,309400000
552,309400001
553,309400006
554,309400014
555,309400018
556,309400028
557,309500020
558,309500021
559,309500115
560,309500118
561,309500121
562,309500122
563,309500175
564,309600001
565,309600008
566,309600015
567,309600019
568,309600023
569,309600025
570,309600030
571,309600053
572,309600055
573,309600061
574,309600064
575,309600111
576,309600131
577,309600132
578,309600141
579,309600144
580,309600145
581,309600146
582,309600149
583,309600150
584,309600169
585,309600171
586,309600180
587,309700001
588,309700004
589,309700033
590,309700034
591,309700037
592,309700045
593,309700071
594,309700072
595,309700073
596,309700075
597,309700079
598,309700080
599,309700083
600,309700087
601,309700093
602,309700099
603,309700101
604,309700106
605,309700115
606,309700118
607,309700119
608,309700128
609,309700129
610,309700140
611,309800036
612,309900051
613,309900056
614,309900068
615,310000003
616,310000006
617,310000014
618,310000030
619,310000031
620,310000034
621,310000036
622,310000040
623,310000043
624,310000048
625,310000052
626,310000064
627,310100000
628,310100004
629,310100012
630,310100038
631,310100039
632,310100041
633,310100047
634,310100048
635,310200049
636,310200057
637,310200068
638,310200071
639,310200087
640,310200104
641,310200105
642,310200106
643,310200107
644,310200116
645,310200157
646,310200182
647,310200185
648,310200190
649,310200194
650,310200198
651,310200222
652,310200225
653,310200228
654,310200230
655,310200236
656,310200255
657,310200263
658,310200268
659,310200282
660,310200283
661,310200346
662,310200379
663,310300005
664,310300043
665,310400030
666,310400031
667,310400033
668,310400056
669,310400068
670,310400071
671,310400072
672,310400076
673,310400106
674,310400112
675,310400114
676,310400118
677,310400119
678,310400122
679,310400123
680,310400126
681,310400135
682,310400137
683,310400139
684,310400140
685,310500010
686,310500048
687,310500050
688,310500052
689,310500061
690,310500079
691,310500080
692,310500081
693,310500083
694,310500088
695,310500100
696,310500101
697,310500133
698,310500148
699,310500149
700,310500151
701,310500153
702,310500156
703,310500157
704,310500158
705,310500161
706,310500165
707,310500166
708,310500167
709,310500168
710,310500169
711,310500175
712,310500191
713,310500195
714,310500197
715,310500199
716,310500203
717,310500204
718,310500209
719,310500218
720,310500220
721,310500226
722,310500230
723,310500231
724,310500234
725,310500238
726,310500241
727,310500242
728,310500251
729,310500259
730,310500262
731,310500263
732,310500271
733,310500279
734,310500283
735,310500297
736,310500302
737,310500305
738,310500310
739,310500312
740,310500314
741,310500315
742,310500333
743,310500334
744,310500340
745,310500341
746,310500343
747,310500348
748,310500351
749,310500359
750,310500361
751,310500365
752,310500370
753,310500376
754,310500383
755,310500388
756,310500390
757,310500391
758,310500405
759,310500409
760,310500414
761,310600005
762,310600013
763,310600016
764,310600021
765,310600030
766,310600037
767,310600041
768,310600042
769,310600062
770,310600070
771,310600071
772,310600077
773,310600085
774,310600086
775,310600087
776,310600109
777,310600110
778,310600123
779,310600125
780,310600127
781,310700007
782,310700026
783,310700027
784,310700038
785,310700045
786,310800000
787,310800001
788,310800002
789,310800003
790,310800005
791,310800006
792,310800007
793,310800009
794,310800025
795,310800030
796,310800038
797,310800045
798,310900001
799,310900025
800,310900035
801,310900045
802,310900047
803,310900094
804,310900095
805,310900102
806,310900103
807,310900108
808,310900145
809,310900183
810,310900185
811,310900203
812,310900220
813,310900224
814,310900243
815,310900244
816,310900245
817,310900249
818,310900251
819,310900261
820,310900268
821,310900271
822,310900272
823,310900273
824,310900274
825,310900278
826,310900281
827,310900282
828,310900283
829,310900286
830,310900287
831,310900290
832,310900292
833,310900293
834,310900294
835,310900297
836,310900299
837,310900301
838,310900302
839,310900304
840,310900307
841,310900309
842,310900312
843,310900314
844,310900317
845,310900319
846,310900323
847,310900325
848,310900326
849,310900329
850,310900333
851,310900334
852,310900335
853,311000000
854,311000004
855,311000010
856,311000019
857,311000038
858,311000083
859,311000095
860,311000172
861,311000173
862,311000175
863,311000180
864,311000183
865,311000186
866,311100079
867,311100128
868,311100132
869,311100142
870,311100147
871,311100148
872,311100150
873,311200001
874,311200002
875,311200006
876,311200019
877,311200044
878,311200060
879,311200065
880,311200070
881,311200077
882,311200083
883,311200092
884,311200095
885,311200101
886,311200118
887,311200130
888,311300013
889,311300041
890,311300049
891,311300092
892,311300126
893,311300187
894,311300199
895,311300203
896,311300207
897,311300226
898,311300249
899,311400020
900,311400038
901,311400045
902,311400067
903,311400082
904,311400091
905,311400099
906,311400101
907,311400112
908,311400118
909,311400119
910,311400123
911,311400128
912,311400140
913,311400146
914,311400166
915,311400168
916,311400177
917,311500017
918,311600011
919,311700004
920,311700027
921,311700042
922,311700049
923,311700051
924,311800007
925,311800009
926,311800024
927,311800030
928,311800031
929,311800033
930,311800036
931,311900002
932,311900004
933,311900005
934,311900032
935,311900038
936,311900113
937,311900132
938,311900159
939,311900170
940,311900172
941,311900173
942,311900175
943,311900178
944,311900179
945,311900180
946,311900182
947,311900183
948,311900190
949,312000000
950,312000011
951,312000015
952,312000026
953,312100029
954,312100031
955,312100050
956,312200001
957,312200004
958,312200017
959,312200028
960,312200035
961,312200036
962,312200041
963,312200044
964,312300001
965,312300017
966,312300018
967,312300036
968,312400017
969,312500016
970,312700022
971,312700049
972,312800035
973,312800060
974,312800079
975,312800085
976,312800107
977,312800108
978,312900035
979,312900036
980,312900040
981,312900041
982,312900043
983,312900052
984,313000000
985,313000014
986,313100011
987,313100029
988,313100030
989,313200011
990,313200025
991,313200027
992,313200045
993,313200047
994,313200057
995,313200062
996,313200064
997,313300000
998,313300001
999,313300004
1000,313300031
1001,313300034
1002,313400019
1003,313400024
1004,313500012
1005,313600026
1006,313600028
1007,313700006
1008,313700033
1009,313700035
1010,313700040
1011,313700043
1012,313700046
1013,313700051
1014,313700058
1015,313700061
1016,313700085
1017,313800050
1018,313800062
1019,313800067
1020,313800069
1021,313800071
1022,313800075
1023,313800076
1024,313800078
1025,313800079
1026,313800082
1027,313800083
1028,313800084
1029,313800087
1030,313800091
1031,313800092
1032,313800093
1033,313800094
1034,313800098
1035,313800103
1036,313800106
1037,313800121
1038,313800123
1039,313800124
1040,313800125
1041,313800128
1042,313800129
1043,313800136
1044,313800145
1045,313800157
1046,313800159
1047,313800163
1048,313800230
1049,313800232
1050,313800236
1051,313800237
1052,313900007
1053,313900008
1054,313900011
1055,313900012
1056,313900068
1057,313900076
1058,313900077
1059,313900084
1060,313900086
1061,313900120
1062,313900128
1063,313900132
1064,313900133
1065,313900134
1066,313900143
1067,313900144
1068,313900147
1069,313900149
1070,313900155
1071,313900157
1072,313900158
1073,313900176
1074,313900187
1075,314000000
1076,314000004
1077,314000005
1078,314000017
1079,314000054
1080,314000069
1081,314000080
1082,314000087
1083,314000100
1084,314100008
1085,314100034
1086,314100038
1087,314100039
1088,314100056
1089,314200032
1090,314200033
1091,314200090
1092,314200106
1093,314200127
1094,314200170
1095,314200179
1096,314200262
1097,314200263
1098,314200268
1099,314200273
1100,314200275
1101,314200278
1102,314200283
1103,314200285
1104,314200286
1105,314200291
1106,314200295
1107,314200296
1108,314200297
1109,314300002
1110,314300005
1111,314300006
1112,314300011
1113,314300013
1114,314300029
1115,314300030
1116,314300049
1117,314300050
1118,314300052
1119,314300072
1120,314300074
1121,314300075
1122,314300082
1123,314300089
1124,314300092
1125,314300097
1126,314300104
1127,314300106
1128,314300112
1129,314300113
1130,314300116
1131,314300118
1132,314400004
1133,314400006
1134,314400030
1135,314400032
1136,314400036
1137,314400039
1138,314400044
1139,314400048
1140,314400053
1141,314400056
1142,314400084
1143,314400086
1144,314400087
1145,314400089
1146,314400110
1147,314400114
1148,314400117
1149,314400124
1150,314400139
1151,314400141
1152,314400152
1153,314400154
1154,314400156
1155,314600027
1156,314600070
1157,314700023
1158,314700030
1159,314700062
1160,314700066
1161,314700070
1162,314700074
1163,314700075
1164,314800001
1165,314800004
1166,314800012
1167,314800019
1168,314800033
1169,314800041
1170,314800050
1171,314800052
1172,314900020
1173,314900022
1174,314900024
1175,314900026
1176,315000021
1177,315000025
1178,315000037
1179,315100011
1180,315100012
1181,315100023
1182,315200019
1183,315200022
1184,315200029
1185,315200066
1186,315300029
1187,315300033
1188,315300041
1189,315300052
1190,315300062
1191,315300069
1192,315300071
1193,315300077
1194,315300089
1195,315300109
1196,315300114
1197,315300118
1198,315300119
1199,315300120
1200,315300144
1201,315300145
1202,315300146
1203,315300148
1204,315300151
1205,315400012
1206,315400014
1207,315400065
1208,315400102
1209,315400107
1210,315400129
1211,315400130
1212,315400133
1213,315400135
1214,315400136
1215,315400148
1216,315500000
1217,315500011
1218,315500015
1219,315500025
1220,315500076
1221,315500092
1222,315500100
1223,315500115
1224,315500139
1225,315500140
1226,315600014
1227,315600021
1228,315600029
1229,315600030
1230,315600036
1231,315600054
1232,315600119
1233,315700152
1234,315700158
1235,315700160
1236,315700182
1237,315700217
1238,315800016
1239,315800030
1240,315800040
1241,315800045
1242,315800046
1243,315800047
1244,315800277
1245,315800290
1246,315900006
1247,315900024
1248,315900093
1249,315900114
1250,315900143
1251,316000010
1252,316000028
1253,316000032
1254,316000047
1255,316000057
1256,316000058
1257,316000059
1258,316000062
1259,316000076
1260,316000100
1261,316000105
1262,316000114
1263,316000160
1264,316000193
1265,316000197
1266,316100000
1267,316200025
1268,316200049
1269,316300018
1270,316300061
1271,316300064
1272,316300073
1273,316300074
1274,316300075
1275,316300084
1276,316300086
1277,316300098
1278,316400007
1279,316400067
1280,316500013
1281,316500038
1282,316500042
1283,316600018
1284,316600056
1285,316600083
1286,316700008
1287,316700026
1288,316700049
1289,316700060
1290,316800009
1291,316800067
1292,316800069
1293,317200050
1294,317200086
1295,317600032
1296,317600056
1297,317600077
1298,317700001
1299,317700039
1300,317700051
1301,317700058
1302,317700060
1303,317800096
1304,317800157
1305,317800176
1306,317800194
1307,317800195
1308,317900074
1309,317900079
1310,317900090
1311,317900091
1312,318000001
1313,318000002
1314,318000007
1315,318000009
1316,318000025
1317,318000040
1318,318000046
1319,318000054
1320,318000057
1321,318100076
1322,318100077
1323,318100080
1324,318100085
1325,318100090
1326,318100135
1327,318100148
1328,318100156
1329,318100211
1330,318200105
1331,318200106
1332,318200107
1333,318200113
1334,318300069
1335,318300074
1336,318300076
1337,318300106
1338,318300107
1339,318300108
1340,318300173
1341,318400026
1342,318400048
1343,318400110
1344,318600001
1345,318600076
1346,318900085
1347,318900094
1348,319000229
1349,319000379
1350,319000382
1351,319000390
1352,319000391
1353,319000400
1354,319000414
1355,319000446
1356,319000486
1357,319100127
1358,319100160
1359,319200066
1360,319300053
1361,319300083
1362,319300085
1363,319300099
1364,319400013
1365,319400017
1366,319400020
1367,319400023
1368,319400041
1369,319700073
1370,319700085
1371,319800025
1372,319800027
1373,320000003
1374,320000022
1375,320000050
1376,320000052
1377,320000061
1378,320200042
1379,320700040
1380,320800002
1381,320800014
1382,320800031
1383,320800050
1384,320900059
1385,321100036
1386,321200049
1387,321200065
1388,321200068
1389,321300033
1390,321300057
1391,321300076
1392,321400036
1393,321400037
1394,321400067
1395,321500009
1396,321500020
1397,321500048
1398,321600037
1399,321600051
1400,321700010
1401,321700020
1402,321700022
1403,321700108
1404,321700119
1405,321800014
1406,321800040
1407,321900020
1408,322000008
1409,322000013
1410,322000015
1411,322000016
1412,322000018
1413,322000022
1414,322100003
1415,322100046
1416,322200012
1417,322300058
1418,322300064
1419,322400000
1420,322400068
1421,322400080
1422,322400084
1423,322400092
1424,322400097
1425,322500018
1426,322500031
1427,322500040
1428,322500044
1429,322500047
1430,322600020
1431,322600044
1432,322700046
1433,322700056
1434,322800011
1435,322800013
1436,322800017
1437,322800045
1438,322800047
1439,322800048
1440,323000017
1441,323000022
1442,323100007
1443,323100026
1444,323300013
1445,323300015
1446,323300063
1447,323300064
1448,323300065
1449,323300071
1450,323300072
1451,323300076
1452,323300082
1453,323300084
1454,323300088
1455,323300106
1456,323300115
1457,323400031
1458,323400049
1459,323500016
1460,323500018
1461,323600023
1462,323600040
1463,323600064
1464,323700057
1465,323700065
1466,323700097
1467,323700123
1468,323700185
1469,323700187
1470,323700199
1471,323700201
1472,323700203
1473,323800040
1474,324500003
1475,324600012
1476,324700003
1477,324700017
1478,324800003
1479,324800013
1480,324900010
1481,325000001
1482,325000008
1483,325000009
1484,325000014
1485,325000016
1486,325000019
1487,325000022
1488,325000024
1489,325000025
1490,325000029
1491,325000030
1492,325000031
1493,325000036
1494,325000037
1495,325000039
1496,325000040
1497,325000042
1498,325000043
1499,325000044
1500,325000046
1501,325000050
1502,325000053
1503,325000054
1504,325000055
1505,325000059
1506,325000070
1507,325000072
1508,325000073
1509,325000075
1510,325000079
1511,325000082
1512,325000083
1513,325000085
1514,325000086
1515,325000090
1516,325000096
1517,325000097
1518,325000101
1519,325000108
1520,325000114
1521,325000115
1522,325000121
1523,325000122
1524,325000123
1525,325000129
1526,325000130
1527,325000132
1528,325000135
1529,325000141
1530,325000142
1531,325000150
1532,325000158
1533,325000160
1534,325000169
1535,325000170
1536,325000174
1537,325000176
1538,325000178
1539,325000184
1540,325000186
1541,325000189
1542,325000193
1543,325000196
1544,325100006
1545,325200000
1546,325200002
1547,325200004
1548,325200006
1549,325300021
1550,325300028
1551,325300031
1552,325300032
1553,325300035
1554,325300040
1555,325300042
1556,325300059
1557,325300098
1558,325300103
1559,325300111
1560,325300116
1561,325300131
1562,325400018
1563,325400065
1564,325400081
1565,325400084
1566,325500001
1567,325500032
1568,325500033
1569,325600011
1570,325600014
1571,325600016
1572,325600023
1573,325600026
1574,325600029
1575,325600077
1576,325700015
1577,325800002
1578,325800040
1579,325800042
1580,325800046
1581,325800048
1582,325800060
1583,325800069
1584,325800071
1585,325800073
1586,325800091
1587,325800099
1588,325800102
1589,325800104
1590,325800105
1591,325800128
1592,325800139
1593,325800144
1594,325800147
1595,325800163
1596,325800172
1597,325800173
1598,325800177
1599,325800185
1600,325800188
1601,325800196
1602,325800223
1603,325800233
1604,325800236
1605,325900000
1606,325900006
1607,325900018
1608,325900025
1609,325900028
1610,325900029
1611,325900033
1612,325900037
1613,325900050
1614,325900052
1615,325900055
1616,325900078
1617,325900083
1618,325900084
1619,325900086
1620,325900089
1621,326000007
1622,326000008
1623,326100001
1624,326100014
1625,326100018
1626,326100019
1627,326300012
1628,326300026
1629,326300028
1630,326500004
1631,326500007
1632,326600006
1633,326600008
1634,326600010
1635,326600011
1636,326600012
1637,326600029
1638,326700020
1639,326700081
1640,326700144
1641,326800028
1642,326800035
1643,326800050
1644,326800056
1645,326800058
1646,326800065
1647,326800066
1648,326800071
1649,326800081
1650,326800095
1651,326900029
1652,327000033
1653,327000036
1654,327000058
1655,327000065
1656,327100017
1657,327100045
1658,327200032
1659,327200033
1660,327300017
1661,327400003
1662,327400014
1663,327400019
1664,327400089
1665,327400135
1666,327400263
1667,327400290
1668,327400292
1669,327500036
1670,327500051
1671,327500058
1672,327500059
1673,327500060
1674,327500083
1675,327500102
1676,327500109
1677,327500112
1678,327500114
1679,327500118
1680,327500120
1681,327500129
1682,327500164
1683,327500170
1684,327500175
1685,327500176
1686,327500178
1687,327500183
1688,327500192
1689,327500195
1690,327500199
1691,327500201
1692,327500205
1693,327500210
1694,327500216
1695,327500217
1696,327500218
1697,327500226
1698,327500229
1699,327500230
1700,327500238
1701,327500242
1702,327600001
1703,327600003
1704,327600014
1705,327600016
1706,327600020
1707,327600027
1708,327600035
1709,327600044
1710,327600051
1711,327600053
1712,327600057
1713,327600060
1714,327600077
1715,327600078
1716,327600091
1717,327600094
1718,327700004
1719,327700005
1720,327700006
1721,327700011
1722,327700028
1723,327800013
1724,327800018
1725,328000043
1726,328000045
1727,328000055
1728,328000078
1729,328000185
1730,328200006
1731,328200072
1732,328300000
1733,328300001
1734,328300132
1735,328400001
1736,328400002
1737,328400006
1738,328500019
1739,328500026
1740,328500036
1741,328600045
1742,328600047
1743,328600050
1744,328600062
1745,328600067
1746,328600071
1747,328700012
1748,328700014
1749,328700016
1750,328700020
1751,328700022
1752,328700024
1753,328700036
1754,328700039
1755,328700043
1756,328700056
1757,328700062
1758,328700063
1759,328700067
1760,328700075
1761,328700084
1762,328700124
1763,328800003
1764,328800006
1765,328800011
1766,328800020
1767,328800023
1768,328800024
1769,328800029
1770,328800031
1771,328800035
1772,328800059
1773,328800066
1774,328800140
1775,328900005
1776,328900012
1777,328900023
1778,328900033
1779,328900045
1780,328900047
1781,328900055
1782,328900060
1783,328900076
1784,328900078
1785,328900081
1786,329000007
1787,329000008
1788,329000016
1789,329000017
1790,329000027
1791,329000037
1792,329000038
1793,329000048
1794,329000050
1795,329000060
1796,329100000
1797,329100019
1798,329100058
1799,329100074
1800,329100101
1801,329100106
1802,329100114
1803,329200009
1804,329200017
1805,329200035
1806,329200036
1807,329200037
1808,329200038
1809,329200043
1810,329200050
1811,329200051
1812,329200085
1813,329200096
1814,329200098
1815,329200115
1816,329200117
1817,329200118
1818,329200124
1819,329200125
1820,329200132
1821,329200136
1822,329200137
1823,329200142
1824,329200145
1825,329200148
1826,329300015
1827,329300019
1828,329300020
1829,329300025
1830,329300032
1831,329300037
1832,329300042
1833,329300045
1834,329300046
1835,329300050
1836,329300051
1837,329300054
1838,329300055
1839,329300056
1840,329300057
1841,329300093
1842,329300105
1843,329400012
1844,329400021
1845,329400029
1846,329400036
1847,329400038
1848,329400040
1849,329500001
1850,329500003
1851,329500014
1852,329500027
1853,329500029
1854,329500042
1855,329600011
1856,329600043
1857,329700003
1858,329700004
1859,329700005
1860,329700008
1861,329700009
1862,329700022
1863,329700023
1864,329700027
1865,329700051
1866,329700057
1867,329700060
1868,329700065
1869,329700072
1870,329800010
1871,329800011
1872,329800021
1873,329800023
1874,329800032
1875,329800041
1876,329900031
1877,329900033
1878,329900034
1879,329900046
1880,329900059
1881,329900064
1882,329900073
1883,329900084
1884,329900086
1885,329900102
1886,329900105
1887,329900115
1888,329900116
1889,329900122
1890,329900128
1891,329900132
1892,330000001
1893,330000002
1894,330000022
1895,330000041
1896,330100002
1897,330100005
1898,330100007
1899,330100024
1900,330100026
1901,330100034
1902,330100035
1903,330100044
1904,330100075
1905,330100088
1906,330100093
1907,330100097
1908,330100100
1909,330100102
1910,330100108
1911,330100117
1912,330100130
1913,330100131
1914,330100136
1915,330100138
1916,330100140
1917,330100169
1918,330100178
1919,330100190
1920,330100203
1921,330100225
1922,330100230
1923,330100239
1924,330100240
1925,330200009
1926,330200012
1927,330200013
1928,330200043
1929,330200063
1930,330200084
1931,330200095
1932,330200096
1933,330200098
1934,330200101
1935,330200102
1936,330300004
1937,330300027
1938,330300043
1939,330300053
1940,330300069
1941,330300083
1942,330300106
1943,330300108
1944,330300123
1945,330300125
1946,330300134
1947,330300135
1948,330300137
1949,330300140
1950,330300145
1951,330300156
1952,330300169
1953,330300171
1954,330300174
1955,330300176
1956,330300178
1957,330300182
1958,330300203
1959,330300245
1960,330400002
1961,330400008
1962,330400009
1963,330400018
1964,330400019
1965,330400048
1966,330400051
1967,330400063
1968,330400082
1969,330400094
1970,330400122
1971,330400124
1972,330400131
1973,330400134
1974,330400140
1975,330400153
1976,330400156
1977,330500013
1978,330600004
1979,330600015
1980,330600020
1981,330600024
1982,330600025
1983,330600026
1984,330600031
1985,330600046
1986,330600054
1987,330600058
1988,330600067
1989,330700027
1990,330700035
1991,330700039
1992,330700052
1993,330800003
1994,330800006
1995,330800011
1996,330800012
1997,330800013
1998,330800017
1999,330800027
2000,330800072
2001,330800073
2002,330900035
2003,330900037
2004,330900046
2005,330900060
2006,330900064
2007,331000048
2008,331000054
2009,331000084
2010,331000093
2011,331000149
2012,331000156
2013,331000166
2014,331000170
2015,331000177
2016,331000182
2017,331000184
2018,331000211
2019,331000214
2020,331000216
2021,331000229
2022,331000231
2023,331000264
2024,331000279
2025,331000285
2026,331000297
2027,331000308
2028,331000320
2029,331000324
2030,331000331
2031,331000332
2032,331000335
2033,331000341
2034,331000346
2035,331000352
2036,331000377
2037,331000387
2038,331000388
2039,331000389
2040,331100004
2041,331100017
2042,331100025
2043,331100027
2044,331100030
2045,331100041
2046,331100048
2047,331100051
2048,331100054
2049,331100056
2050,331100057
2051,331100058
2052,331100059
2053,331100068
2054,331100069
2055,331100071
2056,331100074
2057,331100078
2058,331100079
2059,331100085
2060,331100088
2061,331100092
2062,331100094
2063,331100095
2064,331100096
2065,331100098
2066,331100105
2067,331100114
2068,331100121
2069,331100132
2070,331100137
2071,331200000
2072,331200028
2073,331200038
2074,331200043
2075,331300001
2076,331300007
2077,331300016
2078,331300018
2079,331300020
2080,331300021
2081,331300032
2082,331300036
2083,331300038
2084,331300040
2085,331300044
2086,331400024
2087,331400030
2088,331400034
2089,331500001
2090,331500018
2091,331500049
2092,331700000
2093,331700002
2094,331700004
2095,331700034
2096,331700039
2097,331700040
2098,331700045
2099,331700057
2100,331700105
2101,331700106
2102,331700110
2103,331700115
2104,331700126
2105,331800011
2106,331800013
2107,331800018
2108,332000008
2109,332000016
2110,332000022
2111,332000030
2112,332100037
2113,332100043
2114,332100046
2115,332100062
2116,332100064
2117,332100069
2118,332200001
2119,332200002
2120,332200009
2121,332300000
2122,332300008
2123,332300012
2124,332400009
2125,332500011
2126,332600036
2127,332700020
2128,332700025
2129,332800016
2130,332800018
2131,332900005
2132,332900014
2133,332900039
2134,332900040
2135,332900048
2136,332900065
2137,332900066
2138,333000003
2139,333100005
2140,333100023
2141,333700026
2142,334200009
2143,334900084
2144,334900088
2145,334900089
2146,335000039
2147,335000040
2148,335000047
2149,335000053
2150,335200022
2151,335200026
2152,335200029
2153,335300031
2154,335300040
2155,335300046
2156,335300058
2157,335300059
2158,335300061
2159,335300086
2160,335300093
2161,335300096
2162,335300108
2163,335300112
2164,335300119
2165,335300122
2166,335400000
2167,335400002
2168,335400008
2169,335400009
2170,335400015
2171,335500006
2172,335500011
2173,335500019
2174,335500021
2175,335500033
2176,335500042
2177,335500058
2178,335500061
2179,335600003
2180,335600041
2181,335600049
2182,335600141
2183,335600221
2184,335700001
2185,335700009
2186,335700016
2187,335700021
2188,335700023
2189,335700048
2190,335700049
2191,335700054
2192,335700090
2193,335700101
2194,335700110
2195,335700119
2196,335700120
2197,335700125
2198,335800010
2199,335800011
2200,335800016
2201,335800023
2202,335800081
2203,335800115
2204,335800133
2205,335900011
2206,336000041
2207,336100008
2208,336200001
2209,336300001
2210,336300007
2211,336300014
2212,336300019
2213,336300022
2214,336300029
2215,336400006
2216,336400012
2217,336500030
2218,400100023
2219,400300014
2220,400500036
2221,400600001
2222,400600010
2223,400600011
2224,400600018
2225,400600024
2226,400600050
2227,400600057
2228,400600058
2229,400600060
2230,400600087
2231,400600108
2232,400700091
2233,400800048
2234,400800062
2235,400800081
2236,400800089
2237,400800091
2238,400800137
2239,400800174
2240,400800175
2241,400900005
2242,400900010
2243,400900015
2244,400900019
2245,400900023
2246,400900054
2247,400900076
2248,400900096
2249,400900098
2250,401000001
2251,401000008
2252,401000009
2253,401000010
2254,401000015
2255,401000024
2256,401000025
2257,401000026
2258,401000028
2259,401000029
2260,401000030
2261,401000039
2262,401000046
2263,401000048
2264,401100036
2265,401200004
2266,401200008
2267,401200012
2268,401200017
2269,401200020
2270,401200021
2271,401200028
2272,401200029
2273,401200036
2274,401200046
2275,401200052
2276,401200053
2277,401300019
2278,401300027
2279,401600012
2280,401700007
2281,401700010
2282,401700013
2283,401700018
2284,401700028
2285,401700029
2286,401800056
2287,401900039
2288,401900203
2289,401900209
2290,401900217
2291,401900218
2292,401900223
2293,401900231
2294,402000015
2295,402000017
2296,402000036
2297,402000043
2298,402100079
2299,402200004
2300,402200009
2301,402200014
2302,402200015
2303,402200017
2304,402200026
2305,402200031
2306,402200034
2307,402200095
2308,402200132
2309,402200136
2310,402200137
2311,402200142
2312,402200156
2313,402200178
2314,402500028
2315,402500031
2316,402500045
2317,402500055
2318,402500061
2319,402500082
2320,402500084
2321,402500087
2322,402500089
2323,402500093
2324,402500094
2325,402500096
2326,402500099
2327,402500115
2328,402600016
2329,402600021
2330,402600051
2331,402600066
2332,402700004
2333,402700011
2334,402700027
2335,402700034
2336,402700036
2337,402700051
2338,402700055
2339,402800030
2340,402800036
2341,402800045
2342,402900011
2343,403000017
2344,403000019
2345,403000023
2346,403000026
2347,403000033
2348,403000034
2349,403000037
2350,403000048
2351,403000051
2352,403000056
2353,403000113
2354,403100003
2355,403100013
2356,403100014
2357,403100035
2358,406100007
2359,406100010
2360,406100016
2361,406100027
2362,406100029
2363,406100039
2364,406100040
2365,406100047
2366,406100059
2367,406200002
2368,406200036
2369,406200038
2370,406200050
2371,406200066
2372,406200090
2373,406300000
2374,406300017
2375,406300019
2376,406300024
2377,406300028
2378,406300034
2379,406300041
2380,406300043
2381,406300045
2382,406300058
2383,406300060
2384,406300065
2385,406300066
2386,406300075
2387,406300086
2388,406300098
2389,406400002
2390,406400006
2391,406400007
2392,406400081
2393,406400088
2394,406400108
2395,406400123
2396,406500009
2397,406500014
2398,406500015
2399,406500028
2400,406500032
2401,406500058
2402,406500061
2403,406500067
2404,406500073
2405,406600005
2406,406600012
2407,406600015
2408,406600024
2409,406600030
2410,406600045
2411,406600065
2412,406600069
2413,406700000
2414,406700001
2415,406700007
2416,406700008
2417,406700011
2418,406700012
2419,406700042
2420,406700049
2421,406700050
2422,406700052
2423,406700055
2424,406700056
2425,406800011
2426,406800021
2427,406800028
2428,406800034
2429,406800035
2430,406800037
2431,406800040
2432,406800049
2433,406800059
2434,406800098
2435,406800138
2436,406900002
2437,406900005
2438,406900006
2439,406900007
2440,406900014
2441,406900019
2442,406900029
2443,406900030
2444,406900031
2445,406900035
2446,406900036
2447,406900037
2448,406900040
2449,406900047
2450,406900048
2451,406900049
2452,406900051
2453,406900053
2454,406900057
2455,406900065
2456,406900067
2457,406900068
2458,406900070
2459,406900073
2460,406900078
2461,406900080
2462,406900082
2463,406900083
2464,406900088
2465,406900091
2466,406900093
2467,406900096
2468,406900098
2469,406900099
2470,407000000
2471,407000004
2472,407000005
2473,407000007
2474,407000009
2475,407000011
2476,407000017
2477,407000018
2478,407000020
2479,407000023
2480,407000024
2481,407000033
2482,407000034
2483,407000040
2484,407000052
2485,407000056
2486,407000061
2487,407000065
2488,407000069
2489,407000072
2490,407000077
2491,407000085
2492,407000089
2493,407000091
2494,407000094
2495,407000096
2496,407100001
2497,407100002
2498,407100004
2499,407100005
2500,407100006
2501,407100009
2502,407100011
2503,407100025
2504,407100031
2505,407100035
2506,407100045
2507,407100051
2508,407100058
2509,407100060
2510,407100061
2511,407100069
2512,407100071
2513,407100081
2514,407100084
2515,407100085
2516,407100100
2517,407100102
2518,407100115
2519,407100146
2520,407100191
2521,407100202
2522,407100203
2523,407100207
2524,407100208
2525,407100209
2526,407100211
2527,407100217
2528,407100231
2529,407100243
2530,407100244
2531,407200000
2532,407200001
2533,407200006
2534,407200007
2535,407200009
2536,407200010
2537,407200014
2538,407200016
2539,407200020
2540,407200040
2541,407200041
2542,407200055
2543,407200057
2544,407200058
2545,407200065
2546,407200067
2547,407200070
2548,407200073
2549,407200076
2550,407200083
2551,407200084
2552,407200091
2553,407200092
2554,407200095
2555,407200096
2556,407200098
2557,407200114
2558,407300000
2559,407300009
2560,407300013
2561,407300020
2562,407300022
2563,407300028
2564,407300032
2565,407300033
2566,407300038
2567,407300052
2568,407300059
2569,407300066
2570,407300068
2571,407300071
2572,407400008
2573,407400012
2574,407400014
2575,407400015
2576,407400016
2577,407400017
2578,407400018
2579,407400022
2580,407400024
2581,407400027
2582,407400031
2583,407400043
2584,407400046
2585,407400047
2586,407400064
2587,407400080
2588,407400087
2589,407400096
2590,407400108
2591,407500001
2592,407500004
2593,407500014
2594,407500022
2595,407500029
2596,407500030
2597,407500049
2598,407500055
2599,407500058
2600,407500060
2601,407500063
2602,407500068
2603,407500076
2604,407500080
2605,407500087
2606,407500098
2607,407500100
2608,407500101
2609,407500102
2610,407500104
2611,407500107
2612,407500114
2613,407500121
2614,407500122
2615,407500140
2616,407500146
2617,407500150
2618,407500152
2619,407500156
2620,407500157
2621,407500162
2622,407500174
2623,407500178
2624,407500180
2625,407500190
2626,407500196
2627,407500201
2628,407500202
2629,407500205
2630,407500206
2631,407600002
2632,407600009
2633,407600019
2634,407600020
2635,407600022
2636,407600023
2637,407600025
2638,407600031
2639,407600036
2640,407600040
2641,407600041
2642,407600061
2643,407600067
2644,407600069
2645,407600071
2646,407600075
2647,407600077
2648,407600083
2649,407600084
2650,407600085
2651,407600087
2652,407600089
2653,407600093
2654,407600112
2655,407600113
2656,407600114
2657,407600125
2658,407600134
2659,407600136
2660,407600141
2661,407700003
2662,407700005
2663,407700008
2664,407700011
2665,407700013
2666,407700014
2667,407700017
2668,407700035
2669,407700036
2670,407700037
2671,407700040
2672,407700042
2673,407700043
2674,407700045
2675,407700052
2676,407700054
2677,407700056
2678,407700068
2679,407700075
2680,407700076
2681,407700083
2682,407700084
2683,407700089
2684,407700094
2685,407700097
2686,407700103
2687,407700106
2688,407700107
2689,407700109
2690,407700111
2691,407700112
2692,407700116
2693,407700119
2694,407700120
2695,407700122
2696,407700127
2697,407700130
2698,407700136
2699,407700137
2700,407700138
2701,407800004
2702,407800007
2703,407800016
2704,407800018
2705,407800020
2706,407800026
2707,407800034
2708,407800038
2709,407800041
2710,407800044
2711,407800054
2712,407800055
2713,407800057
2714,407800064
2715,407800084
2716,407800091
2717,407900001
2718,407900003
2719,407900004
2720,407900007
2721,407900011
2722,407900025
2723,407900027
2724,407900030
2725,407900033
2726,407900034
2727,407900040
2728,407900048
2729,407900053
2730,407900054
2731,407900059
2732,407900064
2733,407900076
2734,407900080
2735,407900092
2736,407900093
2737,407900101
2738,407900102
2739,407900103
2740,407900104
2741,407900105
2742,407900107
2743,407900110
2744,407900114
2745,407900116
2746,407900118
2747,407900126
2748,407900130
2749,407900132
2750,407900134
2751,407900137
2752,407900141
2753,407900147
2754,407900148
2755,407900150
2756,407900153
2757,407900155
2758,408000002
2759,408000007
2760,408000010
2761,408000014
2762,408000015
2763,408000016
2764,408000027
2765,408000031
2766,408000033
2767,408000038
2768,408000040
2769,408000042
2770,408000043
2771,408000056
2772,408000061
2773,408000068
2774,408000069
2775,408000071
2776,408000072
2777,408000073
2778,408000078
2779,408000080
2780,408000084
2781,408000085
2782,408000086
2783,408000092
2784,408000095
2785,408000096
2786,408000107
2787,408000108
2788,408000110
2789,408000111
2790,408000113
2791,408000115
2792,408000123
2793,408000126
2794,408000131
2795,408000147
2796,408000149
2797,408000152
2798,408000154
2799,408000159
2800,408000164
2801,408100005
2802,408100012
2803,408100013
2804,408100015
2805,408100016
2806,408100019
2807,408100020
2808,408100023
2809,408100024
2810,408100027
2811,408100028
2812,408100030
2813,408100031
2814,408100038
2815,408100041
2816,408100044
2817,408100055
2818,408100064
2819,408100065
2820,408100070
2821,408100072
2822,408100074
2823,408100086
2824,408100088
2825,408100091
2826,408100100
2827,408100102
2828,408100103
2829,408100108
2830,408100111
2831,408200005
2832,408200006
2833,408200008
2834,408200011
2835,408200013
2836,408200015
2837,408200017
2838,408200027
2839,408200042
2840,408200051
2841,408200073
2842,408200074
2843,408200075
2844,408200079
2845,408200082
2846,408200084
2847,408200085
2848,408200086
2849,408200090
2850,408200093
2851,408200095
2852,408200097
2853,408200101
2854,408200105
2855,408200111
2856,408200113
2857,408200115
2858,408200116
2859,408200118
2860,408200126
2861,408200128
2862,408200129
2863,408200130
2864,408200132
2865,408200133
2866,408200143
2867,408200147
2868,408200152
2869,408200154
2870,408200156
2871,408200158
2872,408200160
2873,408200166
2874,408200171
2875,408200177
2876,408200178
2877,408200194
2878,408200195
2879,408200198
2880,408200201
2881,408200202
2882,408200205
2883,408200210
2884,408200216
2885,408200222
2886,408200223
2887,408200224
2888,408200229
2889,408200234
2890,408200238
2891,408200240
2892,408200242
2893,408200246
2894,408200251
2895,408200254
2896,408200255
2897,408300022
2898,408300024
2899,408300025
2900,408300026
2901,408300027
2902,408300031
2903,408300034
2904,408300035
2905,408300039
2906,408300045
2907,408300047
2908,408300053
2909,408300054
2910,408300055
2911,408300056
2912,408300057
2913,408300060
2914,408300061
2915,408300062
2916,408300064
2917,408300067
2918,408300068
2919,408300070
2920,408300074
2921,408300075
2922,408300077
2923,408300078
2924,408300082
2925,408300104
2926,408300109
2927,408300115
2928,408300119
2929,408300123
2930,408300127
2931,408300136
2932,408300143
2933,408300146
2934,408400005
2935,408400015
2936,408400019
2937,408400021
2938,408400022
2939,408400028
2940,408400032
2941,408400039
2942,408400055
2943,408400063
2944,408400068
2945,408400072
2946,408400073
2947,408400077
2948,408400079
2949,408400080
2950,408400081
2951,408400083
2952,408400085
2953,408400086
2954,408400089
2955,408400090
2956,408400100
2957,408400101
2958,408400145
2959,408500029
2960,408500030
2961,408500032
2962,408500034
2963,408500059
2964,408500072
2965,408500073
2966,408500075
2967,408500077
2968,408500096
2969,408500101
2970,408500103
2971,408500104
2972,408500106
2973,408500125
2974,408500134
2975,408500138
2976,408500152
2977,408500168
2978,408500175
2979,408500183
2980,408500184
2981,408500187
2982,408500189
2983,408500208
2984,408500211
2985,408500212
2986,408500218
2987,408500220
2988,408500222
2989,408500225
2990,408500228
2991,408500230
2992,408500233
2993,408500236
2994,408500241
2995,408500243
2996,408500259
2997,408500263
2998,408500265
2999,408500270
3000,408500271
3001,408500272
3002,408500273
3003,408500277
3004,408500280
3005,408500281
3006,408500283
3007,408500292
3008,408500294
3009,408500301
3010,408500302
3011,408500306
3012,408500307
3013,408500314
3014,408500317
3015,408500324
3016,408500325
3017,408500333
3018,408500334
3019,408500339
3020,408500340
3021,408500341
3022,408500350
3023,408500351
3024,408500354
3025,408500356
3026,408500357
3027,408500358
3028,408500365
3029,408500367
3030,408500371
3031,408500373
3032,408500376
3033,408500377
3034,408500378
3035,408500383
3036,408500388
3037,408500389
3038,408500395
3039,408500408
3040,408500410
3041,408500413
3042,408500458
3043,408500492
3044,408500502
3045,408500511
3046,408500512
3047,408500533
3048,408500564
3049,408500572
3050,408500573
3051,408500575
3052,408500598
3053,408500604
3054,408500610
3055,408500614
3056,408500635
3057,408500637
3058,408500641
3059,408500648
3060,408500651
3061,408500654
3062,408500673
3063,408500692
3064,408500693
3065,408500695
3066,408500696
3067,408500698
3068,408500700
3069,408500702
3070,408500704
3071,408500705
3072,408500711
3073,408500713
3074,408500715
3075,408500716
3076,408500720
3077,408500724
3078,408500731
3079,408500732
3080,408500737
3081,408500740
3082,408500742
3083,408500761
3084,408500763
3085,408500766
3086,408500769
3087,408500770
3088,408500778
3089,408500779
3090,408500783
3091,408500790
3092,408500792
3093,408500795
3094,408500808
3095,408500809
3096,408500816
3097,408500823
3098,408500825
3099,408500827
3100,408500828
3101,408500831
3102,408500832
3103,408500841
3104,408500842
3105,408500843
3106,408500848
3107,408500852
3108,408500860
3109,408500868
3110,408500876
3111,408500880
3112,408500881
3113,408500886
3114,408500889
3115,408500891
3116,408500892
3117,408500895
3118,408500898
3119,408500901
3120,408500909
3121,408500911
3122,408500914
3123,408500925
3124,408500926
3125,408500927
3126,408500929
3127,408500930
3128,408500931
3129,408500932
3130,408500935
3131,408500940
3132,408500941
3133,408500956
3134,408500957
3135,408500960
3136,408500962
3137,408500966
3138,408500968
3139,408500971
3140,408500975
3141,408500995
3142,408500997
3143,408501000
3144,408600000
3145,408600010
3146,408600013
3147,408600015
3148,408600016
3149,408600020
3150,408600022
3151,408600023
3152,408600026
3153,408600027
3154,408600031
3155,408600034
3156,408600040
3157,408600041
3158,408600042
3159,408600043
3160,408600047
3161,408600048
3162,408600050
3163,408600051
3164,408600052
3165,408600056
3166,408600057
3167,408600059
3168,408600060
3169,408600067
3170,408600072
3171,408600080
3172,408600081
3173,408600086
3174,408600095
3175,408600096
3176,408600100
3177,408600101
3178,408600105
3179,408600112
3180,408600113
3181,408600115
3182,408600136
3183,408600137
3184,408600140
3185,408600141
3186,408600149
3187,408600151
3188,408600156
3189,408600160
3190,408600161
3191,408700044
3192,408700063
3193,408700065
3194,408700066
3195,408700067
3196,408700068
3197,408700069
3198,408700072
3199,408700075
3200,408700078
3201,408700080
3202,408700085
3203,408700086
3204,408700087
3205,408700088
3206,408700093
3207,408700094
3208,408700102
3209,408800007
3210,408800020
3211,408800024
3212,408800025
3213,408800032
3214,408800033
3215,408800034
3216,408800035
3217,408800039
3218,408800058
3219,408800061
3220,408800062
3221,408900006
3222,408900008
3223,408900014
3224,408900019
3225,408900022
3226,408900026
3227,408900027
3228,408900029
3229,408900039
3230,408900043
3231,408900044
3232,408900046
3233,408900050
3234,408900059
3235,408900062
3236,408900063
3237,408900075
3238,408900090
3239,408900092
3240,408900100
3241,408900111
3242,408900112
3243,408900113
3244,408900117
3245,408900126
3246,408900129
3247,408900131
3248,408900134
3249,408900135
3250,408900137
3251,408900138
3252,409000001
3253,409000082
3254,409000088
3255,409000128
3256,409000248
3257,409000273
3258,409000309
3259,409000319
3260,409000405
3261,409000431
3262,409000434
3263,409000435
3264,409000437
3265,409000443
3266,409000444
3267,409000449
3268,409000450
3269,409000453
3270,409000462
3271,409000463
3272,409000469
3273,409100009
3274,409100010
3275,409100021
3276,409100042
3277,409100044
3278,409100045
3279,409100051
3280,409100054
3281,409100056
3282,409100062
3283,409100063
3284,409100070
3285,409100077
3286,409100080
3287,409100085
3288,409100087
3289,409100092
3290,409100100
3291,409100106
3292,409100107
3293,409100120
3294,409100159
3295,409200021
3296,409200045
3297,409200050
3298,409200052
3299,409200060
3300,409200064
3301,409200070
3302,409200073
3303,409200074
3304,409200081
3305,409200083
3306,409200089
3307,409200092
3308,409200096
3309,409200100
3310,409200102
3311,409200113
3312,409200114
3313,409200116
3314,409200118
3315,409200146
3316,409200147
3317,409200150
3318,409200151
3319,409200156
3320,409200158
3321,409200162
3322,409200167
3323,409200172
3324,409200181
3325,409200192
3326,409200214
3327,409200215
3328,409200217
3329,409200218
3330,409200221
3331,409200224
3332,409200228
3333,409200232
3334,409200235
3335,409200242
3336,409200247
3337,409300002
3338,409300004
3339,409300005
3340,409300009
3341,409300016
3342,409300017
3343,409300020
3344,409300021
3345,409300034
3346,409300037
3347,409300038
3348,409300041
3349,409300046
3350,409300049
3351,409300050
3352,409300051
3353,409300052
3354,409300058
3355,409300059
3356,409300061
3357,409300062
3358,409300064
3359,409300069
3360,409300071
3361,409300076
3362,409300077
3363,409300078
3364,409300079
3365,409300094
3366,409300187
3367,409400085
3368,409500005
3369,409500008
3370,409500011
3371,409500016
3372,409500018
3373,409500022
3374,409500026
3375,409500029
3376,409500035
3377,409500039
3378,409500050
3379,409500053
3380,409500059
3381,409500063
3382,409500065
3383,409500078
3384,409500079
3385,409500084
3386,409500085
3387,409500092
3388,409500094
3389,409500098
3390,409500099
3391,409500104
3392,409500106
3393,409500107
3394,409500109
3395,409500116
3396,409500117
3397,409500118
3398,409500123
3399,409500125
3400,409500126
3401,409500127
3402,409500129
3403,409500135
3404,409500137
3405,409500138
3406,409500139
3407,409500148
3408,409500149
3409,409500150
3410,409500151
3411,409500154
3412,409500155
3413,409500160
3414,409500163
3415,409500166
3416,409500167
3417,409500175
3418,409500176
3419,409500185
3420,409500188
3421,409500193
3422,409500196
3423,409500198
3424,409500199
3425,409500207
3426,409500216
3427,409500220
3428,409500225
3429,409500227
3430,409500228
3431,409500232
3432,409500233
3433,409500236
3434,409500237
3435,409500238
3436,409500242
3437,409500249
3438,409500260
3439,409500263
3440,409500268
3441,409500270
3442,409500275
3443,409500276
3444,409500278
3445,409500282
3446,409500286
3447,409500288
3448,409500290
3449,409500296
3450,409500298
3451,409500303
3452,409500312
3453,409500313
3454,409500316
3455,409500322
3456,409500324
3457,409500326
3458,409500331
3459,409500335
3460,409500349
3461,409500351
3462,409500357
3463,409500362
3464,409500363
3465,409500364
3466,409500379
3467,409500381
3468,409500388
3469,409600004
3470,409600013
3471,409600016
3472,409600019
3473,409600023
3474,409600029
3475,409600032
3476,409600038
3477,409600041
3478,409600050
3479,409600063
3480,409600064
3481,409600075
3482,409600078
3483,409600084
3484,409600085
3485,409600087
3486,409600090
3487,409600092
3488,409600100
3489,409600105
3490,409600107
3491,409600109
3492,409600111
3493,409600112
3494,409600114
3495,409600120
3496,409600121
3497,409600123
3498,409600124
3499,409600125
3500,409600129
3501,409600133
3502,409600134
3503,409600145
3504,409600147
3505,409600149
3506,409600150
3507,409600154
3508,409700026
3509,409700042
3510,409700045
3511,409700060
3512,409700063
3513,409700069
3514,409700072
3515,409700074
3516,409700079
3517,409700081
3518,409700087
3519,409800016
3520,409800022
3521,409800030
3522,409800033
3523,409800039
3524,409800040
3525,409800053
3526,409800056
3527,409900003
3528,409900025
3529,409900028
3530,409900036
3531,409900039
3532,409900040
3533,409900041
3534,409900042
3535,409900048
3536,409900049
3537,409900050
3538,409900053
3539,409900057
3540,409900061
3541,409900067
3542,409900072
3543,409900080
3544,409900090
3545,409900115
3546,409900117
3547,409900124
3548,409900128
3549,409900139
3550,409900148
3551,409900149
3552,409900150
3553,410000003
3554,410000007
3555,410000010
3556,410000011
3557,410000014
3558,410000020
3559,410000029
3560,410000036
3561,410000037
3562,410000040
3563,410000043
3564,410000044
3565,410000046
3566,410000049
3567,410000056
3568,410000061
3569,410000073
3570,410000081
3571,410000089
3572,410000092
3573,410000102
3574,410000105
3575,410000116
3576,410000126
3577,410000129
3578,410000139
3579,410000140
3580,410000177
3581,410000189
3582,410000191
3583,410000192
3584,410000197
3585,410000200
3586,410000202
3587,410000204
3588,410000210
3589,410000213
3590,410000214
3591,410000217
3592,410000219
3593,410000223
3594,410000226
3595,410000227
3596,410000236
3597,410000237
3598,410000244
3599,410000245
3600,410000246
3601,410000247
3602,410000249
3603,410000251
3604,410000252
3605,410000254
3606,410000257
3607,410000260
3608,410000264
3609,410000265
3610,410000267
3611,410000274
3612,410000279
3613,410000284
3614,410000285
3615,410000288
3616,410000290
3617,410000291
3618,410000293
3619,410000304
3620,410000308
3621,410000309
3622,410000310
3623,410000311
3624,410000312
3625,410000319
3626,410000324
3627,410000325
3628,410000329
3629,410000331
3630,410000332
3631,410000333
3632,410000336
3633,410100011
3634,410100025
3635,410100027
3636,410100031
3637,410100039
3638,410100049
3639,410100059
3640,410100077
3641,410100083
3642,410100087
3643,410100089
3644,410100094
3645,410100096
3646,410100100
3647,410100107
3648,410100110
3649,410100111
3650,410100114
3651,410100116
3652,410100125
3653,410100126
3654,410100128
3655,410100129
3656,410100133
3657,410100135
3658,410100137
3659,410100140
3660,410100141
3661,410100142
3662,410100149
3663,410100152
3664,410100167
3665,410100168
3666,410100169
3667,410100170
3668,410100173
3669,410100175
3670,410100178
3671,410100180
3672,410100182
3673,410100195
3674,410100198
3675,410200015
3676,410200017
3677,410200018
3678,410200020
3679,410200029
3680,410200032
3681,410200050
3682,410200055
3683,410200064
3684,410200080
3685,410300003
3686,410300013
3687,410300015
3688,410300016
3689,410300021
3690,410300028
3691,410300031
3692,410300032
3693,410300035
3694,410300068
3695,410300117
3696,410400032
3697,410400079
3698,410400091
3699,410400100
3700,410400104
3701,410400105
3702,410400107
3703,410400110
3704,410400111
3705,410400123
3706,410400126
3707,410400130
3708,410400134
3709,410400135
3710,410400140
3711,410400141
3712,410400150
3713,410400154
3714,410500001
3715,410500002
3716,410500022
3717,410500025
3718,410500031
3719,410500033
3720,410500042
3721,410500045
3722,410500051
3723,410500062
3724,410500065
3725,410500069
3726,410500075
3727,410500082
3728,410500092
3729,410500094
3730,410500105
3731,410500108
3732,410500121
3733,410500124
3734,410500126
3735,410500135
3736,410500145
3737,410500147
3738,410500168
3739,410500172
3740,410500176
3741,410500177
3742,410500179
3743,410500183
3744,410500193
3745,410500194
3746,410500195
3747,410500198
3748,410500199
3749,410500200
3750,410500206
3751,410500217
3752,410500230
3753,410500232
3754,410500242
3755,410500251
3756,410500252
3757,410500257
3758,410500260
3759,410500261
3760,410500263
3761,410500277
3762,410500291
3763,410500296
3764,410500299
3765,410500303
3766,410500315
3767,410500325
3768,410500333
3769,410500341
3770,410500347
3771,410500363
3772,410500369
3773,410500370
3774,410500374
3775,410500376
3776,410500377
3777,410500384
3778,410600003
3779,410600009
3780,410600026
3781,410600029
3782,410600040
3783,410600053
3784,410600056
3785,410600061
3786,410600071
3787,410600075
3788,410600077
3789,410600079
3790,410600082
3791,410600092
3792,410600097
3793,410600099
3794,410600104
3795,410600106
3796,410600128
3797,410600134
3798,410600142
3799,410600147
3800,410600148
3801,410600167
3802,410600199
3803,410600234
3804,410600239
3805,410600252
3806,410600254
3807,410600257
3808,410600259
3809,410600261
3810,410600262
3811,410600275
3812,410600281
3813,410600285
3814,410600295
3815,410600300
3816,410600306
3817,410600308
3818,410600309
3819,410600316
3820,410600317
3821,410600319
3822,410600323
3823,410700017
3824,410700023
3825,410700026
3826,410700040
3827,410700045
3828,410700051
3829,410700052
3830,410700053
3831,410700056
3832,410700057
3833,410700058
3834,410700059
3835,410700060
3836,410700068
3837,410700080
3838,410700081
3839,410700094
3840,410700113
3841,410700117
3842,410700118
3843,410700119
3844,410700127
3845,410700128
3846,410700131
3847,410700140
3848,410700143
3849,410700145
3850,410700152
3851,410700167
3852,410700172
3853,410700179
3854,410700181
3855,410700186
3856,410700190
3857,410700199
3858,410700200
3859,410700207
3860,410700211
3861,410700215
3862,410700227
3863,410700240
3864,410700242
3865,410700243
3866,410700244
3867,410700250
3868,410700252
3869,410700254
3870,410700256
3871,410700261
3872,410700271
3873,410700277
3874,410700281
3875,410700282
3876,410700283
3877,410700284
3878,410700291
3879,410700305
3880,410700322
3881,410700327
3882,410700330
3883,410700331
3884,410700332
3885,410700337
3886,410700341
3887,410700348
3888,410700349
3889,410700350
3890,410700352
3891,410700355
3892,410700356
3893,410700372
3894,410700375
3895,410700378
3896,410700381
3897,410700382
3898,410700387
3899,410700396
3900,410700397
3901,410700399
3902,410700401
3903,410700404
3904,410700415
3905,410700416
3906,410700418
3907,410700419
3908,410700420
3909,410700425
3910,410700426
3911,410700429
3912,410700432
3913,410700434
3914,410700435
3915,410700436
3916,410700438
3917,410700442
3918,410700443
3919,410700445
3920,410700446
3921,410700447
3922,410700450
3923,410700451
3924,410700454
3925,410700455
3926,410700460
3927,410700462
3928,410700468
3929,410700470
3930,410700472
3931,410700479
3932,410700482
3933,410700483
3934,410700488
3935,410700489
3936,410700492
3937,410700494
3938,410700499
3939,410700504
3940,410700506
3941,410700513
3942,410700514
3943,410700516
3944,410700517
3945,410700518
3946,410700519
3947,410700522
3948,410700526
3949,410700533
3950,410800000
3951,410800005
3952,410800017
3953,410800020
3954,410800031
3955,410800035
3956,410800039
3957,410800045
3958,410800046
3959,410800048
3960,410800049
3961,410800050
3962,410800053
3963,410800054
3964,410800076
3965,410800077
3966,410800081
3967,410800083
3968,410800085
3969,410800090
3970,410800092
3971,410800094
3972,410800099
3973,410800107
3974,410800110
3975,410800113
3976,410900007
3977,410900012
3978,410900016
3979,410900017
3980,410900027
3981,410900035
3982,410900038
3983,410900040
3984,410900053
3985,410900055
3986,410900059
3987,410900068
3988,410900072
3989,410900074
3990,410900075
3991,410900078
3992,410900080
3993,410900081
3994,410900083
3995,410900084
3996,410900085
3997,410900086
3998,410900088
3999,410900089
4000,410900091
4001,410900093
4002,410900095
4003,410900097
4004,410900100
4005,410900104
4006,410900107
4007,410900111
4008,410900113
4009,410900116
4010,410900117
4011,410900118
4012,410900124
4013,410900125
4014,410900126
4015,410900127
4016,410900130
4017,410900138
4018,410900139
4019,410900140
4020,410900141
4021,410900142
4022,410900147
4023,410900171
4024,410900184
4025,410900186
4026,410900187
4027,410900195
4028,410900201
4029,410900202
4030,410900203
4031,410900209
4032,411000002
4033,411000015
4034,411000024
4035,411000033
4036,411000034
4037,411000041
4038,411000057
4039,411000068
4040,411000075
4041,411000078
4042,411000081
4043,411000092
4044,411000098
4045,411000102
4046,411000103
4047,411000107
4048,411000138
4049,411000143
4050,411000145
4051,411000146
4052,411000151
4053,411000155
4054,411000166
4055,411000173
4056,411000176
4057,411000184
4058,411000185
4059,411000192
4060,411000194
4061,411000205
4062,411000206
4063,411000207
4064,411000217
4065,411000218
4066,411000222
4067,411000227
4068,411000229
4069,411000230
4070,411000231
4071,411000238
4072,411100011
4073,411100018
4074,411100032
4075,411100034
4076,411100041
4077,411100042
4078,411100043
4079,411100045
4080,411100048
4081,411100049
4082,411100061
4083,411100062
4084,411100063
4085,411100065
4086,411100070
4087,411100072
4088,411100077
4089,411100080
4090,411100087
4091,411100089
4092,411100092
4093,411100093
4094,411100094
4095,411100097
4096,411100098
4097,411100102
4098,411100106
4099,411100108
4100,411100115
4101,411100122
4102,411100126
4103,411200001
4104,411200005
4105,411200006
4106,411200012
4107,411200019
4108,411200022
4109,411200026
4110,411200028
4111,411200029
4112,411200035
4113,411200038
4114,411200049
4115,411200050
4116,411200056
4117,411200057
4118,411200062
4119,411200063
4120,411200064
4121,411200066
4122,411200067
4123,411200069
4124,411200092
4125,411200095
4126,411200106
4127,411200110
4128,411200111
4129,411200113
4130,411200116
4131,411200118
4132,411200119
4133,411200126
4134,411200139
4135,411200140
4136,411200145
4137,411200147
4138,411200152
4139,411200156
4140,411200166
4141,411200167
4142,411200169
4143,411200176
4144,411200179
4145,411200180
4146,411200181
4147,411200182
4148,411200184
4149,411200185
4150,411200189
4151,411200218
4152,411200219
4153,411200224
4154,411200230
4155,411200232
4156,411200234
4157,411200236
4158,411200237
4159,411200238
4160,411200239
4161,411200248
4162,411200257
4163,411200259
4164,411200261
4165,411200265
4166,411200267
4167,411200268
4168,411200269
4169,411200277
4170,411200280
4171,411200282
4172,411200291
4173,411200299
4174,411200300
4175,411200302
4176,411200307
4177,411200310
4178,411200311
4179,411200313
4180,411200314
4181,411200317
4182,411200319
4183,411200320
4184,411200321
4185,411200322
4186,411200330
4187,411300000
4188,411300004
4189,411300005
4190,411300010
4191,411300017
4192,411300018
4193,411300024
4194,411300025
4195,411300028
4196,411300029
4197,411300034
4198,411300035
4199,411300037
4200,411300040
4201,411300047
4202,411300053
4203,411300054
4204,411300056
4205,411300061
4206,411300065
4207,411300066
4208,411300070
4209,411300072
4210,411300075
4211,411300077
4212,411300080
4213,411300081
4214,411300082
4215,411300084
4216,411300086
4217,411300088
4218,411300097
4219,411300100
4220,411300120
4221,411300126
4222,411300128
4223,411300129
4224,411300133
4225,411300135
4226,411300138
4227,411300140
4228,411300142
4229,411300144
4230,411300146
4231,411300153
4232,411300157
4233,411300159
4234,411300163
4235,411300164
4236,411300174
4237,411300176
4238,411300178
4239,411300182
4240,411300183
4241,411300184
4242,411300185
4243,411300187
4244,411300188
4245,411300189
4246,411300191
4247,411400005
4248,411400007
4249,411400008
4250,411400013
4251,411400014
4252,411400015
4253,411400021
4254,411400024
4255,411400025
4256,411400029
4257,411400030
4258,411400037
4259,411400038
4260,411400039
4261,411400045
4262,411400047
4263,411400049
4264,411400050
4265,411400051
4266,411400055
4267,411400057
4268,411400058
4269,411400060
4270,411400061
4271,411400062
4272,411400066
4273,411400071
4274,411400074
4275,411400076
4276,411400077
4277,411400078
4278,411400079
4279,411400086
4280,411400088
4281,411400090
4282,411400091
4283,411400092
4284,411400097
4285,411400100
4286,411400102
4287,411400103
4288,411400104
4289,411400107
4290,411400108
4291,411400110
4292,411400112
4293,411400115
4294,411400116
4295,411400120
4296,411400121
4297,411400123
4298,411400124
4299,411400127
4300,411400130
4301,411400132
4302,411400133
4303,411400138
4304,411400139
4305,411400140
4306,411400144
4307,411400151
4308,411400154
4309,411400157
4310,411400158
4311,411400164
4312,411400175
4313,411400184
4314,411400189
4315,411400190
4316,411400191
4317,411400200
4318,411400204
4319,411400212
4320,411400216
4321,411400218
4322,411400223
4323,411400225
4324,411400228
4325,411400230
4326,411400231
4327,411400232
4328,411400235
4329,411400239
4330,411400243
4331,411400252
4332,411400253
4333,411400258
4334,411400263
4335,411400264
4336,411400267
4337,411400268
4338,411400271
4339,411400272
4340,411400281
4341,411400283
4342,411400284
4343,411400285
4344,411400287
4345,411400306
4346,411400310
4347,411400319
4348,411400320
4349,411400321
4350,411400322
4351,411400326
4352,411400331
4353,411400333
4354,411400335
4355,411400337
4356,411400339
4357,411400343
4358,411400344
4359,411400345
4360,411400352
4361,411400355
4362,411400357
4363,411400361
4364,411400364
4365,411400372
4366,411400374
4367,411400381
4368,411500003
4369,411500006
4370,411500014
4371,411500019
4372,411500026
4373,411500028
4374,411500029
4375,411500030
4376,411500033
4377,411500038
4378,411500039
4379,411500041
4380,411500047
4381,411500048
4382,411500050
4383,411500052
4384,411500055
4385,411500076
4386,411500078
4387,411500083
4388,411500086
4389,411500088
4390,411500089
4391,411500091
4392,411500094
4393,411500098
4394,411500102
4395,411500111
4396,411500114
4397,411500116
4398,411500117
4399,411500119
4400,411500126
4401,411500128
4402,411500130
4403,411500131
4404,411500134
4405,411500135
4406,411500143
4407,411500145
4408,411500151
4409,411500153
4410,411500154
4411,411500157
4412,411500159
4413,411500160
4414,411500161
4415,411500168
4416,411500170
4417,411500171
4418,411500176
4419,411500177
4420,411500179
4421,411500181
4422,411500182
4423,411500186
4424,411500187
4425,411500188
4426,411500191
4427,411500192
4428,411500195
4429,411500196
4430,411500198
4431,411500204
4432,411500205
4433,411500210
4434,411500211
4435,411500215
4436,411500216
4437,411500220
4438,411500224
4439,411500227
4440,411500229
4441,411500231
4442,411500239
4443,411500240
4444,411500250
4445,411500252
4446,411500255
4447,411500261
4448,411500262
4449,411500263
4450,411500265
4451,411500271
4452,411500274
4453,411500277
4454,411500278
4455,411500282
4456,411500298
4457,411500301
4458,411500312
4459,411500313
4460,411500319
4461,411500321
4462,411500322
4463,411500323
4464,411500330
4465,411500340
4466,411500348
4467,411500353
4468,411500356
4469,411500362
4470,411500365
4471,411500369
4472,411500370
4473,411500372
4474,411500374
4475,411500376
4476,411500380
4477,411500382
4478,411500384
4479,411500391
4480,411500395
4481,411500398
4482,411500410
4483,411500417
4484,411500424
4485,411500425
4486,411500439
4487,411500441
4488,411500444
4489,411500446
4490,411500453
4491,411500454
4492,411500455
4493,411500466
4494,411500470
4495,411500473
4496,411500476
4497,411500478
4498,411600003
4499,411600004
4500,411600005
4501,411600011
4502,411600014
4503,411600016
4504,411600024
4505,411600026
4506,411600034
4507,411600035
4508,411600048
4509,411600052
4510,411600064
4511,411600065
4512,411600066
4513,411600073
4514,411600082
4515,411600095
4516,411600099
4517,411600101
4518,411600103
4519,411600113
4520,411600119
4521,411600127
4522,411600129
4523,411600133
4524,411600140
4525,411600144
4526,411600146
4527,411600147
4528,411600153
4529,411600156
4530,411600158
4531,411600163
4532,411600164
4533,411600165
4534,411600167
4535,411600171
4536,411600175
4537,411600176
4538,411700001
4539,411700021
4540,411700027
4541,411700029
4542,411700032
4543,411700037
4544,411700044
4545,411700045
4546,411700046
4547,411700048
4548,411700053
4549,411700054
4550,411700059
4551,411700061
4552,411700062
4553,411700069
4554,411700073
4555,411700080
4556,411700084
4557,411700089
4558,411700092
4559,411700095
4560,411700100
4561,411700103
4562,411700106
4563,411700107
4564,411700118
4565,411700120
4566,411700121
4567,411700123
4568,411700124
4569,411700127
4570,411700129
4571,411700131
4572,411700133
4573,411700140
4574,411700155
4575,411800000
4576,411800001
4577,411800003
4578,411800005
4579,411800007
4580,411800008
4581,411800010
4582,411800024
4583,411800025
4584,411800037
4585,411800038
4586,411800046
4587,411800051
4588,411800052
4589,411800057
4590,411800058
4591,411800070
4592,411800072
4593,411800074
4594,411800078
4595,411800084
4596,411800090
4597,411800102
4598,411800107
4599,411800109
4600,411800113
4601,411800114
4602,411800123
4603,411800124
4604,411800126
4605,411800132
4606,411800133
4607,411800136
4608,411800146
4609,411800147
4610,411800148
4611,411800159
4612,411800163
4613,411800168
4614,411800173
4615,411800176
4616,411800179
4617,411800186
4618,411800196
4619,411800205
4620,411800210
4621,411800211
4622,411800214
4623,411800226
4624,411800236
4625,411800239
4626,411800250
4627,411800255
4628,411800259
4629,411800262
4630,411800263
4631,411800267
4632,411800268
4633,411800269
4634,411800271
4635,411800290
4636,411800295
4637,411900002
4638,411900004
4639,411900008
4640,411900009
4641,411900013
4642,411900014
4643,411900024
4644,411900029
4645,411900030
4646,411900033
4647,411900036
4648,411900037
4649,411900040
4650,411900046
4651,411900047
4652,411900048
4653,411900049
4654,411900054
4655,411900058
4656,411900062
4657,411900068
4658,411900072
4659,411900087
4660,411900094
4661,411900096
4662,411900098
4663,411900104
4664,411900106
4665,411900107
4666,411900114
4667,411900117
4668,411900125
4669,411900126
4670,411900127
4671,411900130
4672,411900134
4673,411900141
4674,411900155
4675,411900157
4676,411900160
4677,411900161
4678,411900167
4679,411900173
4680,411900174
4681,411900182
4682,411900185
4683,411900189
4684,411900190
4685,411900195
4686,411900197
4687,411900200
4688,411900202
4689,411900205
4690,411900214
4691,411900215
4692,411900216
4693,411900217
4694,411900232
4695,411900234
4696,411900235
4697,411900237
4698,411900240
4699,411900243
4700,411900245
4701,411900248
4702,411900250
4703,411900255
4704,411900257
4705,411900260
4706,411900271
4707,411900272
4708,411900273
4709,411900279
4710,411900285
4711,411900286
4712,411900289
4713,411900296
4714,411900297
4715,411900312
4716,411900318
4717,411900320
4718,411900327
4719,411900328
4720,411900330
4721,411900344
4722,411900345
4723,411900348
4724,411900357
4725,411900363
4726,411900367
4727,411900368
4728,411900371
4729,411900375
4730,411900377
4731,411900378
4732,411900385
4733,411900387
4734,411900396
4735,411900397
4736,411900398
4737,411900399
4738,411900400
4739,411900404
4740,411900407
4741,411900413
4742,411900414
4743,411900419
4744,411900420
4745,411900425
4746,411900426
4747,411900428
4748,411900429
4749,411900435
4750,411900436
4751,411900441
4752,411900443
4753,411900449
4754,411900460
4755,411900463
4756,411900465
4757,411900478
4758,411900483
4759,411900484
4760,411900490
4761,411900491
4762,411900492
4763,411900497
4764,411900503
4765,411900507
4766,411900509
4767,411900516
4768,411900518
4769,411900527
4770,411900536
4771,411900537
4772,411900538
4773,411900539
4774,411900540
4775,411900542
4776,411900544
4777,411900545
4778,411900547
4779,411900551
4780,411900552
4781,411900554
4782,411900556
4783,411900558
4784,411900561
4785,411900565
4786,411900568
4787,411900569
4788,411900570
4789,411900572
4790,411900574
4791,411900575
4792,411900577
4793,411900579
4794,411900581
4795,411900582
4796,411900584
4797,411900586
4798,411900588
4799,411900592
4800,411900593
4801,411900597
4802,411900600
4803,411900603
4804,411900604
4805,411900605
4806,411900609
4807,411900617
4808,411900620
4809,411900621
4810,411900624
4811,411900627
4812,411900630
4813,411900632
4814,411900634
4815,411900636
4816,411900640
4817,411900643
4818,411900647
4819,411900648
4820,411900649
4821,411900658
4822,411900659
4823,411900665
4824,411900670
4825,411900674
4826,411900677
4827,412000000
4828,412000005
4829,412000006
4830,412000007
4831,412000010
4832,412000017
4833,412000020
4834,412000022
4835,412000030
4836,412000032
4837,412000036
4838,412000038
4839,412000042
4840,412000053
4841,412000054
4842,412000056
4843,412000058
4844,412000069
4845,412000077
4846,412000084
4847,412000087
4848,412000093
4849,412000098
4850,412000102
4851,412000110
4852,412000112
4853,412000113
4854,412000119
4855,412000120
4856,412000122
4857,412000123
4858,412000126
4859,412000142
4860,412000146
4861,412000153
4862,412000167
4863,412000174
4864,412000175
4865,412000182
4866,412000183
4867,412000185
4868,412000189
4869,412000195
4870,412000202
4871,412000208
4872,412000214
4873,412000216
4874,412000221
4875,412000225
4876,412000229
4877,412000234
4878,412000244
4879,412000245
4880,412000254
4881,412000269
4882,412000273
4883,412000276
4884,412000277
4885,412000285
4886,412000291
4887,412000293
4888,412000294
4889,412000296
4890,412000299
4891,412000302
4892,412000305
4893,412000308
4894,412000311
4895,412000313
4896,412000319
4897,412000322
4898,412000330
4899,412000336
4900,412000338
4901,412000344
4902,412000359
4903,412000361
4904,412000370
4905,412000383
4906,412000386
4907,412000387
4908,412000389
4909,412000393
4910,412000397
4911,412000399
4912,412000402
4913,412000406
4914,412000408
4915,412000410
4916,412000420
4917,412000428
4918,412000447
4919,412000453
4920,412000456
4921,412000466
4922,412000469
4923,412000470
4924,412000473
4925,412000482
4926,412000498
4927,412000507
4928,412000516
4929,412000518
4930,412000522
4931,412000531
4932,412000534
4933,412000535
4934,412000540
4935,412000543
4936,412000544
4937,412000546
4938,412000548
4939,412000551
4940,412000553
4941,412000556
4942,412000557
4943,412000560
4944,412000561
4945,412000562
4946,412100000
4947,412100004
4948,412100010
4949,412100012
4950,412100013
4951,412100016
4952,412100018
4953,412100020
4954,412100028
4955,412100040
4956,412100041
4957,412100043
4958,412100048
4959,412100052
4960,412100056
4961,412100073
4962,412100075
4963,412100076
4964,412100077
4965,412100078
4966,412100080
4967,412100084
4968,412100090
4969,412100093
4970,412100096
4971,412100097
4972,412100098
4973,412100100
4974,412100101
4975,412100103
4976,412100104
4977,412200115
4978,412300083
4979,412300089
4980,412300092
4981,412300095
4982,412300099
4983,412300103
4984,412300104
4985,412300105
4986,412300107
4987,412300115
4988,412300117
4989,412300118
4990,412300121
4991,412300123
4992,412400012
4993,412400018
4994,412400022
4995,412400030
4996,412400032
4997,412400034
4998,412400035
4999,412400039
5000,412400040
5001,412400043
5002,412400048
5003,412400050
5004,412400051
5005,412400057
5006,412400062
5007,412400063
5008,412400064
5009,412400067
5010,412400074
5011,412400075
5012,412400077
5013,412400083
5014,412400092
5015,412400093
5016,412400096
5017,412400101
5018,412400102
5019,412400107
5020,412400108
5021,412400112
5022,412400113
5023,412400114
5024,412400118
5025,412400121
5026,412400124
5027,412400134
5028,412400143
5029,412400147
5030,412500004
5031,412500007
5032,412500009
5033,412500011
5034,412500017
5035,412500029
5036,412500030
5037,412500037
5038,412500051
5039,412500053
5040,412500054
5041,412500056
5042,412500057
5043,412500058
5044,412500061
5045,412500065
5046,412500069
5047,412500072
5048,412500074
5049,412500075
5050,412500081
5051,412500084
5052,412500098
5053,412500104
5054,412500106
5055,412500110
5056,412500115
5057,412600029
5058,412600033
5059,412600038
5060,412600041
5061,412600042
5062,412600050
5063,412600051
5064,412600057
5065,412600061
5066,412600062
5067,412600069
5068,412600070
5069,412600071
5070,412600074
5071,412600078
5072,412600085
5073,412600087
5074,412600088
5075,412600089
5076,412600093
5077,412600097
5078,412600101
5079,412600108
5080,412600111
5081,412600112
5082,412600113
5083,412600115
5084,412600119
5085,412600126
5086,412600132
5087,412600133
5088,412600134
5089,412600135
5090,412600136
5091,412600139
5092,412600150
5093,412600151
5094,412600152
5095,412600156
5096,412600161
5097,412600162
5098,412600167
5099,412600168
5100,412600169
5101,412600173
5102,412600175
5103,412600177
5104,412600178
5105,412600182
5106,412600184
5107,412600191
5108,412600194
5109,412600201
5110,412600202
5111,412600205
5112,412600217
5113,412600221
5114,412600222
5115,412600227
5116,412600230
5117,412600231
5118,412600238
5119,412600241
5120,412600244
5121,412600245
5122,412600247
5123,412600251
5124,412600253
5125,412600262
5126,412600263
5127,412600266
5128,412600274
5129,412600280
5130,412600285
5131,412600286
5132,412600287
5133,412600291
5134,412600292
5135,412600294
5136,412600299
5137,412600301
5138,412600309
5139,412600310
5140,412600311
5141,412600319
5142,412600329
5143,412600330
5144,412600331
5145,412600332
5146,412600334
5147,412600337
5148,412600341
5149,412600346
5150,412600355
5151,412600356
5152,412600361
5153,412600366
5154,412600367
5155,412600369
5156,412600371
5157,412600372
5158,412600385
5159,412600388
5160,412600390
5161,412600402
5162,412600407
5163,412600410
5164,412600411
5165,412600415
5166,412600416
5167,412600419
5168,412600421
5169,412600422
5170,412600426
5171,412600427
5172,412600428
5173,412600429
5174,412600432
5175,412600441
5176,412600444
5177,412600452
5178,412600453
5179,412600455
5180,412600474
5181,412600476
5182,412600477
5183,412600478
5184,412600484
5185,412600491
5186,412600494
5187,412600500
5188,412600505
5189,412600512
5190,412600513
5191,412600526
5192,412600536
5193,412600537
5194,412600541
5195,412600549
5196,412600554
5197,412600558
5198,412600564
5199,412600568
5200,412600583
5201,412600585
5202,412600594
5203,412600600
5204,412600604
5205,412600607
5206,412600617
5207,412600624
5208,412600626
5209,412600628
5210,412600630
5211,412600632
5212,412600640
5213,412600641
5214,412600644
5215,412600646
5216,412600652
5217,412600656
5218,412600657
5219,412600678
5220,412600683
5221,412600684
5222,412600685
5223,412600686
5224,412600693
5225,412600703
5226,412600721
5227,412700001
5228,412700007
5229,412700008
5230,412700009
5231,412700010
5232,412700016
5233,412700018
5234,412700042
5235,412700047
5236,412700055
5237,412700066
5238,412700069
5239,412700097
5240,412700105
5241,412700111
5242,412700124
5243,412700127
5244,412700136
5245,412700138
5246,412700140
5247,412700143
5248,412700148
5249,412700151
5250,412700156
5251,412700159
5252,412700180
5253,412700182
5254,412800032
5255,412800040
5256,412800041
5257,412800060
5258,412800063
5259,412800065
5260,412800079
5261,412800091
5262,412800097
5263,412800109
5264,412800116
5265,412800118
5266,412800121
5267,412800122
5268,412800124
5269,412800125
5270,412800128
5271,412800130
5272,412800138
5273,412800140
5274,412800142
5275,412800143
5276,412800145
5277,412800154
5278,412800157
5279,412800169
5280,412800171
5281,412800185
5282,412800187
5283,412800196
5284,412800200
5285,412800208
5286,412800211
5287,412800212
5288,412800215
5289,412800222
5290,412800223
5291,412800232
5292,412800235
5293,412800253
5294,412800276
5295,412800285
5296,412800293
5297,412800295
5298,412800296
5299,412800301
5300,412800302
5301,412800304
5302,412800309
5303,412900004
5304,412900013
5305,412900018
5306,412900045
5307,412900050
5308,412900054
5309,412900062
5310,412900063
5311,412900065
5312,412900073
5313,412900083
5314,412900087
5315,412900091
5316,412900098
5317,412900113
5318,412900116
5319,412900120
5320,412900122
5321,412900126
5322,412900131
5323,412900133
5324,412900134
5325,412900135
5326,412900141
5327,412900143
5328,412900144
5329,412900147
5330,412900149
5331,412900150
5332,412900157
5333,412900164
5334,412900165
5335,412900169
5336,412900175
5337,412900176
5338,412900177
5339,412900187
5340,412900192
5341,412900193
5342,412900194
5343,412900197
5344,412900198
5345,412900199
5346,412900204
5347,412900215
5348,412900217
5349,412900218
5350,412900221
5351,412900222
5352,412900223
5353,412900229
5354,412900231
5355,412900234
5356,412900240
5357,412900257
5358,412900259
5359,412900260
5360,412900261
5361,412900263
5362,412900265
5363,412900268
5364,412900271
5365,412900274
5366,412900280
5367,412900282
5368,412900286
5369,412900287
5370,412900289
5371,412900293
5372,412900298
5373,412900299
5374,412900300
5375,412900308
5376,412900313
5377,412900317
5378,412900321
5379,412900322
5380,412900325
5381,412900326
5382,412900336
5383,412900337
5384,412900339
5385,412900340
5386,412900345
5387,412900349
5388,412900351
5389,412900352
5390,412900362
5391,413000005
5392,413000009
5393,413000018
5394,413000038
5395,413000039
5396,413000040
5397,413000063
5398,413000066
5399,413000076
5400,413000087
5401,413000096
5402,413000101
5403,413000102
5404,413000111
5405,413000114
5406,413000135
5407,413000137
5408,413000140
5409,413000157
5410,413100002
5411,413100004
5412,413100005
5413,413100017
5414,413100023
5415,413100031
5416,413100039
5417,413100051
5418,413100054
5419,413100056
5420,413100067
5421,413100070
5422,413100076
5423,413100077
5424,413100078
5425,413100084
5426,413100090
5427,413100092
5428,413100094
5429,413100103
5430,413100110
5431,413100112
5432,413100113
5433,413100115
5434,413100116
5435,413100117
5436,413100133
5437,413100140
5438,413100143
5439,413100149
5440,413100150
5441,413100152
5442,413100155
5443,413100156
5444,413100161
5445,413100162
5446,413100163
5447,413100164
5448,413100165
5449,413100167
5450,413100172
5451,413100173
5452,413100174
5453,413100182
5454,413100186
5455,413100187
5456,413100190
5457,413100192
5458,413100200
5459,413100206
5460,413100213
5461,413100215
5462,413100217
5463,413100219
5464,413100220
5465,413100221
5466,413100225
5467,413100226
5468,413100229
5469,413100236
5470,413100237
5471,413100240
5472,413100242
5473,413100246
5474,413100247
5475,413100249
5476,413100254
5477,413100255
5478,413100257
5479,413100265
5480,413100268
5481,413100273
5482,413100278
5483,413100279
5484,413100280
5485,413100284
5486,413100287
5487,413100288
5488,413100292
5489,413100300
5490,413100306
5491,413200003
5492,413200007
5493,413200008
5494,413200010
5495,413200020
5496,413200029
5497,413200035
5498,413200038
5499,413200043
5500,413200059
5501,413200075
5502,413200088
5503,413200091
5504,413200097
5505,413200098
5506,413200100
5507,413200101
5508,413200104
5509,413200112
5510,413200122
5511,413200127
5512,413200130
5513,413200139
5514,413200140
5515,413200143
5516,413200148
5517,413200150
5518,413200154
5519,413200161
5520,413200164
5521,413200165
5522,413200172
5523,413200173
5524,413200175
5525,413200184
5526,413200185
5527,413200188
5528,413200195
5529,413200197
5530,413200198
5531,413200203
5532,413200206
5533,413200210
5534,413200211
5535,413200212
5536,413200213
5537,413200214
5538,413200217
5539,413200219
5540,413200230
5541,413200242
5542,413200243
5543,413200246
5544,413200258
5545,413200259
5546,413200262
5547,413200264
5548,413200274
5549,413200281
5550,413200286
5551,413200292
5552,413200298
5553,413200308
5554,413200311
5555,413200313
5556,413200315
5557,413200323
5558,413200324
5559,413200325
5560,413200335
5561,413200344
5562,413200346
5563,413200360
5564,413200363
5565,413200386
5566,413200391
5567,413200394
5568,413200395
5569,413200397
5570,413200401
5571,413200402
5572,413200415
5573,413200422
5574,413200426
5575,413200433
5576,413200434
5577,413200436
5578,413200438
5579,413200439
5580,413200452
5581,413200453
5582,413300006
5583,413300011
5584,413300017
5585,413300018
5586,413300022
5587,413300023
5588,413300027
5589,413300028
5590,413300033
5591,413300037
5592,413300039
5593,413300041
5594,413300047
5595,413300048
5596,413300049
5597,413300050
5598,413300054
5599,413300060
5600,413300063
5601,413300070
5602,413300073
5603,413300076
5604,413300077
5605,413300108
5606,413300120
5607,413300125
5608,413300135
5609,413300146
5610,413400001
5611,413400002
5612,413400006
5613,413400013
5614,413400017
5615,413400021
5616,413400026
5617,413400029
5618,413400035
5619,413400036
5620,413400038
5621,413400043
5622,413400053
5623,413400058
5624,413400067
5625,413400069
5626,413400084
5627,413400086
5628,413400090
5629,413400097
5630,413400101
5631,413400102
5632,413400112
5633,413400117
5634,413400130
5635,413400134
5636,413400139
5637,413400140
5638,413400142
5639,413400149
5640,413400167
5641,413400179
5642,413400181
5643,413400182
5644,413400183
5645,413400184
5646,413400185
5647,413400187
5648,413400189
5649,413400190
5650,413400196
5651,413400198
5652,413400199
5653,413500001
5654,413500005
5655,413500010
5656,413500032
5657,413500035
5658,413500038
5659,413500040
5660,413500049
5661,413500053
5662,413500059
5663,413500064
5664,413500066
5665,413500067
5666,413500068
5667,413500069
5668,413500072
5669,413500076
5670,413500077
5671,413500079
5672,413500081
5673,413500084
5674,413500085
5675,413500087
5676,413500092
5677,413500094
5678,413500096
5679,413500103
5680,413500105
5681,413500112
5682,413500118
5683,413500127
5684,413500128
5685,413500132
5686,413500136
5687,413600002
5688,413600003
5689,413600015
5690,413600017
5691,413600018
5692,413600020
5693,413600022
5694,413600024
5695,413600028
5696,413600042
5697,413600055
5698,413600057
5699,413600066
5700,413600069
5701,413600070
5702,413600075
5703,413600082
5704,413600084
5705,413600086
5706,413600087
5707,413600089
5708,413600091
5709,413600093
5710,413600105
5711,413600109
5712,413600111
5713,413600112
5714,413600116
5715,413600118
5716,413600123
5717,413600127
5718,413600145
5719,413600147
5720,413600152
5721,413600155
5722,413600159
5723,413700000
5724,413700012
5725,413700013
5726,413700018
5727,413700020
5728,413700023
5729,413700025
5730,413700026
5731,413700029
5732,413700034
5733,413700035
5734,413700038
5735,413700049
5736,413700054
5737,413700055
5738,413700058
5739,413700059
5740,413700060
5741,413700061
5742,413700063
5743,413700064
5744,413700066
5745,413700068
5746,413700069
5747,413700071
5748,413700072
5749,413700074
5750,413700085
5751,413700086
5752,413700091
5753,413700093
5754,413700097
5755,413700106
5756,413700107
5757,413700108
5758,413700109
5759,413700110
5760,413700112
5761,413700117
5762,413700125
5763,413700128
5764,413700143
5765,413700151
5766,413800004
5767,413800009
5768,413800013
5769,413800016
5770,413800018
5771,413800033
5772,413800037
5773,413800038
5774,413800040
5775,413800042
5776,413800054
5777,413800063
5778,413800065
5779,413800068
5780,413800079
5781,413800081
5782,413800082
5783,413800083
5784,413800086
5785,413800087
5786,413800091
5787,413800093
5788,413800096
5789,413800105
5790,413800107
5791,413800108
5792,413800109
5793,413800111
5794,413800117
5795,413800118
5796,413800122
5797,413800125
5798,413800126
5799,413800127
5800,413800129
5801,413800131
5802,413800135
5803,413800141
5804,413800147
5805,413800148
5806,413800149
5807,413800151
5808,413800155
5809,413800156
5810,413800159
5811,413800164
5812,413800170
5813,413800171
5814,413800173
5815,413800176
5816,413800190
5817,413800195
5818,413800196
5819,413800198
5820,413800202
5821,413900001
5822,413900006
5823,413900009
5824,413900010
5825,413900015
5826,413900016
5827,413900019
5828,413900020
5829,413900022
5830,413900024
5831,413900026
5832,413900036
5833,413900037
5834,413900038
5835,413900041
5836,413900047
5837,413900048
5838,413900052
5839,413900056
5840,413900060
5841,413900064
5842,413900069
5843,413900072
5844,413900074
5845,413900076
5846,413900079
5847,413900081
5848,413900084
5849,413900087
5850,413900090
5851,413900097
5852,413900099
5853,413900104
5854,413900107
5855,413900108
5856,413900119
5857,413900123
5858,413900124
5859,413900125
5860,413900128
5861,413900130
5862,413900133
5863,413900135
5864,413900136
5865,413900138
5866,413900144
5867,413900145
5868,413900146
5869,413900150
5870,413900153
5871,413900159
5872,413900165
5873,413900166
5874,413900167
5875,413900168
5876,413900178
5877,413900180
5878,413900184
5879,413900187
5880,413900200
5881,413900201
5882,413900203
5883,413900204
5884,414000001
5885,414000003
5886,414000004
5887,414000006
5888,414000007
5889,414000008
5890,414000024
5891,414000039
5892,414000041
5893,414000044
5894,414000048
5895,414000050
5896,414000053
5897,414000059
5898,414000074
5899,414000076
5900,414000086
5901,414000098
5902,414000109
5903,414000120
5904,414000129
5905,414000132
5906,414000133
5907,414000135
5908,414000143
5909,414000146
5910,414000148
5911,414000151
5912,414000153
5913,414000160
5914,414000171
5915,414000173
5916,414000175
5917,414000177
5918,414000189
5919,414000190
5920,414000193
5921,414000194
5922,414000195
5923,414000198
5924,414000199
5925,414000201
5926,414000207
5927,414000208
5928,414000210
5929,414000212
5930,414000213
5931,414000222
5932,414000232
5933,414000234
5934,414000240
5935,414000241
5936,414000246
5937,414000247
5938,414000254
5939,414000266
5940,414000267
5941,414000269
5942,414000271
5943,414000273
5944,414000274
5945,414000278
5946,414000279
5947,414000281
5948,414000285
5949,414000287
5950,414000289
5951,414000296
5952,414000301
5953,414000304
5954,414000308
5955,414000312
5956,414000315
5957,414000316
5958,414000325
5959,414000336
5960,414000341
5961,414000357
5962,414000362
5963,414000367
5964,414000371
5965,414000375
5966,414000384
5967,414000390
5968,414000393
5969,414000397
5970,414000404
5971,414000405
5972,414000406
5973,414000408
5974,414000409
5975,414000413
5976,414000416
5977,414000418
5978,414000419
5979,414000420
5980,414000426
5981,414000440
5982,414000445
5983,414000447
5984,414000451
5985,414000453
5986,414000459
5987,414000460
5988,414000462
5989,414000464
5990,414000469
5991,414000471
5992,414100001
5993,414100004
5994,414100019
5995,414100031
5996,414100034
5997,414100038
5998,414100049
5999,414100051
6000,414100055
6001,414100059
6002,414100064
6003,414100066
6004,414100067
6005,414100070
6006,414100080
6007,414100083
6008,414100085
6009,414100086
6010,414100087
6011,414100092
6012,414100093
6013,414100112
6014,414100113
6015,414100116
6016,414100119
6017,414100128
6018,414100130
6019,414100131
6020,414100134
6021,414100135
6022,414100143
6023,414100147
6024,414100148
6025,414100152
6026,414100158
6027,414100163
6028,414100173
6029,414100176
6030,414100178
6031,414100191
6032,414100200
6033,414100205
6034,414100214
6035,414100225
6036,414100243
6037,414100247
6038,414100249
6039,414100250
6040,414200004
6041,414200006
6042,414200009
6043,414200015
6044,414200016
6045,414200026
6046,414200027
6047,414200045
6048,414200047
6049,414200055
6050,414200058
6051,414200062
6052,414200073
6053,414200076
6054,414200077
6055,414200078
6056,414200081
6057,414200083
6058,414200084
6059,414200087
6060,414200088
6061,414200093
6062,414200100
6063,414200103
6064,414200106
6065,414200119
6066,414200132
6067,414200135
6068,414200142
6069,414200147
6070,414200150
6071,414200155
6072,414200156
6073,414200160
6074,414200165
6075,414200169
6076,414200172
6077,414200176
6078,414200178
6079,414200180
6080,414200182
6081,414200183
6082,414200190
6083,414200191
6084,414200203
6085,414200204
6086,414200208
6087,414200210
6088,414200211
6089,414200212
6090,414200220
6091,414200221
6092,414200225
6093,414200230
6094,414200233
6095,414200235
6096,414200241
6097,414200246
6098,414200264
6099,414200265
6100,414200268
6101,414200272
6102,414200276
6103,414200280
6104,414200286
6105,414200287
6106,414200304
6107,414200307
6108,414200311
6109,414200313
6110,414200314
6111,414200317
6112,414200318
6113,414200322
6114,414200324
6115,414200327
6116,414200336
6117,414200337
6118,414200350
6119,414200352
6120,414200355
6121,414200369
6122,414200371
6123,414200379
6124,414200384
6125,414200387
6126,414200388
6127,414200389
6128,414200398
6129,414200401
6130,414200403
6131,414200406
6132,414200413
6133,414200421
6134,414200424
6135,414200428
6136,414200429
6137,414200438
6138,414200440
6139,414200442
6140,414200449
6141,414200456
6142,414200469
6143,414200471
6144,414200481
6145,414200497
6146,414200504
6147,414200528
6148,414200530
6149,414200535
6150,414200553
6151,414200592
6152,414200604
6153,414200614
6154,414200621
6155,414200622
6156,414200633
6157,414200639
6158,414200641
6159,414200645
6160,414200647
6161,414200652
6162,414200656
6163,414200660
6164,414200668
6165,414200671
6166,414200674
6167,414200675
6168,414200677
6169,414200680
6170,414200693
6171,414200696
6172,414200701
6173,414200704
6174,414200706
6175,414200711
6176,414200717
6177,414200718
6178,414200719
6179,414200720
6180,414200726
6181,414200727
6182,414200728
6183,414200732
6184,414200737
6185,414200754
6186,414200757
6187,414200758
6188,414200769
6189,414200773
6190,414200792
6191,414300001
6192,414300005
6193,414300007
6194,414300008
6195,414300018
6196,414300020
6197,414300025
6198,414300027
6199,414300040
6200,414300041
6201,414300050
6202,414300054
6203,414300058
6204,414300065
6205,414300070
6206,414300083
6207,414300084
6208,414300095
6209,414300096
6210,414300103
6211,414300105
6212,414300107
6213,414300114
6214,414300121
6215,414300126
6216,414300132
6217,414300140
6218,414300147
6219,414400002
6220,414400017
6221,414400026
6222,414400029
6223,414400030
6224,414400031
6225,414400034
6226,414400038
6227,414400041
6228,414400042
6229,414400043
6230,414400044
6231,414400046
6232,414400047
6233,414400056
6234,414400059
6235,414400078
6236,414400083
6237,414400084
6238,414400087
6239,414400091
6240,414400092
6241,414400105
6242,414400110
6243,414400111
6244,414400113
6245,414400117
6246,414400129
6247,414400130
6248,414400136
6249,414400147
6250,414400148
6251,414400156
6252,414400159
6253,414400162
6254,414400166
6255,414400174
6256,414400183
6257,414400197
6258,414400212
6259,414400214
6260,414400216
6261,414400218
6262,414400232
6263,414400234
6264,414400239
6265,414400240
6266,414400251
6267,414400255
6268,414400266
6269,414400268
6270,414400270
6271,414400281
6272,414400284
6273,414400285
6274,414400292
6275,414400295
6276,414400296
6277,414400300
6278,414400302
6279,414400307
6280,414400315
6281,414400318
6282,414400327
6283,414400337
6284,414400344
6285,414400346
6286,414400352
6287,414500004
6288,414500011
6289,414500015
6290,414500018
6291,414500045
6292,414500046
6293,414500051
6294,414500053
6295,414500059
6296,414500061
6297,414500065
6298,414500077
6299,414500081
6300,414500083
6301,414500086
6302,414500093
6303,414500094
6304,414500096
6305,414500097
6306,414500111
6307,414500113
6308,414500123
6309,414500128
6310,414500129
6311,414500130
6312,414500136
6313,414500138
6314,414500139
6315,414500140
6316,414500142
6317,414500144
6318,414500160
6319,414500163
6320,414500164
6321,414500165
6322,414500168
6323,414500170
6324,414500174
6325,414500177
6326,414500186
6327,414500189
6328,414500190
6329,414500194
6330,414500196
6331,414500208
6332,414500214
6333,414500216
6334,414500219
6335,414500224
6336,414500225
6337,414500228
6338,414500232
6339,414500245
6340,414500248
6341,414500249
6342,414500260
6343,414500266
6344,414500268
6345,414500269
6346,414500279
6347,414500284
6348,414500285
6349,414600000
6350,414600001
6351,414600013
6352,414600015
6353,414600017
6354,414600020
6355,414600024
6356,414600025
6357,414600026
6358,414600028
6359,414600029
6360,414600030
6361,414600035
6362,414600045
6363,414600047
6364,414600049
6365,414600061
6366,414600065
6367,414600067
6368,414600068
6369,414600069
6370,414600071
6371,414600077
6372,414600079
6373,414600097
6374,414600103
6375,414600112
6376,414600117
6377,414600128
6378,414600129
6379,414600138
6380,414600139
6381,414600143
6382,414600151
6383,414600152
6384,414600172
6385,414600177
6386,414600185
6387,414600187
6388,414600195
6389,414600199
6390,414600200
6391,414600201
6392,414600212
6393,414600213
6394,414600220
6395,414600222
6396,414600227
6397,414600233
6398,414600234
6399,414600238
6400,414600240
6401,414600241
6402,414600242
6403,414600243
6404,414600244
6405,414600245
6406,414600246
6407,414600251
6408,414600252
6409,414600256
6410,414600257
6411,414600259
6412,414600262
6413,414600264
6414,414600281
6415,414600284
6416,414600286
6417,414600288
6418,414600290
6419,414600301
6420,414600305
6421,414600314
6422,414600330
6423,414600331
6424,414600333
6425,414600335
6426,414600337
6427,414600339
6428,414600340
6429,414600344
6430,414600346
6431,414600347
6432,414600348
6433,414600354
6434,414600355
6435,414600358
6436,414600363
6437,414600364
6438,414600379
6439,414600380
6440,414600384
6441,414600393
6442,414600394
6443,414600397
6444,414600403
6445,414600408
6446,414600410
6447,414600411
6448,414600419
6449,414600426
6450,414600427
6451,414600428
6452,414600443
6453,414600448
6454,414600449
6455,414600450
6456,414600451
6457,414600461
6458,414600465
6459,414600468
6460,414600473
6461,414600475
6462,414600476
6463,414600477
6464,414600479
6465,414600504
6466,414600508
6467,414600509
6468,414600511
6469,414600513
6470,414600515
6471,414600519
6472,414600523
6473,414600531
6474,414600541
6475,414600542
6476,414600549
6477,414600555
6478,414600560
6479,414600562
6480,414600567
6481,414600572
6482,414600588
6483,414600590
6484,414600592
6485,414600596
6486,414700000
6487,414700003
6488,414700008
6489,414700016
6490,414700022
6491,414700023
6492,414700024
6493,414700034
6494,414700045
6495,414700052
6496,414700054
6497,414700059
6498,414700062
6499,414700063
6500,414700065
6501,414700066
6502,414700069
6503,414700071
6504,414700073
6505,414700077
6506,414700081
6507,414700082
6508,414700085
6509,414700088
6510,414700093
6511,414700095
6512,414700097
6513,414700098
6514,414700100
6515,414700110
6516,414700115
6517,414700117
6518,414700118
6519,414700120
6520,414700132
6521,414700133
6522,414700140
6523,414700143
6524,414700145
6525,414700148
6526,414700156
6527,414700160
6528,414800000
6529,414800003
6530,414800014
6531,414800016
6532,414800019
6533,414800030
6534,414800037
6535,414800044
6536,414800047
6537,414800049
6538,414800054
6539,414800055
6540,414800057
6541,414800062
6542,414800066
6543,414800070
6544,414800071
6545,414800072
6546,414800075
6547,414800084
6548,414800087
6549,414800089
6550,414800094
6551,414800180
6552,414800181
6553,414800187
6554,414800188
6555,414900006
6556,414900014
6557,414900033
6558,414900050
6559,414900053
6560,414900063
6561,414900073
6562,414900078
6563,414900084
6564,414900089
6565,414900091
6566,414900095
6567,414900101
6568,414900115
6569,414900117
6570,414900118
6571,414900123
6572,414900126
6573,414900133
6574,414900136
6575,414900140
6576,414900143
6577,414900157
6578,414900158
6579,414900161
6580,414900164
6581,414900165
6582,414900170
6583,414900171
6584,414900172
6585,414900177
6586,414900183
6587,414900186
6588,414900190
6589,414900194
6590,414900196
6591,414900197
6592,414900203
6593,414900214
6594,414900221
6595,414900228
6596,414900243
6597,414900245
6598,414900247
6599,414900250
6600,414900253
6601,414900255
6602,414900256
6603,414900258
6604,414900261
6605,414900269
6606,414900270
6607,414900272
6608,414900273
6609,414900274
6610,414900275
6611,414900286
6612,414900294
6613,415000000
6614,415000006
6615,415000013
6616,415000014
6617,415000018
6618,415000034
6619,415000041
6620,415000047
6621,415000048
6622,415000055
6623,415000064
6624,415000067
6625,415000069
6626,415000076
6627,415000079
6628,415000082
6629,415000083
6630,415100079
6631,415100084
6632,415100094
6633,415100106
6634,415100111
6635,415100116
6636,415100122
6637,415100128
6638,415100139
6639,415100140
6640,415100142
6641,415100147
6642,415200003
6643,415200005
6644,415200015
6645,415200017
6646,415200023
6647,415200033
6648,415200046
6649,415200055
6650,415200085
6651,415200093
6652,415200096
6653,415200102
6654,415200110
6655,415200114
6656,415200115
6657,415200124
6658,415200127
6659,415200131
6660,415200137
6661,415200145
6662,415200147
6663,415200149
6664,415200153
6665,415200159
6666,415200166
6667,415200171
6668,415200178
6669,415200180
6670,415200181
6671,415200197
6672,415200203
6673,415200220
6674,415200225
6675,415200227
6676,415200228
6677,415200233
6678,415200243
6679,415200245
6680,415200248
6681,415200249
6682,415200250
6683,415200251
6684,415200252
6685,415200256
6686,415200269
6687,415200280
6688,415200290
6689,415200291
6690,415200293
6691,415200302
6692,415200303
6693,415200306
6694,415200310
6695,415200311
6696,415200313
6697,415200324
6698,415200325
6699,415200327
6700,415200332
6701,415200335
6702,415200336
6703,415200348
6704,415200355
6705,415200366
6706,415200373
6707,415200374
6708,415200375
6709,415200383
6710,415200396
6711,415200397
6712,415200398
6713,415200403
6714,415200412
6715,415200423
6716,415200425
6717,415200426
6718,415200432
6719,415200434
6720,415200435
6721,415200444
6722,415200447
6723,415200454
6724,415200459
6725,415200461
6726,415300003
6727,415300009
6728,415300011
6729,415300026
6730,415300038
6731,415300039
6732,415300040
6733,415300045
6734,415300047
6735,415300052
6736,415300055
6737,415300059
6738,415300063
6739,415300066
6740,415300075
6741,415300083
6742,415300085
6743,415300092
6744,415300097
6745,415300103
6746,415300111
6747,415300122
6748,415300125
6749,415300138
6750,415300139
6751,415300141
6752,415300150
6753,415300152
6754,415300154
6755,415300155
6756,415300158
6757,415300161
6758,415300167
6759,415300168
6760,415400005
6761,415400014
6762,415400016
6763,415400017
6764,415400020
6765,415400025
6766,415400026
6767,415400032
6768,415400042
6769,415400043
6770,415400045
6771,415400049
6772,415400050
6773,415400051
6774,415400055
6775,415400056
6776,415400057
6777,415400058
6778,415400063
6779,415400068
6780,415400072
6781,415400073
6782,415400075
6783,415400076
6784,415400078
6785,415400080
6786,415400081
6787,415400082
6788,415400084
6789,415400087
6790,415400093
6791,415400094
6792,415400097
6793,415400098
6794,415400101
6795,415400107
6796,415400110
6797,415400111
6798,415400119
6799,415400121
6800,415400122
6801,415400138
6802,415400140
6803,415400142
6804,415400143
6805,415400144
6806,415400146
6807,415400154
6808,415400155
6809,415400157
6810,415400158
6811,415400160
6812,415400164
6813,415400168
6814,415400170
6815,415400173
6816,415400176
6817,415400178
6818,415400181
6819,415400182
6820,415400184
6821,415400194
6822,415400200
6823,415400205
6824,415400216
6825,415400221
6826,415400223
6827,415400229
6828,415400231
6829,415400234
6830,415400238
6831,415400242
6832,415400244
6833,415400245
6834,415400257
6835,415400262
6836,415400268
6837,415400271
6838,415400279
6839,415400298
6840,415400309
6841,415400313
6842,415400314
6843,415400316
6844,415400320
6845,415400321
6846,415400324
6847,415400326
6848,415400332
6849,415400339
6850,415500007
6851,415500008
6852,415500035
6853,415500056
6854,415500071
6855,415500073
6856,415500079
6857,415500081
6858,415500084
6859,415500085
6860,415500087
6861,415500088
6862,415500090
6863,415500091
6864,415500093
6865,415500094
6866,415500100
6867,415500105
6868,415500109
6869,415500114
6870,415500123
6871,415500124
6872,415500130
6873,415500132
6874,415500134
6875,415500135
6876,415500149
6877,415500150
6878,415500151
6879,415500154
6880,415500155
6881,415500158
6882,415500160
6883,415500163
6884,415500164
6885,415500168
6886,415500176
6887,415500178
6888,415500182
6889,415500184
6890,415500195
6891,415500197
6892,415500200
6893,415500204
6894,415500205
6895,415500210
6896,415500211
6897,415500212
6898,415500219
6899,415500222
6900,415500224
6901,415500227
6902,415500230
6903,415500236
6904,415500244
6905,415500252
6906,415500254
6907,415500256
6908,415500257
6909,415500259
6910,415500260
6911,415500262
6912,415500265
6913,415500266
6914,415500268
6915,415500269
6916,415500272
6917,415500273
6918,415500274
6919,415500275
6920,415500276
6921,415500277
6922,415500280
6923,415500283
6924,415500285
6925,415500290
6926,415500291
6927,415500294
6928,415500296
6929,415500301
6930,415500304
6931,415500309
6932,415500311
6933,415500319
6934,415500323
6935,415500324
6936,415500325
6937,415500326
6938,415500330
6939,415500333
6940,415500337
6941,415500344
6942,415500350
6943,415500355
6944,415500357
6945,415500362
6946,415500363
6947,415500364
6948,415500365
6949,415600001
6950,415600006
6951,415600024
6952,415600025
6953,415600037
6954,415600054
6955,415600055
6956,415600059
6957,415600063
6958,415600067
6959,415600069
6960,415600070
6961,415600074
6962,415600080
6963,415600081
6964,415600083
6965,415600084
6966,415600086
6967,415600089
6968,415600090
6969,415600094
6970,415600095
6971,415600098
6972,415600102
6973,415600106
6974,415600107
6975,415600110
6976,415600115
6977,415600118
6978,415600126
6979,415600130
6980,415600135
6981,415600136
6982,415600138
6983,415600143
6984,415600145
6985,415600156
6986,415600160
6987,415600163
6988,415600168
6989,415600169
6990,415600171
6991,415600172
6992,415600176
6993,415600177
6994,415600185
6995,415600190
6996,415600194
6997,415600206
6998,415600207
6999,415600209
7000,415600215
7001,415600216
7002,415600217
7003,415600221
7004,415600231
7005,415600245
7006,415600248
7007,415600249
7008,415600257
7009,415600264
7010,415600266
7011,415600275
7012,415600276
7013,415600278
7014,415600283
7015,415600288
7016,415600289
7017,415600295
7018,415600297
7019,415600300
7020,415600306
7021,415600307
7022,415600311
7023,415600319
7024,415600321
7025,415600322
7026,415600335
7027,415600340
7028,415600344
7029,415700000
7030,415700002
7031,415700003
7032,415700006
7033,415700011
7034,415700012
7035,415700013
7036,415700016
7037,415700017
7038,415700026
7039,415700033
7040,415700059
7041,415700062
7042,415700067
7043,415700068
7044,415700069
7045,415700070
7046,415700072
7047,415700078
7048,415700079
7049,415700084
7050,415700086
7051,415700088
7052,415700090
7053,415700091
7054,415700092
7055,415700099
7056,415700108
7057,415700109
7058,415700113
7059,415700114
7060,415700115
7061,415700120
7062,415700121
7063,415700124
7064,415700130
7065,415700134
7066,415700135
7067,415700136
7068,415700138
7069,415700141
7070,415700142
7071,415700143
7072,415700144
7073,415700148
7074,415700149
7075,415700150
7076,415700151
7077,415700152
7078,415700153
7079,415700154
7080,415700156
7081,415700159
7082,415700160
7083,415700164
7084,415700168
7085,415700170
7086,415700171
7087,415700177
7088,415700179
7089,415700180
7090,415700182
7091,415700184
7092,415700185
7093,415700187
7094,415700188
7095,415700191
7096,415700192
7097,415700194
7098,415700198
7099,415700200
7100,415700208
7101,415700210
7102,415700211
7103,415700213
7104,415700214
7105,415700215
7106,415700217
7107,415700218
7108,415700219
7109,415700222
7110,415700223
7111,415700234
7112,415700237
7113,415700239
7114,415700240
7115,415700246
7116,415700247
7117,415700248
7118,415700252
7119,415700255
7120,415700262
7121,415700263
7122,415700264
7123,415700267
7124,415700268
7125,415700269
7126,415700271
7127,415700275
7128,415700276
7129,415700281
7130,415700283
7131,415700284
7132,415700285
7133,415700288
7134,415700289
7135,415700296
7136,415700303
7137,415700304
7138,415700305
7139,415700316
7140,415700331
7141,415700336
7142,415700339
7143,415700344
7144,415700345
7145,415700346
7146,415700349
7147,415700356
7148,415700357
7149,415700358
7150,415700359
7151,415700360
7152,415700368
7153,415700370
7154,415700371
7155,415700376
7156,415700377
7157,415700380
7158,415700388
7159,415700390
7160,415700398
7161,415700402
7162,415700404
7163,415700405
7164,415700406
7165,415700407
7166,415700408
7167,415700410
7168,415700412
7169,415700413
7170,415700414
7171,415700418
7172,415700419
7173,415700420
7174,415700429
7175,415700431
7176,415700438
7177,415700439
7178,415700441
7179,415700442
7180,415700443
7181,415700444
7182,415700451
7183,415700453
7184,415700456
7185,415700457
7186,415700458
7187,415700461
7188,415700464
7189,415700472
7190,415700474
7191,415800003
7192,415800004
7193,415800007
7194,415800009
7195,415800010
7196,415800022
7197,415800023
7198,415800024
7199,415800025
7200,415800027
7201,415800028
7202,415800029
7203,415800032
7204,415800044
7205,415800048
7206,415800051
7207,415800052
7208,415800055
7209,415800056
7210,415800059
7211,415800060
7212,415800061
7213,415800064
7214,415800067
7215,415800073
7216,415800081
7217,415800084
7218,415800085
7219,415800086
7220,415800091
7221,415800095
7222,415800097
7223,415800103
7224,415800106
7225,415800107
7226,415800108
7227,415800109
7228,415800123
7229,415800154
7230,415800157
7231,415800162
7232,415800163
7233,415800168
7234,415800176
7235,415800179
7236,415800188
7237,415800195
7238,415800196
7239,415800198
7240,415800201
7241,415800204
7242,415800215
7243,415800217
7244,415800223
7245,415900001
7246,415900002
7247,415900004
7248,415900006
7249,415900007
7250,415900011
7251,415900014
7252,415900021
7253,415900024
7254,415900028
7255,415900032
7256,415900042
7257,415900044
7258,415900045
7259,415900050
7260,415900056
7261,415900064
7262,415900066
7263,415900072
7264,415900075
7265,415900078
7266,415900080
7267,415900081
7268,415900082
7269,415900084
7270,415900085
7271,415900089
7272,415900091
7273,415900097
7274,415900107
7275,415900109
7276,415900110
7277,415900112
7278,415900118
7279,415900120
7280,415900127
7281,415900128
7282,415900138
7283,415900139
7284,415900148
7285,415900149
7286,415900152
7287,415900153
7288,415900162
7289,415900166
7290,415900168
7291,415900176
7292,415900182
7293,415900189
7294,415900190
7295,415900196
7296,415900197
7297,415900198
7298,415900199
7299,415900201
7300,415900212
7301,415900219
7302,415900224
7303,415900225
7304,415900231
7305,415900234
7306,415900254
7307,415900289
7308,415900292
7309,415900293
7310,415900297
7311,415900299
7312,415900301
7313,415900309
7314,415900322
7315,415900323
7316,415900324
7317,415900328
7318,415900333
7319,415900335
7320,415900355
7321,415900356
7322,415900367
7323,415900369
7324,415900372
7325,415900374
7326,415900375
7327,415900376
7328,415900380
7329,415900383
7330,415900385
7331,415900386
7332,415900387
7333,415900388
7334,415900389
7335,415900391
7336,415900393
7337,415900398
7338,415900404
7339,415900407
7340,415900408
7341,415900409
7342,415900410
7343,415900412
7344,415900413
7345,415900416
7346,415900417
7347,415900418
7348,415900424
7349,415900426
7350,415900428
7351,415900429
7352,415900430
7353,415900433
7354,415900434
7355,415900438
7356,415900439
7357,415900445
7358,415900447
7359,416000000
7360,416000003
7361,416000004
7362,416000008
7363,416000012
7364,416000014
7365,416000016
7366,416000022
7367,416000023
7368,416000024
7369,416000025
7370,416000035
7371,416000036
7372,416000055
7373,416000058
7374,416000072
7375,416000078
7376,416000082
7377,416000087
7378,416000098
7379,416000103
7380,416000113
7381,416000116
7382,416000117
7383,416000119
7384,416000123
7385,416000129
7386,416000130
7387,416000139
7388,416000151
7389,416000159
7390,416000164
7391,416000166
7392,416000168
7393,416000181
7394,416000182
7395,416000185
7396,416000197
7397,416000199
7398,416000200
7399,416000204
7400,416000225
7401,416000229
7402,416000234
7403,416000237
7404,416000240
7405,416000241
7406,416000244
7407,416000247
7408,416000252
7409,416000256
7410,416000277
7411,416000284
7412,416000299
7413,416000300
7414,416000301
7415,416000313
7416,416000316
7417,416000318
7418,416000320
7419,416000322
7420,416000337
7421,416000355
7422,416000359
7423,416000361
7424,416000363
7425,416000367
7426,416000369
7427,416000370
7428,416000373
7429,416000379
7430,416000383
7431,416000391
7432,416100003
7433,416100008
7434,416100013
7435,416100016
7436,416100018
7437,416100019
7438,416100020
7439,416100023
7440,416100027
7441,416100029
7442,416100030
7443,416100031
7444,416100032
7445,416100047
7446,416100065
7447,416100072
7448,416100074
7449,416100076
7450,416100086
7451,416100097
7452,416100103
7453,416100116
7454,416100123
7455,416100126
7456,416100129
7457,416100130
7458,416100131
7459,416100133
7460,416100140
7461,416100141
7462,416100143
7463,416100145
7464,416100161
7465,416100163
7466,416100164
7467,416100166
7468,416100183
7469,416100184
7470,416100185
7471,416100191
7472,416100192
7473,416100194
7474,416100200
7475,416100202
7476,416100204
7477,416100209
7478,416100211
7479,416100214
7480,416100217
7481,416100227
7482,416100228
7483,416100234
7484,416100235
7485,416100240
7486,416100246
7487,416100248
7488,416100249
7489,416100252
7490,416100269
7491,416100271
7492,416100276
7493,416100279
7494,416100288
7495,416100292
7496,416100293
7497,416100298
7498,416100301
7499,416100302
7500,416100303
7501,416100305
7502,416100313
7503,416100314
7504,416100316
7505,416100318
7506,416100324
7507,416100331
7508,416100334
7509,416100335
7510,416100344
7511,416100345
7512,416200002
7513,416200003
7514,416200006
7515,416200007
7516,416200011
7517,416200015
7518,416200018
7519,416200021
7520,416200023
7521,416200027
7522,416200028
7523,416200029
7524,416200033
7525,416200041
7526,416200046
7527,416200050
7528,416200055
7529,416200067
7530,416200077
7531,416200088
7532,416200089
7533,416200091
7534,416200093
7535,416200104
7536,416200111
7537,416200197
7538,416200203
7539,416200207
7540,416300003
7541,416300007
7542,416300009
7543,416300022
7544,416300024
7545,416300025
7546,416300026
7547,416300027
7548,416300032
7549,416300033
7550,416300034
7551,416300035
7552,416300036
7553,416300038
7554,416300040
7555,416300043
7556,416300044
7557,416300057
7558,416300068
7559,416300129
7560,416300134
7561,416300135
7562,416300139
7563,416300144
7564,416300149
7565,416300157
7566,416300161
7567,416300193
7568,416300227
7569,416300289
7570,416300290
7571,416300346
7572,416300350
7573,416300351
7574,416300357
7575,416300360
7576,416300362
7577,416300363
7578,416300367
7579,416300380
7580,416300383
7581,416400001
7582,416400004
7583,416400008
7584,416400011
7585,416400016
7586,416400018
7587,416400020
7588,416400023
7589,416400036
7590,416400043
7591,416400047
7592,416400048
7593,416400054
7594,416400057
7595,416400059
7596,416400063
7597,416400064
7598,416400077
7599,416400083
7600,416400087
7601,416400109
7602,416400113
7603,416400149
7604,416400176
7605,416400201
7606,416400204
7607,416400216
7608,416400240
7609,416400241
7610,416400242
7611,416400249
7612,416400251
7613,416400257
7614,416400263
7615,416400264
7616,416400270
7617,416400273
7618,416400279
7619,416400280
7620,416400282
7621,416400284
7622,416400286
7623,416400293
7624,416400294
7625,416400298
7626,416400299
7627,416400302
7628,416400303
7629,416400306
7630,416400307
7631,416400312
7632,416400315
7633,416400316
7634,416400317
7635,416400318
7636,416400319
7637,416400320
7638,416400321
7639,416400323
7640,416400327
7641,416400331
7642,416400332
7643,416400333
7644,416400334
7645,416400338
7646,416400341
7647,416400342
7648,416400346
7649,416400347
7650,416400350
7651,416400352
7652,416400357
7653,416400360
7654,416400368
7655,416400369
7656,416400374
7657,416400385
7658,416400389
7659,416400390
7660,416400391
7661,416400395
7662,416400407
7663,416500012
7664,416500025
7665,416500031
7666,416500032
7667,416500040
7668,416500045
7669,416500055
7670,416500056
7671,416500058
7672,416500059
7673,416500064
7674,416500068
7675,416500071
7676,416500073
7677,416500075
7678,416500076
7679,416500077
7680,416500078
7681,416500079
7682,416500082
7683,416500083
7684,416500084
7685,416500087
7686,416500089
7687,416500092
7688,416500098
7689,416500099
7690,416500102
7691,416500107
7692,416500115
7693,416500117
7694,416500120
7695,416500121
7696,416500127
7697,416500130
7698,416500131
7699,416500137
7700,416500142
7701,416500145
7702,416500153
7703,416500161
7704,416500163
7705,416500167
7706,416500168
7707,416500169
7708,416500172
7709,416500176
7710,416500182
7711,416500188
7712,416500189
7713,416500191
7714,416500192
7715,416500194
7716,416500199
7717,416500200
7718,416500208
7719,416500209
7720,416500210
7721,416500217
7722,416500223
7723,416500230
7724,416500235
7725,416500238
7726,416500239
7727,416500246
7728,416500252
7729,416500254
7730,416500257
7731,416500262
7732,416500265
7733,416500270
7734,416500276
7735,416500278
7736,416500279
7737,416500281
7738,416500287
7739,416500301
7740,416500311
7741,416500314
7742,416500324
7743,416500332
7744,416500339
7745,416500341
7746,416500342
7747,416500343
7748,416500344
7749,416500346
7750,416500350
7751,416500352
7752,416500354
7753,416500355
7754,416500356
7755,416500359
7756,416500360
7757,416600008
7758,416600013
7759,416600019
7760,416600020
7761,416600024
7762,416600025
7763,416600026
7764,416600028
7765,416600032
7766,416600038
7767,416600039
7768,416600043
7769,416600047
7770,416600049
7771,416600056
7772,416600060
7773,416600061
7774,416600063
7775,416600064
7776,416600075
7777,416600089
7778,416600093
7779,416600100
7780,416600101
7781,416600103
7782,416600107
7783,416600108
7784,416600115
7785,416600118
7786,416600123
7787,416600124
7788,416600131
7789,416600134
7790,416600140
7791,416600141
7792,416600147
7793,416600148
7794,416600152
7795,416600155
7796,416600167
7797,416600170
7798,416600182
7799,416600192
7800,416600194
7801,416600199
7802,416600200
7803,416600203
7804,416600206
7805,416600214
7806,416600222
7807,416600225
7808,416600227
7809,416600229
7810,416600238
7811,416600239
7812,416600246
7813,416600248
7814,416600251
7815,416600263
7816,416600266
7817,416600271
7818,416600272
7819,416600293
7820,416600294
7821,416600296
7822,416600299
7823,416600303
7824,416600308
7825,416600311
7826,416600320
7827,416600322
7828,416600323
7829,416600324
7830,416600326
7831,416600327
7832,416600330
7833,416600333
7834,416600334
7835,416600344
7836,416600346
7837,416600348
7838,416600350
7839,416600351
7840,416600352
7841,416600354
7842,416600370
7843,416600375
7844,416600379
7845,416600381
7846,416600386
7847,416600390
7848,416600394
7849,416600397
7850,416600398
7851,416600400
7852,416600401
7853,416600405
7854,416600410
7855,416600415
7856,416700001
7857,416700002
7858,416700046
7859,416700058
7860,416700061
7861,416700082
7862,416700098
7863,416700104
7864,416700106
7865,416700109
7866,416700110
7867,416700112
7868,416700114
7869,416700115
7870,416700116
7871,416700131
7872,416700132
7873,416700143
7874,416700145
7875,416700149
7876,416700151
7877,416700162
7878,416700178
7879,416700181
7880,416700182
7881,416700189
7882,416700194
7883,416700204
7884,416700213
7885,416700214
7886,416700216
7887,416700218
7888,416700225
7889,416700226
7890,416700227
7891,416700234
7892,416700242
7893,416700243
7894,416700249
7895,416700252
7896,416700253
7897,416700266
7898,416700267
7899,416700276
7900,416700280
7901,416700282
7902,416700285
7903,416700290
7904,416700304
7905,416700309
7906,416700314
7907,416700318
7908,416700320
7909,416700323
7910,416700324
7911,416700325
7912,416700340
7913,416700342
7914,416700345
7915,416700346
7916,416700349
7917,416700358
7918,416700367
7919,416700380
7920,416700385
7921,416700392
7922,416700397
7923,416700398
7924,416700404
7925,416700409
7926,416700410
7927,416700417
7928,416700425
7929,416700429
7930,416700435
7931,416700437
7932,416700441
7933,416700449
7934,416700452
7935,416700453
7936,416700454
7937,416700457
7938,416700460
7939,416700467
7940,416700468
7941,416700473
7942,416700474
7943,416700475
7944,416700481
7945,416700489
7946,416700494
7947,416700495
7948,416700496
7949,416700497
7950,416700499
7951,416700501
7952,416700510
7953,416700511
7954,416700512
7955,416700519
7956,416700525
7957,416700533
7958,416700548
7959,416700549
7960,416700557
7961,416700561
7962,416700562
7963,416700564
7964,416700565
7965,416700572
7966,416700577
7967,416700580
7968,416800000
7969,416800011
7970,416800012
7971,416800015
7972,416800018
7973,416800021
7974,416800025
7975,416800031
7976,416800033
7977,416800039
7978,416800040
7979,416800042
7980,416800043
7981,416800048
7982,416800049
7983,416800057
7984,416800060
7985,416800063
7986,416800067
7987,416800073
7988,416800076
7989,416800077
7990,416800080
7991,416800082
7992,416800089
7993,416800096
7994,416800097
7995,416800104
7996,416800112
7997,416800115
7998,416800118
7999,416800119
8000,416800122
8001,416800123
8002,416800127
8003,416800133
8004,416800148
8005,416800159
8006,416800174
8007,416800186
8008,416800191
8009,416800199
8010,416800202
8011,416800203
8012,416800205
8013,416800209
8014,416800210
8015,416800212
8016,416800213
8017,416800215
8018,416800221
8019,416800234
8020,416800239
8021,416800244
8022,416800246
8023,416800247
8024,416800251
8025,416800254
8026,416800263
8027,416800266
8028,416800272
8029,416800276
8030,416900018
8031,416900020
8032,416900021
8033,416900022
8034,416900027
8035,416900028
8036,416900032
8037,416900033
8038,416900053
8039,416900060
8040,416900064
8041,416900072
8042,416900083
8043,416900093
8044,416900116
8045,416900123
8046,416900124
8047,416900125
8048,416900132
8049,416900137
8050,416900144
8051,416900145
8052,416900150
8053,416900160
8054,416900162
8055,416900168
8056,416900173
8057,416900175
8058,416900182
8059,416900191
8060,416900204
8061,416900209
8062,416900218
8063,416900223
8064,416900224
8065,416900225
8066,416900229
8067,416900237
8068,416900238
8069,416900239
8070,416900242
8071,416900245
8072,416900248
8073,416900249
8074,416900250
8075,416900251
8076,416900256
8077,416900260
8078,416900277
8079,416900278
8080,416900285
8081,416900286
8082,416900288
8083,416900289
8084,416900299
8085,416900300
8086,416900306
8087,416900314
8088,416900319
8089,416900329
8090,416900332
8091,416900334
8092,416900336
8093,416900340
8094,416900349
8095,416900367
8096,416900368
8097,416900369
8098,416900379
8099,416900386
8100,416900397
8101,416900399
8102,416900401
8103,416900414
8104,416900423
8105,416900424
8106,416900426
8107,416900430
8108,416900437
8109,416900439
8110,416900445
8111,417000007
8112,417000008
8113,417000025
8114,417000027
8115,417000031
8116,417000034
8117,417000035
8118,417000037
8119,417000040
8120,417000041
8121,417000066
8122,417000068
8123,417000070
8124,417000075
8125,417000076
8126,417000079
8127,417000080
8128,417000081
8129,417000086
8130,417000097
8131,417000107
8132,417000108
8133,417000111
8134,417000112
8135,417000113
8136,417000129
8137,417000136
8138,417000145
8139,417000152
8140,417000157
8141,417000163
8142,417000171
8143,417000173
8144,417000174
8145,417000178
8146,417000180
8147,417000185
8148,417000190
8149,417000205
8150,417000210
8151,417000216
8152,417000221
8153,417000233
8154,417000253
8155,417000267
8156,417000270
8157,417000276
8158,417000278
8159,417000281
8160,417000285
8161,417000287
8162,417000294
8163,417000303
8164,417000319
8165,417000323
8166,417000343
8167,417000350
8168,417000373
8169,417000378
8170,417000388
8171,417000415
8172,417000423
8173,417000434
8174,417000438
8175,417000449
8176,417000464
8177,417000469
8178,417000470
8179,417000474
8180,417000479
8181,417000480
8182,417000484
8183,417000490
8184,417000492
8185,417000506
8186,417000517
8187,417000520
8188,417000522
8189,417000526
8190,417000532
8191,417000533
8192,417000534
8193,417000537
8194,417000538
8195,417000541
8196,417000548
8197,417000552
8198,417000557
8199,417000563
8200,417000567
8201,417000573
8202,417000574
8203,417000577
8204,417000582
8205,417000583
8206,417000590
8207,417000595
8208,417000597
8209,417000598
8210,417000607
8211,417000608
8212,417000613
8213,417000616
8214,417000619
8215,417000621
8216,417000622
8217,417000628
8218,417000634
8219,417000635
8220,417000637
8221,417000641
8222,417000643
8223,417000647
8224,417000652
8225,417000654
8226,417000656
8227,417000660
8228,417000674
8229,417000675
8230,417000680
8231,417000686
8232,417000687
8233,417000693
8234,417000695
8235,417000697
8236,417000699
8237,417000701
8238,417000702
8239,417000709
8240,417000710
8241,417000712
8242,417000720
8243,417000725
8244,417000729
8245,417000732
8246,417000742
8247,417000748
8248,417000749
8249,417000750
8250,417000754
8251,417000756
8252,417000759
8253,417000761
8254,417000771
8255,417000772
8256,417000773
8257,417000777
8258,417000785
8259,417000786
8260,417000787
8261,417000791
8262,417000795
8263,417000797
8264,417000808
8265,417000820
8266,417000821
8267,417000823
8268,417000827
8269,417000832
8270,417000838
8271,417000840
8272,417000841
8273,417000843
8274,417000844
8275,417000849
8276,417000851
8277,417000852
8278,417000853
8279,417000854
8280,417000856
8281,417000862
8282,417000864
8283,417000869
8284,417000871
8285,417000879
8286,417000890
8287,417000892
8288,417000901
8289,417000903
8290,417000906
8291,417000907
8292,417000908
8293,417000911
8294,417000912
8295,417000919
8296,417000926
8297,417000927
8298,417000928
8299,417000929
8300,417000967
8301,417000977
8302,417000979
8303,417000994
8304,417000999
8305,417001004
8306,417001007
8307,417001012
8308,417001014
8309,417001021
8310,417001027
8311,417001029
8312,417001032
8313,417001037
8314,417001051
8315,417001052
8316,417001057
8317,417100006
8318,417100014
8319,417100015
8320,417100037
8321,417100038
8322,417100041
8323,417100044
8324,417100050
8325,417100052
8326,417100059
8327,417100060
8328,417100064
8329,417100065
8330,417100072
8331,417100104
8332,417100129
8333,417100176
8334,417100266
8335,417100270
8336,417100282
8337,417100288
8338,417100290
8339,417100306
8340,417100315
8341,417100323
8342,417100372
8343,417100424
8344,417100510
8345,417100563
8346,417100564
8347,417100565
8348,417100568
8349,417100569
8350,417100570
8351,417100572
8352,417100574
8353,417100582
8354,417100583
8355,417100585
8356,417100590
8357,417100594
8358,417100602
8359,417100603
8360,417100621
8361,417100626
8362,417100630
8363,417100638
8364,417100643
8365,417100650
8366,417100652
8367,417100659
8368,417100661
8369,417100664
8370,417100666
8371,417100671
8372,417100673
8373,417100686
8374,417100688
8375,417100712
8376,417100721
8377,417200083
8378,417200085
8379,417200090
8380,417200091
8381,417200098
8382,417200100
8383,417200101
8384,417200102
8385,417200108
8386,417200109
8387,417200112
8388,417200113
8389,417200115
8390,417200121
8391,417200127
8392,417200134
8393,417200136
8394,417200140
8395,417200146
8396,417200150
8397,417200152
8398,417200153
8399,417200158
8400,417200159
8401,417200164
8402,417200168
8403,417200179
8404,417200204
8405,417200215
8406,417200216
8407,417200220
8408,417200222
8409,417200228
8410,417200231
8411,417200262
8412,417200264
8413,417200267
8414,417200272
8415,417200275
8416,417200276
8417,417200281
8418,417200282
8419,417200299
8420,417200300
8421,417200303
8422,417200314
8423,417200327
8424,417200330
8425,417200338
8426,417200345
8427,417200346
8428,417200350
8429,417200354
8430,417200361
8431,417200363
8432,417200364
8433,417200372
8434,417200379
8435,417200380
8436,417200387
8437,417200396
8438,417200397
8439,417200401
8440,417200404
8441,417200406
8442,417200407
8443,417300000
8444,417300001
8445,417300004
8446,417300006
8447,417300011
8448,417300019
8449,417300020
8450,417300039
8451,417300044
8452,417300048
8453,417300053
8454,417300056
8455,417300064
8456,417300067
8457,417300069
8458,417300070
8459,417300072
8460,417300077
8461,417300089
8462,417300092
8463,417300093
8464,417300100
8465,417300115
8466,417300117
8467,417300121
8468,417300122
8469,417300123
8470,417300134
8471,417300137
8472,417300143
8473,417300144
8474,417300146
8475,417300152
8476,417300153
8477,417300157
8478,417300160
8479,417300166
8480,417300167
8481,417300172
8482,417300179
8483,417300180
8484,417300181
8485,417300193
8486,417300194
8487,417300200
8488,417300202
8489,417300203
8490,417300212
8491,417300230
8492,417300243
8493,417300254
8494,417300259
8495,417300262
8496,417300271
8497,417300283
8498,417300284
8499,417300295
8500,417300299
8501,417300302
8502,417300304
8503,417300314
8504,417300325
8505,417300332
8506,417300338
8507,417300342
8508,417300346
8509,417300347
8510,417300351
8511,417300362
8512,417300365
8513,417300383
8514,417300388
8515,417300392
8516,417300397
8517,417300398
8518,417300400
8519,417300405
8520,417300407
8521,417300408
8522,417300424
8523,417300425
8524,417300431
8525,417300432
8526,417300435
8527,417300436
8528,417300437
8529,417300440
8530,417300443
8531,417300445
8532,417300452
8533,417300453
8534,417300461
8535,417300462
8536,417300465
8537,417300471
8538,417300502
8539,417300507
8540,417300510
8541,417300521
8542,417300526
8543,417300549
8544,417300555
8545,417300565
8546,417300566
8547,417300572
8548,417300576
8549,417300580
8550,417300583
8551,417300587
8552,417300596
8553,417300609
8554,417400011
8555,417400016
8556,417400021
8557,417400024
8558,417400032
8559,417400033
8560,417400037
8561,417400042
8562,417400045
8563,417400047
8564,417400055
8565,417400058
8566,417400060
8567,417400061
8568,417400062
8569,417400063
8570,417400071
8571,417400072
8572,417400073
8573,417400079
8574,417400081
8575,417400088
8576,417400093
8577,417400166
8578,417400171
8579,417400173
8580,417400193
8581,417400234
8582,417400258
8583,417500000
8584,417500004
8585,417500012
8586,417500023
8587,417500025
8588,417500031
8589,417500041
8590,417500044
8591,417500045
8592,417500047
8593,417500049
8594,417500052
8595,417500053
8596,417500056
8597,417500066
8598,417500067
8599,417500096
8600,417500117
8601,417500118
8602,417500120
8603,417500121
8604,417500124
8605,417500125
8606,417500129
8607,417500132
8608,417500133
8609,417500134
8610,417500135
8611,417500141
8612,417500142
8613,417500145
8614,417500146
8615,417500150
8616,417500151
8617,417500159
8618,417500164
8619,417500169
8620,417500173
8621,417500176
8622,417500185
8623,417500188
8624,417500192
8625,417500195
8626,417500197
8627,417500198
8628,417500200
8629,417500201
8630,417500202
8631,417500203
8632,417500205
8633,417500206
8634,417500209
8635,417500213
8636,417500221
8637,417500222
8638,417500228
8639,417500232
8640,417500237
8641,417500239
8642,417500240
8643,417500246
8644,417500249
8645,417500254
8646,417500274
8647,417500284
8648,417500293
8649,417500296
8650,417500298
8651,417500303
8652,417500308
8653,417500310
8654,417500339
8655,417500342
8656,417500343
8657,417500346
8658,417500352
8659,417500353
8660,417500355
8661,417500356
8662,417500361
8663,417500365
8664,417500368
8665,417500372
8666,417500373
8667,417500380
8668,417500381
8669,417500383
8670,417500384
8671,417500387
8672,417500389
8673,417500391
8674,417500396
8675,417500397
8676,417500401
8677,417500404
8678,417500405
8679,417500407
8680,417500412
8681,417500418
8682,417500421
8683,417500423
8684,417500434
8685,417500435
8686,417500445
8687,417500455
8688,417500461
8689,417500462
8690,417500463
8691,417500469
8692,417500477
8693,417500485
8694,417500487
8695,417500488
8696,417500489
8697,417500494
8698,417500500
8699,417500509
8700,417500511
8701,417500514
8702,417500532
8703,417500545
8704,417500547
8705,417500550
8706,417500551
8707,417500561
8708,417500562
8709,417500576
8710,417500598
8711,417500605
8712,417500606
8713,417500607
8714,417500610
8715,417500615
8716,417500622
8717,417500623
8718,417500633
8719,417500655
8720,417500656
8721,417500664
8722,417500667
8723,417500674
8724,417500698
8725,417500704
8726,417600000
8727,417600002
8728,417600005
8729,417600009
8730,417600010
8731,417600012
8732,417600024
8733,417600033
8734,417600044
8735,417600055
8736,417600065
8737,417600070
8738,417600084
8739,417600086
8740,417600087
8741,417600092
8742,417600097
8743,417600105
8744,417600107
8745,417600109
8746,417600110
8747,417600111
8748,417600113
8749,417600117
8750,417600122
8751,417600127
8752,417600131
8753,417600132
8754,417600141
8755,417600142
8756,417600145
8757,417600146
8758,417600147
8759,417600150
8760,417600151
8761,417600152
8762,417600154
8763,417600155
8764,417600157
8765,417600158
8766,417600160
8767,417600162
8768,417600165
8769,417600166
8770,417600167
8771,417600169
8772,417600170
8773,417600172
8774,417600177
8775,417600182
8776,417600194
8777,417600195
8778,417600197
8779,417600205
8780,417600230
8781,417600238
8782,417600240
8783,417600246
8784,417600250
8785,417600253
8786,417600254
8787,417600258
8788,417600259
8789,417600262
8790,417600267
8791,417600270
8792,417600272
8793,417600274
8794,417600275
8795,417600276
8796,417600277
8797,417600278
8798,417600279
8799,417600283
8800,417600284
8801,417600287
8802,417600289
8803,417600292
8804,417600296
8805,417600299
8806,417600300
8807,417600306
8808,417600310
8809,417600313
8810,417600317
8811,417600318
8812,417600319
8813,417600321
8814,417600339
8815,417600341
8816,417600343
8817,417600351
8818,417600375
8819,417600376
8820,417700002
8821,417700003
8822,417700009
8823,417700021
8824,417700051
8825,417700054
8826,417700056
8827,417700058
8828,417700059
8829,417700062
8830,417700067
8831,417700082
8832,417700085
8833,417700086
8834,417700091
8835,417700094
8836,417700105
8837,417700109
8838,417700110
8839,417700113
8840,417700114
8841,417700168
8842,417800004
8843,417800011
8844,417800023
8845,417800024
8846,417800028
8847,417800031
8848,417800034
8849,417800038
8850,417800041
8851,417800049
8852,417800051
8853,417800055
8854,417800060
8855,417800061
8856,417800075
8857,417800090
8858,417800120
8859,417800140
8860,417800249
8861,417900000
8862,417900009
8863,417900018
8864,417900019
8865,417900022
8866,417900044
8867,417900054
8868,417900055
8869,417900060
8870,417900074
8871,417900082
8872,417900092
8873,417900093
8874,417900094
8875,417900095
8876,417900109
8877,417900110
8878,417900112
8879,417900113
8880,417900114
8881,417900117
8882,417900119
8883,417900125
8884,417900126
8885,417900127
8886,417900128
8887,417900132
8888,417900133
8889,417900134
8890,417900137
8891,417900139
8892,417900143
8893,417900144
8894,417900145
8895,417900146
8896,417900164
8897,417900165
8898,417900168
8899,417900171
8900,417900175
8901,417900176
8902,417900180
8903,417900182
8904,417900184
8905,417900191
8906,417900194
8907,417900204
8908,417900205
8909,417900207
8910,417900210
8911,417900211
8912,417900214
8913,417900215
8914,417900219
8915,417900225
8916,417900226
8917,417900227
8918,417900230
8919,417900239
8920,417900241
8921,417900242
8922,417900243
8923,417900244
8924,417900245
8925,417900246
8926,417900250
8927,417900267
8928,417900273
8929,417900276
8930,417900277
8931,417900279
8932,417900280
8933,417900281
8934,417900283
8935,417900285
8936,417900286
8937,417900293
8938,417900295
8939,417900296
8940,417900297
8941,417900311
8942,417900317
8943,417900318
8944,417900319
8945,417900324
8946,417900326
8947,417900329
8948,417900334
8949,417900344
8950,417900346
8951,417900364
8952,417900367
8953,417900368
8954,417900376
8955,417900377
8956,417900390
8957,417900404
8958,417900407
8959,417900408
8960,417900413
8961,417900415
8962,417900425
8963,417900427
8964,417900428
8965,417900442
8966,417900448
8967,417900455
8968,417900457
8969,417900460
8970,417900462
8971,417900464
8972,417900473
8973,417900480
8974,417900491
8975,417900504
8976,417900507
8977,417900512
8978,417900513
8979,417900523
8980,417900527
8981,417900530
8982,417900534
8983,417900537
8984,417900542
8985,417900545
8986,417900546
8987,417900547
8988,417900549
8989,417900552
8990,417900555
8991,417900556
8992,417900562
8993,417900563
8994,417900570
8995,417900572
8996,418000002
8997,418000004
8998,418000005
8999,418000006
9000,418000014
9001,418000015
9002,418000022
9003,418000023
9004,418000024
9005,418000043
9006,418000045
9007,418000046
9008,418000047
9009,418000049
9010,418000051
9011,418000055
9012,418000059
9013,418000060
9014,418000062
9015,418000065
9016,418000069
9017,418000070
9018,418000072
9019,418000084
9020,418000087
9021,418000091
9022,418000093
9023,418000095
9024,418000098
9025,418000099
9026,418000101
9027,418000105
9028,418000107
9029,418000108
9030,418000110
9031,418000112
9032,418000116
9033,418000118
9034,418000121
9035,418000123
9036,418000124
9037,418000126
9038,418000128
9039,418000131
9040,418000135
9041,418000138
9042,418000147
9043,418000157
9044,418000158
9045,418000175
9046,418000189
9047,418000192
9048,418000198
9049,418000203
9050,418000213
9051,418000218
9052,418000219
9053,418000220
9054,418000221
9055,418000226
9056,418000240
9057,418000253
9058,418000255
9059,418000257
9060,418000260
9061,418000267
9062,418000268
9063,418000269
9064,418000270
9065,418000277
9066,418000280
9067,418000289
9068,418000302
9069,418000309
9070,418000316
9071,418000317
9072,418000320
9073,418000321
9074,418000322
9075,418000323
9076,418000325
9077,418000327
9078,418000329
9079,418000343
9080,418000344
9081,418000350
9082,418000355
9083,418000356
9084,418000357
9085,418000358
9086,418000365
9087,418000367
9088,418000371
9089,418000376
9090,418000378
9091,418000382
9092,418100022
9093,418100171
9094,418200089
9095,418200165
9096,418400056
9097,418400191
9098,418400227
9099,418400320
9100,418400322
9101,418500165
9102,418600090
9103,418700030
9104,418700066
9105,418700116
9106,418700124
9107,418700161
9108,418700208
9109,418700213
9110,418700225
9111,418700267
9112,418700269
9113,418700276
9114,418700310
9115,418700438
9116,418700439
9117,418700488
9118,418700489
9119,418700499
9120,418700509
9121,418700525
9122,418700535
9123,418700539
9124,418700540
9125,418700541
9126,418700545
9127,418700562
9128,418700565
9129,418700571
9130,418700579
9131,418700584
9132,418700587
9133,418700605
9134,418700607
9135,418700617
9136,418700621
9137,418700628
9138,418700633
9139,418700634
9140,418800000
9141,418800001
9142,418800017
9143,418800018
9144,418800021
9145,418800029
9146,418800032
9147,418800036
9148,418800040
9149,418800042
9150,418800043
9151,418800046
9152,418800049
9153,418800050
9154,418800057
9155,418800059
9156,418800061
9157,418800066
9158,418800067
9159,418800068
9160,418800075
9161,418800079
9162,418800086
9163,418800087
9164,418800088
9165,418800100
9166,418800102
9167,418800104
9168,418800109
9169,418800115
9170,418800116
9171,418800117
9172,418800120
9173,418800128
9174,418800130
9175,418800131
9176,418800135
9177,418800136
9178,418800137
9179,418800138
9180,418800139
9181,418800141
9182,418800143
9183,418800151
9184,418800154
9185,418800160
9186,418800161
9187,418800162
9188,418800169
9189,418800191
9190,418800196
9191,418800202
9192,418800203
9193,418800209
9194,418800222
9195,418800225
9196,418800233
9197,418800235
9198,418800238
9199,418800241
9200,418800247
9201,418800249
9202,418800252
9203,418800254
9204,418800258
9205,418800267
9206,418800270
9207,418800275
9208,418800277
9209,418800278
9210,418800285
9211,418800289
9212,418800292
9213,418800305
9214,418800306
9215,418800310
9216,418800315
9217,418800318
9218,418800323
9219,418800332
9220,418800343
9221,418800345
9222,418800348
9223,418800349
9224,418800351
9225,418800358
9226,418800365
9227,418800372
9228,418800399
9229,418800405
9230,418800406
9231,418800411
9232,418800415
9233,418800418
9234,418800419
9235,418800422
9236,418800431
9237,418800432
9238,418800433
9239,418800436
9240,418800437
9241,418800438
9242,418800448
9243,418900001
9244,418900003
9245,418900014
9246,418900018
9247,418900041
9248,418900049
9249,418900056
9250,418900057
9251,418900059
9252,418900077
9253,418900088
9254,418900102
9255,418900111
9256,418900114
9257,418900115
9258,418900128
9259,418900139
9260,418900141
9261,418900142
9262,418900151
9263,418900162
9264,418900175
9265,418900184
9266,418900192
9267,418900193
9268,419000001
9269,419000018
9270,419000021
9271,419000022
9272,419000032
9273,419000039
9274,419000041
9275,419000043
9276,419000045
9277,419000047
9278,419000049
9279,419000055
9280,419000063
9281,419000065
9282,419000068
9283,419000075
9284,419000081
9285,419000084
9286,419000089
9287,419000093
9288,419000095
9289,419000098
9290,419000103
9291,419000108
9292,419000109
9293,419000110
9294,419000115
9295,419000117
9296,419000118
9297,419000124
9298,419000127
9299,419000137
9300,419000140
9301,419000143
9302,419000154
9303,419000156
9304,419000157
9305,419000159
9306,419000160
9307,419000162
9308,419000164
9309,419000173
9310,419000180
9311,419000183
9312,419000188
9313,419000196
9314,419000198
9315,419000199
9316,419000222
9317,419000224
9318,419000226
9319,419000232
9320,419000240
9321,419000250
9322,419000253
9323,419000259
9324,419000264
9325,419000266
9326,419000267
9327,419100001
9328,419100006
9329,419100014
9330,419100018
9331,419100024
9332,419100029
9333,419100036
9334,419100043
9335,419100046
9336,419100050
9337,419100051
9338,419100057
9339,419100068
9340,419100072
9341,419100078
9342,419100084
9343,419100087
9344,419100088
9345,419100090
9346,419100097
9347,419100098
9348,419100101
9349,419100102
9350,419100108
9351,419100112
9352,419100113
9353,419100117
9354,419100123
9355,419100135
9356,419100136
9357,419100137
9358,419100139
9359,419100140
9360,419100143
9361,419100148
9362,419100153
9363,419100156
9364,419100158
9365,419100161
9366,419100162
9367,419100163
9368,419100171
9369,419100172
9370,419100173
9371,419100178
9372,419100184
9373,419100192
9374,419100193
9375,419100195
9376,419100207
9377,419100208
9378,419100210
9379,419100211
9380,419100217
9381,419100218
9382,419100219
9383,419100222
9384,419100224
9385,419100225
9386,419100227
9387,419100228
9388,419100229
9389,419100231
9390,419100235
9391,419100237
9392,419100241
9393,419100242
9394,419100243
9395,419100249
9396,419100250
9397,419100253
9398,419100254
9399,419100257
9400,419100258
9401,419100260
9402,419100266
9403,419100272
9404,419100276
9405,419100277
9406,419100287
9407,419100292
9408,419100307
9409,419100311
9410,419100313
9411,419100315
9412,419100318
9413,419100319
9414,419100321
9415,419100322
9416,419100324
9417,419100325
9418,419100327
9419,419100330
9420,419100352
9421,419100355
9422,419100362
9423,419100365
9424,419100366
9425,419100369
9426,419100373
9427,419100381
9428,419100384
9429,419100393
9430,419100404
9431,419100407
9432,419100415
9433,419100420
9434,419100421
9435,419100429
9436,419100430
9437,419100448
9438,419100462
9439,419100471
9440,419100485
9441,419100487
9442,419100503
9443,419100504
9444,419100511
9445,419100514
9446,419100518
9447,419100523
9448,419100526
9449,419100528
9450,419100532
9451,419100537
9452,419100543
9453,419100546
9454,419100550
9455,419100552
9456,419100562
9457,419100564
9458,419100575
9459,419100580
9460,419100584
9461,419100592
9462,419100608
9463,419200000
9464,419200016
9465,419200020
9466,419200021
9467,419200024
9468,419200047
9469,419200048
9470,419200051
9471,419200066
9472,419200072
9473,419200078
9474,419200083
9475,419200085
9476,419200086
9477,419200088
9478,419200089
9479,419200090
9480,419200097
9481,419200100
9482,419200108
9483,419200111
9484,419200125
9485,419200127
9486,419200134
9487,419200136
9488,419200145
9489,419200146
9490,419200155
9491,419200167
9492,419200176
9493,419200186
9494,419200192
9495,419300002
9496,419300005
9497,419300007
9498,419300009
9499,419300011
9500,419300015
9501,419300022
9502,419300023
9503,419300037
9504,419300038
9505,419300039
9506,419300040
9507,419300041
9508,419300043
9509,419300060
9510,419300072
9511,419300076
9512,419300081
9513,419300085
9514,419300092
9515,419300099
9516,419300101
9517,419300112
9518,419300118
9519,419300119
9520,419300121
9521,419300122
9522,419300128
9523,419300141
9524,419300144
9525,419300150
9526,419300155
9527,419300170
9528,419300178
9529,419300186
9530,419300201
9531,419300203
9532,419300217
9533,419300218
9534,419300225
9535,419300227
9536,419300229
9537,419300235
9538,419300241
9539,419300242
9540,419300245
9541,419300254
9542,419300257
9543,419300258
9544,419300262
9545,419300265
9546,419300270
9547,419300271
9548,419300280
9549,419300283
9550,419300289
9551,419400002
9552,419400009
9553,419400012
9554,419400015
9555,419400016
9556,419400019
9557,419400022
9558,419400024
9559,419400058
9560,419400066
9561,419400067
9562,419400075
9563,419400078
9564,419400080
9565,419400089
9566,419400093
9567,419400094
9568,419400095
9569,419400096
9570,419400097
9571,419400099
9572,419400102
9573,419400115
9574,419400118
9575,419400120
9576,419400125
9577,419400127
9578,419400128
9579,419400133
9580,419400135
9581,419400136
9582,419400150
9583,419400153
9584,419400157
9585,419400158
9586,419400160
9587,419400161
9588,419400166
9589,419400167
9590,419400171
9591,419500050
9592,419500051
9593,419500055
9594,419500072
9595,419500074
9596,419500076
9597,419500078
9598,419500081
9599,419500082
9600,419500089
9601,419500092
9602,419500099
9603,419500103
9604,419500106
9605,419500107
9606,419500111
9607,419500122
9608,419500134
9609,419500135
9610,419500139
9611,419500140
9612,419500142
9613,419500146
9614,419500147
9615,419500153
9616,419500154
9617,419500159
9618,419500160
9619,419500176
9620,419600045
9621,419600079
9622,419600101
9623,419600105
9624,419700007
9625,419700008
9626,419700009
9627,419700011
9628,419700018
9629,419700028
9630,419700041
9631,419700135
9632,419700199
9633,419700201
9634,419700204
9635,419700205
9636,419700217
9637,419700225
9638,419700234
9639,419700237
9640,419700245
9641,419700248
9642,419700255
9643,419700261
9644,419700263
9645,419700264
9646,419700266
9647,419700272
9648,419700278
9649,419700282
9650,419700288
9651,419700289
9652,419700291
9653,419700294
9654,419700297
9655,419700299
9656,419700310
9657,419700311
9658,419700313
9659,419700334
9660,419700335
9661,419700341
9662,419700351
9663,419700364
9664,419700379
9665,419700380
9666,419700381
9667,419700383
9668,419700389
9669,419700390
9670,419700391
9671,419700392
9672,419700399
9673,419700400
9674,419700403
9675,419700407
9676,419700417
9677,419700419
9678,419700421
9679,419700430
9680,419700432
9681,419700434
9682,419700436
9683,419700440
9684,419700442
9685,419700445
9686,419800014
9687,419800018
9688,419800020
9689,419800021
9690,419800031
9691,419800036
9692,419800043
9693,419800045
9694,419800048
9695,419800055
9696,419800058
9697,419800060
9698,419800072
9699,419800076
9700,419800086
9701,419800108
9702,419800130
9703,419800131
9704,419800133
9705,419800134
9706,419800139
9707,419800154
9708,419800158
9709,419800164
9710,419800165
9711,419800173
9712,419800174
9713,419800188
9714,419800191
9715,419800192
9716,419800207
9717,419800217
9718,419800220
9719,419800222
9720,419800242
9721,419800260
9722,419800261
9723,419800263
9724,419800279
9725,419800285
9726,419800286
9727,419800290
9728,419800293
9729,419800306
9730,419800316
9731,419800319
9732,419800320
9733,419800323
9734,419800327
9735,419800330
9736,419800331
9737,419800341
9738,419800350
9739,419800351
9740,419800370
9741,419800373
9742,419800377
9743,419800382
9744,419800385
9745,419800387
9746,419800388
9747,419800415
9748,419800418
9749,419800425
9750,419900000
9751,419900001
9752,419900002
9753,419900004
9754,419900005
9755,419900006
9756,419900008
9757,419900011
9758,419900012
9759,419900013
9760,419900015
9761,419900020
9762,419900025
9763,419900027
9764,419900028
9765,419900029
9766,419900030
9767,419900036
9768,419900037
9769,419900042
9770,419900043
9771,419900051
9772,419900053
9773,419900059
9774,419900060
9775,419900061
9776,419900076
9777,419900080
9778,419900083
9779,419900085
9780,419900093
9781,419900096
9782,419900097
9783,419900098
9784,419900105
9785,419900108
9786,419900112
9787,419900114
9788,419900121
9789,419900128
9790,419900142
9791,419900145
9792,419900149
9793,419900150
9794,419900151
9795,419900157
9796,419900167
9797,419900169
9798,419900182
9799,419900198
9800,419900224
9801,419900225
9802,419900226
9803,419900234
9804,419900236
9805,419900244
9806,419900246
9807,419900249
9808,419900252
9809,419900253
9810,419900272
9811,419900273
9812,419900281
9813,419900285
9814,419900295
9815,419900312
9816,419900313
9817,419900318
9818,419900319
9819,419900320
9820,419900336
9821,419900340
9822,419900342
9823,419900346
9824,419900348
9825,419900349
9826,419900350
9827,419900351
9828,419900353
9829,419900365
9830,420000000
9831,420000022
9832,420000023
9833,420000028
9834,420000034
9835,420000035
9836,420000037
9837,420000038
9838,420000045
9839,420000046
9840,420000053
9841,420000056
9842,420000057
9843,420000061
9844,420000062
9845,420000064
9846,420000065
9847,420000072
9848,420000074
9849,420000076
9850,420000079
9851,420000087
9852,420000088
9853,420000095
9854,420000098
9855,420000101
9856,420000113
9857,420000115
9858,420000129
9859,420000130
9860,420000131
9861,420000132
9862,420000136
9863,420000145
9864,420000154
9865,420000158
9866,420000164
9867,420000172
9868,420000183
9869,420000190
9870,420000191
9871,420000196
9872,420000212
9873,420000213
9874,420000214
9875,420000233
9876,420000236
9877,420000249
9878,420000251
9879,420000268
9880,420000269
9881,420000272
9882,420000277
9883,420000281
9884,420000292
9885,420000297
9886,420000298
9887,420000299
9888,420000300
9889,420000305
9890,420000307
9891,420000308
9892,420000311
9893,420000312
9894,420000314
9895,420000318
9896,420000322
9897,420000323
9898,420000325
9899,420000327
9900,420000334
9901,420000336
9902,420000358
9903,420000362
9904,420000368
9905,420000369
9906,420000371
9907,420000374
9908,420000384
9909,420000411
9910,420000421
9911,420000422
9912,420000424
9913,420000426
9914,420000428
9915,420000429
9916,420000438
9917,420000439
9918,420000440
9919,420100003
9920,420100006
9921,420100015
9922,420100016
9923,420100017
9924,420100019
9925,420100031
9926,420100035
9927,420100036
9928,420100037
9929,420100040
9930,420100042
9931,420100047
9932,420100052
9933,420100057
9934,420100064
9935,420100065
9936,420100067
9937,420100070
9938,420100072
9939,420100073
9940,420100074
9941,420100080
9942,420100082
9943,420100083
9944,420100092
9945,420100101
9946,420100103
9947,420100106
9948,420100111
9949,420100112
9950,420100113
9951,420100114
9952,420100115
9953,420100116
9954,420100118
9955,420100120
9956,420100131
9957,420100132
9958,420100134
9959,420100136
9960,420100137
9961,420100138
9962,420100141
9963,420100142
9964,420100145
9965,420100147
9966,420100152
9967,420100156
9968,420100161
9969,420100162
9970,420100177
9971,420100178
9972,420100184
9973,420100201
9974,420100202
9975,420100212
9976,420100216
9977,420100224
9978,420100232
9979,420100234
9980,420100243
9981,420100244
9982,420100245
9983,420100246
9984,420100253
9985,420100254
9986,420100270
9987,420100273
9988,420100278
9989,420100286
9990,420100288
9991,420100292
9992,420100293
9993,420100296
9994,420100308
9995,420100309
9996,420100311
9997,420100312
9998,420100319
9999,420100323
10000,420100327
10001,420100330
10002,420100335
10003,420100339
10004,420100341
10005,420100343
10006,420100354
10007,420100356
10008,420100363
10009,420100365
10010,420100369
10011,420100375
10012,420100378
10013,420100383
10014,420100386
10015,420100388
10016,420100392
10017,420100403
10018,420100411
10019,420100413
10020,420100414
10021,420200073
10022,420200085
10023,420200094
10024,420200126
10025,420200294
10026,420200301
10027,420300009
10028,420300024
10029,420300027
10030,420300028
10031,420300030
10032,420300038
10033,420300043
10034,420300057
10035,420300064
10036,420300065
10037,420300067
10038,420300070
10039,420300071
10040,420300075
10041,420300076
10042,420300077
10043,420300078
10044,420300081
10045,420300085
10046,420300095
10047,420300105
10048,420300108
10049,420300114
10050,420300122
10051,420300138
10052,420300140
10053,420300142
10054,420300150
10055,420300154
10056,420300171
10057,420300180
10058,420300183
10059,420300184
10060,420300185
10061,420300208
10062,420300237
10063,420300242
10064,420300247
10065,420300257
10066,420300258
10067,420300259
10068,420300264
10069,420300265
10070,420300271
10071,420300272
10072,420300273
10073,420300274
10074,420300278
10075,420300281
10076,420300283
10077,420300287
10078,420300289
10079,420300293
10080,420300294
10081,420300295
10082,420300298
10083,420300299
10084,420300302
10085,420300304
10086,420300307
10087,420300308
10088,420300310
10089,420300312
10090,420300317
10091,420300328
10092,420300332
10093,420300348
10094,420300349
10095,420300352
10096,420300359
10097,420300371
10098,420300384
10099,420300385
10100,420300387
10101,420400009
10102,420400014
10103,420400017
10104,420400020
10105,420400021
10106,420400022
10107,420400023
10108,420400025
10109,420400026
10110,420400027
10111,420400028
10112,420400040
10113,420400042
10114,420400047
10115,420400050
10116,420400053
10117,420400058
10118,420400064
10119,420400066
10120,420400068
10121,420400083
10122,420400102
10123,420400126
10124,420400142
10125,420400156
10126,420400157
10127,420400171
10128,420400174
10129,420400175
10130,420400177
10131,420400194
10132,420400195
10133,420400201
10134,420400203
10135,420400205
10136,420400207
10137,420400210
10138,420400211
10139,420400216
10140,420400222
10141,420400241
10142,420400244
10143,420400249
10144,420400250
10145,420400259
10146,420400260
10147,420400262
10148,420400272
10149,420400273
10150,420400275
10151,420400278
10152,420400283
10153,420400285
10154,420400286
10155,420400291
10156,420400299
10157,420400310
10158,420400317
10159,420400327
10160,420400330
10161,420400341
10162,420400353
10163,420400355
10164,420400363
10165,420400364
10166,420400365
10167,420400369
10168,420400370
10169,420400375
10170,420400383
10171,420400385
10172,420400386
10173,420400390
10174,420400394
10175,420400395
10176,420400403
10177,420400404
10178,420400410
10179,420400412
10180,420400413
10181,420400415
10182,420400417
10183,420400423
10184,420400425
10185,420400429
10186,420400432
10187,420400434
10188,420400435
10189,420400437
10190,420400439
10191,420400441
10192,420400444
10193,420400447
10194,420400451
10195,420400453
10196,420400456
10197,420400458
10198,420400460
10199,420400464
10200,420400466
10201,420400469
10202,420400471
10203,420400473
10204,420400475
10205,420400476
10206,420400478
10207,420400483
10208,420400485
10209,420400486
10210,420400487
10211,420400488
10212,420400489
10213,420400490
10214,420400491
10215,420400493
10216,420400495
10217,420400499
10218,420400503
10219,420400504
10220,420400511
10221,420400514
10222,420400515
10223,420400516
10224,420400519
10225,420400520
10226,420400521
10227,420400525
10228,420400526
10229,420400529
10230,420400530
10231,420400533
10232,420400535
10233,420400546
10234,420400553
10235,420400557
10236,420400559
10237,420400570
10238,420400572
10239,420400574
10240,420400576
10241,420400581
10242,420400594
10243,420400601
10244,420400609
10245,420500018
10246,420500022
10247,420500027
10248,420500029
10249,420500032
10250,420500037
10251,420500047
10252,420500051
10253,420500052
10254,420500057
10255,420500060
10256,420500063
10257,420500069
10258,420500074
10259,420500094
10260,420500097
10261,420500098
10262,420500114
10263,420500124
10264,420500129
10265,420500143
10266,420500157
10267,420500164
10268,420500180
10269,420500183
10270,420500189
10271,420500205
10272,420500211
10273,420500216
10274,420500217
10275,420500225
10276,420500232
10277,420500261
10278,420500264
10279,420500270
10280,420500279
10281,420500289
10282,420500290
10283,420500302
10284,420500316
10285,420500320
10286,420500323
10287,420500328
10288,420500334
10289,420500335
10290,420500352
10291,420500353
10292,420500370
10293,420500374
10294,420500377
10295,420500380
10296,420500384
10297,420500385
10298,420500389
10299,420500392
10300,420500394
10301,420500395
10302,420500396
10303,420500397
10304,420500402
10305,420500406
10306,420500410
10307,420500413
10308,420500415
10309,420500417
10310,420500422
10311,420500425
10312,420500437
10313,420500438
10314,420500440
10315,420500441
10316,420500443
10317,420500447
10318,420500452
10319,420500453
10320,420500464
10321,420500465
10322,420500466
10323,420500468
10324,420500470
10325,420500475
10326,420500480
10327,420500485
10328,420500499
10329,420500507
10330,420500510
10331,420500513
10332,420500517
10333,420500519
10334,420500525
10335,420500526
10336,420500529
10337,420500531
10338,420500532
10339,420500537
10340,420500542
10341,420500568
10342,420500594
10343,420500598
10344,420500603
10345,420500610
10346,420500616
10347,420500623
10348,420500624
10349,420500627
10350,420500639
10351,420500641
10352,420500645
10353,420500653
10354,420500654
10355,420500659
10356,420500660
10357,420500662
10358,420500663
10359,420500666
10360,420500669
10361,420500670
10362,420500671
10363,420500678
10364,420500679
10365,420500686
10366,420500691
10367,420500692
10368,420500697
10369,420500713
10370,420500714
10371,420500717
10372,420600010
10373,420600011
10374,420600019
10375,420600020
10376,420600039
10377,420600066
10378,420600073
10379,420600077
10380,420600097
10381,420600100
10382,420600105
10383,420600106
10384,420600109
10385,420600111
10386,420600113
10387,420600117
10388,420600119
10389,420600121
10390,420600125
10391,420600129
10392,420600131
10393,420600137
10394,420600138
10395,420600141
10396,420600143
10397,420600144
10398,420600148
10399,420600150
10400,420600151
10401,420600152
10402,420600153
10403,420600154
10404,420600161
10405,420600167
10406,420600168
10407,420600171
10408,420600173
10409,420600175
10410,420600182
10411,420600184
10412,420600185
10413,420600189
10414,420600197
10415,420600199
10416,420600201
10417,420600203
10418,420600205
10419,420600210
10420,420600211
10421,420600212
10422,420600220
10423,420600221
10424,420600222
10425,420600227
10426,420600234
10427,420600239
10428,420600241
10429,420600248
10430,420600252
10431,420600253
10432,420600259
10433,420600270
10434,420600278
10435,420600285
10436,420600296
10437,420600312
10438,420600313
10439,420600317
10440,420600320
10441,420600324
10442,420600340
10443,420600347
10444,420600358
10445,420600359
10446,420600366
10447,420600367
10448,420600369
10449,420600371
10450,420600380
10451,420600389
10452,420600390
10453,420600393
10454,420600394
10455,420600402
10456,420600408
10457,420600410
10458,420600411
10459,420600414
10460,420600416
10461,420600417
10462,420600421
10463,420600422
10464,420600426
10465,420600437
10466,420600453
10467,420600454
10468,420600458
10469,420600477
10470,420600481
10471,420600484
10472,420600493
10473,420600495
10474,420600503
10475,420600504
10476,420700011
10477,420700013
10478,420700020
10479,420700035
10480,420700039
10481,420700042
10482,420700044
10483,420700047
10484,420700055
10485,420700059
10486,420700069
10487,420700071
10488,420700073
10489,420700082
10490,420700084
10491,420700088
10492,420700093
10493,420700096
10494,420700104
10495,420700106
10496,420700117
10497,420700120
10498,420700124
10499,420700133
10500,420700135
10501,420700140
10502,420700145
10503,420700150
10504,420700153
10505,420700156
10506,420700160
10507,420700161
10508,420700162
10509,420700163
10510,420700173
10511,420700174
10512,420700183
10513,420700190
10514,420700192
10515,420700205
10516,420700209
10517,420700220
10518,420700223
10519,420700226
10520,420700227
10521,420700232
10522,420700241
10523,420700245
10524,420700247
10525,420700252
10526,420700258
10527,420700259
10528,420700272
10529,420700273
10530,420700275
10531,420700285
10532,420700300
10533,420700302
10534,420700316
10535,420700325
10536,420700328
10537,420700330
10538,420700343
10539,420700347
10540,420700351
10541,420700357
10542,420700366
10543,420700388
10544,420700393
10545,420700394
10546,420700403
10547,420800006
10548,420800013
10549,420800026
10550,420800028
10551,420800030
10552,420800031
10553,420800033
10554,420800034
10555,420800035
10556,420800041
10557,420800044
10558,420800046
10559,420800049
10560,420800051
10561,420800052
10562,420800053
10563,420800055
10564,420800067
10565,420800069
10566,420800078
10567,420800081
10568,420800082
10569,420800084
10570,420800086
10571,420800088
10572,420800090
10573,420800093
10574,420800095
10575,420800097
10576,420800099
10577,420800100
10578,420800101
10579,420800103
10580,420800104
10581,420800108
10582,420800113
10583,420800114
10584,420800115
10585,420800121
10586,420800122
10587,420800123
10588,420800126
10589,420800129
10590,420800134
10591,420800141
10592,420800145
10593,420800146
10594,420800147
10595,420800148
10596,420800150
10597,420800160
10598,420800172
10599,420800175
10600,420800178
10601,420800189
10602,420800192
10603,420800193
10604,420800198
10605,420800202
10606,420800221
10607,420800222
10608,420800225
10609,420800228
10610,420800237
10611,420800244
10612,420800250
10613,420800258
10614,420800261
10615,420800272
10616,420800281
10617,420800282
10618,420800288
10619,420800289
10620,420800292
10621,420800297
10622,420800301
10623,420800305
10624,420800307
10625,420800315
10626,420800324
10627,420800326
10628,420800330
10629,420800332
10630,420800336
10631,420800338
10632,420800340
10633,420800344
10634,420800349
10635,420800351
10636,420800355
10637,420800358
10638,420800364
10639,420800365
10640,420800366
10641,420800368
10642,420800370
10643,420800375
10644,420800380
10645,420800388
10646,420800395
10647,420800399
10648,420900022
10649,420900062
10650,420900063
10651,420900064
10652,420900068
10653,420900069
10654,420900079
10655,420900081
10656,420900089
10657,420900097
10658,420900099
10659,420900104
10660,420900105
10661,420900110
10662,420900117
10663,420900121
10664,420900129
10665,420900130
10666,420900133
10667,420900136
10668,420900139
10669,420900140
10670,420900141
10671,420900143
10672,420900148
10673,420900151
10674,420900153
10675,420900154
10676,420900155
10677,420900157
10678,420900162
10679,420900166
10680,420900170
10681,420900172
10682,420900173
10683,420900175
10684,420900182
10685,420900183
10686,420900197
10687,420900200
10688,420900211
10689,420900213
10690,420900214
10691,420900216
10692,420900221
10693,420900222
10694,420900223
10695,420900224
10696,420900227
10697,420900230
10698,420900231
10699,420900233
10700,420900234
10701,420900236
10702,420900238
10703,420900241
10704,420900242
10705,420900245
10706,420900265
10707,420900268
10708,420900269
10709,420900271
10710,420900272
10711,420900275
10712,420900278
10713,420900290
10714,420900291
10715,420900293
10716,420900296
10717,420900298
10718,420900299
10719,420900304
10720,420900322
10721,420900323
10722,420900325
10723,420900328
10724,420900334
10725,420900339
10726,420900348
10727,420900349
10728,420900350
10729,420900351
10730,420900357
10731,421000033
10732,421000053
10733,421000054
10734,421000056
10735,421000057
10736,421000061
10737,421000062
10738,421000065
10739,421000078
10740,421000081
10741,421000086
10742,421000089
10743,421000099
10744,421000102
10745,421000105
10746,421000109
10747,421000111
10748,421000117
10749,421000118
10750,421000122
10751,421000126
10752,421000128
10753,421000129
10754,421000131
10755,421000134
10756,421000137
10757,421000142
10758,421000144
10759,421000149
10760,421000150
10761,421000155
10762,421000157
10763,421000161
10764,421000170
10765,421000172
10766,421000173
10767,421000174
10768,421000180
10769,421000182
10770,421000186
10771,421000190
10772,421000191
10773,421000192
10774,421000198
10775,421000199
10776,421000206
10777,421000209
10778,421000212
10779,421000218
10780,421000234
10781,421000240
10782,421000242
10783,421000250
10784,421000253
10785,421000254
10786,421000256
10787,421000261
10788,421000264
10789,421000268
10790,421000269
10791,421000270
10792,421000273
10793,421000274
10794,421000276
10795,421000291
10796,421000292
10797,421000294
10798,421000296
10799,421000300
10800,421000302
10801,421000304
10802,421000311
10803,421000312
10804,421000315
10805,421000323
10806,421000327
10807,421000331
10808,421000333
10809,421000335
10810,421000336
10811,421000338
10812,421000341
10813,421000346
10814,421000351
10815,421000355
10816,421000374
10817,421000380
10818,421000381
10819,421000387
10820,421000391
10821,421000397
10822,421000399
10823,421000404
10824,421000428
10825,421000444
10826,421000446
10827,421000448
10828,421000451
10829,421100011
10830,421100021
10831,421100023
10832,421100024
10833,421100035
10834,421100047
10835,421100051
10836,421100054
10837,421100061
10838,421100065
10839,421100071
10840,421100076
10841,421100081
10842,421100083
10843,421100085
10844,421100089
10845,421100092
10846,421100095
10847,421100108
10848,421100109
10849,421100120
10850,421100121
10851,421100126
10852,421100133
10853,421100134
10854,421100135
10855,421100141
10856,421100142
10857,421100151
10858,421100153
10859,421100157
10860,421100161
10861,421100163
10862,421100166
10863,421100169
10864,421100170
10865,421100171
10866,421100172
10867,421100173
10868,421100184
10869,421100186
10870,421100192
10871,421100194
10872,421100200
10873,421100201
10874,421100207
10875,421100210
10876,421100214
10877,421100221
10878,421100231
10879,421100235
10880,421100236
10881,421100238
10882,421100240
10883,421100243
10884,421100244
10885,421100246
10886,421100251
10887,421100254
10888,421100256
10889,421100257
10890,421100260
10891,421100268
10892,421100269
10893,421100270
10894,421100278
10895,421100285
10896,421100292
10897,421100302
10898,421100307
10899,421100313
10900,421100314
10901,421100315
10902,421100316
10903,421100317
10904,421100326
10905,421100328
10906,421100331
10907,421100333
10908,421100336
10909,421100339
10910,421100341
10911,421100342
10912,421100344
10913,421100348
10914,421100351
10915,421100356
10916,421100358
10917,421100360
10918,421100363
10919,421100364
10920,421100365
10921,421100366
10922,421100369
10923,421100370
10924,421100372
10925,421100377
10926,421100380
10927,421100381
10928,421100383
10929,421100386
10930,421100389
10931,421100390
10932,421100392
10933,421100394
10934,421100395
10935,421100402
10936,421100405
10937,421100407
10938,421100410
10939,421100411
10940,421100412
10941,421100413
10942,421100414
10943,421100415
10944,421100418
10945,421100421
10946,421100426
10947,421100428
10948,421100443
10949,421100449
10950,421100451
10951,421100462
10952,421100465
10953,421100469
10954,421100470
10955,421100476
10956,421100482
10957,421100483
10958,421100488
10959,421100491
10960,421100493
10961,421100495
10962,421100496
10963,421100500
10964,421100511
10965,421100512
10966,421100516
10967,421100520
10968,421100521
10969,421100522
10970,421100531
10971,421100535
10972,421100542
10973,421100544
10974,421100546
10975,421100557
10976,421100574
10977,421100575
10978,421100578
10979,421100580
10980,421100581
10981,421100583
10982,421100591
10983,421100592
10984,421100593
10985,421100594
10986,421100596
10987,421100598
10988,421100600
10989,421100607
10990,421100609
10991,421100610
10992,421100612
10993,421100613
10994,421100616
10995,421100617
10996,421200005
10997,421200006
10998,421200007
10999,421200014
11000,421200064
11001,421200074
11002,421200075
11003,421200076
11004,421200145
11005,421200147
11006,421200150
11007,421200151
11008,421200154
11009,421200157
11010,421200158
11011,421200159
11012,421200160
11013,421200161
11014,421200163
11015,421200165
11016,421200168
11017,421200172
11018,421200173
11019,421200174
11020,421200175
11021,421200177
11022,421200180
11023,421200182
11024,421200187
11025,421200188
11026,421200189
11027,421200193
11028,421200196
11029,421200201
11030,421200202
11031,421200203
11032,421200208
11033,421200211
11034,421200219
11035,421200225
11036,421200232
11037,421200245
11038,421200246
11039,421200253
11040,421200258
11041,421200259
11042,421200261
11043,421200274
11044,421200281
11045,421200282
11046,421200289
11047,421300003
11048,421300011
11049,421300012
11050,421300015
11051,421300019
11052,421300024
11053,421300043
11054,421300045
11055,421300046
11056,421300059
11057,421300077
11058,421300078
11059,421300091
11060,421300094
11061,421300095
11062,421300101
11063,421300103
11064,421300104
11065,421300106
11066,421300108
11067,421300113
11068,421300115
11069,421300118
11070,421300119
11071,421300122
11072,421300123
11073,421300126
11074,421300127
11075,421300129
11076,421300137
11077,421300148
11078,421300149
11079,421300152
11080,421300153
11081,421300165
11082,421300179
11083,421300180
11084,421300183
11085,421300196
11086,421300205
11087,421300210
11088,421300214
11089,421300219
11090,421300225
11091,421300227
11092,421300254
11093,421300259
11094,421300273
11095,421300281
11096,421300285
11097,421300287
11098,421300293
11099,421300295
11100,421300298
11101,421300301
11102,421300303
11103,421300305
11104,421300315
11105,421300318
11106,421300320
11107,421300333
11108,421300335
11109,421300339
11110,421300348
11111,421300350
11112,421300357
11113,421300362
11114,421300363
11115,421300364
11116,421300365
11117,421300368
11118,421300374
11119,421300379
11120,421300380
11121,421300381
11122,421300384
11123,421300385
11124,421300392
11125,421300393
11126,421300395
11127,421300407
11128,421300413
11129,421300416
11130,421300421
11131,421300425
11132,421300439
11133,421300445
11134,421300446
11135,421300447
11136,421300449
11137,421300456
11138,421300459
11139,421300462
11140,421300467
11141,421300468
11142,421300469
11143,421300471
11144,421300473
11145,421300474
11146,421300480
11147,421300481
11148,421300485
11149,421300488
11150,421300495
11151,421300496
11152,421300498
11153,421300503
11154,421300511
11155,421300512
11156,421300514
11157,421300515
11158,421300517
11159,421300529
11160,421300532
11161,421300533
11162,421300536
11163,421300540
11164,421300541
11165,421300542
11166,421300544
11167,421300549
11168,421300550
11169,421300554
11170,421300560
11171,421300565
11172,421300571
11173,421300579
11174,421300581
11175,421300584
11176,421300598
11177,421300599
11178,421300600
11179,421300605
11180,421300606
11181,421300608
11182,421300624
11183,421300640
11184,421300642
11185,421300646
11186,421300651
11187,421300656
11188,421300657
11189,421300668
11190,421300669
11191,421300676
11192,421300677
11193,421300679
11194,421400002
11195,421400010
11196,421400019
11197,421400022
11198,421400023
11199,421400029
11200,421400032
11201,421400041
11202,421400046
11203,421400047
11204,421400048
11205,421400055
11206,421400059
11207,421400065
11208,421400070
11209,421400072
11210,421400080
11211,421400089
11212,421400099
11213,421400100
11214,421400105
11215,421400106
11216,421400117
11217,421400126
11218,421400157
11219,421400193
11220,421500005
11221,421500010
11222,421500012
11223,421500019
11224,421500020
11225,421500040
11226,421500043
11227,421500048
11228,421500050
11229,421500053
11230,421500054
11231,421500057
11232,421500059
11233,421500062
11234,421500077
11235,421500094
11236,421500098
11237,421500103
11238,421500104
11239,421500107
11240,421500120
11241,421500122
11242,421500138
11243,421500147
11244,421500148
11245,421500151
11246,421500156
11247,421500157
11248,421500162
11249,421500169
11250,421500173
11251,421500174
11252,421500175
11253,421500177
11254,421500180
11255,421500184
11256,421500186
11257,421500190
11258,421500194
11259,421500215
11260,421500216
11261,421500221
11262,421500228
11263,421500230
11264,421500241
11265,421500242
11266,421500245
11267,421500246
11268,421500248
11269,421500260
11270,421500269
11271,421500271
11272,421500274
11273,421500277
11274,421500278
11275,421500280
11276,421500296
11277,421500304
11278,421500315
11279,421500318
11280,421500319
11281,421500325
11282,421500328
11283,421500329
11284,421500331
11285,421500332
11286,421500336
11287,421500342
11288,421500345
11289,421500354
11290,421500359
11291,421500367
11292,421500373
11293,421500374
11294,421500378
11295,421500385
11296,421500386
11297,421500390
11298,421500396
11299,421500397
11300,421500401
11301,421500402
11302,421500413
11303,421500414
11304,421500421
11305,421500422
11306,421500423
11307,421500424
11308,421500446
11309,421500449
11310,421500451
11311,421500456
11312,421500457
11313,421500459
11314,421500460
11315,421500463
11316,421500464
11317,421500467
11318,421500475
11319,421500477
11320,421500488
11321,421500490
11322,421500491
11323,421500493
11324,421500495
11325,421500496
11326,421500501
11327,421500502
11328,421500508
11329,421500510
11330,421500511
11331,421500514
11332,421500516
11333,421500519
11334,421500527
11335,421500531
11336,421500534
11337,421500535
11338,421500537
11339,421500540
11340,421500546
11341,421500549
11342,421500551
11343,421500553
11344,421500558
11345,421500560
11346,421500565
11347,421500567
11348,421500568
11349,421500571
11350,421500573
11351,421500578
11352,421500586
11353,421500589
11354,421500593
11355,421500596
11356,421500599
11357,421500602
11358,421500603
11359,421500611
11360,421500619
11361,421500622
11362,421500624
11363,421500625
11364,421500632
11365,421500637
11366,421500638
11367,421500642
11368,421500648
11369,421500650
11370,421500654
11371,421500659
11372,421500661
11373,421500663
11374,421500664
11375,421500665
11376,421500666
11377,421500669
11378,421500670
11379,421500671
11380,421500677
11381,421500683
11382,421500684
11383,421500685
11384,421500686
11385,421500687
11386,421500688
11387,421500695
11388,421500698
11389,421500700
11390,421500706
11391,421500728
11392,421500731
11393,421500737
11394,421500740
11395,421500741
11396,421500743
11397,421500744
11398,421500745
11399,421500755
11400,421500756
11401,421500757
11402,421500762
11403,421500768
11404,421500769
11405,421500774
11406,421500776
11407,421500777
11408,421500785
11409,421500788
11410,421500791
11411,421500792
11412,421500795
11413,421500796
11414,421500798
11415,421500802
11416,421500807
11417,421500811
11418,421500814
11419,421500818
11420,421500819
11421,421500820
11422,421500823
11423,421500834
11424,421500844
11425,421500846
11426,421500848
11427,421500851
11428,421500855
11429,421500856
11430,421500857
11431,421500860
11432,421500861
11433,421500862
11434,421500866
11435,421500867
11436,421500868
11437,421500873
11438,421500881
11439,421500883
11440,421500884
11441,421500886
11442,421500890
11443,421500894
11444,421500895
11445,421500896
11446,421500906
11447,421500908
11448,421500910
11449,421500911
11450,421500915
11451,421500922
11452,421500923
11453,421500926
11454,421500931
11455,421500933
11456,421500936
11457,421500937
11458,421500938
11459,421500939
11460,421500942
11461,421500944
11462,421500949
11463,421500956
11464,421500958
11465,421500959
11466,421500961
11467,421500964
11468,421500965
11469,421500976
11470,421500980
11471,421500985
11472,421500987
11473,421500990
11474,421500993
11475,421500997
11476,421501003
11477,421501005
11478,421501006
11479,421501024
11480,421501028
11481,421501030
11482,421501032
11483,421501036
11484,421501039
11485,421501040
11486,421501042
11487,421501043
11488,421501045
11489,421501048
11490,421501050
11491,421501051
11492,421501053
11493,421501056
11494,421501066
11495,421501075
11496,421501080
11497,421501090
11498,421501092
11499,421501095
11500,421501097
11501,421501101
11502,421501108
11503,421501111
11504,421501119
11505,421501122
11506,421501123
11507,421501125
11508,421501128
11509,421501135
11510,421501141
11511,421501144
11512,421501165
11513,421501171
11514,421501172
11515,421600000
11516,421600006
11517,421600022
11518,421600028
11519,421600029
11520,421600037
11521,421600045
11522,421600047
11523,421600050
11524,421600058
11525,421600059
11526,421600062
11527,421600067
11528,421600069
11529,421600076
11530,421600077
11531,421600078
11532,421600093
11533,421600096
11534,421600098
11535,421600101
11536,421600116
11537,421600118
11538,421600119
11539,421600131
11540,421600134
11541,421600135
11542,421600136
11543,421600139
11544,421600140
11545,421600146
11546,421600147
11547,421600149
11548,421600150
11549,421600155
11550,421600156
11551,421600158
11552,421600160
11553,421600165
11554,421600167
11555,421600170
11556,421600177
11557,421600180
11558,421600181
11559,421600185
11560,421600188
11561,421600190
11562,421600191
11563,421600192
11564,421600197
11565,421600198
11566,421600201
11567,421600202
11568,421600204
11569,421600207
11570,421600212
11571,421600214
11572,421600219
11573,421600222
11574,421600224
11575,421600226
11576,421600228
11577,421600230
11578,421600231
11579,421600234
11580,421600235
11581,421600251
11582,421600264
11583,421600268
11584,421600270
11585,421600278
11586,421600282
11587,421600283
11588,421600290
11589,421600291
11590,421600292
11591,421600293
11592,421600295
11593,421600298
11594,421600300
11595,421600315
11596,421600319
11597,421600320
11598,421600321
11599,421600324
11600,421600325
11601,421600327
11602,421600344
11603,421600347
11604,421600353
11605,421600356
11606,421600363
11607,421600364
11608,421600366
11609,421600367
11610,421600369
11611,421600378
11612,421600381
11613,421600384
11614,421600386
11615,421600391
11616,421600396
11617,421600405
11618,421600408
11619,421600409
11620,421600416
11621,421600420
11622,421600427
11623,421600431
11624,421600433
11625,421600438
11626,421600448
11627,421600453
11628,421600454
11629,421600457
11630,421600464
11631,421600475
11632,421600476
11633,421600488
11634,421600490
11635,421600493
11636,421600497
11637,421600500
11638,421600507
11639,421600509
11640,421600516
11641,421600531
11642,421700000
11643,421700004
11644,421700008
11645,421700011
11646,421700013
11647,421700017
11648,421700019
11649,421700021
11650,421700028
11651,421700031
11652,421700032
11653,421700033
11654,421700035
11655,421700039
11656,421700044
11657,421700051
11658,421700052
11659,421700055
11660,421700060
11661,421700064
11662,421700066
11663,421700067
11664,421700070
11665,421700071
11666,421700073
11667,421700079
11668,421700085
11669,421700117
11670,421700136
11671,421700139
11672,421700148
11673,421700152
11674,421700158
11675,421700160
11676,421700165
11677,421700167
11678,421700170
11679,421700173
11680,421700174
11681,421700182
11682,421700185
11683,421700189
11684,421700193
11685,421700194
11686,421700196
11687,421700197
11688,421700201
11689,421700202
11690,421700205
11691,421700206
11692,421700207
11693,421700214
11694,421700220
11695,421700224
11696,421700229
11697,421700230
11698,421700233
11699,421700234
11700,421700247
11701,421700252
11702,421700256
11703,421700260
11704,421700261
11705,421700264
11706,421700266
11707,421700268
11708,421700272
11709,421700278
11710,421700280
11711,421700282
11712,421700283
11713,421700289
11714,421700290
11715,421700291
11716,421700306
11717,421700312
11718,421700317
11719,421700325
11720,421700329
11721,421700350
11722,421700353
11723,421700355
11724,421700360
11725,421700365
11726,421700367
11727,421700376
11728,421700377
11729,421700378
11730,421700379
11731,421700382
11732,421700383
11733,421700385
11734,421700389
11735,421700390
11736,421700397
11737,421700399
11738,421700401
11739,421700405
11740,421700411
11741,421700416
11742,421700418
11743,421700419
11744,421700421
11745,421700424
11746,421700426
11747,421700428
11748,421700429
11749,421700431
11750,421700432
11751,421700433
11752,421700435
11753,421700440
11754,421700441
11755,421700449
11756,421700453
11757,421700462
11758,421700463
11759,421700466
11760,421700472
11761,421700473
11762,421700475
11763,421700476
11764,421700482
11765,421700484
11766,421700486
11767,421700488
11768,421700489
11769,421700490
11770,421700491
11771,421700494
11772,421700495
11773,421700499
11774,421700500
11775,421700503
11776,421700508
11777,421700515
11778,421700516
11779,421700521
11780,421700522
11781,421700526
11782,421700535
11783,421700544
11784,421700547
11785,421700551
11786,421700552
11787,421700556
11788,421700557
11789,421700558
11790,421700560
11791,421700561
11792,421700562
11793,421700563
11794,421700566
11795,421700574
11796,421700579
11797,421700581
11798,421700583
11799,421700586
11800,421700587
11801,421700589
11802,421700590
11803,421700592
11804,421700593
11805,421700594
11806,421700596
11807,421700599
11808,421700602
11809,421700607
11810,421700608
11811,421700609
11812,421700613
11813,421700614
11814,421700618
11815,421700623
11816,421700627
11817,421700632
11818,421700633
11819,421700637
11820,421700639
11821,421700641
11822,421700645
11823,421700648
11824,421700651
11825,421700652
11826,421700653
11827,421700654
11828,421700655
11829,421700659
11830,421700661
11831,421700667
11832,421700672
11833,421700678
11834,421700683
11835,421700697
11836,421700698
11837,421700699
11838,421700700
11839,421700703
11840,421700707
11841,421700709
11842,421700710
11843,421700716
11844,421700718
11845,421700724
11846,421700726
11847,421700727
11848,421700730
11849,421700732
11850,421700742
11851,421700744
11852,421700745
11853,421700750
11854,421700751
11855,421700753
11856,421700755
11857,421700763
11858,421700767
11859,421700768
11860,421700769
11861,421700776
11862,421700778
11863,421700788
11864,421700792
11865,421700793
11866,421700800
11867,421700803
11868,421700807
11869,421700821
11870,421700822
11871,421800007
11872,421800014
11873,421800019
11874,421800022
11875,421800038
11876,421800040
11877,421800042
11878,421800045
11879,421800050
11880,421800052
11881,421800060
11882,421800062
11883,421800064
11884,421800067
11885,421800077
11886,421800081
11887,421800094
11888,421800095
11889,421800098
11890,421800101
11891,421800102
11892,421800105
11893,421800106
11894,421800109
11895,421800114
11896,421800121
11897,421800127
11898,421800129
11899,421800131
11900,421800188
11901,421800194
11902,421800195
11903,421800209
11904,421800210
11905,421800211
11906,421800212
11907,421900003
11908,421900006
11909,421900007
11910,421900010
11911,421900013
11912,421900023
11913,421900025
11914,421900026
11915,421900031
11916,421900033
11917,421900034
11918,421900036
11919,421900041
11920,421900044
11921,421900046
11922,421900054
11923,421900060
11924,421900061
11925,421900063
11926,421900070
11927,421900072
11928,421900074
11929,421900077
11930,421900078
11931,421900080
11932,421900086
11933,421900089
11934,421900090
11935,421900091
11936,421900092
11937,421900094
11938,421900096
11939,421900108
11940,421900109
11941,421900110
11942,421900111
11943,421900113
11944,421900114
11945,421900121
11946,421900122
11947,421900125
11948,421900130
11949,421900134
11950,421900137
11951,421900138
11952,421900144
11953,421900146
11954,421900149
11955,421900152
11956,421900157
11957,421900158
11958,421900164
11959,421900170
11960,421900172
11961,421900175
11962,421900195
11963,421900203
11964,421900204
11965,421900207
11966,421900211
11967,421900228
11968,421900237
11969,421900238
11970,421900244
11971,421900247
11972,421900252
11973,421900259
11974,421900263
11975,421900267
11976,421900269
11977,421900274
11978,421900275
11979,421900277
11980,421900283
11981,421900286
11982,421900287
11983,421900290
11984,421900292
11985,421900294
11986,421900297
11987,421900300
11988,421900310
11989,421900311
11990,421900313
11991,421900317
11992,421900321
11993,421900322
11994,421900330
11995,421900339
11996,421900343
11997,421900344
11998,421900347
11999,421900356
12000,421900357
12001,421900361
12002,421900379
12003,421900387
12004,421900392
12005,422000012
12006,422000020
12007,422000026
12008,422000030
12009,422000031
12010,422000036
12011,422000050
12012,422000066
12013,422000068
12014,422000069
12015,422000082
12016,422000083
12017,422000090
12018,422000108
12019,422000110
12020,422000112
12021,422000114
12022,422000118
12023,422000119
12024,422000122
12025,422000123
12026,422000124
12027,422000126
12028,422000127
12029,422000129
12030,422000134
12031,422000135
12032,422000136
12033,422000144
12034,422000147
12035,422000148
12036,422000150
12037,422000160
12038,422000162
12039,422000171
12040,422000175
12041,422000177
12042,422000179
12043,422000180
12044,422000328
12045,422000329
12046,422000331
12047,422100001
12048,422100004
12049,422100005
12050,422100010
12051,422100012
12052,422100013
12053,422100015
12054,422100017
12055,422100031
12056,422100038
12057,422100040
12058,422100041
12059,422100042
12060,422100045
12061,422100060
12062,422100070
12063,422100074
12064,422100080
12065,422100081
12066,422100083
12067,422100093
12068,422100094
12069,422100098
12070,422100112
12071,422100122
12072,422100123
12073,422100125
12074,422100128
12075,422100134
12076,422100138
12077,422100140
12078,422100144
12079,422100146
12080,422100157
12081,422100166
12082,422100167
12083,422100173
12084,422100175
12085,422100176
12086,422100178
12087,422100180
12088,422100190
12089,422100204
12090,422100205
12091,422100207
12092,422100211
12093,422100216
12094,422100217
12095,422100218
12096,422100220
12097,422100222
12098,422100231
12099,422100234
12100,422100237
12101,422100239
12102,422100241
12103,422100245
12104,422100246
12105,422100247
12106,422100248
12107,422100250
12108,422100254
12109,422100256
12110,422100261
12111,422100265
12112,422100270
12113,422100277
12114,422100281
12115,422100284
12116,422100292
12117,422100293
12118,422100295
12119,422100303
12120,422100304
12121,422100306
12122,422100307
12123,422100318
12124,422100319
12125,422100324
12126,422100328
12127,422100332
12128,422100338
12129,422100339
12130,422100341
12131,422100342
12132,422100343
12133,422100345
12134,422100348
12135,422100351
12136,422100353
12137,422100357
12138,422100359
12139,422100362
12140,422100372
12141,422100376
12142,422100380
12143,422100382
12144,422100383
12145,422100387
12146,422100394
12147,422100401
12148,422100403
12149,422100410
12150,422100412
12151,422100413
12152,422100418
12153,422100419
12154,422100436
12155,422100440
12156,422100444
12157,422100445
12158,422100449
12159,422100451
12160,422100454
12161,422100459
12162,422100460
12163,422100476
12164,422100494
12165,422100496
12166,422100500
12167,422100508
12168,422100516
12169,422100534
12170,422100542
12171,422100550
12172,422100553
12173,422100555
12174,422100557
12175,422100562
12176,422100567
12177,422100570
12178,422100586
12179,422100587
12180,422100589
12181,422100591
12182,422100599
12183,422100602
12184,422100604
12185,422100606
12186,422100607
12187,422100608
12188,422100610
12189,422100611
12190,422100614
12191,422100623
12192,422100626
12193,422100631
12194,422100641
12195,422100648
12196,422100658
12197,422100666
12198,422100673
12199,422100674
12200,422100675
12201,422100684
12202,422100685
12203,422100687
12204,422100689
12205,422100692
12206,422100695
12207,422100698
12208,422100701
12209,422100704
12210,422100706
12211,422100710
12212,422100711
12213,422100712
12214,422100714
12215,422100721
12216,422100725
12217,422100728
12218,422100729
12219,422100731
12220,422100738
12221,422100743
12222,422100744
12223,422100746
12224,422100748
12225,422100752
12226,422100768
12227,422100771
12228,422100772
12229,422100786
12230,422100790
12231,422100793
12232,422100795
12233,422100800
12234,422100802
12235,422100803
12236,422100805
12237,422100812
12238,422100825
12239,422100836
12240,422100837
12241,422100842
12242,422100865
12243,422100868
12244,422100874
12245,422100886
12246,422100897
12247,422100902
12248,422100904
12249,422100905
12250,422100914
12251,422100916
12252,422100917
12253,422100926
12254,422100933
12255,422100936
12256,422100937
12257,422100939
12258,422100941
12259,422100945
12260,422100947
12261,422100949
12262,422100950
12263,422100958
12264,422100961
12265,422100962
12266,422200001
12267,422200008
12268,422200011
12269,422200027
12270,422200031
12271,422200032
12272,422200035
12273,422200036
12274,422200042
12275,422200043
12276,422200046
12277,422200054
12278,422200055
12279,422200060
12280,422200062
12281,422200064
12282,422200067
12283,422200069
12284,422200076
12285,422200077
12286,422200083
12287,422200085
12288,422200092
12289,422200096
12290,422200097
12291,422200098
12292,422200101
12293,422200102
12294,422200105
12295,422200107
12296,422200110
12297,422200111
12298,422200112
12299,422200118
12300,422200129
12301,422200130
12302,422200131
12303,422200133
12304,422200140
12305,422200142
12306,422200143
12307,422200145
12308,422200147
12309,422200148
12310,422200150
12311,422200151
12312,422200155
12313,422200157
12314,422200158
12315,422200159
12316,422200160
12317,422200162
12318,422200163
12319,422200166
12320,422200167
12321,422200172
12322,422200179
12323,422200189
12324,422200190
12325,422200192
12326,422200197
12327,422200198
12328,422200218
12329,422200223
12330,422200225
12331,422200227
12332,422200228
12333,422200234
12334,422200236
12335,422200239
12336,422200240
12337,422200244
12338,422200247
12339,422200248
12340,422200249
12341,422200250
12342,422200252
12343,422200253
12344,422200255
12345,422200256
12346,422200261
12347,422200263
12348,422200267
12349,422200274
12350,422200286
12351,422200290
12352,422200292
12353,422200295
12354,422200299
12355,422200300
12356,422200308
12357,422200313
12358,422200315
12359,422200322
12360,422200325
12361,422200329
12362,422200337
12363,422200340
12364,422200343
12365,422200344
12366,422200347
12367,422200348
12368,422200350
12369,422200352
12370,422200353
12371,422200354
12372,422200356
12373,422200360
12374,422200365
12375,422200369
12376,422200374
12377,422200383
12378,422200386
12379,422200387
12380,422200389
12381,422200390
12382,422200393
12383,422200396
12384,422200398
12385,422200401
12386,422200403
12387,422200405
12388,422200406
12389,422200410
12390,422200415
12391,422200419
12392,422200427
12393,422200429
12394,422200432
12395,422200434
12396,422200445
12397,422200446
12398,422200448
12399,422200449
12400,422200457
12401,422200459
12402,422200461
12403,422200463
12404,422200466
12405,422200468
12406,422200469
12407,422200471
12408,422200475
12409,422200479
12410,422200483
12411,422200487
12412,422200494
12413,422200496
12414,422200499
12415,422200502
12416,422200503
12417,422200513
12418,422200517
12419,422200519
12420,422200523
12421,422200529
12422,422200536
12423,422200540
12424,422200541
12425,422200542
12426,422200553
12427,422200556
12428,422200560
12429,422200561
12430,422300001
12431,422300005
12432,422300007
12433,422300009
12434,422300017
12435,422300019
12436,422300021
12437,422300023
12438,422300025
12439,422300026
12440,422300027
12441,422300029
12442,422300031
12443,422300032
12444,422300033
12445,422300034
12446,422300036
12447,422300040
12448,422300042
12449,422300044
12450,422300045
12451,422300059
12452,422300064
12453,422300066
12454,422300067
12455,422300068
12456,422300074
12457,422300080
12458,422300081
12459,422300091
12460,422300094
12461,422300095
12462,422300096
12463,422300099
12464,422300102
12465,422300105
12466,422300111
12467,422300112
12468,422300113
12469,422300114
12470,422300117
12471,422300119
12472,422300123
12473,422300124
12474,422300132
12475,422300135
12476,422300139
12477,422300140
12478,422300142
12479,422300143
12480,422300145
12481,422300146
12482,422300148
12483,422300151
12484,422300152
12485,422300155
12486,422300160
12487,422300174
12488,422300183
12489,422300185
12490,422300186
12491,422300198
12492,422300206
12493,422300208
12494,422300213
12495,422300214
12496,422300223
12497,422300225
12498,422300229
12499,422300230
12500,422300232
12501,422300238
12502,422300239
12503,422300241
12504,422300244
12505,422300256
12506,422300257
12507,422300274
12508,422300276
12509,422300278
12510,422300282
12511,422300287
12512,422300288
12513,422300293
12514,422300301
12515,422300307
12516,422300310
12517,422300311
12518,422300317
12519,422300320
12520,422300321
12521,422300325
12522,422300328
12523,422300329
12524,422300330
12525,422300339
12526,422300342
12527,422300346
12528,422300352
12529,422300356
12530,422300361
12531,422300362
12532,422300363
12533,422300365
12534,422300373
12535,422300379
12536,422300385
12537,422300390
12538,422300392
12539,422300395
12540,422300400
12541,422300405
12542,422300409
12543,422300416
12544,422300424
12545,422300426
12546,422300430
12547,422300432
12548,422300433
12549,422300435
12550,422400000
12551,422400004
12552,422400006
12553,422400007
12554,422400012
12555,422400013
12556,422400016
12557,422400024
12558,422400027
12559,422400041
12560,422400044
12561,422400047
12562,422400048
12563,422400049
12564,422400053
12565,422400056
12566,422400059
12567,422400064
12568,422400068
12569,422400069
12570,422400071
12571,422400077
12572,422400079
12573,422400082
12574,422400084
12575,422400090
12576,422400091
12577,422400092
12578,422400094
12579,422400095
12580,422400097
12581,422400099
12582,422400100
12583,422400101
12584,422400104
12585,422400115
12586,422400118
12587,422400119
12588,422400125
12589,422400130
12590,422400131
12591,422400137
12592,422400139
12593,422400141
12594,422400150
12595,422400151
12596,422400152
12597,422400155
12598,422400159
12599,422400160
12600,422400161
12601,422400164
12602,422400170
12603,422400173
12604,422400174
12605,422400180
12606,422400185
12607,422400197
12608,422400198
12609,422400199
12610,422400204
12611,422400211
12612,422400214
12613,422400218
12614,422400225
12615,422400229
12616,422400232
12617,422400242
12618,422400250
12619,422400254
12620,422400268
12621,422500008
12622,422500010
12623,422500011
12624,422500022
12625,422500024
12626,422500028
12627,422500031
12628,422500034
12629,422500046
12630,422500047
12631,422500070
12632,422500071
12633,422500080
12634,422500082
12635,422500088
12636,422500096
12637,422500100
12638,422500103
12639,422500107
12640,422500116
12641,422500121
12642,422500127
12643,422500129
12644,422500135
12645,422500137
12646,422500141
12647,422500143
12648,422500144
12649,422500145
12650,422500149
12651,422500150
12652,422500155
12653,422500159
12654,422500167
12655,422500171
12656,422500172
12657,422500173
12658,422500177
12659,422500189
12660,422500194
12661,422500197
12662,422500202
12663,422500206
12664,422500225
12665,422500232
12666,422500234
12667,422500236
12668,422500237
12669,422500239
12670,422500242
12671,422500244
12672,422500245
12673,422500250
12674,422500255
12675,422500260
12676,422500261
12677,422500264
12678,422500279
12679,422500283
12680,422500284
12681,422500289
12682,422500294
12683,422500295
12684,422500301
12685,422500315
12686,422500317
12687,422500333
12688,422500336
12689,422500340
12690,422500342
12691,422500347
12692,422500357
12693,422500376
12694,422500377
12695,422500381
12696,422500412
12697,422500414
12698,422500418
12699,422500425
12700,422500431
12701,422500432
12702,422500436
12703,422500437
12704,422500450
12705,422500453
12706,422500470
12707,422500474
12708,422500478
12709,422500482
12710,422500488
12711,422500489
12712,422500508
12713,422500510
12714,422500515
12715,422600001
12716,422600010
12717,422600014
12718,422600015
12719,422600018
12720,422600023
12721,422600025
12722,422600027
12723,422600030
12724,422600031
12725,422600035
12726,422600036
12727,422600038
12728,422600054
12729,422600058
12730,422600061
12731,422600062
12732,422600066
12733,422600071
12734,422600080
12735,422600082
12736,422600085
12737,422600087
12738,422600091
12739,422600096
12740,422600097
12741,422600100
12742,422600106
12743,422600110
12744,422600114
12745,422600116
12746,422600131
12747,422600137
12748,422600140
12749,422600146
12750,422600147
12751,422600166
12752,422600185
12753,422600187
12754,422600188
12755,422600191
12756,422600198
12757,422600202
12758,422600204
12759,422600206
12760,422600208
12761,422600210
12762,422600216
12763,422600224
12764,422600231
12765,422600232
12766,422600233
12767,422600237
12768,422600238
12769,422600240
12770,422600241
12771,422600245
12772,422600253
12773,422600254
12774,422600257
12775,422600262
12776,422600268
12777,422600273
12778,422600274
12779,422600276
12780,422600277
12781,422600297
12782,422600314
12783,422600317
12784,422600325
12785,422600340
12786,422600346
12787,422600352
12788,422600360
12789,422600363
12790,422600369
12791,422600372
12792,422600373
12793,422600375
12794,422600376
12795,422600378
12796,422600381
12797,422600394
12798,422600398
12799,422600429
12800,422600440
12801,422600442
12802,422600448
12803,422600450
12804,422600451
12805,422600462
12806,422600472
12807,422600478
12808,422600487
12809,422600502
12810,422600506
12811,422600539
12812,422600550
12813,422600583
12814,422600595
12815,422600614
12816,422600617
12817,422600630
12818,422600635
12819,422700023
12820,422700025
12821,422700027
12822,422700031
12823,422700034
12824,422700035
12825,422700044
12826,422700045
12827,422700049
12828,422700050
12829,422700065
12830,422700066
12831,422700069
12832,422700070
12833,422700074
12834,422700078
12835,422700091
12836,422700092
12837,422700096
12838,422700106
12839,422700116
12840,422700131
12841,422700132
12842,422700137
12843,422700158
12844,422700163
12845,422700172
12846,422700187
12847,422700191
12848,422700196
12849,422700203
12850,422700205
12851,422700219
12852,422700220
12853,422700228
12854,422700231
12855,422700239
12856,422700251
12857,422700269
12858,422700273
12859,422700274
12860,422700278
12861,422700289
12862,422700306
12863,422700311
12864,422700335
12865,422700337
12866,422700340
12867,422700347
12868,422700360
12869,422700365
12870,422700374
12871,422700375
12872,422700376
12873,422700392
12874,422700400
12875,422700401
12876,422700409
12877,422700411
12878,422700414
12879,422700415
12880,422700420
12881,422700426
12882,422700429
12883,422700430
12884,422700432
12885,422700437
12886,422700440
12887,422700447
12888,422700448
12889,422700451
12890,422700452
12891,422700457
12892,422700459
12893,422700462
12894,422700463
12895,422700465
12896,422700471
12897,422700473
12898,422700478
12899,422700480
12900,422700481
12901,422700485
12902,422700486
12903,422700487
12904,422700491
12905,422700495
12906,422700513
12907,422700514
12908,422700519
12909,422700525
12910,422700534
12911,422700537
12912,422700539
12913,422700544
12914,422700545
12915,422700546
12916,422700561
12917,422700565
12918,422700570
12919,422700571
12920,422700576
12921,422700578
12922,422700588
12923,422700620
12924,422700686
12925,422800033
12926,422800034
12927,422800047
12928,422800052
12929,422800057
12930,422800058
12931,422800064
12932,422800065
12933,422800072
12934,422800083
12935,422800085
12936,422800087
12937,422800090
12938,422800096
12939,422800098
12940,422800104
12941,422800113
12942,422800115
12943,422800119
12944,422800120
12945,422800122
12946,422800127
12947,422800131
12948,422800134
12949,422800135
12950,422800158
12951,422800166
12952,422800192
12953,422800202
12954,422800234
12955,422800241
12956,422800243
12957,422800246
12958,422800254
12959,422800258
12960,422800265
12961,422800266
12962,422800270
12963,422800271
12964,422800278
12965,422800282
12966,422800301
12967,422800303
12968,422800306
12969,422800313
12970,422800321
12971,422800341
12972,422800349
12973,422800350
12974,422800351
12975,422800384
12976,422800388
12977,422900026
12978,422900028
12979,422900030
12980,422900039
12981,422900042
12982,422900044
12983,422900048
12984,422900054
12985,422900055
12986,422900064
12987,422900068
12988,422900069
12989,422900070
12990,422900075
12991,422900076
12992,422900079
12993,422900080
12994,422900082
12995,422900084
12996,422900085
12997,422900094
12998,422900096
12999,422900100
13000,422900101
13001,422900103
13002,422900104
13003,422900105
13004,422900106
13005,422900107
13006,422900108
13007,422900111
13008,422900117
13009,422900120
13010,422900123
13011,422900124
13012,422900125
13013,422900132
13014,422900134
13015,422900135
13016,422900158
13017,422900159
13018,422900161
13019,422900163
13020,422900165
13021,422900174
13022,422900195
13023,422900202
13024,422900213
13025,422900217
13026,422900220
13027,422900224
13028,422900225
13029,422900231
13030,422900236
13031,422900247
13032,422900254
13033,422900256
13034,422900261
13035,422900263
13036,422900264
13037,422900275
13038,422900281
13039,422900290
13040,422900301
13041,422900302
13042,422900309
13043,422900317
13044,422900323
13045,422900328
13046,422900331
13047,422900334
13048,422900339
13049,422900346
13050,422900349
13051,422900350
13052,422900360
13053,422900401
13054,422900404
13055,423000001
13056,423000006
13057,423000007
13058,423000008
13059,423000018
13060,423000023
13061,423000024
13062,423000027
13063,423000030
13064,423000034
13065,423000035
13066,423000038
13067,423000040
13068,423000042
13069,423000043
13070,423000045
13071,423000046
13072,423000047
13073,423000049
13074,423000057
13075,423000059
13076,423000066
13077,423000070
13078,423000073
13079,423000074
13080,423000075
13081,423000077
13082,423000084
13083,423000085
13084,423000092
13085,423000094
13086,423000095
13087,423000097
13088,423000098
13089,423000099
13090,423000100
13091,423000107
13092,423000108
13093,423000110
13094,423000111
13095,423000116
13096,423000124
13097,423000125
13098,423000129
13099,423000132
13100,423000133
13101,423000135
13102,423000149
13103,423000152
13104,423000156
13105,423000157
13106,423000171
13107,423000173
13108,423000175
13109,423000196
13110,423000197
13111,423000199
13112,423000203
13113,423000205
13114,423000206
13115,423000214
13116,423000222
13117,423000224
13118,423000228
13119,423000232
13120,423000234
13121,423000238
13122,423000243
13123,423000244
13124,423000245
13125,423000246
13126,423000248
13127,423000252
13128,423000253
13129,423000263
13130,423000275
13131,423000282
13132,423000284
13133,423000295
13134,423000298
13135,423000299
13136,423000300
13137,423000310
13138,423000312
13139,423000321
13140,423000325
13141,423000329
13142,423000350
13143,423000373
13144,423000374
13145,423000378
13146,423000388
13147,423000392
13148,423000396
13149,423000397
13150,423000398
13151,423000399
13152,423000418
13153,423000419
13154,423000421
13155,423000428
13156,423000432
13157,423000442
13158,423000444
13159,423000446
13160,423000447
13161,423000451
13162,423000465
13163,423000466
13164,423000468
13165,423000469
13166,423000471
13167,423000472
13168,423000473
13169,423000478
13170,423000480
13171,423000488
13172,423000506
13173,423000521
13174,423000547
13175,423000551
13176,423000563
13177,423000566
13178,423000572
13179,423000580
13180,423000589
13181,423000596
13182,423000600
13183,423000605
13184,423000607
13185,423000614
13186,423000617
13187,423000641
13188,423000643
13189,423100001
13190,423100002
13191,423100006
13192,423100007
13193,423100008
13194,423100013
13195,423100018
13196,423100019
13197,423100021
13198,423100026
13199,423100029
13200,423100039
13201,423100045
13202,423100046
13203,423100048
13204,423100053
13205,423100059
13206,423100063
13207,423100067
13208,423100074
13209,423100075
13210,423100097
13211,423100098
13212,423100111
13213,423100112
13214,423100126
13215,423100131
13216,423100134
13217,423100136
13218,423100139
13219,423100145
13220,423100218
13221,423100287
13222,423100321
13223,423100322
13224,423100324
13225,423100328
13226,423100329
13227,423100332
13228,423100342
13229,423100344
13230,423100348
13231,423100353
13232,423100356
13233,423100360
13234,423100369
13235,423100376
13236,423100378
13237,423100387
13238,423100392
13239,423100393
13240,423100396
13241,423100409
13242,423100420
13243,423100424
13244,423200002
13245,423200003
13246,423200004
13247,423200005
13248,423200007
13249,423200008
13250,423200015
13251,423200016
13252,423200020
13253,423200025
13254,423200027
13255,423200029
13256,423200033
13257,423200043
13258,423200046
13259,423200052
13260,423200061
13261,423200062
13262,423200064
13263,423200071
13264,423200078
13265,423200085
13266,423200087
13267,423200089
13268,423200090
13269,423200102
13270,423200115
13271,423200122
13272,423200125
13273,423200132
13274,423200134
13275,423200141
13276,423200146
13277,423200148
13278,423200151
13279,423200154
13280,423200155
13281,423200156
13282,423200158
13283,423200159
13284,423200170
13285,423200172
13286,423200182
13287,423200190
13288,423200192
13289,423200193
13290,423200196
13291,423200198
13292,423200200
13293,423200209
13294,423200221
13295,423200223
13296,423200224
13297,423200226
13298,423200227
13299,423200232
13300,423200236
13301,423200237
13302,423200241
13303,423200248
13304,423200254
13305,423200260
13306,423200263
13307,423200270
13308,423200271
13309,423200274
13310,423200278
13311,423200279
13312,423200282
13313,423200296
13314,423200300
13315,423200308
13316,423200312
13317,423200315
13318,423200323
13319,423200329
13320,423200331
13321,423200334
13322,423200342
13323,423200343
13324,423200344
13325,423200347
13326,423200351
13327,423200353
13328,423200356
13329,423200357
13330,423200361
13331,423200362
13332,423200364
13333,423200368
13334,423200380
13335,423200386
13336,423200388
13337,423200390
13338,423200395
13339,423200399
13340,423200404
13341,423200407
13342,423200413
13343,423200417
13344,423200424
13345,423200425
13346,423200426
13347,423200429
13348,423200434
13349,423200435
13350,423200442
13351,423200443
13352,423200463
13353,423200467
13354,423200468
13355,423200475
13356,423200486
13357,423200487
13358,423300039
13359,423300040
13360,423300041
13361,423300045
13362,423300127
13363,423300137
13364,423300169
13365,423300171
13366,423300173
13367,423300185
13368,423300186
13369,423300190
13370,423300191
13371,423300192
13372,423300194
13373,423300196
13374,423300197
13375,423300198
13376,423300206
13377,423300213
13378,423300218
13379,423300228
13380,423300230
13381,423300235
13382,423300236
13383,423300242
13384,423300244
13385,423300248
13386,423300254
13387,423300255
13388,423300256
13389,423300271
13390,423300275
13391,423300276
13392,423300277
13393,423300280
13394,423300282
13395,423300284
13396,423300287
13397,423300293
13398,423300299
13399,423300313
13400,423300320
13401,423300333
13402,423300334
13403,423300335
13404,423300336
13405,423300340
13406,423300341
13407,423300346
13408,423300352
13409,423300353
13410,423300359
13411,423300363
13412,423300379
13413,423300387
13414,423300399
13415,423300403
13416,423300404
13417,423300405
13418,423300413
13419,423300414
13420,423300424
13421,423300432
13422,423300453
13423,423300456
13424,423300457
13425,423300468
13426,423300473
13427,423300474
13428,423300483
13429,423300485
13430,423300486
13431,423400002
13432,423400004
13433,423400008
13434,423400010
13435,423400011
13436,423400012
13437,423400017
13438,423400022
13439,423400023
13440,423400029
13441,423400031
13442,423400034
13443,423400036
13444,423400037
13445,423400039
13446,423400060
13447,423400078
13448,423400087
13449,423400089
13450,423400090
13451,423400091
13452,423400093
13453,423400096
13454,423400097
13455,423400103
13456,423400108
13457,423400109
13458,423400112
13459,423400113
13460,423400117
13461,423400125
13462,423400133
13463,423400139
13464,423400140
13465,423400144
13466,423400150
13467,423400151
13468,423400152
13469,423400154
13470,423400156
13471,423400158
13472,423400159
13473,423400167
13474,423400168
13475,423400171
13476,423400172
13477,423400178
13478,423400180
13479,423400182
13480,423400185
13481,423400188
13482,423400194
13483,423400195
13484,423400206
13485,423400213
13486,423400215
13487,423400221
13488,423400237
13489,423400238
13490,423400241
13491,423400247
13492,423400260
13493,423400269
13494,423400275
13495,423400282
13496,423400291
13497,423400292
13498,423400294
13499,423400296
13500,423400304
13501,423400312
13502,423400316
13503,423400319
13504,423400329
13505,423400332
13506,423400334
13507,423400337
13508,423400350
13509,423400351
13510,423400359
13511,423400360
13512,423400361
13513,423400362
13514,423400364
13515,423400365
13516,423400376
13517,423400378
13518,423400383
13519,423400384
13520,423400387
13521,423400388
13522,423400401
13523,423400410
13524,423400415
13525,423400419
13526,423400421
13527,423400423
13528,423400426
13529,423400433
13530,423400435
13531,423400437
13532,423400443
13533,423400447
13534,423400448
13535,423400452
13536,423400454
13537,423400455
13538,423400457
13539,423400463
13540,423400466
13541,423400470
13542,423400473
13543,423400474
13544,423400478
13545,423400480
13546,423400481
13547,423400485
13548,423400489
13549,423400495
13550,423400498
13551,423400501
13552,423400502
13553,423400503
13554,423400508
13555,423400510
13556,423400515
13557,423400523
13558,423400531
13559,423400532
13560,423400533
13561,423400535
13562,423400537
13563,423400549
13564,423400551
13565,423400553
13566,423400554
13567,423400556
13568,423400561
13569,423400563
13570,423400567
13571,423400569
13572,423400578
13573,423400583
13574,423400585
13575,423400609
13576,423400613
13577,423400626
13578,423500009
13579,423500017
13580,423500019
13581,423500020
13582,423500025
13583,423500032
13584,423500038
13585,423500040
13586,423500045
13587,423500048
13588,423500060
13589,423500065
13590,423500167
13591,423500212
13592,423500219
13593,423500220
13594,423500223
13595,423500224
13596,423500225
13597,423500227
13598,423500230
13599,423500231
13600,423500233
13601,423500234
13602,423500235
13603,423500236
13604,423500237
13605,423500250
13606,423500251
13607,423500255
13608,423500256
13609,423500257
13610,423500258
13611,423500262
13612,423500269
13613,423500270
13614,423500272
13615,423500274
13616,423500276
13617,423500278
13618,423500282
13619,423500287
13620,423500291
13621,423600002
13622,423600005
13623,423600007
13624,423600008
13625,423600009
13626,423600012
13627,423600021
13628,423600037
13629,423600049
13630,423600052
13631,423600054
13632,423600060
13633,423600068
13634,423600072
13635,423600082
13636,423600086
13637,423600095
13638,423600100
13639,423600102
13640,423600103
13641,423600106
13642,423600109
13643,423600140
13644,423600155
13645,423600157
13646,423600176
13647,423600180
13648,423600184
13649,423600185
13650,423600190
13651,423600193
13652,423600197
13653,423600198
13654,423600204
13655,423600207
13656,423600210
13657,423700014
13658,423700017
13659,423700027
13660,423700036
13661,423700039
13662,423700040
13663,423700043
13664,423700050
13665,423700052
13666,423700055
13667,423700059
13668,423700061
13669,423700067
13670,423700080
13671,423700083
13672,423700089
13673,423700090
13674,423700093
13675,423700097
13676,423700108
13677,423700110
13678,423700111
13679,423700120
13680,423700121
13681,423700125
13682,423700128
13683,423700133
13684,423700136
13685,423700139
13686,423700146
13687,423700147
13688,423700153
13689,423700156
13690,423700160
13691,423700163
13692,423700166
13693,423700180
13694,423700181
13695,423700182
13696,423700183
13697,423700185
13698,423700187
13699,423700188
13700,423700193
13701,423700196
13702,423700222
13703,423700237
13704,423700238
13705,423700243
13706,423700251
13707,423700256
13708,423700259
13709,423700262
13710,423700264
13711,423700266
13712,423700267
13713,423700270
13714,423700271
13715,423700273
13716,423700281
13717,423700282
13718,423700287
13719,423700290
13720,423700291
13721,423700292
13722,423700325
13723,423700329
13724,423700330
13725,423700336
13726,423700338
13727,423700339
13728,423700342
13729,423700343
13730,423700344
13731,423700346
13732,423700347
13733,423700349
13734,423700351
13735,423700352
13736,423700353
13737,423700354
13738,423700361
13739,423700364
13740,423700373
13741,423700375
13742,423700382
13743,423700385
13744,423700386
13745,423700387
13746,423700391
13747,423700394
13748,423700395
13749,423700396
13750,423700398
13751,423700399
13752,423700402
13753,423700404
13754,423700406
13755,423700407
13756,423700419
13757,423700424
13758,423700426
13759,423700427
13760,423700435
13761,423700450
13762,423800000
13763,423800002
13764,423800008
13765,423800009
13766,423800010
13767,423800014
13768,423800119
13769,423800127
13770,423800146
13771,423800147
13772,423800149
13773,423800151
13774,423800152
13775,423800153
13776,423800155
13777,423800158
13778,423800161
13779,423800164
13780,423800165
13781,423800167
13782,423800168
13783,423800172
13784,423800173
13785,423800178
13786,423800181
13787,423800185
13788,423800191
13789,423800193
13790,423800195
13791,423800196
13792,423800201
13793,423800202
13794,423800204
13795,423800207
13796,423800211
13797,423800217
13798,423800218
13799,423800228
13800,423800230
13801,423800233
13802,423800239
13803,423800245
13804,423800246
13805,423800247
13806,423900005
13807,423900008
13808,423900010
13809,423900012
13810,423900013
13811,423900014
13812,423900017
13813,423900021
13814,423900026
13815,423900027
13816,423900034
13817,423900035
13818,423900038
13819,423900048
13820,423900050
13821,423900051
13822,423900057
13823,423900064
13824,423900068
13825,423900070
13826,423900078
13827,423900080
13828,423900086
13829,423900093
13830,423900101
13831,423900104
13832,423900105
13833,423900106
13834,423900112
13835,423900115
13836,423900124
13837,423900125
13838,423900130
13839,423900134
13840,423900143
13841,423900145
13842,423900147
13843,423900148
13844,423900151
13845,423900157
13846,423900158
13847,423900160
13848,423900164
13849,423900167
13850,423900172
13851,423900181
13852,423900183
13853,423900205
13854,423900230
13855,423900232
13856,423900238
13857,423900239
13858,423900241
13859,423900249
13860,423900254
13861,423900271
13862,423900286
13863,423900302
13864,423900303
13865,423900311
13866,423900314
13867,423900316
13868,423900319
13869,423900320
13870,423900323
13871,423900324
13872,423900325
13873,423900326
13874,423900328
13875,423900345
13876,423900346
13877,423900348
13878,423900349
13879,423900350
13880,423900351
13881,423900354
13882,423900355
13883,423900358
13884,423900362
13885,423900364
13886,423900365
13887,423900366
13888,423900367
13889,424000009
13890,424000010
13891,424000013
13892,424000014
13893,424000019
13894,424000024
13895,424000027
13896,424000037
13897,424000039
13898,424000047
13899,424000048
13900,424000049
13901,424000057
13902,424000063
13903,424000065
13904,424000072
13905,424000076
13906,424000085
13907,424000087
13908,424000090
13909,424000101
13910,424000103
13911,424000129
13912,424000147
13913,424000152
13914,424000159
13915,424000187
13916,424000188
13917,424000189
13918,424000190
13919,424000191
13920,424000192
13921,424000195
13922,424000197
13923,424000199
13924,424000228
13925,424000230
13926,424000231
13927,424000232
13928,424000239
13929,424000247
13930,424000258
13931,424000263
13932,424000264
13933,424000268
13934,424000269
13935,424000271
13936,424000272
13937,424000276
13938,424000280
13939,424000281
13940,424000287
13941,424000289
13942,424000294
13943,424000299
13944,424000304
13945,424000309
13946,424000310
13947,424000312
13948,424000313
13949,424000316
13950,424000322
13951,424000335
13952,424100000
13953,424100001
13954,424100010
13955,424100011
13956,424100015
13957,424100017
13958,424100019
13959,424100021
13960,424100022
13961,424100029
13962,424100030
13963,424100031
13964,424100032
13965,424100033
13966,424100034
13967,424100038
13968,424100039
13969,424100041
13970,424100044
13971,424100045
13972,424100049
13973,424100050
13974,424100053
13975,424100054
13976,424100055
13977,424100060
13978,424100063
13979,424100065
13980,424100068
13981,424100070
13982,424100074
13983,424100076
13984,424100077
13985,424100079
13986,424100082
13987,424100085
13988,424100087
13989,424100089
13990,424100091
13991,424100094
13992,424100096
13993,424100102
13994,424100103
13995,424100117
13996,424100121
13997,424100131
13998,424100132
13999,424100142
14000,424100143
14001,424100147
14002,424100153
14003,424100156
14004,424100163
14005,424100170
14006,424100174
14007,424100178
14008,424100189
14009,424100190
14010,424100191
14011,424100201
14012,424100211
14013,424100215
14014,424100252
14015,424100254
14016,424100290
14017,424100293
14018,424100294
14019,424100295
14020,424100302
14021,424100305
14022,424100308
14023,424100310
14024,424100318
14025,424100321
14026,424100323
14027,424100326
14028,424100328
14029,424100331
14030,424100334
14031,424100336
14032,424100337
14033,424100338
14034,424100342
14035,424100345
14036,424100346
14037,424100361
14038,424100363
14039,424100365
14040,424100373
14041,424100376
14042,424100385
14043,424100386
14044,424100394
14045,424100398
14046,424100400
14047,424100401
14048,424100403
14049,424100404
14050,424100407
14051,424100412
14052,424100419
14053,424100420
14054,424100424
14055,424100425
14056,424100442
14057,424100446
14058,424100447
14059,424100456
14060,424100460
14061,424100467
14062,424100470
14063,424100476
14064,424100479
14065,424100480
14066,424100481
14067,424100497
14068,424100498
14069,424100499
14070,424100502
14071,424100522
14072,424100528
14073,424100538
14074,424100543
14075,424100544
14076,424100547
14077,424100549
14078,424100563
14079,424100564
14080,424100566
14081,424100572
14082,424100581
14083,424100587
14084,424100615
14085,424100616
14086,424100634
14087,424100650
14088,424100661
14089,424100662
14090,424100663
14091,424100671
14092,424100672
14093,424100683
14094,424100685
14095,424100693
14096,424100694
14097,424100695
14098,424100709
14099,424100720
14100,424100723
14101,424100724
14102,424100725
14103,424100728
14104,424100729
14105,424100730
14106,424100731
14107,424100733
14108,424100734
14109,424100738
14110,424100742
14111,424100745
14112,424100748
14113,424100749
14114,424100753
14115,424100754
14116,424100755
14117,424100757
14118,424100768
14119,424100770
14120,424100776
14121,424100777
14122,424100781
14123,424100790
14124,424100796
14125,424100803
14126,424100807
14127,424100819
14128,424100820
14129,424100826
14130,424200026
14131,424200054
14132,424200057
14133,424200144
14134,424200183
14135,424300010
14136,424300012
14137,424300016
14138,424300038
14139,424300061
14140,424300074
14141,424300077
14142,424300082
14143,424300083
14144,424300087
14145,424300088
14146,424300089
14147,424300090
14148,424300092
14149,424300095
14150,424300096
14151,424300099
14152,424300100
14153,424300102
14154,424300109
14155,424300110
14156,424300115
14157,424300116
14158,424300128
14159,424300137
14160,424300141
14161,424300144
14162,424300149
14163,424300150
14164,424300151
14165,424300158
14166,424300178
14167,424300187
14168,424300189
14169,424300193
14170,424300200
14171,424300206
14172,424300207
14173,424300213
14174,424300230
14175,424300232
14176,424300291
14177,424300296
14178,424300314
14179,424300320
14180,424300322
14181,424300370
14182,424300379
14183,424300400
14184,424300445
14185,424300740
14186,424400004
14187,424400007
14188,424400017
14189,424400018
14190,424400020
14191,424400042
14192,424400070
14193,424400197
14194,424400281
14195,424500004
14196,424500012
14197,424500015
14198,424500019
14199,424500021
14200,424500022
14201,424500023
14202,424500024
14203,424500025
14204,424500026
14205,424500035
14206,424500071
14207,424500073
14208,424500078
14209,424500079
14210,424500089
14211,424500090
14212,424500100
14213,424500101
14214,424500102
14215,424500106
14216,424500107
14217,424500111
14218,424500112
14219,424500127
14220,424500135
14221,424500137
14222,424500148
14223,424500158
14224,424500167
14225,424500173
14226,424500181
14227,424500203
14228,424500208
14229,424500217
14230,424500221
14231,424500228
14232,424500233
14233,424500237
14234,424500243
14235,424500314
14236,424600006
14237,424600008
14238,424600041
14239,424600065
14240,424600072
14241,424600077
14242,424600081
14243,424600086
14244,424600089
14245,424600094
14246,424600105
14247,424600107
14248,424600108
14249,424600109
14250,424600114
14251,424600117
14252,424600119
14253,424600123
14254,424600129
14255,424600146
14256,424600155
14257,424600156
14258,424600158
14259,424600161
14260,424600166
14261,424600167
14262,424600169
14263,424600170
14264,424600237
14265,424600244
14266,424600245
14267,424600255
14268,424600257
14269,424700001
14270,424700007
14271,424700008
14272,424700011
14273,424700012
14274,424700017
14275,424700026
14276,424700031
14277,424700038
14278,424700047
14279,424700053
14280,424700055
14281,424700059
14282,424700065
14283,424700070
14284,424700074
14285,424700076
14286,424700080
14287,424700085
14288,424700088
14289,424700089
14290,424700111
14291,424700113
14292,424700115
14293,424700123
14294,424700129
14295,424700130
14296,424700134
14297,424700135
14298,424700137
14299,424700141
14300,424700149
14301,424700151
14302,424700162
14303,424700164
14304,424700174
14305,424700175
14306,424700176
14307,424700179
14308,424700180
14309,424700181
14310,424700182
14311,424700184
14312,424700192
14313,424700195
14314,424700197
14315,424700199
14316,424700211
14317,424700213
14318,424700214
14319,424700217
14320,424700218
14321,424700219
14322,424700222
14323,424700236
14324,424700243
14325,424700250
14326,424700251
14327,424700257
14328,424700262
14329,424700270
14330,424700271
14331,424700273
14332,424700278
14333,424700281
14334,424700292
14335,424700294
14336,424700295
14337,424700302
14338,424700306
14339,424700307
14340,424700309
14341,424700337
14342,424800003
14343,424800011
14344,424800017
14345,424800046
14346,424800077
14347,424800084
14348,424800088
14349,424800113
14350,424800118
14351,424800119
14352,424800120
14353,424800121
14354,424800149
14355,424800154
14356,424800165
14357,424800168
14358,424800226
14359,424900000
14360,424900002
14361,424900003
14362,424900007
14363,424900008
14364,424900010
14365,424900020
14366,424900028
14367,424900034
14368,424900035
14369,424900055
14370,424900056
14371,424900058
14372,424900069
14373,424900078
14374,424900089
14375,424900092
14376,424900093
14377,424900095
14378,424900121
14379,424900126
14380,424900134
14381,424900136
14382,424900139
14383,424900140
14384,424900150
14385,424900154
14386,424900160
14387,424900166
14388,424900179
14389,424900181
14390,424900183
14391,424900185
14392,424900191
14393,424900198
14394,424900206
14395,424900207
14396,424900208
14397,424900216
14398,424900218
14399,424900219
14400,424900221
14401,424900240
14402,424900250
14403,425000000
14404,425000001
14405,425000002
14406,425000003
14407,425000007
14408,425000013
14409,425000018
14410,425000019
14411,425000022
14412,425000029
14413,425000030
14414,425000031
14415,425000035
14416,425000036
14417,425000038
14418,425000042
14419,425000043
14420,425000044
14421,425000047
14422,425000048
14423,425000058
14424,425000065
14425,425000067
14426,425000071
14427,425000078
14428,425000081
14429,425000082
14430,425000086
14431,425000100
14432,425000107
14433,425000108
14434,425000128
14435,425000132
14436,425000133
14437,425000135
14438,425000142
14439,425000154
14440,425000156
14441,425000157
14442,425000159
14443,425000186
14444,425000202
14445,425000204
14446,425000238
14447,425000239
14448,425000252
14449,425000256
14450,425000259
14451,425000265
14452,425000266
14453,425000275
14454,425000276
14455,425000278
14456,425000280
14457,425000285
14458,425000289
14459,425000295
14460,425000299
14461,425000300
14462,425000301
14463,425000303
14464,425000304
14465,425000310
14466,425000315
14467,425000358
14468,425000361
14469,425000362
14470,425000363
14471,425000365
14472,425000368
14473,425000369
14474,425000370
14475,425000384
14476,425000385
14477,425000388
14478,425000398
14479,425000400
14480,425000402
14481,425000404
14482,425000406
14483,425000410
14484,425000418
14485,425000419
14486,425000421
14487,425000424
14488,425000438
14489,425100013
14490,425100016
14491,425100017
14492,425100041
14493,425100057
14494,425100062
14495,425100077
14496,425100111
14497,425100114
14498,425100119
14499,425100122
14500,425100133
14501,425100137
14502,425100142
14503,425100144
14504,425100155
14505,425100156
14506,425100170
14507,425100175
14508,425100192
14509,425100204
14510,425100209
14511,425100212
14512,425100223
14513,425100226
14514,425100228
14515,425100229
14516,425100237
14517,425100259
14518,425100260
14519,425100264
14520,425100265
14521,425100268
14522,425100295
14523,425100297
14524,425100303
14525,425100306
14526,425100317
14527,425100318
14528,425100323
14529,425100326
14530,425100344
14531,425100346
14532,425100349
14533,425100354
14534,425100355
14535,425100357
14536,425100358
14537,425100364
14538,425100371
14539,425100372
14540,425100376
14541,425100384
14542,425100385
14543,425200003
14544,425200004
14545,425200013
14546,425200018
14547,425200027
14548,425200029
14549,425200030
14550,425200031
14551,425200035
14552,425200036
14553,425200038
14554,425200041
14555,425200043
14556,425200047
14557,425200049
14558,425200062
14559,425200084
14560,425200085
14561,425200089
14562,425200095
14563,425200100
14564,425200101
14565,425200112
14566,425200113
14567,425200122
14568,425200123
14569,425200127
14570,425200140
14571,425200144
14572,425200146
14573,425200155
14574,425200191
14575,425200195
14576,425200198
14577,425200205
14578,425200206
14579,425200222
14580,425200243
14581,425200245
14582,425200247
14583,425200252
14584,425200260
14585,425200271
14586,425200281
14587,425200282
14588,425200283
14589,425200287
14590,425200297
14591,425200302
14592,425200303
14593,425200304
14594,425200308
14595,425200311
14596,425200314
14597,425200319
14598,425200327
14599,425200328
14600,425200332
14601,425200335
14602,425200339
14603,425200343
14604,425300003
14605,425300010
14606,425300012
14607,425300014
14608,425300018
14609,425300020
14610,425300028
14611,425300034
14612,425300035
14613,425300040
14614,425300041
14615,425300043
14616,425300047
14617,425300050
14618,425300053
14619,425300054
14620,425300057
14621,425300060
14622,425300063
14623,425300067
14624,425300068
14625,425300070
14626,425300072
14627,425300075
14628,425300082
14629,425300083
14630,425300089
14631,425300090
14632,425300094
14633,425300098
14634,425300100
14635,425300102
14636,425300103
14637,425300105
14638,425300106
14639,425300111
14640,425300119
14641,425300129
14642,425300142
14643,425300146
14644,425300148
14645,425300150
14646,425300152
14647,425300159
14648,425300160
14649,425300161
14650,425300163
14651,425300164
14652,425300166
14653,425300170
14654,425300171
14655,425300175
14656,425300181
14657,425300186
14658,425300189
14659,425300198
14660,425300203
14661,425300210
14662,425300211
14663,425300227
14664,425300235
14665,425300242
14666,425300245
14667,425300246
14668,425300248
14669,425300250
14670,425300253
14671,425300254
14672,425300256
14673,425300257
14674,425300265
14675,425300267
14676,425300274
14677,425300275
14678,425300276
14679,425300278
14680,425300281
14681,425300283
14682,425300286
14683,425300288
14684,425300291
14685,425300293
14686,425300295
14687,425300297
14688,425300298
14689,425300299
14690,425300304
14691,425300305
14692,425300306
14693,425300308
14694,425300309
14695,425300310
14696,425300312
14697,425300313
14698,425300314
14699,425300321
14700,425300322
14701,425300325
14702,425300326
14703,425300328
14704,425300329
14705,425300336
14706,425300340
14707,425300341
14708,425300342
14709,425300349
14710,425300351
14711,425300355
14712,425300359
14713,425300360
14714,425300361
14715,425300362
14716,425300364
14717,425300367
14718,425300368
14719,425300370
14720,425300374
14721,425400008
14722,425400009
14723,425400011
14724,425400020
14725,425400030
14726,425400035
14727,425400037
14728,425400038
14729,425400043
14730,425400048
14731,425400049
14732,425400097
14733,425400099
14734,425400103
14735,425400105
14736,425400107
14737,425400114
14738,425400115
14739,425400116
14740,425400118
14741,425400121
14742,425400126
14743,425400128
14744,425400129
14745,425400130
14746,425400137
14747,425400142
14748,425400144
14749,425400145
14750,425400147
14751,425400148
14752,425400150
14753,425400152
14754,425400155
14755,425400156
14756,425400157
14757,425400160
14758,425400164
14759,425400165
14760,425400166
14761,425400167
14762,425400168
14763,425400170
14764,425400171
14765,425400172
14766,425400173
14767,425400174
14768,425400184
14769,425400187
14770,425400225
14771,425400227
14772,425400231
14773,425400232
14774,425400237
14775,425400252
14776,425400265
14777,425400271
14778,425400274
14779,425400278
14780,425400294
14781,425400300
14782,425400320
14783,425400328
14784,425400335
14785,425400338
14786,425400340
14787,425400341
14788,425400342
14789,425400344
14790,425400345
14791,425400350
14792,425400352
14793,425400353
14794,425400356
14795,425400357
14796,425400358
14797,425400361
14798,425400362
14799,425400363
14800,425400364
14801,425400366
14802,425400368
14803,425400373
14804,425400374
14805,425400375
14806,425400377
14807,425400380
14808,425400382
14809,425400385
14810,425400387
14811,425400394
14812,425400396
14813,425500005
14814,425500008
14815,425500011
14816,425500012
14817,425500040
14818,425500062
14819,425500067
14820,425500069
14821,425500071
14822,425500084
14823,425500096
14824,425500101
14825,425500102
14826,425500108
14827,425500110
14828,425500115
14829,425500116
14830,425500118
14831,425500119
14832,425500124
14833,425500125
14834,425500127
14835,425500129
14836,425500131
14837,425500132
14838,425500133
14839,425500134
14840,425500137
14841,425500143
14842,425500144
14843,425500146
14844,425500148
14845,425500150
14846,425500161
14847,425500164
14848,425500173
14849,425500178
14850,425500179
14851,425500180
14852,425500185
14853,425500186
14854,425500192
14855,425500198
14856,425500206
14857,425500210
14858,425500212
14859,425500215
14860,425500216
14861,425500218
14862,425500219
14863,425500224
14864,425500227
14865,425500228
14866,425500232
14867,425500235
14868,425500245
14869,425500246
14870,425500249
14871,425500253
14872,425500254
14873,425500267
14874,425500275
14875,425500276
14876,425500280
14877,425500283
14878,425500284
14879,425500288
14880,425500303
14881,425500307
14882,425500308
14883,425500314
14884,425500317
14885,425500324
14886,425500328
14887,425500330
14888,425500348
14889,425500353
14890,425500355
14891,425500359
14892,425500367
14893,425500374
14894,425500384
14895,425500396
14896,425500397
14897,425500401
14898,425500403
14899,425500410
14900,425500420
14901,425500424
14902,425500454
14903,425500474
14904,425500482
14905,425500487
14906,425600000
14907,425600010
14908,425600011
14909,425600012
14910,425600014
14911,425600015
14912,425600028
14913,425600036
14914,425600038
14915,425600039
14916,425600060
14917,425600061
14918,425600071
14919,425600072
14920,425600074
14921,425600093
14922,425600104
14923,425600106
14924,425600111
14925,425600114
14926,425600119
14927,425600120
14928,425600121
14929,425600127
14930,425600128
14931,425600161
14932,425600169
14933,425600174
14934,425600182
14935,425600184
14936,425600190
14937,425600192
14938,425600193
14939,425600194
14940,425600206
14941,425600207
14942,425600224
14943,425600233
14944,425600236
14945,425600238
14946,425600239
14947,425600240
14948,425600243
14949,425700002
14950,425700004
14951,425700005
14952,425700006
14953,425700009
14954,425700010
14955,425700012
14956,425700030
14957,425700031
14958,425700038
14959,425700040
14960,425700045
14961,425700048
14962,425700052
14963,425700058
14964,425700061
14965,425700066
14966,425700069
14967,425700089
14968,425700096
14969,425700101
14970,425700102
14971,425700104
14972,425700115
14973,425700146
14974,425700149
14975,425700150
14976,425700156
14977,425700159
14978,425700162
14979,425700164
14980,425700172
14981,425700177
14982,425700181
14983,425700195
14984,425700198
14985,425700200
14986,425700212
14987,425700223
14988,425700234
14989,425700241
14990,425700255
14991,425700263
14992,425700265
14993,425700266
14994,425700269
14995,425700276
14996,425700280
14997,425700282
14998,425700291
14999,425700300
15000,425700301
15001,425700302
15002,425700304
15003,425700305
15004,425700308
15005,425700311
15006,425700315
15007,425700317
15008,425700321
15009,425700324
15010,425700344
15011,425700352
15012,425700355
15013,425700356
15014,425700358
15015,425700370
15016,425700384
15017,425700389
15018,425700393
15019,425700394
15020,425700396
15021,425700397
15022,425700404
15023,425700407
15024,425700408
15025,425700426
15026,425700427
15027,425700430
15028,425700443
15029,425700446
15030,425700451
15031,425700453
15032,425700456
15033,425700457
15034,425700458
15035,425700461
15036,425700463
15037,425700472
15038,425700480
15039,425700482
15040,425700483
15041,425700495
15042,425800005
15043,425800023
15044,425800044
15045,425800045
15046,425800051
15047,425800068
15048,425800080
15049,425800082
15050,425800091
15051,425800092
15052,425800101
15053,425800103
15054,425800105
15055,425800108
15056,425800125
15057,425800126
15058,425800132
15059,425800136
15060,425800138
15061,425800141
15062,425800144
15063,425800171
15064,425800173
15065,425800175
15066,425800196
15067,425800199
15068,425800216
15069,425800225
15070,425800229
15071,425800230
15072,425800231
15073,425800242
15074,425800250
15075,425800251
15076,425800256
15077,425800264
15078,425800266
15079,425800269
15080,425800275
15081,425800280
15082,425800281
15083,425800282
15084,425800288
15085,425800291
15086,425800293
15087,425800298
15088,425900011
15089,425900013
15090,425900020
15091,425900025
15092,425900033
15093,425900034
15094,425900039
15095,425900040
15096,425900048
15097,425900052
15098,425900064
15099,425900073
15100,425900081
15101,425900099
15102,425900107
15103,425900108
15104,425900109
15105,425900114
15106,425900116
15107,425900120
15108,425900121
15109,425900133
15110,425900135
15111,425900139
15112,425900140
15113,425900146
15114,425900147
15115,425900149
15116,425900163
15117,425900168
15118,425900181
15119,425900184
15120,425900186
15121,425900192
15122,425900193
15123,425900195
15124,425900209
15125,425900211
15126,425900212
15127,425900214
15128,425900215
15129,425900216
15130,425900218
15131,425900225
15132,425900231
15133,425900233
15134,425900234
15135,425900235
15136,425900237
15137,425900240
15138,425900242
15139,425900243
15140,425900244
15141,425900245
15142,425900257
15143,425900260
15144,425900268
15145,425900276
15146,425900285
15147,426000004
15148,426000011
15149,426000012
15150,426000021
15151,426000023
15152,426000028
15153,426000030
15154,426000031
15155,426000036
15156,426000038
15157,426000040
15158,426000042
15159,426000044
15160,426000054
15161,426000058
15162,426000059
15163,426000070
15164,426000071
15165,426000072
15166,426000073
15167,426000075
15168,426000078
15169,426000079
15170,426000084
15171,426000090
15172,426000115
15173,426000117
15174,426000119
15175,426000122
15176,426000127
15177,426000131
15178,426000132
15179,426000139
15180,426000141
15181,426000143
15182,426000147
15183,426000149
15184,426000150
15185,426000151
15186,426000154
15187,426000157
15188,426000159
15189,426000160
15190,426000161
15191,426000162
15192,426000167
15193,426000168
15194,426000169
15195,426000170
15196,426000172
15197,426000174
15198,426000176
15199,426000179
15200,426000181
15201,426000183
15202,426000184
15203,426000185
15204,426000192
15205,426000193
15206,426000194
15207,426000203
15208,426000209
15209,426000211
15210,426000212
15211,426000213
15212,426000216
15213,426000222
15214,426000223
15215,426000224
15216,426000225
15217,426000227
15218,426000234
15219,426000237
15220,426000238
15221,426000245
15222,426000248
15223,426000251
15224,426000252
15225,426000261
15226,426000267
15227,426000268
15228,426000270
15229,426000274
15230,426000275
15231,426000276
15232,426000277
15233,426000279
15234,426000282
15235,426000287
15236,426000292
15237,426000293
15238,426000300
15239,426000301
15240,426000302
15241,426000303
15242,426000306
15243,426000308
15244,426000310
15245,426000315
15246,426000325
15247,426000326
15248,426000327
15249,426000330
15250,426000337
15251,426000339
15252,426000340
15253,426000341
15254,426000347
15255,426000348
15256,426000349
15257,426000351
15258,426000355
15259,426000356
15260,426000357
15261,426000360
15262,426000362
15263,426000363
15264,426000364
15265,426000366
15266,426000371
15267,426000379
15268,426000385
15269,426000388
15270,426000389
15271,426000393
15272,426000396
15273,426000398
15274,426000404
15275,426000407
15276,426000408
15277,426000412
15278,426000418
15279,426000428
15280,426000434
15281,426000436
15282,426000437
15283,426000440
15284,426000442
15285,426000445
15286,426000448
15287,426000449
15288,426000452
15289,426000453
15290,426000456
15291,426000460
15292,426000462
15293,426000464
15294,426000469
15295,426000472
15296,426000474
15297,426000478
15298,426000480
15299,426000482
15300,426000486
15301,426000491
15302,426000493
15303,426000516
15304,426000517
15305,426000518
15306,426000519
15307,426000521
15308,426000530
15309,426000532
15310,426000534
15311,426000535
15312,426000539
15313,426000543
15314,426000547
15315,426000551
15316,426000552
15317,426000554
15318,426000557
15319,426000561
15320,426000562
15321,426000563
15322,426000567
15323,426000568
15324,426100002
15325,426100003
15326,426100004
15327,426100009
15328,426100020
15329,426100026
15330,426100036
15331,426100042
15332,426100043
15333,426100049
15334,426100053
15335,426100057
15336,426100064
15337,426100065
15338,426100077
15339,426100081
15340,426100083
15341,426100094
15342,426100098
15343,426100101
15344,426100107
15345,426100122
15346,426100124
15347,426100134
15348,426100141
15349,426100212
15350,426100316
15351,426100338
15352,426100343
15353,426200000
15354,426200003
15355,426200025
15356,426200106
15357,426300001
15358,426300005
15359,426300010
15360,426300011
15361,426300013
15362,426300014
15363,426300016
15364,426300023
15365,426300024
15366,426300034
15367,426300040
15368,426300048
15369,426300065
15370,426300071
15371,426300072
15372,426300078
15373,426300084
15374,426300090
15375,426300099
15376,426300109
15377,426300116
15378,426300128
15379,426300137
15380,426300138
15381,426300142
15382,426300151
15383,426300152
15384,426300155
15385,426300157
15386,426300169
15387,426300174
15388,426300186
15389,426300191
15390,426300197
15391,426300203
15392,426300204
15393,426300208
15394,426300210
15395,426300212
15396,426300213
15397,426300222
15398,426300227
15399,426300233
15400,426300234
15401,426300241
15402,426300246
15403,426300247
15404,426300253
15405,426300255
15406,426300258
15407,426300262
15408,426300263
15409,426300269
15410,426300278
15411,426400001
15412,426400004
15413,426400006
15414,426400009
15415,426400011
15416,426400014
15417,426400015
15418,426400017
15419,426400025
15420,426400027
15421,426400028
15422,426400030
15423,426400034
15424,426400035
15425,426400045
15426,426400047
15427,426400051
15428,426400054
15429,426400057
15430,426400065
15431,426400068
15432,426400075
15433,426400084
15434,426400085
15435,426400087
15436,426400092
15437,426400113
15438,426400115
15439,426400116
15440,426400120
15441,426400121
15442,426400122
15443,426400126
15444,426400128
15445,426400129
15446,426400135
15447,426400138
15448,426400158
15449,426400167
15450,426400169
15451,426400173
15452,426400175
15453,426400182
15454,426400200
15455,426400210
15456,426400211
15457,426400213
15458,426400214
15459,426400231
15460,426400234
15461,426400237
15462,426400239
15463,426400241
15464,426400254
15465,426400260
15466,426400287
15467,426400288
15468,426400294
15469,426400308
15470,426400315
15471,426400317
15472,426400341
15473,426400357
15474,426400361
15475,426400362
15476,426400366
15477,426400368
15478,426400369
15479,426400371
15480,426400375
15481,426400426
15482,426400428
15483,426500004
15484,426500012
15485,426500020
15486,426500074
15487,426500082
15488,426500095
15489,426500101
15490,426500103
15491,426500123
15492,426500153
15493,426500162
15494,426500168
15495,426500171
15496,426500174
15497,426500175
15498,426500178
15499,426500193
15500,426500194
15501,426500196
15502,426500201
15503,426500208
15504,426500209
15505,426500220
15506,426500221
15507,426500222
15508,426500224
15509,426500225
