cluster_idx,event_id
1,324600016
2,324800003
3,324800010
4,325000001
5,325000009
6,325000014
7,325000015
8,325000019
9,325000022
10,325000024
11,325000025
12,325000029
13,325000030
14,325000031
15,325000036
16,325000037
17,325000039
18,325000040
19,325000042
20,325000043
21,325000044
22,325000046
23,325000047
24,325000048
25,325000050
26,325000052
27,325000053
28,325000054
29,325000055
30,325000059
31,325000070
32,325000074
33,325000075
34,325000079
35,325000082
36,325000083
37,325000084
38,325000085
39,325000088
40,325000096
41,325000099
42,325000101
43,325000108
44,325000110
45,325000114
46,325000115
47,325000121
48,325000123
49,325000132
50,325000141
51,325000158
52,325000168
53,325000169
54,325000170
55,325000171
56,325000174
57,325000179
58,325000180
59,325000182
60,325000186
61,325000188
62,325000193
63,325000196
64,325000200
65,325100006
66,325200000
67,325200006
68,325300021
69,325300028
70,325300031
71,325300035
72,325300040
73,325300042
74,325300059
75,325300089
76,325300098
77,325300103
78,325400108
79,325500037
80,325500052
81,325500061
82,325500089
83,325600000
84,325600014
85,325600016
86,325600019
87,325600023
88,325600026
89,325600029
90,325600045
91,325600077
92,325600092
93,325800001
94,325800016
95,325800069
96,325800080
97,325800091
98,325800095
99,325800099
100,325800101
101,325800105
102,325800118
103,325800119
104,325800120
105,325800122
106,325800128
107,325800136
108,325800139
109,325800144
110,325800147
111,325800148
112,325800163
113,325800166
114,325800172
115,325800173
116,325800177
117,325800188
118,325800196
119,325800221
120,325800223
121,325800233
122,325800236
123,325900004
124,325900013
125,325900018
126,325900033
127,325900050
128,325900057
129,325900078
130,325900084
131,325900085
132,325900086
133,325900089
134,326000008
135,326100014
136,326500004
137,326600006
138,326600008
139,326600010
140,326600011
141,326600012
142,326600029
143,326600030
144,326600032
145,326800095
146,326900029
147,327000065
148,327100041
149,327100045
150,327200032
151,327200033
152,327300015
153,327400001
154,327400003
155,327400014
156,327400290
157,327500030
158,327500036
159,327500058
160,327500059
161,327500060
162,327500083
163,327500102
164,327500104
165,327500107
166,327500109
167,327500112
168,327500120
169,327500122
170,327500129
171,327500136
172,327500155
173,327500164
174,327500170
175,327500171
176,327500175
177,327500176
178,327500178
179,327500183
180,327500192
181,327500195
182,327500199
183,327500201
184,327500205
185,327500209
186,327500210
187,327500216
188,327500217
189,327500218
190,327500224
191,327500226
192,327500229
193,327500230
194,327500242
195,327600001
196,327600014
197,327600016
198,327600020
199,327600027
200,327600035
201,327600044
202,327600051
203,327600053
204,327600054
205,327600057
206,327600060
207,327600077
208,327600091
209,327700004
210,327700005
211,327700011
212,327700028
213,327800013
214,328100007
215,328300000
216,328400001
217,328400002
218,328400006
219,328600015
220,328600018
221,328600027
222,328600034
223,328600042
224,328600045
225,328600047
226,328600050
227,328600072
228,328700014
229,328700016
230,328700020
231,328700022
232,328700036
233,328700039
234,328700062
235,328700063
236,328700067
237,328700075
238,328700092
239,328700093
240,328800023
241,328800024
242,328800029
243,328800035
244,328800059
245,328800066
246,328900012
247,328900047
248,328900076
249,329000007
250,329000008
251,329000016
252,329000017
253,329000038
254,329000050
255,329000058
256,329000060
257,329100000
258,329100058
259,329100074
260,329100101
261,329100106
262,329100108
263,329200009
264,329200036
265,329200037
266,329200038
267,329200043
268,329200050
269,329200051
270,329200061
271,329200085
272,329200096
273,329200098
274,329200115
275,329200117
276,329200124
277,329200125
278,329200132
279,329200137
280,329200142
281,329200148
282,329300019
283,329300025
284,329300032
285,329300037
286,329300041
287,329300045
288,329300046
289,329300050
290,329300054
291,329300055
292,329300056
293,329300057
294,329300058
295,329300093
296,329300097
297,329300105
298,329300111
299,329300119
300,329400001
301,329400012
302,329400029
303,329400030
304,329400036
305,329400038
306,329500027
307,329600011
308,329600019
309,329600024
310,329600043
311,329700004
312,329700005
313,329700008
314,329700009
315,329700022
316,329700023
317,329700027
318,329700057
319,329700060
320,329700065
321,329700072
322,329800010
323,329800011
324,329800023
325,329800041
326,329900013
327,329900031
328,329900033
329,329900034
330,329900046
331,329900050
332,329900051
333,329900059
334,329900064
335,329900073
336,329900086
337,329900102
338,329900105
339,329900147
340,330000022
341,330100002
342,330100007
343,330100024
344,330100026
345,330100035
346,330100044
347,330100050
348,330100075
349,330100097
350,330100108
351,330100130
352,330100131
353,330100138
354,330100140
355,330100162
356,330100165
357,330100178
358,330100230
359,330100239
360,330100240
361,330200012
362,330200013
363,330200056
364,330200063
365,330200083
366,330200084
367,330200087
368,330200090
369,330200095
370,330200098
371,330200101
372,330200102
373,330300002
374,330300027
375,330300043
376,330300053
377,330300106
378,330300123
379,330300125
380,330300134
381,330300135
382,330300137
383,330300140
384,330300145
385,330300156
386,330300159
387,330300169
388,330300171
389,330300174
390,330300176
391,330300182
392,330300203
393,330300245
394,330400008
395,330400009
396,330400018
397,330400019
398,330400048
399,330400051
400,330400063
401,330400092
402,330400094
403,330400097
404,330400122
405,330400124
406,330400131
407,330400134
408,330400137
409,330400141
410,330400156
411,330500013
412,330500048
413,330600004
414,330600015
415,330600020
416,330600024
417,330600025
418,330600026
419,330600039
420,330600046
421,330600054
422,330600058
423,330600067
424,330600072
425,330700027
426,330700035
427,330700039
428,330700052
429,330800003
430,330800006
431,330800011
432,330800012
433,330800013
434,330800072
435,330800073
436,330900037
437,330900046
438,330900060
439,331000048
440,331000054
441,331000084
442,331000093
443,331000149
444,331000156
445,331000166
446,331000170
447,331000177
448,331000182
449,331000184
450,331000211
451,331000214
452,331000216
453,331000229
454,331000264
455,331000279
456,331000280
457,331000285
458,331000297
459,331000324
460,331000331
461,331000332
462,331000341
463,331000346
464,331000377
465,331000387
466,331000388
467,331000389
468,331000396
469,331100004
470,331100017
471,331100025
472,331100027
473,331100030
474,331100034
475,331100041
476,331100054
477,331100056
478,331100057
479,331100058
480,331100059
481,331100068
482,331100069
483,331100074
484,331100079
485,331100085
486,331100088
487,331100092
488,331100094
489,331100095
490,331100096
491,331100098
492,331100105
493,331100132
494,331100137
495,331200000
496,331200003
497,331200028
498,331200038
499,331300001
500,331300007
501,331300020
502,331300021
503,331300038
504,331300044
505,331400030
506,331400034
507,331500001
508,331500012
509,331500018
510,331500027
511,331500038
512,331500055
513,331500064
514,331600003
515,331600007
516,331600008
517,331600011
518,331600012
519,331600013
520,331600018
521,331600025
522,331700000
523,331700002
524,331700004
525,331700023
526,331700034
527,331700039
528,331700040
529,331700045
530,331700096
531,331700104
532,331700110
533,331700115
534,331700126
535,331700144
536,331800011
537,331800013
538,331800018
539,331900010
540,332000008
541,332000016
542,332000022
543,332100037
544,332100046
545,332100062
546,332100069
547,332200002
548,332300012
549,332400009
550,332500011
551,332500014
552,332700025
553,332800002
554,332800016
555,332800018
556,332900012
557,332900014
558,332900018
559,332900019
560,332900024
561,332900027
562,332900039
563,332900062
564,332900066
565,333000003
566,333000116
567,333100005
568,333100044
569,333100047
570,333100117
571,333300012
572,333600003
573,333600010
574,333700007
575,333700023
576,333700026
577,333800002
578,333900001
579,333900015
580,333900019
581,333900034
582,334000008
583,334000011
584,334100008
585,334200009
586,334200017
587,334300017
588,334900084
589,334900089
590,335000040
591,335000053
592,335200022
593,335200026
594,335200029
595,335200047
596,335300040
597,335300046
598,335300056
599,335300057
600,335300059
601,335300096
602,335300108
603,335300112
604,335300119
605,335300131
606,335400002
607,335400008
608,335400009
609,335400015
610,335500005
611,335500011
612,335500015
613,335500019
614,335500033
615,335500039
616,335500042
617,335500058
618,335500061
619,335600003
620,335600188
621,335600202
622,335600206
623,335600210
624,335600211
625,335600221
626,335700009
627,335700021
628,335700022
629,335700023
630,335700030
631,335700048
632,335700049
633,335700050
634,335700054
635,335700090
636,335700093
637,335700100
638,335700101
639,335700110
640,335700113
641,335700120
642,335700125
643,335700129
644,335700135
645,335700152
646,335800002
647,335800010
648,335800011
649,335800016
650,335800021
651,335800023
652,336000041
653,336100008
654,336200001
655,336300001
656,336300009
657,336300014
658,336300019
659,336300029
660,336400012
661,336500030
662,400300014
663,400500036
664,400600010
665,400600011
666,400600024
667,400600025
668,400600033
669,400600057
670,400600060
671,400600087
672,400600108
673,400700036
674,400800045
675,400800062
676,400800081
677,400800089
678,400800091
679,400800137
680,400800174
681,400800175
682,400900010
683,400900023
684,400900054
685,400900076
686,401000001
687,401000009
688,401000010
689,401000015
690,401000024
691,401000026
692,401000028
693,401000029
694,401000030
695,401000039
696,401000046
697,401000048
698,401200004
699,401200017
700,401200020
701,401200021
702,401200028
703,401200029
704,401200047
705,401200053
706,401300004
707,401300019
708,401300027
709,401600012
710,401700007
711,401700013
712,401700018
713,401700021
714,401700028
715,401700029
716,401800056
717,401900039
718,401900203
719,401900209
720,401900214
721,401900217
722,401900218
723,401900231
724,402000017
725,402000036
726,402100007
727,402100015
728,402100040
729,402100066
730,402100069
731,402100079
732,402200009
733,402200015
734,402200019
735,402200021
736,402200026
737,402200031
738,402200034
739,402200132
740,402200136
741,402200137
742,402200142
743,402200156
744,402200169
745,402200178
746,402500012
747,402500031
748,402500045
749,402500067
750,402500082
751,402500084
752,402500087
753,402500089
754,402500093
755,402500094
756,402500096
757,402500099
758,402500115
759,402600016
760,402700001
761,402700011
762,402700027
763,402700034
764,402700036
765,402700051
766,402800008
767,402800009
768,402800036
769,402900011
770,403000017
771,403000019
772,403000023
773,403000026
774,403000033
775,403000034
776,403000037
777,403000048
778,403000113
779,403100003
780,403100013
781,403100014
782,403100035
783,406100010
784,406100016
785,406100027
786,406100029
787,406100040
788,406100059
789,406200002
790,406200066
791,406200090
792,406300000
793,406300019
794,406300024
795,406300028
796,406300034
797,406300041
798,406300065
799,406300066
800,406300075
801,406300086
802,406400002
803,406400006
804,406400007
805,406400088
806,406400090
807,406400095
808,406400098
809,406500009
810,406500028
811,406500058
812,406500061
813,406500073
814,406600015
815,406600022
816,406600024
817,406600030
818,406600065
819,406700000
820,406700001
821,406700008
822,406700011
823,406700035
824,406700042
825,406700049
826,406700050
827,406700052
828,406700055
829,406800028
830,406800034
831,406800035
832,406800037
833,406800040
834,406800059
835,406800077
836,406800138
837,406900006
838,406900007
839,406900014
840,406900029
841,406900035
842,406900036
843,406900037
844,406900040
845,406900047
846,406900048
847,406900049
848,406900051
849,406900053
850,406900057
851,406900068
852,406900073
853,406900078
854,406900080
855,406900082
856,406900083
857,406900088
858,406900093
859,406900096
860,406900098
861,406900099
862,407000000
863,407000005
864,407000011
865,407000017
866,407000018
867,407000020
868,407000023
869,408000069
870,408000072
871,408200051
872,408700044
873,408700063
874,408700065
875,408700066
876,408700067
877,408700068
878,408700069
879,408700075
880,408700076
881,408700078
882,408700080
883,408700085
884,408700086
885,408700087
886,408700093
887,408700095
888,408700102
889,408800007
890,408800024
891,408800032
892,408800033
893,408800034
894,408800035
895,408800039
896,408800058
897,408800061
898,408800062
899,408900014
900,408900019
901,408900022
902,408900026
903,408900027
904,408900028
905,408900029
906,408900032
907,408900046
908,408900059
909,408900075
910,408900100
911,408900112
912,408900113
913,408900117
914,408900126
915,408900131
916,408900134
917,408900135
918,408900137
919,409000001
920,409000020
921,409000088
922,409000248
923,409000309
924,409000342
925,409000351
926,409000365
927,409000405
928,409000407
929,409000408
930,409000423
931,409000427
932,409000431
933,409000434
934,409000435
935,409000437
936,409000443
937,409000444
938,409000449
939,409000450
940,409000453
941,409000454
942,409000462
943,409000463
944,409000466
945,409000469
946,409100009
947,409100010
948,409100017
949,409100021
950,409100032
951,409100033
952,409100042
953,409100051
954,409100062
955,409100063
956,409100070
957,409100080
958,409100085
959,409100092
960,409100099
961,409100106
962,409100107
963,409100120
964,409100121
965,409100135
966,409100145
967,409100159
968,409200045
969,409200050
970,409200060
971,409200064
972,409200070
973,409200073
974,409200074
975,409200083
976,409200084
977,409200089
978,409200092
979,409200096
980,409200100
981,409200102
982,409200118
983,409200134
984,409200138
985,409200146
986,409200147
987,409200150
988,409200151
989,409200157
990,409200158
991,409200162
992,409200167
993,409200172
994,409200179
995,409200181
996,409200185
997,409200192
998,409200215
999,409200218
1000,409200221
1001,409200224
1002,409200228
1003,409200232
1004,409200235
1005,409200242
1006,409300002
1007,409300004
1008,409300005
1009,409300007
1010,409300008
1011,409300009
1012,409300020
1013,409300028
1014,409300038
1015,409300042
1016,409300046
1017,409300048
1018,409300049
1019,409300050
1020,409300051
1021,409300052
1022,409300054
1023,409300058
1024,409300059
1025,409300061
1026,409300063
1027,409300069
1028,409300071
1029,409300075
1030,409300076
1031,409300078
1032,409300079
1033,409300094
1034,409300136
1035,409300142
1036,409300151
1037,409300165
1038,409300187
1039,409300190
1040,409300192
1041,409400014
1042,409400045
1043,409400048
1044,409400050
1045,409400055
1046,409400057
1047,409400073
1048,409400075
1049,409400085
1050,409500001
1051,409500005
1052,409500011
1053,409500016
1054,409500018
1055,409500026
1056,409500029
1057,409500035
1058,409500039
1059,409500053
1060,409500059
1061,409500063
1062,409500065
1063,409500078
1064,409500084
1065,409500085
1066,409500092
1067,409500094
1068,409500098
1069,409500099
1070,409500106
1071,409500107
1072,409500109
1073,409500116
1074,409500117
1075,409500118
1076,409500123
1077,409500126
1078,409500127
1079,409500129
1080,409500135
1081,409500137
1082,409500138
1083,409500148
1084,409500150
1085,409500151
1086,409500155
1087,409500160
1088,409500161
1089,409500163
1090,409500175
1091,409500176
1092,409500185
1093,409500193
1094,409500194
1095,409500196
1096,409500198
1097,409500199
1098,409500207
1099,409500210
1100,409500216
1101,409500220
1102,409500225
1103,409500226
1104,409500227
1105,409500228
1106,409500232
1107,409500233
1108,409500236
1109,409500237
1110,409500238
1111,409500242
1112,409500244
1113,409500257
1114,409500260
1115,409500263
1116,409500266
1117,409500268
1118,409500270
1119,409500275
1120,409500276
1121,409500278
1122,409500282
1123,409500286
1124,409500288
1125,409500290
1126,409500296
1127,409500298
1128,409500299
1129,409500303
1130,409500310
1131,409500312
1132,409500316
1133,409500322
1134,409500324
1135,409500326
1136,409500328
1137,409500331
1138,409500335
1139,409500349
1140,409500351
1141,409500360
1142,409500362
1143,409500363
1144,409500364
1145,409500379
1146,409500388
1147,409600016
1148,409600023
1149,409600030
1150,409600032
1151,409600038
1152,409600050
1153,409600064
1154,409600078
1155,409600079
1156,409600084
1157,409600085
1158,409600090
1159,409600100
1160,409600105
1161,409600107
1162,409600109
1163,409600111
1164,409600114
1165,409600120
1166,409600123
1167,409600124
1168,409600129
1169,409600133
1170,409600145
1171,409600149
1172,409600150
1173,409600154
1174,409700022
1175,409700026
1176,409700029
1177,409700042
1178,409700060
1179,409700069
1180,409700072
1181,409700074
1182,409700079
1183,409700081
1184,409800009
1185,409800012
1186,409800016
1187,409800030
1188,409800033
1189,409800035
1190,409800040
1191,409800053
1192,409800056
1193,409800059
1194,409900025
1195,409900028
1196,409900039
1197,409900040
1198,409900042
1199,409900048
1200,409900049
1201,409900050
1202,409900057
1203,409900067
1204,409900080
1205,409900115
1206,409900117
1207,409900124
1208,409900139
1209,409900148
1210,409900150
1211,410000003
1212,410000007
1213,410000010
1214,410000014
1215,410000020
1216,410000029
1217,410000036
1218,410000037
1219,410000045
1220,410000046
1221,410000049
1222,410000056
1223,410000073
1224,410000081
1225,410000086
1226,410000092
1227,410000101
1228,410000102
1229,410000116
1230,410000133
1231,410000139
1232,410000140
1233,410000149
1234,410000156
1235,410000157
1236,410000177
1237,410000186
1238,410000191
1239,410000192
1240,410000197
1241,410000200
1242,410000202
1243,410000204
1244,410000210
1245,410000213
1246,410000214
1247,410000216
1248,410000217
1249,410000219
1250,410000223
1251,410000226
1252,410000227
1253,410000236
1254,410000237
1255,410000244
1256,410000245
1257,410000246
1258,410000247
1259,410000249
1260,410000251
1261,410000252
1262,410000254
1263,410000257
1264,410000264
1265,410000267
1266,410000274
1267,410000284
1268,410000288
1269,410000290
1270,410000308
1271,410000309
1272,410000311
1273,410000312
1274,410000324
1275,410000331
1276,410000333
1277,410000336
1278,410100011
1279,410100018
1280,410100025
1281,410100027
1282,410100031
1283,410100049
1284,410100087
1285,410100089
1286,410100096
1287,410100100
1288,410100104
1289,410100107
1290,410100110
1291,410100111
1292,410100114
1293,410100116
1294,410100125
1295,410100128
1296,410100133
1297,410100135
1298,410100137
1299,410100140
1300,410100141
1301,410100142
1302,410100149
1303,410100152
1304,410100167
1305,410100168
1306,410100169
1307,410100173
1308,410100175
1309,410100178
1310,410100180
1311,410100182
1312,410100185
1313,410100197
1314,410100201
1315,410200015
1316,410200018
1317,410200020
1318,410200029
1319,410200032
1320,410200050
1321,410200055
1322,410200064
1323,410200071
1324,410200073
1325,410300003
1326,410300015
1327,410300016
1328,410300021
1329,410300023
1330,410300031
1331,410300035
1332,410300039
1333,410300058
1334,410300061
1335,410300066
1336,410300067
1337,410300068
1338,410300070
1339,410300071
1340,410300083
1341,410300095
1342,410300098
1343,410300117
1344,410300122
1345,410300124
1346,410300127
1347,410300128
1348,410300129
1349,410300137
1350,410300144
1351,410300153
1352,410300164
1353,410400013
1354,410400014
1355,410400017
1356,410400018
1357,410400032
1358,410400055
1359,410400057
1360,410400079
1361,410400083
1362,410400100
1363,410400104
1364,410400105
1365,410400107
1366,410400110
1367,410400111
1368,410400123
1369,410400126
1370,410400130
1371,410400135
1372,410500001
1373,410500002
1374,410500031
1375,410500033
1376,410500042
1377,410500051
1378,410500061
1379,410500062
1380,410500065
1381,410500067
1382,410500069
1383,410500075
1384,410500077
1385,410500079
1386,410500081
1387,410500082
1388,410500087
1389,410500090
1390,410500092
1391,410500094
1392,410500098
1393,410500105
1394,410500108
1395,410500112
1396,410500117
1397,410500121
1398,410500124
1399,410500132
1400,410500135
1401,410500145
1402,410500147
1403,410500165
1404,410500166
1405,410500168
1406,410500172
1407,410500176
1408,410500179
1409,410500193
1410,410500194
1411,410500199
1412,410500200
1413,410500204
1414,410500217
1415,410500221
1416,410500225
1417,410500240
1418,410500242
1419,410500251
1420,410500257
1421,410500259
1422,410500260
1423,410500261
1424,410500263
1425,410500264
1426,410500266
1427,410500271
1428,410500279
1429,410500291
1430,410500299
1431,410500303
1432,410500325
1433,410500328
1434,410500333
1435,410500341
1436,410500347
1437,410500363
1438,410500369
1439,410500376
1440,410600003
1441,410600009
1442,410600022
1443,410600026
1444,410600029
1445,410600040
1446,410600056
1447,410600071
1448,410600092
1449,410600097
1450,410600099
1451,410600128
1452,410600142
1453,410600147
1454,410600167
1455,410600186
1456,410600196
1457,410600198
1458,410600199
1459,410600221
1460,410600229
1461,410600234
1462,410600239
1463,410600252
1464,410600254
1465,410600257
1466,410600259
1467,410600261
1468,410600262
1469,410600284
1470,410600299
1471,410600300
1472,410600304
1473,410600306
1474,410600309
1475,410600311
1476,410600316
1477,410600317
1478,410600319
1479,410600322
1480,410600323
1481,410700020
1482,410700023
1483,410700026
1484,410700031
1485,410700040
1486,410700045
1487,410700056
1488,410700057
1489,410700058
1490,410700059
1491,410700060
1492,410700067
1493,410700068
1494,410700080
1495,410700094
1496,410700117
1497,410700118
1498,410700119
1499,410700127
1500,410700128
1501,410700140
1502,410700143
1503,410700152
1504,410700158
1505,410700167
1506,410700181
1507,410700190
1508,410700198
1509,410700199
1510,410700204
1511,410700207
1512,410700240
1513,410700242
1514,410700243
1515,410700244
1516,410700247
1517,410700250
1518,410700251
1519,410700252
1520,410700256
1521,410700261
1522,410700262
1523,410700267
1524,410700271
1525,410700277
1526,410700281
1527,410700284
1528,410700290
1529,410700291
1530,410700297
1531,410700305
1532,410700327
1533,410700331
1534,410700332
1535,410700334
1536,410700337
1537,410700340
1538,410700341
1539,410700342
1540,410700345
1541,410700348
1542,410700349
1543,410700350
1544,410700352
1545,410700355
1546,410700356
1547,410700378
1548,410700382
1549,410700387
1550,410700393
1551,410700396
1552,410700399
1553,410700404
1554,410700410
1555,410700415
1556,410700420
1557,410700426
1558,410700429
1559,410700432
1560,410700434
1561,410700436
1562,410700438
1563,410700445
1564,410700446
1565,410700447
1566,410700450
1567,410700451
1568,410700455
1569,410700460
1570,410700468
1571,410700472
1572,410700479
1573,410700482
1574,410700483
1575,410700492
1576,410700494
1577,410700499
1578,410700504
1579,410700513
1580,410700514
1581,410700516
1582,410700517
1583,410700522
1584,410700533
1585,410700539
1586,410800000
1587,410800012
1588,410800017
1589,410800033
1590,410800035
1591,410800038
1592,410800039
1593,410800045
1594,410800046
1595,410800048
1596,410800049
1597,410800050
1598,410800053
1599,410800058
1600,410800066
1601,410800076
1602,410800077
1603,410800081
1604,410800087
1605,410800090
1606,410800092
1607,410800094
1608,410800113
1609,410800126
1610,410800133
1611,410800137
1612,410800139
1613,410800140
1614,410800141
1615,410800142
1616,410800149
1617,410900007
1618,410900017
1619,410900035
1620,410900038
1621,410900040
1622,410900053
1623,410900055
1624,410900059
1625,410900062
1626,410900067
1627,410900068
1628,410900072
1629,410900074
1630,410900075
1631,410900078
1632,410900079
1633,410900081
1634,410900083
1635,410900085
1636,410900086
1637,410900088
1638,410900093
1639,410900095
1640,410900097
1641,410900104
1642,410900107
1643,410900113
1644,410900116
1645,410900117
1646,410900118
1647,410900121
1648,410900124
1649,410900125
1650,410900126
1651,410900127
1652,410900138
1653,410900140
1654,410900141
1655,410900142
1656,410900147
1657,410900152
1658,410900154
1659,410900170
1660,410900186
1661,410900187
1662,410900190
1663,410900191
1664,410900192
1665,410900193
1666,410900194
1667,410900195
1668,410900198
1669,410900201
1670,410900202
1671,410900203
1672,410900219
1673,411000001
1674,411000002
1675,411000003
1676,411000005
1677,411000011
1678,411000015
1679,411000024
1680,411000033
1681,411000041
1682,411000051
1683,411000053
1684,411000068
1685,411000070
1686,411000075
1687,411000078
1688,411000081
1689,411000092
1690,411000095
1691,411000098
1692,411000099
1693,411000102
1694,411000106
1695,411000107
1696,411000114
1697,411000138
1698,411000143
1699,411000145
1700,411000146
1701,411000151
1702,411000155
1703,411000165
1704,411000166
1705,411000172
1706,411000185
1707,411000205
1708,411000206
1709,411000207
1710,411000217
1711,411000218
1712,411000222
1713,411000227
1714,411000230
1715,411000241
1716,411000253
1717,411000267
1718,411100007
1719,411100008
1720,411100011
1721,411100018
1722,411100032
1723,411100034
1724,411100041
1725,411100043
1726,411100045
1727,411100048
1728,411100049
1729,411100051
1730,411100061
1731,411100062
1732,411100070
1733,411100072
1734,411100075
1735,411100077
1736,411100080
1737,411100087
1738,411100089
1739,411100091
1740,411100093
1741,411100094
1742,411100097
1743,411100098
1744,411100106
1745,411100115
1746,411100122
1747,411100126
1748,411200005
1749,411200006
1750,411200012
1751,411200019
1752,411200021
1753,411200022
1754,411200026
1755,411200028
1756,411200029
1757,411200035
1758,411200038
1759,411200042
1760,411200049
1761,411200056
1762,411200057
1763,411200062
1764,411200064
1765,411200066
1766,411200067
1767,411200069
1768,411200070
1769,411200092
1770,411200095
1771,411200113
1772,411200116
1773,411200118
1774,411200119
1775,411200126
1776,411200139
1777,411200140
1778,411200147
1779,411200154
1780,411200156
1781,411200166
1782,411200167
1783,411200169
1784,411200176
1785,411200179
1786,411200180
1787,411200181
1788,411200184
1789,411200185
1790,411200218
1791,411200232
1792,411200234
1793,411200236
1794,411200237
1795,411200239
1796,411200248
1797,411200261
1798,411200265
1799,411200268
1800,411200269
1801,411200277
1802,411200280
1803,411200282
1804,411200299
1805,411200302
1806,411200307
1807,411200310
1808,411200311
1809,411200312
1810,411200314
1811,411200319
1812,411200321
1813,411200322
1814,411200330
1815,411300000
1816,411300002
1817,411300017
1818,411300018
1819,411300024
1820,411300025
1821,411300028
1822,411300029
1823,411300035
1824,411300046
1825,411300047
1826,411300053
1827,411300056
1828,411300065
1829,411300066
1830,411300070
1831,411300077
1832,411300080
1833,411300082
1834,411300084
1835,411300088
1836,411300100
1837,411300124
1838,411300126
1839,411300128
1840,411300129
1841,411300132
1842,411300133
1843,411300135
1844,411300138
1845,411300140
1846,411300142
1847,411300143
1848,411300144
1849,411300146
1850,411300147
1851,411300153
1852,411300155
1853,411300157
1854,411300159
1855,411300161
1856,411300163
1857,411300166
1858,411300175
1859,411300176
1860,411300178
1861,411300179
1862,411300181
1863,411300182
1864,411300183
1865,411300184
1866,411300185
1867,411300187
1868,411300188
1869,411300190
1870,411300191
1871,411300213
1872,411300223
1873,411400007
1874,411400008
1875,411400013
1876,411400014
1877,411400015
1878,411400021
1879,411400024
1880,411400026
1881,411400037
1882,411400038
1883,411400039
1884,411400045
1885,411400050
1886,411400051
1887,411400053
1888,411400055
1889,411400057
1890,411400058
1891,411400060
1892,411400062
1893,411400066
1894,411400071
1895,411400074
1896,411400076
1897,411400077
1898,411400079
1899,411400086
1900,411400087
1901,411400088
1902,411400090
1903,411400091
1904,411400099
1905,411400100
1906,411400102
1907,411400103
1908,411400104
1909,411400107
1910,411400110
1911,411400112
1912,411400115
1913,411400116
1914,411400121
1915,411400123
1916,411400124
1917,411400127
1918,411400132
1919,411400133
1920,411400134
1921,411400138
1922,411400139
1923,411400140
1924,411400151
1925,411400154
1926,411400157
1927,411400158
1928,411400160
1929,411400164
1930,411400175
1931,411400184
1932,411400191
1933,411400209
1934,411400212
1935,411400218
1936,411400223
1937,411400225
1938,411400228
1939,411400230
1940,411400248
1941,411400252
1942,411400253
1943,411400258
1944,411400263
1945,411400271
1946,411400283
1947,411400284
1948,411400287
1949,411400302
1950,411400310
1951,411400315
1952,411400320
1953,411400321
1954,411400326
1955,411400331
1956,411400333
1957,411400335
1958,411400337
1959,411400339
1960,411400344
1961,411400352
1962,411400355
1963,411400356
1964,411400357
1965,411400361
1966,411400364
1967,411400366
1968,411400372
1969,411400374
1970,411400381
1971,411500006
1972,411500014
1973,411500016
1974,411500019
1975,411500026
1976,411500028
1977,411500029
1978,411500030
1979,411500033
1980,411500038
1981,411500048
1982,411500076
1983,411500077
1984,411500078
1985,411500083
1986,411500086
1987,411500088
1988,411500089
1989,411500090
1990,411500094
1991,411500102
1992,411500111
1993,411500114
1994,411500117
1995,411500126
1996,411500130
1997,411500134
1998,411500135
1999,411500136
2000,411500137
2001,411500148
2002,411500151
2003,411500153
2004,411500154
2005,411500157
2006,411500159
2007,411500160
2008,411500161
2009,411500163
2010,411500168
2011,411500171
2012,411500176
2013,411500177
2014,411500179
2015,411500181
2016,411500182
2017,411500186
2018,411500187
2019,411500188
2020,411500189
2021,411500191
2022,411500192
2023,411500194
2024,411500195
2025,411500198
2026,411500203
2027,411500204
2028,411500210
2029,411500211
2030,411500215
2031,411500216
2032,411500219
2033,411500220
2034,411500227
2035,411500229
2036,411500231
2037,411500239
2038,411500240
2039,411500250
2040,411500255
2041,411500262
2042,411500265
2043,411500271
2044,411500286
2045,411500298
2046,411500319
2047,411500321
2048,411500323
2049,411500330
2050,411500340
2051,411500356
2052,411500365
2053,411500372
2054,411500375
2055,411500380
2056,411500382
2057,411500384
2058,411500391
2059,411500398
2060,411500421
2061,411500424
2062,411500425
2063,411500441
2064,411500446
2065,411500448
2066,411500453
2067,411500454
2068,411500466
2069,411500470
2070,411500476
2071,411500478
2072,411600001
2073,411600003
2074,411600004
2075,411600005
2076,411600011
2077,411600014
2078,411600016
2079,411600024
2080,411600026
2081,411600034
2082,411600039
2083,411600048
2084,411600064
2085,411600065
2086,411600066
2087,411600073
2088,411600082
2089,411600095
2090,411600098
2091,411600099
2092,411600113
2093,411600116
2094,411600119
2095,411600127
2096,411600129
2097,411600133
2098,411600140
2099,411600144
2100,411600146
2101,411600153
2102,411600156
2103,411600162
2104,411600163
2105,411600164
2106,411600165
2107,411600167
2108,411600171
2109,411600175
2110,411600176
2111,411700001
2112,411700014
2113,411700027
2114,411700029
2115,411700032
2116,411700037
2117,411700045
2118,411700046
2119,411700048
2120,411700053
2121,411700054
2122,411700059
2123,411700061
2124,411700062
2125,411700069
2126,411700073
2127,411700080
2128,411700084
2129,411700092
2130,411700095
2131,411700106
2132,411700107
2133,411700118
2134,411700120
2135,411700121
2136,411700123
2137,411700124
2138,411700131
2139,411700133
2140,411700155
2141,411800000
2142,411800001
2143,411800005
2144,411800010
2145,411800020
2146,411800024
2147,411800037
2148,411800038
2149,411800051
2150,411800052
2151,411800057
2152,411800058
2153,411800070
2154,411800074
2155,411800078
2156,411800084
2157,411800090
2158,411800102
2159,411800107
2160,411800109
2161,411800113
2162,411800114
2163,411800126
2164,411800132
2165,411800136
2166,411800146
2167,411800147
2168,411800159
2169,411800163
2170,411800168
2171,411800173
2172,411800186
2173,411800196
2174,411800205
2175,411800211
2176,411800214
2177,411800226
2178,411800233
2179,411800239
2180,411800248
2181,411800250
2182,411800259
2183,411800262
2184,411800263
2185,411800269
2186,411800271
2187,411800274
2188,411800290
2189,411800298
2190,411900002
2191,411900004
2192,411900008
2193,411900009
2194,411900012
2195,411900013
2196,411900014
2197,411900024
2198,411900029
2199,411900030
2200,411900033
2201,411900036
2202,411900037
2203,411900040
2204,411900046
2205,411900047
2206,411900048
2207,411900049
2208,411900054
2209,411900058
2210,411900068
2211,411900071
2212,411900072
2213,411900074
2214,411900087
2215,411900094
2216,411900096
2217,411900098
2218,411900106
2219,411900107
2220,411900117
2221,411900125
2222,411900130
2223,411900134
2224,411900144
2225,411900149
2226,411900154
2227,411900160
2228,411900161
2229,411900167
2230,411900171
2231,411900173
2232,411900182
2233,411900189
2234,411900190
2235,411900191
2236,411900197
2237,411900200
2238,411900205
2239,411900207
2240,411900214
2241,411900215
2242,411900216
2243,411900217
2244,411900225
2245,411900232
2246,411900234
2247,411900235
2248,411900237
2249,411900240
2250,411900243
2251,411900245
2252,411900248
2253,411900255
2254,411900257
2255,411900260
2256,411900271
2257,411900272
2258,411900273
2259,411900279
2260,411900284
2261,411900285
2262,411900286
2263,411900289
2264,411900292
2265,411900295
2266,411900296
2267,411900297
2268,411900304
2269,411900311
2270,411900312
2271,411900318
2272,411900320
2273,411900325
2274,411900327
2275,411900328
2276,411900330
2277,411900334
2278,411900348
2279,411900357
2280,411900362
2281,411900363
2282,411900367
2283,411900368
2284,411900371
2285,411900375
2286,411900377
2287,411900378
2288,411900385
2289,411900387
2290,411900396
2291,411900397
2292,411900398
2293,411900399
2294,411900400
2295,411900404
2296,411900413
2297,411900419
2298,411900425
2299,411900426
2300,411900428
2301,411900429
2302,411900433
2303,411900441
2304,411900443
2305,411900447
2306,411900449
2307,411900450
2308,411900463
2309,411900465
2310,411900478
2311,411900490
2312,411900491
2313,411900492
2314,411900497
2315,411900503
2316,411900507
2317,411900509
2318,411900516
2319,411900518
2320,411900528
2321,411900536
2322,411900537
2323,411900538
2324,411900539
2325,411900540
2326,411900542
2327,411900544
2328,411900545
2329,411900547
2330,411900551
2331,411900552
2332,411900554
2333,411900558
2334,411900565
2335,411900568
2336,411900569
2337,411900572
2338,411900574
2339,411900575
2340,411900579
2341,411900582
2342,411900588
2343,411900592
2344,411900597
2345,411900600
2346,411900601
2347,411900604
2348,411900605
2349,411900609
2350,411900617
2351,411900621
2352,411900627
2353,411900630
2354,411900632
2355,411900640
2356,411900643
2357,411900647
2358,411900649
2359,411900658
2360,411900659
2361,411900670
2362,411900677
2363,412000000
2364,412000005
2365,412000006
2366,412000010
2367,412000020
2368,412000022
2369,412000025
2370,412000032
2371,412000036
2372,412000042
2373,412000053
2374,412000054
2375,412000056
2376,412000060
2377,412000069
2378,412000087
2379,412000093
2380,412000098
2381,412000102
2382,412000110
2383,412000112
2384,412000113
2385,412000119
2386,412000120
2387,412000122
2388,412000125
2389,412000126
2390,412000142
2391,412000146
2392,412000167
2393,412000174
2394,412000175
2395,412000183
2396,412000189
2397,412000200
2398,412000208
2399,412000209
2400,412000214
2401,412000216
2402,412000221
2403,412000230
2404,412000242
2405,412000245
2406,412000260
2407,412000269
2408,412000271
2409,412000273
2410,412000276
2411,412000277
2412,412000283
2413,412000285
2414,412000291
2415,412000293
2416,412000299
2417,412000302
2418,412000305
2419,412000308
2420,412000311
2421,412000314
2422,412000316
2423,412000318
2424,412000319
2425,412000321
2426,412000330
2427,412000334
2428,412000338
2429,412000341
2430,412000359
2431,412000363
2432,412000370
2433,412000383
2434,412000386
2435,412000387
2436,412000389
2437,412000393
2438,412000397
2439,412000399
2440,412000402
2441,412000408
2442,412000410
2443,412000418
2444,412000420
2445,412000428
2446,412000439
2447,412000443
2448,412000447
2449,412000453
2450,412000466
2451,412000469
2452,412000470
2453,412000472
2454,412000473
2455,412000475
2456,412000482
2457,412000507
2458,412000522
2459,412000531
2460,412000535
2461,412000540
2462,412000543
2463,412000544
2464,412000546
2465,412000548
2466,412000553
2467,412000556
2468,412000560
2469,412000561
2470,412100003
2471,412100004
2472,412100010
2473,412100012
2474,412100013
2475,412100016
2476,412100017
2477,412100021
2478,412100028
2479,412100029
2480,412100040
2481,412100041
2482,412100043
2483,412100048
2484,412100052
2485,412100055
2486,412100056
2487,412100068
2488,412100073
2489,412100075
2490,412100076
2491,412100077
2492,412100080
2493,412100093
2494,412100096
2495,412100101
2496,412100103
2497,412100104
2498,412100146
2499,412100164
2500,412100176
2501,412200007
2502,412200018
2503,412200019
2504,412200024
2505,412200039
2506,412200045
2507,412200047
2508,412200055
2509,412200058
2510,412200068
2511,412200070
2512,412200080
2513,412200082
2514,412200099
2515,412200109
2516,412200115
2517,412300001
2518,412300009
2519,412300010
2520,412300013
2521,412300016
2522,412300018
2523,412300034
2524,412300060
2525,412300061
2526,412300083
2527,412300089
2528,412300092
2529,412300105
2530,412300107
2531,412300113
2532,412300117
2533,412300118
2534,412300123
2535,412400012
2536,412400022
2537,412400030
2538,412400032
2539,412400034
2540,412400035
2541,412400039
2542,412400040
2543,412400048
2544,412400050
2545,412400064
2546,412400066
2547,412400067
2548,412400074
2549,412400075
2550,412400076
2551,412400077
2552,412400078
2553,412400083
2554,412400092
2555,412400093
2556,412400096
2557,412400101
2558,412400107
2559,412400108
2560,412400112
2561,412400114
2562,412400121
2563,412400124
2564,412400134
2565,412500004
2566,412500007
2567,412500009
2568,412500011
2569,412500017
2570,412500051
2571,412500053
2572,412500054
2573,412500057
2574,412500058
2575,412500061
2576,412500065
2577,412500069
2578,412500074
2579,412500075
2580,412500084
2581,412500098
2582,412500104
2583,412500110
2584,412500115
2585,412500123
2586,412500141
2587,412600011
2588,412600015
2589,412600029
2590,412600038
2591,412600041
2592,412600042
2593,412600043
2594,412600051
2595,412600057
2596,412600058
2597,412600059
2598,412600061
2599,412600062
2600,412600069
2601,412600071
2602,412600074
2603,412600078
2604,412600085
2605,412600087
2606,412600088
2607,412600089
2608,412600093
2609,412600097
2610,412600100
2611,412600101
2612,412600111
2613,412600112
2614,412600113
2615,412600115
2616,412600119
2617,412600126
2618,412600132
2619,412600133
2620,412600134
2621,412600136
2622,412600137
2623,412600140
2624,412600147
2625,412600150
2626,412600151
2627,412600152
2628,412600156
2629,412600158
2630,412600161
2631,412600162
2632,412600164
2633,412600167
2634,412600168
2635,412600169
2636,412600173
2637,412600175
2638,412600177
2639,412600182
2640,412600184
2641,412600191
2642,412600194
2643,412600201
2644,412600202
2645,412600205
2646,412600216
2647,412600217
2648,412600221
2649,412600227
2650,412600230
2651,412600231
2652,412600238
2653,412600241
2654,412600244
2655,412600245
2656,412600251
2657,412600263
2658,412600266
2659,412600274
2660,412600277
2661,412600285
2662,412600286
2663,412600287
2664,412600291
2665,412600292
2666,412600294
2667,412600298
2668,412600299
2669,412600309
2670,412600310
2671,412600311
2672,412600312
2673,412600319
2674,412600330
2675,412600334
2676,412600337
2677,412600341
2678,412600346
2679,412600354
2680,412600355
2681,412600356
2682,412600358
2683,412600366
2684,412600368
2685,412600371
2686,412600385
2687,412600390
2688,412600402
2689,412600404
2690,412600407
2691,412600411
2692,412600415
2693,412600416
2694,412600419
2695,412600421
2696,412600422
2697,412600426
2698,412600427
2699,412600441
2700,412600444
2701,412600448
2702,412600452
2703,412600453
2704,412600455
2705,412600458
2706,412600465
2707,412600474
2708,412600477
2709,412600484
2710,412600491
2711,412600494
2712,412600500
2713,412600505
2714,412600512
2715,412600513
2716,412600526
2717,412600536
2718,412600537
2719,412600541
2720,412600549
2721,412600554
2722,412600558
2723,412600559
2724,412600568
2725,412600572
2726,412600583
2727,412600585
2728,412600600
2729,412600607
2730,412600617
2731,412600624
2732,412600626
2733,412600630
2734,412600632
2735,412600641
2736,412600644
2737,412600645
2738,412600657
2739,412600684
2740,412600686
2741,412600691
2742,412600693
2743,412600699
2744,412600703
2745,412600717
2746,412600721
2747,412700001
2748,412700008
2749,412700009
2750,412700010
2751,412700016
2752,412700022
2753,412700039
2754,412700042
2755,412700046
2756,412700047
2757,412700055
2758,412700060
2759,412700061
2760,412700066
2761,412700069
2762,412700076
2763,412700077
2764,412700097
2765,412700105
2766,412700111
2767,412700113
2768,412700124
2769,412700138
2770,412700140
2771,412700143
2772,412700148
2773,412700159
2774,412700180
2775,412700182
2776,412700195
2777,412700205
2778,412800032
2779,412800040
2780,412800041
2781,412800056
2782,412800060
2783,412800063
2784,412800079
2785,412800091
2786,412800099
2787,412800109
2788,412800118
2789,412800128
2790,412800130
2791,412800140
2792,412800142
2793,412800145
2794,412800157
2795,412800169
2796,412800187
2797,412800196
2798,412800200
2799,412800208
2800,412800211
2801,412800212
2802,412800215
2803,412800222
2804,412800223
2805,412800232
2806,412800253
2807,412800295
2808,412800301
2809,412800304
2810,412800309
2811,412900013
2812,412900014
2813,412900015
2814,412900045
2815,412900054
2816,412900061
2817,412900062
2818,412900063
2819,412900065
2820,412900083
2821,412900091
2822,412900100
2823,412900113
2824,412900122
2825,412900126
2826,412900131
2827,412900133
2828,412900134
2829,412900135
2830,412900141
2831,412900143
2832,412900147
2833,412900149
2834,412900150
2835,412900157
2836,412900164
2837,412900165
2838,412900168
2839,412900169
2840,412900172
2841,412900175
2842,412900176
2843,412900192
2844,412900193
2845,412900194
2846,412900197
2847,412900198
2848,412900199
2849,412900204
2850,412900215
2851,412900217
2852,412900218
2853,412900221
2854,412900222
2855,412900229
2856,412900230
2857,412900231
2858,412900240
2859,412900257
2860,412900261
2861,412900263
2862,412900265
2863,412900267
2864,412900268
2865,412900274
2866,412900286
2867,412900287
2868,412900293
2869,412900298
2870,412900299
2871,412900313
2872,412900322
2873,412900326
2874,412900331
2875,412900336
2876,412900337
2877,412900339
2878,412900340
2879,412900348
2880,412900351
2881,412900362
2882,413000001
2883,413000009
2884,413000018
2885,413000040
2886,413000066
2887,413000076
2888,413000096
2889,413000101
2890,413000102
2891,413000111
2892,413000114
2893,413000157
2894,413100004
2895,413100007
2896,413100023
2897,413100031
2898,413100051
2899,413100054
2900,413100067
2901,413100070
2902,413100076
2903,413100078
2904,413100084
2905,413100103
2906,413100110
2907,413100113
2908,413100115
2909,413100116
2910,413100117
2911,413100140
2912,413100143
2913,413100147
2914,413100149
2915,413100150
2916,413100152
2917,413100155
2918,413100156
2919,413100161
2920,413100162
2921,413100165
2922,413100172
2923,413100173
2924,413100174
2925,413100182
2926,413100186
2927,413100187
2928,413100190
2929,413100193
2930,413100212
2931,413100213
2932,413100215
2933,413100217
2934,413100219
2935,413100220
2936,413100225
2937,413100226
2938,413100229
2939,413100236
2940,413100237
2941,413100240
2942,413100241
2943,413100242
2944,413100246
2945,413100247
2946,413100249
2947,413100253
2948,413100254
2949,413100255
2950,413100268
2951,413100270
2952,413100273
2953,413100278
2954,413100279
2955,413100280
2956,413100284
2957,413100287
2958,413100288
2959,413100300
2960,413100306
2961,413200003
2962,413200008
2963,413200010
2964,413200020
2965,413200029
2966,413200035
2967,413200038
2968,413200043
2969,413200059
2970,413200062
2971,413200097
2972,413200100
2973,413200101
2974,413200104
2975,413200109
2976,413200112
2977,413200122
2978,413200127
2979,413200130
2980,413200138
2981,413200139
2982,413200140
2983,413200143
2984,413200148
2985,413200152
2986,413200161
2987,413200164
2988,413200165
2989,413200173
2990,413200185
2991,413200188
2992,413200194
2993,413200195
2994,413200198
2995,413200210
2996,413200211
2997,413200214
2998,413200217
2999,413200219
3000,413200242
3001,413200243
3002,413200246
3003,413200254
3004,413200259
3005,413200262
3006,413200271
3007,413200277
3008,413200298
3009,413200308
3010,413200313
3011,413200315
3012,413200323
3013,413200324
3014,413200325
3015,413200326
3016,413200329
3017,413200335
3018,413200343
3019,413200346
3020,413200360
3021,413200363
3022,413200364
3023,413200386
3024,413200391
3025,413200394
3026,413200395
3027,413200397
3028,413200401
3029,413200415
3030,413200422
3031,413200436
3032,413200438
3033,413200439
3034,413200452
3035,413200453
3036,413300006
3037,413300011
3038,413300015
3039,413300018
3040,413300023
3041,413300027
3042,413300028
3043,413300030
3044,413300037
3045,413300039
3046,413300041
3047,413300042
3048,413300043
3049,413300048
3050,413300049
3051,413300050
3052,413300054
3053,413300060
3054,413300062
3055,413300063
3056,413300070
3057,413300076
3058,413300077
3059,413300106
3060,413300120
3061,413300125
3062,413300136
3063,413300146
3064,413300152
3065,413300157
3066,413300163
3067,413300177
3068,413300185
3069,413300192
3070,413300193
3071,413300195
3072,413400001
3073,413400005
3074,413400006
3075,413400013
3076,413400021
3077,413400022
3078,413400026
3079,413400029
3080,413400035
3081,413400036
3082,413400038
3083,413400040
3084,413400043
3085,413400046
3086,413400053
3087,413400058
3088,413400084
3089,413400085
3090,413400086
3091,413400089
3092,413400097
3093,413400101
3094,413400117
3095,413400130
3096,413400134
3097,413400139
3098,413400142
3099,413400144
3100,413400149
3101,413400175
3102,413400176
3103,413400181
3104,413400182
3105,413400184
3106,413400186
3107,413400187
3108,413400189
3109,413400190
3110,413400198
3111,413400199
3112,413500005
3113,413500010
3114,413500027
3115,413500032
3116,413500035
3117,413500038
3118,413500049
3119,413500053
3120,413500059
3121,413500064
3122,413500066
3123,413500067
3124,413500069
3125,413500072
3126,413500074
3127,413500075
3128,413500076
3129,413500077
3130,413500079
3131,413500084
3132,413500085
3133,413500087
3134,413500092
3135,413500094
3136,413500096
3137,413500103
3138,413500118
3139,413500119
3140,413500127
3141,413500132
3142,413600002
3143,413600003
3144,413600015
3145,413600018
3146,413600020
3147,413600022
3148,413600024
3149,413600028
3150,413600042
3151,413600055
3152,413600066
3153,413600069
3154,413600075
3155,413600077
3156,413600082
3157,413600086
3158,413600087
3159,413600089
3160,413600091
3161,413600093
3162,413600097
3163,413600105
3164,413600109
3165,413600111
3166,413600116
3167,413600118
3168,413600123
3169,413600125
3170,413600127
3171,413600138
3172,413600152
3173,413600155
3174,413600159
3175,413600168
3176,413700012
3177,413700013
3178,413700020
3179,413700023
3180,413700025
3181,413700029
3182,413700034
3183,413700035
3184,413700049
3185,413700054
3186,413700055
3187,413700058
3188,413700061
3189,413700064
3190,413700066
3191,413700068
3192,413700069
3193,413700071
3194,413700072
3195,413700074
3196,413700085
3197,413700086
3198,413700090
3199,413700093
3200,413700097
3201,413700099
3202,413700106
3203,413700107
3204,413700109
3205,413700110
3206,413700112
3207,413700125
3208,413700128
3209,413700132
3210,413700137
3211,413700141
3212,413700143
3213,413700145
3214,413700151
3215,413700158
3216,413800004
3217,413800007
3218,413800009
3219,413800013
3220,413800018
3221,413800021
3222,413800024
3223,413800033
3224,413800040
3225,413800042
3226,413800049
3227,413800054
3228,413800060
3229,413800063
3230,413800065
3231,413800066
3232,413800067
3233,413800068
3234,413800079
3235,413800081
3236,413800083
3237,413800091
3238,413800096
3239,413800105
3240,413800107
3241,413800108
3242,413800117
3243,413800118
3244,413800122
3245,413800125
3246,413800126
3247,413800127
3248,413800129
3249,413800131
3250,413800135
3251,413800141
3252,413800144
3253,413800147
3254,413800148
3255,413800149
3256,413800151
3257,413800155
3258,413800156
3259,413800159
3260,413800170
3261,413800176
3262,413800182
3263,413800190
3264,413800195
3265,413800198
3266,413800202
3267,413800203
3268,413900001
3269,413900006
3270,413900009
3271,413900010
3272,413900015
3273,413900019
3274,413900020
3275,413900022
3276,413900024
3277,413900026
3278,413900036
3279,413900037
3280,413900041
3281,413900048
3282,413900056
3283,413900060
3284,413900061
3285,413900062
3286,413900069
3287,413900072
3288,413900074
3289,413900079
3290,413900081
3291,413900084
3292,413900087
3293,413900090
3294,413900092
3295,413900099
3296,413900103
3297,413900104
3298,413900108
3299,413900119
3300,413900123
3301,413900124
3302,413900125
3303,413900131
3304,413900135
3305,413900136
3306,413900138
3307,413900145
3308,413900146
3309,413900153
3310,413900159
3311,413900165
3312,413900166
3313,413900168
3314,413900178
3315,413900201
3316,413900204
3317,413900206
3318,414000003
3319,414000004
3320,414000006
3321,414000007
3322,414000024
3323,414000040
3324,414000041
3325,414000044
3326,414000045
3327,414000048
3328,414000050
3329,414000053
3330,414000059
3331,414000074
3332,414000096
3333,414000098
3334,414000100
3335,414000106
3336,414000109
3337,414000117
3338,414000120
3339,414000122
3340,414000125
3341,414000129
3342,414000131
3343,414000132
3344,414000133
3345,414000135
3346,414000137
3347,414000139
3348,414000140
3349,414000143
3350,414000144
3351,414000146
3352,414000148
3353,414000151
3354,414000153
3355,414000154
3356,414000158
3357,414000160
3358,414000163
3359,414000168
3360,414000171
3361,414000172
3362,414000173
3363,414000175
3364,414000177
3365,414000179
3366,414000185
3367,414000186
3368,414000189
3369,414000190
3370,414000192
3371,414000193
3372,414000194
3373,414000195
3374,414000198
3375,414000199
3376,414000201
3377,414000202
3378,414000207
3379,414000208
3380,414000210
3381,414000212
3382,414000213
3383,414000219
3384,414000222
3385,414000225
3386,414000226
3387,414000232
3388,414000234
3389,414000240
3390,414000241
3391,414000247
3392,414000248
3393,414000253
3394,414000254
3395,414000261
3396,414000262
3397,414000264
3398,414000266
3399,414000267
3400,414000269
3401,414000271
3402,414000273
3403,414000274
3404,414000275
3405,414000278
3406,414000279
3407,414000281
3408,414000285
3409,414000286
3410,414000287
3411,414000289
3412,414000291
3413,414000295
3414,414000296
3415,414000304
3416,414000308
3417,414000309
3418,414000311
3419,414000312
3420,414000314
3421,414000315
3422,414000316
3423,414000317
3424,414000321
3425,414000322
3426,414000325
3427,414000329
3428,414000336
3429,414000337
3430,414000341
3431,414000345
3432,414000354
3433,414000358
3434,414000362
3435,414000363
3436,414000367
3437,414000371
3438,414000373
3439,414000375
3440,414000384
3441,414000386
3442,414000390
3443,414000397
3444,414000404
3445,414000405
3446,414000406
3447,414000408
3448,414000409
3449,414000416
3450,414000418
3451,414000419
3452,414000420
3453,414000426
3454,414000447
3455,414000451
3456,414000453
3457,414000459
3458,414000460
3459,414000462
3460,414000464
3461,414000467
3462,414000469
3463,414000471
3464,414100001
3465,414100004
3466,414100007
3467,414100025
3468,414100031
3469,414100034
3470,414100038
3471,414100049
3472,414100051
3473,414100055
3474,414100059
3475,414100064
3476,414100066
3477,414100067
3478,414100070
3479,414100072
3480,414100080
3481,414100083
3482,414100085
3483,414100087
3484,414100112
3485,414100113
3486,414100116
3487,414100128
3488,414100130
3489,414100131
3490,414100132
3491,414100134
3492,414100135
3493,414100138
3494,414100143
3495,414100148
3496,414100152
3497,414100153
3498,414100163
3499,414100173
3500,414100176
3501,414100188
3502,414100196
3503,414100200
3504,414100214
3505,414100225
3506,414100238
3507,414100243
3508,414100247
3509,414100249
3510,414100250
3511,414100251
3512,414200004
3513,414200006
3514,414200007
3515,414200009
3516,414200016
3517,414200020
3518,414200027
3519,414200053
3520,414200058
3521,414200062
3522,414200076
3523,414200077
3524,414200078
3525,414200081
3526,414200083
3527,414200084
3528,414200085
3529,414200087
3530,414200088
3531,414200091
3532,414200103
3533,414200119
3534,414200135
3535,414200142
3536,414200146
3537,414200147
3538,414200156
3539,414200157
3540,414200160
3541,414200169
3542,414200172
3543,414200176
3544,414200178
3545,414200180
3546,414200182
3547,414200183
3548,414200190
3549,414200191
3550,414200203
3551,414200204
3552,414200208
3553,414200210
3554,414200221
3555,414200225
3556,414200227
3557,414200230
3558,414200233
3559,414200235
3560,414200241
3561,414200246
3562,414200247
3563,414200253
3564,414200264
3565,414200265
3566,414200268
3567,414200271
3568,414200272
3569,414200273
3570,414200276
3571,414200280
3572,414200282
3573,414200283
3574,414200287
3575,414200291
3576,414200302
3577,414200304
3578,414200307
3579,414200309
3580,414200311
3581,414200313
3582,414200314
3583,414200318
3584,414200324
3585,414200327
3586,414200336
3587,414200355
3588,414200363
3589,414200371
3590,414200373
3591,414200379
3592,414200384
3593,414200388
3594,414200389
3595,414200398
3596,414200403
3597,414200406
3598,414200421
3599,414200429
3600,414200438
3601,414200440
3602,414200446
3603,414200447
3604,414200456
3605,414200469
3606,414200481
3607,414200497
3608,414200504
3609,414200530
3610,414200535
3611,414200553
3612,414200558
3613,414200565
3614,414200580
3615,414200592
3616,414200604
3617,414200614
3618,414200633
3619,414200639
3620,414200641
3621,414200645
3622,414200647
3623,414200652
3624,414200656
3625,414200668
3626,414200671
3627,414200675
3628,414200677
3629,414200693
3630,414200696
3631,414200697
3632,414200701
3633,414200706
3634,414200711
3635,414200714
3636,414200716
3637,414200717
3638,414200718
3639,414200719
3640,414200720
3641,414200721
3642,414200726
3643,414200727
3644,414200728
3645,414200737
3646,414200739
3647,414200757
3648,414200758
3649,414200761
3650,414200773
3651,414200792
3652,414300001
3653,414300005
3654,414300007
3655,414300008
3656,414300018
3657,414300020
3658,414300025
3659,414300040
3660,414300041
3661,414300050
3662,414300054
3663,414300058
3664,414300065
3665,414300072
3666,414300081
3667,414300083
3668,414300088
3669,414300096
3670,414300103
3671,414300105
3672,414300107
3673,414300114
3674,414300121
3675,414300126
3676,414300132
3677,414300140
3678,414300143
3679,414300148
3680,414300158
3681,414300163
3682,414300169
3683,414300175
3684,414300191
3685,414400021
3686,414400026
3687,414400027
3688,414400028
3689,414400029
3690,414400030
3691,414400031
3692,414400034
3693,414400038
3694,414400041
3695,414400042
3696,414400044
3697,414400046
3698,414400056
3699,414400059
3700,414400078
3701,414400083
3702,414400084
3703,414400087
3704,414400091
3705,414400105
3706,414400108
3707,414400110
3708,414400111
3709,414400113
3710,414400118
3711,414400129
3712,414400130
3713,414400131
3714,414400136
3715,414400139
3716,414400147
3717,414400159
3718,414400166
3719,414400167
3720,414400168
3721,414400174
3722,414400183
3723,414400196
3724,414400197
3725,414400214
3726,414400218
3727,414400232
3728,414400240
3729,414400251
3730,414400268
3731,414400270
3732,414400281
3733,414400292
3734,414400300
3735,414400315
3736,414400327
3737,414400333
3738,414400337
3739,414400344
3740,414400346
3741,414400352
3742,414500015
3743,414500016
3744,414500018
3745,414500021
3746,414500046
3747,414500053
3748,414500056
3749,414500061
3750,414500065
3751,414500070
3752,414500074
3753,414500075
3754,414500077
3755,414500083
3756,414500094
3757,414500096
3758,414500097
3759,414500113
3760,414500114
3761,414500123
3762,414500128
3763,414500129
3764,414500130
3765,414500139
3766,414500140
3767,414500160
3768,414500161
3769,414500164
3770,414500165
3771,414500168
3772,414500170
3773,414500173
3774,414500174
3775,414500190
3776,414500194
3777,414500208
3778,414500214
3779,414500216
3780,414500224
3781,414500225
3782,414500228
3783,414500232
3784,414500237
3785,414500245
3786,414500249
3787,414500260
3788,414500265
3789,414500266
3790,414500268
3791,414500269
3792,414500284
3793,414500285
3794,414600001
3795,414600013
3796,414600015
3797,414600020
3798,414600021
3799,414600024
3800,414600025
3801,414600026
3802,414600028
3803,414600029
3804,414600047
3805,414600056
3806,414600057
3807,414600061
3808,414600065
3809,414600067
3810,414600068
3811,414600069
3812,414600071
3813,414600079
3814,414600110
3815,414600112
3816,414600117
3817,414600128
3818,414600138
3819,414600143
3820,414600151
3821,414600163
3822,414600185
3823,414600187
3824,414600195
3825,414600199
3826,414600201
3827,414600213
3828,414600221
3829,414600222
3830,414600227
3831,414600228
3832,414600233
3833,414600235
3834,414600238
3835,414600242
3836,414600244
3837,414600245
3838,414600246
3839,414600256
3840,414600257
3841,414600262
3842,414600281
3843,414600286
3844,414600288
3845,414600301
3846,414600314
3847,414600330
3848,414600334
3849,414600335
3850,414600336
3851,414600337
3852,414600339
3853,414600340
3854,414600342
3855,414600344
3856,414600346
3857,414600347
3858,414600348
3859,414600349
3860,414600350
3861,414600352
3862,414600358
3863,414600363
3864,414600364
3865,414600373
3866,414600379
3867,414600380
3868,414600383
3869,414600384
3870,414600393
3871,414600394
3872,414600395
3873,414600401
3874,414600403
3875,414600405
3876,414600410
3877,414600416
3878,414600419
3879,414600426
3880,414600427
3881,414600428
3882,414600433
3883,414600443
3884,414600448
3885,414600449
3886,414600451
3887,414600461
3888,414600462
3889,414600465
3890,414600468
3891,414600473
3892,414600476
3893,414600477
3894,414600504
3895,414600507
3896,414600508
3897,414600509
3898,414600511
3899,414600513
3900,414600515
3901,414600519
3902,414600523
3903,414600532
3904,414600542
3905,414600560
3906,414600562
3907,414600564
3908,414600565
3909,414600567
3910,414600587
3911,414600588
3912,414600596
3913,414700007
3914,414700008
3915,414700010
3916,414700014
3917,414700016
3918,414700020
3919,414700024
3920,414700045
3921,414700062
3922,414700065
3923,414700069
3924,414700071
3925,414700073
3926,414700082
3927,414700085
3928,414700093
3929,414700095
3930,414700097
3931,414700110
3932,414700115
3933,414700117
3934,414700118
3935,414700120
3936,414700132
3937,414700133
3938,414700140
3939,414700144
3940,414700145
3941,414700148
3942,414700156
3943,414700158
3944,414700160
3945,414800002
3946,414800003
3947,414800030
3948,414800037
3949,414800049
3950,414800055
3951,414800066
3952,414800067
3953,414800070
3954,414800071
3955,414800072
3956,414800075
3957,414800084
3958,414800087
3959,414800092
3960,414800121
3961,414800142
3962,414800158
3963,414800173
3964,414800181
3965,414800187
3966,414900006
3967,414900014
3968,414900046
3969,414900048
3970,414900050
3971,414900063
3972,414900073
3973,414900078
3974,414900101
3975,414900115
3976,414900117
3977,414900118
3978,414900122
3979,414900123
3980,414900126
3981,414900136
3982,414900137
3983,414900138
3984,414900140
3985,414900143
3986,414900144
3987,414900153
3988,414900157
3989,414900158
3990,414900161
3991,414900164
3992,414900165
3993,414900169
3994,414900170
3995,414900171
3996,414900172
3997,414900175
3998,414900177
3999,414900183
4000,414900186
4001,414900188
4002,414900190
4003,414900194
4004,414900197
4005,414900203
4006,414900214
4007,414900221
4008,414900233
4009,414900235
4010,414900243
4011,414900245
4012,414900247
4013,414900250
4014,414900253
4015,414900258
4016,414900261
4017,414900270
4018,414900272
4019,414900273
4020,414900274
4021,414900275
4022,414900280
4023,414900286
4024,414900294
4025,415000013
4026,415000018
4027,415000041
4028,415000047
4029,415000048
4030,415000064
4031,415000076
4032,415000079
4033,415000082
4034,415000143
4035,415000167
4036,415000168
4037,415000217
4038,415100011
4039,415100029
4040,415100031
4041,415100037
4042,415100038
4043,415100053
4044,415100058
4045,415100070
4046,415100075
4047,415100079
4048,415100083
4049,415100086
4050,415100111
4051,415100116
4052,415100120
4053,415100121
4054,415100122
4055,415100128
4056,415100139
4057,415100142
4058,415100147
4059,415200005
4060,415200015
4061,415200023
4062,415200033
4063,415200045
4064,415200046
4065,415200081
4066,415200093
4067,415200096
4068,415200100
4069,415200102
4070,415200114
4071,415200115
4072,415200130
4073,415200131
4074,415200143
4075,415200146
4076,415200147
4077,415200149
4078,415200155
4079,415200159
4080,415200169
4081,415200178
4082,415200180
4083,415200181
4084,415200189
4085,415200197
4086,415200204
4087,415200215
4088,415200220
4089,415200225
4090,415200228
4091,415200232
4092,415200233
4093,415200243
4094,415200245
4095,415200249
4096,415200250
4097,415200251
4098,415200252
4099,415200253
4100,415200264
4101,415200269
4102,415200270
4103,415200280
4104,415200290
4105,415200293
4106,415200294
4107,415200301
4108,415200302
4109,415200303
4110,415200306
4111,415200309
4112,415200310
4113,415200313
4114,415200325
4115,415200327
4116,415200332
4117,415200335
4118,415200336
4119,415200347
4120,415200348
4121,415200350
4122,415200355
4123,415200374
4124,415200375
4125,415200376
4126,415200381
4127,415200383
4128,415200386
4129,415200387
4130,415200388
4131,415200393
4132,415200394
4133,415200396
4134,415200397
4135,415200400
4136,415200401
4137,415200403
4138,415200405
4139,415200406
4140,415200412
4141,415200413
4142,415200423
4143,415200425
4144,415200428
4145,415200434
4146,415200435
4147,415200436
4148,415200444
4149,415200447
4150,415200451
4151,415200461
4152,415300009
4153,415300047
4154,415300055
4155,415300059
4156,415300063
4157,415300066
4158,415300068
4159,415300074
4160,415300075
4161,415300092
4162,415300097
4163,415300103
4164,415300109
4165,415300122
4166,415300126
4167,415300133
4168,415300138
4169,415300150
4170,415300152
4171,415300154
4172,415300155
4173,415300156
4174,415300158
4175,415300161
4176,415300167
4177,415300168
4178,415400008
4179,415400014
4180,415400017
4181,415400025
4182,415400032
4183,415400039
4184,415400045
4185,415400049
4186,415400050
4187,415400051
4188,415400055
4189,415400057
4190,415400058
4191,415400062
4192,415400063
4193,415400068
4194,415400069
4195,415400070
4196,415400072
4197,415400073
4198,415400076
4199,415400078
4200,415400080
4201,415400081
4202,415400082
4203,415400083
4204,415400084
4205,415400087
4206,415400093
4207,415400098
4208,415400101
4209,415400106
4210,415400107
4211,415400110
4212,415400111
4213,415400122
4214,415400138
4215,415400140
4216,415400142
4217,415400143
4218,415400146
4219,415400147
4220,415400154
4221,415400155
4222,415400157
4223,415400160
4224,415400164
4225,415400173
4226,415400178
4227,415400182
4228,415400200
4229,415400202
4230,415400215
4231,415400229
4232,415400231
4233,415400234
4234,415400238
4235,415400242
4236,415400244
4237,415400262
4238,415400268
4239,415400271
4240,415400272
4241,415400276
4242,415400279
4243,415400284
4244,415400285
4245,415400309
4246,415400314
4247,415400316
4248,415400320
4249,415400321
4250,415400326
4251,415400339
4252,415500020
4253,415500035
4254,415500049
4255,415500071
4256,415500073
4257,415500079
4258,415500081
4259,415500084
4260,415500085
4261,415500091
4262,415500100
4263,415500115
4264,415500123
4265,415500130
4266,415500149
4267,415500150
4268,415500153
4269,415500154
4270,415500158
4271,415500160
4272,415500176
4273,415500178
4274,415500182
4275,415500195
4276,415500197
4277,415500204
4278,415500205
4279,415500210
4280,415500211
4281,415500212
4282,415500219
4283,415500224
4284,415500230
4285,415500247
4286,415500248
4287,415500252
4288,415500257
4289,415500259
4290,415500260
4291,415500262
4292,415500266
4293,415500268
4294,415500269
4295,415500273
4296,415500274
4297,415500275
4298,415500276
4299,415500277
4300,415500278
4301,415500280
4302,415500285
4303,415500294
4304,415500295
4305,415500301
4306,415500309
4307,415500323
4308,415500325
4309,415500337
4310,415500344
4311,415500350
4312,415500355
4313,415500362
4314,415500365
4315,415600006
4316,415600024
4317,415600025
4318,415600054
4319,415600055
4320,415600063
4321,415600069
4322,415600070
4323,415600081
4324,415600084
4325,415600086
4326,415600094
4327,415600095
4328,415600098
4329,415600106
4330,415600110
4331,415600115
4332,415600116
4333,415600143
4334,415600156
4335,415600160
4336,415600163
4337,415600169
4338,415600172
4339,415600177
4340,415600185
4341,415600194
4342,415600206
4343,415600207
4344,415600209
4345,415600215
4346,415600216
4347,415600233
4348,415600236
4349,415600264
4350,415600275
4351,415600283
4352,415600288
4353,415600293
4354,415600295
4355,415600300
4356,415600307
4357,415600311
4358,415600319
4359,415600335
4360,415600340
4361,415600344
4362,415600348
4363,415700000
4364,415700002
4365,415700003
4366,415700006
4367,415700011
4368,415700012
4369,415700013
4370,415700026
4371,415700033
4372,415700050
4373,415700059
4374,415700067
4375,415700068
4376,415700070
4377,415700072
4378,415700084
4379,415700086
4380,415700091
4381,415700092
4382,415700099
4383,415700108
4384,415700109
4385,415700113
4386,415700120
4387,415700121
4388,415700124
4389,415700130
4390,415700134
4391,415700135
4392,415700136
4393,415700138
4394,415700141
4395,415700142
4396,415700143
4397,415700144
4398,415700148
4399,415700149
4400,415700150
4401,415700151
4402,415700152
4403,415700153
4404,415700154
4405,415700156
4406,415700160
4407,415700164
4408,415700170
4409,415700171
4410,415700177
4411,415700179
4412,415700180
4413,415700182
4414,415700185
4415,415700187
4416,415700188
4417,415700191
4418,415700198
4419,415700199
4420,415700208
4421,415700210
4422,415700211
4423,415700213
4424,415700214
4425,415700215
4426,415700217
4427,415700218
4428,415700219
4429,415700223
4430,415700234
4431,415700237
4432,415700239
4433,415700240
4434,415700248
4435,415700262
4436,415700264
4437,415700267
4438,415700268
4439,415700269
4440,415700275
4441,415700283
4442,415700285
4443,415700288
4444,415700289
4445,415700296
4446,415700303
4447,415700304
4448,415700305
4449,415700312
4450,415700316
4451,415700331
4452,415700336
4453,415700339
4454,415700345
4455,415700346
4456,415700349
4457,415700356
4458,415700357
4459,415700358
4460,415700359
4461,415700368
4462,415700370
4463,415700376
4464,415700380
4465,415700388
4466,415700398
4467,415700402
4468,415700404
4469,415700405
4470,415700406
4471,415700407
4472,415700408
4473,415700410
4474,415700413
4475,415700414
4476,415700418
4477,415700419
4478,415700422
4479,415700431
4480,415700433
4481,415700441
4482,415700442
4483,415700443
4484,415700453
4485,415700456
4486,415700457
4487,415700458
4488,415700464
4489,415700472
4490,415700474
4491,415800003
4492,415800004
4493,415800008
4494,415800010
4495,415800019
4496,415800022
4497,415800023
4498,415800024
4499,415800025
4500,415800027
4501,415800028
4502,415800029
4503,415800032
4504,415800044
4505,415800048
4506,415800051
4507,415800052
4508,415800055
4509,415800060
4510,415800061
4511,415800064
4512,415800074
4513,415800081
4514,415800084
4515,415800089
4516,415800091
4517,415800095
4518,415800097
4519,415800103
4520,415800106
4521,415800107
4522,415800123
4523,415800154
4524,415800157
4525,415800162
4526,415800168
4527,415800172
4528,415800176
4529,415800179
4530,415800195
4531,415800196
4532,415800198
4533,415800201
4534,415800204
4535,415800208
4536,415800215
4537,415800217
4538,415800221
4539,415800223
4540,415800235
4541,415800239
4542,415900001
4543,415900002
4544,415900004
4545,415900007
4546,415900009
4547,415900021
4548,415900024
4549,415900028
4550,415900032
4551,415900034
4552,415900042
4553,415900044
4554,415900045
4555,415900056
4556,415900064
4557,415900066
4558,415900072
4559,415900078
4560,415900079
4561,415900081
4562,415900082
4563,415900084
4564,415900085
4565,415900089
4566,415900091
4567,415900097
4568,415900107
4569,415900118
4570,415900120
4571,415900125
4572,415900127
4573,415900128
4574,415900139
4575,415900148
4576,415900149
4577,415900152
4578,415900153
4579,415900182
4580,415900189
4581,415900190
4582,415900196
4583,415900197
4584,415900199
4585,415900219
4586,415900222
4587,415900224
4588,415900225
4589,415900234
4590,415900254
4591,415900268
4592,415900297
4593,415900301
4594,415900309
4595,415900323
4596,415900324
4597,415900328
4598,415900330
4599,415900335
4600,415900355
4601,415900369
4602,415900372
4603,415900375
4604,415900380
4605,415900383
4606,415900386
4607,415900388
4608,415900391
4609,415900393
4610,415900398
4611,415900404
4612,415900407
4613,415900408
4614,415900409
4615,415900410
4616,415900412
4617,415900413
4618,415900416
4619,415900417
4620,415900424
4621,415900426
4622,415900428
4623,415900430
4624,415900433
4625,415900434
4626,415900439
4627,415900447
4628,416000006
4629,416000012
4630,416000014
4631,416000016
4632,416000022
4633,416000023
4634,416000024
4635,416000025
4636,416000036
4637,416000038
4638,416000055
4639,416000058
4640,416000069
4641,416000070
4642,416000072
4643,416000078
4644,416000087
4645,416000103
4646,416000117
4647,416000123
4648,416000129
4649,416000130
4650,416000139
4651,416000159
4652,416000166
4653,416000168
4654,416000181
4655,416000182
4656,416000185
4657,416000197
4658,416000199
4659,416000212
4660,416000229
4661,416000241
4662,416000244
4663,416000247
4664,416000252
4665,416000256
4666,416000262
4667,416000284
4668,416000299
4669,416000300
4670,416000301
4671,416000313
4672,416000318
4673,416000320
4674,416000331
4675,416000337
4676,416000342
4677,416000359
4678,416000361
4679,416000363
4680,416000367
4681,416000369
4682,416000370
4683,416000372
4684,416000373
4685,416000379
4686,416000386
4687,416100001
4688,416100003
4689,416100008
4690,416100013
4691,416100018
4692,416100019
4693,416100023
4694,416100027
4695,416100029
4696,416100030
4697,416100031
4698,416100032
4699,416100046
4700,416100047
4701,416100065
4702,416100072
4703,416100074
4704,416100076
4705,416100092
4706,416100097
4707,416100116
4708,416100123
4709,416100129
4710,416100131
4711,416100140
4712,416100141
4713,416100143
4714,416100145
4715,416100161
4716,416100163
4717,416100166
4718,416100179
4719,416100184
4720,416100191
4721,416100194
4722,416100200
4723,416100204
4724,416100225
4725,416100227
4726,416100232
4727,416100234
4728,416100235
4729,416100246
4730,416100248
4731,416100254
4732,416100271
4733,416100279
4734,416100292
4735,416100293
4736,416100298
4737,416100301
4738,416100302
4739,416100303
4740,416100305
4741,416100313
4742,416100314
4743,416100316
4744,416100318
4745,416100331
4746,416100334
4747,416100344
4748,416100345
4749,416100362
4750,416100373
4751,416100378
4752,416100392
4753,416100399
4754,416100404
4755,416200002
4756,416200007
4757,416200008
4758,416200011
4759,416200018
4760,416200023
4761,416200028
4762,416200029
4763,416200033
4764,416200041
4765,416200044
4766,416200046
4767,416200050
4768,416200067
4769,416200082
4770,416200088
4771,416200089
4772,416200092
4773,416200093
4774,416200104
4775,416200136
4776,416200143
4777,416200149
4778,416200163
4779,416200188
4780,416200201
4781,416200207
4782,416300003
4783,416300007
4784,416300022
4785,416300024
4786,416300026
4787,416300027
4788,416300030
4789,416300032
4790,416300034
4791,416300035
4792,416300036
4793,416300038
4794,416300040
4795,416300043
4796,416300044
4797,416300057
4798,416300068
4799,416300129
4800,416300133
4801,416300134
4802,416300139
4803,416300144
4804,416300149
4805,416300157
4806,416300161
4807,416300164
4808,416300165
4809,416300182
4810,416300184
4811,416300188
4812,416300193
4813,416300194
4814,416300204
4815,416300206
4816,416300210
4817,416300214
4818,416300217
4819,416300221
4820,416300225
4821,416300226
4822,416300234
4823,416300243
4824,416300250
4825,416300265
4826,416300277
4827,416300284
4828,416300289
4829,416300290
4830,416300292
4831,416300297
4832,416300299
4833,416300301
4834,416300316
4835,416300321
4836,416300324
4837,416300325
4838,416300332
4839,416300346
4840,416300351
4841,416300355
4842,416300357
4843,416300360
4844,416300362
4845,416300367
4846,416300383
4847,416400004
4848,416400008
4849,416400011
4850,416400016
4851,416400018
4852,416400020
4853,416400036
4854,416400043
4855,416400047
4856,416400048
4857,416400054
4858,416400057
4859,416400059
4860,416400062
4861,416400063
4862,416400064
4863,416400083
4864,416400096
4865,416400101
4866,416400135
4867,416400143
4868,416400149
4869,416400153
4870,416400173
4871,416400176
4872,416400204
4873,416400240
4874,416400249
4875,416400251
4876,416400257
4877,416400263
4878,416400273
4879,416400279
4880,416400280
4881,416400282
4882,416400286
4883,416400293
4884,416400294
4885,416400295
4886,416400299
4887,416400302
4888,416400303
4889,416400307
4890,416400310
4891,416400311
4892,416400312
4893,416400317
4894,416400318
4895,416400319
4896,416400321
4897,416400323
4898,416400331
4899,416400333
4900,416400338
4901,416400341
4902,416400342
4903,416400343
4904,416400346
4905,416400347
4906,416400350
4907,416400352
4908,416400360
4909,416400368
4910,416400369
4911,416400374
4912,416400385
4913,416400389
4914,416400391
4915,416500000
4916,416500011
4917,416500012
4918,416500025
4919,416500027
4920,416500031
4921,416500040
4922,416500045
4923,416500055
4924,416500058
4925,416500064
4926,416500068
4927,416500071
4928,416500073
4929,416500079
4930,416500083
4931,416500087
4932,416500089
4933,416500092
4934,416500098
4935,416500099
4936,416500102
4937,416500107
4938,416500115
4939,416500117
4940,416500120
4941,416500121
4942,416500125
4943,416500127
4944,416500130
4945,416500131
4946,416500137
4947,416500142
4948,416500145
4949,416500155
4950,416500161
4951,416500163
4952,416500166
4953,416500167
4954,416500168
4955,416500169
4956,416500172
4957,416500173
4958,416500182
4959,416500188
4960,416500189
4961,416500192
4962,416500194
4963,416500205
4964,416500208
4965,416500209
4966,416500210
4967,416500212
4968,416500217
4969,416500224
4970,416500230
4971,416500238
4972,416500244
4973,416500246
4974,416500254
4975,416500257
4976,416500273
4977,416500276
4978,416500278
4979,416500279
4980,416500288
4981,416500301
4982,416500311
4983,416500314
4984,416500319
4985,416500323
4986,416500324
4987,416500336
4988,416500339
4989,416500341
4990,416500342
4991,416500344
4992,416500346
4993,416500350
4994,416500351
4995,416500352
4996,416500356
4997,416500359
4998,416500360
4999,416600013
5000,416600019
5001,416600024
5002,416600025
5003,416600026
5004,416600028
5005,416600029
5006,416600032
5007,416600038
5008,416600039
5009,416600047
5010,416600064
5011,416600075
5012,416600100
5013,416600101
5014,416600103
5015,416600107
5016,416600108
5017,416600112
5018,416600115
5019,416600120
5020,416600123
5021,416600124
5022,416600134
5023,416600140
5024,416600141
5025,416600147
5026,416600148
5027,416600155
5028,416600165
5029,416600167
5030,416600181
5031,416600182
5032,416600187
5033,416600192
5034,416600194
5035,416600199
5036,416600200
5037,416600203
5038,416600214
5039,416600229
5040,416600238
5041,416600239
5042,416600242
5043,416600244
5044,416600248
5045,416600251
5046,416600263
5047,416600272
5048,416600293
5049,416600296
5050,416600299
5051,416600300
5052,416600303
5053,416600308
5054,416600311
5055,416600322
5056,416600326
5057,416600333
5058,416600339
5059,416600346
5060,416600350
5061,416600351
5062,416600352
5063,416600370
5064,416600375
5065,416600381
5066,416600386
5067,416600398
5068,416600400
5069,416600401
5070,416600405
5071,416600410
5072,416600411
5073,416600415
5074,416700001
5075,416700002
5076,416700008
5077,416700020
5078,416700046
5079,416700058
5080,416700061
5081,416700098
5082,416700100
5083,416700104
5084,416700106
5085,416700108
5086,416700109
5087,416700110
5088,416700112
5089,416700116
5090,416700143
5091,416700145
5092,416700151
5093,416700162
5094,416700178
5095,416700182
5096,416700189
5097,416700196
5098,416700210
5099,416700213
5100,416700214
5101,416700216
5102,416700218
5103,416700225
5104,416700226
5105,416700227
5106,416700231
5107,416700234
5108,416700242
5109,416700243
5110,416700247
5111,416700248
5112,416700249
5113,416700252
5114,416700266
5115,416700267
5116,416700276
5117,416700285
5118,416700290
5119,416700295
5120,416700304
5121,416700307
5122,416700318
5123,416700320
5124,416700324
5125,416700325
5126,416700337
5127,416700342
5128,416700345
5129,416700346
5130,416700358
5131,416700359
5132,416700367
5133,416700368
5134,416700380
5135,416700382
5136,416700385
5137,416700392
5138,416700395
5139,416700397
5140,416700398
5141,416700404
5142,416700410
5143,416700425
5144,416700429
5145,416700437
5146,416700441
5147,416700450
5148,416700452
5149,416700453
5150,416700454
5151,416700457
5152,416700460
5153,416700467
5154,416700468
5155,416700474
5156,416700481
5157,416700494
5158,416700499
5159,416700501
5160,416700510
5161,416700512
5162,416700526
5163,416700533
5164,416700548
5165,416700549
5166,416700562
5167,416700564
5168,416700565
5169,416700577
5170,416700580
5171,416800000
5172,416800011
5173,416800012
5174,416800017
5175,416800031
5176,416800039
5177,416800042
5178,416800046
5179,416800048
5180,416800049
5181,416800063
5182,416800071
5183,416800073
5184,416800077
5185,416800078
5186,416800082
5187,416800084
5188,416800089
5189,416800092
5190,416800094
5191,416800096
5192,416800097
5193,416800104
5194,416800111
5195,416800112
5196,416800118
5197,416800119
5198,416800122
5199,416800123
5200,416800127
5201,416800133
5202,416800148
5203,416800157
5204,416800176
5205,416800183
5206,416800186
5207,416800191
5208,416800194
5209,416800198
5210,416800209
5211,416800213
5212,416800221
5213,416800228
5214,416800234
5215,416800239
5216,416800242
5217,416800250
5218,416800251
5219,416800254
5220,416800259
5221,416800266
5222,416800272
5223,416800273
5224,416800276
5225,416800283
5226,416900012
5227,416900020
5228,416900021
5229,416900027
5230,416900028
5231,416900032
5232,416900033
5233,416900057
5234,416900060
5235,416900064
5236,416900083
5237,416900096
5238,416900122
5239,416900124
5240,416900128
5241,416900144
5242,416900145
5243,416900150
5244,416900157
5245,416900167
5246,416900168
5247,416900175
5248,416900177
5249,416900191
5250,416900204
5251,416900209
5252,416900218
5253,416900224
5254,416900225
5255,416900234
5256,416900238
5257,416900241
5258,416900249
5259,416900250
5260,416900251
5261,416900260
5262,416900277
5263,416900278
5264,416900282
5265,416900285
5266,416900286
5267,416900288
5268,416900289
5269,416900299
5270,416900300
5271,416900314
5272,416900340
5273,416900343
5274,416900358
5275,416900366
5276,416900367
5277,416900368
5278,416900369
5279,416900381
5280,416900386
5281,416900397
5282,416900401
5283,416900414
5284,416900415
5285,416900417
5286,416900430
5287,416900434
5288,416900437
5289,417000007
5290,417000008
5291,417000025
5292,417000027
5293,417000031
5294,417000040
5295,417000066
5296,417000070
5297,417000075
5298,417000076
5299,417000081
5300,417000097
5301,417000108
5302,417000111
5303,417000112
5304,417000113
5305,417000128
5306,417000136
5307,417000145
5308,417000155
5309,417000163
5310,417000171
5311,417000174
5312,417000178
5313,417000185
5314,417000197
5315,417000205
5316,417000209
5317,417000210
5318,417000233
5319,417000234
5320,417000246
5321,417000251
5322,417000253
5323,417000256
5324,417000267
5325,417000270
5326,417000276
5327,417000278
5328,417000281
5329,417000282
5330,417000285
5331,417000287
5332,417000294
5333,417000303
5334,417000306
5335,417000319
5336,417000323
5337,417000324
5338,417000327
5339,417000336
5340,417000348
5341,417000350
5342,417000358
5343,417000361
5344,417000371
5345,417000379
5346,417000382
5347,417000383
5348,417000388
5349,417000407
5350,417000415
5351,417000423
5352,417000426
5353,417000432
5354,417000434
5355,417000438
5356,417000469
5357,417000470
5358,417000474
5359,417000475
5360,417000476
5361,417000480
5362,417000481
5363,417000492
5364,417000506
5365,417000516
5366,417000517
5367,417000519
5368,417000520
5369,417000521
5370,417000522
5371,417000532
5372,417000533
5373,417000534
5374,417000537
5375,417000540
5376,417000541
5377,417000543
5378,417000545
5379,417000546
5380,417000548
5381,417000550
5382,417000552
5383,417000557
5384,417000559
5385,417000562
5386,417000563
5387,417000566
5388,417000567
5389,417000572
5390,417000573
5391,417000574
5392,417000577
5393,417000578
5394,417000579
5395,417000583
5396,417000590
5397,417000595
5398,417000596
5399,417000597
5400,417000598
5401,417000601
5402,417000613
5403,417000616
5404,417000619
5405,417000621
5406,417000622
5407,417000628
5408,417000630
5409,417000634
5410,417000635
5411,417000637
5412,417000641
5413,417000647
5414,417000652
5415,417000654
5416,417000656
5417,417000660
5418,417000671
5419,417000674
5420,417000675
5421,417000680
5422,417000681
5423,417000687
5424,417000693
5425,417000697
5426,417000699
5427,417000702
5428,417000709
5429,417000712
5430,417000742
5431,417000749
5432,417000750
5433,417000753
5434,417000754
5435,417000756
5436,417000759
5437,417000761
5438,417000771
5439,417000774
5440,417000776
5441,417000777
5442,417000778
5443,417000786
5444,417000787
5445,417000788
5446,417000789
5447,417000793
5448,417000797
5449,417000808
5450,417000811
5451,417000819
5452,417000821
5453,417000826
5454,417000827
5455,417000828
5456,417000832
5457,417000838
5458,417000840
5459,417000843
5460,417000844
5461,417000847
5462,417000849
5463,417000851
5464,417000852
5465,417000853
5466,417000854
5467,417000855
5468,417000856
5469,417000864
5470,417000869
5471,417000879
5472,417000890
5473,417000891
5474,417000892
5475,417000901
5476,417000903
5477,417000904
5478,417000907
5479,417000912
5480,417000916
5481,417000919
5482,417000927
5483,417000928
5484,417000952
5485,417000965
5486,417000966
5487,417000967
5488,417000979
5489,417000994
5490,417000998
5491,417001007
5492,417001014
5493,417001021
5494,417001027
5495,417001029
5496,417001030
5497,417001032
5498,417001037
5499,417001042
5500,417001048
5501,417001051
5502,417001052
5503,417001057
5504,417100002
5505,417100006
5506,417100008
5507,417100009
5508,417100014
5509,417100015
5510,417100037
5511,417100038
5512,417100052
5513,417100054
5514,417100059
5515,417100060
5516,417100065
5517,417100069
5518,417100072
5519,417100084
5520,417100092
5521,417100104
5522,417100110
5523,417100116
5524,417100122
5525,417100127
5526,417100129
5527,417100130
5528,417100134
5529,417100136
5530,417100138
5531,417100152
5532,417100167
5533,417100176
5534,417100200
5535,417100201
5536,417100214
5537,417100216
5538,417100219
5539,417100222
5540,417100233
5541,417100266
5542,417100270
5543,417100274
5544,417100276
5545,417100281
5546,417100282
5547,417100283
5548,417100288
5549,417100290
5550,417100295
5551,417100297
5552,417100303
5553,417100305
5554,417100306
5555,417100312
5556,417100315
5557,417100323
5558,417100328
5559,417100361
5560,417100372
5561,417100373
5562,417100394
5563,417100401
5564,417100410
5565,417100452
5566,417100462
5567,417100463
5568,417100484
5569,417100493
5570,417100510
5571,417100511
5572,417100518
5573,417100529
5574,417100534
5575,417100536
5576,417100539
5577,417100548
5578,417100561
5579,417100564
5580,417100565
5581,417100570
5582,417100572
5583,417100574
5584,417100575
5585,417100578
5586,417100581
5587,417100583
5588,417100585
5589,417100586
5590,417100593
5591,417100594
5592,417100603
5593,417100613
5594,417100614
5595,417100616
5596,417100619
5597,417100621
5598,417100625
5599,417100626
5600,417100628
5601,417100630
5602,417100638
5603,417100652
5604,417100653
5605,417100657
5606,417100659
5607,417100661
5608,417100664
5609,417100666
5610,417100671
5611,417100673
5612,417100681
5613,417100682
5614,417100683
5615,417100688
5616,417100712
5617,417200008
5618,417200022
5619,417200027
5620,417200030
5621,417200047
5622,417200051
5623,417200055
5624,417200057
5625,417200060
5626,417200071
5627,417200083
5628,417200085
5629,417200093
5630,417200098
5631,417200100
5632,417200101
5633,417200102
5634,417200105
5635,417200108
5636,417200109
5637,417200110
5638,417200112
5639,417200113
5640,417200115
5641,417200121
5642,417200127
5643,417200134
5644,417200136
5645,417200138
5646,417200140
5647,417200146
5648,417200150
5649,417200151
5650,417200152
5651,417200157
5652,417200159
5653,417200164
5654,417200167
5655,417200168
5656,417200195
5657,417200216
5658,417200218
5659,417200222
5660,417200233
5661,417200234
5662,417200242
5663,417200249
5664,417200262
5665,417200264
5666,417200275
5667,417200276
5668,417200282
5669,417200288
5670,417200289
5671,417200299
5672,417200300
5673,417200301
5674,417200303
5675,417200314
5676,417200322
5677,417200324
5678,417200327
5679,417200336
5680,417200343
5681,417200345
5682,417200354
5683,417200360
5684,417200361
5685,417200363
5686,417200364
5687,417200380
5688,417200387
5689,417200396
5690,417200397
5691,417200401
5692,417200405
5693,417200406
5694,417200407
5695,417300000
5696,417300006
5697,417300015
5698,417300019
5699,417300048
5700,417300049
5701,417300053
5702,417300056
5703,417300061
5704,417300067
5705,417300069
5706,417300070
5707,417300072
5708,417300074
5709,417300077
5710,417300078
5711,417300089
5712,417300093
5713,417300115
5714,417300123
5715,417300143
5716,417300144
5717,417300152
5718,417300153
5719,417300154
5720,417300158
5721,417300160
5722,417300167
5723,417300172
5724,417300182
5725,417300186
5726,417300193
5727,417300194
5728,417300200
5729,417300202
5730,417300219
5731,417300230
5732,417300231
5733,417300243
5734,417300271
5735,417300283
5736,417300292
5737,417300302
5738,417300314
5739,417300321
5740,417300332
5741,417300336
5742,417300338
5743,417300342
5744,417300347
5745,417300351
5746,417300352
5747,417300362
5748,417300364
5749,417300365
5750,417300383
5751,417300392
5752,417300393
5753,417300397
5754,417300398
5755,417300407
5756,417300408
5757,417300410
5758,417300425
5759,417300432
5760,417300435
5761,417300443
5762,417300445
5763,417300452
5764,417300453
5765,417300461
5766,417300462
5767,417300467
5768,417300472
5769,417300477
5770,417300521
5771,417300526
5772,417300534
5773,417300538
5774,417300540
5775,417300541
5776,417300542
5777,417300545
5778,417300549
5779,417300555
5780,417300563
5781,417300566
5782,417300576
5783,417300583
5784,417300592
5785,417300594
5786,417400011
5787,417400016
5788,417400021
5789,417400032
5790,417400033
5791,417400037
5792,417400042
5793,417400045
5794,417400047
5795,417400054
5796,417400055
5797,417400058
5798,417400060
5799,417400062
5800,417400063
5801,417400071
5802,417400079
5803,417400093
5804,417400099
5805,417400102
5806,417400120
5807,417400124
5808,417400156
5809,417400166
5810,417400171
5811,417400173
5812,417400175
5813,417400187
5814,417400193
5815,417400197
5816,417400203
5817,417400206
5818,417400216
5819,417400219
5820,417400221
5821,417400223
5822,417400228
5823,417400234
5824,417400258
5825,417500000
5826,417500004
5827,417500013
5828,417500025
5829,417500038
5830,417500041
5831,417500044
5832,417500045
5833,417500053
5834,417500054
5835,417500072
5836,417500102
5837,417500103
5838,417500105
5839,417500118
5840,417500120
5841,417500129
5842,417500132
5843,417500133
5844,417500142
5845,417500145
5846,417500146
5847,417500150
5848,417500159
5849,417500164
5850,417500166
5851,417500169
5852,417500177
5853,417500185
5854,417500187
5855,417500192
5856,417500195
5857,417500197
5858,417500198
5859,417500203
5860,417500205
5861,417500206
5862,417500209
5863,417500213
5864,417500216
5865,417500221
5866,417500228
5867,417500237
5868,417500239
5869,417500240
5870,417500248
5871,417500254
5872,417500284
5873,417500293
5874,417500303
5875,417500306
5876,417500310
5877,417500319
5878,417500339
5879,417500343
5880,417500346
5881,417500355
5882,417500356
5883,417500368
5884,417500372
5885,417500373
5886,417500380
5887,417500383
5888,417500384
5889,417500387
5890,417500389
5891,417500396
5892,417500401
5893,417500407
5894,417500418
5895,417500421
5896,417500434
5897,417500435
5898,417500445
5899,417500455
5900,417500462
5901,417500474
5902,417500487
5903,417500488
5904,417500494
5905,417500500
5906,417500509
5907,417500511
5908,417500514
5909,417500532
5910,417500547
5911,417500562
5912,417500573
5913,417500576
5914,417500595
5915,417500605
5916,417500607
5917,417500611
5918,417500613
5919,417500615
5920,417500622
5921,417500623
5922,417500633
5923,417500645
5924,417500658
5925,417500664
5926,417500667
5927,417500671
5928,417500674
5929,417500704
5930,417600000
5931,417600002
5932,417600005
5933,417600009
5934,417600010
5935,417600012
5936,417600024
5937,417600029
5938,417600043
5939,417600055
5940,417600065
5941,417600070
5942,417600084
5943,417600086
5944,417600097
5945,417600105
5946,417600109
5947,417600110
5948,417600117
5949,417600122
5950,417600123
5951,417600127
5952,417600131
5953,417600141
5954,417600142
5955,417600144
5956,417600145
5957,417600146
5958,417600147
5959,417600149
5960,417600150
5961,417600152
5962,417600154
5963,417600155
5964,417600156
5965,417600158
5966,417600160
5967,417600165
5968,417600166
5969,417600167
5970,417600170
5971,417600172
5972,417600177
5973,417600179
5974,417600182
5975,417600194
5976,417600195
5977,417600230
5978,417600240
5979,417600254
5980,417600262
5981,417600270
5982,417600272
5983,417600275
5984,417600276
5985,417600277
5986,417600278
5987,417600279
5988,417600283
5989,417600284
5990,417600287
5991,417600289
5992,417600292
5993,417600296
5994,417600299
5995,417600300
5996,417600306
5997,417600310
5998,417600319
5999,417600321
6000,417600339
6001,417600341
6002,417600342
6003,417600343
6004,417600375
6005,417600376
6006,417700002
6007,417700003
6008,417700026
6009,417700051
6010,417700054
6011,417700056
6012,417700058
6013,417700059
6014,417700065
6015,417700067
6016,417700094
6017,417700105
6018,417700109
6019,417700110
6020,417700114
6021,417700121
6022,417700122
6023,417700154
6024,417700156
6025,417700159
6026,417700168
6027,417800004
6028,417800011
6029,417800013
6030,417800023
6031,417800024
6032,417800028
6033,417800034
6034,417800038
6035,417800061
6036,417800090
6037,417800117
6038,417800120
6039,417800135
6040,417800136
6041,417800140
6042,417800150
6043,417800161
6044,417800163
6045,417800174
6046,417800202
6047,417800209
6048,417800214
6049,417800218
6050,417800224
6051,417800227
6052,417800229
6053,417800234
6054,417800248
6055,417800249
6056,417900009
6057,417900019
6058,417900022
6059,417900028
6060,417900049
6061,417900055
6062,417900082
6063,417900093
6064,417900094
6065,417900095
6066,417900097
6067,417900106
6068,417900107
6069,417900110
6070,417900114
6071,417900116
6072,417900117
6073,417900119
6074,417900123
6075,417900125
6076,417900126
6077,417900127
6078,417900128
6079,417900131
6080,417900132
6081,417900133
6082,417900134
6083,417900138
6084,417900139
6085,417900143
6086,417900144
6087,417900145
6088,417900146
6089,417900148
6090,417900162
6091,417900164
6092,417900165
6093,417900167
6094,417900171
6095,417900174
6096,417900175
6097,417900176
6098,417900180
6099,417900184
6100,417900191
6101,417900194
6102,417900199
6103,417900204
6104,417900207
6105,417900210
6106,417900214
6107,417900219
6108,417900225
6109,417900226
6110,417900227
6111,417900229
6112,417900230
6113,417900239
6114,417900241
6115,417900242
6116,417900243
6117,417900244
6118,417900245
6119,417900250
6120,417900267
6121,417900271
6122,417900276
6123,417900277
6124,417900279
6125,417900280
6126,417900281
6127,417900283
6128,417900286
6129,417900287
6130,417900293
6131,417900295
6132,417900296
6133,417900297
6134,417900311
6135,417900317
6136,417900318
6137,417900319
6138,417900326
6139,417900329
6140,417900334
6141,417900344
6142,417900359
6143,417900364
6144,417900368
6145,417900376
6146,417900377
6147,417900390
6148,417900391
6149,417900392
6150,417900394
6151,417900396
6152,417900398
6153,417900402
6154,417900404
6155,417900407
6156,417900408
6157,417900413
6158,417900415
6159,417900423
6160,417900425
6161,417900427
6162,417900442
6163,417900450
6164,417900451
6165,417900453
6166,417900455
6167,417900457
6168,417900464
6169,417900468
6170,417900504
6171,417900507
6172,417900512
6173,417900513
6174,417900516
6175,417900527
6176,417900529
6177,417900530
6178,417900534
6179,417900537
6180,417900542
6181,417900545
6182,417900546
6183,417900547
6184,417900549
6185,417900552
6186,417900555
6187,417900556
6188,417900558
6189,417900561
6190,417900562
6191,417900570
6192,418000001
6193,418000002
6194,418000005
6195,418000006
6196,418000008
6197,418000015
6198,418000022
6199,418000024
6200,418000043
6201,418000045
6202,418000047
6203,418000051
6204,418000055
6205,418000057
6206,418000059
6207,418000060
6208,418000062
6209,418000063
6210,418000066
6211,418000069
6212,418000070
6213,418000072
6214,418000084
6215,418000087
6216,418000091
6217,418000093
6218,418000095
6219,418000098
6220,418000099
6221,418000101
6222,418000105
6223,418000107
6224,418000108
6225,418000110
6226,418000112
6227,418000123
6228,418000124
6229,418000126
6230,418000128
6231,418000131
6232,418000135
6233,418000137
6234,418000145
6235,418000149
6236,418000157
6237,418000163
6238,418000175
6239,418000185
6240,418000189
6241,418000192
6242,418000198
6243,418000203
6244,418000213
6245,418000219
6246,418000220
6247,418000221
6248,418000253
6249,418000255
6250,418000256
6251,418000268
6252,418000280
6253,418000307
6254,418000309
6255,418000314
6256,418000316
6257,418000317
6258,418000320
6259,418000321
6260,418000322
6261,418000323
6262,418000325
6263,418000327
6264,418000332
6265,418000343
6266,418000344
6267,418000350
6268,418000355
6269,418000356
6270,418000357
6271,418000358
6272,418000367
6273,418000375
6274,418000376
6275,418000378
6276,418000382
6277,418000395
6278,418100003
6279,418100011
6280,418100034
6281,418100038
6282,418100058
6283,418100060
6284,418100091
6285,418100093
6286,418100107
6287,418100108
6288,418100109
6289,418100123
6290,418100124
6291,418100133
6292,418100160
6293,418100168
6294,418100171
6295,418100183
6296,418100190
6297,418200009
6298,418200017
6299,418200019
6300,418200021
6301,418200022
6302,418200031
6303,418200037
6304,418200047
6305,418200051
6306,418200058
6307,418200060
6308,418200061
6309,418200074
6310,418200086
6311,418200087
6312,418200088
6313,418200089
6314,418200093
6315,418200108
6316,418200113
6317,418200156
6318,418200162
6319,418200165
6320,418300001
6321,418300016
6322,418300039
6323,418300053
6324,418300062
6325,418300065
6326,418400001
6327,418400012
6328,418400023
6329,418400030
6330,418400035
6331,418400077
6332,418400114
6333,418400125
6334,418400148
6335,418400154
6336,418400164
6337,418400170
6338,418400212
6339,418400233
6340,418400265
6341,418400271
6342,418400284
6343,418400286
6344,418400293
6345,418400299
6346,418400315
6347,418400316
6348,418400318
6349,418400322
6350,418400324
6351,418400340
6352,418400347
6353,418400349
6354,418400384
6355,418400385
6356,418500003
6357,418500005
6358,418500022
6359,418500035
6360,418500038
6361,418500047
6362,418500049
6363,418500054
6364,418500061
6365,418500072
6366,418500079
6367,418500082
6368,418500092
6369,418500093
6370,418500114
6371,418500116
6372,418500165
6373,418500170
6374,418500173
6375,418600010
6376,418600013
6377,418600015
6378,418600021
6379,418600041
6380,418600052
6381,418600055
6382,418600064
6383,418600065
6384,418600067
6385,418600071
6386,418600077
6387,418600079
6388,418600088
6389,418600107
6390,418600111
6391,418700001
6392,418700003
6393,418700009
6394,418700025
6395,418700027
6396,418700030
6397,418700050
6398,418700062
6399,418700066
6400,418700116
6401,418700120
6402,418700124
6403,418700125
6404,418700150
6405,418700159
6406,418700160
6407,418700161
6408,418700162
6409,418700166
6410,418700168
6411,418700169
6412,418700171
6413,418700174
6414,418700176
6415,418700181
6416,418700187
6417,418700190
6418,418700191
6419,418700192
6420,418700194
6421,418700200
6422,418700203
6423,418700204
6424,418700205
6425,418700206
6426,418700208
6427,418700213
6428,418700216
6429,418700217
6430,418700219
6431,418700221
6432,418700222
6433,418700224
6434,418700225
6435,418700229
6436,418700234
6437,418700236
6438,418700238
6439,418700241
6440,418700256
6441,418700257
6442,418700260
6443,418700264
6444,418700267
6445,418700269
6446,418700270
6447,418700271
6448,418700274
6449,418700276
6450,418700282
6451,418700301
6452,418700303
6453,418700305
6454,418700307
6455,418700309
6456,418700310
6457,418700311
6458,418700314
6459,418700315
6460,418700317
6461,418700322
6462,418700323
6463,418700325
6464,418700329
6465,418700332
6466,418700333
6467,418700335
6468,418700336
6469,418700338
6470,418700343
6471,418700354
6472,418700365
6473,418700368
6474,418700370
6475,418700378
6476,418700384
6477,418700396
6478,418700399
6479,418700400
6480,418700421
6481,418700427
6482,418700430
6483,418700436
6484,418700438
6485,418700439
6486,418700447
6487,418700448
6488,418700462
6489,418700473
6490,418700481
6491,418700486
6492,418700488
6493,418700489
6494,418700491
6495,418700507
6496,418700509
6497,418700510
6498,418700525
6499,418700535
6500,418700540
6501,418700545
6502,418700557
6503,418700565
6504,418700571
6505,418700573
6506,418700579
6507,418700584
6508,418700587
6509,418700589
6510,418700599
6511,418700604
6512,418700605
6513,418700606
6514,418700608
6515,418700621
6516,418700628
6517,418700633
6518,418700634
6519,418800001
6520,418800015
6521,418800021
6522,418800029
6523,418800032
6524,418800036
6525,418800040
6526,418800042
6527,418800043
6528,418800046
6529,418800048
6530,418800049
6531,418800050
6532,418800057
6533,418800059
6534,418800061
6535,418800066
6536,418800067
6537,418800068
6538,418800075
6539,418800083
6540,418800086
6541,418800087
6542,418800088
6543,418800100
6544,418800102
6545,418800104
6546,418800109
6547,418800115
6548,418800116
6549,418800117
6550,418800120
6551,418800127
6552,418800128
6553,418800130
6554,418800135
6555,418800136
6556,418800138
6557,418800139
6558,418800143
6559,418800151
6560,418800160
6561,418800162
6562,418800169
6563,418800191
6564,418800195
6565,418800196
6566,418800202
6567,418800203
6568,418800206
6569,418800209
6570,418800212
6571,418800220
6572,418800222
6573,418800235
6574,418800238
6575,418800241
6576,418800247
6577,418800249
6578,418800252
6579,418800258
6580,418800270
6581,418800275
6582,418800277
6583,418800278
6584,418800285
6585,418800292
6586,418800306
6587,418800310
6588,418800318
6589,418800343
6590,418800345
6591,418800348
6592,418800351
6593,418800399
6594,418800406
6595,418800411
6596,418800415
6597,418800422
6598,418800431
6599,418800432
6600,418800433
6601,418800436
6602,418800437
6603,418800444
6604,418900003
6605,418900007
6606,418900014
6607,418900056
6608,418900057
6609,418900059
6610,418900077
6611,418900088
6612,418900102
6613,418900111
6614,418900114
6615,418900115
6616,418900132
6617,418900137
6618,418900141
6619,418900142
6620,418900151
6621,418900152
6622,418900162
6623,418900164
6624,418900170
6625,418900175
6626,418900184
6627,418900192
6628,418900193
6629,419000001
6630,419000007
6631,419000016
6632,419000018
6633,419000022
6634,419000023
6635,419000032
6636,419000039
6637,419000041
6638,419000043
6639,419000045
6640,419000047
6641,419000049
6642,419000054
6643,419000062
6644,419000063
6645,419000065
6646,419000073
6647,419000075
6648,419000079
6649,419000080
6650,419000081
6651,419000084
6652,419000089
6653,419000093
6654,419000095
6655,419000106
6656,419000108
6657,419000110
6658,419000115
6659,419000117
6660,419000118
6661,419000123
6662,419000124
6663,419000127
6664,419000137
6665,419000140
6666,419000143
6667,419000150
6668,419000156
6669,419000157
6670,419000159
6671,419000161
6672,419000162
6673,419000164
6674,419000173
6675,419000182
6676,419000188
6677,419000196
6678,419000198
6679,419000202
6680,419000217
6681,419000222
6682,419000224
6683,419000226
6684,419000232
6685,419000250
6686,419000253
6687,419000264
6688,419000266
6689,419000267
6690,419100001
6691,419100002
6692,419100017
6693,419100024
6694,419100029
6695,419100031
6696,419100039
6697,419100040
6698,419100043
6699,419100045
6700,419100046
6701,419100051
6702,419100057
6703,419100068
6704,419100072
6705,419100078
6706,419100084
6707,419100087
6708,419100088
6709,419100090
6710,419100093
6711,419100097
6712,419100098
6713,419100101
6714,419100102
6715,419100103
6716,419100108
6717,419100113
6718,419100115
6719,419100117
6720,419100121
6721,419100129
6722,419100135
6723,419100136
6724,419100139
6725,419100140
6726,419100148
6727,419100153
6728,419100156
6729,419100158
6730,419100162
6731,419100163
6732,419100171
6733,419100172
6734,419100178
6735,419100184
6736,419100188
6737,419100191
6738,419100192
6739,419100193
6740,419100195
6741,419100197
6742,419100207
6743,419100208
6744,419100210
6745,419100217
6746,419100218
6747,419100219
6748,419100222
6749,419100224
6750,419100227
6751,419100228
6752,419100229
6753,419100231
6754,419100242
6755,419100243
6756,419100249
6757,419100250
6758,419100253
6759,419100254
6760,419100257
6761,419100258
6762,419100259
6763,419100260
6764,419100266
6765,419100267
6766,419100271
6767,419100272
6768,419100277
6769,419100287
6770,419100292
6771,419100306
6772,419100307
6773,419100311
6774,419100313
6775,419100315
6776,419100318
6777,419100319
6778,419100321
6779,419100322
6780,419100323
6781,419100324
6782,419100325
6783,419100327
6784,419100352
6785,419100355
6786,419100356
6787,419100357
6788,419100362
6789,419100365
6790,419100366
6791,419100369
6792,419100372
6793,419100381
6794,419100383
6795,419100384
6796,419100389
6797,419100404
6798,419100407
6799,419100408
6800,419100415
6801,419100421
6802,419100425
6803,419100429
6804,419100430
6805,419100438
6806,419100442
6807,419100448
6808,419100459
6809,419100467
6810,419100471
6811,419100480
6812,419100485
6813,419100487
6814,419100500
6815,419100503
6816,419100506
6817,419100511
6818,419100514
6819,419100518
6820,419100523
6821,419100532
6822,419100537
6823,419100550
6824,419100552
6825,419100553
6826,419100556
6827,419100560
6828,419100562
6829,419100564
6830,419100567
6831,419100573
6832,419100592
6833,419100593
6834,419100608
6835,419200000
6836,419200016
6837,419200020
6838,419200021
6839,419200024
6840,419200047
6841,419200048
6842,419200050
6843,419200051
6844,419200053
6845,419200069
6846,419200072
6847,419200073
6848,419200078
6849,419200083
6850,419200084
6851,419200085
6852,419200086
6853,419200088
6854,419200089
6855,419200090
6856,419200097
6857,419200099
6858,419200100
6859,419200102
6860,419200103
6861,419200105
6862,419200109
6863,419200111
6864,419200114
6865,419200125
6866,419200127
6867,419200134
6868,419200135
6869,419200136
6870,419200144
6871,419200145
6872,419200146
6873,419200152
6874,419200182
6875,419200183
6876,419200186
6877,419200192
6878,419300001
6879,419300002
6880,419300005
6881,419300007
6882,419300022
6883,419300027
6884,419300030
6885,419300035
6886,419300037
6887,419300039
6888,419300040
6889,419300041
6890,419300043
6891,419300058
6892,419300081
6893,419300085
6894,419300101
6895,419300107
6896,419300112
6897,419300114
6898,419300115
6899,419300118
6900,419300119
6901,419300121
6902,419300122
6903,419300127
6904,419300128
6905,419300129
6906,419300141
6907,419300144
6908,419300150
6909,419300155
6910,419300163
6911,419300164
6912,419300178
6913,419300186
6914,419300201
6915,419300203
6916,419300218
6917,419300227
6918,419300229
6919,419300235
6920,419300241
6921,419300242
6922,419300245
6923,419300246
6924,419300257
6925,419300258
6926,419300262
6927,419300265
6928,419300270
6929,419300281
6930,419300283
6931,419400002
6932,419400010
6933,419400012
6934,419400015
6935,419400016
6936,419400019
6937,419400022
6938,419400024
6939,419400058
6940,419400066
6941,419400075
6942,419400089
6943,419400093
6944,419400094
6945,419400095
6946,419400096
6947,419400097
6948,419400102
6949,419400112
6950,419400115
6951,419400118
6952,419400120
6953,419400125
6954,419400127
6955,419400128
6956,419400133
6957,419400135
6958,419400136
6959,419400150
6960,419400153
6961,419400158
6962,419400161
6963,419400166
6964,419400167
6965,419500000
6966,419500007
6967,419500024
6968,419500027
6969,419500029
6970,419500038
6971,419500041
6972,419500050
6973,419500051
6974,419500055
6975,419500072
6976,419500078
6977,419500082
6978,419500084
6979,419500089
6980,419500092
6981,419500099
6982,419500103
6983,419500106
6984,419500107
6985,419500111
6986,419500122
6987,419500134
6988,419500135
6989,419500140
6990,419500142
6991,419500146
6992,419500147
6993,419500153
6994,419500154
6995,419500159
6996,419500160
6997,419600008
6998,419600029
6999,419600038
7000,419600042
7001,419600045
7002,419600059
7003,419600079
7004,419600088
7005,419600090
7006,419600094
7007,419600101
7008,419600103
7009,419600105
7010,419600109
7011,419600127
7012,419700006
7013,419700041
7014,419700045
7015,419700050
7016,419700053
7017,419700057
7018,419700072
7019,419700080
7020,419700081
7021,419700102
7022,419700103
7023,419700109
7024,419700110
7025,419700114
7026,419700116
7027,419700119
7028,419700125
7029,419700129
7030,419700135
7031,419700154
7032,419700156
7033,419700199
7034,419700201
7035,419700204
7036,419700206
7037,419700208
7038,419700217
7039,419700225
7040,419700234
7041,419700245
7042,419700247
7043,419700260
7044,419700261
7045,419700264
7046,419700266
7047,419700272
7048,419700278
7049,419700282
7050,419700284
7051,419700288
7052,419700289
7053,419700290
7054,419700291
7055,419700292
7056,419700294
7057,419700297
7058,419700299
7059,419700300
7060,419700304
7061,419700310
7062,419700311
7063,419700322
7064,419700328
7065,419700329
7066,419700330
7067,419700334
7068,419700335
7069,419700341
7070,419700349
7071,419700351
7072,419700358
7073,419700364
7074,419700372
7075,419700379
7076,419700380
7077,419700385
7078,419700388
7079,419700389
7080,419700391
7081,419700392
7082,419700396
7083,419700403
7084,419700407
7085,419700421
7086,419700425
7087,419700432
7088,419700435
7089,419700436
7090,419700445
7091,419800008
7092,419800014
7093,419800018
7094,419800020
7095,419800026
7096,419800030
7097,419800031
7098,419800033
7099,419800035
7100,419800036
7101,419800042
7102,419800043
7103,419800045
7104,419800048
7105,419800055
7106,419800058
7107,419800060
7108,419800071
7109,419800072
7110,419800083
7111,419800120
7112,419800139
7113,419800147
7114,419800158
7115,419800164
7116,419800165
7117,419800173
7118,419800178
7119,419800191
7120,419800192
7121,419800207
7122,419800217
7123,419800222
7124,419800241
7125,419800242
7126,419800252
7127,419800260
7128,419800263
7129,419800265
7130,419800279
7131,419800285
7132,419800290
7133,419800306
7134,419800320
7135,419800323
7136,419800327
7137,419800330
7138,419800331
7139,419800341
7140,419800351
7141,419800366
7142,419800373
7143,419800377
7144,419800381
7145,419800382
7146,419800385
7147,419800387
7148,419800388
7149,419800390
7150,419800414
7151,419800415
7152,419800425
7153,419800427
7154,419900000
7155,419900001
7156,419900002
7157,419900004
7158,419900005
7159,419900006
7160,419900008
7161,419900011
7162,419900012
7163,419900013
7164,419900015
7165,419900023
7166,419900025
7167,419900027
7168,419900028
7169,419900029
7170,419900030
7171,419900036
7172,419900037
7173,419900040
7174,419900049
7175,419900059
7176,419900061
7177,419900071
7178,419900076
7179,419900080
7180,419900083
7181,419900085
7182,419900093
7183,419900096
7184,419900097
7185,419900108
7186,419900112
7187,419900114
7188,419900115
7189,419900128
7190,419900138
7191,419900140
7192,419900142
7193,419900145
7194,419900149
7195,419900157
7196,419900163
7197,419900167
7198,419900171
7199,419900226
7200,419900234
7201,419900236
7202,419900244
7203,419900246
7204,419900249
7205,419900252
7206,419900253
7207,419900256
7208,419900257
7209,419900273
7210,419900281
7211,419900295
7212,419900301
7213,419900312
7214,419900313
7215,419900318
7216,419900319
7217,419900336
7218,419900340
7219,419900342
7220,419900346
7221,419900348
7222,419900350
7223,419900365
7224,420000000
7225,420000002
7226,420000022
7227,420000028
7228,420000033
7229,420000034
7230,420000037
7231,420000038
7232,420000042
7233,420000045
7234,420000046
7235,420000057
7236,420000061
7237,420000062
7238,420000065
7239,420000074
7240,420000075
7241,420000087
7242,420000088
7243,420000090
7244,420000094
7245,420000095
7246,420000101
7247,420000102
7248,420000113
7249,420000114
7250,420000115
7251,420000127
7252,420000130
7253,420000131
7254,420000132
7255,420000136
7256,420000154
7257,420000158
7258,420000164
7259,420000183
7260,420000196
7261,420000268
7262,420000281
7263,420000286
7264,420000299
7265,420000300
7266,420000301
7267,420000308
7268,420000311
7269,420000314
7270,420000322
7271,420000327
7272,420000330
7273,420000333
7274,420000334
7275,420000336
7276,420000346
7277,420000362
7278,420000368
7279,420000369
7280,420000371
7281,420000374
7282,420000384
7283,420000411
7284,420000421
7285,420000424
7286,420000425
7287,420000426
7288,420000428
7289,420000429
7290,420000438
7291,420000440
7292,420100003
7293,420100006
7294,420100015
7295,420100016
7296,420100017
7297,420100019
7298,420100031
7299,420100034
7300,420100035
7301,420100036
7302,420100037
7303,420100040
7304,420100042
7305,420100043
7306,420100047
7307,420100048
7308,420100057
7309,420100064
7310,420100065
7311,420100067
7312,420100070
7313,420100072
7314,420100073
7315,420100074
7316,420100080
7317,420100083
7318,420100092
7319,420100101
7320,420100103
7321,420100106
7322,420100111
7323,420100112
7324,420100113
7325,420100115
7326,420100116
7327,420100120
7328,420100131
7329,420100134
7330,420100136
7331,420100137
7332,420100141
7333,420100142
7334,420100145
7335,420100159
7336,420100161
7337,420100169
7338,420100178
7339,420100201
7340,420100224
7341,420100232
7342,420100243
7343,420100244
7344,420100245
7345,420100246
7346,420100252
7347,420100254
7348,420100283
7349,420100286
7350,420100288
7351,420100292
7352,420100293
7353,420100309
7354,420100311
7355,420100312
7356,420100330
7357,420100339
7358,420100341
7359,420100343
7360,420100356
7361,420100363
7362,420100365
7363,420100367
7364,420100369
7365,420100378
7366,420100381
7367,420100383
7368,420100386
7369,420100392
7370,420100411
7371,420100413
7372,420200002
7373,420200009
7374,420200015
7375,420200018
7376,420200029
7377,420200066
7378,420200070
7379,420200072
7380,420200073
7381,420200080
7382,420200085
7383,420200115
7384,420200120
7385,420200126
7386,420200139
7387,420200151
7388,420200154
7389,420200170
7390,420200195
7391,420200200
7392,420200201
7393,420200210
7394,420200212
7395,420200213
7396,420200221
7397,420200224
7398,420200231
7399,420200238
7400,420200252
7401,420200257
7402,420200274
7403,420200283
7404,420200288
7405,420200301
7406,420300020
7407,420300024
7408,420300027
7409,420300028
7410,420300032
7411,420300038
7412,420300043
7413,420300057
7414,420300064
7415,420300065
7416,420300067
7417,420300070
7418,420300071
7419,420300073
7420,420300076
7421,420300077
7422,420300078
7423,420300085
7424,420300087
7425,420300089
7426,420300093
7427,420300095
7428,420300105
7429,420300108
7430,420300114
7431,420300122
7432,420300140
7433,420300141
7434,420300150
7435,420300154
7436,420300159
7437,420300171
7438,420300173
7439,420300180
7440,420300183
7441,420300184
7442,420300202
7443,420300237
7444,420300242
7445,420300247
7446,420300257
7447,420300258
7448,420300259
7449,420300265
7450,420300267
7451,420300270
7452,420300271
7453,420300272
7454,420300274
7455,420300278
7456,420300281
7457,420300283
7458,420300285
7459,420300287
7460,420300289
7461,420300295
7462,420300297
7463,420300298
7464,420300302
7465,420300304
7466,420300307
7467,420300308
7468,420300312
7469,420300317
7470,420300328
7471,420300332
7472,420300333
7473,420300348
7474,420300384
7475,420400003
7476,420400009
7477,420400013
7478,420400014
7479,420400020
7480,420400021
7481,420400022
7482,420400023
7483,420400025
7484,420400026
7485,420400027
7486,420400028
7487,420400033
7488,420400036
7489,420400040
7490,420400041
7491,420400047
7492,420400050
7493,420400053
7494,420400058
7495,420400064
7496,420400066
7497,420400068
7498,420400083
7499,420400113
7500,420400119
7501,420400123
7502,420400126
7503,420400142
7504,420400159
7505,420400169
7506,420400174
7507,420400177
7508,420400194
7509,420400203
7510,420400204
7511,420400207
7512,420400209
7513,420400210
7514,420400211
7515,420400216
7516,420400222
7517,420400234
7518,420400243
7519,420400248
7520,420400250
7521,420400259
7522,420400260
7523,420400262
7524,420400272
7525,420400273
7526,420400274
7527,420400275
7528,420400278
7529,420400283
7530,420400285
7531,420400310
7532,420400311
7533,420400317
7534,420400326
7535,420400330
7536,420400341
7537,420400355
7538,420400363
7539,420400364
7540,420400369
7541,420400370
7542,420400383
7543,420400385
7544,420400392
7545,420400394
7546,420400395
7547,420400398
7548,420400403
7549,420400404
7550,420400410
7551,420400412
7552,420400415
7553,420400423
7554,420400428
7555,420400429
7556,420400432
7557,420400435
7558,420400437
7559,420400439
7560,420400442
7561,420400444
7562,420400447
7563,420400451
7564,420400456
7565,420400458
7566,420400460
7567,420400464
7568,420400466
7569,420400469
7570,420400471
7571,420400473
7572,420400475
7573,420400476
7574,420400483
7575,420400485
7576,420400486
7577,420400487
7578,420400488
7579,420400490
7580,420400491
7581,420400493
7582,420400499
7583,420400502
7584,420400503
7585,420400504
7586,420400510
7587,420400511
7588,420400515
7589,420400516
7590,420400519
7591,420400520
7592,420400521
7593,420400525
7594,420400527
7595,420400529
7596,420400530
7597,420400533
7598,420400546
7599,420400559
7600,420400564
7601,420400572
7602,420400576
7603,420400577
7604,420400601
7605,420400609
7606,420500018
7607,420500022
7608,420500027
7609,420500029
7610,420500037
7611,420500042
7612,420500051
7613,420500052
7614,420500054
7615,420500057
7616,420500060
7617,420500074
7618,420500094
7619,420500097
7620,420500114
7621,420500124
7622,420500129
7623,420500139
7624,420500140
7625,420500143
7626,420500144
7627,420500147
7628,420500150
7629,420500157
7630,420500164
7631,420500175
7632,420500180
7633,420500183
7634,420500189
7635,420500205
7636,420500211
7637,420500216
7638,420500217
7639,420500225
7640,420500232
7641,420500255
7642,420500257
7643,420500261
7644,420500262
7645,420500264
7646,420500270
7647,420500279
7648,420500294
7649,420500299
7650,420500302
7651,420500316
7652,420500320
7653,420500321
7654,420500323
7655,420500328
7656,420500335
7657,420500352
7658,420500353
7659,420500356
7660,420500358
7661,420500370
7662,420500380
7663,420500381
7664,420500382
7665,420500384
7666,420500389
7667,420500391
7668,420500392
7669,420500394
7670,420500396
7671,420500397
7672,420500398
7673,420500402
7674,420500406
7675,420500410
7676,420500411
7677,420500412
7678,420500413
7679,420500415
7680,420500417
7681,420500422
7682,420500425
7683,420500437
7684,420500438
7685,420500441
7686,420500443
7687,420500447
7688,420500453
7689,420500465
7690,420500466
7691,420500467
7692,420500468
7693,420500470
7694,420500475
7695,420500481
7696,420500485
7697,420500499
7698,420500507
7699,420500510
7700,420500513
7701,420500517
7702,420500519
7703,420500525
7704,420500526
7705,420500529
7706,420500531
7707,420500532
7708,420500537
7709,420500542
7710,420500545
7711,420500565
7712,420500568
7713,420500576
7714,420500585
7715,420500594
7716,420500598
7717,420500600
7718,420500610
7719,420500625
7720,420500630
7721,420500639
7722,420500641
7723,420500644
7724,420500645
7725,420500659
7726,420500660
7727,420500662
7728,420500666
7729,420500669
7730,420500670
7731,420500679
7732,420500684
7733,420500686
7734,420500712
7735,420500713
7736,420500717
7737,420600010
7738,420600020
7739,420600037
7740,420600047
7741,420600055
7742,420600057
7743,420600066
7744,420600073
7745,420600090
7746,420600097
7747,420600100
7748,420600105
7749,420600106
7750,420600109
7751,420600111
7752,420600113
7753,420600117
7754,420600119
7755,420600123
7756,420600125
7757,420600129
7758,420600135
7759,420600138
7760,420600141
7761,420600143
7762,420600148
7763,420600150
7764,420600151
7765,420600152
7766,420600153
7767,420600154
7768,420600161
7769,420600167
7770,420600168
7771,420600173
7772,420600175
7773,420600179
7774,420600182
7775,420600184
7776,420600185
7777,420600188
7778,420600189
7779,420600192
7780,420600197
7781,420600198
7782,420600199
7783,420600201
7784,420600202
7785,420600209
7786,420600210
7787,420600211
7788,420600212
7789,420600220
7790,420600221
7791,420600227
7792,420600234
7793,420600239
7794,420600241
7795,420600248
7796,420600255
7797,420600270
7798,420600278
7799,420600284
7800,420600294
7801,420600296
7802,420600297
7803,420600313
7804,420600325
7805,420600340
7806,420600341
7807,420600347
7808,420600358
7809,420600359
7810,420600367
7811,420600371
7812,420600374
7813,420600389
7814,420600390
7815,420600393
7816,420600394
7817,420600402
7818,420600408
7819,420600410
7820,420600414
7821,420600416
7822,420600422
7823,420600453
7824,420600454
7825,420600458
7826,420600466
7827,420600477
7828,420600490
7829,420600493
7830,420600495
7831,420600504
7832,420700007
7833,420700011
7834,420700013
7835,420700042
7836,420700044
7837,420700046
7838,420700047
7839,420700069
7840,420700071
7841,420700073
7842,420700082
7843,420700084
7844,420700088
7845,420700090
7846,420700093
7847,420700096
7848,420700101
7849,420700104
7850,420700105
7851,420700106
7852,420700116
7853,420700120
7854,420700124
7855,420700135
7856,420700140
7857,420700150
7858,420700153
7859,420700160
7860,420700161
7861,420700162
7862,420700163
7863,420700164
7864,420700190
7865,420700192
7866,420700205
7867,420700227
7868,420700228
7869,420700232
7870,420700241
7871,420700247
7872,420700252
7873,420700258
7874,420700259
7875,420700272
7876,420700273
7877,420700274
7878,420700275
7879,420700294
7880,420700300
7881,420700302
7882,420700304
7883,420700311
7884,420700322
7885,420700328
7886,420700334
7887,420700343
7888,420700347
7889,420700351
7890,420700357
7891,420700367
7892,420700390
7893,420700393
7894,420700394
7895,420700397
7896,420700403
7897,420800006
7898,420800026
7899,420800028
7900,420800030
7901,420800031
7902,420800032
7903,420800033
7904,420800034
7905,420800041
7906,420800044
7907,420800046
7908,420800049
7909,420800051
7910,420800052
7911,420800055
7912,420800067
7913,420800069
7914,420800081
7915,420800083
7916,420800084
7917,420800086
7918,420800088
7919,420800090
7920,420800093
7921,420800095
7922,420800097
7923,420800100
7924,420800101
7925,420800108
7926,420800114
7927,420800115
7928,420800123
7929,420800126
7930,420800129
7931,420800135
7932,420800145
7933,420800146
7934,420800147
7935,420800148
7936,420800160
7937,420800165
7938,420800172
7939,420800175
7940,420800178
7941,420800180
7942,420800189
7943,420800192
7944,420800193
7945,420800198
7946,420800202
7947,420800203
7948,420800221
7949,420800225
7950,420800228
7951,420800237
7952,420800258
7953,420800261
7954,420800277
7955,420800281
7956,420800282
7957,420800288
7958,420800289
7959,420800292
7960,420800297
7961,420800304
7962,420800307
7963,420800312
7964,420800315
7965,420800319
7966,420800324
7967,420800326
7968,420800330
7969,420800332
7970,420800338
7971,420800344
7972,420800349
7973,420800358
7974,420800361
7975,420800364
7976,420800365
7977,420800370
7978,420800375
7979,420800386
7980,420800390
7981,420800395
7982,420800399
7983,420800406
7984,420900002
7985,420900017
7986,420900019
7987,420900032
7988,420900033
7989,420900043
7990,420900046
7991,420900052
7992,420900055
7993,420900062
7994,420900063
7995,420900068
7996,420900097
7997,420900099
7998,420900104
7999,420900105
8000,420900110
8001,420900117
8002,420900121
8003,420900123
8004,420900130
8005,420900137
8006,420900139
8007,420900140
8008,420900141
8009,420900143
8010,420900154
8011,420900157
8012,420900162
8013,420900172
8014,420900173
8015,420900175
8016,420900192
8017,420900197
8018,420900200
8019,420900211
8020,420900213
8021,420900214
8022,420900216
8023,420900222
8024,420900227
8025,420900230
8026,420900233
8027,420900234
8028,420900241
8029,420900242
8030,420900245
8031,420900268
8032,420900269
8033,420900271
8034,420900275
8035,420900278
8036,420900290
8037,420900291
8038,420900292
8039,420900293
8040,420900296
8041,420900297
8042,420900298
8043,420900299
8044,420900322
8045,420900328
8046,420900334
8047,420900339
8048,420900349
8049,420900350
8050,420900352
8051,420900357
8052,421000014
8053,421000015
8054,421000025
8055,421000039
8056,421000056
8057,421000058
8058,421000061
8059,421000062
8060,421000081
8061,421000083
8062,421000089
8063,421000090
8064,421000099
8065,421000105
8066,421000108
8067,421000111
8068,421000113
8069,421000117
8070,421000119
8071,421000122
8072,421000126
8073,421000128
8074,421000129
8075,421000131
8076,421000142
8077,421000144
8078,421000150
8079,421000155
8080,421000165
8081,421000170
8082,421000172
8083,421000173
8084,421000174
8085,421000182
8086,421000186
8087,421000189
8088,421000190
8089,421000191
8090,421000192
8091,421000198
8092,421000199
8093,421000206
8094,421000209
8095,421000211
8096,421000227
8097,421000234
8098,421000240
8099,421000242
8100,421000247
8101,421000250
8102,421000253
8103,421000254
8104,421000258
8105,421000263
8106,421000268
8107,421000269
8108,421000273
8109,421000274
8110,421000276
8111,421000291
8112,421000292
8113,421000294
8114,421000296
8115,421000302
8116,421000304
8117,421000307
8118,421000311
8119,421000315
8120,421000323
8121,421000325
8122,421000326
8123,421000327
8124,421000331
8125,421000333
8126,421000335
8127,421000341
8128,421000346
8129,421000353
8130,421000360
8131,421000361
8132,421000362
8133,421000365
8134,421000371
8135,421000373
8136,421000374
8137,421000380
8138,421000381
8139,421000394
8140,421000398
8141,421000408
8142,421000428
8143,421000435
8144,421000439
8145,421000444
8146,421000448
8147,421000449
8148,421100021
8149,421100022
8150,421100023
8151,421100025
8152,421100047
8153,421100051
8154,421100061
8155,421100062
8156,421100063
8157,421100065
8158,421100074
8159,421100083
8160,421100108
8161,421100109
8162,421100113
8163,421100120
8164,421100126
8165,421100135
8166,421100141
8167,421100142
8168,421100153
8169,421100156
8170,421100157
8171,421100164
8172,421100168
8173,421100169
8174,421100170
8175,421100171
8176,421100172
8177,421100173
8178,421100175
8179,421100181
8180,421100184
8181,421100186
8182,421100192
8183,421100194
8184,421100200
8185,421100201
8186,421100207
8187,421100210
8188,421100214
8189,421100227
8190,421100235
8191,421100236
8192,421100238
8193,421100244
8194,421100246
8195,421100251
8196,421100254
8197,421100255
8198,421100256
8199,421100257
8200,421100268
8201,421100270
8202,421100285
8203,421100307
8204,421100313
8205,421100314
8206,421100315
8207,421100316
8208,421100326
8209,421100327
8210,421100328
8211,421100331
8212,421100333
8213,421100336
8214,421100339
8215,421100342
8216,421100344
8217,421100348
8218,421100352
8219,421100356
8220,421100358
8221,421100363
8222,421100364
8223,421100366
8224,421100368
8225,421100369
8226,421100372
8227,421100377
8228,421100380
8229,421100381
8230,421100383
8231,421100390
8232,421100392
8233,421100395
8234,421100402
8235,421100405
8236,421100407
8237,421100409
8238,421100412
8239,421100413
8240,421100421
8241,421100426
8242,421100443
8243,421100449
8244,421100465
8245,421100469
8246,421100476
8247,421100482
8248,421100488
8249,421100496
8250,421100500
8251,421100516
8252,421100520
8253,421100521
8254,421100522
8255,421100544
8256,421100546
8257,421100554
8258,421100557
8259,421100574
8260,421100575
8261,421100576
8262,421100578
8263,421100580
8264,421100581
8265,421100584
8266,421100585
8267,421100594
8268,421100596
8269,421100598
8270,421100606
8271,421100607
8272,421100610
8273,421100612
8274,421100613
8275,421100616
8276,421100617
8277,421200000
8278,421200005
8279,421200007
8280,421200024
8281,421200025
8282,421200038
8283,421200064
8284,421200076
8285,421200083
8286,421200085
8287,421200088
8288,421200091
8289,421200111
8290,421200117
8291,421200145
8292,421200147
8293,421200150
8294,421200151
8295,421200157
8296,421200158
8297,421200159
8298,421200160
8299,421200161
8300,421200165
8301,421200168
8302,421200170
8303,421200172
8304,421200173
8305,421200174
8306,421200175
8307,421200177
8308,421200180
8309,421200184
8310,421200185
8311,421200187
8312,421200188
8313,421200189
8314,421200190
8315,421200191
8316,421200192
8317,421200193
8318,421200196
8319,421200201
8320,421200202
8321,421200203
8322,421200208
8323,421200211
8324,421200219
8325,421200223
8326,421200225
8327,421200229
8328,421200231
8329,421200232
8330,421200243
8331,421200245
8332,421200253
8333,421200258
8334,421200259
8335,421200272
8336,421200274
8337,421200282
8338,421200284
8339,421200287
8340,421200294
8341,421300003
8342,421300008
8343,421300011
8344,421300012
8345,421300013
8346,421300015
8347,421300019
8348,421300022
8349,421300024
8350,421300043
8351,421300045
8352,421300059
8353,421300075
8354,421300077
8355,421300084
8356,421300091
8357,421300094
8358,421300095
8359,421300101
8360,421300104
8361,421300106
8362,421300108
8363,421300113
8364,421300115
8365,421300118
8366,421300119
8367,421300120
8368,421300122
8369,421300126
8370,421300127
8371,421300129
8372,421300137
8373,421300141
8374,421300144
8375,421300148
8376,421300149
8377,421300152
8378,421300153
8379,421300165
8380,421300179
8381,421300196
8382,421300201
8383,421300205
8384,421300210
8385,421300214
8386,421300215
8387,421300217
8388,421300219
8389,421300222
8390,421300223
8391,421300225
8392,421300234
8393,421300248
8394,421300249
8395,421300254
8396,421300255
8397,421300259
8398,421300264
8399,421300268
8400,421300272
8401,421300273
8402,421300276
8403,421300278
8404,421300281
8405,421300285
8406,421300287
8407,421300293
8408,421300298
8409,421300302
8410,421300305
8411,421300311
8412,421300312
8413,421300314
8414,421300320
8415,421300333
8416,421300335
8417,421300338
8418,421300339
8419,421300348
8420,421300350
8421,421300362
8422,421300364
8423,421300365
8424,421300368
8425,421300370
8426,421300374
8427,421300375
8428,421300379
8429,421300380
8430,421300381
8431,421300382
8432,421300384
8433,421300386
8434,421300387
8435,421300392
8436,421300393
8437,421300395
8438,421300396
8439,421300407
8440,421300413
8441,421300414
8442,421300416
8443,421300425
8444,421300436
8445,421300439
8446,421300443
8447,421300445
8448,421300446
8449,421300447
8450,421300449
8451,421300459
8452,421300462
8453,421300467
8454,421300469
8455,421300471
8456,421300472
8457,421300473
8458,421300474
8459,421300476
8460,421300480
8461,421300481
8462,421300485
8463,421300488
8464,421300489
8465,421300495
8466,421300496
8467,421300498
8468,421300511
8469,421300512
8470,421300514
8471,421300515
8472,421300517
8473,421300529
8474,421300533
8475,421300539
8476,421300541
8477,421300542
8478,421300544
8479,421300546
8480,421300548
8481,421300549
8482,421300550
8483,421300554
8484,421300556
8485,421300560
8486,421300565
8487,421300579
8488,421300581
8489,421300584
8490,421300588
8491,421300591
8492,421300592
8493,421300598
8494,421300600
8495,421300605
8496,421300606
8497,421300624
8498,421300640
8499,421300643
8500,421300646
8501,421300651
8502,421300652
8503,421300657
8504,421300668
8505,421300669
8506,421300676
8507,421300677
8508,421300678
8509,421300679
8510,421400010
8511,421400022
8512,421400023
8513,421400043
8514,421400046
8515,421400048
8516,421400059
8517,421400070
8518,421400072
8519,421400074
8520,421400080
8521,421400089
8522,421400091
8523,421400099
8524,421400105
8525,421400106
8526,421400139
8527,421400157
8528,421400163
8529,421400193
8530,421400194
8531,421400212
8532,421400213
8533,421400214
8534,421400217
8535,421400220
8536,421400233
8537,421400236
8538,421500005
8539,421500010
8540,421500019
8541,421500020
8542,421500040
8543,421500053
8544,421500054
8545,421500057
8546,421500059
8547,421500062
8548,421500068
8549,421500071
8550,421500074
8551,421500094
8552,421500098
8553,421500107
8554,421500121
8555,421500122
8556,421500152
8557,421500157
8558,421500169
8559,421500173
8560,421500174
8561,421500175
8562,421500177
8563,421500184
8564,421500185
8565,421500190
8566,421500199
8567,421500200
8568,421500215
8569,421500216
8570,421500221
8571,421500228
8572,421500230
8573,421500241
8574,421500246
8575,421500248
8576,421500250
8577,421500257
8578,421500260
8579,421500269
8580,421500271
8581,421500272
8582,421500274
8583,421500277
8584,421500278
8585,421500280
8586,421500296
8587,421500303
8588,421500304
8589,421500312
8590,421500319
8591,421500321
8592,421500325
8593,421500332
8594,421500342
8595,421500345
8596,421500359
8597,421500367
8598,421500374
8599,421500378
8600,421500385
8601,421500386
8602,421500390
8603,421500397
8604,421500399
8605,421500402
8606,421500405
8607,421500413
8608,421500421
8609,421500423
8610,421500424
8611,421500430
8612,421500446
8613,421500449
8614,421500451
8615,421500455
8616,421500456
8617,421500457
8618,421500459
8619,421500460
8620,421500463
8621,421500464
8622,421500467
8623,421500477
8624,421500485
8625,421500488
8626,421500490
8627,421500493
8628,421500496
8629,421500502
8630,421500508
8631,421500511
8632,421500515
8633,421500516
8634,421500531
8635,421500534
8636,421500535
8637,421500536
8638,421500537
8639,421500538
8640,421500539
8641,421500540
8642,421500541
8643,421500544
8644,421500545
8645,421500546
8646,421500549
8647,421500551
8648,421500553
8649,421500558
8650,421500560
8651,421500564
8652,421500565
8653,421500566
8654,421500567
8655,421500568
8656,421500571
8657,421500573
8658,421500578
8659,421500583
8660,421500585
8661,421500589
8662,421500591
8663,421500595
8664,421500596
8665,421500603
8666,421500611
8667,421500613
8668,421500619
8669,421500622
8670,421500623
8671,421500624
8672,421500625
8673,421500629
8674,421500632
8675,421500634
8676,421500637
8677,421500642
8678,421500648
8679,421500661
8680,421500664
8681,421500665
8682,421500666
8683,421500669
8684,421500670
8685,421500671
8686,421500673
8687,421500674
8688,421500684
8689,421500685
8690,421500686
8691,421500687
8692,421500688
8693,421500695
8694,421500696
8695,421500698
8696,421500700
8697,421500706
8698,421500707
8699,421500711
8700,421500728
8701,421500729
8702,421500730
8703,421500731
8704,421500734
8705,421500737
8706,421500740
8707,421500741
8708,421500743
8709,421500744
8710,421500745
8711,421500752
8712,421500755
8713,421500756
8714,421500762
8715,421500768
8716,421500769
8717,421500774
8718,421500776
8719,421500777
8720,421500783
8721,421500785
8722,421500788
8723,421500791
8724,421500792
8725,421500794
8726,421500795
8727,421500796
8728,421500800
8729,421500801
8730,421500802
8731,421500804
8732,421500807
8733,421500808
8734,421500811
8735,421500814
8736,421500816
8737,421500818
8738,421500819
8739,421500820
8740,421500823
8741,421500824
8742,421500834
8743,421500838
8744,421500844
8745,421500846
8746,421500851
8747,421500856
8748,421500857
8749,421500860
8750,421500862
8751,421500863
8752,421500866
8753,421500867
8754,421500868
8755,421500873
8756,421500880
8757,421500883
8758,421500884
8759,421500886
8760,421500890
8761,421500894
8762,421500895
8763,421500896
8764,421500898
8765,421500899
8766,421500906
8767,421500908
8768,421500910
8769,421500915
8770,421500922
8771,421500923
8772,421500926
8773,421500930
8774,421500931
8775,421500933
8776,421500936
8777,421500937
8778,421500938
8779,421500939
8780,421500949
8781,421500954
8782,421500959
8783,421500960
8784,421500961
8785,421500964
8786,421500966
8787,421500975
8788,421500976
8789,421500980
8790,421500981
8791,421500985
8792,421500987
8793,421500988
8794,421500990
8795,421500993
8796,421500997
8797,421501003
8798,421501005
8799,421501006
8800,421501009
8801,421501024
8802,421501028
8803,421501032
8804,421501039
8805,421501040
8806,421501042
8807,421501045
8808,421501050
8809,421501051
8810,421501053
8811,421501055
8812,421501057
8813,421501071
8814,421501075
8815,421501080
8816,421501090
8817,421501092
8818,421501095
8819,421501097
8820,421501111
8821,421501119
8822,421501123
8823,421501124
8824,421501127
8825,421501135
8826,421501141
8827,421501144
8828,421501151
8829,421501171
8830,421501172
8831,421600000
8832,421600005
8833,421600022
8834,421600028
8835,421600029
8836,421600037
8837,421600045
8838,421600050
8839,421600051
8840,421600062
8841,421600067
8842,421600069
8843,421600073
8844,421600076
8845,421600077
8846,421600078
8847,421600084
8848,421600093
8849,421600096
8850,421600098
8851,421600114
8852,421600116
8853,421600119
8854,421600131
8855,421600135
8856,421600136
8857,421600138
8858,421600139
8859,421600140
8860,421600147
8861,421600150
8862,421600155
8863,421600156
8864,421600160
8865,421600167
8866,421600177
8867,421600181
8868,421600185
8869,421600188
8870,421600190
8871,421600191
8872,421600192
8873,421600194
8874,421600197
8875,421600198
8876,421600202
8877,421600203
8878,421600204
8879,421600207
8880,421600211
8881,421600212
8882,421600222
8883,421600224
8884,421600226
8885,421600228
8886,421600230
8887,421600231
8888,421600234
8889,421600240
8890,421600243
8891,421600251
8892,421600252
8893,421600264
8894,421600268
8895,421600270
8896,421600271
8897,421600272
8898,421600278
8899,421600281
8900,421600283
8901,421600290
8902,421600291
8903,421600298
8904,421600300
8905,421600313
8906,421600314
8907,421600315
8908,421600319
8909,421600320
8910,421600321
8911,421600323
8912,421600324
8913,421600327
8914,421600328
8915,421600344
8916,421600347
8917,421600353
8918,421600355
8919,421600356
8920,421600357
8921,421600358
8922,421600365
8923,421600366
8924,421600367
8925,421600369
8926,421600370
8927,421600371
8928,421600376
8929,421600381
8930,421600382
8931,421600384
8932,421600386
8933,421600389
8934,421600391
8935,421600405
8936,421600408
8937,421600409
8938,421600416
8939,421600417
8940,421600420
8941,421600427
8942,421600431
8943,421600433
8944,421600438
8945,421600448
8946,421600451
8947,421600453
8948,421600454
8949,421600468
8950,421600475
8951,421600490
8952,421600493
8953,421600500
8954,421600503
8955,421600507
8956,421600509
8957,421600516
8958,421600525
8959,421600531
8960,421700000
8961,421700004
8962,421700008
8963,421700011
8964,421700013
8965,421700017
8966,421700019
8967,421700021
8968,421700028
8969,421700031
8970,421700032
8971,421700035
8972,421700039
8973,421700046
8974,421700050
8975,421700051
8976,421700052
8977,421700055
8978,421700060
8979,421700061
8980,421700064
8981,421700066
8982,421700067
8983,421700070
8984,421700071
8985,421700073
8986,421700075
8987,421700078
8988,421700079
8989,421700082
8990,421700085
8991,421700117
8992,421700125
8993,421700138
8994,421700139
8995,421700148
8996,421700152
8997,421700160
8998,421700165
8999,421700170
9000,421700173
9001,421700174
9002,421700179
9003,421700182
9004,421700185
9005,421700188
9006,421700189
9007,421700193
9008,421700194
9009,421700196
9010,421700197
9011,421700202
9012,421700207
9013,421700212
9014,421700220
9015,421700230
9016,421700233
9017,421700234
9018,421700256
9019,421700261
9020,421700280
9021,421700290
9022,421700291
9023,421700306
9024,421700309
9025,421700317
9026,421700324
9027,421700325
9028,421700329
9029,421700334
9030,421700350
9031,421700353
9032,421700355
9033,421700360
9034,421700362
9035,421700363
9036,421700365
9037,421700367
9038,421700373
9039,421700376
9040,421700378
9041,421700379
9042,421700382
9043,421700383
9044,421700385
9045,421700389
9046,421700390
9047,421700405
9048,421700411
9049,421700419
9050,421700421
9051,421700429
9052,421700432
9053,421700433
9054,421700435
9055,421700440
9056,421700441
9057,421700449
9058,421700453
9059,421700460
9060,421700462
9061,421700463
9062,421700466
9063,421700475
9064,421700476
9065,421700482
9066,421700484
9067,421700485
9068,421700486
9069,421700488
9070,421700489
9071,421700490
9072,421700494
9073,421700495
9074,421700500
9075,421700503
9076,421700508
9077,421700512
9078,421700515
9079,421700516
9080,421700521
9081,421700523
9082,421700526
9083,421700535
9084,421700547
9085,421700551
9086,421700556
9087,421700557
9088,421700558
9089,421700560
9090,421700561
9091,421700562
9092,421700563
9093,421700566
9094,421700567
9095,421700574
9096,421700579
9097,421700581
9098,421700583
9099,421700586
9100,421700587
9101,421700589
9102,421700590
9103,421700592
9104,421700593
9105,421700594
9106,421700596
9107,421700599
9108,421700607
9109,421700612
9110,421700613
9111,421700614
9112,421700618
9113,421700620
9114,421700633
9115,421700637
9116,421700639
9117,421700641
9118,421700642
9119,421700652
9120,421700653
9121,421700654
9122,421700655
9123,421700659
9124,421700661
9125,421700667
9126,421700672
9127,421700678
9128,421700683
9129,421700694
9130,421700697
9131,421700698
9132,421700709
9133,421700716
9134,421700718
9135,421700724
9136,421700727
9137,421700730
9138,421700731
9139,421700732
9140,421700742
9141,421700745
9142,421700750
9143,421700751
9144,421700753
9145,421700755
9146,421700763
9147,421700768
9148,421700769
9149,421700778
9150,421700788
9151,421700792
9152,421700793
9153,421700800
9154,421700803
9155,421700807
9156,421700822
9157,421700823
9158,421800019
9159,421800028
9160,421800038
9161,421800042
9162,421800045
9163,421800050
9164,421800052
9165,421800062
9166,421800067
9167,421800077
9168,421800094
9169,421800098
9170,421800101
9171,421800102
9172,421800121
9173,421800127
9174,421800134
9175,421800135
9176,421800140
9177,421800145
9178,421800146
9179,421800154
9180,421800157
9181,421800166
9182,421800185
9183,421800188
9184,421800195
9185,421800199
9186,421800211
9187,421900006
9188,421900007
9189,421900010
9190,421900013
9191,421900023
9192,421900026
9193,421900031
9194,421900036
9195,421900041
9196,421900044
9197,421900046
9198,421900058
9199,421900063
9200,421900070
9201,421900072
9202,421900074
9203,421900077
9204,421900078
9205,421900080
9206,421900087
9207,421900089
9208,421900091
9209,421900092
9210,421900094
9211,421900095
9212,421900108
9213,421900109
9214,421900110
9215,421900111
9216,421900113
9217,421900114
9218,421900129
9219,421900131
9220,421900134
9221,421900138
9222,421900143
9223,421900144
9224,421900146
9225,421900157
9226,421900158
9227,421900164
9228,421900170
9229,421900172
9230,421900175
9231,421900195
9232,421900202
9233,421900204
9234,421900207
9235,421900211
9236,421900228
9237,421900244
9238,421900252
9239,421900263
9240,421900267
9241,421900269
9242,421900271
9243,421900272
9244,421900274
9245,421900277
9246,421900283
9247,421900286
9248,421900287
9249,421900296
9250,421900297
9251,421900300
9252,421900310
9253,421900313
9254,421900317
9255,421900318
9256,421900321
9257,421900322
9258,421900329
9259,421900330
9260,421900344
9261,421900347
9262,421900351
9263,421900356
9264,421900357
9265,421900387
9266,421900392
9267,421900398
9268,422000012
9269,422000016
9270,422000020
9271,422000026
9272,422000030
9273,422000031
9274,422000042
9275,422000050
9276,422000069
9277,422000082
9278,422000086
9279,422000090
9280,422000108
9281,422000110
9282,422000112
9283,422000114
9284,422000118
9285,422000119
9286,422000122
9287,422000123
9288,422000124
9289,422000126
9290,422000127
9291,422000129
9292,422000135
9293,422000136
9294,422000144
9295,422000149
9296,422000157
9297,422000160
9298,422000162
9299,422000171
9300,422000177
9301,422000179
9302,422000196
9303,422000202
9304,422000228
9305,422000256
9306,422000279
9307,422000286
9308,422000293
9309,422000297
9310,422000300
9311,422000328
9312,422000329
9313,422000331
9314,422100001
9315,422100004
9316,422100005
9317,422100007
9318,422100013
9319,422100015
9320,422100016
9321,422100023
9322,422100040
9323,422100044
9324,422100045
9325,422100049
9326,422100059
9327,422100060
9328,422100070
9329,422100074
9330,422100080
9331,422100081
9332,422100083
9333,422100093
9334,422100094
9335,422100101
9336,422100112
9337,422100114
9338,422100122
9339,422100123
9340,422100125
9341,422100128
9342,422100129
9343,422100134
9344,422100138
9345,422100139
9346,422100140
9347,422100144
9348,422100146
9349,422100157
9350,422100161
9351,422100166
9352,422100167
9353,422100173
9354,422100176
9355,422100178
9356,422100180
9357,422100193
9358,422100204
9359,422100205
9360,422100207
9361,422100211
9362,422100216
9363,422100217
9364,422100218
9365,422100220
9366,422100222
9367,422100231
9368,422100234
9369,422100236
9370,422100239
9371,422100241
9372,422100245
9373,422100248
9374,422100250
9375,422100254
9376,422100256
9377,422100264
9378,422100265
9379,422100270
9380,422100271
9381,422100284
9382,422100293
9383,422100295
9384,422100296
9385,422100303
9386,422100304
9387,422100305
9388,422100306
9389,422100315
9390,422100319
9391,422100328
9392,422100332
9393,422100338
9394,422100339
9395,422100341
9396,422100342
9397,422100343
9398,422100345
9399,422100348
9400,422100351
9401,422100353
9402,422100355
9403,422100359
9404,422100362
9405,422100372
9406,422100376
9407,422100380
9408,422100382
9409,422100383
9410,422100385
9411,422100387
9412,422100394
9413,422100397
9414,422100399
9415,422100401
9416,422100403
9417,422100410
9418,422100415
9419,422100417
9420,422100419
9421,422100420
9422,422100432
9423,422100436
9424,422100438
9425,422100444
9426,422100445
9427,422100451
9428,422100454
9429,422100460
9430,422100494
9431,422100500
9432,422100508
9433,422100516
9434,422100534
9435,422100549
9436,422100553
9437,422100555
9438,422100561
9439,422100562
9440,422100567
9441,422100570
9442,422100581
9443,422100586
9444,422100589
9445,422100599
9446,422100600
9447,422100602
9448,422100604
9449,422100606
9450,422100608
9451,422100609
9452,422100610
9453,422100611
9454,422100614
9455,422100622
9456,422100626
9457,422100631
9458,422100634
9459,422100637
9460,422100641
9461,422100658
9462,422100666
9463,422100673
9464,422100675
9465,422100678
9466,422100680
9467,422100685
9468,422100687
9469,422100689
9470,422100692
9471,422100698
9472,422100704
9473,422100710
9474,422100714
9475,422100721
9476,422100728
9477,422100729
9478,422100731
9479,422100743
9480,422100744
9481,422100745
9482,422100748
9483,422100752
9484,422100771
9485,422100776
9486,422100786
9487,422100793
9488,422100800
9489,422100805
9490,422100812
9491,422100825
9492,422100832
9493,422100857
9494,422100870
9495,422100872
9496,422100874
9497,422100875
9498,422100877
9499,422100892
9500,422100896
9501,422100897
9502,422100902
9503,422100904
9504,422100905
9505,422100914
9506,422100916
9507,422100917
9508,422100923
9509,422100926
9510,422100933
9511,422100936
9512,422100937
9513,422100938
9514,422100939
9515,422100941
9516,422100945
9517,422100947
9518,422100949
9519,422100950
9520,422100961
9521,422200001
9522,422200008
9523,422200011
9524,422200014
9525,422200020
9526,422200028
9527,422200031
9528,422200035
9529,422200036
9530,422200037
9531,422200042
9532,422200043
9533,422200046
9534,422200055
9535,422200062
9536,422200067
9537,422200076
9538,422200077
9539,422200079
9540,422200083
9541,422200092
9542,422200096
9543,422200097
9544,422200098
9545,422200099
9546,422200101
9547,422200102
9548,422200107
9549,422200110
9550,422200111
9551,422200112
9552,422200118
9553,422200129
9554,422200130
9555,422200133
9556,422200140
9557,422200142
9558,422200143
9559,422200145
9560,422200148
9561,422200150
9562,422200151
9563,422200157
9564,422200158
9565,422200159
9566,422200160
9567,422200162
9568,422200163
9569,422200166
9570,422200167
9571,422200172
9572,422200189
9573,422200192
9574,422200197
9575,422200198
9576,422200218
9577,422200227
9578,422200236
9579,422200239
9580,422200240
9581,422200244
9582,422200247
9583,422200248
9584,422200250
9585,422200252
9586,422200253
9587,422200255
9588,422200261
9589,422200263
9590,422200274
9591,422200292
9592,422200295
9593,422200299
9594,422200308
9595,422200322
9596,422200325
9597,422200337
9598,422200340
9599,422200343
9600,422200344
9601,422200345
9602,422200347
9603,422200350
9604,422200352
9605,422200353
9606,422200354
9607,422200356
9608,422200357
9609,422200365
9610,422200374
9611,422200389
9612,422200390
9613,422200393
9614,422200396
9615,422200401
9616,422200403
9617,422200405
9618,422200406
9619,422200415
9620,422200419
9621,422200427
9622,422200429
9623,422200432
9624,422200434
9625,422200445
9626,422200446
9627,422200448
9628,422200457
9629,422200461
9630,422200463
9631,422200475
9632,422200483
9633,422200487
9634,422200494
9635,422200496
9636,422200499
9637,422200502
9638,422200503
9639,422200511
9640,422200513
9641,422200517
9642,422200519
9643,422200523
9644,422200529
9645,422200541
9646,422200542
9647,422200553
9648,422200556
9649,422200560
9650,422200561
9651,422300001
9652,422300005
9653,422300017
9654,422300019
9655,422300023
9656,422300026
9657,422300027
9658,422300029
9659,422300031
9660,422300032
9661,422300033
9662,422300034
9663,422300036
9664,422300040
9665,422300042
9666,422300044
9667,422300045
9668,422300059
9669,422300064
9670,422300066
9671,422300071
9672,422300074
9673,422300081
9674,422300091
9675,422300094
9676,422300099
9677,422300102
9678,422300104
9679,422300105
9680,422300111
9681,422300113
9682,422300114
9683,422300117
9684,422300119
9685,422300123
9686,422300124
9687,422300132
9688,422300135
9689,422300139
9690,422300143
9691,422300145
9692,422300146
9693,422300147
9694,422300148
9695,422300150
9696,422300152
9697,422300155
9698,422300174
9699,422300176
9700,422300186
9701,422300198
9702,422300206
9703,422300208
9704,422300213
9705,422300214
9706,422300217
9707,422300221
9708,422300223
9709,422300225
9710,422300230
9711,422300233
9712,422300238
9713,422300241
9714,422300244
9715,422300257
9716,422300274
9717,422300288
9718,422300310
9719,422300311
9720,422300317
9721,422300320
9722,422300321
9723,422300325
9724,422300334
9725,422300339
9726,422300342
9727,422300346
9728,422300351
9729,422300352
9730,422300356
9731,422300360
9732,422300361
9733,422300362
9734,422300363
9735,422300373
9736,422300375
9737,422300378
9738,422300379
9739,422300385
9740,422300392
9741,422300396
9742,422300400
9743,422300405
9744,422300416
9745,422300423
9746,422300424
9747,422300426
9748,422300430
9749,422300432
9750,422300433
9751,422300435
9752,422400000
9753,422400001
9754,422400004
9755,422400012
9756,422400016
9757,422400024
9758,422400027
9759,422400041
9760,422400044
9761,422400048
9762,422400049
9763,422400053
9764,422400056
9765,422400064
9766,422400074
9767,422400077
9768,422400079
9769,422400082
9770,422400090
9771,422400094
9772,422400099
9773,422400100
9774,422400101
9775,422400104
9776,422400116
9777,422400118
9778,422400125
9779,422400130
9780,422400131
9781,422400137
9782,422400139
9783,422400142
9784,422400145
9785,422400150
9786,422400152
9787,422400155
9788,422400156
9789,422400160
9790,422400161
9791,422400164
9792,422400167
9793,422400170
9794,422400174
9795,422400180
9796,422400185
9797,422400186
9798,422400189
9799,422400197
9800,422400198
9801,422400199
9802,422400211
9803,422400225
9804,422400229
9805,422400232
9806,422400243
9807,422400244
9808,422400245
9809,422400250
9810,422400251
9811,422400254
9812,422400259
9813,422400260
9814,422400268
9815,422400270
9816,422400271
9817,422400274
9818,422400275
9819,422400281
9820,422400283
9821,422500002
9822,422500004
9823,422500010
9824,422500011
9825,422500022
9826,422500028
9827,422500031
9828,422500070
9829,422500071
9830,422500080
9831,422500088
9832,422500096
9833,422500100
9834,422500103
9835,422500107
9836,422500120
9837,422500121
9838,422500130
9839,422500135
9840,422500137
9841,422500141
9842,422500143
9843,422500145
9844,422500150
9845,422500167
9846,422500171
9847,422500172
9848,422500173
9849,422500177
9850,422500194
9851,422500202
9852,422500206
9853,422500219
9854,422500232
9855,422500233
9856,422500234
9857,422500239
9858,422500244
9859,422500250
9860,422500260
9861,422500269
9862,422500283
9863,422500284
9864,422500287
9865,422500289
9866,422500292
9867,422500294
9868,422500295
9869,422500299
9870,422500301
9871,422500315
9872,422500317
9873,422500347
9874,422500350
9875,422500354
9876,422500357
9877,422500373
9878,422500376
9879,422500377
9880,422500381
9881,422500386
9882,422500403
9883,422500412
9884,422500414
9885,422500418
9886,422500436
9887,422500450
9888,422500453
9889,422500466
9890,422500470
9891,422500482
9892,422500483
9893,422500487
9894,422500488
9895,422500489
9896,422500502
9897,422500508
9898,422500510
9899,422500511
9900,422600001
9901,422600014
9902,422600015
9903,422600018
9904,422600023
9905,422600024
9906,422600025
9907,422600027
9908,422600030
9909,422600031
9910,422600033
9911,422600038
9912,422600054
9913,422600057
9914,422600058
9915,422600061
9916,422600062
9917,422600069
9918,422600075
9919,422600082
9920,422600083
9921,422600085
9922,422600087
9923,422600096
9924,422600097
9925,422600100
9926,422600104
9927,422600105
9928,422600106
9929,422600110
9930,422600114
9931,422600116
9932,422600126
9933,422600127
9934,422600146
9935,422600147
9936,422600166
9937,422600170
9938,422600176
9939,422600186
9940,422600187
9941,422600191
9942,422600198
9943,422600202
9944,422600204
9945,422600210
9946,422600224
9947,422600232
9948,422600237
9949,422600241
9950,422600245
9951,422600247
9952,422600248
9953,422600253
9954,422600254
9955,422600257
9956,422600268
9957,422600273
9958,422600274
9959,422600276
9960,422600277
9961,422600287
9962,422600289
9963,422600297
9964,422600300
9965,422600316
9966,422600322
9967,422600346
9968,422600352
9969,422600360
9970,422600363
9971,422600369
9972,422600370
9973,422600371
9974,422600372
9975,422600373
9976,422600375
9977,422600376
9978,422600378
9979,422600394
9980,422600408
9981,422600412
9982,422600414
9983,422600440
9984,422600442
9985,422600448
9986,422600450
9987,422600462
9988,422600468
9989,422600478
9990,422600489
9991,422600502
9992,422600505
9993,422600506
9994,422600534
9995,422600539
9996,422600543
9997,422600547
9998,422600550
9999,422600554
10000,422600574
10001,422600577
10002,422600590
10003,422600595
10004,422600614
10005,422600617
10006,422600621
10007,422600624
10008,422600630
10009,422600635
10010,422600641
10011,422600653
10012,422700003
10013,422700009
10014,422700023
10015,422700025
10016,422700027
10017,422700031
10018,422700034
10019,422700048
10020,422700049
10021,422700057
10022,422700065
10023,422700069
10024,422700070
10025,422700074
10026,422700080
10027,422700084
10028,422700087
10029,422700088
10030,422700091
10031,422700092
10032,422700104
10033,422700121
10034,422700131
10035,422700136
10036,422700137
10037,422700142
10038,422700148
10039,422700164
10040,422700187
10041,422700189
10042,422700191
10043,422700203
10044,422700205
10045,422700211
10046,422700219
10047,422700228
10048,422700251
10049,422700259
10050,422700266
10051,422700270
10052,422700273
10053,422700274
10054,422700278
10055,422700289
10056,422700306
10057,422700311
10058,422700337
10059,422700346
10060,422700357
10061,422700366
10062,422700369
10063,422700374
10064,422700375
10065,422700376
10066,422700389
10067,422700395
10068,422700400
10069,422700401
10070,422700406
10071,422700411
10072,422700414
10073,422700415
10074,422700418
10075,422700420
10076,422700424
10077,422700429
10078,422700430
10079,422700432
10080,422700437
10081,422700440
10082,422700444
10083,422700447
10084,422700448
10085,422700451
10086,422700457
10087,422700459
10088,422700463
10089,422700465
10090,422700477
10091,422700480
10092,422700481
10093,422700483
10094,422700485
10095,422700487
10096,422700491
10097,422700508
10098,422700509
10099,422700513
10100,422700514
10101,422700515
10102,422700519
10103,422700520
10104,422700525
10105,422700528
10106,422700529
10107,422700530
10108,422700537
10109,422700539
10110,422700544
10111,422700545
10112,422700559
10113,422700561
10114,422700565
10115,422700568
10116,422700571
10117,422700576
10118,422700587
10119,422700588
10120,422700594
10121,422700606
10122,422700620
10123,422700624
10124,422700639
10125,422700642
10126,422700674
10127,422700686
10128,422700688
10129,422800005
10130,422800028
10131,422800029
10132,422800033
10133,422800034
10134,422800037
10135,422800047
10136,422800052
10137,422800057
10138,422800064
10139,422800072
10140,422800085
10141,422800090
10142,422800096
10143,422800100
10144,422800103
10145,422800112
10146,422800113
10147,422800115
10148,422800120
10149,422800127
10150,422800131
10151,422800134
10152,422800135
10153,422800145
10154,422800147
10155,422800162
10156,422800164
10157,422800166
10158,422800172
10159,422800192
10160,422800196
10161,422800202
10162,422800241
10163,422800243
10164,422800246
10165,422800251
10166,422800254
10167,422800257
10168,422800258
10169,422800265
10170,422800266
10171,422800275
10172,422800278
10173,422800288
10174,422800301
10175,422800303
10176,422800313
10177,422800321
10178,422800326
10179,422800329
10180,422800332
10181,422800345
10182,422800351
10183,422800379
10184,422800384
10185,422800385
10186,422800387
10187,422800388
10188,422800393
10189,422800400
10190,422800405
10191,422800423
10192,422800424
10193,422800426
10194,422800427
10195,422800428
10196,422800432
10197,422900028
10198,422900030
10199,422900042
10200,422900044
10201,422900046
10202,422900047
10203,422900048
10204,422900054
10205,422900055
10206,422900063
10207,422900064
10208,422900068
10209,422900069
10210,422900070
10211,422900073
10212,422900075
10213,422900076
10214,422900079
10215,422900080
10216,422900082
10217,422900084
10218,422900085
10219,422900095
10220,422900096
10221,422900100
10222,422900101
10223,422900103
10224,422900104
10225,422900105
10226,422900106
10227,422900107
10228,422900108
10229,422900111
10230,422900112
10231,422900117
10232,422900120
10233,422900123
10234,422900124
10235,422900125
10236,422900134
10237,422900140
10238,422900150
10239,422900163
10240,422900165
10241,422900174
10242,422900200
10243,422900213
10244,422900222
10245,422900225
10246,422900231
10247,422900236
10248,422900247
10249,422900254
10250,422900256
10251,422900262
10252,422900263
10253,422900264
10254,422900290
10255,422900302
10256,422900317
10257,422900323
10258,422900328
10259,422900346
10260,422900350
10261,422900360
10262,422900365
10263,422900375
10264,422900378
10265,422900404
10266,423000001
10267,423000008
10268,423000015
10269,423000023
10270,423000027
10271,423000030
10272,423000034
10273,423000037
10274,423000038
10275,423000040
10276,423000041
10277,423000045
10278,423000046
10279,423000047
10280,423000049
10281,423000051
10282,423000057
10283,423000059
10284,423000066
10285,423000070
10286,423000073
10287,423000074
10288,423000075
10289,423000077
10290,423000084
10291,423000085
10292,423000087
10293,423000090
10294,423000092
10295,423000094
10296,423000095
10297,423000097
10298,423000098
10299,423000099
10300,423000108
10301,423000110
10302,423000111
10303,423000114
10304,423000124
10305,423000125
10306,423000129
10307,423000135
10308,423000152
10309,423000156
10310,423000157
10311,423000166
10312,423000171
10313,423000173
10314,423000196
10315,423000197
10316,423000199
10317,423000201
10318,423000205
10319,423000206
10320,423000214
10321,423000222
10322,423000228
10323,423000232
10324,423000244
10325,423000246
10326,423000248
10327,423000252
10328,423000261
10329,423000263
10330,423000275
10331,423000299
10332,423000300
10333,423000312
10334,423000329
10335,423000373
10336,423000374
10337,423000378
10338,423000387
10339,423000388
10340,423000392
10341,423000396
10342,423000397
10343,423000398
10344,423000399
10345,423000401
10346,423000418
10347,423000419
10348,423000428
10349,423000432
10350,423000447
10351,423000466
10352,423000471
10353,423000472
10354,423000473
10355,423000478
10356,423000488
10357,423000506
10358,423000566
10359,423000571
10360,423000577
10361,423000589
10362,423000594
10363,423000597
10364,423000600
10365,423000605
10366,423000607
10367,423000615
10368,423000617
10369,423000623
10370,423000641
10371,423000643
10372,423100001
10373,423100002
10374,423100006
10375,423100007
10376,423100008
10377,423100013
10378,423100018
10379,423100021
10380,423100029
10381,423100039
10382,423100046
10383,423100053
10384,423100059
10385,423100066
10386,423100067
10387,423100070
10388,423100074
10389,423100097
10390,423100112
10391,423100126
10392,423100131
10393,423100134
10394,423100136
10395,423100139
10396,423100145
10397,423100167
10398,423100175
10399,423100193
10400,423100197
10401,423100218
10402,423100233
10403,423100257
10404,423100267
10405,423100268
10406,423100269
10407,423100272
10408,423100273
10409,423100274
10410,423100287
10411,423100312
10412,423100314
10413,423100324
10414,423100328
10415,423100329
10416,423100332
10417,423100335
10418,423100369
10419,423100370
10420,423100376
10421,423100378
10422,423100384
10423,423100387
10424,423100388
10425,423100393
10426,423100405
10427,423100420
10428,423200002
10429,423200005
10430,423200006
10431,423200007
10432,423200008
10433,423200020
10434,423200025
10435,423200027
10436,423200028
10437,423200029
10438,423200043
10439,423200046
10440,423200052
10441,423200062
10442,423200078
10443,423200087
10444,423200102
10445,423200115
10446,423200122
10447,423200130
10448,423200134
10449,423200141
10450,423200146
10451,423200158
10452,423200159
10453,423200167
10454,423200170
10455,423200172
10456,423200182
10457,423200190
10458,423200192
10459,423200193
10460,423200196
10461,423200200
10462,423200221
10463,423200224
10464,423200230
10465,423200232
10466,423200236
10467,423200241
10468,423200254
10469,423200270
10470,423200271
10471,423200277
10472,423200278
10473,423200279
10474,423200296
10475,423200300
10476,423200308
10477,423200329
10478,423200334
10479,423200340
10480,423200342
10481,423200343
10482,423200356
10483,423200362
10484,423200368
10485,423200386
10486,423200388
10487,423200399
10488,423200404
10489,423200413
10490,423200425
10491,423200429
10492,423200430
10493,423200434
10494,423200435
10495,423200442
10496,423200443
10497,423200463
10498,423200466
10499,423200467
10500,423200473
10501,423200474
10502,423200475
10503,423200486
10504,423200487
10505,423200496
10506,423300015
10507,423300039
10508,423300041
10509,423300045
10510,423300048
10511,423300049
10512,423300051
10513,423300053
10514,423300056
10515,423300069
10516,423300084
10517,423300085
10518,423300114
10519,423300125
10520,423300127
10521,423300128
10522,423300131
10523,423300142
10524,423300146
10525,423300159
10526,423300173
10527,423300174
10528,423300175
10529,423300177
10530,423300178
10531,423300185
10532,423300186
10533,423300191
10534,423300192
10535,423300194
10536,423300196
10537,423300198
10538,423300202
10539,423300206
10540,423300213
10541,423300218
10542,423300228
10543,423300229
10544,423300235
10545,423300241
10546,423300242
10547,423300244
10548,423300248
10549,423300254
10550,423300256
10551,423300271
10552,423300293
10553,423300299
10554,423300301
10555,423300334
10556,423300335
10557,423300348
10558,423300349
10559,423300352
10560,423300353
10561,423300359
10562,423300363
10563,423300368
10564,423300387
10565,423300393
10566,423300399
10567,423300403
10568,423300404
10569,423300409
10570,423300413
10571,423300424
10572,423300430
10573,423300442
10574,423300453
10575,423300456
10576,423300457
10577,423300462
10578,423300467
10579,423300468
10580,423300469
10581,423300474
10582,423300485
10583,423300486
10584,423400002
10585,423400005
10586,423400008
10587,423400010
10588,423400011
10589,423400012
10590,423400017
10591,423400021
10592,423400022
10593,423400023
10594,423400029
10595,423400031
10596,423400034
10597,423400037
10598,423400078
10599,423400087
10600,423400091
10601,423400093
10602,423400096
10603,423400101
10604,423400103
10605,423400108
10606,423400109
10607,423400112
10608,423400113
10609,423400125
10610,423400135
10611,423400139
10612,423400140
10613,423400142
10614,423400144
10615,423400145
10616,423400150
10617,423400151
10618,423400152
10619,423400154
10620,423400156
10621,423400158
10622,423400159
10623,423400167
10624,423400168
10625,423400171
10626,423400172
10627,423400174
10628,423400178
10629,423400180
10630,423400182
10631,423400185
10632,423400188
10633,423400194
10634,423400195
10635,423400206
10636,423400211
10637,423400212
10638,423400213
10639,423400215
10640,423400221
10641,423400233
10642,423400237
10643,423400238
10644,423400241
10645,423400247
10646,423400251
10647,423400255
10648,423400260
10649,423400269
10650,423400282
10651,423400291
10652,423400292
10653,423400294
10654,423400296
10655,423400316
10656,423400318
10657,423400319
10658,423400325
10659,423400332
10660,423400337
10661,423400347
10662,423400350
10663,423400351
10664,423400359
10665,423400360
10666,423400364
10667,423400378
10668,423400383
10669,423400384
10670,423400387
10671,423400388
10672,423400403
10673,423400409
10674,423400410
10675,423400415
10676,423400416
10677,423400419
10678,423400421
10679,423400427
10680,423400433
10681,423400435
10682,423400437
10683,423400443
10684,423400447
10685,423400448
10686,423400449
10687,423400452
10688,423400454
10689,423400457
10690,423400470
10691,423400473
10692,423400481
10693,423400485
10694,423400489
10695,423400495
10696,423400497
10697,423400498
10698,423400501
10699,423400502
10700,423400503
10701,423400510
10702,423400515
10703,423400517
10704,423400523
10705,423400531
10706,423400532
10707,423400537
10708,423400551
10709,423400556
10710,423400561
10711,423400563
10712,423400567
10713,423400569
10714,423400581
10715,423400585
10716,423400596
10717,423400609
10718,423400626
10719,423500017
10720,423500019
10721,423500023
10722,423500025
10723,423500032
10724,423500038
10725,423500045
10726,423500048
10727,423500062
10728,423500073
10729,423500081
10730,423500083
10731,423500090
10732,423500091
10733,423500102
10734,423500104
10735,423500109
10736,423500113
10737,423500125
10738,423500141
10739,423500147
10740,423500154
10741,423500167
10742,423500205
10743,423500210
10744,423500212
10745,423500213
10746,423500220
10747,423500224
10748,423500225
10749,423500227
10750,423500230
10751,423500231
10752,423500233
10753,423500235
10754,423500237
10755,423500251
10756,423500258
10757,423500270
10758,423500272
10759,423500274
10760,423500276
10761,423500278
10762,423500282
10763,423500291
10764,423600002
10765,423600005
10766,423600007
10767,423600008
10768,423600009
10769,423600012
10770,423600021
10771,423600037
10772,423600049
10773,423600052
10774,423600054
10775,423600060
10776,423600086
10777,423600092
10778,423600095
10779,423600100
10780,423600102
10781,423600103
10782,423600111
10783,423600112
10784,423600119
10785,423600138
10786,423600185
10787,423600198
10788,423600203
10789,423600219
10790,423600228
10791,423600236
10792,423600242
10793,423600290
10794,423600307
10795,423700001
10796,423700017
10797,423700020
10798,423700027
10799,423700029
10800,423700036
10801,423700040
10802,423700050
10803,423700052
10804,423700055
10805,423700059
10806,423700070
10807,423700071
10808,423700080
10809,423700083
10810,423700089
10811,423700090
10812,423700108
10813,423700111
10814,423700120
10815,423700121
10816,423700125
10817,423700128
10818,423700133
10819,423700136
10820,423700145
10821,423700146
10822,423700147
10823,423700153
10824,423700166
10825,423700174
10826,423700180
10827,423700181
10828,423700182
10829,423700183
10830,423700185
10831,423700187
10832,423700188
10833,423700193
10834,423700196
10835,423700197
10836,423700201
10837,423700218
10838,423700223
10839,423700237
10840,423700238
10841,423700243
10842,423700255
10843,423700256
10844,423700259
10845,423700264
10846,423700267
10847,423700268
10848,423700270
10849,423700271
10850,423700273
10851,423700274
10852,423700281
10853,423700282
10854,423700287
10855,423700290
10856,423700325
10857,423700336
10858,423700338
10859,423700339
10860,423700342
10861,423700343
10862,423700347
10863,423700349
10864,423700351
10865,423700352
10866,423700353
10867,423700355
10868,423700361
10869,423700364
10870,423700373
10871,423700382
10872,423700384
10873,423700385
10874,423700386
10875,423700387
10876,423700391
10877,423700395
10878,423700396
10879,423700398
10880,423700399
10881,423700402
10882,423700404
10883,423700406
10884,423700407
10885,423700411
10886,423700417
10887,423700424
10888,423700426
10889,423700427
10890,423700431
10891,423700435
10892,423700450
10893,423800000
10894,423800009
10895,423800010
10896,423800016
10897,423800036
10898,423800055
10899,423800069
10900,423800075
10901,423800091
10902,423800113
10903,423800119
10904,423800120
10905,423800121
10906,423800123
10907,423800125
10908,423800145
10909,423800146
10910,423800147
10911,423800149
10912,423800151
10913,423800155
10914,423800161
10915,423800164
10916,423800165
10917,423800168
10918,423800176
10919,423800178
10920,423800181
10921,423800185
10922,423800191
10923,423800193
10924,423800195
10925,423800196
10926,423800201
10927,423800202
10928,423800207
10929,423800211
10930,423800217
10931,423800218
10932,423800227
10933,423800230
10934,423800233
10935,423800239
10936,423800245
10937,423800246
10938,423800252
10939,423900005
10940,423900008
10941,423900010
10942,423900012
10943,423900013
10944,423900014
10945,423900017
10946,423900021
10947,423900034
10948,423900038
10949,423900046
10950,423900047
10951,423900048
10952,423900051
10953,423900057
10954,423900064
10955,423900068
10956,423900070
10957,423900080
10958,423900086
10959,423900093
10960,423900104
10961,423900105
10962,423900112
10963,423900115
10964,423900125
10965,423900130
10966,423900143
10967,423900145
10968,423900147
10969,423900148
10970,423900158
10971,423900160
10972,423900167
10973,423900172
10974,423900175
10975,423900180
10976,423900183
10977,423900205
10978,423900207
10979,423900225
10980,423900238
10981,423900300
10982,423900303
10983,423900311
10984,423900314
10985,423900316
10986,423900319
10987,423900320
10988,423900322
10989,423900323
10990,423900324
10991,423900325
10992,423900326
10993,423900328
10994,423900345
10995,423900346
10996,423900349
10997,423900350
10998,423900354
10999,423900355
11000,423900358
11001,423900362
11002,423900364
11003,423900365
11004,423900366
11005,423900367
11006,424000009
11007,424000010
11008,424000019
11009,424000027
11010,424000037
11011,424000039
11012,424000043
11013,424000046
11014,424000047
11015,424000048
11016,424000049
11017,424000057
11018,424000063
11019,424000072
11020,424000076
11021,424000085
11022,424000101
11023,424000115
11024,424000120
11025,424000121
11026,424000124
11027,424000129
11028,424000135
11029,424000147
11030,424000148
11031,424000159
11032,424000188
11033,424000190
11034,424000191
11035,424000192
11036,424000197
11037,424000199
11038,424000228
11039,424000230
11040,424000232
11041,424000239
11042,424000246
11043,424000247
11044,424000257
11045,424000258
11046,424000263
11047,424000264
11048,424000267
11049,424000268
11050,424000269
11051,424000271
11052,424000272
11053,424000278
11054,424000280
11055,424000291
11056,424000294
11057,424000299
11058,424000304
11059,424000307
11060,424000309
11061,424000310
11062,424000312
11063,424000313
11064,424000316
11065,424000319
11066,424000320
11067,424000322
11068,424000335
11069,424100001
11070,424100004
11071,424100010
11072,424100013
11073,424100015
11074,424100017
11075,424100019
11076,424100021
11077,424100022
11078,424100025
11079,424100026
11080,424100028
11081,424100029
11082,424100030
11083,424100031
11084,424100032
11085,424100034
11086,424100038
11087,424100039
11088,424100041
11089,424100044
11090,424100045
11091,424100049
11092,424100053
11093,424100054
11094,424100055
11095,424100060
11096,424100066
11097,424100068
11098,424100070
11099,424100074
11100,424100076
11101,424100077
11102,424100082
11103,424100085
11104,424100087
11105,424100094
11106,424100102
11107,424100103
11108,424100113
11109,424100121
11110,424100131
11111,424100142
11112,424100143
11113,424100148
11114,424100156
11115,424100163
11116,424100170
11117,424100174
11118,424100178
11119,424100181
11120,424100189
11121,424100190
11122,424100191
11123,424100199
11124,424100201
11125,424100211
11126,424100215
11127,424100254
11128,424100290
11129,424100293
11130,424100295
11131,424100310
11132,424100315
11133,424100318
11134,424100326
11135,424100328
11136,424100336
11137,424100337
11138,424100342
11139,424100345
11140,424100363
11141,424100365
11142,424100373
11143,424100376
11144,424100394
11145,424100396
11146,424100401
11147,424100404
11148,424100406
11149,424100407
11150,424100412
11151,424100424
11152,424100425
11153,424100442
11154,424100446
11155,424100447
11156,424100458
11157,424100470
11158,424100476
11159,424100479
11160,424100481
11161,424100488
11162,424100497
11163,424100498
11164,424100522
11165,424100525
11166,424100528
11167,424100538
11168,424100543
11169,424100549
11170,424100563
11171,424100564
11172,424100566
11173,424100581
11174,424100587
11175,424100615
11176,424100650
11177,424100662
11178,424100663
11179,424100672
11180,424100680
11181,424100683
11182,424100685
11183,424100689
11184,424100693
11185,424100694
11186,424100709
11187,424100723
11188,424100724
11189,424100725
11190,424100729
11191,424100731
11192,424100733
11193,424100734
11194,424100742
11195,424100745
11196,424100748
11197,424100749
11198,424100750
11199,424100753
11200,424100754
11201,424100755
11202,424100757
11203,424100761
11204,424100766
11205,424100768
11206,424100776
11207,424100777
11208,424100781
11209,424100783
11210,424100790
11211,424100796
11212,424100803
11213,424100805
11214,424100807
11215,424100819
11216,424100820
11217,424100826
11218,424100836
11219,424100842
11220,424200004
11221,424200019
11222,424200024
11223,424200025
11224,424200026
11225,424200041
11226,424200044
11227,424200051
11228,424200057
11229,424200061
11230,424200064
11231,424200070
11232,424200079
11233,424200080
11234,424200094
11235,424200114
11236,424200127
11237,424200128
11238,424200144
11239,424200162
11240,424200183
11241,424200185
11242,424200198
11243,424200200
11244,424200208
11245,424200215
11246,424200237
11247,424200254
11248,424300010
11249,424300012
11250,424300038
11251,424300053
11252,424300061
11253,424300077
11254,424300082
11255,424300083
11256,424300087
11257,424300088
11258,424300089
11259,424300092
11260,424300099
11261,424300109
11262,424300110
11263,424300115
11264,424300116
11265,424300128
11266,424300137
11267,424300144
11268,424300149
11269,424300150
11270,424300178
11271,424300182
11272,424300189
11273,424300190
11274,424300200
11275,424300204
11276,424300206
11277,424300207
11278,424300209
11279,424300213
11280,424300221
11281,424300222
11282,424300229
11283,424300230
11284,424300232
11285,424300240
11286,424300242
11287,424300251
11288,424300257
11289,424300259
11290,424300267
11291,424300269
11292,424300272
11293,424300273
11294,424300275
11295,424300276
11296,424300277
11297,424300279
11298,424300280
11299,424300281
11300,424300285
11301,424300289
11302,424300290
11303,424300291
11304,424300294
11305,424300296
11306,424300298
11307,424300299
11308,424300302
11309,424300303
11310,424300313
11311,424300314
11312,424300315
11313,424300317
11314,424300320
11315,424300322
11316,424300324
11317,424300329
11318,424300340
11319,424300344
11320,424300364
11321,424300373
11322,424300388
11323,424300399
11324,424300400
11325,424300421
11326,424300423
11327,424300433
11328,424300445
11329,424300463
11330,424300502
11331,424300505
11332,424300533
11333,424300561
11334,424300565
11335,424300595
11336,424300601
11337,424300617
11338,424300622
11339,424300625
11340,424300634
11341,424300640
11342,424300668
11343,424300680
11344,424300687
11345,424300689
11346,424300696
11347,424300701
11348,424300711
11349,424300714
11350,424300740
11351,424300745
11352,424400004
11353,424400007
11354,424400017
11355,424400018
11356,424400020
11357,424400022
11358,424400035
11359,424400042
11360,424400043
11361,424400044
11362,424400061
11363,424400070
11364,424400077
11365,424400083
11366,424400091
11367,424400135
11368,424400136
11369,424400174
11370,424400197
11371,424400252
11372,424400267
11373,424400280
11374,424400281
11375,424500004
11376,424500012
11377,424500015
11378,424500019
11379,424500021
11380,424500023
11381,424500024
11382,424500025
11383,424500035
11384,424500055
11385,424500057
11386,424500070
11387,424500071
11388,424500073
11389,424500078
11390,424500079
11391,424500089
11392,424500090
11393,424500100
11394,424500106
11395,424500107
11396,424500111
11397,424500112
11398,424500127
11399,424500137
11400,424500148
11401,424500167
11402,424500173
11403,424500203
11404,424500204
11405,424500217
11406,424500221
11407,424500233
11408,424500243
11409,424500284
11410,424500288
11411,424500314
11412,424600006
11413,424600065
11414,424600072
11415,424600077
11416,424600081
11417,424600083
11418,424600089
11419,424600098
11420,424600099
11421,424600103
11422,424600105
11423,424600107
11424,424600109
11425,424600114
11426,424600119
11427,424600124
11428,424600129
11429,424600134
11430,424600137
11431,424600153
11432,424600155
11433,424600158
11434,424600159
11435,424600161
11436,424600163
11437,424600168
11438,424600169
11439,424600171
11440,424600176
11441,424600195
11442,424600198
11443,424600209
11444,424600217
11445,424600224
11446,424600231
11447,424600232
11448,424600237
11449,424600244
11450,424600245
11451,424600255
11452,424600257
11453,424700001
11454,424700002
11455,424700012
11456,424700026
11457,424700031
11458,424700038
11459,424700044
11460,424700065
11461,424700070
11462,424700074
11463,424700080
11464,424700085
11465,424700089
11466,424700107
11467,424700113
11468,424700115
11469,424700123
11470,424700129
11471,424700134
11472,424700135
11473,424700137
11474,424700141
11475,424700149
11476,424700151
11477,424700170
11478,424700174
11479,424700175
11480,424700176
11481,424700179
11482,424700180
11483,424700181
11484,424700182
11485,424700184
11486,424700190
11487,424700192
11488,424700195
11489,424700197
11490,424700198
11491,424700214
11492,424700216
11493,424700219
11494,424700222
11495,424700236
11496,424700240
11497,424700243
11498,424700250
11499,424700254
11500,424700269
11501,424700270
11502,424700271
11503,424700273
11504,424700279
11505,424700280
11506,424700281
11507,424700287
11508,424700289
11509,424700292
11510,424700295
11511,424700302
11512,424700306
11513,424700307
11514,424700316
11515,424700319
11516,424700321
11517,424700323
11518,424700330
11519,424700333
11520,424700337
11521,424700350
11522,424700365
11523,424700374
11524,424700375
11525,424700381
11526,424700383
11527,424700387
11528,424700391
11529,424700393
11530,424700398
11531,424700400
11532,424700406
11533,424700414
11534,424700430
11535,424700433
11536,424700435
11537,424700436
11538,424700443
11539,424700444
11540,424700445
11541,424700451
11542,424700452
11543,424800000
11544,424800003
11545,424800011
11546,424800013
11547,424800054
11548,424800077
11549,424800081
11550,424800084
11551,424800088
11552,424800113
11553,424800120
11554,424800145
11555,424800147
11556,424800149
11557,424800153
11558,424800154
11559,424800184
11560,424800204
11561,424800210
11562,424800219
11563,424800223
11564,424800226
11565,424800230
11566,424900000
11567,424900007
11568,424900020
11569,424900021
11570,424900028
11571,424900034
11572,424900056
11573,424900058
11574,424900069
11575,424900071
11576,424900082
11577,424900089
11578,424900092
11579,424900095
11580,424900121
11581,424900134
11582,424900139
11583,424900140
11584,424900143
11585,424900154
11586,424900160
11587,424900163
11588,424900166
11589,424900179
11590,424900181
11591,424900183
11592,424900185
11593,424900191
11594,424900192
11595,424900198
11596,424900206
11597,424900207
11598,424900208
11599,424900216
11600,424900218
11601,424900219
11602,424900238
11603,424900240
11604,424900248
11605,424900250
11606,425000001
11607,425000002
11608,425000007
11609,425000013
11610,425000018
11611,425000019
11612,425000022
11613,425000031
11614,425000036
11615,425000037
11616,425000038
11617,425000043
11618,425000044
11619,425000045
11620,425000047
11621,425000067
11622,425000078
11623,425000081
11624,425000082
11625,425000086
11626,425000093
11627,425000100
11628,425000128
11629,425000132
11630,425000135
11631,425000142
11632,425000154
11633,425000156
11634,425000159
11635,425000186
11636,425000194
11637,425000202
11638,425000238
11639,425000245
11640,425000252
11641,425000259
11642,425000265
11643,425000266
11644,425000275
11645,425000276
11646,425000278
11647,425000280
11648,425000285
11649,425000299
11650,425000300
11651,425000301
11652,425000303
11653,425000304
11654,425000310
11655,425000322
11656,425000327
11657,425000358
11658,425000361
11659,425000362
11660,425000363
11661,425000365
11662,425000366
11663,425000367
11664,425000376
11665,425000384
11666,425000388
11667,425000396
11668,425000400
11669,425000404
11670,425000406
11671,425000410
11672,425000424
11673,425000438
11674,425100013
11675,425100016
11676,425100017
11677,425100057
11678,425100059
11679,425100066
11680,425100077
11681,425100097
11682,425100111
11683,425100114
11684,425100119
11685,425100122
11686,425100133
11687,425100137
11688,425100142
11689,425100144
11690,425100155
11691,425100156
11692,425100167
11693,425100170
11694,425100175
11695,425100192
11696,425100204
11697,425100209
11698,425100212
11699,425100228
11700,425100229
11701,425100230
11702,425100237
11703,425100238
11704,425100264
11705,425100265
11706,425100268
11707,425100272
11708,425100297
11709,425100303
11710,425100317
11711,425100323
11712,425100326
11713,425100344
11714,425100346
11715,425100349
11716,425100357
11717,425100358
11718,425100364
11719,425100370
11720,425100372
11721,425100376
11722,425200000
11723,425200003
11724,425200004
11725,425200013
11726,425200019
11727,425200027
11728,425200029
11729,425200030
11730,425200035
11731,425200036
11732,425200038
11733,425200041
11734,425200044
11735,425200047
11736,425200060
11737,425200062
11738,425200076
11739,425200084
11740,425200085
11741,425200095
11742,425200110
11743,425200111
11744,425200112
11745,425200113
11746,425200123
11747,425200133
11748,425200136
11749,425200146
11750,425200155
11751,425200198
11752,425200205
11753,425200207
11754,425200222
11755,425200232
11756,425200237
11757,425200242
11758,425200247
11759,425200252
11760,425200266
11761,425200281
11762,425200282
11763,425200283
11764,425200296
11765,425200297
11766,425200302
11767,425200304
11768,425200311
11769,425200314
11770,425200319
11771,425200325
11772,425200332
11773,425200335
11774,425200337
11775,425200339
11776,425200343
11777,425300010
11778,425300012
11779,425300014
11780,425300018
11781,425300020
11782,425300028
11783,425300034
11784,425300035
11785,425300041
11786,425300043
11787,425300047
11788,425300053
11789,425300057
11790,425300060
11791,425300063
11792,425300067
11793,425300068
11794,425300069
11795,425300072
11796,425300075
11797,425300082
11798,425300083
11799,425300089
11800,425300090
11801,425300100
11802,425300102
11803,425300103
11804,425300109
11805,425300111
11806,425300119
11807,425300142
11808,425300146
11809,425300148
11810,425300150
11811,425300152
11812,425300161
11813,425300163
11814,425300166
11815,425300170
11816,425300171
11817,425300175
11818,425300181
11819,425300182
11820,425300183
11821,425300198
11822,425300199
11823,425300203
11824,425300210
11825,425300227
11826,425300230
11827,425300235
11828,425300238
11829,425300240
11830,425300242
11831,425300245
11832,425300246
11833,425300248
11834,425300250
11835,425300253
11836,425300254
11837,425300256
11838,425300257
11839,425300263
11840,425300265
11841,425300267
11842,425300268
11843,425300272
11844,425300273
11845,425300274
11846,425300275
11847,425300278
11848,425300281
11849,425300283
11850,425300286
11851,425300288
11852,425300291
11853,425300293
11854,425300295
11855,425300296
11856,425300297
11857,425300298
11858,425300302
11859,425300304
11860,425300305
11861,425300306
11862,425300308
11863,425300310
11864,425300311
11865,425300312
11866,425300313
11867,425300322
11868,425300325
11869,425300328
11870,425300329
11871,425300330
11872,425300336
11873,425300340
11874,425300341
11875,425300342
11876,425300351
11877,425300359
11878,425300361
11879,425300362
11880,425300364
11881,425300368
11882,425300370
11883,425300374
11884,425400008
11885,425400009
11886,425400020
11887,425400033
11888,425400037
11889,425400038
11890,425400049
11891,425400088
11892,425400097
11893,425400099
11894,425400103
11895,425400105
11896,425400106
11897,425400114
11898,425400115
11899,425400116
11900,425400121
11901,425400124
11902,425400126
11903,425400128
11904,425400129
11905,425400137
11906,425400139
11907,425400142
11908,425400143
11909,425400144
11910,425400145
11911,425400148
11912,425400152
11913,425400156
11914,425400160
11915,425400164
11916,425400166
11917,425400167
11918,425400168
11919,425400170
11920,425400172
11921,425400174
11922,425400206
11923,425400231
11924,425400237
11925,425400238
11926,425400274
11927,425400278
11928,425400328
11929,425400334
11930,425400335
11931,425400338
11932,425400341
11933,425400342
11934,425400344
11935,425400345
11936,425400350
11937,425400352
11938,425400357
11939,425400361
11940,425400362
11941,425400366
11942,425400368
11943,425400373
11944,425400377
11945,425400380
11946,425400385
11947,425400387
11948,425400396
11949,425500011
11950,425500040
11951,425500062
11952,425500084
11953,425500097
11954,425500102
11955,425500103
11956,425500105
11957,425500108
11958,425500109
11959,425500110
11960,425500114
11961,425500115
11962,425500116
11963,425500118
11964,425500119
11965,425500120
11966,425500124
11967,425500127
11968,425500129
11969,425500132
11970,425500133
11971,425500134
11972,425500144
11973,425500148
11974,425500161
11975,425500164
11976,425500173
11977,425500178
11978,425500179
11979,425500180
11980,425500186
11981,425500198
11982,425500206
11983,425500213
11984,425500215
11985,425500219
11986,425500227
11987,425500228
11988,425500232
11989,425500245
11990,425500249
11991,425500253
11992,425500254
11993,425500267
11994,425500303
11995,425500307
11996,425500308
11997,425500314
11998,425500317
11999,425500324
12000,425500330
12001,425500348
12002,425500367
12003,425500374
12004,425500384
12005,425500396
12006,425500401
12007,425500403
12008,425500410
12009,425500414
12010,425500420
12011,425500424
12012,425500454
12013,425500474
12014,425500482
12015,425500487
12016,425500492
12017,425600000
12018,425600011
12019,425600012
12020,425600015
12021,425600039
12022,425600066
12023,425600071
12024,425600072
12025,425600074
12026,425600093
12027,425600104
12028,425600106
12029,425600119
12030,425600120
12031,425600127
12032,425600128
12033,425600140
12034,425600169
12035,425600174
12036,425600182
12037,425600184
12038,425600190
12039,425600192
12040,425600193
12041,425600194
12042,425600206
12043,425600207
12044,425600212
12045,425600223
12046,425600224
12047,425600225
12048,425600233
12049,425600238
12050,425600239
12051,425700002
12052,425700004
12053,425700005
12054,425700006
12055,425700010
12056,425700012
12057,425700031
12058,425700038
12059,425700039
12060,425700047
12061,425700048
12062,425700052
12063,425700058
12064,425700061
12065,425700066
12066,425700069
12067,425700070
12068,425700080
12069,425700088
12070,425700089
12071,425700096
12072,425700101
12073,425700104
12074,425700107
12075,425700139
12076,425700146
12077,425700149
12078,425700150
12079,425700161
12080,425700164
12081,425700172
12082,425700177
12083,425700179
12084,425700181
12085,425700183
12086,425700195
12087,425700223
12088,425700232
12089,425700234
12090,425700241
12091,425700254
12092,425700255
12093,425700259
12094,425700263
12095,425700265
12096,425700266
12097,425700268
12098,425700269
12099,425700273
12100,425700274
12101,425700276
12102,425700279
12103,425700280
12104,425700282
12105,425700286
12106,425700291
12107,425700300
12108,425700301
12109,425700304
12110,425700305
12111,425700311
12112,425700312
12113,425700317
12114,425700321
12115,425700324
12116,425700328
12117,425700342
12118,425700344
12119,425700352
12120,425700355
12121,425700356
12122,425700358
12123,425700359
12124,425700370
12125,425700376
12126,425700384
12127,425700389
12128,425700393
12129,425700396
12130,425700397
12131,425700407
12132,425700408
12133,425700427
12134,425700430
12135,425700443
12136,425700451
12137,425700453
12138,425700456
12139,425700457
12140,425700458
12141,425700461
12142,425700463
12143,425700466
12144,425700472
12145,425700482
12146,425700483
12147,425700495
12148,425800005
12149,425800022
12150,425800024
12151,425800044
12152,425800045
12153,425800051
12154,425800060
12155,425800062
12156,425800068
12157,425800074
12158,425800080
12159,425800082
12160,425800084
12161,425800091
12162,425800092
12163,425800101
12164,425800103
12165,425800105
12166,425800108
12167,425800126
12168,425800136
12169,425800141
12170,425800142
12171,425800144
12172,425800171
12173,425800175
12174,425800189
12175,425800199
12176,425800229
12177,425800230
12178,425800238
12179,425800240
12180,425800251
12181,425800266
12182,425800268
12183,425800275
12184,425800280
12185,425800281
12186,425800291
12187,425800298
12188,425900011
12189,425900013
12190,425900033
12191,425900034
12192,425900039
12193,425900040
12194,425900048
12195,425900063
12196,425900095
12197,425900109
12198,425900114
12199,425900120
12200,425900121
12201,425900122
12202,425900133
12203,425900147
12204,425900163
12205,425900168
12206,425900183
12207,425900184
12208,425900186
12209,425900192
12210,425900193
12211,425900194
12212,425900195
12213,425900197
12214,425900206
12215,425900209
12216,425900211
12217,425900214
12218,425900215
12219,425900216
12220,425900218
12221,425900225
12222,425900235
12223,425900237
12224,425900238
12225,425900240
12226,425900242
12227,425900243
12228,425900257
12229,425900268
12230,425900271
12231,425900276
12232,425900282
12233,425900285
12234,426000004
12235,426000005
12236,426000006
12237,426000011
12238,426000012
12239,426000023
12240,426000030
12241,426000036
12242,426000038
12243,426000040
12244,426000042
12245,426000044
12246,426000070
12247,426000073
12248,426000075
12249,426000079
12250,426000090
12251,426000117
12252,426000119
12253,426000122
12254,426000131
12255,426000138
12256,426000139
12257,426000141
12258,426000142
12259,426000143
12260,426000144
12261,426000145
12262,426000147
12263,426000149
12264,426000151
12265,426000154
12266,426000157
12267,426000159
12268,426000161
12269,426000162
12270,426000166
12271,426000167
12272,426000168
12273,426000169
12274,426000170
12275,426000172
12276,426000173
12277,426000174
12278,426000176
12279,426000178
12280,426000179
12281,426000181
12282,426000182
12283,426000183
12284,426000184
12285,426000185
12286,426000192
12287,426000194
12288,426000195
12289,426000196
12290,426000201
12291,426000202
12292,426000203
12293,426000211
12294,426000213
12295,426000216
12296,426000222
12297,426000223
12298,426000225
12299,426000227
12300,426000234
12301,426000237
12302,426000238
12303,426000261
12304,426000268
12305,426000270
12306,426000274
12307,426000288
12308,426000293
12309,426000300
12310,426000301
12311,426000303
12312,426000306
12313,426000308
12314,426000310
12315,426000313
12316,426000314
12317,426000315
12318,426000325
12319,426000326
12320,426000330
12321,426000337
12322,426000338
12323,426000340
12324,426000341
12325,426000347
12326,426000351
12327,426000354
12328,426000356
12329,426000357
12330,426000362
12331,426000363
12332,426000364
12333,426000366
12334,426000371
12335,426000379
12336,426000383
12337,426000388
12338,426000389
12339,426000392
12340,426000393
12341,426000396
12342,426000398
12343,426000404
12344,426000407
12345,426000412
12346,426000418
12347,426000434
12348,426000440
12349,426000442
12350,426000445
12351,426000448
12352,426000449
12353,426000452
12354,426000453
12355,426000460
12356,426000464
12357,426000472
12358,426000474
12359,426000478
12360,426000493
12361,426000516
12362,426000517
12363,426000518
12364,426000519
12365,426000521
12366,426000539
12367,426000551
12368,426000552
12369,426000557
12370,426000561
12371,426000562
12372,426000567
12373,426000568
12374,426000576
12375,426100001
12376,426100002
12377,426100004
12378,426100005
12379,426100009
12380,426100026
12381,426100036
12382,426100042
12383,426100043
12384,426100053
12385,426100057
12386,426100065
12387,426100077
12388,426100083
12389,426100090
12390,426100098
12391,426100101
12392,426100107
12393,426100118
12394,426100124
12395,426100134
12396,426100141
12397,426100261
12398,426100313
12399,426100316
12400,426100343
12401,426200000
12402,426200003
12403,426200017
12404,426200025
12405,426200029
12406,426200038
12407,426200041
12408,426200043
12409,426200067
12410,426200068
12411,426200072
12412,426200073
12413,426200075
12414,426200079
12415,426200088
12416,426200093
12417,426200098
12418,426200106
12419,426200108
12420,426200114
12421,426200119
12422,426200121
12423,426200132
12424,426200158
12425,426200160
12426,426200162
12427,426200174
12428,426200178
12429,426200180
12430,426200181
12431,426200183
12432,426200190
12433,426200193
12434,426200196
12435,426200214
12436,426200215
12437,426200216
12438,426200227
12439,426200236
12440,426200242
12441,426200268
12442,426200297
12443,426200300
12444,426200301
12445,426200308
12446,426200309
12447,426200310
12448,426200314
12449,426200316
12450,426200330
12451,426200331
12452,426300001
12453,426300005
12454,426300010
12455,426300011
12456,426300013
12457,426300014
12458,426300016
12459,426300024
12460,426300034
12461,426300039
12462,426300040
12463,426300048
12464,426300065
12465,426300072
12466,426300078
12467,426300084
12468,426300090
12469,426300099
12470,426300116
12471,426300125
12472,426300128
12473,426300138
12474,426300142
12475,426300149
12476,426300151
12477,426300152
12478,426300155
12479,426300157
12480,426300169
12481,426300177
12482,426300186
12483,426300191
12484,426300203
12485,426300204
12486,426300210
12487,426300222
12488,426300233
12489,426300243
12490,426300246
12491,426300247
12492,426300253
12493,426300254
12494,426300258
12495,426300262
12496,426300263
12497,426300269
12498,426400001
12499,426400004
12500,426400005
12501,426400009
12502,426400011
12503,426400014
12504,426400015
12505,426400017
12506,426400020
12507,426400025
12508,426400027
12509,426400028
12510,426400030
12511,426400035
12512,426400045
12513,426400057
12514,426400058
12515,426400065
12516,426400068
12517,426400070
12518,426400075
12519,426400084
12520,426400085
12521,426400087
12522,426400095
12523,426400114
12524,426400115
12525,426400116
12526,426400122
12527,426400124
12528,426400126
12529,426400128
12530,426400138
12531,426400167
12532,426400169
12533,426400175
12534,426400182
12535,426400183
12536,426400200
12537,426400213
12538,426400214
12539,426400231
12540,426400234
12541,426400239
12542,426400241
12543,426400256
12544,426400259
12545,426400260
12546,426400287
12547,426400288
12548,426400294
12549,426400308
12550,426400313
12551,426400341
12552,426400343
12553,426400357
12554,426400362
12555,426400366
12556,426400368
12557,426400369
12558,426400371
12559,426400375
12560,426400426
12561,426400428
12562,426500020
12563,426500038
12564,426500074
12565,426500101
12566,426500123
12567,426500153
12568,426500162
12569,426500168
12570,426500172
12571,426500174
12572,426500175
12573,426500176
12574,426500178
12575,426500194
12576,426500196
12577,426500201
12578,426500208
12579,426500220
12580,426500222
12581,426500225
12582,426500452
