cluster_idx,event_id
1,324600016
2,324800003
3,324800010
4,325000009
5,325000014
6,325000015
7,325000019
8,325000022
9,325000024
10,325000025
11,325000030
12,325000031
13,325000036
14,325000039
15,325000040
16,325000042
17,325000043
18,325000044
19,325000046
20,325000047
21,325000050
22,325000052
23,325000053
24,325000054
25,325000055
26,325000059
27,325000070
28,325000079
29,325000082
30,325000083
31,325000088
32,325000096
33,325000099
34,325000101
35,325000108
36,325000110
37,325000114
38,325000115
39,325000121
40,325000123
41,325000158
42,325000168
43,325000169
44,325000170
45,325000171
46,325000174
47,325000179
48,325000180
49,325000182
50,325000186
51,325000188
52,325000193
53,325000196
54,325000200
55,325100006
56,325200000
57,325200006
58,325300021
59,325300028
60,325300031
61,325300035
62,325300040
63,325300042
64,325300103
65,325500037
66,325500052
67,325500061
68,325500089
69,325600000
70,325600019
71,325600023
72,325600026
73,325600029
74,325600045
75,325600077
76,325800095
77,325800099
78,325800118
79,325800122
80,325800128
81,325800136
82,325800147
83,325800163
84,325800173
85,325800177
86,325800236
87,325900013
88,325900033
89,325900050
90,325900078
91,325900084
92,325900085
93,325900086
94,325900089
95,326100014
96,326500004
97,326600006
98,326600008
99,326600010
100,326600011
101,326600012
102,326600029
103,326600032
104,326800095
105,327000065
106,327100041
107,327100045
108,327200032
109,327200033
110,327400001
111,327400003
112,327400014
113,327400290
114,327500030
115,327500058
116,327500059
117,327500060
118,327500083
119,327500102
120,327500104
121,327500107
122,327500109
123,327500112
124,327500120
125,327500122
126,327500129
127,327500155
128,327500164
129,327500170
130,327500171
131,327500175
132,327500176
133,327500178
134,327500183
135,327500192
136,327500195
137,327500199
138,327500201
139,327500205
140,327500209
141,327500210
142,327500216
143,327500218
144,327500224
145,327500226
146,327500229
147,327500230
148,327500242
149,327600001
150,327600014
151,327600016
152,327600020
153,327600027
154,327600035
155,327600044
156,327600051
157,327600053
158,327600057
159,327600060
160,327600077
161,327600091
162,327700004
163,327700005
164,327700011
165,327800013
166,328100007
167,328300000
168,328400001
169,328600027
170,328600034
171,328600042
172,328600045
173,328600047
174,328600050
175,328600072
176,328700014
177,328700016
178,328700022
179,328700036
180,328700039
181,328700062
182,328700063
183,328700067
184,328700075
185,328800023
186,328800029
187,328800066
188,328900012
189,328900047
190,328900076
191,329000007
192,329000008
193,329000017
194,329000038
195,329000050
196,329000058
197,329000060
198,329100000
199,329100058
200,329100074
201,329100101
202,329200037
203,329200038
204,329200043
205,329200050
206,329200051
207,329200061
208,329200085
209,329200096
210,329200098
211,329200117
212,329200124
213,329200137
214,329200142
215,329200148
216,329300019
217,329300025
218,329300032
219,329300037
220,329300041
221,329300045
222,329300046
223,329300050
224,329300054
225,329300055
226,329300056
227,329300057
228,329300058
229,329300105
230,329300111
231,329400012
232,329400036
233,329400038
234,329600011
235,329700004
236,329700005
237,329700008
238,329700009
239,329700022
240,329700023
241,329700027
242,329700057
243,329700060
244,329700065
245,329700072
246,329800010
247,329800011
248,329800041
249,329900031
250,329900033
251,329900034
252,329900046
253,329900051
254,329900059
255,329900064
256,329900086
257,329900102
258,329900147
259,330100002
260,330100007
261,330100024
262,330100026
263,330100044
264,330100097
265,330100108
266,330100130
267,330100131
268,330100138
269,330100140
270,330100162
271,330100165
272,330100178
273,330100230
274,330100239
275,330100240
276,330200012
277,330200013
278,330200084
279,330200090
280,330200098
281,330300002
282,330300027
283,330300043
284,330300106
285,330300123
286,330300125
287,330300134
288,330300135
289,330300137
290,330300140
291,330300145
292,330300156
293,330300159
294,330300169
295,330300171
296,330300174
297,330300245
298,330400008
299,330400009
300,330400018
301,330400019
302,330400048
303,330400051
304,330400063
305,330400092
306,330400094
307,330400097
308,330400122
309,330400124
310,330400131
311,330400134
312,330400137
313,330400156
314,330500013
315,330500048
316,330600004
317,330600015
318,330600020
319,330600024
320,330600025
321,330600026
322,330600039
323,330600046
324,330600072
325,330700027
326,330700035
327,330700039
328,330700052
329,330800003
330,330800006
331,330800011
332,330800013
333,330900046
334,330900060
335,331000048
336,331000054
337,331000149
338,331000156
339,331000166
340,331000170
341,331000177
342,331000182
343,331000184
344,331000211
345,331000214
346,331000216
347,331000229
348,331000264
349,331000279
350,331000280
351,331000297
352,331000331
353,331000341
354,331000377
355,331000388
356,331000389
357,331000396
358,331100004
359,331100017
360,331100025
361,331100027
362,331100030
363,331100034
364,331100041
365,331100054
366,331100056
367,331100058
368,331100059
369,331100068
370,331100069
371,331100074
372,331100079
373,331100085
374,331100088
375,331100092
376,331100094
377,331100095
378,331100098
379,331100105
380,331100132
381,331100137
382,331200003
383,331300001
384,331300020
385,331300021
386,331300044
387,331400030
388,331400034
389,331500001
390,331500012
391,331500018
392,331500038
393,331500055
394,331600007
395,331600008
396,331600011
397,331600012
398,331600013
399,331600018
400,331600025
401,331700000
402,331700002
403,331700004
404,331700023
405,331700034
406,331700039
407,331700040
408,331700045
409,331700104
410,331700110
411,331700115
412,331700126
413,331700144
414,331800013
415,331800018
416,331900010
417,332000008
418,332000016
419,332000022
420,332100037
421,332100046
422,332100062
423,332100069
424,332200002
425,332500011
426,332500014
427,332700025
428,332800002
429,332800016
430,332900012
431,332900014
432,332900018
433,332900019
434,332900024
435,332900027
436,332900039
437,333000003
438,333100117
439,333700007
440,333700023
441,333700026
442,333900001
443,333900019
444,333900034
445,334200009
446,334300017
447,334900084
448,334900089
449,335000053
450,335200022
451,335200026
452,335200029
453,335300040
454,335300059
455,335300108
456,335300119
457,335300131
458,335400002
459,335400008
460,335400009
461,335400015
462,335500011
463,335500019
464,335500033
465,335500039
466,335500042
467,335500058
468,335500061
469,335600003
470,335600188
471,335600202
472,335600206
473,335600210
474,335600211
475,335600221
476,335700009
477,335700021
478,335700023
479,335700048
480,335700049
481,335700054
482,335700090
483,335700093
484,335700100
485,335700101
486,335700110
487,335700113
488,335700120
489,335700125
490,335700129
491,335700135
492,335800002
493,335800010
494,335800011
495,335800016
496,335800021
497,335800023
498,336000041
499,336100008
500,336300001
501,336300014
502,336300019
503,336300029
504,336500030
505,400300014
506,400500036
507,400600011
508,400600024
509,400600025
510,400600033
511,400600057
512,400600060
513,400600087
514,400800062
515,400800081
516,400800089
517,400800091
518,400800174
519,400800175
520,400900010
521,400900023
522,400900054
523,401000001
524,401000009
525,401000010
526,401000015
527,401000024
528,401000026
529,401000028
530,401000029
531,401000030
532,401000039
533,401000046
534,401200004
535,401200017
536,401200020
537,401200021
538,401200028
539,401200029
540,401200053
541,401300004
542,401300019
543,401300027
544,401600012
545,401700007
546,401700013
547,401700021
548,401700028
549,401700029
550,401800056
551,401900203
552,401900209
553,401900214
554,401900217
555,401900218
556,401900231
557,402000017
558,402000036
559,402100007
560,402100066
561,402100079
562,402200009
563,402200015
564,402200019
565,402200021
566,402200031
567,402200132
568,402200136
569,402200137
570,402200156
571,402200178
572,402500012
573,402500045
574,402500082
575,402500084
576,402500087
577,402500089
578,402500093
579,402500094
580,402500096
581,402500115
582,402600016
583,402700027
584,402700036
585,402700051
586,402900011
587,403000017
588,403000019
589,403000023
590,403000026
591,403000033
592,403000034
593,403000037
594,403000048
595,403000113
596,403100003
597,403100013
598,403100014
599,403100035
600,406100016
601,406100027
602,406100029
603,406100040
604,406100059
605,406200066
606,406200090
607,406300000
608,406300019
609,406300024
610,406300028
611,406300066
612,406300086
613,406400002
614,406400006
615,406400090
616,406400098
617,406500009
618,406500028
619,406500058
620,406500061
621,406600022
622,406600030
623,406600065
624,406700001
625,406700008
626,406700011
627,406700035
628,406700042
629,406700049
630,406700050
631,406700052
632,406700055
633,406800028
634,406800034
635,406800035
636,406800037
637,406800040
638,406800059
639,406800077
640,406800138
641,406900006
642,406900007
643,406900014
644,406900035
645,406900036
646,406900037
647,406900040
648,406900047
649,406900048
650,406900049
651,406900051
652,406900053
653,406900057
654,406900073
655,406900078
656,406900080
657,406900082
658,406900083
659,406900096
660,406900098
661,406900099
662,407000005
663,407000017
664,407000020
665,407000023
666,408000072
667,408700044
668,408700063
669,408700066
670,408700067
671,408700068
672,408700069
673,408700075
674,408700078
675,408700080
676,408700085
677,408700087
678,408700093
679,408700102
680,408800007
681,408800024
682,408800032
683,408800033
684,408800034
685,408800035
686,408800039
687,408800058
688,408800061
689,408800062
690,408900014
691,408900019
692,408900022
693,408900026
694,408900027
695,408900028
696,408900029
697,408900046
698,408900059
699,408900100
700,408900113
701,408900117
702,408900131
703,408900134
704,408900135
705,408900137
706,409000001
707,409000309
708,409000351
709,409000365
710,409000405
711,409000407
712,409000408
713,409000431
714,409000434
715,409000435
716,409000437
717,409000443
718,409000444
719,409000449
720,409000450
721,409000453
722,409000454
723,409000462
724,409000463
725,409000469
726,409100009
727,409100010
728,409100021
729,409100042
730,409100051
731,409100062
732,409100063
733,409100070
734,409100080
735,409100085
736,409100092
737,409100099
738,409100106
739,409100107
740,409100120
741,409200050
742,409200064
743,409200070
744,409200073
745,409200089
746,409200092
747,409200096
748,409200100
749,409200102
750,409200118
751,409200138
752,409200146
753,409200150
754,409200151
755,409200157
756,409200158
757,409200162
758,409200167
759,409200172
760,409200185
761,409200192
762,409200215
763,409200218
764,409200224
765,409200228
766,409200232
767,409200235
768,409300002
769,409300004
770,409300005
771,409300007
772,409300008
773,409300009
774,409300020
775,409300038
776,409300046
777,409300048
778,409300049
779,409300050
780,409300051
781,409300052
782,409300058
783,409300059
784,409300069
785,409300071
786,409300075
787,409300094
788,409300136
789,409300192
790,409400045
791,409400050
792,409400055
793,409400057
794,409400073
795,409400075
796,409400085
797,409500001
798,409500005
799,409500011
800,409500016
801,409500018
802,409500026
803,409500029
804,409500039
805,409500053
806,409500059
807,409500065
808,409500078
809,409500084
810,409500085
811,409500094
812,409500098
813,409500099
814,409500106
815,409500107
816,409500109
817,409500116
818,409500117
819,409500118
820,409500123
821,409500126
822,409500127
823,409500129
824,409500135
825,409500137
826,409500138
827,409500148
828,409500150
829,409500151
830,409500155
831,409500160
832,409500161
833,409500163
834,409500175
835,409500176
836,409500185
837,409500193
838,409500194
839,409500196
840,409500198
841,409500199
842,409500207
843,409500216
844,409500220
845,409500225
846,409500226
847,409500227
848,409500228
849,409500232
850,409500233
851,409500236
852,409500237
853,409500238
854,409500242
855,409500244
856,409500257
857,409500260
858,409500263
859,409500266
860,409500268
861,409500270
862,409500275
863,409500276
864,409500278
865,409500282
866,409500286
867,409500288
868,409500290
869,409500296
870,409500298
871,409500299
872,409500303
873,409500310
874,409500312
875,409500316
876,409500322
877,409500324
878,409500326
879,409500331
880,409500335
881,409500349
882,409500351
883,409500360
884,409500362
885,409500364
886,409500379
887,409500388
888,409600016
889,409600023
890,409600030
891,409600032
892,409600064
893,409600078
894,409600079
895,409600084
896,409600085
897,409600090
898,409600100
899,409600105
900,409600107
901,409600109
902,409600111
903,409600114
904,409600120
905,409600123
906,409600124
907,409600129
908,409600145
909,409600149
910,409600150
911,409600154
912,409700022
913,409700042
914,409700060
915,409700072
916,409700074
917,409700079
918,409700081
919,409800012
920,409800016
921,409800030
922,409800033
923,409800035
924,409800040
925,409800053
926,409800056
927,409900025
928,409900028
929,409900039
930,409900040
931,409900042
932,409900048
933,409900049
934,409900050
935,409900057
936,409900067
937,409900080
938,409900115
939,409900117
940,409900124
941,409900150
942,410000003
943,410000007
944,410000010
945,410000014
946,410000036
947,410000037
948,410000045
949,410000046
950,410000049
951,410000056
952,410000073
953,410000081
954,410000092
955,410000101
956,410000116
957,410000140
958,410000156
959,410000177
960,410000191
961,410000192
962,410000197
963,410000200
964,410000202
965,410000204
966,410000210
967,410000213
968,410000214
969,410000216
970,410000217
971,410000219
972,410000223
973,410000226
974,410000227
975,410000236
976,410000237
977,410000244
978,410000245
979,410000246
980,410000247
981,410000249
982,410000251
983,410000252
984,410000254
985,410000257
986,410000264
987,410000267
988,410000274
989,410000284
990,410000288
991,410000290
992,410000308
993,410000309
994,410000311
995,410000312
996,410000324
997,410000331
998,410000333
999,410100011
1000,410100025
1001,410100049
1002,410100089
1003,410100096
1004,410100100
1005,410100107
1006,410100110
1007,410100111
1008,410100114
1009,410100116
1010,410100125
1011,410100128
1012,410100133
1013,410100135
1014,410100137
1015,410100140
1016,410100141
1017,410100142
1018,410100149
1019,410100152
1020,410100167
1021,410100168
1022,410100169
1023,410100173
1024,410100175
1025,410100178
1026,410100180
1027,410100182
1028,410100197
1029,410200015
1030,410200018
1031,410200020
1032,410200029
1033,410200032
1034,410200050
1035,410200064
1036,410200073
1037,410300003
1038,410300015
1039,410300016
1040,410300023
1041,410300031
1042,410300058
1043,410300061
1044,410300066
1045,410300067
1046,410300068
1047,410300070
1048,410300071
1049,410300083
1050,410300098
1051,410300117
1052,410300122
1053,410300124
1054,410300127
1055,410300128
1056,410300129
1057,410300137
1058,410300144
1059,410400013
1060,410400014
1061,410400018
1062,410400032
1063,410400079
1064,410400083
1065,410400100
1066,410400104
1067,410400105
1068,410400107
1069,410400110
1070,410400111
1071,410400123
1072,410400126
1073,410400130
1074,410400135
1075,410500001
1076,410500031
1077,410500042
1078,410500051
1079,410500061
1080,410500062
1081,410500065
1082,410500069
1083,410500075
1084,410500077
1085,410500079
1086,410500081
1087,410500082
1088,410500090
1089,410500092
1090,410500094
1091,410500105
1092,410500108
1093,410500112
1094,410500117
1095,410500121
1096,410500124
1097,410500132
1098,410500135
1099,410500145
1100,410500147
1101,410500165
1102,410500166
1103,410500168
1104,410500176
1105,410500179
1106,410500193
1107,410500194
1108,410500199
1109,410500200
1110,410500204
1111,410500217
1112,410500221
1113,410500225
1114,410500240
1115,410500242
1116,410500257
1117,410500260
1118,410500261
1119,410500263
1120,410500264
1121,410500266
1122,410500271
1123,410500279
1124,410500299
1125,410500303
1126,410500333
1127,410500341
1128,410500363
1129,410500369
1130,410500376
1131,410600003
1132,410600022
1133,410600026
1134,410600029
1135,410600071
1136,410600097
1137,410600142
1138,410600147
1139,410600167
1140,410600196
1141,410600198
1142,410600199
1143,410600221
1144,410600229
1145,410600234
1146,410600239
1147,410600252
1148,410600254
1149,410600257
1150,410600259
1151,410600261
1152,410600262
1153,410600284
1154,410600299
1155,410600300
1156,410600306
1157,410600309
1158,410600311
1159,410600317
1160,410600322
1161,410600323
1162,410700020
1163,410700023
1164,410700026
1165,410700031
1166,410700040
1167,410700045
1168,410700056
1169,410700057
1170,410700058
1171,410700059
1172,410700060
1173,410700067
1174,410700068
1175,410700094
1176,410700117
1177,410700118
1178,410700119
1179,410700128
1180,410700143
1181,410700152
1182,410700158
1183,410700167
1184,410700181
1185,410700190
1186,410700198
1187,410700199
1188,410700204
1189,410700207
1190,410700240
1191,410700242
1192,410700243
1193,410700244
1194,410700250
1195,410700251
1196,410700252
1197,410700256
1198,410700261
1199,410700267
1200,410700271
1201,410700277
1202,410700281
1203,410700284
1204,410700290
1205,410700291
1206,410700297
1207,410700305
1208,410700327
1209,410700331
1210,410700332
1211,410700334
1212,410700337
1213,410700341
1214,410700342
1215,410700345
1216,410700348
1217,410700349
1218,410700350
1219,410700352
1220,410700355
1221,410700378
1222,410700382
1223,410700387
1224,410700393
1225,410700396
1226,410700404
1227,410700410
1228,410700415
1229,410700420
1230,410700426
1231,410700429
1232,410700432
1233,410700438
1234,410700445
1235,410700446
1236,410700447
1237,410700450
1238,410700451
1239,410700468
1240,410700472
1241,410700479
1242,410700483
1243,410700492
1244,410700494
1245,410700499
1246,410700504
1247,410700513
1248,410700514
1249,410700516
1250,410700517
1251,410700522
1252,410700533
1253,410700539
1254,410800017
1255,410800033
1256,410800035
1257,410800038
1258,410800039
1259,410800045
1260,410800046
1261,410800048
1262,410800049
1263,410800050
1264,410800053
1265,410800058
1266,410800066
1267,410800076
1268,410800077
1269,410800081
1270,410800087
1271,410800090
1272,410800092
1273,410800094
1274,410800113
1275,410800133
1276,410800139
1277,410800140
1278,410800149
1279,410900007
1280,410900017
1281,410900035
1282,410900040
1283,410900053
1284,410900055
1285,410900059
1286,410900068
1287,410900072
1288,410900075
1289,410900078
1290,410900079
1291,410900081
1292,410900083
1293,410900085
1294,410900086
1295,410900088
1296,410900093
1297,410900095
1298,410900104
1299,410900107
1300,410900113
1301,410900116
1302,410900117
1303,410900118
1304,410900121
1305,410900124
1306,410900125
1307,410900126
1308,410900127
1309,410900138
1310,410900140
1311,410900141
1312,410900142
1313,410900147
1314,410900152
1315,410900154
1316,410900170
1317,410900186
1318,410900187
1319,410900190
1320,410900192
1321,410900193
1322,410900194
1323,410900202
1324,410900203
1325,410900219
1326,411000001
1327,411000002
1328,411000003
1329,411000011
1330,411000015
1331,411000024
1332,411000033
1333,411000041
1334,411000051
1335,411000053
1336,411000068
1337,411000070
1338,411000075
1339,411000078
1340,411000081
1341,411000092
1342,411000095
1343,411000098
1344,411000099
1345,411000102
1346,411000106
1347,411000107
1348,411000138
1349,411000143
1350,411000145
1351,411000151
1352,411000155
1353,411000165
1354,411000166
1355,411000172
1356,411000205
1357,411000206
1358,411000207
1359,411000217
1360,411000218
1361,411000222
1362,411000227
1363,411000230
1364,411000267
1365,411100007
1366,411100018
1367,411100032
1368,411100041
1369,411100045
1370,411100049
1371,411100061
1372,411100062
1373,411100070
1374,411100072
1375,411100075
1376,411100077
1377,411100080
1378,411100087
1379,411100089
1380,411100093
1381,411100094
1382,411100097
1383,411100098
1384,411100106
1385,411100122
1386,411100126
1387,411200019
1388,411200021
1389,411200022
1390,411200026
1391,411200028
1392,411200029
1393,411200035
1394,411200038
1395,411200042
1396,411200049
1397,411200056
1398,411200057
1399,411200062
1400,411200064
1401,411200066
1402,411200067
1403,411200069
1404,411200070
1405,411200113
1406,411200116
1407,411200118
1408,411200119
1409,411200139
1410,411200140
1411,411200147
1412,411200154
1413,411200156
1414,411200167
1415,411200169
1416,411200176
1417,411200179
1418,411200180
1419,411200181
1420,411200184
1421,411200185
1422,411200232
1423,411200234
1424,411200236
1425,411200237
1426,411200239
1427,411200248
1428,411200265
1429,411200282
1430,411200299
1431,411200307
1432,411200311
1433,411200312
1434,411200314
1435,411200319
1436,411200321
1437,411200322
1438,411200330
1439,411300002
1440,411300017
1441,411300018
1442,411300028
1443,411300029
1444,411300035
1445,411300053
1446,411300065
1447,411300066
1448,411300070
1449,411300077
1450,411300080
1451,411300082
1452,411300084
1453,411300100
1454,411300124
1455,411300126
1456,411300128
1457,411300129
1458,411300132
1459,411300133
1460,411300135
1461,411300138
1462,411300140
1463,411300142
1464,411300143
1465,411300144
1466,411300146
1467,411300147
1468,411300153
1469,411300157
1470,411300159
1471,411300161
1472,411300163
1473,411300166
1474,411300175
1475,411300176
1476,411300178
1477,411300179
1478,411300181
1479,411300182
1480,411300183
1481,411300184
1482,411300185
1483,411300187
1484,411300188
1485,411300190
1486,411300191
1487,411300213
1488,411300223
1489,411400008
1490,411400013
1491,411400014
1492,411400015
1493,411400021
1494,411400026
1495,411400037
1496,411400038
1497,411400039
1498,411400045
1499,411400050
1500,411400051
1501,411400053
1502,411400055
1503,411400058
1504,411400060
1505,411400062
1506,411400066
1507,411400071
1508,411400076
1509,411400077
1510,411400079
1511,411400086
1512,411400087
1513,411400088
1514,411400090
1515,411400091
1516,411400099
1517,411400100
1518,411400102
1519,411400103
1520,411400107
1521,411400110
1522,411400112
1523,411400115
1524,411400116
1525,411400121
1526,411400123
1527,411400124
1528,411400127
1529,411400132
1530,411400133
1531,411400134
1532,411400138
1533,411400139
1534,411400151
1535,411400154
1536,411400157
1537,411400158
1538,411400160
1539,411400164
1540,411400175
1541,411400184
1542,411400191
1543,411400209
1544,411400212
1545,411400218
1546,411400223
1547,411400225
1548,411400228
1549,411400252
1550,411400253
1551,411400263
1552,411400271
1553,411400283
1554,411400284
1555,411400287
1556,411400310
1557,411400315
1558,411400320
1559,411400321
1560,411400326
1561,411400331
1562,411400333
1563,411400335
1564,411400337
1565,411400339
1566,411400352
1567,411400355
1568,411400356
1569,411400357
1570,411400361
1571,411400364
1572,411400366
1573,411400372
1574,411400374
1575,411400381
1576,411500006
1577,411500014
1578,411500016
1579,411500019
1580,411500028
1581,411500029
1582,411500030
1583,411500033
1584,411500038
1585,411500076
1586,411500077
1587,411500078
1588,411500083
1589,411500086
1590,411500088
1591,411500089
1592,411500090
1593,411500094
1594,411500114
1595,411500117
1596,411500126
1597,411500130
1598,411500134
1599,411500136
1600,411500137
1601,411500148
1602,411500153
1603,411500154
1604,411500157
1605,411500159
1606,411500160
1607,411500161
1608,411500171
1609,411500176
1610,411500177
1611,411500179
1612,411500181
1613,411500182
1614,411500186
1615,411500187
1616,411500189
1617,411500191
1618,411500192
1619,411500194
1620,411500195
1621,411500198
1622,411500203
1623,411500204
1624,411500210
1625,411500211
1626,411500215
1627,411500216
1628,411500219
1629,411500220
1630,411500227
1631,411500229
1632,411500231
1633,411500239
1634,411500240
1635,411500250
1636,411500255
1637,411500265
1638,411500286
1639,411500298
1640,411500319
1641,411500321
1642,411500323
1643,411500330
1644,411500340
1645,411500356
1646,411500365
1647,411500380
1648,411500382
1649,411500391
1650,411500398
1651,411500421
1652,411500424
1653,411500425
1654,411500441
1655,411500446
1656,411500466
1657,411500470
1658,411500476
1659,411500478
1660,411600001
1661,411600003
1662,411600004
1663,411600005
1664,411600011
1665,411600014
1666,411600016
1667,411600024
1668,411600034
1669,411600048
1670,411600064
1671,411600066
1672,411600073
1673,411600082
1674,411600095
1675,411600098
1676,411600099
1677,411600113
1678,411600116
1679,411600127
1680,411600129
1681,411600133
1682,411600140
1683,411600146
1684,411600156
1685,411600163
1686,411600164
1687,411600167
1688,411600175
1689,411600176
1690,411700001
1691,411700027
1692,411700029
1693,411700032
1694,411700037
1695,411700045
1696,411700046
1697,411700053
1698,411700054
1699,411700059
1700,411700061
1701,411700062
1702,411700069
1703,411700073
1704,411700080
1705,411700084
1706,411700092
1707,411700095
1708,411700107
1709,411700118
1710,411700120
1711,411700121
1712,411700123
1713,411700124
1714,411700131
1715,411700133
1716,411700155
1717,411800000
1718,411800001
1719,411800005
1720,411800010
1721,411800024
1722,411800038
1723,411800057
1724,411800058
1725,411800070
1726,411800078
1727,411800084
1728,411800090
1729,411800102
1730,411800109
1731,411800113
1732,411800114
1733,411800126
1734,411800132
1735,411800136
1736,411800146
1737,411800147
1738,411800159
1739,411800168
1740,411800173
1741,411800186
1742,411800196
1743,411800205
1744,411800211
1745,411800214
1746,411800226
1747,411800233
1748,411800248
1749,411800250
1750,411800259
1751,411800269
1752,411800271
1753,411800274
1754,411800290
1755,411900024
1756,411900029
1757,411900030
1758,411900033
1759,411900036
1760,411900037
1761,411900046
1762,411900047
1763,411900048
1764,411900049
1765,411900054
1766,411900058
1767,411900068
1768,411900071
1769,411900072
1770,411900074
1771,411900087
1772,411900094
1773,411900096
1774,411900098
1775,411900106
1776,411900107
1777,411900117
1778,411900125
1779,411900130
1780,411900134
1781,411900154
1782,411900160
1783,411900161
1784,411900167
1785,411900173
1786,411900182
1787,411900189
1788,411900197
1789,411900200
1790,411900205
1791,411900214
1792,411900215
1793,411900216
1794,411900217
1795,411900225
1796,411900232
1797,411900234
1798,411900235
1799,411900237
1800,411900240
1801,411900243
1802,411900245
1803,411900248
1804,411900255
1805,411900257
1806,411900260
1807,411900271
1808,411900272
1809,411900273
1810,411900279
1811,411900284
1812,411900285
1813,411900286
1814,411900289
1815,411900292
1816,411900295
1817,411900297
1818,411900304
1819,411900311
1820,411900312
1821,411900318
1822,411900320
1823,411900325
1824,411900327
1825,411900328
1826,411900330
1827,411900348
1828,411900357
1829,411900362
1830,411900363
1831,411900368
1832,411900371
1833,411900375
1834,411900377
1835,411900385
1836,411900387
1837,411900396
1838,411900397
1839,411900398
1840,411900399
1841,411900400
1842,411900404
1843,411900413
1844,411900419
1845,411900425
1846,411900426
1847,411900429
1848,411900433
1849,411900441
1850,411900449
1851,411900450
1852,411900463
1853,411900465
1854,411900490
1855,411900492
1856,411900497
1857,411900503
1858,411900516
1859,411900528
1860,411900536
1861,411900537
1862,411900538
1863,411900540
1864,411900542
1865,411900544
1866,411900545
1867,411900547
1868,411900551
1869,411900552
1870,411900554
1871,411900558
1872,411900565
1873,411900568
1874,411900572
1875,411900574
1876,411900575
1877,411900579
1878,411900582
1879,411900588
1880,411900592
1881,411900597
1882,411900600
1883,411900601
1884,411900604
1885,411900605
1886,411900617
1887,411900621
1888,411900630
1889,411900632
1890,411900640
1891,411900643
1892,411900647
1893,411900649
1894,411900670
1895,411900677
1896,412000000
1897,412000006
1898,412000010
1899,412000020
1900,412000022
1901,412000025
1902,412000032
1903,412000036
1904,412000042
1905,412000053
1906,412000054
1907,412000056
1908,412000060
1909,412000069
1910,412000087
1911,412000093
1912,412000098
1913,412000102
1914,412000110
1915,412000112
1916,412000113
1917,412000120
1918,412000126
1919,412000142
1920,412000146
1921,412000167
1922,412000174
1923,412000175
1924,412000183
1925,412000200
1926,412000208
1927,412000209
1928,412000214
1929,412000216
1930,412000242
1931,412000245
1932,412000260
1933,412000273
1934,412000276
1935,412000277
1936,412000283
1937,412000285
1938,412000293
1939,412000299
1940,412000302
1941,412000305
1942,412000308
1943,412000311
1944,412000314
1945,412000316
1946,412000318
1947,412000319
1948,412000321
1949,412000330
1950,412000334
1951,412000338
1952,412000341
1953,412000359
1954,412000370
1955,412000383
1956,412000386
1957,412000387
1958,412000393
1959,412000397
1960,412000410
1961,412000418
1962,412000420
1963,412000428
1964,412000439
1965,412000443
1966,412000447
1967,412000453
1968,412000466
1969,412000469
1970,412000470
1971,412000473
1972,412000475
1973,412000482
1974,412000507
1975,412000522
1976,412000531
1977,412000535
1978,412000540
1979,412000543
1980,412000544
1981,412000546
1982,412000548
1983,412000553
1984,412000556
1985,412000561
1986,412100010
1987,412100012
1988,412100013
1989,412100016
1990,412100017
1991,412100021
1992,412100028
1993,412100029
1994,412100041
1995,412100043
1996,412100048
1997,412100052
1998,412100056
1999,412100073
2000,412100080
2001,412100093
2002,412100103
2003,412100104
2004,412100176
2005,412200018
2006,412200024
2007,412200039
2008,412200055
2009,412200068
2010,412200109
2011,412300001
2012,412300009
2013,412300013
2014,412300016
2015,412300034
2016,412300060
2017,412300083
2018,412300089
2019,412300092
2020,412300105
2021,412300107
2022,412300117
2023,412300118
2024,412300123
2025,412400012
2026,412400034
2027,412400035
2028,412400039
2029,412400040
2030,412400048
2031,412400050
2032,412400064
2033,412400066
2034,412400067
2035,412400074
2036,412400075
2037,412400083
2038,412400092
2039,412400093
2040,412400096
2041,412400107
2042,412400108
2043,412400112
2044,412400114
2045,412400121
2046,412400124
2047,412500004
2048,412500007
2049,412500009
2050,412500011
2051,412500017
2052,412500053
2053,412500057
2054,412500058
2055,412500061
2056,412500065
2057,412500069
2058,412500075
2059,412500084
2060,412500098
2061,412500104
2062,412500110
2063,412600011
2064,412600015
2065,412600029
2066,412600041
2067,412600042
2068,412600051
2069,412600057
2070,412600058
2071,412600059
2072,412600061
2073,412600062
2074,412600069
2075,412600071
2076,412600074
2077,412600078
2078,412600085
2079,412600087
2080,412600088
2081,412600089
2082,412600093
2083,412600097
2084,412600100
2085,412600101
2086,412600111
2087,412600112
2088,412600113
2089,412600115
2090,412600119
2091,412600126
2092,412600132
2093,412600133
2094,412600134
2095,412600136
2096,412600137
2097,412600140
2098,412600151
2099,412600152
2100,412600156
2101,412600158
2102,412600161
2103,412600162
2104,412600167
2105,412600168
2106,412600169
2107,412600175
2108,412600177
2109,412600182
2110,412600191
2111,412600194
2112,412600202
2113,412600205
2114,412600217
2115,412600221
2116,412600230
2117,412600231
2118,412600238
2119,412600241
2120,412600244
2121,412600251
2122,412600263
2123,412600266
2124,412600274
2125,412600277
2126,412600285
2127,412600286
2128,412600287
2129,412600291
2130,412600292
2131,412600294
2132,412600298
2133,412600299
2134,412600309
2135,412600310
2136,412600311
2137,412600312
2138,412600319
2139,412600330
2140,412600334
2141,412600337
2142,412600341
2143,412600346
2144,412600354
2145,412600355
2146,412600356
2147,412600358
2148,412600366
2149,412600368
2150,412600371
2151,412600385
2152,412600390
2153,412600402
2154,412600404
2155,412600407
2156,412600411
2157,412600415
2158,412600416
2159,412600421
2160,412600422
2161,412600427
2162,412600441
2163,412600444
2164,412600448
2165,412600452
2166,412600453
2167,412600455
2168,412600458
2169,412600477
2170,412600491
2171,412600494
2172,412600500
2173,412600505
2174,412600512
2175,412600526
2176,412600536
2177,412600541
2178,412600549
2179,412600554
2180,412600558
2181,412600559
2182,412600568
2183,412600572
2184,412600583
2185,412600585
2186,412600600
2187,412600607
2188,412600617
2189,412600624
2190,412600626
2191,412600630
2192,412600632
2193,412600641
2194,412600684
2195,412600686
2196,412600693
2197,412600699
2198,412600703
2199,412600721
2200,412700001
2201,412700008
2202,412700009
2203,412700010
2204,412700016
2205,412700046
2206,412700047
2207,412700069
2208,412700076
2209,412700097
2210,412700105
2211,412700113
2212,412700124
2213,412700138
2214,412700140
2215,412700143
2216,412700148
2217,412700159
2218,412800040
2219,412800041
2220,412800063
2221,412800079
2222,412800091
2223,412800099
2224,412800109
2225,412800118
2226,412800128
2227,412800130
2228,412800140
2229,412800145
2230,412800187
2231,412800196
2232,412800200
2233,412800208
2234,412800211
2235,412800212
2236,412800215
2237,412800222
2238,412800223
2239,412800232
2240,412800295
2241,412800301
2242,412800304
2243,412800309
2244,412900013
2245,412900045
2246,412900054
2247,412900061
2248,412900062
2249,412900063
2250,412900065
2251,412900083
2252,412900091
2253,412900100
2254,412900113
2255,412900122
2256,412900126
2257,412900133
2258,412900134
2259,412900135
2260,412900141
2261,412900143
2262,412900147
2263,412900149
2264,412900150
2265,412900157
2266,412900164
2267,412900165
2268,412900168
2269,412900169
2270,412900172
2271,412900175
2272,412900176
2273,412900192
2274,412900193
2275,412900194
2276,412900198
2277,412900199
2278,412900215
2279,412900217
2280,412900218
2281,412900221
2282,412900222
2283,412900229
2284,412900257
2285,412900267
2286,412900268
2287,412900274
2288,412900286
2289,412900293
2290,412900298
2291,412900313
2292,412900322
2293,412900326
2294,412900331
2295,412900336
2296,412900337
2297,412900339
2298,412900340
2299,412900348
2300,412900351
2301,412900362
2302,413000009
2303,413000018
2304,413000040
2305,413000066
2306,413000096
2307,413000101
2308,413000102
2309,413000111
2310,413000114
2311,413100004
2312,413100007
2313,413100023
2314,413100051
2315,413100054
2316,413100070
2317,413100076
2318,413100078
2319,413100084
2320,413100103
2321,413100110
2322,413100113
2323,413100116
2324,413100140
2325,413100143
2326,413100147
2327,413100149
2328,413100150
2329,413100152
2330,413100155
2331,413100156
2332,413100161
2333,413100162
2334,413100165
2335,413100172
2336,413100173
2337,413100174
2338,413100182
2339,413100186
2340,413100187
2341,413100190
2342,413100212
2343,413100213
2344,413100220
2345,413100225
2346,413100226
2347,413100236
2348,413100237
2349,413100240
2350,413100241
2351,413100242
2352,413100246
2353,413100247
2354,413100249
2355,413100253
2356,413100254
2357,413100255
2358,413100268
2359,413100270
2360,413100273
2361,413100278
2362,413100279
2363,413100280
2364,413100284
2365,413100287
2366,413100306
2367,413200003
2368,413200008
2369,413200010
2370,413200020
2371,413200035
2372,413200038
2373,413200059
2374,413200097
2375,413200100
2376,413200101
2377,413200104
2378,413200109
2379,413200112
2380,413200122
2381,413200127
2382,413200130
2383,413200138
2384,413200139
2385,413200140
2386,413200143
2387,413200148
2388,413200161
2389,413200164
2390,413200188
2391,413200194
2392,413200195
2393,413200198
2394,413200210
2395,413200217
2396,413200219
2397,413200242
2398,413200243
2399,413200246
2400,413200259
2401,413200262
2402,413200271
2403,413200277
2404,413200298
2405,413200313
2406,413200315
2407,413200323
2408,413200324
2409,413200325
2410,413200326
2411,413200329
2412,413200343
2413,413200346
2414,413200363
2415,413200386
2416,413200391
2417,413200395
2418,413200397
2419,413200401
2420,413200415
2421,413200436
2422,413200438
2423,413200452
2424,413200453
2425,413300006
2426,413300011
2427,413300018
2428,413300023
2429,413300027
2430,413300028
2431,413300030
2432,413300037
2433,413300039
2434,413300041
2435,413300042
2436,413300048
2437,413300049
2438,413300050
2439,413300054
2440,413300060
2441,413300062
2442,413300063
2443,413300076
2444,413300106
2445,413300120
2446,413300125
2447,413300192
2448,413300193
2449,413300195
2450,413400001
2451,413400006
2452,413400013
2453,413400021
2454,413400022
2455,413400026
2456,413400029
2457,413400035
2458,413400036
2459,413400038
2460,413400043
2461,413400058
2462,413400084
2463,413400085
2464,413400086
2465,413400089
2466,413400097
2467,413400117
2468,413400130
2469,413400134
2470,413400139
2471,413400142
2472,413400176
2473,413400181
2474,413400184
2475,413400187
2476,413400189
2477,413400190
2478,413400198
2479,413500005
2480,413500032
2481,413500035
2482,413500038
2483,413500049
2484,413500053
2485,413500064
2486,413500066
2487,413500069
2488,413500072
2489,413500074
2490,413500075
2491,413500076
2492,413500077
2493,413500079
2494,413500084
2495,413500085
2496,413500087
2497,413500092
2498,413500096
2499,413500103
2500,413500118
2501,413500119
2502,413500127
2503,413500132
2504,413600002
2505,413600003
2506,413600015
2507,413600020
2508,413600022
2509,413600024
2510,413600042
2511,413600055
2512,413600066
2513,413600077
2514,413600082
2515,413600087
2516,413600089
2517,413600093
2518,413600097
2519,413600105
2520,413600109
2521,413600116
2522,413600118
2523,413600123
2524,413600125
2525,413600127
2526,413600155
2527,413600159
2528,413700012
2529,413700013
2530,413700020
2531,413700023
2532,413700025
2533,413700029
2534,413700035
2535,413700049
2536,413700054
2537,413700055
2538,413700058
2539,413700064
2540,413700068
2541,413700069
2542,413700071
2543,413700072
2544,413700074
2545,413700085
2546,413700086
2547,413700090
2548,413700097
2549,413700107
2550,413700109
2551,413700110
2552,413700112
2553,413700125
2554,413700128
2555,413700132
2556,413700137
2557,413700141
2558,413700143
2559,413700145
2560,413700151
2561,413700158
2562,413800004
2563,413800009
2564,413800013
2565,413800018
2566,413800024
2567,413800033
2568,413800042
2569,413800054
2570,413800060
2571,413800065
2572,413800066
2573,413800068
2574,413800079
2575,413800081
2576,413800091
2577,413800105
2578,413800107
2579,413800117
2580,413800122
2581,413800125
2582,413800126
2583,413800127
2584,413800129
2585,413800131
2586,413800135
2587,413800141
2588,413800144
2589,413800147
2590,413800149
2591,413800151
2592,413800155
2593,413800156
2594,413800159
2595,413800170
2596,413800176
2597,413800190
2598,413800198
2599,413800202
2600,413900001
2601,413900006
2602,413900009
2603,413900010
2604,413900015
2605,413900019
2606,413900020
2607,413900022
2608,413900024
2609,413900026
2610,413900036
2611,413900056
2612,413900060
2613,413900061
2614,413900062
2615,413900069
2616,413900074
2617,413900084
2618,413900087
2619,413900090
2620,413900099
2621,413900104
2622,413900108
2623,413900119
2624,413900123
2625,413900125
2626,413900131
2627,413900135
2628,413900136
2629,413900138
2630,413900145
2631,413900146
2632,413900153
2633,413900159
2634,413900165
2635,413900166
2636,413900168
2637,413900201
2638,413900204
2639,413900206
2640,414000004
2641,414000006
2642,414000007
2643,414000024
2644,414000040
2645,414000041
2646,414000044
2647,414000045
2648,414000048
2649,414000050
2650,414000053
2651,414000059
2652,414000074
2653,414000098
2654,414000106
2655,414000109
2656,414000117
2657,414000120
2658,414000122
2659,414000125
2660,414000129
2661,414000131
2662,414000132
2663,414000133
2664,414000135
2665,414000137
2666,414000139
2667,414000140
2668,414000143
2669,414000144
2670,414000146
2671,414000148
2672,414000151
2673,414000153
2674,414000154
2675,414000158
2676,414000160
2677,414000163
2678,414000168
2679,414000171
2680,414000172
2681,414000173
2682,414000175
2683,414000177
2684,414000179
2685,414000185
2686,414000186
2687,414000189
2688,414000190
2689,414000192
2690,414000193
2691,414000194
2692,414000195
2693,414000198
2694,414000199
2695,414000201
2696,414000202
2697,414000207
2698,414000208
2699,414000210
2700,414000212
2701,414000213
2702,414000219
2703,414000222
2704,414000226
2705,414000232
2706,414000234
2707,414000240
2708,414000241
2709,414000247
2710,414000248
2711,414000261
2712,414000262
2713,414000264
2714,414000266
2715,414000267
2716,414000269
2717,414000271
2718,414000273
2719,414000274
2720,414000275
2721,414000278
2722,414000279
2723,414000281
2724,414000285
2725,414000286
2726,414000287
2727,414000289
2728,414000291
2729,414000295
2730,414000296
2731,414000304
2732,414000308
2733,414000309
2734,414000311
2735,414000312
2736,414000314
2737,414000315
2738,414000316
2739,414000317
2740,414000321
2741,414000322
2742,414000329
2743,414000336
2744,414000337
2745,414000341
2746,414000345
2747,414000354
2748,414000358
2749,414000362
2750,414000367
2751,414000371
2752,414000373
2753,414000375
2754,414000384
2755,414000386
2756,414000397
2757,414000404
2758,414000405
2759,414000406
2760,414000409
2761,414000416
2762,414000418
2763,414000419
2764,414000420
2765,414000426
2766,414000447
2767,414000451
2768,414000453
2769,414000459
2770,414000460
2771,414000462
2772,414000464
2773,414000467
2774,414000469
2775,414000471
2776,414100001
2777,414100004
2778,414100007
2779,414100031
2780,414100038
2781,414100049
2782,414100051
2783,414100055
2784,414100059
2785,414100064
2786,414100066
2787,414100067
2788,414100070
2789,414100072
2790,414100080
2791,414100083
2792,414100085
2793,414100087
2794,414100112
2795,414100113
2796,414100116
2797,414100128
2798,414100130
2799,414100131
2800,414100132
2801,414100134
2802,414100135
2803,414100138
2804,414100143
2805,414100148
2806,414100152
2807,414100163
2808,414100173
2809,414100176
2810,414100188
2811,414100196
2812,414100200
2813,414100214
2814,414100238
2815,414100243
2816,414100247
2817,414100251
2818,414200004
2819,414200006
2820,414200007
2821,414200009
2822,414200016
2823,414200020
2824,414200053
2825,414200058
2826,414200062
2827,414200077
2828,414200078
2829,414200081
2830,414200083
2831,414200084
2832,414200087
2833,414200091
2834,414200103
2835,414200119
2836,414200135
2837,414200142
2838,414200146
2839,414200147
2840,414200156
2841,414200157
2842,414200169
2843,414200172
2844,414200176
2845,414200178
2846,414200182
2847,414200183
2848,414200190
2849,414200191
2850,414200203
2851,414200204
2852,414200208
2853,414200210
2854,414200225
2855,414200227
2856,414200230
2857,414200233
2858,414200235
2859,414200241
2860,414200246
2861,414200253
2862,414200264
2863,414200265
2864,414200268
2865,414200271
2866,414200272
2867,414200276
2868,414200280
2869,414200282
2870,414200287
2871,414200291
2872,414200302
2873,414200304
2874,414200307
2875,414200311
2876,414200313
2877,414200314
2878,414200318
2879,414200327
2880,414200336
2881,414200355
2882,414200371
2883,414200373
2884,414200379
2885,414200384
2886,414200388
2887,414200421
2888,414200429
2889,414200438
2890,414200440
2891,414200447
2892,414200456
2893,414200481
2894,414200497
2895,414200504
2896,414200530
2897,414200535
2898,414200553
2899,414200558
2900,414200565
2901,414200580
2902,414200592
2903,414200604
2904,414200614
2905,414200633
2906,414200639
2907,414200641
2908,414200645
2909,414200647
2910,414200652
2911,414200656
2912,414200668
2913,414200671
2914,414200675
2915,414200677
2916,414200693
2917,414200696
2918,414200701
2919,414200706
2920,414200711
2921,414200714
2922,414200716
2923,414200717
2924,414200718
2925,414200719
2926,414200720
2927,414200721
2928,414200726
2929,414200727
2930,414200728
2931,414200737
2932,414200739
2933,414200757
2934,414200758
2935,414200761
2936,414200773
2937,414200792
2938,414300001
2939,414300005
2940,414300007
2941,414300008
2942,414300018
2943,414300025
2944,414300040
2945,414300041
2946,414300050
2947,414300054
2948,414300058
2949,414300065
2950,414300081
2951,414300083
2952,414300088
2953,414300096
2954,414300103
2955,414300105
2956,414300107
2957,414300114
2958,414300121
2959,414300126
2960,414300132
2961,414300140
2962,414300143
2963,414300148
2964,414300158
2965,414300163
2966,414300175
2967,414400021
2968,414400026
2969,414400027
2970,414400028
2971,414400029
2972,414400030
2973,414400031
2974,414400034
2975,414400038
2976,414400041
2977,414400042
2978,414400044
2979,414400046
2980,414400056
2981,414400059
2982,414400078
2983,414400083
2984,414400084
2985,414400087
2986,414400091
2987,414400105
2988,414400108
2989,414400111
2990,414400113
2991,414400118
2992,414400129
2993,414400130
2994,414400131
2995,414400136
2996,414400147
2997,414400159
2998,414400166
2999,414400167
3000,414400168
3001,414400183
3002,414400196
3003,414400197
3004,414400214
3005,414400218
3006,414400232
3007,414400268
3008,414400300
3009,414400315
3010,414400337
3011,414400344
3012,414400346
3013,414500015
3014,414500016
3015,414500018
3016,414500021
3017,414500053
3018,414500061
3019,414500065
3020,414500074
3021,414500075
3022,414500077
3023,414500083
3024,414500096
3025,414500097
3026,414500114
3027,414500128
3028,414500129
3029,414500130
3030,414500139
3031,414500140
3032,414500160
3033,414500164
3034,414500165
3035,414500168
3036,414500170
3037,414500173
3038,414500174
3039,414500194
3040,414500208
3041,414500214
3042,414500216
3043,414500224
3044,414500228
3045,414500232
3046,414500237
3047,414500245
3048,414500260
3049,414500265
3050,414500266
3051,414500269
3052,414500284
3053,414500285
3054,414600015
3055,414600020
3056,414600021
3057,414600024
3058,414600025
3059,414600026
3060,414600028
3061,414600029
3062,414600047
3063,414600056
3064,414600057
3065,414600061
3066,414600065
3067,414600067
3068,414600068
3069,414600069
3070,414600071
3071,414600079
3072,414600112
3073,414600117
3074,414600128
3075,414600138
3076,414600143
3077,414600151
3078,414600185
3079,414600187
3080,414600195
3081,414600199
3082,414600201
3083,414600213
3084,414600221
3085,414600222
3086,414600227
3087,414600233
3088,414600235
3089,414600242
3090,414600246
3091,414600256
3092,414600257
3093,414600262
3094,414600281
3095,414600286
3096,414600301
3097,414600314
3098,414600330
3099,414600334
3100,414600335
3101,414600336
3102,414600337
3103,414600339
3104,414600340
3105,414600342
3106,414600344
3107,414600346
3108,414600347
3109,414600348
3110,414600349
3111,414600350
3112,414600352
3113,414600358
3114,414600363
3115,414600364
3116,414600373
3117,414600379
3118,414600380
3119,414600383
3120,414600384
3121,414600393
3122,414600394
3123,414600401
3124,414600403
3125,414600405
3126,414600410
3127,414600426
3128,414600427
3129,414600428
3130,414600433
3131,414600443
3132,414600448
3133,414600449
3134,414600451
3135,414600461
3136,414600462
3137,414600465
3138,414600468
3139,414600476
3140,414600477
3141,414600504
3142,414600507
3143,414600508
3144,414600509
3145,414600511
3146,414600513
3147,414600515
3148,414600519
3149,414600523
3150,414600532
3151,414600542
3152,414600560
3153,414600562
3154,414600564
3155,414600565
3156,414600587
3157,414600588
3158,414700007
3159,414700008
3160,414700016
3161,414700024
3162,414700045
3163,414700062
3164,414700065
3165,414700069
3166,414700071
3167,414700073
3168,414700085
3169,414700093
3170,414700095
3171,414700097
3172,414700110
3173,414700118
3174,414700120
3175,414700132
3176,414700140
3177,414700144
3178,414700145
3179,414700148
3180,414700156
3181,414700158
3182,414800049
3183,414800055
3184,414800066
3185,414800070
3186,414800071
3187,414800072
3188,414800075
3189,414800084
3190,414800087
3191,414800092
3192,414800158
3193,414900006
3194,414900014
3195,414900046
3196,414900048
3197,414900050
3198,414900073
3199,414900078
3200,414900101
3201,414900115
3202,414900117
3203,414900118
3204,414900122
3205,414900123
3206,414900126
3207,414900136
3208,414900137
3209,414900138
3210,414900140
3211,414900143
3212,414900144
3213,414900153
3214,414900157
3215,414900158
3216,414900161
3217,414900164
3218,414900165
3219,414900169
3220,414900170
3221,414900171
3222,414900172
3223,414900175
3224,414900177
3225,414900183
3226,414900186
3227,414900190
3228,414900194
3229,414900197
3230,414900203
3231,414900214
3232,414900221
3233,414900233
3234,414900235
3235,414900243
3236,414900245
3237,414900247
3238,414900253
3239,414900258
3240,414900261
3241,414900270
3242,414900273
3243,414900275
3244,414900280
3245,414900294
3246,415000013
3247,415000018
3248,415000041
3249,415000047
3250,415000048
3251,415000064
3252,415000076
3253,415000079
3254,415000082
3255,415000143
3256,415000167
3257,415000168
3258,415000217
3259,415100011
3260,415100031
3261,415100037
3262,415100038
3263,415100053
3264,415100070
3265,415100075
3266,415100079
3267,415100083
3268,415100086
3269,415100116
3270,415100121
3271,415100128
3272,415100142
3273,415100147
3274,415200005
3275,415200015
3276,415200033
3277,415200045
3278,415200046
3279,415200093
3280,415200096
3281,415200100
3282,415200102
3283,415200114
3284,415200115
3285,415200131
3286,415200146
3287,415200149
3288,415200155
3289,415200159
3290,415200178
3291,415200180
3292,415200181
3293,415200189
3294,415200197
3295,415200204
3296,415200215
3297,415200220
3298,415200225
3299,415200228
3300,415200232
3301,415200233
3302,415200243
3303,415200245
3304,415200249
3305,415200250
3306,415200251
3307,415200252
3308,415200264
3309,415200269
3310,415200270
3311,415200280
3312,415200293
3313,415200294
3314,415200301
3315,415200302
3316,415200303
3317,415200306
3318,415200309
3319,415200310
3320,415200313
3321,415200325
3322,415200327
3323,415200332
3324,415200335
3325,415200347
3326,415200348
3327,415200350
3328,415200355
3329,415200374
3330,415200375
3331,415200376
3332,415200381
3333,415200383
3334,415200386
3335,415200387
3336,415200388
3337,415200393
3338,415200394
3339,415200396
3340,415200397
3341,415200400
3342,415200401
3343,415200403
3344,415200405
3345,415200406
3346,415200412
3347,415200413
3348,415200423
3349,415200425
3350,415200428
3351,415200434
3352,415200435
3353,415200436
3354,415200444
3355,415200447
3356,415200451
3357,415200461
3358,415300009
3359,415300047
3360,415300055
3361,415300059
3362,415300063
3363,415300066
3364,415300068
3365,415300074
3366,415300075
3367,415300097
3368,415300103
3369,415300109
3370,415300122
3371,415300133
3372,415300138
3373,415300150
3374,415300156
3375,415300161
3376,415300167
3377,415300168
3378,415400014
3379,415400017
3380,415400025
3381,415400032
3382,415400039
3383,415400045
3384,415400049
3385,415400050
3386,415400051
3387,415400055
3388,415400057
3389,415400058
3390,415400063
3391,415400068
3392,415400069
3393,415400070
3394,415400072
3395,415400073
3396,415400076
3397,415400078
3398,415400080
3399,415400081
3400,415400082
3401,415400083
3402,415400084
3403,415400087
3404,415400093
3405,415400098
3406,415400106
3407,415400110
3408,415400111
3409,415400122
3410,415400138
3411,415400140
3412,415400142
3413,415400146
3414,415400154
3415,415400157
3416,415400164
3417,415400173
3418,415400178
3419,415400182
3420,415400200
3421,415400202
3422,415400229
3423,415400234
3424,415400238
3425,415400242
3426,415400244
3427,415400262
3428,415400271
3429,415400276
3430,415400279
3431,415400284
3432,415400285
3433,415400309
3434,415400314
3435,415400316
3436,415400320
3437,415400321
3438,415400339
3439,415500035
3440,415500071
3441,415500073
3442,415500079
3443,415500081
3444,415500084
3445,415500085
3446,415500091
3447,415500100
3448,415500123
3449,415500149
3450,415500150
3451,415500153
3452,415500154
3453,415500158
3454,415500160
3455,415500178
3456,415500182
3457,415500195
3458,415500204
3459,415500205
3460,415500210
3461,415500211
3462,415500212
3463,415500219
3464,415500224
3465,415500230
3466,415500252
3467,415500257
3468,415500259
3469,415500260
3470,415500262
3471,415500266
3472,415500268
3473,415500269
3474,415500273
3475,415500275
3476,415500276
3477,415500277
3478,415500278
3479,415500280
3480,415500285
3481,415500294
3482,415500295
3483,415500301
3484,415500309
3485,415500323
3486,415500325
3487,415500337
3488,415500362
3489,415500365
3490,415600006
3491,415600024
3492,415600025
3493,415600055
3494,415600063
3495,415600069
3496,415600070
3497,415600081
3498,415600094
3499,415600098
3500,415600106
3501,415600115
3502,415600116
3503,415600143
3504,415600160
3505,415600163
3506,415600172
3507,415600177
3508,415600185
3509,415600194
3510,415600207
3511,415600209
3512,415600215
3513,415600233
3514,415600236
3515,415600264
3516,415600283
3517,415600288
3518,415600293
3519,415600295
3520,415600300
3521,415600307
3522,415600335
3523,415600340
3524,415600344
3525,415600348
3526,415700000
3527,415700002
3528,415700003
3529,415700006
3530,415700011
3531,415700012
3532,415700013
3533,415700026
3534,415700033
3535,415700059
3536,415700068
3537,415700070
3538,415700072
3539,415700084
3540,415700086
3541,415700091
3542,415700092
3543,415700099
3544,415700108
3545,415700109
3546,415700113
3547,415700120
3548,415700121
3549,415700124
3550,415700130
3551,415700134
3552,415700135
3553,415700136
3554,415700138
3555,415700141
3556,415700142
3557,415700143
3558,415700144
3559,415700148
3560,415700149
3561,415700150
3562,415700151
3563,415700152
3564,415700153
3565,415700154
3566,415700156
3567,415700160
3568,415700164
3569,415700171
3570,415700177
3571,415700179
3572,415700180
3573,415700182
3574,415700185
3575,415700187
3576,415700188
3577,415700191
3578,415700198
3579,415700199
3580,415700208
3581,415700210
3582,415700211
3583,415700213
3584,415700214
3585,415700215
3586,415700217
3587,415700218
3588,415700219
3589,415700223
3590,415700234
3591,415700237
3592,415700239
3593,415700240
3594,415700262
3595,415700264
3596,415700267
3597,415700268
3598,415700269
3599,415700275
3600,415700283
3601,415700285
3602,415700288
3603,415700289
3604,415700296
3605,415700304
3606,415700305
3607,415700312
3608,415700316
3609,415700331
3610,415700336
3611,415700346
3612,415700349
3613,415700356
3614,415700357
3615,415700358
3616,415700359
3617,415700368
3618,415700370
3619,415700376
3620,415700380
3621,415700388
3622,415700398
3623,415700402
3624,415700404
3625,415700405
3626,415700406
3627,415700407
3628,415700408
3629,415700410
3630,415700414
3631,415700418
3632,415700419
3633,415700431
3634,415700433
3635,415700441
3636,415700442
3637,415700453
3638,415700456
3639,415700457
3640,415700458
3641,415700464
3642,415700472
3643,415700474
3644,415800004
3645,415800023
3646,415800024
3647,415800025
3648,415800027
3649,415800028
3650,415800029
3651,415800032
3652,415800044
3653,415800048
3654,415800051
3655,415800055
3656,415800060
3657,415800061
3658,415800064
3659,415800074
3660,415800081
3661,415800089
3662,415800091
3663,415800095
3664,415800097
3665,415800103
3666,415800106
3667,415800107
3668,415800123
3669,415800154
3670,415800157
3671,415800162
3672,415800168
3673,415800172
3674,415800176
3675,415800179
3676,415800195
3677,415800196
3678,415800198
3679,415800201
3680,415800204
3681,415800208
3682,415800217
3683,415800221
3684,415800223
3685,415800239
3686,415900001
3687,415900002
3688,415900004
3689,415900007
3690,415900009
3691,415900021
3692,415900024
3693,415900028
3694,415900032
3695,415900042
3696,415900044
3697,415900045
3698,415900056
3699,415900064
3700,415900066
3701,415900072
3702,415900078
3703,415900079
3704,415900081
3705,415900082
3706,415900084
3707,415900085
3708,415900089
3709,415900091
3710,415900097
3711,415900107
3712,415900118
3713,415900120
3714,415900125
3715,415900128
3716,415900148
3717,415900189
3718,415900190
3719,415900197
3720,415900199
3721,415900219
3722,415900222
3723,415900224
3724,415900225
3725,415900234
3726,415900254
3727,415900297
3728,415900324
3729,415900328
3730,415900330
3731,415900335
3732,415900369
3733,415900372
3734,415900375
3735,415900383
3736,415900386
3737,415900388
3738,415900393
3739,415900398
3740,415900404
3741,415900407
3742,415900408
3743,415900410
3744,415900412
3745,415900413
3746,415900416
3747,415900424
3748,415900426
3749,415900428
3750,415900430
3751,415900433
3752,415900434
3753,415900439
3754,415900447
3755,416000006
3756,416000012
3757,416000014
3758,416000016
3759,416000022
3760,416000023
3761,416000025
3762,416000036
3763,416000055
3764,416000058
3765,416000070
3766,416000072
3767,416000078
3768,416000087
3769,416000103
3770,416000117
3771,416000123
3772,416000129
3773,416000130
3774,416000139
3775,416000159
3776,416000166
3777,416000168
3778,416000185
3779,416000197
3780,416000241
3781,416000247
3782,416000252
3783,416000262
3784,416000284
3785,416000301
3786,416000313
3787,416000318
3788,416000331
3789,416000337
3790,416000359
3791,416000361
3792,416000363
3793,416000367
3794,416000370
3795,416000379
3796,416000386
3797,416100018
3798,416100019
3799,416100023
3800,416100027
3801,416100029
3802,416100030
3803,416100031
3804,416100032
3805,416100047
3806,416100065
3807,416100072
3808,416100076
3809,416100116
3810,416100123
3811,416100140
3812,416100141
3813,416100143
3814,416100145
3815,416100161
3816,416100163
3817,416100166
3818,416100179
3819,416100184
3820,416100191
3821,416100194
3822,416100200
3823,416100204
3824,416100225
3825,416100227
3826,416100232
3827,416100234
3828,416100235
3829,416100248
3830,416100254
3831,416100271
3832,416100279
3833,416100292
3834,416100301
3835,416100303
3836,416100305
3837,416100313
3838,416100314
3839,416100316
3840,416100318
3841,416100331
3842,416100334
3843,416100344
3844,416100345
3845,416100373
3846,416200002
3847,416200007
3848,416200008
3849,416200011
3850,416200018
3851,416200023
3852,416200028
3853,416200029
3854,416200041
3855,416200046
3856,416200050
3857,416200067
3858,416200089
3859,416200092
3860,416200093
3861,416200104
3862,416200136
3863,416200143
3864,416200163
3865,416200201
3866,416200207
3867,416300003
3868,416300022
3869,416300024
3870,416300027
3871,416300030
3872,416300032
3873,416300038
3874,416300044
3875,416300057
3876,416300068
3877,416300129
3878,416300134
3879,416300139
3880,416300144
3881,416300149
3882,416300157
3883,416300161
3884,416300165
3885,416300182
3886,416300184
3887,416300193
3888,416300210
3889,416300214
3890,416300225
3891,416300226
3892,416300234
3893,416300243
3894,416300250
3895,416300289
3896,416300316
3897,416300321
3898,416300324
3899,416300346
3900,416300351
3901,416300355
3902,416300357
3903,416300360
3904,416300362
3905,416300383
3906,416400004
3907,416400008
3908,416400011
3909,416400016
3910,416400018
3911,416400020
3912,416400043
3913,416400047
3914,416400048
3915,416400054
3916,416400059
3917,416400062
3918,416400063
3919,416400064
3920,416400083
3921,416400096
3922,416400101
3923,416400143
3924,416400149
3925,416400153
3926,416400173
3927,416400176
3928,416400240
3929,416400249
3930,416400251
3931,416400257
3932,416400263
3933,416400273
3934,416400279
3935,416400280
3936,416400282
3937,416400286
3938,416400293
3939,416400295
3940,416400299
3941,416400302
3942,416400303
3943,416400307
3944,416400310
3945,416400311
3946,416400312
3947,416400317
3948,416400318
3949,416400319
3950,416400321
3951,416400333
3952,416400338
3953,416400341
3954,416400342
3955,416400343
3956,416400346
3957,416400347
3958,416400350
3959,416400352
3960,416400360
3961,416400368
3962,416400369
3963,416400374
3964,416400385
3965,416400389
3966,416400391
3967,416500000
3968,416500011
3969,416500012
3970,416500025
3971,416500027
3972,416500031
3973,416500040
3974,416500045
3975,416500055
3976,416500058
3977,416500064
3978,416500068
3979,416500079
3980,416500087
3981,416500089
3982,416500092
3983,416500098
3984,416500099
3985,416500102
3986,416500115
3987,416500117
3988,416500120
3989,416500121
3990,416500125
3991,416500127
3992,416500131
3993,416500137
3994,416500142
3995,416500145
3996,416500155
3997,416500161
3998,416500163
3999,416500166
4000,416500167
4001,416500168
4002,416500172
4003,416500173
4004,416500182
4005,416500188
4006,416500189
4007,416500208
4008,416500209
4009,416500210
4010,416500212
4011,416500217
4012,416500224
4013,416500230
4014,416500238
4015,416500244
4016,416500254
4017,416500257
4018,416500273
4019,416500276
4020,416500278
4021,416500288
4022,416500301
4023,416500311
4024,416500314
4025,416500319
4026,416500323
4027,416500324
4028,416500339
4029,416500341
4030,416500344
4031,416500346
4032,416500350
4033,416500351
4034,416500352
4035,416500359
4036,416500360
4037,416600013
4038,416600019
4039,416600024
4040,416600025
4041,416600026
4042,416600028
4043,416600029
4044,416600032
4045,416600038
4046,416600047
4047,416600064
4048,416600075
4049,416600100
4050,416600101
4051,416600103
4052,416600108
4053,416600115
4054,416600123
4055,416600124
4056,416600141
4057,416600147
4058,416600148
4059,416600155
4060,416600167
4061,416600199
4062,416600203
4063,416600214
4064,416600229
4065,416600238
4066,416600239
4067,416600242
4068,416600244
4069,416600248
4070,416600251
4071,416600263
4072,416600272
4073,416600293
4074,416600299
4075,416600300
4076,416600308
4077,416600311
4078,416600322
4079,416600326
4080,416600333
4081,416600339
4082,416600346
4083,416600350
4084,416600352
4085,416600370
4086,416600375
4087,416600381
4088,416600386
4089,416600398
4090,416600400
4091,416600401
4092,416600410
4093,416600415
4094,416700001
4095,416700020
4096,416700046
4097,416700061
4098,416700098
4099,416700100
4100,416700104
4101,416700106
4102,416700108
4103,416700109
4104,416700110
4105,416700112
4106,416700116
4107,416700143
4108,416700145
4109,416700151
4110,416700162
4111,416700178
4112,416700182
4113,416700189
4114,416700196
4115,416700213
4116,416700214
4117,416700218
4118,416700225
4119,416700226
4120,416700227
4121,416700231
4122,416700234
4123,416700242
4124,416700243
4125,416700247
4126,416700248
4127,416700249
4128,416700252
4129,416700266
4130,416700267
4131,416700276
4132,416700285
4133,416700290
4134,416700304
4135,416700307
4136,416700318
4137,416700320
4138,416700324
4139,416700337
4140,416700342
4141,416700345
4142,416700346
4143,416700358
4144,416700359
4145,416700367
4146,416700380
4147,416700382
4148,416700392
4149,416700397
4150,416700398
4151,416700404
4152,416700410
4153,416700425
4154,416700429
4155,416700437
4156,416700450
4157,416700452
4158,416700453
4159,416700454
4160,416700457
4161,416700460
4162,416700474
4163,416700481
4164,416700494
4165,416700499
4166,416700501
4167,416700510
4168,416700548
4169,416700549
4170,416700562
4171,416700564
4172,416700565
4173,416700577
4174,416700580
4175,416800011
4176,416800017
4177,416800031
4178,416800039
4179,416800042
4180,416800046
4181,416800048
4182,416800049
4183,416800063
4184,416800071
4185,416800073
4186,416800077
4187,416800082
4188,416800084
4189,416800089
4190,416800092
4191,416800094
4192,416800096
4193,416800097
4194,416800104
4195,416800111
4196,416800112
4197,416800118
4198,416800122
4199,416800123
4200,416800133
4201,416800148
4202,416800157
4203,416800176
4204,416800183
4205,416800191
4206,416800194
4207,416800198
4208,416800228
4209,416800234
4210,416800239
4211,416800242
4212,416800250
4213,416800251
4214,416800254
4215,416800259
4216,416800272
4217,416800273
4218,416900012
4219,416900020
4220,416900021
4221,416900027
4222,416900032
4223,416900033
4224,416900060
4225,416900064
4226,416900083
4227,416900122
4228,416900124
4229,416900128
4230,416900144
4231,416900145
4232,416900150
4233,416900157
4234,416900168
4235,416900175
4236,416900177
4237,416900191
4238,416900204
4239,416900209
4240,416900224
4241,416900225
4242,416900249
4243,416900250
4244,416900251
4245,416900260
4246,416900277
4247,416900278
4248,416900282
4249,416900286
4250,416900288
4251,416900289
4252,416900299
4253,416900300
4254,416900314
4255,416900340
4256,416900366
4257,416900367
4258,416900368
4259,416900369
4260,416900397
4261,416900414
4262,416900415
4263,416900417
4264,416900430
4265,416900434
4266,417000008
4267,417000025
4268,417000027
4269,417000031
4270,417000040
4271,417000066
4272,417000070
4273,417000075
4274,417000076
4275,417000081
4276,417000108
4277,417000111
4278,417000112
4279,417000113
4280,417000136
4281,417000145
4282,417000155
4283,417000163
4284,417000171
4285,417000174
4286,417000178
4287,417000185
4288,417000197
4289,417000205
4290,417000210
4291,417000233
4292,417000234
4293,417000246
4294,417000251
4295,417000253
4296,417000256
4297,417000267
4298,417000270
4299,417000276
4300,417000278
4301,417000281
4302,417000282
4303,417000285
4304,417000287
4305,417000294
4306,417000303
4307,417000306
4308,417000319
4309,417000323
4310,417000361
4311,417000383
4312,417000388
4313,417000407
4314,417000415
4315,417000423
4316,417000426
4317,417000434
4318,417000438
4319,417000469
4320,417000470
4321,417000474
4322,417000475
4323,417000476
4324,417000480
4325,417000481
4326,417000492
4327,417000506
4328,417000516
4329,417000517
4330,417000520
4331,417000521
4332,417000522
4333,417000532
4334,417000533
4335,417000534
4336,417000537
4337,417000540
4338,417000543
4339,417000545
4340,417000546
4341,417000548
4342,417000552
4343,417000557
4344,417000559
4345,417000562
4346,417000563
4347,417000566
4348,417000567
4349,417000572
4350,417000573
4351,417000574
4352,417000577
4353,417000578
4354,417000583
4355,417000590
4356,417000596
4357,417000597
4358,417000601
4359,417000613
4360,417000616
4361,417000619
4362,417000621
4363,417000622
4364,417000628
4365,417000630
4366,417000634
4367,417000635
4368,417000637
4369,417000641
4370,417000647
4371,417000652
4372,417000654
4373,417000656
4374,417000660
4375,417000671
4376,417000674
4377,417000680
4378,417000681
4379,417000687
4380,417000693
4381,417000697
4382,417000699
4383,417000702
4384,417000709
4385,417000712
4386,417000742
4387,417000749
4388,417000750
4389,417000753
4390,417000756
4391,417000759
4392,417000761
4393,417000771
4394,417000774
4395,417000776
4396,417000777
4397,417000778
4398,417000786
4399,417000788
4400,417000789
4401,417000793
4402,417000808
4403,417000811
4404,417000819
4405,417000821
4406,417000826
4407,417000827
4408,417000828
4409,417000832
4410,417000838
4411,417000840
4412,417000844
4413,417000847
4414,417000849
4415,417000851
4416,417000853
4417,417000854
4418,417000855
4419,417000856
4420,417000864
4421,417000890
4422,417000891
4423,417000892
4424,417000901
4425,417000903
4426,417000907
4427,417000912
4428,417000916
4429,417000919
4430,417000927
4431,417000952
4432,417000965
4433,417000966
4434,417000967
4435,417000979
4436,417000994
4437,417000998
4438,417001014
4439,417001021
4440,417001029
4441,417001030
4442,417001032
4443,417001037
4444,417001042
4445,417001048
4446,417001051
4447,417001057
4448,417100006
4449,417100014
4450,417100015
4451,417100037
4452,417100038
4453,417100052
4454,417100054
4455,417100060
4456,417100065
4457,417100072
4458,417100129
4459,417100130
4460,417100134
4461,417100138
4462,417100176
4463,417100200
4464,417100201
4465,417100214
4466,417100216
4467,417100219
4468,417100233
4469,417100266
4470,417100270
4471,417100276
4472,417100281
4473,417100282
4474,417100283
4475,417100288
4476,417100290
4477,417100295
4478,417100297
4479,417100303
4480,417100305
4481,417100306
4482,417100312
4483,417100315
4484,417100323
4485,417100328
4486,417100361
4487,417100372
4488,417100373
4489,417100394
4490,417100401
4491,417100462
4492,417100463
4493,417100484
4494,417100493
4495,417100510
4496,417100511
4497,417100518
4498,417100529
4499,417100534
4500,417100539
4501,417100548
4502,417100561
4503,417100564
4504,417100565
4505,417100570
4506,417100572
4507,417100574
4508,417100575
4509,417100581
4510,417100583
4511,417100585
4512,417100586
4513,417100593
4514,417100594
4515,417100603
4516,417100614
4517,417100616
4518,417100619
4519,417100621
4520,417100625
4521,417100626
4522,417100628
4523,417100630
4524,417100638
4525,417100652
4526,417100653
4527,417100657
4528,417100661
4529,417100664
4530,417100666
4531,417100671
4532,417100673
4533,417100682
4534,417100683
4535,417100688
4536,417100712
4537,417200008
4538,417200022
4539,417200027
4540,417200030
4541,417200051
4542,417200055
4543,417200071
4544,417200083
4545,417200085
4546,417200093
4547,417200098
4548,417200100
4549,417200101
4550,417200102
4551,417200105
4552,417200108
4553,417200109
4554,417200112
4555,417200113
4556,417200115
4557,417200127
4558,417200134
4559,417200136
4560,417200138
4561,417200140
4562,417200146
4563,417200150
4564,417200151
4565,417200152
4566,417200159
4567,417200164
4568,417200167
4569,417200168
4570,417200216
4571,417200218
4572,417200222
4573,417200233
4574,417200234
4575,417200242
4576,417200249
4577,417200262
4578,417200264
4579,417200275
4580,417200276
4581,417200282
4582,417200288
4583,417200299
4584,417200300
4585,417200301
4586,417200303
4587,417200314
4588,417200322
4589,417200327
4590,417200336
4591,417200345
4592,417200354
4593,417200360
4594,417200361
4595,417200363
4596,417200364
4597,417200380
4598,417200387
4599,417200396
4600,417200397
4601,417200401
4602,417200406
4603,417200407
4604,417300000
4605,417300015
4606,417300019
4607,417300048
4608,417300049
4609,417300053
4610,417300061
4611,417300067
4612,417300069
4613,417300070
4614,417300072
4615,417300074
4616,417300077
4617,417300078
4618,417300089
4619,417300093
4620,417300123
4621,417300144
4622,417300153
4623,417300154
4624,417300158
4625,417300160
4626,417300167
4627,417300172
4628,417300182
4629,417300194
4630,417300200
4631,417300202
4632,417300230
4633,417300231
4634,417300271
4635,417300302
4636,417300314
4637,417300321
4638,417300332
4639,417300336
4640,417300342
4641,417300347
4642,417300351
4643,417300352
4644,417300362
4645,417300365
4646,417300383
4647,417300393
4648,417300397
4649,417300398
4650,417300407
4651,417300408
4652,417300410
4653,417300425
4654,417300432
4655,417300435
4656,417300443
4657,417300445
4658,417300452
4659,417300453
4660,417300461
4661,417300462
4662,417300467
4663,417300521
4664,417300526
4665,417300540
4666,417300549
4667,417300555
4668,417300563
4669,417300566
4670,417300592
4671,417300594
4672,417400011
4673,417400016
4674,417400021
4675,417400032
4676,417400033
4677,417400037
4678,417400042
4679,417400045
4680,417400047
4681,417400054
4682,417400055
4683,417400058
4684,417400060
4685,417400062
4686,417400063
4687,417400071
4688,417400079
4689,417400093
4690,417400102
4691,417400120
4692,417400124
4693,417400166
4694,417400171
4695,417400173
4696,417400175
4697,417400187
4698,417400193
4699,417400197
4700,417400216
4701,417400228
4702,417400234
4703,417400258
4704,417500000
4705,417500004
4706,417500013
4707,417500025
4708,417500041
4709,417500044
4710,417500054
4711,417500103
4712,417500120
4713,417500129
4714,417500132
4715,417500133
4716,417500142
4717,417500145
4718,417500146
4719,417500150
4720,417500159
4721,417500164
4722,417500166
4723,417500169
4724,417500195
4725,417500197
4726,417500198
4727,417500203
4728,417500206
4729,417500209
4730,417500213
4731,417500221
4732,417500237
4733,417500239
4734,417500240
4735,417500248
4736,417500284
4737,417500293
4738,417500303
4739,417500306
4740,417500319
4741,417500339
4742,417500343
4743,417500346
4744,417500355
4745,417500356
4746,417500368
4747,417500372
4748,417500373
4749,417500380
4750,417500384
4751,417500387
4752,417500389
4753,417500396
4754,417500407
4755,417500421
4756,417500434
4757,417500435
4758,417500445
4759,417500455
4760,417500462
4761,417500474
4762,417500487
4763,417500488
4764,417500494
4765,417500500
4766,417500509
4767,417500511
4768,417500532
4769,417500547
4770,417500562
4771,417500576
4772,417500595
4773,417500605
4774,417500611
4775,417500613
4776,417500615
4777,417500622
4778,417500623
4779,417500633
4780,417500658
4781,417500664
4782,417500667
4783,417500671
4784,417500674
4785,417500704
4786,417600000
4787,417600002
4788,417600005
4789,417600009
4790,417600010
4791,417600012
4792,417600029
4793,417600055
4794,417600065
4795,417600070
4796,417600084
4797,417600086
4798,417600097
4799,417600105
4800,417600109
4801,417600117
4802,417600127
4803,417600131
4804,417600142
4805,417600144
4806,417600145
4807,417600146
4808,417600147
4809,417600150
4810,417600155
4811,417600156
4812,417600158
4813,417600160
4814,417600165
4815,417600166
4816,417600167
4817,417600179
4818,417600194
4819,417600195
4820,417600230
4821,417600262
4822,417600270
4823,417600272
4824,417600275
4825,417600283
4826,417600284
4827,417600287
4828,417600289
4829,417600292
4830,417600299
4831,417600300
4832,417600310
4833,417600319
4834,417600339
4835,417600341
4836,417600342
4837,417600343
4838,417600375
4839,417700002
4840,417700026
4841,417700051
4842,417700054
4843,417700056
4844,417700058
4845,417700059
4846,417700105
4847,417700109
4848,417700114
4849,417700154
4850,417700168
4851,417800004
4852,417800011
4853,417800013
4854,417800023
4855,417800024
4856,417800028
4857,417800034
4858,417800038
4859,417800061
4860,417800090
4861,417800117
4862,417800120
4863,417800140
4864,417800150
4865,417800161
4866,417800214
4867,417800224
4868,417800229
4869,417800234
4870,417800248
4871,417800249
4872,417900009
4873,417900019
4874,417900028
4875,417900082
4876,417900093
4877,417900094
4878,417900095
4879,417900097
4880,417900106
4881,417900107
4882,417900110
4883,417900116
4884,417900117
4885,417900119
4886,417900123
4887,417900125
4888,417900126
4889,417900127
4890,417900128
4891,417900131
4892,417900133
4893,417900134
4894,417900138
4895,417900139
4896,417900143
4897,417900144
4898,417900145
4899,417900146
4900,417900148
4901,417900162
4902,417900164
4903,417900165
4904,417900167
4905,417900171
4906,417900174
4907,417900175
4908,417900176
4909,417900180
4910,417900184
4911,417900191
4912,417900194
4913,417900199
4914,417900204
4915,417900207
4916,417900210
4917,417900214
4918,417900219
4919,417900225
4920,417900226
4921,417900227
4922,417900229
4923,417900230
4924,417900239
4925,417900241
4926,417900242
4927,417900243
4928,417900244
4929,417900245
4930,417900250
4931,417900267
4932,417900271
4933,417900276
4934,417900277
4935,417900279
4936,417900280
4937,417900281
4938,417900283
4939,417900286
4940,417900287
4941,417900293
4942,417900295
4943,417900296
4944,417900297
4945,417900317
4946,417900319
4947,417900326
4948,417900329
4949,417900334
4950,417900344
4951,417900364
4952,417900368
4953,417900390
4954,417900391
4955,417900392
4956,417900394
4957,417900396
4958,417900398
4959,417900402
4960,417900404
4961,417900407
4962,417900408
4963,417900413
4964,417900415
4965,417900423
4966,417900425
4967,417900427
4968,417900442
4969,417900450
4970,417900451
4971,417900453
4972,417900455
4973,417900457
4974,417900464
4975,417900468
4976,417900504
4977,417900512
4978,417900513
4979,417900527
4980,417900529
4981,417900534
4982,417900537
4983,417900542
4984,417900545
4985,417900546
4986,417900549
4987,417900552
4988,417900555
4989,417900556
4990,417900558
4991,417900561
4992,417900562
4993,417900570
4994,418000002
4995,418000005
4996,418000006
4997,418000008
4998,418000015
4999,418000022
5000,418000024
5001,418000045
5002,418000047
5003,418000051
5004,418000055
5005,418000057
5006,418000060
5007,418000062
5008,418000069
5009,418000070
5010,418000072
5011,418000084
5012,418000087
5013,418000091
5014,418000093
5015,418000095
5016,418000098
5017,418000099
5018,418000101
5019,418000105
5020,418000107
5021,418000108
5022,418000110
5023,418000112
5024,418000123
5025,418000124
5026,418000126
5027,418000128
5028,418000131
5029,418000135
5030,418000137
5031,418000145
5032,418000149
5033,418000157
5034,418000163
5035,418000175
5036,418000185
5037,418000189
5038,418000192
5039,418000198
5040,418000203
5041,418000213
5042,418000219
5043,418000220
5044,418000221
5045,418000253
5046,418000255
5047,418000268
5048,418000280
5049,418000307
5050,418000309
5051,418000314
5052,418000317
5053,418000320
5054,418000321
5055,418000322
5056,418000323
5057,418000325
5058,418000327
5059,418000343
5060,418000344
5061,418000350
5062,418000355
5063,418000375
5064,418000376
5065,418000382
5066,418100171
5067,418100183
5068,418100190
5069,418200009
5070,418200019
5071,418200021
5072,418200022
5073,418200047
5074,418200060
5075,418200074
5076,418200089
5077,418300062
5078,418300065
5079,418400023
5080,418400030
5081,418400035
5082,418400114
5083,418400148
5084,418400164
5085,418400233
5086,418400265
5087,418400284
5088,418400286
5089,418400299
5090,418400315
5091,418400316
5092,418400318
5093,418400322
5094,418400324
5095,418400384
5096,418500003
5097,418500005
5098,418500022
5099,418500061
5100,418500093
5101,418500114
5102,418500165
5103,418600052
5104,418600055
5105,418600064
5106,418600065
5107,418600077
5108,418600079
5109,418700003
5110,418700030
5111,418700116
5112,418700124
5113,418700159
5114,418700160
5115,418700161
5116,418700162
5117,418700166
5118,418700168
5119,418700169
5120,418700171
5121,418700174
5122,418700176
5123,418700181
5124,418700187
5125,418700190
5126,418700191
5127,418700192
5128,418700200
5129,418700203
5130,418700205
5131,418700206
5132,418700208
5133,418700213
5134,418700216
5135,418700219
5136,418700221
5137,418700222
5138,418700224
5139,418700225
5140,418700234
5141,418700236
5142,418700241
5143,418700256
5144,418700257
5145,418700260
5146,418700267
5147,418700269
5148,418700270
5149,418700271
5150,418700274
5151,418700276
5152,418700301
5153,418700303
5154,418700305
5155,418700307
5156,418700309
5157,418700310
5158,418700314
5159,418700317
5160,418700323
5161,418700325
5162,418700329
5163,418700332
5164,418700333
5165,418700335
5166,418700336
5167,418700343
5168,418700365
5169,418700368
5170,418700370
5171,418700378
5172,418700396
5173,418700399
5174,418700400
5175,418700421
5176,418700427
5177,418700430
5178,418700436
5179,418700438
5180,418700439
5181,418700447
5182,418700448
5183,418700481
5184,418700486
5185,418700489
5186,418700491
5187,418700507
5188,418700525
5189,418700540
5190,418700545
5191,418700557
5192,418700565
5193,418700571
5194,418700573
5195,418700579
5196,418700584
5197,418700587
5198,418700589
5199,418700599
5200,418700604
5201,418700605
5202,418700606
5203,418700608
5204,418700621
5205,418700628
5206,418700633
5207,418700634
5208,418800001
5209,418800021
5210,418800029
5211,418800032
5212,418800036
5213,418800040
5214,418800042
5215,418800043
5216,418800046
5217,418800048
5218,418800049
5219,418800050
5220,418800057
5221,418800059
5222,418800061
5223,418800066
5224,418800067
5225,418800068
5226,418800075
5227,418800083
5228,418800086
5229,418800087
5230,418800088
5231,418800100
5232,418800102
5233,418800104
5234,418800109
5235,418800115
5236,418800116
5237,418800117
5238,418800120
5239,418800127
5240,418800128
5241,418800135
5242,418800136
5243,418800138
5244,418800139
5245,418800143
5246,418800151
5247,418800160
5248,418800169
5249,418800191
5250,418800195
5251,418800202
5252,418800203
5253,418800206
5254,418800209
5255,418800212
5256,418800220
5257,418800222
5258,418800235
5259,418800238
5260,418800241
5261,418800247
5262,418800249
5263,418800258
5264,418800270
5265,418800275
5266,418800277
5267,418800278
5268,418800285
5269,418800292
5270,418800306
5271,418800310
5272,418800318
5273,418800343
5274,418800345
5275,418800348
5276,418800351
5277,418800406
5278,418800411
5279,418800415
5280,418800422
5281,418800431
5282,418800432
5283,418800433
5284,418800436
5285,418800437
5286,418800444
5287,418900003
5288,418900057
5289,418900059
5290,418900077
5291,418900088
5292,418900102
5293,418900111
5294,418900114
5295,418900115
5296,418900137
5297,418900142
5298,418900152
5299,418900162
5300,418900164
5301,418900175
5302,418900184
5303,418900192
5304,418900193
5305,419000001
5306,419000007
5307,419000018
5308,419000022
5309,419000023
5310,419000032
5311,419000039
5312,419000041
5313,419000043
5314,419000045
5315,419000047
5316,419000049
5317,419000062
5318,419000063
5319,419000073
5320,419000075
5321,419000079
5322,419000081
5323,419000084
5324,419000089
5325,419000093
5326,419000095
5327,419000108
5328,419000110
5329,419000117
5330,419000118
5331,419000123
5332,419000124
5333,419000127
5334,419000137
5335,419000140
5336,419000143
5337,419000150
5338,419000156
5339,419000157
5340,419000159
5341,419000161
5342,419000162
5343,419000164
5344,419000173
5345,419000182
5346,419000196
5347,419000217
5348,419000222
5349,419000224
5350,419000226
5351,419000232
5352,419000250
5353,419000253
5354,419000264
5355,419000266
5356,419000267
5357,419100001
5358,419100002
5359,419100017
5360,419100024
5361,419100039
5362,419100045
5363,419100046
5364,419100051
5365,419100068
5366,419100072
5367,419100078
5368,419100084
5369,419100087
5370,419100088
5371,419100090
5372,419100093
5373,419100097
5374,419100098
5375,419100101
5376,419100102
5377,419100103
5378,419100108
5379,419100113
5380,419100115
5381,419100117
5382,419100121
5383,419100129
5384,419100135
5385,419100136
5386,419100140
5387,419100148
5388,419100153
5389,419100156
5390,419100158
5391,419100162
5392,419100163
5393,419100171
5394,419100178
5395,419100188
5396,419100192
5397,419100195
5398,419100217
5399,419100218
5400,419100219
5401,419100222
5402,419100224
5403,419100227
5404,419100228
5405,419100229
5406,419100231
5407,419100242
5408,419100243
5409,419100250
5410,419100254
5411,419100257
5412,419100258
5413,419100259
5414,419100260
5415,419100266
5416,419100267
5417,419100272
5418,419100277
5419,419100287
5420,419100292
5421,419100306
5422,419100307
5423,419100311
5424,419100313
5425,419100315
5426,419100318
5427,419100319
5428,419100322
5429,419100323
5430,419100324
5431,419100325
5432,419100327
5433,419100352
5434,419100355
5435,419100356
5436,419100362
5437,419100365
5438,419100366
5439,419100369
5440,419100381
5441,419100383
5442,419100384
5443,419100389
5444,419100404
5445,419100407
5446,419100408
5447,419100415
5448,419100421
5449,419100425
5450,419100429
5451,419100430
5452,419100438
5453,419100442
5454,419100448
5455,419100467
5456,419100471
5457,419100485
5458,419100487
5459,419100500
5460,419100503
5461,419100506
5462,419100511
5463,419100514
5464,419100523
5465,419100532
5466,419100550
5467,419100552
5468,419100556
5469,419100560
5470,419100562
5471,419100567
5472,419100573
5473,419100593
5474,419100608
5475,419200000
5476,419200016
5477,419200020
5478,419200021
5479,419200024
5480,419200047
5481,419200048
5482,419200050
5483,419200053
5484,419200069
5485,419200072
5486,419200073
5487,419200084
5488,419200088
5489,419200089
5490,419200090
5491,419200097
5492,419200099
5493,419200103
5494,419200105
5495,419200109
5496,419200114
5497,419200125
5498,419200127
5499,419200134
5500,419200136
5501,419200144
5502,419200145
5503,419200146
5504,419200152
5505,419200182
5506,419200183
5507,419200186
5508,419200192
5509,419300002
5510,419300005
5511,419300022
5512,419300027
5513,419300030
5514,419300035
5515,419300037
5516,419300039
5517,419300040
5518,419300041
5519,419300043
5520,419300058
5521,419300081
5522,419300085
5523,419300107
5524,419300114
5525,419300115
5526,419300119
5527,419300121
5528,419300122
5529,419300127
5530,419300128
5531,419300141
5532,419300144
5533,419300150
5534,419300163
5535,419300164
5536,419300178
5537,419300186
5538,419300201
5539,419300203
5540,419300218
5541,419300227
5542,419300229
5543,419300235
5544,419300241
5545,419300242
5546,419300245
5547,419300257
5548,419300258
5549,419300262
5550,419300265
5551,419300281
5552,419300283
5553,419400002
5554,419400015
5555,419400016
5556,419400019
5557,419400022
5558,419400024
5559,419400058
5560,419400066
5561,419400089
5562,419400093
5563,419400094
5564,419400095
5565,419400097
5566,419400102
5567,419400112
5568,419400118
5569,419400125
5570,419400127
5571,419400128
5572,419400133
5573,419400135
5574,419400136
5575,419400150
5576,419400158
5577,419400167
5578,419500027
5579,419500029
5580,419500050
5581,419500051
5582,419500055
5583,419500072
5584,419500078
5585,419500082
5586,419500084
5587,419500089
5588,419500092
5589,419500099
5590,419500106
5591,419500107
5592,419500122
5593,419500134
5594,419500135
5595,419500140
5596,419500146
5597,419500147
5598,419500153
5599,419500154
5600,419500159
5601,419500160
5602,419600008
5603,419600029
5604,419600042
5605,419600045
5606,419600079
5607,419600101
5608,419600105
5609,419700006
5610,419700041
5611,419700045
5612,419700050
5613,419700057
5614,419700080
5615,419700081
5616,419700102
5617,419700103
5618,419700116
5619,419700119
5620,419700125
5621,419700129
5622,419700135
5623,419700154
5624,419700199
5625,419700204
5626,419700206
5627,419700217
5628,419700225
5629,419700245
5630,419700247
5631,419700260
5632,419700261
5633,419700264
5634,419700266
5635,419700272
5636,419700278
5637,419700282
5638,419700284
5639,419700288
5640,419700289
5641,419700290
5642,419700291
5643,419700292
5644,419700294
5645,419700297
5646,419700299
5647,419700300
5648,419700304
5649,419700310
5650,419700311
5651,419700322
5652,419700328
5653,419700329
5654,419700330
5655,419700334
5656,419700335
5657,419700341
5658,419700349
5659,419700351
5660,419700358
5661,419700364
5662,419700372
5663,419700379
5664,419700380
5665,419700385
5666,419700388
5667,419700389
5668,419700391
5669,419700392
5670,419700403
5671,419700407
5672,419700421
5673,419700425
5674,419700432
5675,419700435
5676,419700436
5677,419700445
5678,419800008
5679,419800014
5680,419800018
5681,419800020
5682,419800030
5683,419800031
5684,419800036
5685,419800043
5686,419800045
5687,419800048
5688,419800055
5689,419800083
5690,419800120
5691,419800139
5692,419800158
5693,419800164
5694,419800165
5695,419800173
5696,419800178
5697,419800191
5698,419800192
5699,419800207
5700,419800217
5701,419800222
5702,419800241
5703,419800242
5704,419800252
5705,419800263
5706,419800265
5707,419800279
5708,419800285
5709,419800290
5710,419800306
5711,419800320
5712,419800327
5713,419800330
5714,419800331
5715,419800341
5716,419800351
5717,419800377
5718,419800381
5719,419800382
5720,419800385
5721,419800387
5722,419800388
5723,419800390
5724,419800414
5725,419800425
5726,419800427
5727,419900000
5728,419900002
5729,419900004
5730,419900005
5731,419900006
5732,419900008
5733,419900011
5734,419900012
5735,419900013
5736,419900015
5737,419900023
5738,419900025
5739,419900027
5740,419900028
5741,419900029
5742,419900030
5743,419900036
5744,419900037
5745,419900059
5746,419900061
5747,419900076
5748,419900083
5749,419900085
5750,419900096
5751,419900097
5752,419900108
5753,419900112
5754,419900114
5755,419900115
5756,419900128
5757,419900138
5758,419900140
5759,419900142
5760,419900145
5761,419900149
5762,419900157
5763,419900167
5764,419900171
5765,419900226
5766,419900236
5767,419900244
5768,419900246
5769,419900249
5770,419900256
5771,419900257
5772,419900281
5773,419900295
5774,419900301
5775,419900312
5776,419900318
5777,419900319
5778,419900336
5779,419900340
5780,419900346
5781,419900350
5782,419900365
5783,420000000
5784,420000002
5785,420000028
5786,420000033
5787,420000034
5788,420000037
5789,420000038
5790,420000045
5791,420000046
5792,420000057
5793,420000061
5794,420000062
5795,420000065
5796,420000074
5797,420000088
5798,420000094
5799,420000095
5800,420000101
5801,420000114
5802,420000115
5803,420000127
5804,420000130
5805,420000131
5806,420000132
5807,420000136
5808,420000158
5809,420000164
5810,420000183
5811,420000196
5812,420000299
5813,420000300
5814,420000301
5815,420000308
5816,420000311
5817,420000314
5818,420000330
5819,420000333
5820,420000334
5821,420000336
5822,420000346
5823,420000368
5824,420000369
5825,420000371
5826,420000374
5827,420000384
5828,420000411
5829,420000421
5830,420000424
5831,420000426
5832,420000428
5833,420000429
5834,420000438
5835,420000440
5836,420100003
5837,420100006
5838,420100015
5839,420100016
5840,420100017
5841,420100034
5842,420100035
5843,420100036
5844,420100037
5845,420100040
5846,420100042
5847,420100043
5848,420100047
5849,420100057
5850,420100064
5851,420100065
5852,420100070
5853,420100072
5854,420100073
5855,420100074
5856,420100080
5857,420100083
5858,420100092
5859,420100103
5860,420100106
5861,420100112
5862,420100115
5863,420100116
5864,420100131
5865,420100136
5866,420100137
5867,420100141
5868,420100142
5869,420100145
5870,420100159
5871,420100161
5872,420100178
5873,420100201
5874,420100232
5875,420100244
5876,420100245
5877,420100246
5878,420100252
5879,420100283
5880,420100286
5881,420100288
5882,420100292
5883,420100293
5884,420100309
5885,420100311
5886,420100312
5887,420100330
5888,420100339
5889,420100343
5890,420100363
5891,420100365
5892,420100369
5893,420100378
5894,420100383
5895,420100386
5896,420100413
5897,420200002
5898,420200015
5899,420200070
5900,420200072
5901,420200085
5902,420200120
5903,420200139
5904,420200151
5905,420200170
5906,420200195
5907,420200200
5908,420200212
5909,420200213
5910,420200221
5911,420200231
5912,420200238
5913,420200252
5914,420200274
5915,420200301
5916,420300024
5917,420300028
5918,420300038
5919,420300064
5920,420300065
5921,420300071
5922,420300073
5923,420300076
5924,420300077
5925,420300085
5926,420300093
5927,420300095
5928,420300105
5929,420300108
5930,420300140
5931,420300141
5932,420300154
5933,420300159
5934,420300171
5935,420300180
5936,420300183
5937,420300184
5938,420300242
5939,420300247
5940,420300257
5941,420300259
5942,420300265
5943,420300267
5944,420300271
5945,420300272
5946,420300274
5947,420300278
5948,420300281
5949,420300283
5950,420300285
5951,420300287
5952,420300289
5953,420300295
5954,420300298
5955,420300304
5956,420300308
5957,420300312
5958,420300328
5959,420300332
5960,420300348
5961,420300384
5962,420400003
5963,420400009
5964,420400014
5965,420400020
5966,420400021
5967,420400022
5968,420400023
5969,420400025
5970,420400026
5971,420400027
5972,420400028
5973,420400033
5974,420400036
5975,420400040
5976,420400041
5977,420400047
5978,420400053
5979,420400058
5980,420400064
5981,420400066
5982,420400068
5983,420400083
5984,420400119
5985,420400126
5986,420400142
5987,420400169
5988,420400174
5989,420400177
5990,420400194
5991,420400203
5992,420400207
5993,420400209
5994,420400210
5995,420400211
5996,420400216
5997,420400222
5998,420400248
5999,420400250
6000,420400259
6001,420400260
6002,420400262
6003,420400272
6004,420400273
6005,420400274
6006,420400275
6007,420400278
6008,420400283
6009,420400285
6010,420400310
6011,420400317
6012,420400326
6013,420400363
6014,420400364
6015,420400369
6016,420400370
6017,420400383
6018,420400385
6019,420400392
6020,420400394
6021,420400395
6022,420400398
6023,420400404
6024,420400410
6025,420400412
6026,420400415
6027,420400423
6028,420400428
6029,420400429
6030,420400435
6031,420400437
6032,420400439
6033,420400444
6034,420400447
6035,420400451
6036,420400456
6037,420400458
6038,420400460
6039,420400464
6040,420400466
6041,420400469
6042,420400471
6043,420400473
6044,420400476
6045,420400483
6046,420400485
6047,420400486
6048,420400487
6049,420400488
6050,420400490
6051,420400493
6052,420400499
6053,420400502
6054,420400503
6055,420400504
6056,420400510
6057,420400511
6058,420400515
6059,420400516
6060,420400519
6061,420400520
6062,420400521
6063,420400525
6064,420400533
6065,420400546
6066,420400564
6067,420400572
6068,420400576
6069,420400577
6070,420400601
6071,420500018
6072,420500022
6073,420500027
6074,420500029
6075,420500037
6076,420500042
6077,420500051
6078,420500052
6079,420500057
6080,420500060
6081,420500074
6082,420500094
6083,420500097
6084,420500114
6085,420500124
6086,420500129
6087,420500139
6088,420500140
6089,420500143
6090,420500144
6091,420500147
6092,420500150
6093,420500157
6094,420500164
6095,420500175
6096,420500180
6097,420500183
6098,420500189
6099,420500205
6100,420500211
6101,420500216
6102,420500225
6103,420500232
6104,420500261
6105,420500262
6106,420500270
6107,420500279
6108,420500294
6109,420500299
6110,420500302
6111,420500316
6112,420500320
6113,420500321
6114,420500323
6115,420500328
6116,420500335
6117,420500352
6118,420500353
6119,420500356
6120,420500370
6121,420500380
6122,420500382
6123,420500384
6124,420500389
6125,420500391
6126,420500392
6127,420500394
6128,420500396
6129,420500397
6130,420500398
6131,420500402
6132,420500406
6133,420500410
6134,420500411
6135,420500412
6136,420500413
6137,420500415
6138,420500422
6139,420500425
6140,420500438
6141,420500441
6142,420500443
6143,420500447
6144,420500465
6145,420500466
6146,420500467
6147,420500470
6148,420500475
6149,420500485
6150,420500499
6151,420500507
6152,420500510
6153,420500513
6154,420500517
6155,420500519
6156,420500525
6157,420500526
6158,420500529
6159,420500531
6160,420500532
6161,420500545
6162,420500565
6163,420500576
6164,420500598
6165,420500610
6166,420500625
6167,420500630
6168,420500641
6169,420500645
6170,420500659
6171,420500662
6172,420500666
6173,420500669
6174,420500670
6175,420500679
6176,420500712
6177,420500717
6178,420600020
6179,420600037
6180,420600047
6181,420600066
6182,420600090
6183,420600097
6184,420600100
6185,420600105
6186,420600106
6187,420600109
6188,420600111
6189,420600113
6190,420600117
6191,420600119
6192,420600123
6193,420600125
6194,420600129
6195,420600135
6196,420600138
6197,420600141
6198,420600143
6199,420600148
6200,420600150
6201,420600151
6202,420600152
6203,420600153
6204,420600154
6205,420600161
6206,420600167
6207,420600168
6208,420600173
6209,420600175
6210,420600179
6211,420600182
6212,420600184
6213,420600185
6214,420600188
6215,420600189
6216,420600192
6217,420600197
6218,420600198
6219,420600199
6220,420600201
6221,420600202
6222,420600209
6223,420600210
6224,420600211
6225,420600212
6226,420600220
6227,420600221
6228,420600227
6229,420600234
6230,420600239
6231,420600241
6232,420600248
6233,420600270
6234,420600278
6235,420600284
6236,420600294
6237,420600296
6238,420600297
6239,420600313
6240,420600340
6241,420600341
6242,420600358
6243,420600359
6244,420600367
6245,420600374
6246,420600389
6247,420600390
6248,420600393
6249,420600394
6250,420600402
6251,420600408
6252,420600414
6253,420600416
6254,420600422
6255,420600453
6256,420600454
6257,420600458
6258,420600477
6259,420600504
6260,420700007
6261,420700011
6262,420700013
6263,420700042
6264,420700046
6265,420700047
6266,420700069
6267,420700071
6268,420700073
6269,420700082
6270,420700093
6271,420700101
6272,420700106
6273,420700124
6274,420700135
6275,420700140
6276,420700150
6277,420700153
6278,420700160
6279,420700161
6280,420700190
6281,420700192
6282,420700205
6283,420700227
6284,420700228
6285,420700232
6286,420700247
6287,420700252
6288,420700259
6289,420700272
6290,420700273
6291,420700274
6292,420700275
6293,420700300
6294,420700302
6295,420700304
6296,420700311
6297,420700328
6298,420700334
6299,420700343
6300,420700357
6301,420700367
6302,420700390
6303,420700393
6304,420700394
6305,420700397
6306,420800006
6307,420800026
6308,420800028
6309,420800030
6310,420800031
6311,420800032
6312,420800034
6313,420800041
6314,420800044
6315,420800046
6316,420800049
6317,420800051
6318,420800052
6319,420800055
6320,420800067
6321,420800069
6322,420800081
6323,420800083
6324,420800086
6325,420800088
6326,420800090
6327,420800093
6328,420800095
6329,420800097
6330,420800100
6331,420800101
6332,420800108
6333,420800114
6334,420800115
6335,420800126
6336,420800129
6337,420800145
6338,420800146
6339,420800160
6340,420800165
6341,420800172
6342,420800175
6343,420800178
6344,420800189
6345,420800192
6346,420800193
6347,420800198
6348,420800202
6349,420800203
6350,420800221
6351,420800237
6352,420800261
6353,420800277
6354,420800281
6355,420800289
6356,420800292
6357,420800297
6358,420800304
6359,420800307
6360,420800312
6361,420800319
6362,420800330
6363,420800332
6364,420800338
6365,420800344
6366,420800349
6367,420800361
6368,420800364
6369,420800365
6370,420800370
6371,420800375
6372,420800395
6373,420800399
6374,420900017
6375,420900019
6376,420900043
6377,420900062
6378,420900063
6379,420900068
6380,420900097
6381,420900099
6382,420900104
6383,420900105
6384,420900110
6385,420900117
6386,420900121
6387,420900123
6388,420900130
6389,420900137
6390,420900139
6391,420900140
6392,420900141
6393,420900143
6394,420900154
6395,420900157
6396,420900162
6397,420900172
6398,420900173
6399,420900175
6400,420900192
6401,420900197
6402,420900200
6403,420900211
6404,420900214
6405,420900216
6406,420900227
6407,420900230
6408,420900233
6409,420900234
6410,420900241
6411,420900242
6412,420900245
6413,420900268
6414,420900269
6415,420900275
6416,420900278
6417,420900290
6418,420900293
6419,420900328
6420,420900334
6421,420900339
6422,420900350
6423,420900352
6424,420900357
6425,421000025
6426,421000039
6427,421000056
6428,421000061
6429,421000062
6430,421000081
6431,421000083
6432,421000089
6433,421000090
6434,421000099
6435,421000105
6436,421000108
6437,421000111
6438,421000113
6439,421000117
6440,421000119
6441,421000122
6442,421000126
6443,421000128
6444,421000129
6445,421000131
6446,421000142
6447,421000144
6448,421000150
6449,421000155
6450,421000165
6451,421000170
6452,421000172
6453,421000173
6454,421000174
6455,421000182
6456,421000186
6457,421000189
6458,421000190
6459,421000191
6460,421000192
6461,421000198
6462,421000199
6463,421000206
6464,421000209
6465,421000211
6466,421000227
6467,421000234
6468,421000240
6469,421000242
6470,421000247
6471,421000253
6472,421000254
6473,421000263
6474,421000268
6475,421000269
6476,421000273
6477,421000274
6478,421000276
6479,421000291
6480,421000292
6481,421000294
6482,421000296
6483,421000325
6484,421000326
6485,421000331
6486,421000335
6487,421000341
6488,421000346
6489,421000353
6490,421000362
6491,421000365
6492,421000371
6493,421000373
6494,421000374
6495,421000381
6496,421000394
6497,421000398
6498,421000408
6499,421000428
6500,421000448
6501,421000449
6502,421100023
6503,421100025
6504,421100047
6505,421100051
6506,421100061
6507,421100062
6508,421100065
6509,421100083
6510,421100109
6511,421100135
6512,421100141
6513,421100142
6514,421100156
6515,421100157
6516,421100164
6517,421100169
6518,421100170
6519,421100171
6520,421100173
6521,421100175
6522,421100181
6523,421100184
6524,421100186
6525,421100192
6526,421100194
6527,421100200
6528,421100201
6529,421100207
6530,421100210
6531,421100235
6532,421100236
6533,421100238
6534,421100246
6535,421100251
6536,421100254
6537,421100255
6538,421100256
6539,421100257
6540,421100268
6541,421100270
6542,421100285
6543,421100313
6544,421100314
6545,421100315
6546,421100316
6547,421100326
6548,421100327
6549,421100328
6550,421100331
6551,421100333
6552,421100336
6553,421100342
6554,421100344
6555,421100348
6556,421100352
6557,421100356
6558,421100358
6559,421100363
6560,421100366
6561,421100369
6562,421100372
6563,421100377
6564,421100380
6565,421100383
6566,421100390
6567,421100392
6568,421100395
6569,421100402
6570,421100405
6571,421100407
6572,421100409
6573,421100412
6574,421100413
6575,421100421
6576,421100426
6577,421100443
6578,421100449
6579,421100465
6580,421100469
6581,421100476
6582,421100482
6583,421100488
6584,421100500
6585,421100516
6586,421100520
6587,421100521
6588,421100522
6589,421100544
6590,421100546
6591,421100554
6592,421100557
6593,421100574
6594,421100578
6595,421100580
6596,421100581
6597,421100584
6598,421100594
6599,421100606
6600,421100607
6601,421100610
6602,421100613
6603,421100616
6604,421100617
6605,421200000
6606,421200005
6607,421200007
6608,421200025
6609,421200064
6610,421200076
6611,421200083
6612,421200085
6613,421200088
6614,421200091
6615,421200111
6616,421200117
6617,421200145
6618,421200147
6619,421200150
6620,421200151
6621,421200157
6622,421200158
6623,421200159
6624,421200160
6625,421200161
6626,421200165
6627,421200168
6628,421200170
6629,421200172
6630,421200173
6631,421200174
6632,421200175
6633,421200177
6634,421200180
6635,421200184
6636,421200185
6637,421200187
6638,421200188
6639,421200189
6640,421200190
6641,421200191
6642,421200193
6643,421200196
6644,421200201
6645,421200202
6646,421200203
6647,421200208
6648,421200211
6649,421200219
6650,421200223
6651,421200225
6652,421200229
6653,421200232
6654,421200243
6655,421200253
6656,421200258
6657,421200259
6658,421200272
6659,421200274
6660,421200282
6661,421200284
6662,421300008
6663,421300012
6664,421300013
6665,421300015
6666,421300019
6667,421300022
6668,421300024
6669,421300043
6670,421300045
6671,421300075
6672,421300077
6673,421300084
6674,421300091
6675,421300094
6676,421300101
6677,421300104
6678,421300106
6679,421300108
6680,421300115
6681,421300118
6682,421300119
6683,421300120
6684,421300126
6685,421300127
6686,421300129
6687,421300137
6688,421300141
6689,421300148
6690,421300149
6691,421300153
6692,421300179
6693,421300201
6694,421300205
6695,421300210
6696,421300214
6697,421300217
6698,421300222
6699,421300223
6700,421300225
6701,421300234
6702,421300249
6703,421300254
6704,421300255
6705,421300259
6706,421300264
6707,421300268
6708,421300272
6709,421300273
6710,421300276
6711,421300278
6712,421300285
6713,421300287
6714,421300293
6715,421300298
6716,421300302
6717,421300305
6718,421300311
6719,421300312
6720,421300314
6721,421300320
6722,421300333
6723,421300335
6724,421300339
6725,421300348
6726,421300350
6727,421300362
6728,421300364
6729,421300365
6730,421300368
6731,421300370
6732,421300374
6733,421300379
6734,421300380
6735,421300381
6736,421300382
6737,421300384
6738,421300386
6739,421300387
6740,421300392
6741,421300393
6742,421300395
6743,421300396
6744,421300407
6745,421300414
6746,421300416
6747,421300425
6748,421300436
6749,421300439
6750,421300443
6751,421300446
6752,421300459
6753,421300462
6754,421300467
6755,421300469
6756,421300471
6757,421300472
6758,421300473
6759,421300474
6760,421300476
6761,421300480
6762,421300481
6763,421300485
6764,421300488
6765,421300489
6766,421300495
6767,421300496
6768,421300498
6769,421300511
6770,421300512
6771,421300514
6772,421300515
6773,421300517
6774,421300533
6775,421300539
6776,421300541
6777,421300542
6778,421300544
6779,421300546
6780,421300548
6781,421300549
6782,421300550
6783,421300554
6784,421300556
6785,421300560
6786,421300565
6787,421300579
6788,421300581
6789,421300584
6790,421300588
6791,421300591
6792,421300592
6793,421300598
6794,421300600
6795,421300605
6796,421300606
6797,421300643
6798,421300651
6799,421300657
6800,421300668
6801,421300669
6802,421300676
6803,421300677
6804,421300678
6805,421300679
6806,421400010
6807,421400022
6808,421400023
6809,421400043
6810,421400046
6811,421400048
6812,421400059
6813,421400070
6814,421400072
6815,421400074
6816,421400089
6817,421400091
6818,421400099
6819,421400105
6820,421400106
6821,421400157
6822,421400213
6823,421400214
6824,421400217
6825,421400233
6826,421500019
6827,421500020
6828,421500040
6829,421500053
6830,421500054
6831,421500059
6832,421500068
6833,421500071
6834,421500074
6835,421500094
6836,421500098
6837,421500107
6838,421500121
6839,421500122
6840,421500152
6841,421500157
6842,421500169
6843,421500173
6844,421500175
6845,421500184
6846,421500190
6847,421500199
6848,421500200
6849,421500215
6850,421500221
6851,421500228
6852,421500230
6853,421500241
6854,421500246
6855,421500248
6856,421500257
6857,421500260
6858,421500269
6859,421500271
6860,421500272
6861,421500274
6862,421500277
6863,421500296
6864,421500303
6865,421500304
6866,421500319
6867,421500321
6868,421500332
6869,421500342
6870,421500359
6871,421500367
6872,421500374
6873,421500378
6874,421500385
6875,421500386
6876,421500390
6877,421500397
6878,421500399
6879,421500402
6880,421500405
6881,421500413
6882,421500421
6883,421500423
6884,421500430
6885,421500449
6886,421500451
6887,421500455
6888,421500456
6889,421500457
6890,421500459
6891,421500460
6892,421500463
6893,421500464
6894,421500467
6895,421500477
6896,421500485
6897,421500488
6898,421500496
6899,421500502
6900,421500508
6901,421500511
6902,421500515
6903,421500516
6904,421500531
6905,421500534
6906,421500535
6907,421500536
6908,421500537
6909,421500538
6910,421500539
6911,421500540
6912,421500544
6913,421500545
6914,421500546
6915,421500549
6916,421500551
6917,421500558
6918,421500560
6919,421500565
6920,421500566
6921,421500567
6922,421500568
6923,421500571
6924,421500573
6925,421500578
6926,421500583
6927,421500585
6928,421500589
6929,421500591
6930,421500595
6931,421500596
6932,421500603
6933,421500611
6934,421500613
6935,421500619
6936,421500622
6937,421500623
6938,421500624
6939,421500625
6940,421500629
6941,421500632
6942,421500637
6943,421500642
6944,421500648
6945,421500661
6946,421500664
6947,421500665
6948,421500666
6949,421500669
6950,421500671
6951,421500673
6952,421500674
6953,421500684
6954,421500685
6955,421500686
6956,421500687
6957,421500688
6958,421500695
6959,421500696
6960,421500698
6961,421500700
6962,421500706
6963,421500707
6964,421500711
6965,421500728
6966,421500730
6967,421500731
6968,421500734
6969,421500737
6970,421500740
6971,421500741
6972,421500743
6973,421500744
6974,421500745
6975,421500752
6976,421500755
6977,421500756
6978,421500762
6979,421500768
6980,421500769
6981,421500774
6982,421500776
6983,421500777
6984,421500783
6985,421500785
6986,421500788
6987,421500791
6988,421500792
6989,421500794
6990,421500795
6991,421500796
6992,421500800
6993,421500801
6994,421500802
6995,421500804
6996,421500807
6997,421500808
6998,421500811
6999,421500814
7000,421500816
7001,421500818
7002,421500819
7003,421500820
7004,421500823
7005,421500824
7006,421500834
7007,421500838
7008,421500844
7009,421500846
7010,421500851
7011,421500856
7012,421500857
7013,421500860
7014,421500862
7015,421500866
7016,421500867
7017,421500868
7018,421500873
7019,421500880
7020,421500883
7021,421500884
7022,421500886
7023,421500890
7024,421500894
7025,421500895
7026,421500896
7027,421500898
7028,421500899
7029,421500906
7030,421500910
7031,421500915
7032,421500922
7033,421500926
7034,421500930
7035,421500933
7036,421500936
7037,421500937
7038,421500938
7039,421500939
7040,421500949
7041,421500954
7042,421500959
7043,421500960
7044,421500961
7045,421500964
7046,421500975
7047,421500976
7048,421500980
7049,421500981
7050,421500985
7051,421500987
7052,421500988
7053,421500990
7054,421500993
7055,421500997
7056,421501003
7057,421501005
7058,421501006
7059,421501028
7060,421501032
7061,421501039
7062,421501042
7063,421501045
7064,421501050
7065,421501051
7066,421501053
7067,421501055
7068,421501057
7069,421501075
7070,421501080
7071,421501090
7072,421501092
7073,421501095
7074,421501111
7075,421501119
7076,421501123
7077,421501124
7078,421501127
7079,421501135
7080,421501141
7081,421501144
7082,421501151
7083,421501171
7084,421501172
7085,421600000
7086,421600022
7087,421600029
7088,421600037
7089,421600045
7090,421600051
7091,421600062
7092,421600067
7093,421600069
7094,421600073
7095,421600076
7096,421600077
7097,421600078
7098,421600084
7099,421600093
7100,421600098
7101,421600114
7102,421600116
7103,421600119
7104,421600136
7105,421600138
7106,421600140
7107,421600147
7108,421600150
7109,421600155
7110,421600156
7111,421600160
7112,421600167
7113,421600181
7114,421600185
7115,421600188
7116,421600190
7117,421600202
7118,421600204
7119,421600207
7120,421600212
7121,421600222
7122,421600230
7123,421600231
7124,421600234
7125,421600240
7126,421600251
7127,421600252
7128,421600264
7129,421600268
7130,421600270
7131,421600271
7132,421600278
7133,421600281
7134,421600290
7135,421600291
7136,421600298
7137,421600300
7138,421600313
7139,421600314
7140,421600315
7141,421600319
7142,421600320
7143,421600321
7144,421600323
7145,421600324
7146,421600327
7147,421600328
7148,421600344
7149,421600347
7150,421600353
7151,421600355
7152,421600356
7153,421600357
7154,421600358
7155,421600365
7156,421600366
7157,421600367
7158,421600369
7159,421600370
7160,421600371
7161,421600376
7162,421600381
7163,421600384
7164,421600386
7165,421600391
7166,421600409
7167,421600416
7168,421600417
7169,421600427
7170,421600431
7171,421600433
7172,421600438
7173,421600448
7174,421600451
7175,421600453
7176,421600454
7177,421600475
7178,421600490
7179,421600503
7180,421600507
7181,421600509
7182,421600525
7183,421600531
7184,421700000
7185,421700004
7186,421700008
7187,421700011
7188,421700013
7189,421700017
7190,421700019
7191,421700028
7192,421700031
7193,421700032
7194,421700035
7195,421700039
7196,421700046
7197,421700050
7198,421700051
7199,421700052
7200,421700055
7201,421700060
7202,421700061
7203,421700064
7204,421700066
7205,421700067
7206,421700070
7207,421700071
7208,421700073
7209,421700075
7210,421700078
7211,421700079
7212,421700082
7213,421700085
7214,421700117
7215,421700125
7216,421700138
7217,421700139
7218,421700148
7219,421700152
7220,421700160
7221,421700165
7222,421700173
7223,421700174
7224,421700179
7225,421700182
7226,421700185
7227,421700188
7228,421700189
7229,421700193
7230,421700194
7231,421700196
7232,421700197
7233,421700202
7234,421700207
7235,421700212
7236,421700220
7237,421700230
7238,421700233
7239,421700234
7240,421700261
7241,421700280
7242,421700290
7243,421700291
7244,421700317
7245,421700324
7246,421700325
7247,421700329
7248,421700334
7249,421700350
7250,421700353
7251,421700355
7252,421700360
7253,421700362
7254,421700365
7255,421700373
7256,421700376
7257,421700378
7258,421700379
7259,421700382
7260,421700383
7261,421700385
7262,421700389
7263,421700390
7264,421700405
7265,421700411
7266,421700419
7267,421700421
7268,421700429
7269,421700432
7270,421700433
7271,421700435
7272,421700440
7273,421700441
7274,421700449
7275,421700453
7276,421700460
7277,421700462
7278,421700463
7279,421700466
7280,421700475
7281,421700476
7282,421700482
7283,421700484
7284,421700485
7285,421700486
7286,421700488
7287,421700489
7288,421700490
7289,421700494
7290,421700495
7291,421700503
7292,421700508
7293,421700512
7294,421700515
7295,421700516
7296,421700521
7297,421700526
7298,421700535
7299,421700547
7300,421700551
7301,421700556
7302,421700558
7303,421700562
7304,421700563
7305,421700566
7306,421700574
7307,421700579
7308,421700581
7309,421700583
7310,421700586
7311,421700587
7312,421700589
7313,421700590
7314,421700592
7315,421700593
7316,421700594
7317,421700596
7318,421700599
7319,421700607
7320,421700612
7321,421700613
7322,421700614
7323,421700618
7324,421700620
7325,421700633
7326,421700637
7327,421700639
7328,421700641
7329,421700642
7330,421700652
7331,421700653
7332,421700654
7333,421700655
7334,421700659
7335,421700661
7336,421700667
7337,421700678
7338,421700683
7339,421700694
7340,421700697
7341,421700698
7342,421700709
7343,421700716
7344,421700727
7345,421700731
7346,421700732
7347,421700742
7348,421700750
7349,421700751
7350,421700755
7351,421700763
7352,421700768
7353,421700769
7354,421700778
7355,421700788
7356,421700793
7357,421700800
7358,421700803
7359,421700807
7360,421700822
7361,421700823
7362,421800019
7363,421800028
7364,421800038
7365,421800042
7366,421800045
7367,421800050
7368,421800052
7369,421800077
7370,421800094
7371,421800098
7372,421800101
7373,421800121
7374,421800127
7375,421800134
7376,421800135
7377,421800140
7378,421800145
7379,421800146
7380,421800157
7381,421800185
7382,421800188
7383,421800195
7384,421800211
7385,421900007
7386,421900010
7387,421900013
7388,421900023
7389,421900031
7390,421900036
7391,421900041
7392,421900044
7393,421900046
7394,421900058
7395,421900063
7396,421900070
7397,421900074
7398,421900077
7399,421900078
7400,421900080
7401,421900095
7402,421900108
7403,421900109
7404,421900110
7405,421900113
7406,421900114
7407,421900129
7408,421900134
7409,421900138
7410,421900143
7411,421900144
7412,421900146
7413,421900157
7414,421900158
7415,421900164
7416,421900170
7417,421900172
7418,421900202
7419,421900204
7420,421900211
7421,421900228
7422,421900244
7423,421900263
7424,421900267
7425,421900269
7426,421900274
7427,421900277
7428,421900283
7429,421900286
7430,421900287
7431,421900296
7432,421900297
7433,421900300
7434,421900310
7435,421900313
7436,421900318
7437,421900321
7438,421900322
7439,421900329
7440,421900330
7441,421900344
7442,421900347
7443,421900387
7444,421900392
7445,421900398
7446,422000012
7447,422000016
7448,422000020
7449,422000026
7450,422000030
7451,422000031
7452,422000042
7453,422000050
7454,422000069
7455,422000082
7456,422000086
7457,422000090
7458,422000108
7459,422000114
7460,422000119
7461,422000122
7462,422000123
7463,422000124
7464,422000126
7465,422000127
7466,422000129
7467,422000135
7468,422000136
7469,422000144
7470,422000149
7471,422000160
7472,422000162
7473,422000171
7474,422000177
7475,422000179
7476,422000196
7477,422000202
7478,422000256
7479,422000279
7480,422000286
7481,422000328
7482,422000329
7483,422100001
7484,422100004
7485,422100005
7486,422100007
7487,422100013
7488,422100015
7489,422100023
7490,422100040
7491,422100044
7492,422100045
7493,422100049
7494,422100059
7495,422100070
7496,422100074
7497,422100080
7498,422100081
7499,422100083
7500,422100093
7501,422100101
7502,422100114
7503,422100122
7504,422100125
7505,422100128
7506,422100129
7507,422100134
7508,422100138
7509,422100139
7510,422100140
7511,422100144
7512,422100146
7513,422100157
7514,422100161
7515,422100166
7516,422100167
7517,422100173
7518,422100176
7519,422100178
7520,422100180
7521,422100204
7522,422100205
7523,422100207
7524,422100211
7525,422100216
7526,422100217
7527,422100220
7528,422100222
7529,422100231
7530,422100234
7531,422100236
7532,422100239
7533,422100241
7534,422100248
7535,422100254
7536,422100256
7537,422100264
7538,422100265
7539,422100270
7540,422100271
7541,422100284
7542,422100293
7543,422100295
7544,422100296
7545,422100303
7546,422100304
7547,422100305
7548,422100306
7549,422100315
7550,422100319
7551,422100328
7552,422100332
7553,422100338
7554,422100339
7555,422100341
7556,422100342
7557,422100343
7558,422100345
7559,422100348
7560,422100351
7561,422100353
7562,422100355
7563,422100359
7564,422100362
7565,422100372
7566,422100376
7567,422100380
7568,422100382
7569,422100383
7570,422100387
7571,422100394
7572,422100397
7573,422100399
7574,422100401
7575,422100403
7576,422100410
7577,422100415
7578,422100417
7579,422100419
7580,422100420
7581,422100436
7582,422100444
7583,422100445
7584,422100451
7585,422100454
7586,422100460
7587,422100494
7588,422100500
7589,422100516
7590,422100534
7591,422100553
7592,422100555
7593,422100561
7594,422100562
7595,422100567
7596,422100570
7597,422100586
7598,422100589
7599,422100599
7600,422100600
7601,422100602
7602,422100604
7603,422100606
7604,422100608
7605,422100609
7606,422100610
7607,422100611
7608,422100614
7609,422100622
7610,422100626
7611,422100631
7612,422100634
7613,422100637
7614,422100641
7615,422100658
7616,422100666
7617,422100673
7618,422100675
7619,422100678
7620,422100680
7621,422100685
7622,422100687
7623,422100689
7624,422100692
7625,422100698
7626,422100704
7627,422100710
7628,422100714
7629,422100721
7630,422100728
7631,422100729
7632,422100731
7633,422100743
7634,422100744
7635,422100745
7636,422100748
7637,422100752
7638,422100771
7639,422100776
7640,422100800
7641,422100805
7642,422100812
7643,422100825
7644,422100870
7645,422100872
7646,422100874
7647,422100892
7648,422100896
7649,422100897
7650,422100902
7651,422100904
7652,422100905
7653,422100914
7654,422100916
7655,422100917
7656,422100923
7657,422100926
7658,422100933
7659,422100936
7660,422100937
7661,422100938
7662,422100939
7663,422100941
7664,422100945
7665,422100947
7666,422100949
7667,422100950
7668,422100961
7669,422200001
7670,422200011
7671,422200014
7672,422200020
7673,422200031
7674,422200035
7675,422200036
7676,422200037
7677,422200042
7678,422200043
7679,422200046
7680,422200055
7681,422200067
7682,422200076
7683,422200077
7684,422200079
7685,422200083
7686,422200092
7687,422200096
7688,422200097
7689,422200098
7690,422200099
7691,422200102
7692,422200107
7693,422200110
7694,422200111
7695,422200112
7696,422200118
7697,422200129
7698,422200130
7699,422200133
7700,422200140
7701,422200142
7702,422200143
7703,422200145
7704,422200148
7705,422200150
7706,422200158
7707,422200159
7708,422200160
7709,422200162
7710,422200163
7711,422200166
7712,422200167
7713,422200189
7714,422200192
7715,422200197
7716,422200218
7717,422200227
7718,422200236
7719,422200239
7720,422200240
7721,422200244
7722,422200247
7723,422200248
7724,422200250
7725,422200253
7726,422200255
7727,422200263
7728,422200292
7729,422200295
7730,422200299
7731,422200322
7732,422200325
7733,422200337
7734,422200340
7735,422200343
7736,422200344
7737,422200345
7738,422200347
7739,422200350
7740,422200352
7741,422200353
7742,422200354
7743,422200356
7744,422200357
7745,422200365
7746,422200374
7747,422200389
7748,422200390
7749,422200393
7750,422200396
7751,422200401
7752,422200403
7753,422200405
7754,422200406
7755,422200415
7756,422200419
7757,422200427
7758,422200429
7759,422200434
7760,422200445
7761,422200446
7762,422200448
7763,422200457
7764,422200461
7765,422200463
7766,422200475
7767,422200483
7768,422200487
7769,422200494
7770,422200496
7771,422200499
7772,422200502
7773,422200503
7774,422200511
7775,422200513
7776,422200517
7777,422200519
7778,422200523
7779,422200529
7780,422200541
7781,422200542
7782,422200556
7783,422200560
7784,422200561
7785,422300001
7786,422300005
7787,422300017
7788,422300019
7789,422300026
7790,422300027
7791,422300029
7792,422300031
7793,422300032
7794,422300033
7795,422300034
7796,422300036
7797,422300040
7798,422300042
7799,422300044
7800,422300045
7801,422300059
7802,422300066
7803,422300074
7804,422300081
7805,422300091
7806,422300094
7807,422300099
7808,422300102
7809,422300104
7810,422300105
7811,422300111
7812,422300113
7813,422300114
7814,422300117
7815,422300119
7816,422300123
7817,422300124
7818,422300132
7819,422300135
7820,422300139
7821,422300143
7822,422300145
7823,422300146
7824,422300147
7825,422300148
7826,422300150
7827,422300152
7828,422300155
7829,422300174
7830,422300176
7831,422300186
7832,422300198
7833,422300206
7834,422300208
7835,422300213
7836,422300214
7837,422300217
7838,422300221
7839,422300223
7840,422300225
7841,422300230
7842,422300233
7843,422300238
7844,422300241
7845,422300244
7846,422300288
7847,422300310
7848,422300311
7849,422300317
7850,422300320
7851,422300321
7852,422300325
7853,422300334
7854,422300339
7855,422300342
7856,422300346
7857,422300356
7858,422300361
7859,422300362
7860,422300363
7861,422300373
7862,422300379
7863,422300385
7864,422300396
7865,422300400
7866,422300416
7867,422300423
7868,422300424
7869,422300426
7870,422300430
7871,422300433
7872,422300435
7873,422400000
7874,422400001
7875,422400004
7876,422400012
7877,422400016
7878,422400024
7879,422400027
7880,422400041
7881,422400044
7882,422400048
7883,422400049
7884,422400053
7885,422400064
7886,422400074
7887,422400077
7888,422400079
7889,422400090
7890,422400094
7891,422400099
7892,422400104
7893,422400116
7894,422400118
7895,422400130
7896,422400131
7897,422400139
7898,422400142
7899,422400145
7900,422400152
7901,422400156
7902,422400161
7903,422400167
7904,422400170
7905,422400174
7906,422400180
7907,422400185
7908,422400186
7909,422400189
7910,422400197
7911,422400198
7912,422400199
7913,422400211
7914,422400229
7915,422400232
7916,422400244
7917,422400250
7918,422400254
7919,422400259
7920,422400260
7921,422400268
7922,422400270
7923,422400274
7924,422400281
7925,422400283
7926,422500010
7927,422500011
7928,422500022
7929,422500028
7930,422500031
7931,422500070
7932,422500071
7933,422500080
7934,422500088
7935,422500096
7936,422500103
7937,422500107
7938,422500120
7939,422500135
7940,422500137
7941,422500141
7942,422500145
7943,422500171
7944,422500194
7945,422500232
7946,422500233
7947,422500234
7948,422500244
7949,422500260
7950,422500269
7951,422500283
7952,422500287
7953,422500294
7954,422500295
7955,422500299
7956,422500301
7957,422500317
7958,422500347
7959,422500350
7960,422500357
7961,422500376
7962,422500377
7963,422500381
7964,422500412
7965,422500414
7966,422500436
7967,422500450
7968,422500453
7969,422500466
7970,422500470
7971,422500482
7972,422500487
7973,422500488
7974,422500489
7975,422500508
7976,422500510
7977,422500511
7978,422600001
7979,422600014
7980,422600015
7981,422600018
7982,422600023
7983,422600024
7984,422600025
7985,422600027
7986,422600030
7987,422600031
7988,422600033
7989,422600038
7990,422600054
7991,422600058
7992,422600069
7993,422600075
7994,422600082
7995,422600083
7996,422600085
7997,422600087
7998,422600096
7999,422600097
8000,422600100
8001,422600104
8002,422600105
8003,422600106
8004,422600110
8005,422600114
8006,422600126
8007,422600146
8008,422600147
8009,422600166
8010,422600176
8011,422600186
8012,422600187
8013,422600191
8014,422600198
8015,422600202
8016,422600210
8017,422600224
8018,422600237
8019,422600241
8020,422600247
8021,422600248
8022,422600253
8023,422600254
8024,422600257
8025,422600268
8026,422600273
8027,422600276
8028,422600277
8029,422600287
8030,422600297
8031,422600346
8032,422600360
8033,422600363
8034,422600369
8035,422600370
8036,422600371
8037,422600372
8038,422600375
8039,422600376
8040,422600378
8041,422600394
8042,422600440
8043,422600442
8044,422600448
8045,422600450
8046,422600462
8047,422600468
8048,422600478
8049,422600489
8050,422600502
8051,422600505
8052,422600506
8053,422600534
8054,422600539
8055,422600547
8056,422600550
8057,422600577
8058,422600590
8059,422600621
8060,422600630
8061,422600635
8062,422600641
8063,422600653
8064,422700009
8065,422700025
8066,422700027
8067,422700031
8068,422700048
8069,422700049
8070,422700057
8071,422700065
8072,422700069
8073,422700070
8074,422700074
8075,422700080
8076,422700084
8077,422700087
8078,422700088
8079,422700091
8080,422700092
8081,422700104
8082,422700131
8083,422700137
8084,422700142
8085,422700148
8086,422700164
8087,422700189
8088,422700191
8089,422700205
8090,422700219
8091,422700251
8092,422700259
8093,422700274
8094,422700278
8095,422700289
8096,422700306
8097,422700337
8098,422700357
8099,422700374
8100,422700389
8101,422700395
8102,422700400
8103,422700401
8104,422700406
8105,422700411
8106,422700414
8107,422700415
8108,422700418
8109,422700420
8110,422700424
8111,422700429
8112,422700430
8113,422700432
8114,422700437
8115,422700440
8116,422700444
8117,422700447
8118,422700448
8119,422700451
8120,422700459
8121,422700463
8122,422700465
8123,422700477
8124,422700480
8125,422700483
8126,422700485
8127,422700487
8128,422700491
8129,422700509
8130,422700513
8131,422700514
8132,422700520
8133,422700525
8134,422700528
8135,422700529
8136,422700537
8137,422700539
8138,422700545
8139,422700559
8140,422700561
8141,422700565
8142,422700568
8143,422700571
8144,422700587
8145,422700594
8146,422700620
8147,422700624
8148,422700639
8149,422700686
8150,422700688
8151,422800028
8152,422800047
8153,422800052
8154,422800057
8155,422800064
8156,422800072
8157,422800085
8158,422800090
8159,422800096
8160,422800100
8161,422800112
8162,422800113
8163,422800115
8164,422800120
8165,422800127
8166,422800131
8167,422800134
8168,422800135
8169,422800162
8170,422800164
8171,422800192
8172,422800196
8173,422800202
8174,422800243
8175,422800246
8176,422800251
8177,422800254
8178,422800257
8179,422800258
8180,422800265
8181,422800266
8182,422800275
8183,422800278
8184,422800288
8185,422800301
8186,422800303
8187,422800313
8188,422800321
8189,422800326
8190,422800329
8191,422800351
8192,422800384
8193,422800388
8194,422800423
8195,422800424
8196,422800428
8197,422800432
8198,422900028
8199,422900030
8200,422900042
8201,422900044
8202,422900046
8203,422900047
8204,422900048
8205,422900054
8206,422900055
8207,422900064
8208,422900068
8209,422900070
8210,422900075
8211,422900076
8212,422900080
8213,422900082
8214,422900084
8215,422900085
8216,422900095
8217,422900096
8218,422900100
8219,422900101
8220,422900103
8221,422900104
8222,422900105
8223,422900107
8224,422900108
8225,422900111
8226,422900112
8227,422900117
8228,422900123
8229,422900124
8230,422900125
8231,422900134
8232,422900140
8233,422900163
8234,422900165
8235,422900174
8236,422900200
8237,422900225
8238,422900231
8239,422900236
8240,422900247
8241,422900254
8242,422900256
8243,422900263
8244,422900264
8245,422900290
8246,422900317
8247,422900328
8248,422900350
8249,422900360
8250,422900378
8251,422900404
8252,423000001
8253,423000008
8254,423000015
8255,423000023
8256,423000027
8257,423000030
8258,423000034
8259,423000037
8260,423000038
8261,423000040
8262,423000046
8263,423000047
8264,423000049
8265,423000051
8266,423000057
8267,423000059
8268,423000066
8269,423000070
8270,423000073
8271,423000074
8272,423000075
8273,423000077
8274,423000084
8275,423000085
8276,423000087
8277,423000092
8278,423000095
8279,423000098
8280,423000099
8281,423000108
8282,423000110
8283,423000111
8284,423000114
8285,423000124
8286,423000129
8287,423000135
8288,423000152
8289,423000156
8290,423000157
8291,423000166
8292,423000171
8293,423000173
8294,423000197
8295,423000199
8296,423000201
8297,423000205
8298,423000214
8299,423000222
8300,423000228
8301,423000232
8302,423000252
8303,423000263
8304,423000300
8305,423000312
8306,423000329
8307,423000373
8308,423000378
8309,423000387
8310,423000392
8311,423000396
8312,423000397
8313,423000399
8314,423000401
8315,423000418
8316,423000419
8317,423000428
8318,423000432
8319,423000447
8320,423000466
8321,423000471
8322,423000472
8323,423000473
8324,423000478
8325,423000488
8326,423000566
8327,423000571
8328,423000577
8329,423000589
8330,423000594
8331,423000597
8332,423000600
8333,423000605
8334,423000607
8335,423000615
8336,423000617
8337,423000641
8338,423000643
8339,423100001
8340,423100006
8341,423100007
8342,423100018
8343,423100029
8344,423100039
8345,423100046
8346,423100053
8347,423100059
8348,423100066
8349,423100070
8350,423100074
8351,423100097
8352,423100112
8353,423100126
8354,423100131
8355,423100134
8356,423100136
8357,423100139
8358,423100145
8359,423100197
8360,423100218
8361,423100233
8362,423100257
8363,423100268
8364,423100273
8365,423100287
8366,423100329
8367,423100369
8368,423100378
8369,423100387
8370,423100405
8371,423200002
8372,423200005
8373,423200006
8374,423200007
8375,423200008
8376,423200020
8377,423200025
8378,423200027
8379,423200028
8380,423200043
8381,423200046
8382,423200052
8383,423200062
8384,423200078
8385,423200087
8386,423200102
8387,423200115
8388,423200122
8389,423200130
8390,423200134
8391,423200141
8392,423200146
8393,423200158
8394,423200159
8395,423200167
8396,423200170
8397,423200172
8398,423200182
8399,423200190
8400,423200192
8401,423200193
8402,423200221
8403,423200224
8404,423200230
8405,423200236
8406,423200241
8407,423200254
8408,423200270
8409,423200271
8410,423200278
8411,423200279
8412,423200296
8413,423200300
8414,423200308
8415,423200329
8416,423200334
8417,423200342
8418,423200343
8419,423200356
8420,423200362
8421,423200368
8422,423200386
8423,423200388
8424,423200399
8425,423200413
8426,423200425
8427,423200429
8428,423200430
8429,423200434
8430,423200435
8431,423200442
8432,423200443
8433,423200475
8434,423200486
8435,423200487
8436,423200496
8437,423300039
8438,423300041
8439,423300045
8440,423300127
8441,423300128
8442,423300131
8443,423300159
8444,423300174
8445,423300175
8446,423300178
8447,423300185
8448,423300186
8449,423300192
8450,423300194
8451,423300196
8452,423300198
8453,423300213
8454,423300218
8455,423300235
8456,423300241
8457,423300244
8458,423300248
8459,423300254
8460,423300256
8461,423300271
8462,423300293
8463,423300299
8464,423300334
8465,423300335
8466,423300348
8467,423300349
8468,423300352
8469,423300363
8470,423300368
8471,423300387
8472,423300399
8473,423300403
8474,423300404
8475,423300413
8476,423300424
8477,423300442
8478,423300453
8479,423300456
8480,423300457
8481,423300467
8482,423300469
8483,423300474
8484,423300485
8485,423300486
8486,423400005
8487,423400008
8488,423400010
8489,423400011
8490,423400012
8491,423400017
8492,423400021
8493,423400023
8494,423400029
8495,423400031
8496,423400034
8497,423400037
8498,423400091
8499,423400093
8500,423400101
8501,423400103
8502,423400108
8503,423400109
8504,423400135
8505,423400140
8506,423400144
8507,423400145
8508,423400150
8509,423400151
8510,423400152
8511,423400154
8512,423400156
8513,423400158
8514,423400159
8515,423400167
8516,423400168
8517,423400171
8518,423400172
8519,423400174
8520,423400178
8521,423400180
8522,423400182
8523,423400185
8524,423400188
8525,423400194
8526,423400195
8527,423400206
8528,423400211
8529,423400212
8530,423400213
8531,423400215
8532,423400221
8533,423400233
8534,423400237
8535,423400238
8536,423400241
8537,423400247
8538,423400251
8539,423400255
8540,423400260
8541,423400269
8542,423400282
8543,423400291
8544,423400292
8545,423400294
8546,423400296
8547,423400316
8548,423400318
8549,423400319
8550,423400332
8551,423400337
8552,423400350
8553,423400351
8554,423400359
8555,423400364
8556,423400378
8557,423400383
8558,423400384
8559,423400387
8560,423400388
8561,423400409
8562,423400410
8563,423400415
8564,423400416
8565,423400419
8566,423400421
8567,423400427
8568,423400433
8569,423400435
8570,423400437
8571,423400443
8572,423400447
8573,423400448
8574,423400449
8575,423400452
8576,423400454
8577,423400457
8578,423400470
8579,423400473
8580,423400481
8581,423400485
8582,423400489
8583,423400495
8584,423400497
8585,423400498
8586,423400501
8587,423400502
8588,423400503
8589,423400510
8590,423400515
8591,423400517
8592,423400523
8593,423400531
8594,423400537
8595,423400551
8596,423400556
8597,423400561
8598,423400567
8599,423400569
8600,423400581
8601,423400585
8602,423400596
8603,423400609
8604,423400626
8605,423500019
8606,423500023
8607,423500025
8608,423500032
8609,423500038
8610,423500048
8611,423500062
8612,423500083
8613,423500091
8614,423500141
8615,423500147
8616,423500154
8617,423500210
8618,423500212
8619,423500213
8620,423500227
8621,423500230
8622,423500231
8623,423500233
8624,423500235
8625,423500237
8626,423500251
8627,423500258
8628,423500270
8629,423500272
8630,423500274
8631,423500276
8632,423500278
8633,423500282
8634,423500291
8635,423600002
8636,423600005
8637,423600007
8638,423600009
8639,423600012
8640,423600021
8641,423600037
8642,423600052
8643,423600054
8644,423600086
8645,423600092
8646,423600095
8647,423600100
8648,423600102
8649,423600103
8650,423600111
8651,423600119
8652,423600185
8653,423600198
8654,423600203
8655,423600219
8656,423700017
8657,423700020
8658,423700027
8659,423700029
8660,423700036
8661,423700040
8662,423700052
8663,423700059
8664,423700070
8665,423700071
8666,423700080
8667,423700083
8668,423700089
8669,423700111
8670,423700120
8671,423700121
8672,423700125
8673,423700128
8674,423700133
8675,423700136
8676,423700145
8677,423700146
8678,423700147
8679,423700153
8680,423700180
8681,423700181
8682,423700182
8683,423700183
8684,423700185
8685,423700187
8686,423700193
8687,423700196
8688,423700197
8689,423700201
8690,423700218
8691,423700223
8692,423700237
8693,423700238
8694,423700243
8695,423700255
8696,423700256
8697,423700259
8698,423700264
8699,423700267
8700,423700268
8701,423700270
8702,423700273
8703,423700274
8704,423700281
8705,423700282
8706,423700287
8707,423700290
8708,423700325
8709,423700336
8710,423700338
8711,423700339
8712,423700342
8713,423700343
8714,423700349
8715,423700351
8716,423700352
8717,423700353
8718,423700355
8719,423700361
8720,423700373
8721,423700382
8722,423700384
8723,423700385
8724,423700386
8725,423700387
8726,423700391
8727,423700395
8728,423700396
8729,423700398
8730,423700399
8731,423700402
8732,423700404
8733,423700406
8734,423700407
8735,423700417
8736,423700426
8737,423700427
8738,423700431
8739,423700435
8740,423700450
8741,423800000
8742,423800009
8743,423800010
8744,423800016
8745,423800055
8746,423800069
8747,423800075
8748,423800091
8749,423800113
8750,423800120
8751,423800121
8752,423800123
8753,423800125
8754,423800146
8755,423800147
8756,423800151
8757,423800155
8758,423800164
8759,423800165
8760,423800168
8761,423800178
8762,423800185
8763,423800191
8764,423800193
8765,423800195
8766,423800196
8767,423800201
8768,423800202
8769,423800207
8770,423800211
8771,423800217
8772,423800218
8773,423800227
8774,423800230
8775,423800233
8776,423800239
8777,423800245
8778,423800246
8779,423800252
8780,423900005
8781,423900008
8782,423900010
8783,423900012
8784,423900013
8785,423900014
8786,423900017
8787,423900021
8788,423900038
8789,423900046
8790,423900047
8791,423900051
8792,423900057
8793,423900064
8794,423900068
8795,423900070
8796,423900080
8797,423900086
8798,423900093
8799,423900104
8800,423900105
8801,423900125
8802,423900143
8803,423900145
8804,423900147
8805,423900148
8806,423900158
8807,423900160
8808,423900167
8809,423900175
8810,423900180
8811,423900183
8812,423900225
8813,423900238
8814,423900300
8815,423900311
8816,423900314
8817,423900316
8818,423900319
8819,423900323
8820,423900324
8821,423900325
8822,423900326
8823,423900328
8824,423900346
8825,423900349
8826,423900350
8827,423900354
8828,423900355
8829,423900358
8830,423900362
8831,423900365
8832,423900367
8833,424000009
8834,424000010
8835,424000019
8836,424000027
8837,424000037
8838,424000039
8839,424000046
8840,424000047
8841,424000048
8842,424000049
8843,424000057
8844,424000076
8845,424000101
8846,424000115
8847,424000120
8848,424000121
8849,424000124
8850,424000129
8851,424000135
8852,424000148
8853,424000159
8854,424000188
8855,424000190
8856,424000191
8857,424000192
8858,424000197
8859,424000199
8860,424000228
8861,424000232
8862,424000239
8863,424000246
8864,424000247
8865,424000257
8866,424000258
8867,424000263
8868,424000264
8869,424000267
8870,424000268
8871,424000269
8872,424000271
8873,424000272
8874,424000280
8875,424000291
8876,424000294
8877,424000304
8878,424000307
8879,424000312
8880,424000316
8881,424000319
8882,424000320
8883,424000322
8884,424000335
8885,424100001
8886,424100010
8887,424100013
8888,424100015
8889,424100017
8890,424100019
8891,424100021
8892,424100022
8893,424100025
8894,424100026
8895,424100028
8896,424100029
8897,424100030
8898,424100031
8899,424100032
8900,424100038
8901,424100039
8902,424100041
8903,424100044
8904,424100045
8905,424100049
8906,424100053
8907,424100055
8908,424100060
8909,424100066
8910,424100068
8911,424100070
8912,424100074
8913,424100076
8914,424100077
8915,424100082
8916,424100085
8917,424100087
8918,424100094
8919,424100102
8920,424100103
8921,424100113
8922,424100121
8923,424100131
8924,424100142
8925,424100148
8926,424100156
8927,424100163
8928,424100170
8929,424100174
8930,424100178
8931,424100181
8932,424100189
8933,424100190
8934,424100191
8935,424100201
8936,424100211
8937,424100215
8938,424100254
8939,424100290
8940,424100293
8941,424100295
8942,424100310
8943,424100326
8944,424100336
8945,424100337
8946,424100342
8947,424100345
8948,424100363
8949,424100365
8950,424100373
8951,424100376
8952,424100394
8953,424100396
8954,424100401
8955,424100404
8956,424100406
8957,424100407
8958,424100412
8959,424100425
8960,424100442
8961,424100446
8962,424100458
8963,424100470
8964,424100479
8965,424100488
8966,424100498
8967,424100522
8968,424100528
8969,424100538
8970,424100543
8971,424100549
8972,424100563
8973,424100564
8974,424100566
8975,424100581
8976,424100587
8977,424100615
8978,424100650
8979,424100662
8980,424100663
8981,424100672
8982,424100680
8983,424100685
8984,424100689
8985,424100693
8986,424100694
8987,424100709
8988,424100724
8989,424100725
8990,424100729
8991,424100731
8992,424100733
8993,424100742
8994,424100745
8995,424100748
8996,424100749
8997,424100750
8998,424100753
8999,424100754
9000,424100755
9001,424100757
9002,424100761
9003,424100766
9004,424100768
9005,424100776
9006,424100781
9007,424100790
9008,424100796
9009,424100803
9010,424100805
9011,424100807
9012,424100819
9013,424100820
9014,424100826
9015,424100836
9016,424100842
9017,424200004
9018,424200057
9019,424200061
9020,424200114
9021,424200127
9022,424200128
9023,424200144
9024,424200162
9025,424200183
9026,424200185
9027,424200200
9028,424200215
9029,424200237
9030,424200254
9031,424300010
9032,424300038
9033,424300077
9034,424300082
9035,424300088
9036,424300089
9037,424300115
9038,424300128
9039,424300144
9040,424300150
9041,424300178
9042,424300200
9043,424300204
9044,424300206
9045,424300207
9046,424300209
9047,424300213
9048,424300221
9049,424300222
9050,424300229
9051,424300230
9052,424300232
9053,424300240
9054,424300242
9055,424300257
9056,424300259
9057,424300267
9058,424300269
9059,424300275
9060,424300277
9061,424300279
9062,424300280
9063,424300281
9064,424300285
9065,424300289
9066,424300290
9067,424300291
9068,424300294
9069,424300296
9070,424300298
9071,424300299
9072,424300302
9073,424300303
9074,424300313
9075,424300314
9076,424300315
9077,424300317
9078,424300320
9079,424300322
9080,424300324
9081,424300329
9082,424300340
9083,424300344
9084,424300364
9085,424300373
9086,424300388
9087,424300399
9088,424300400
9089,424300421
9090,424300423
9091,424300433
9092,424300445
9093,424300561
9094,424300601
9095,424300617
9096,424300622
9097,424300625
9098,424300640
9099,424300668
9100,424300680
9101,424300687
9102,424300689
9103,424300701
9104,424300711
9105,424300714
9106,424300740
9107,424300745
9108,424400007
9109,424400035
9110,424400061
9111,424400070
9112,424400077
9113,424400083
9114,424400091
9115,424400135
9116,424400136
9117,424400174
9118,424400197
9119,424400252
9120,424400267
9121,424400280
9122,424400281
9123,424500004
9124,424500015
9125,424500021
9126,424500023
9127,424500024
9128,424500035
9129,424500070
9130,424500071
9131,424500073
9132,424500079
9133,424500089
9134,424500090
9135,424500100
9136,424500106
9137,424500111
9138,424500112
9139,424500127
9140,424500137
9141,424500167
9142,424500173
9143,424500204
9144,424500217
9145,424500221
9146,424500233
9147,424500243
9148,424500284
9149,424500288
9150,424500314
9151,424600065
9152,424600072
9153,424600077
9154,424600083
9155,424600089
9156,424600099
9157,424600109
9158,424600119
9159,424600124
9160,424600129
9161,424600155
9162,424600158
9163,424600163
9164,424600168
9165,424600169
9166,424600198
9167,424600217
9168,424600231
9169,424600232
9170,424600244
9171,424600245
9172,424600255
9173,424600257
9174,424700001
9175,424700012
9176,424700026
9177,424700031
9178,424700038
9179,424700065
9180,424700070
9181,424700074
9182,424700080
9183,424700085
9184,424700089
9185,424700107
9186,424700113
9187,424700115
9188,424700129
9189,424700134
9190,424700135
9191,424700137
9192,424700151
9193,424700170
9194,424700174
9195,424700175
9196,424700176
9197,424700179
9198,424700180
9199,424700181
9200,424700182
9201,424700184
9202,424700190
9203,424700195
9204,424700197
9205,424700214
9206,424700216
9207,424700219
9208,424700222
9209,424700236
9210,424700240
9211,424700243
9212,424700250
9213,424700254
9214,424700270
9215,424700273
9216,424700279
9217,424700280
9218,424700281
9219,424700287
9220,424700289
9221,424700292
9222,424700302
9223,424700306
9224,424700307
9225,424700321
9226,424700323
9227,424700330
9228,424700337
9229,424700365
9230,424700374
9231,424700381
9232,424700383
9233,424700387
9234,424700391
9235,424700393
9236,424700398
9237,424700400
9238,424700435
9239,424700436
9240,424700445
9241,424700452
9242,424800003
9243,424800011
9244,424800077
9245,424800084
9246,424800088
9247,424800120
9248,424800147
9249,424800154
9250,424800184
9251,424800204
9252,424800210
9253,424800219
9254,424800223
9255,424800226
9256,424900007
9257,424900020
9258,424900028
9259,424900034
9260,424900056
9261,424900071
9262,424900082
9263,424900089
9264,424900092
9265,424900095
9266,424900121
9267,424900134
9268,424900139
9269,424900140
9270,424900143
9271,424900154
9272,424900160
9273,424900163
9274,424900166
9275,424900179
9276,424900181
9277,424900183
9278,424900185
9279,424900191
9280,424900198
9281,424900206
9282,424900208
9283,424900216
9284,424900248
9285,425000001
9286,425000002
9287,425000007
9288,425000013
9289,425000018
9290,425000019
9291,425000022
9292,425000031
9293,425000036
9294,425000037
9295,425000043
9296,425000044
9297,425000047
9298,425000067
9299,425000078
9300,425000081
9301,425000082
9302,425000086
9303,425000093
9304,425000100
9305,425000128
9306,425000132
9307,425000135
9308,425000142
9309,425000154
9310,425000159
9311,425000186
9312,425000194
9313,425000202
9314,425000252
9315,425000259
9316,425000266
9317,425000276
9318,425000278
9319,425000280
9320,425000285
9321,425000299
9322,425000300
9323,425000301
9324,425000303
9325,425000304
9326,425000310
9327,425000358
9328,425000361
9329,425000362
9330,425000363
9331,425000365
9332,425000366
9333,425000376
9334,425000384
9335,425000388
9336,425000400
9337,425000404
9338,425000406
9339,425000410
9340,425000424
9341,425000438
9342,425100013
9343,425100016
9344,425100017
9345,425100059
9346,425100077
9347,425100097
9348,425100111
9349,425100114
9350,425100119
9351,425100122
9352,425100133
9353,425100137
9354,425100144
9355,425100156
9356,425100167
9357,425100170
9358,425100175
9359,425100192
9360,425100204
9361,425100209
9362,425100212
9363,425100228
9364,425100230
9365,425100237
9366,425100264
9367,425100265
9368,425100268
9369,425100303
9370,425100317
9371,425100323
9372,425100326
9373,425100344
9374,425100346
9375,425100349
9376,425100357
9377,425100358
9378,425100370
9379,425100376
9380,425200003
9381,425200004
9382,425200013
9383,425200019
9384,425200027
9385,425200029
9386,425200036
9387,425200038
9388,425200041
9389,425200062
9390,425200084
9391,425200085
9392,425200095
9393,425200110
9394,425200111
9395,425200113
9396,425200123
9397,425200146
9398,425200155
9399,425200198
9400,425200247
9401,425200252
9402,425200281
9403,425200283
9404,425200296
9405,425200302
9406,425200304
9407,425200314
9408,425200319
9409,425200325
9410,425200332
9411,425200339
9412,425200343
9413,425300012
9414,425300014
9415,425300018
9416,425300020
9417,425300028
9418,425300034
9419,425300035
9420,425300043
9421,425300057
9422,425300063
9423,425300067
9424,425300068
9425,425300072
9426,425300075
9427,425300082
9428,425300083
9429,425300089
9430,425300090
9431,425300100
9432,425300102
9433,425300103
9434,425300111
9435,425300119
9436,425300142
9437,425300146
9438,425300148
9439,425300150
9440,425300152
9441,425300163
9442,425300166
9443,425300170
9444,425300171
9445,425300175
9446,425300182
9447,425300183
9448,425300198
9449,425300230
9450,425300235
9451,425300242
9452,425300245
9453,425300246
9454,425300248
9455,425300250
9456,425300253
9457,425300254
9458,425300256
9459,425300257
9460,425300263
9461,425300265
9462,425300267
9463,425300268
9464,425300273
9465,425300274
9466,425300275
9467,425300278
9468,425300281
9469,425300283
9470,425300286
9471,425300288
9472,425300291
9473,425300293
9474,425300295
9475,425300297
9476,425300298
9477,425300304
9478,425300305
9479,425300306
9480,425300308
9481,425300311
9482,425300312
9483,425300313
9484,425300322
9485,425300325
9486,425300328
9487,425300329
9488,425300336
9489,425300340
9490,425300341
9491,425300342
9492,425300351
9493,425300362
9494,425300364
9495,425300368
9496,425400008
9497,425400020
9498,425400033
9499,425400037
9500,425400038
9501,425400049
9502,425400088
9503,425400097
9504,425400103
9505,425400105
9506,425400114
9507,425400115
9508,425400121
9509,425400124
9510,425400126
9511,425400128
9512,425400129
9513,425400137
9514,425400139
9515,425400142
9516,425400143
9517,425400144
9518,425400145
9519,425400148
9520,425400152
9521,425400156
9522,425400160
9523,425400164
9524,425400166
9525,425400167
9526,425400168
9527,425400170
9528,425400172
9529,425400174
9530,425400206
9531,425400231
9532,425400274
9533,425400278
9534,425400328
9535,425400335
9536,425400338
9537,425400341
9538,425400342
9539,425400344
9540,425400345
9541,425400350
9542,425400352
9543,425400357
9544,425400361
9545,425400362
9546,425400366
9547,425400368
9548,425400373
9549,425400377
9550,425400380
9551,425400385
9552,425400387
9553,425400396
9554,425500011
9555,425500040
9556,425500062
9557,425500084
9558,425500097
9559,425500102
9560,425500103
9561,425500105
9562,425500108
9563,425500110
9564,425500114
9565,425500115
9566,425500116
9567,425500118
9568,425500119
9569,425500120
9570,425500124
9571,425500127
9572,425500129
9573,425500132
9574,425500133
9575,425500134
9576,425500144
9577,425500148
9578,425500161
9579,425500164
9580,425500173
9581,425500178
9582,425500179
9583,425500186
9584,425500198
9585,425500213
9586,425500215
9587,425500219
9588,425500227
9589,425500228
9590,425500232
9591,425500253
9592,425500254
9593,425500267
9594,425500307
9595,425500308
9596,425500314
9597,425500317
9598,425500324
9599,425500330
9600,425500348
9601,425500367
9602,425500374
9603,425500396
9604,425500401
9605,425500403
9606,425500414
9607,425500420
9608,425500424
9609,425500454
9610,425500474
9611,425500482
9612,425500487
9613,425600000
9614,425600011
9615,425600015
9616,425600039
9617,425600066
9618,425600071
9619,425600072
9620,425600074
9621,425600093
9622,425600104
9623,425600106
9624,425600119
9625,425600120
9626,425600127
9627,425600128
9628,425600140
9629,425600169
9630,425600174
9631,425600182
9632,425600184
9633,425600190
9634,425600192
9635,425600193
9636,425600194
9637,425600207
9638,425600223
9639,425600239
9640,425700002
9641,425700004
9642,425700005
9643,425700006
9644,425700010
9645,425700031
9646,425700038
9647,425700039
9648,425700047
9649,425700048
9650,425700052
9651,425700058
9652,425700066
9653,425700070
9654,425700080
9655,425700089
9656,425700096
9657,425700101
9658,425700146
9659,425700149
9660,425700150
9661,425700164
9662,425700172
9663,425700177
9664,425700179
9665,425700195
9666,425700223
9667,425700232
9668,425700234
9669,425700254
9670,425700255
9671,425700259
9672,425700263
9673,425700265
9674,425700266
9675,425700268
9676,425700269
9677,425700273
9678,425700274
9679,425700276
9680,425700280
9681,425700282
9682,425700286
9683,425700291
9684,425700300
9685,425700301
9686,425700304
9687,425700305
9688,425700311
9689,425700312
9690,425700317
9691,425700321
9692,425700324
9693,425700328
9694,425700344
9695,425700352
9696,425700355
9697,425700356
9698,425700358
9699,425700359
9700,425700370
9701,425700384
9702,425700389
9703,425700393
9704,425700396
9705,425700397
9706,425700407
9707,425700408
9708,425700427
9709,425700430
9710,425700443
9711,425700451
9712,425700453
9713,425700456
9714,425700457
9715,425700458
9716,425700461
9717,425700463
9718,425700466
9719,425700472
9720,425700483
9721,425700495
9722,425800005
9723,425800022
9724,425800024
9725,425800044
9726,425800045
9727,425800051
9728,425800060
9729,425800062
9730,425800068
9731,425800074
9732,425800080
9733,425800082
9734,425800084
9735,425800091
9736,425800092
9737,425800103
9738,425800105
9739,425800108
9740,425800126
9741,425800136
9742,425800141
9743,425800142
9744,425800144
9745,425800171
9746,425800189
9747,425800199
9748,425800230
9749,425800238
9750,425800251
9751,425800266
9752,425800280
9753,425800281
9754,425800291
9755,425900011
9756,425900013
9757,425900033
9758,425900034
9759,425900039
9760,425900048
9761,425900063
9762,425900095
9763,425900109
9764,425900114
9765,425900120
9766,425900121
9767,425900133
9768,425900147
9769,425900163
9770,425900168
9771,425900184
9772,425900186
9773,425900192
9774,425900193
9775,425900194
9776,425900195
9777,425900197
9778,425900209
9779,425900211
9780,425900214
9781,425900216
9782,425900218
9783,425900225
9784,425900235
9785,425900237
9786,425900240
9787,425900242
9788,425900243
9789,425900257
9790,425900282
9791,426000004
9792,426000011
9793,426000012
9794,426000030
9795,426000036
9796,426000038
9797,426000040
9798,426000044
9799,426000070
9800,426000079
9801,426000090
9802,426000117
9803,426000119
9804,426000122
9805,426000131
9806,426000138
9807,426000139
9808,426000141
9809,426000142
9810,426000143
9811,426000144
9812,426000145
9813,426000147
9814,426000149
9815,426000151
9816,426000154
9817,426000157
9818,426000159
9819,426000161
9820,426000162
9821,426000166
9822,426000167
9823,426000168
9824,426000170
9825,426000172
9826,426000173
9827,426000174
9828,426000176
9829,426000179
9830,426000181
9831,426000183
9832,426000184
9833,426000185
9834,426000192
9835,426000195
9836,426000196
9837,426000201
9838,426000202
9839,426000203
9840,426000211
9841,426000213
9842,426000216
9843,426000222
9844,426000223
9845,426000225
9846,426000227
9847,426000234
9848,426000238
9849,426000261
9850,426000270
9851,426000293
9852,426000300
9853,426000301
9854,426000303
9855,426000306
9856,426000308
9857,426000310
9858,426000313
9859,426000314
9860,426000315
9861,426000326
9862,426000330
9863,426000337
9864,426000338
9865,426000340
9866,426000341
9867,426000347
9868,426000351
9869,426000354
9870,426000356
9871,426000363
9872,426000364
9873,426000366
9874,426000371
9875,426000379
9876,426000388
9877,426000389
9878,426000392
9879,426000393
9880,426000396
9881,426000398
9882,426000404
9883,426000407
9884,426000412
9885,426000434
9886,426000440
9887,426000442
9888,426000445
9889,426000449
9890,426000453
9891,426000460
9892,426000464
9893,426000472
9894,426000474
9895,426000516
9896,426000517
9897,426000518
9898,426000519
9899,426000539
9900,426000551
9901,426000552
9902,426000557
9903,426000561
9904,426000562
9905,426000567
9906,426000568
9907,426000576
9908,426100001
9909,426100002
9910,426100004
9911,426100005
9912,426100026
9913,426100036
9914,426100042
9915,426100043
9916,426100053
9917,426100057
9918,426100065
9919,426100077
9920,426100083
9921,426100098
9922,426100101
9923,426100107
9924,426100118
9925,426100124
9926,426100134
9927,426100141
9928,426100316
9929,426200000
9930,426200003
9931,426200017
9932,426200038
9933,426200041
9934,426200043
9935,426200067
9936,426200068
9937,426200072
9938,426200073
9939,426200075
9940,426200079
9941,426200088
9942,426200093
9943,426200098
9944,426200106
9945,426200108
9946,426200114
9947,426200119
9948,426200121
9949,426200132
9950,426200158
9951,426200160
9952,426200162
9953,426200174
9954,426200178
9955,426200180
9956,426200181
9957,426200183
9958,426200193
9959,426200196
9960,426200214
9961,426200215
9962,426200216
9963,426200227
9964,426200236
9965,426200242
9966,426200268
9967,426200300
9968,426200309
9969,426200310
9970,426200316
9971,426200330
9972,426200331
9973,426300001
9974,426300005
9975,426300010
9976,426300011
9977,426300013
9978,426300014
9979,426300016
9980,426300024
9981,426300039
9982,426300048
9983,426300065
9984,426300072
9985,426300078
9986,426300084
9987,426300099
9988,426300116
9989,426300125
9990,426300128
9991,426300138
9992,426300142
9993,426300149
9994,426300151
9995,426300152
9996,426300155
9997,426300157
9998,426300186
9999,426300191
10000,426300203
10001,426300204
10002,426300210
10003,426300222
10004,426300243
10005,426300247
10006,426300253
10007,426300269
10008,426400001
10009,426400004
10010,426400005
10011,426400009
10012,426400011
10013,426400014
10014,426400015
10015,426400017
10016,426400020
10017,426400025
10018,426400027
10019,426400028
10020,426400030
10021,426400035
10022,426400045
10023,426400057
10024,426400065
10025,426400068
10026,426400075
10027,426400084
10028,426400085
10029,426400095
10030,426400114
10031,426400115
10032,426400116
10033,426400122
10034,426400124
10035,426400126
10036,426400128
10037,426400138
10038,426400167
10039,426400169
10040,426400175
10041,426400182
10042,426400183
10043,426400200
10044,426400213
10045,426400214
10046,426400231
10047,426400234
10048,426400241
10049,426400256
10050,426400259
10051,426400260
10052,426400287
10053,426400288
10054,426400294
10055,426400308
10056,426400341
10057,426400357
10058,426400362
10059,426400366
10060,426400368
10061,426400426
10062,426400428
10063,426500020
10064,426500101
10065,426500168
10066,426500172
10067,426500174
10068,426500178
10069,426500208
10070,426500220
10071,426500222
10072,426500225
