cluster_idx,event_id
1,324600016
2,324800003
3,325000001
4,325000009
5,325000024
6,325000025
7,325000031
8,325000039
9,325000042
10,325000053
11,325000054
12,325000055
13,325000059
14,325000079
15,325000082
16,325000088
17,325000096
18,325000099
19,325000108
20,325000123
21,325000141
22,325000158
23,325000168
24,325000171
25,325000174
26,325000182
27,325100006
28,325300021
29,325300031
30,325300035
31,325300040
32,325300042
33,325300098
34,325300103
35,325500061
36,325600000
37,325600016
38,325600023
39,325600029
40,325600045
41,325600077
42,325600092
43,325800016
44,325800069
45,325800080
46,325800095
47,325800105
48,325800119
49,325800122
50,325800128
51,325800139
52,325800147
53,325800177
54,325800236
55,325900013
56,325900057
57,325900084
58,326100014
59,326600006
60,326600008
61,326600010
62,326600011
63,326600029
64,326600032
65,326800095
66,327000065
67,327100045
68,327400290
69,327500058
70,327500102
71,327500104
72,327500107
73,327500112
74,327500155
75,327500164
76,327500170
77,327500176
78,327500178
79,327500183
80,327500199
81,327500201
82,327500205
83,327500209
84,327500210
85,327500218
86,327500230
87,327600014
88,327600020
89,327600035
90,327600044
91,327600051
92,327600077
93,327600091
94,327700004
95,327700005
96,327700011
97,328100007
98,328300000
99,328400002
100,328600047
101,328700016
102,328700022
103,328700036
104,328700063
105,328800023
106,328800066
107,328900047
108,328900076
109,329000007
110,329000008
111,329000017
112,329000050
113,329100058
114,329200036
115,329200043
116,329200085
117,329200096
118,329200115
119,329200117
120,329200124
121,329200132
122,329200142
123,329300025
124,329300037
125,329300045
126,329300050
127,329300054
128,329300055
129,329300056
130,329300057
131,329300097
132,329400030
133,329400038
134,329600011
135,329600043
136,329700008
137,329700009
138,329700060
139,329700072
140,329800011
141,329900033
142,329900034
143,329900051
144,329900086
145,329900102
146,329900147
147,330100007
148,330100024
149,330100108
150,330100138
151,330100178
152,330100239
153,330100240
154,330300002
155,330300027
156,330300106
157,330300123
158,330300134
159,330300135
160,330300137
161,330300140
162,330300145
163,330300169
164,330300245
165,330400008
166,330400009
167,330400018
168,330400019
169,330400122
170,330400124
171,330400131
172,330400134
173,330400141
174,330400156
175,330600020
176,330600024
177,330600046
178,330600054
179,330600067
180,330700035
181,330700052
182,330800003
183,330800012
184,330800013
185,330900037
186,330900060
187,331000048
188,331000054
189,331000093
190,331000156
191,331000170
192,331000177
193,331000182
194,331000184
195,331000211
196,331000214
197,331000216
198,331000229
199,331000264
200,331000279
201,331000280
202,331000324
203,331000331
204,331000332
205,331000341
206,331000377
207,331000388
208,331000389
209,331000396
210,331100025
211,331100027
212,331100030
213,331100054
214,331100056
215,331100058
216,331100059
217,331100079
218,331100088
219,331100094
220,331100095
221,331100098
222,331100105
223,331100132
224,331100137
225,331300044
226,331400030
227,331500001
228,331500012
229,331500018
230,331500027
231,331500038
232,331600007
233,331700000
234,331700002
235,331700034
236,331700040
237,331700104
238,331700110
239,331700126
240,331700144
241,331800018
242,332000008
243,332200002
244,332300012
245,332400009
246,332800018
247,332900014
248,332900019
249,332900024
250,333700026
251,333900001
252,333900019
253,334200017
254,334900084
255,334900089
256,335000053
257,335200022
258,335200026
259,335200029
260,335300057
261,335300059
262,335300108
263,335300119
264,335400002
265,335400009
266,335500011
267,335500019
268,335500033
269,335500039
270,335500061
271,335700009
272,335700021
273,335700049
274,335700054
275,335700101
276,335800023
277,336100008
278,336300014
279,336300019
280,336500030
281,400300014
282,400500036
283,400600010
284,400600011
285,400600024
286,400600025
287,400600060
288,400800062
289,400800081
290,400800089
291,400800174
292,400800175
293,400900010
294,400900023
295,400900054
296,401000009
297,401000010
298,401000029
299,401000046
300,401200021
301,401200028
302,401200053
303,401300004
304,401300027
305,401600012
306,401700029
307,401800056
308,401900203
309,401900209
310,401900214
311,401900217
312,401900218
313,401900231
314,402100007
315,402100015
316,402100079
317,402200015
318,402200034
319,402200132
320,402200137
321,402200142
322,402200156
323,402200169
324,402500012
325,402500084
326,402500087
327,402500089
328,402500093
329,402500094
330,402500096
331,402700027
332,402700034
333,402700036
334,402700051
335,403000017
336,403000026
337,403000034
338,403000048
339,403000113
340,403100003
341,403100013
342,403100014
343,406100010
344,406100016
345,406100029
346,406200066
347,406300000
348,406300019
349,406300024
350,406300034
351,406400006
352,406500009
353,406500028
354,406500061
355,406600030
356,406700001
357,406700008
358,406700042
359,406700050
360,406700052
361,406700055
362,406800028
363,406800035
364,406800037
365,406800040
366,406800059
367,406900006
368,406900035
369,406900036
370,406900040
371,406900048
372,406900053
373,406900057
374,406900078
375,406900082
376,406900098
377,407000005
378,407000017
379,407000020
380,407000023
381,408700044
382,408700063
383,408700066
384,408700069
385,408700080
386,408700087
387,408700095
388,408700102
389,408800007
390,408800032
391,408800033
392,408800034
393,408800058
394,408800061
395,408800062
396,408900014
397,408900019
398,408900027
399,408900029
400,408900046
401,408900059
402,408900113
403,408900117
404,408900126
405,408900135
406,408900137
407,409000001
408,409000309
409,409000351
410,409000407
411,409000408
412,409000431
413,409000434
414,409000443
415,409000444
416,409000449
417,409000450
418,409000454
419,409000463
420,409000469
421,409100009
422,409100010
423,409100042
424,409100062
425,409100085
426,409100092
427,409100106
428,409100107
429,409100120
430,409200050
431,409200064
432,409200070
433,409200073
434,409200084
435,409200089
436,409200092
437,409200100
438,409200102
439,409200118
440,409200146
441,409200150
442,409200151
443,409200157
444,409200172
445,409200181
446,409200192
447,409200215
448,409200218
449,409200224
450,409200228
451,409200232
452,409200235
453,409300002
454,409300004
455,409300005
456,409300007
457,409300008
458,409300009
459,409300020
460,409300038
461,409300046
462,409300049
463,409300050
464,409300051
465,409300052
466,409300058
467,409300059
468,409300071
469,409300075
470,409300094
471,409300151
472,409300165
473,409300187
474,409300192
475,409400014
476,409400050
477,409400057
478,409400073
479,409400075
480,409400085
481,409500001
482,409500016
483,409500026
484,409500029
485,409500053
486,409500059
487,409500078
488,409500094
489,409500106
490,409500116
491,409500123
492,409500127
493,409500129
494,409500135
495,409500148
496,409500150
497,409500151
498,409500163
499,409500176
500,409500185
501,409500193
502,409500216
503,409500220
504,409500228
505,409500232
506,409500236
507,409500237
508,409500238
509,409500242
510,409500244
511,409500268
512,409500270
513,409500282
514,409500286
515,409500288
516,409500290
517,409500296
518,409500298
519,409500299
520,409500303
521,409500310
522,409500312
523,409500322
524,409500328
525,409500331
526,409500335
527,409500351
528,409500362
529,409600016
530,409600030
531,409600032
532,409600038
533,409600050
534,409600064
535,409600078
536,409600084
537,409600090
538,409600105
539,409600109
540,409600111
541,409600120
542,409600123
543,409600124
544,409600129
545,409600133
546,409600149
547,409600154
548,409700029
549,409700042
550,409700060
551,409700081
552,409800016
553,409800033
554,409800053
555,409800056
556,409900028
557,409900050
558,409900067
559,409900080
560,409900124
561,410000003
562,410000007
563,410000010
564,410000037
565,410000045
566,410000046
567,410000073
568,410000081
569,410000092
570,410000116
571,410000133
572,410000139
573,410000140
574,410000177
575,410000186
576,410000191
577,410000192
578,410000200
579,410000202
580,410000204
581,410000210
582,410000213
583,410000214
584,410000223
585,410000226
586,410000236
587,410000244
588,410000245
589,410000247
590,410000249
591,410000252
592,410000254
593,410000257
594,410000264
595,410000267
596,410000274
597,410000284
598,410000288
599,410000309
600,410000311
601,410000312
602,410000324
603,410000336
604,410100011
605,410100027
606,410100031
607,410100049
608,410100096
609,410100100
610,410100107
611,410100111
612,410100114
613,410100116
614,410100135
615,410100137
616,410100141
617,410100152
618,410100169
619,410100178
620,410100182
621,410100197
622,410200020
623,410200032
624,410200050
625,410300003
626,410300015
627,410300016
628,410300021
629,410300058
630,410300067
631,410300068
632,410300071
633,410300117
634,410300129
635,410300137
636,410300164
637,410400014
638,410400018
639,410400032
640,410400079
641,410400105
642,410400123
643,410500001
644,410500002
645,410500051
646,410500061
647,410500062
648,410500069
649,410500075
650,410500082
651,410500092
652,410500094
653,410500105
654,410500112
655,410500121
656,410500145
657,410500165
658,410500166
659,410500168
660,410500179
661,410500193
662,410500194
663,410500200
664,410500221
665,410500225
666,410500240
667,410500242
668,410500251
669,410500260
670,410500261
671,410500263
672,410500279
673,410500303
674,410500363
675,410500369
676,410500376
677,410600026
678,410600029
679,410600071
680,410600142
681,410600167
682,410600198
683,410600199
684,410600221
685,410600234
686,410600239
687,410600254
688,410600259
689,410600261
690,410600262
691,410600284
692,410600300
693,410600306
694,410600323
695,410700020
696,410700023
697,410700045
698,410700056
699,410700057
700,410700058
701,410700059
702,410700060
703,410700067
704,410700080
705,410700094
706,410700117
707,410700118
708,410700119
709,410700143
710,410700152
711,410700181
712,410700190
713,410700199
714,410700207
715,410700242
716,410700243
717,410700250
718,410700252
719,410700256
720,410700261
721,410700267
722,410700271
723,410700277
724,410700284
725,410700290
726,410700305
727,410700331
728,410700334
729,410700337
730,410700341
731,410700342
732,410700345
733,410700348
734,410700349
735,410700350
736,410700352
737,410700378
738,410700382
739,410700387
740,410700396
741,410700404
742,410700415
743,410700420
744,410700426
745,410700429
746,410700432
747,410700434
748,410700446
749,410700447
750,410700451
751,410700468
752,410700492
753,410700499
754,410700504
755,410700513
756,410700514
757,410700516
758,410700517
759,410700522
760,410700533
761,410700539
762,410800017
763,410800039
764,410800050
765,410800076
766,410800081
767,410800094
768,410800113
769,410800140
770,410800141
771,410800149
772,410900007
773,410900017
774,410900035
775,410900040
776,410900053
777,410900055
778,410900068
779,410900072
780,410900075
781,410900083
782,410900085
783,410900093
784,410900104
785,410900107
786,410900116
787,410900126
788,410900142
789,410900152
790,410900170
791,410900186
792,410900190
793,410900191
794,410900192
795,410900194
796,410900198
797,410900203
798,411000001
799,411000003
800,411000041
801,411000078
802,411000098
803,411000138
804,411000145
805,411000151
806,411000155
807,411000166
808,411000205
809,411000217
810,411000227
811,411000241
812,411100007
813,411100018
814,411100032
815,411100041
816,411100049
817,411100061
818,411100062
819,411100072
820,411100077
821,411100080
822,411100087
823,411100093
824,411100097
825,411100106
826,411100122
827,411100126
828,411200021
829,411200026
830,411200029
831,411200042
832,411200049
833,411200056
834,411200057
835,411200062
836,411200064
837,411200066
838,411200067
839,411200119
840,411200126
841,411200139
842,411200140
843,411200154
844,411200180
845,411200184
846,411200218
847,411200234
848,411200237
849,411200248
850,411200265
851,411200299
852,411200311
853,411200312
854,411200314
855,411200322
856,411200330
857,411300000
858,411300018
859,411300035
860,411300053
861,411300056
862,411300065
863,411300066
864,411300077
865,411300080
866,411300082
867,411300084
868,411300132
869,411300133
870,411300135
871,411300138
872,411300140
873,411300142
874,411300144
875,411300147
876,411300153
877,411300157
878,411300175
879,411300178
880,411300181
881,411300182
882,411300183
883,411300184
884,411300185
885,411300187
886,411300213
887,411400008
888,411400015
889,411400038
890,411400039
891,411400045
892,411400058
893,411400060
894,411400062
895,411400066
896,411400079
897,411400086
898,411400087
899,411400090
900,411400091
901,411400100
902,411400102
903,411400107
904,411400110
905,411400112
906,411400116
907,411400121
908,411400123
909,411400124
910,411400127
911,411400132
912,411400134
913,411400138
914,411400139
915,411400154
916,411400158
917,411400175
918,411400191
919,411400218
920,411400223
921,411400252
922,411400263
923,411400287
924,411400315
925,411400320
926,411400331
927,411400335
928,411400352
929,411400355
930,411400357
931,411400361
932,411400364
933,411400366
934,411400372
935,411400374
936,411500016
937,411500028
938,411500029
939,411500030
940,411500033
941,411500038
942,411500078
943,411500090
944,411500094
945,411500117
946,411500126
947,411500134
948,411500135
949,411500136
950,411500137
951,411500148
952,411500153
953,411500157
954,411500159
955,411500160
956,411500161
957,411500171
958,411500176
959,411500177
960,411500179
961,411500186
962,411500189
963,411500191
964,411500192
965,411500198
966,411500203
967,411500204
968,411500210
969,411500211
970,411500215
971,411500216
972,411500219
973,411500220
974,411500229
975,411500255
976,411500321
977,411500323
978,411500340
979,411500365
980,411500382
981,411500421
982,411500424
983,411500441
984,411500470
985,411500476
986,411500478
987,411600003
988,411600014
989,411600016
990,411600024
991,411600026
992,411600034
993,411600048
994,411600065
995,411600073
996,411600098
997,411600113
998,411600127
999,411600129
1000,411600133
1001,411600156
1002,411600162
1003,411600164
1004,411600175
1005,411600176
1006,411700001
1007,411700027
1008,411700029
1009,411700046
1010,411700054
1011,411700073
1012,411700092
1013,411700107
1014,411700123
1015,411700124
1016,411700155
1017,411800000
1018,411800010
1019,411800024
1020,411800038
1021,411800057
1022,411800058
1023,411800070
1024,411800078
1025,411800084
1026,411800107
1027,411800109
1028,411800113
1029,411800114
1030,411800168
1031,411800173
1032,411800196
1033,411800211
1034,411800214
1035,411800259
1036,411800290
1037,411900002
1038,411900009
1039,411900012
1040,411900029
1041,411900030
1042,411900033
1043,411900037
1044,411900040
1045,411900046
1046,411900048
1047,411900058
1048,411900068
1049,411900072
1050,411900074
1051,411900094
1052,411900096
1053,411900098
1054,411900106
1055,411900107
1056,411900125
1057,411900160
1058,411900161
1059,411900167
1060,411900173
1061,411900189
1062,411900197
1063,411900200
1064,411900205
1065,411900214
1066,411900215
1067,411900216
1068,411900217
1069,411900232
1070,411900234
1071,411900235
1072,411900245
1073,411900248
1074,411900255
1075,411900257
1076,411900260
1077,411900271
1078,411900272
1079,411900285
1080,411900286
1081,411900289
1082,411900292
1083,411900295
1084,411900297
1085,411900304
1086,411900318
1087,411900327
1088,411900328
1089,411900330
1090,411900348
1091,411900362
1092,411900363
1093,411900368
1094,411900385
1095,411900396
1096,411900397
1097,411900398
1098,411900399
1099,411900419
1100,411900426
1101,411900429
1102,411900433
1103,411900441
1104,411900449
1105,411900463
1106,411900465
1107,411900490
1108,411900497
1109,411900536
1110,411900537
1111,411900538
1112,411900540
1113,411900542
1114,411900544
1115,411900545
1116,411900547
1117,411900551
1118,411900552
1119,411900554
1120,411900558
1121,411900565
1122,411900574
1123,411900582
1124,411900597
1125,411900600
1126,411900605
1127,411900609
1128,411900621
1129,411900627
1130,411900632
1131,411900643
1132,411900647
1133,411900649
1134,411900658
1135,411900670
1136,411900677
1137,412000000
1138,412000006
1139,412000010
1140,412000020
1141,412000022
1142,412000032
1143,412000036
1144,412000042
1145,412000053
1146,412000093
1147,412000102
1148,412000110
1149,412000112
1150,412000113
1151,412000120
1152,412000126
1153,412000146
1154,412000174
1155,412000175
1156,412000183
1157,412000189
1158,412000216
1159,412000230
1160,412000291
1161,412000318
1162,412000397
1163,412000408
1164,412000420
1165,412000447
1166,412000469
1167,412000473
1168,412000475
1169,412000482
1170,412000522
1171,412000531
1172,412000540
1173,412000543
1174,412000544
1175,412000546
1176,412000548
1177,412100010
1178,412100016
1179,412100021
1180,412100028
1181,412100048
1182,412100056
1183,412100073
1184,412100103
1185,412100104
1186,412200055
1187,412200058
1188,412200068
1189,412200109
1190,412200115
1191,412300001
1192,412300010
1193,412300034
1194,412300060
1195,412300089
1196,412300107
1197,412300117
1198,412400012
1199,412400039
1200,412400048
1201,412400064
1202,412400074
1203,412400075
1204,412400077
1205,412400083
1206,412400092
1207,412400093
1208,412400096
1209,412400108
1210,412400112
1211,412400124
1212,412400134
1213,412500004
1214,412500007
1215,412500009
1216,412500053
1217,412500058
1218,412500065
1219,412500069
1220,412500084
1221,412500098
1222,412500104
1223,412500110
1224,412600029
1225,412600038
1226,412600041
1227,412600042
1228,412600051
1229,412600059
1230,412600062
1231,412600069
1232,412600074
1233,412600085
1234,412600087
1235,412600088
1236,412600093
1237,412600100
1238,412600101
1239,412600112
1240,412600115
1241,412600119
1242,412600126
1243,412600133
1244,412600134
1245,412600136
1246,412600137
1247,412600140
1248,412600150
1249,412600151
1250,412600152
1251,412600162
1252,412600167
1253,412600168
1254,412600175
1255,412600191
1256,412600201
1257,412600202
1258,412600251
1259,412600266
1260,412600274
1261,412600285
1262,412600286
1263,412600287
1264,412600292
1265,412600294
1266,412600299
1267,412600310
1268,412600311
1269,412600330
1270,412600334
1271,412600337
1272,412600341
1273,412600355
1274,412600366
1275,412600368
1276,412600385
1277,412600404
1278,412600411
1279,412600415
1280,412600416
1281,412600441
1282,412600453
1283,412600455
1284,412600494
1285,412600500
1286,412600526
1287,412600536
1288,412600537
1289,412600549
1290,412600554
1291,412600600
1292,412600617
1293,412600624
1294,412600626
1295,412600630
1296,412600632
1297,412600641
1298,412600657
1299,412600684
1300,412600721
1301,412700001
1302,412700008
1303,412700009
1304,412700010
1305,412700016
1306,412700042
1307,412700047
1308,412700055
1309,412700066
1310,412700069
1311,412700097
1312,412700138
1313,412700140
1314,412700143
1315,412700148
1316,412700205
1317,412800041
1318,412800063
1319,412800091
1320,412800099
1321,412800109
1322,412800128
1323,412800130
1324,412800142
1325,412800145
1326,412800169
1327,412800196
1328,412800200
1329,412800208
1330,412800215
1331,412800223
1332,412800253
1333,412800301
1334,412800309
1335,412900014
1336,412900062
1337,412900063
1338,412900065
1339,412900113
1340,412900122
1341,412900126
1342,412900135
1343,412900141
1344,412900143
1345,412900150
1346,412900164
1347,412900165
1348,412900168
1349,412900169
1350,412900172
1351,412900176
1352,412900194
1353,412900217
1354,412900221
1355,412900268
1356,412900286
1357,412900287
1358,412900322
1359,412900336
1360,412900339
1361,412900351
1362,413000040
1363,413000066
1364,413000096
1365,413000101
1366,413000102
1367,413000114
1368,413100007
1369,413100023
1370,413100051
1371,413100070
1372,413100076
1373,413100078
1374,413100103
1375,413100110
1376,413100113
1377,413100116
1378,413100140
1379,413100143
1380,413100147
1381,413100149
1382,413100150
1383,413100156
1384,413100161
1385,413100162
1386,413100173
1387,413100182
1388,413100190
1389,413100212
1390,413100213
1391,413100242
1392,413100246
1393,413100247
1394,413100254
1395,413100255
1396,413100268
1397,413100270
1398,413100273
1399,413100278
1400,413100279
1401,413100284
1402,413100287
1403,413200043
1404,413200059
1405,413200100
1406,413200101
1407,413200104
1408,413200112
1409,413200130
1410,413200138
1411,413200140
1412,413200161
1413,413200164
1414,413200188
1415,413200194
1416,413200195
1417,413200211
1418,413200214
1419,413200217
1420,413200219
1421,413200242
1422,413200243
1423,413200262
1424,413200271
1425,413200298
1426,413200313
1427,413200315
1428,413200324
1429,413200325
1430,413200343
1431,413200346
1432,413200364
1433,413200391
1434,413200395
1435,413200397
1436,413200415
1437,413200438
1438,413200439
1439,413200452
1440,413200453
1441,413300006
1442,413300011
1443,413300037
1444,413300039
1445,413300050
1446,413300076
1447,413300125
1448,413300136
1449,413300146
1450,413300163
1451,413300185
1452,413300192
1453,413300193
1454,413400005
1455,413400013
1456,413400021
1457,413400022
1458,413400029
1459,413400035
1460,413400036
1461,413400058
1462,413400084
1463,413400085
1464,413400086
1465,413400089
1466,413400117
1467,413400130
1468,413400149
1469,413400176
1470,413400181
1471,413400182
1472,413400184
1473,413400187
1474,413400189
1475,413400190
1476,413400198
1477,413500005
1478,413500010
1479,413500027
1480,413500032
1481,413500038
1482,413500049
1483,413500053
1484,413500064
1485,413500072
1486,413500075
1487,413500076
1488,413500077
1489,413500079
1490,413500084
1491,413500087
1492,413500092
1493,413500094
1494,413500096
1495,413500103
1496,413500119
1497,413600002
1498,413600003
1499,413600020
1500,413600022
1501,413600024
1502,413600042
1503,413600055
1504,413600066
1505,413600077
1506,413600082
1507,413600093
1508,413600097
1509,413600105
1510,413600109
1511,413600116
1512,413600123
1513,413600125
1514,413600127
1515,413600159
1516,413700012
1517,413700013
1518,413700020
1519,413700023
1520,413700025
1521,413700029
1522,413700035
1523,413700049
1524,413700055
1525,413700058
1526,413700064
1527,413700068
1528,413700069
1529,413700071
1530,413700072
1531,413700074
1532,413700085
1533,413700086
1534,413700090
1535,413700097
1536,413700107
1537,413700109
1538,413700110
1539,413700112
1540,413700125
1541,413700128
1542,413700132
1543,413700137
1544,413700141
1545,413700143
1546,413700151
1547,413800018
1548,413800024
1549,413800033
1550,413800054
1551,413800060
1552,413800065
1553,413800068
1554,413800081
1555,413800091
1556,413800107
1557,413800126
1558,413800127
1559,413800129
1560,413800131
1561,413800144
1562,413800147
1563,413800159
1564,413800170
1565,413800176
1566,413800182
1567,413800190
1568,413800202
1569,413900001
1570,413900006
1571,413900009
1572,413900010
1573,413900020
1574,413900022
1575,413900024
1576,413900036
1577,413900041
1578,413900056
1579,413900060
1580,413900061
1581,413900074
1582,413900084
1583,413900087
1584,413900090
1585,413900099
1586,413900104
1587,413900108
1588,413900136
1589,413900145
1590,413900153
1591,413900165
1592,413900166
1593,413900201
1594,414000006
1595,414000024
1596,414000040
1597,414000041
1598,414000044
1599,414000048
1600,414000050
1601,414000053
1602,414000059
1603,414000074
1604,414000098
1605,414000106
1606,414000125
1607,414000129
1608,414000133
1609,414000137
1610,414000140
1611,414000143
1612,414000144
1613,414000146
1614,414000151
1615,414000153
1616,414000154
1617,414000160
1618,414000168
1619,414000171
1620,414000173
1621,414000175
1622,414000177
1623,414000179
1624,414000186
1625,414000189
1626,414000190
1627,414000193
1628,414000199
1629,414000201
1630,414000207
1631,414000208
1632,414000212
1633,414000213
1634,414000222
1635,414000232
1636,414000234
1637,414000240
1638,414000241
1639,414000247
1640,414000248
1641,414000262
1642,414000266
1643,414000269
1644,414000271
1645,414000273
1646,414000274
1647,414000275
1648,414000278
1649,414000281
1650,414000285
1651,414000286
1652,414000289
1653,414000296
1654,414000304
1655,414000308
1656,414000309
1657,414000311
1658,414000312
1659,414000315
1660,414000321
1661,414000322
1662,414000336
1663,414000341
1664,414000358
1665,414000362
1666,414000367
1667,414000371
1668,414000375
1669,414000416
1670,414000418
1671,414000420
1672,414000426
1673,414000447
1674,414000462
1675,414000464
1676,414000467
1677,414000471
1678,414100004
1679,414100007
1680,414100038
1681,414100049
1682,414100051
1683,414100059
1684,414100070
1685,414100080
1686,414100112
1687,414100113
1688,414100116
1689,414100128
1690,414100131
1691,414100134
1692,414100135
1693,414100148
1694,414100152
1695,414100153
1696,414100163
1697,414100200
1698,414100214
1699,414100238
1700,414100243
1701,414100247
1702,414200004
1703,414200006
1704,414200009
1705,414200016
1706,414200020
1707,414200053
1708,414200058
1709,414200062
1710,414200077
1711,414200078
1712,414200081
1713,414200083
1714,414200147
1715,414200156
1716,414200160
1717,414200169
1718,414200172
1719,414200182
1720,414200191
1721,414200203
1722,414200204
1723,414200208
1724,414200210
1725,414200227
1726,414200230
1727,414200241
1728,414200246
1729,414200264
1730,414200265
1731,414200268
1732,414200280
1733,414200287
1734,414200291
1735,414200313
1736,414200314
1737,414200324
1738,414200336
1739,414200371
1740,414200379
1741,414200388
1742,414200421
1743,414200429
1744,414200438
1745,414200440
1746,414200447
1747,414200456
1748,414200481
1749,414200497
1750,414200504
1751,414200535
1752,414200553
1753,414200565
1754,414200580
1755,414200614
1756,414200633
1757,414200639
1758,414200641
1759,414200645
1760,414200656
1761,414200668
1762,414200677
1763,414200696
1764,414200701
1765,414200717
1766,414200718
1767,414200719
1768,414200720
1769,414200728
1770,414200737
1771,414200758
1772,414200792
1773,414300005
1774,414300007
1775,414300018
1776,414300025
1777,414300040
1778,414300041
1779,414300058
1780,414300081
1781,414300083
1782,414300107
1783,414300132
1784,414300143
1785,414300163
1786,414300169
1787,414300191
1788,414400026
1789,414400029
1790,414400031
1791,414400038
1792,414400041
1793,414400042
1794,414400044
1795,414400056
1796,414400059
1797,414400078
1798,414400083
1799,414400084
1800,414400087
1801,414400091
1802,414400105
1803,414400108
1804,414400111
1805,414400118
1806,414400130
1807,414400136
1808,414400139
1809,414400159
1810,414400166
1811,414400167
1812,414400168
1813,414400197
1814,414400218
1815,414400300
1816,414400315
1817,414400337
1818,414400344
1819,414400346
1820,414500015
1821,414500016
1822,414500053
1823,414500065
1824,414500075
1825,414500077
1826,414500094
1827,414500096
1828,414500129
1829,414500130
1830,414500139
1831,414500160
1832,414500164
1833,414500168
1834,414500170
1835,414500173
1836,414500190
1837,414500194
1838,414500208
1839,414500216
1840,414500224
1841,414500225
1842,414500228
1843,414500237
1844,414500245
1845,414500260
1846,414500265
1847,414500266
1848,414500269
1849,414500285
1850,414600020
1851,414600021
1852,414600024
1853,414600025
1854,414600028
1855,414600029
1856,414600056
1857,414600057
1858,414600065
1859,414600067
1860,414600112
1861,414600117
1862,414600128
1863,414600138
1864,414600151
1865,414600185
1866,414600195
1867,414600201
1868,414600221
1869,414600222
1870,414600233
1871,414600262
1872,414600314
1873,414600330
1874,414600335
1875,414600336
1876,414600337
1877,414600339
1878,414600340
1879,414600344
1880,414600346
1881,414600347
1882,414600348
1883,414600349
1884,414600350
1885,414600352
1886,414600363
1887,414600380
1888,414600384
1889,414600393
1890,414600394
1891,414600403
1892,414600426
1893,414600427
1894,414600428
1895,414600443
1896,414600448
1897,414600449
1898,414600462
1899,414600465
1900,414600476
1901,414600477
1902,414600509
1903,414600513
1904,414600519
1905,414600542
1906,414600560
1907,414600562
1908,414600565
1909,414600588
1910,414700008
1911,414700016
1912,414700024
1913,414700045
1914,414700062
1915,414700065
1916,414700069
1917,414700071
1918,414700073
1919,414700085
1920,414700093
1921,414700095
1922,414700097
1923,414700110
1924,414700120
1925,414700132
1926,414700140
1927,414700144
1928,414700145
1929,414700148
1930,414700158
1931,414800037
1932,414800049
1933,414800066
1934,414800084
1935,414800087
1936,414800142
1937,414900014
1938,414900050
1939,414900063
1940,414900073
1941,414900101
1942,414900118
1943,414900123
1944,414900126
1945,414900136
1946,414900137
1947,414900138
1948,414900140
1949,414900143
1950,414900144
1951,414900157
1952,414900158
1953,414900161
1954,414900164
1955,414900165
1956,414900170
1957,414900171
1958,414900172
1959,414900177
1960,414900183
1961,414900186
1962,414900190
1963,414900197
1964,414900203
1965,414900214
1966,414900221
1967,414900235
1968,414900245
1969,414900258
1970,414900261
1971,414900270
1972,414900275
1973,415000041
1974,415000047
1975,415000048
1976,415000064
1977,415000076
1978,415000082
1979,415000167
1980,415100011
1981,415100029
1982,415100038
1983,415100070
1984,415100079
1985,415100116
1986,415100120
1987,415100121
1988,415100142
1989,415200005
1990,415200015
1991,415200033
1992,415200045
1993,415200046
1994,415200096
1995,415200100
1996,415200102
1997,415200114
1998,415200115
1999,415200130
2000,415200131
2001,415200146
2002,415200159
2003,415200178
2004,415200180
2005,415200181
2006,415200189
2007,415200197
2008,415200204
2009,415200215
2010,415200220
2011,415200225
2012,415200233
2013,415200245
2014,415200249
2015,415200252
2016,415200293
2017,415200294
2018,415200303
2019,415200306
2020,415200310
2021,415200313
2022,415200327
2023,415200332
2024,415200335
2025,415200347
2026,415200348
2027,415200350
2028,415200355
2029,415200374
2030,415200375
2031,415200381
2032,415200383
2033,415200386
2034,415200387
2035,415200388
2036,415200394
2037,415200400
2038,415200401
2039,415200403
2040,415200406
2041,415200423
2042,415200425
2043,415200435
2044,415200436
2045,415200444
2046,415200461
2047,415300009
2048,415300055
2049,415300059
2050,415300063
2051,415300066
2052,415300074
2053,415300075
2054,415300103
2055,415300109
2056,415300122
2057,415300150
2058,415300152
2059,415300154
2060,415300155
2061,415300156
2062,415300158
2063,415300161
2064,415300167
2065,415300168
2066,415400014
2067,415400017
2068,415400025
2069,415400032
2070,415400039
2071,415400045
2072,415400055
2073,415400057
2074,415400070
2075,415400073
2076,415400078
2077,415400080
2078,415400081
2079,415400082
2080,415400083
2081,415400084
2082,415400093
2083,415400110
2084,415400138
2085,415400140
2086,415400142
2087,415400143
2088,415400146
2089,415400157
2090,415400173
2091,415400178
2092,415400182
2093,415400200
2094,415400202
2095,415400231
2096,415400234
2097,415400244
2098,415400268
2099,415400276
2100,415400279
2101,415400284
2102,415400285
2103,415400309
2104,415400314
2105,415400316
2106,415400320
2107,415400339
2108,415500035
2109,415500071
2110,415500081
2111,415500091
2112,415500100
2113,415500123
2114,415500149
2115,415500150
2116,415500153
2117,415500160
2118,415500176
2119,415500178
2120,415500182
2121,415500204
2122,415500205
2123,415500212
2124,415500219
2125,415500224
2126,415500230
2127,415500252
2128,415500257
2129,415500259
2130,415500266
2131,415500268
2132,415500275
2133,415500277
2134,415500280
2135,415500285
2136,415500294
2137,415500309
2138,415500337
2139,415500365
2140,415600024
2141,415600094
2142,415600116
2143,415600143
2144,415600163
2145,415600177
2146,415600185
2147,415600209
2148,415600288
2149,415600295
2150,415600307
2151,415600340
2152,415600344
2153,415700002
2154,415700003
2155,415700006
2156,415700012
2157,415700013
2158,415700026
2159,415700068
2160,415700072
2161,415700084
2162,415700092
2163,415700108
2164,415700120
2165,415700121
2166,415700130
2167,415700134
2168,415700135
2169,415700138
2170,415700144
2171,415700148
2172,415700149
2173,415700150
2174,415700151
2175,415700152
2176,415700154
2177,415700160
2178,415700171
2179,415700177
2180,415700179
2181,415700180
2182,415700182
2183,415700187
2184,415700188
2185,415700191
2186,415700208
2187,415700211
2188,415700213
2189,415700214
2190,415700215
2191,415700217
2192,415700218
2193,415700219
2194,415700223
2195,415700264
2196,415700275
2197,415700285
2198,415700296
2199,415700305
2200,415700331
2201,415700349
2202,415700356
2203,415700358
2204,415700368
2205,415700370
2206,415700380
2207,415700398
2208,415700404
2209,415700405
2210,415700406
2211,415700408
2212,415700410
2213,415700414
2214,415700418
2215,415700419
2216,415700431
2217,415700442
2218,415700453
2219,415700457
2220,415700472
2221,415800004
2222,415800022
2223,415800023
2224,415800024
2225,415800027
2226,415800032
2227,415800048
2228,415800051
2229,415800060
2230,415800064
2231,415800081
2232,415800095
2233,415800103
2234,415800107
2235,415800162
2236,415800168
2237,415800201
2238,415800208
2239,415800223
2240,415900001
2241,415900002
2242,415900004
2243,415900021
2244,415900024
2245,415900044
2246,415900064
2247,415900072
2248,415900079
2249,415900081
2250,415900082
2251,415900084
2252,415900089
2253,415900097
2254,415900107
2255,415900118
2256,415900120
2257,415900128
2258,415900149
2259,415900182
2260,415900190
2261,415900197
2262,415900222
2263,415900224
2264,415900328
2265,415900335
2266,415900369
2267,415900372
2268,415900375
2269,415900388
2270,415900393
2271,415900398
2272,415900404
2273,415900407
2274,415900408
2275,415900410
2276,415900412
2277,415900413
2278,415900424
2279,415900426
2280,415900428
2281,415900430
2282,415900433
2283,415900434
2284,415900447
2285,416000012
2286,416000014
2287,416000016
2288,416000023
2289,416000055
2290,416000058
2291,416000072
2292,416000103
2293,416000117
2294,416000123
2295,416000130
2296,416000139
2297,416000166
2298,416000212
2299,416000252
2300,416000301
2301,416000318
2302,416000331
2303,416000337
2304,416000359
2305,416000370
2306,416000379
2307,416100013
2308,416100018
2309,416100019
2310,416100029
2311,416100030
2312,416100032
2313,416100046
2314,416100047
2315,416100065
2316,416100076
2317,416100141
2318,416100145
2319,416100161
2320,416100163
2321,416100166
2322,416100179
2323,416100184
2324,416100191
2325,416100200
2326,416100204
2327,416100225
2328,416100227
2329,416100232
2330,416100234
2331,416100248
2332,416100271
2333,416100279
2334,416100292
2335,416100301
2336,416100302
2337,416100313
2338,416100314
2339,416100331
2340,416100334
2341,416100344
2342,416100345
2343,416100373
2344,416100392
2345,416100399
2346,416200002
2347,416200011
2348,416200018
2349,416200028
2350,416200041
2351,416200050
2352,416200067
2353,416200092
2354,416200093
2355,416200136
2356,416200143
2357,416200149
2358,416200201
2359,416300022
2360,416300024
2361,416300026
2362,416300027
2363,416300030
2364,416300032
2365,416300035
2366,416300038
2367,416300044
2368,416300057
2369,416300068
2370,416300129
2371,416300144
2372,416300149
2373,416300161
2374,416300165
2375,416300182
2376,416300184
2377,416300193
2378,416300210
2379,416300214
2380,416300225
2381,416300226
2382,416300234
2383,416300250
2384,416300284
2385,416300289
2386,416300292
2387,416300325
2388,416300346
2389,416300357
2390,416300360
2391,416300383
2392,416400004
2393,416400047
2394,416400048
2395,416400054
2396,416400059
2397,416400063
2398,416400083
2399,416400143
2400,416400176
2401,416400240
2402,416400251
2403,416400279
2404,416400280
2405,416400286
2406,416400293
2407,416400299
2408,416400302
2409,416400303
2410,416400307
2411,416400310
2412,416400311
2413,416400312
2414,416400317
2415,416400318
2416,416400319
2417,416400321
2418,416400333
2419,416400338
2420,416400341
2421,416400342
2422,416400346
2423,416400350
2424,416400352
2425,416400369
2426,416400385
2427,416400391
2428,416500000
2429,416500012
2430,416500025
2431,416500027
2432,416500040
2433,416500058
2434,416500064
2435,416500079
2436,416500089
2437,416500092
2438,416500099
2439,416500102
2440,416500115
2441,416500120
2442,416500137
2443,416500142
2444,416500145
2445,416500161
2446,416500163
2447,416500173
2448,416500182
2449,416500194
2450,416500210
2451,416500212
2452,416500217
2453,416500238
2454,416500254
2455,416500273
2456,416500276
2457,416500301
2458,416500314
2459,416500323
2460,416500344
2461,416500351
2462,416500352
2463,416500360
2464,416600013
2465,416600024
2466,416600025
2467,416600028
2468,416600032
2469,416600047
2470,416600064
2471,416600075
2472,416600100
2473,416600115
2474,416600123
2475,416600124
2476,416600141
2477,416600167
2478,416600181
2479,416600192
2480,416600199
2481,416600203
2482,416600214
2483,416600239
2484,416600251
2485,416600293
2486,416600299
2487,416600308
2488,416600311
2489,416600322
2490,416600326
2491,416600350
2492,416600351
2493,416600386
2494,416600400
2495,416600410
2496,416700061
2497,416700104
2498,416700106
2499,416700109
2500,416700110
2501,416700145
2502,416700151
2503,416700182
2504,416700213
2505,416700214
2506,416700218
2507,416700226
2508,416700227
2509,416700234
2510,416700242
2511,416700243
2512,416700247
2513,416700267
2514,416700290
2515,416700295
2516,416700304
2517,416700307
2518,416700318
2519,416700320
2520,416700324
2521,416700342
2522,416700345
2523,416700346
2524,416700367
2525,416700368
2526,416700380
2527,416700392
2528,416700398
2529,416700404
2530,416700410
2531,416700425
2532,416700429
2533,416700437
2534,416700454
2535,416700457
2536,416700460
2537,416700467
2538,416700481
2539,416700501
2540,416700510
2541,416700512
2542,416700562
2543,416700564
2544,416700565
2545,416700577
2546,416700580
2547,416800011
2548,416800012
2549,416800031
2550,416800039
2551,416800048
2552,416800049
2553,416800063
2554,416800071
2555,416800077
2556,416800082
2557,416800089
2558,416800092
2559,416800094
2560,416800097
2561,416800112
2562,416800118
2563,416800123
2564,416800133
2565,416800148
2566,416800176
2567,416800183
2568,416800191
2569,416800194
2570,416800228
2571,416800234
2572,416800272
2573,416800276
2574,416900020
2575,416900027
2576,416900032
2577,416900033
2578,416900060
2579,416900083
2580,416900128
2581,416900145
2582,416900168
2583,416900175
2584,416900177
2585,416900204
2586,416900225
2587,416900238
2588,416900241
2589,416900249
2590,416900250
2591,416900251
2592,416900260
2593,416900277
2594,416900286
2595,416900299
2596,416900300
2597,416900340
2598,416900367
2599,416900368
2600,416900369
2601,416900386
2602,416900397
2603,416900414
2604,416900430
2605,417000025
2606,417000027
2607,417000031
2608,417000040
2609,417000066
2610,417000075
2611,417000076
2612,417000081
2613,417000097
2614,417000108
2615,417000111
2616,417000112
2617,417000113
2618,417000136
2619,417000163
2620,417000178
2621,417000185
2622,417000205
2623,417000209
2624,417000210
2625,417000233
2626,417000253
2627,417000267
2628,417000270
2629,417000276
2630,417000278
2631,417000281
2632,417000287
2633,417000303
2634,417000306
2635,417000319
2636,417000323
2637,417000336
2638,417000371
2639,417000383
2640,417000407
2641,417000432
2642,417000469
2643,417000474
2644,417000476
2645,417000481
2646,417000516
2647,417000517
2648,417000522
2649,417000532
2650,417000533
2651,417000537
2652,417000545
2653,417000552
2654,417000559
2655,417000563
2656,417000567
2657,417000572
2658,417000573
2659,417000577
2660,417000578
2661,417000583
2662,417000596
2663,417000597
2664,417000613
2665,417000616
2666,417000621
2667,417000622
2668,417000628
2669,417000635
2670,417000637
2671,417000656
2672,417000680
2673,417000687
2674,417000693
2675,417000697
2676,417000702
2677,417000742
2678,417000749
2679,417000750
2680,417000774
2681,417000777
2682,417000778
2683,417000788
2684,417000789
2685,417000808
2686,417000811
2687,417000826
2688,417000827
2689,417000832
2690,417000838
2691,417000840
2692,417000849
2693,417000851
2694,417000855
2695,417000856
2696,417000864
2697,417000892
2698,417000901
2699,417000903
2700,417000904
2701,417000907
2702,417000912
2703,417000916
2704,417000966
2705,417000979
2706,417000994
2707,417000998
2708,417001014
2709,417001021
2710,417001027
2711,417001030
2712,417001032
2713,417001042
2714,417001052
2715,417001057
2716,417100006
2717,417100008
2718,417100014
2719,417100015
2720,417100038
2721,417100052
2722,417100065
2723,417100084
2724,417100122
2725,417100127
2726,417100129
2727,417100136
2728,417100200
2729,417100216
2730,417100266
2731,417100288
2732,417100290
2733,417100297
2734,417100306
2735,417100312
2736,417100315
2737,417100323
2738,417100328
2739,417100372
2740,417100373
2741,417100401
2742,417100462
2743,417100463
2744,417100484
2745,417100510
2746,417100511
2747,417100539
2748,417100564
2749,417100565
2750,417100570
2751,417100572
2752,417100574
2753,417100575
2754,417100581
2755,417100583
2756,417100603
2757,417100614
2758,417100616
2759,417100619
2760,417100621
2761,417100626
2762,417100630
2763,417100638
2764,417100653
2765,417100664
2766,417100671
2767,417100673
2768,417100682
2769,417100688
2770,417200008
2771,417200051
2772,417200071
2773,417200083
2774,417200085
2775,417200093
2776,417200100
2777,417200101
2778,417200102
2779,417200109
2780,417200112
2781,417200113
2782,417200127
2783,417200134
2784,417200136
2785,417200138
2786,417200140
2787,417200146
2788,417200151
2789,417200159
2790,417200164
2791,417200249
2792,417200264
2793,417200275
2794,417200282
2795,417200288
2796,417200300
2797,417200301
2798,417200314
2799,417200322
2800,417200336
2801,417200360
2802,417200361
2803,417200364
2804,417200380
2805,417200396
2806,417200405
2807,417200406
2808,417200407
2809,417300000
2810,417300006
2811,417300048
2812,417300049
2813,417300053
2814,417300056
2815,417300067
2816,417300070
2817,417300077
2818,417300089
2819,417300093
2820,417300123
2821,417300144
2822,417300160
2823,417300182
2824,417300219
2825,417300230
2826,417300231
2827,417300283
2828,417300292
2829,417300302
2830,417300314
2831,417300321
2832,417300342
2833,417300347
2834,417300351
2835,417300352
2836,417300362
2837,417300365
2838,417300392
2839,417300397
2840,417300398
2841,417300408
2842,417300410
2843,417300432
2844,417300443
2845,417300452
2846,417300453
2847,417300461
2848,417300467
2849,417300526
2850,417300538
2851,417300549
2852,417300555
2853,417300592
2854,417400033
2855,417400037
2856,417400042
2857,417400045
2858,417400047
2859,417400054
2860,417400055
2861,417400058
2862,417400062
2863,417400063
2864,417400071
2865,417400079
2866,417400102
2867,417400120
2868,417400166
2869,417400171
2870,417400173
2871,417400175
2872,417400228
2873,417400234
2874,417400258
2875,417500000
2876,417500025
2877,417500041
2878,417500044
2879,417500133
2880,417500145
2881,417500146
2882,417500150
2883,417500164
2884,417500166
2885,417500197
2886,417500198
2887,417500209
2888,417500216
2889,417500221
2890,417500239
2891,417500240
2892,417500343
2893,417500356
2894,417500372
2895,417500373
2896,417500387
2897,417500389
2898,417500396
2899,417500407
2900,417500434
2901,417500487
2902,417500494
2903,417500509
2904,417500605
2905,417500613
2906,417500633
2907,417500658
2908,417500664
2909,417500667
2910,417500674
2911,417600000
2912,417600002
2913,417600010
2914,417600012
2915,417600024
2916,417600055
2917,417600070
2918,417600086
2919,417600097
2920,417600105
2921,417600131
2922,417600142
2923,417600144
2924,417600145
2925,417600146
2926,417600147
2927,417600150
2928,417600152
2929,417600156
2930,417600158
2931,417600160
2932,417600165
2933,417600166
2934,417600167
2935,417600177
2936,417600179
2937,417600230
2938,417600270
2939,417600284
2940,417600287
2941,417600289
2942,417600292
2943,417600306
2944,417600310
2945,417600321
2946,417600339
2947,417600341
2948,417600342
2949,417600376
2950,417700003
2951,417700026
2952,417700051
2953,417700054
2954,417700056
2955,417700059
2956,417700067
2957,417700105
2958,417700109
2959,417700114
2960,417800004
2961,417800011
2962,417800023
2963,417800024
2964,417800028
2965,417800038
2966,417800061
2967,417800090
2968,417800117
2969,417800120
2970,417800140
2971,417800163
2972,417800214
2973,417800249
2974,417900019
2975,417900028
2976,417900049
2977,417900094
2978,417900095
2979,417900110
2980,417900116
2981,417900117
2982,417900119
2983,417900125
2984,417900127
2985,417900128
2986,417900134
2987,417900138
2988,417900144
2989,417900146
2990,417900148
2991,417900162
2992,417900165
2993,417900167
2994,417900171
2995,417900174
2996,417900175
2997,417900176
2998,417900184
2999,417900194
3000,417900199
3001,417900204
3002,417900210
3003,417900214
3004,417900219
3005,417900225
3006,417900226
3007,417900227
3008,417900229
3009,417900230
3010,417900239
3011,417900241
3012,417900243
3013,417900250
3014,417900279
3015,417900280
3016,417900283
3017,417900286
3018,417900287
3019,417900297
3020,417900319
3021,417900326
3022,417900334
3023,417900344
3024,417900364
3025,417900368
3026,417900390
3027,417900391
3028,417900396
3029,417900402
3030,417900404
3031,417900407
3032,417900408
3033,417900415
3034,417900427
3035,417900442
3036,417900455
3037,417900504
3038,417900512
3039,417900513
3040,417900527
3041,417900534
3042,417900537
3043,417900542
3044,417900545
3045,417900546
3046,417900549
3047,417900552
3048,417900556
3049,417900562
3050,417900570
3051,418000002
3052,418000005
3053,418000006
3054,418000008
3055,418000015
3056,418000022
3057,418000024
3058,418000045
3059,418000047
3060,418000051
3061,418000055
3062,418000057
3063,418000062
3064,418000069
3065,418000070
3066,418000072
3067,418000084
3068,418000095
3069,418000099
3070,418000101
3071,418000107
3072,418000108
3073,418000110
3074,418000112
3075,418000123
3076,418000124
3077,418000126
3078,418000128
3079,418000131
3080,418000135
3081,418000137
3082,418000145
3083,418000149
3084,418000157
3085,418000163
3086,418000189
3087,418000192
3088,418000198
3089,418000203
3090,418000213
3091,418000220
3092,418000221
3093,418000255
3094,418000256
3095,418000268
3096,418000280
3097,418000307
3098,418000314
3099,418000316
3100,418000317
3101,418000320
3102,418000321
3103,418000322
3104,418000325
3105,418000327
3106,418000344
3107,418000350
3108,418000357
3109,418000358
3110,418000375
3111,418000376
3112,418000382
3113,418000395
3114,418100003
3115,418100060
3116,418100171
3117,418100190
3118,418200022
3119,418200037
3120,418200047
3121,418200060
3122,418200086
3123,418200088
3124,418200089
3125,418200093
3126,418200156
3127,418300001
3128,418300016
3129,418300039
3130,418300053
3131,418300065
3132,418400023
3133,418400030
3134,418400148
3135,418400164
3136,418400265
3137,418400284
3138,418400286
3139,418400299
3140,418400318
3141,418400340
3142,418400347
3143,418400349
3144,418400384
3145,418500003
3146,418500005
3147,418500022
3148,418500049
3149,418600010
3150,418600021
3151,418600055
3152,418600065
3153,418600079
3154,418700003
3155,418700120
3156,418700124
3157,418700159
3158,418700160
3159,418700161
3160,418700166
3161,418700168
3162,418700169
3163,418700171
3164,418700176
3165,418700191
3166,418700192
3167,418700200
3168,418700203
3169,418700206
3170,418700213
3171,418700217
3172,418700229
3173,418700234
3174,418700236
3175,418700267
3176,418700271
3177,418700276
3178,418700309
3179,418700310
3180,418700311
3181,418700314
3182,418700315
3183,418700317
3184,418700325
3185,418700329
3186,418700332
3187,418700354
3188,418700365
3189,418700368
3190,418700378
3191,418700447
3192,418700481
3193,418700491
3194,418700509
3195,418700540
3196,418700571
3197,418700573
3198,418700579
3199,418700584
3200,418700587
3201,418700589
3202,418700606
3203,418700621
3204,418700628
3205,418700634
3206,418800001
3207,418800021
3208,418800032
3209,418800040
3210,418800043
3211,418800046
3212,418800050
3213,418800061
3214,418800068
3215,418800086
3216,418800087
3217,418800100
3218,418800102
3219,418800104
3220,418800109
3221,418800116
3222,418800128
3223,418800135
3224,418800139
3225,418800160
3226,418800191
3227,418800202
3228,418800203
3229,418800206
3230,418800209
3231,418800220
3232,418800222
3233,418800238
3234,418800247
3235,418800249
3236,418800270
3237,418800275
3238,418800277
3239,418800285
3240,418800310
3241,418800343
3242,418800348
3243,418800351
3244,418800406
3245,418800411
3246,418800431
3247,418800432
3248,418800433
3249,418800444
3250,418900003
3251,418900007
3252,418900056
3253,418900059
3254,418900077
3255,418900088
3256,418900102
3257,418900111
3258,418900115
3259,418900137
3260,418900152
3261,418900162
3262,418900192
3263,419000001
3264,419000023
3265,419000032
3266,419000039
3267,419000041
3268,419000047
3269,419000054
3270,419000062
3271,419000063
3272,419000079
3273,419000081
3274,419000089
3275,419000095
3276,419000106
3277,419000108
3278,419000110
3279,419000118
3280,419000124
3281,419000127
3282,419000140
3283,419000143
3284,419000156
3285,419000157
3286,419000159
3287,419000161
3288,419000162
3289,419000188
3290,419000198
3291,419000222
3292,419000224
3293,419000226
3294,419000250
3295,419000253
3296,419000264
3297,419000266
3298,419000267
3299,419100001
3300,419100002
3301,419100024
3302,419100039
3303,419100045
3304,419100046
3305,419100051
3306,419100057
3307,419100068
3308,419100072
3309,419100078
3310,419100084
3311,419100087
3312,419100088
3313,419100090
3314,419100098
3315,419100101
3316,419100102
3317,419100103
3318,419100113
3319,419100121
3320,419100135
3321,419100140
3322,419100148
3323,419100153
3324,419100158
3325,419100162
3326,419100163
3327,419100171
3328,419100172
3329,419100178
3330,419100188
3331,419100191
3332,419100192
3333,419100193
3334,419100195
3335,419100208
3336,419100217
3337,419100218
3338,419100222
3339,419100224
3340,419100227
3341,419100228
3342,419100229
3343,419100231
3344,419100242
3345,419100250
3346,419100257
3347,419100260
3348,419100266
3349,419100267
3350,419100272
3351,419100277
3352,419100311
3353,419100313
3354,419100315
3355,419100318
3356,419100321
3357,419100322
3358,419100327
3359,419100355
3360,419100356
3361,419100365
3362,419100369
3363,419100381
3364,419100389
3365,419100404
3366,419100408
3367,419100415
3368,419100421
3369,419100425
3370,419100430
3371,419100438
3372,419100467
3373,419100471
3374,419100485
3375,419100487
3376,419100503
3377,419100506
3378,419100511
3379,419100514
3380,419100518
3381,419100532
3382,419100550
3383,419100560
3384,419100593
3385,419200000
3386,419200016
3387,419200020
3388,419200021
3389,419200024
3390,419200047
3391,419200050
3392,419200069
3393,419200072
3394,419200084
3395,419200086
3396,419200088
3397,419200099
3398,419200103
3399,419200111
3400,419200152
3401,419200182
3402,419200186
3403,419300005
3404,419300022
3405,419300030
3406,419300039
3407,419300040
3408,419300041
3409,419300043
3410,419300085
3411,419300115
3412,419300119
3413,419300141
3414,419300150
3415,419300163
3416,419300178
3417,419300201
3418,419300218
3419,419300229
3420,419300235
3421,419300242
3422,419300245
3423,419300257
3424,419300258
3425,419300265
3426,419300281
3427,419400002
3428,419400010
3429,419400012
3430,419400015
3431,419400016
3432,419400019
3433,419400022
3434,419400058
3435,419400066
3436,419400089
3437,419400093
3438,419400094
3439,419400095
3440,419400097
3441,419400102
3442,419400112
3443,419400118
3444,419400125
3445,419400135
3446,419400136
3447,419400150
3448,419400158
3449,419500000
3450,419500007
3451,419500027
3452,419500029
3453,419500038
3454,419500050
3455,419500055
3456,419500072
3457,419500089
3458,419500092
3459,419500099
3460,419500103
3461,419500122
3462,419500140
3463,419500147
3464,419500153
3465,419500154
3466,419500159
3467,419600008
3468,419600042
3469,419600079
3470,419600094
3471,419600101
3472,419600105
3473,419600127
3474,419700041
3475,419700045
3476,419700053
3477,419700102
3478,419700103
3479,419700129
3480,419700135
3481,419700154
3482,419700156
3483,419700199
3484,419700201
3485,419700204
3486,419700225
3487,419700245
3488,419700261
3489,419700264
3490,419700272
3491,419700278
3492,419700282
3493,419700284
3494,419700288
3495,419700289
3496,419700290
3497,419700291
3498,419700294
3499,419700297
3500,419700299
3501,419700300
3502,419700304
3503,419700310
3504,419700311
3505,419700322
3506,419700328
3507,419700329
3508,419700330
3509,419700335
3510,419700341
3511,419700349
3512,419700351
3513,419700358
3514,419700364
3515,419700372
3516,419700379
3517,419700380
3518,419700385
3519,419700389
3520,419700391
3521,419700403
3522,419700421
3523,419700432
3524,419700435
3525,419700436
3526,419700445
3527,419800014
3528,419800030
3529,419800031
3530,419800033
3531,419800036
3532,419800042
3533,419800043
3534,419800045
3535,419800055
3536,419800060
3537,419800083
3538,419800120
3539,419800164
3540,419800178
3541,419800191
3542,419800207
3543,419800217
3544,419800241
3545,419800242
3546,419800263
3547,419800279
3548,419800306
3549,419800320
3550,419800323
3551,419800327
3552,419800330
3553,419800331
3554,419800341
3555,419800351
3556,419800366
3557,419800373
3558,419800377
3559,419800382
3560,419800385
3561,419800388
3562,419800425
3563,419800427
3564,419900000
3565,419900001
3566,419900002
3567,419900004
3568,419900005
3569,419900008
3570,419900011
3571,419900012
3572,419900013
3573,419900015
3574,419900023
3575,419900027
3576,419900028
3577,419900029
3578,419900030
3579,419900037
3580,419900040
3581,419900059
3582,419900083
3583,419900085
3584,419900097
3585,419900108
3586,419900115
3587,419900128
3588,419900138
3589,419900140
3590,419900157
3591,419900163
3592,419900236
3593,419900249
3594,419900257
3595,419900295
3596,419900312
3597,419900318
3598,419900336
3599,419900340
3600,419900346
3601,419900365
3602,420000000
3603,420000002
3604,420000028
3605,420000034
3606,420000038
3607,420000045
3608,420000046
3609,420000057
3610,420000061
3611,420000062
3612,420000065
3613,420000074
3614,420000087
3615,420000088
3616,420000094
3617,420000095
3618,420000101
3619,420000113
3620,420000115
3621,420000127
3622,420000130
3623,420000131
3624,420000136
3625,420000183
3626,420000268
3627,420000281
3628,420000300
3629,420000308
3630,420000311
3631,420000314
3632,420000330
3633,420000333
3634,420000334
3635,420000336
3636,420000368
3637,420000369
3638,420000371
3639,420000384
3640,420000411
3641,420000421
3642,420000424
3643,420000428
3644,420000429
3645,420000440
3646,420100006
3647,420100015
3648,420100019
3649,420100031
3650,420100036
3651,420100037
3652,420100042
3653,420100043
3654,420100047
3655,420100064
3656,420100065
3657,420100067
3658,420100070
3659,420100072
3660,420100073
3661,420100080
3662,420100083
3663,420100101
3664,420100106
3665,420100115
3666,420100116
3667,420100131
3668,420100134
3669,420100136
3670,420100137
3671,420100142
3672,420100145
3673,420100161
3674,420100232
3675,420100244
3676,420100245
3677,420100246
3678,420100286
3679,420100288
3680,420100292
3681,420100293
3682,420100309
3683,420100330
3684,420100356
3685,420100365
3686,420100381
3687,420100383
3688,420100386
3689,420100392
3690,420100413
3691,420200002
3692,420200080
3693,420200085
3694,420200120
3695,420200200
3696,420200224
3697,420200238
3698,420200252
3699,420200283
3700,420200301
3701,420300020
3702,420300024
3703,420300028
3704,420300038
3705,420300064
3706,420300071
3707,420300076
3708,420300077
3709,420300078
3710,420300085
3711,420300095
3712,420300105
3713,420300108
3714,420300114
3715,420300122
3716,420300140
3717,420300159
3718,420300171
3719,420300183
3720,420300202
3721,420300237
3722,420300247
3723,420300257
3724,420300258
3725,420300259
3726,420300267
3727,420300271
3728,420300272
3729,420300278
3730,420300281
3731,420300283
3732,420300285
3733,420300287
3734,420300295
3735,420300298
3736,420300304
3737,420300312
3738,420300317
3739,420300332
3740,420300384
3741,420400021
3742,420400023
3743,420400025
3744,420400026
3745,420400028
3746,420400040
3747,420400047
3748,420400050
3749,420400053
3750,420400058
3751,420400066
3752,420400068
3753,420400083
3754,420400119
3755,420400126
3756,420400142
3757,420400177
3758,420400194
3759,420400203
3760,420400209
3761,420400210
3762,420400211
3763,420400243
3764,420400259
3765,420400260
3766,420400262
3767,420400272
3768,420400273
3769,420400278
3770,420400283
3771,420400311
3772,420400341
3773,420400364
3774,420400370
3775,420400383
3776,420400392
3777,420400394
3778,420400395
3779,420400410
3780,420400415
3781,420400423
3782,420400435
3783,420400437
3784,420400439
3785,420400444
3786,420400451
3787,420400456
3788,420400458
3789,420400460
3790,420400464
3791,420400466
3792,420400469
3793,420400471
3794,420400473
3795,420400476
3796,420400483
3797,420400485
3798,420400486
3799,420400487
3800,420400488
3801,420400490
3802,420400493
3803,420400499
3804,420400502
3805,420400503
3806,420400504
3807,420400511
3808,420400515
3809,420400516
3810,420400519
3811,420400520
3812,420400521
3813,420400525
3814,420400530
3815,420400533
3816,420400576
3817,420400577
3818,420400601
3819,420400609
3820,420500018
3821,420500022
3822,420500037
3823,420500052
3824,420500060
3825,420500074
3826,420500114
3827,420500124
3828,420500139
3829,420500140
3830,420500143
3831,420500144
3832,420500150
3833,420500157
3834,420500164
3835,420500175
3836,420500180
3837,420500183
3838,420500189
3839,420500205
3840,420500211
3841,420500216
3842,420500232
3843,420500257
3844,420500261
3845,420500270
3846,420500279
3847,420500294
3848,420500299
3849,420500316
3850,420500320
3851,420500321
3852,420500352
3853,420500353
3854,420500356
3855,420500370
3856,420500382
3857,420500384
3858,420500391
3859,420500394
3860,420500396
3861,420500397
3862,420500398
3863,420500406
3864,420500410
3865,420500412
3866,420500413
3867,420500415
3868,420500422
3869,420500425
3870,420500438
3871,420500441
3872,420500443
3873,420500447
3874,420500465
3875,420500466
3876,420500467
3877,420500468
3878,420500470
3879,420500485
3880,420500499
3881,420500510
3882,420500513
3883,420500517
3884,420500519
3885,420500525
3886,420500531
3887,420500545
3888,420500565
3889,420500576
3890,420500598
3891,420500610
3892,420500625
3893,420500639
3894,420500645
3895,420500662
3896,420500670
3897,420500679
3898,420500712
3899,420600100
3900,420600105
3901,420600106
3902,420600109
3903,420600111
3904,420600113
3905,420600117
3906,420600123
3907,420600138
3908,420600141
3909,420600148
3910,420600151
3911,420600152
3912,420600153
3913,420600154
3914,420600161
3915,420600167
3916,420600175
3917,420600179
3918,420600182
3919,420600184
3920,420600189
3921,420600192
3922,420600197
3923,420600199
3924,420600202
3925,420600210
3926,420600211
3927,420600212
3928,420600220
3929,420600221
3930,420600227
3931,420600234
3932,420600241
3933,420600248
3934,420600270
3935,420600278
3936,420600294
3937,420600340
3938,420600341
3939,420600367
3940,420600389
3941,420600390
3942,420600402
3943,420600408
3944,420600416
3945,420600422
3946,420600453
3947,420600454
3948,420600458
3949,420600466
3950,420600477
3951,420600495
3952,420600504
3953,420700011
3954,420700013
3955,420700042
3956,420700046
3957,420700071
3958,420700073
3959,420700082
3960,420700093
3961,420700096
3962,420700106
3963,420700135
3964,420700140
3965,420700150
3966,420700160
3967,420700190
3968,420700205
3969,420700247
3970,420700252
3971,420700258
3972,420700259
3973,420700272
3974,420700273
3975,420700274
3976,420700300
3977,420700302
3978,420700328
3979,420700347
3980,420700351
3981,420700357
3982,420700367
3983,420700393
3984,420800006
3985,420800026
3986,420800030
3987,420800032
3988,420800041
3989,420800044
3990,420800049
3991,420800051
3992,420800052
3993,420800055
3994,420800069
3995,420800081
3996,420800083
3997,420800086
3998,420800088
3999,420800093
4000,420800095
4001,420800097
4002,420800114
4003,420800135
4004,420800145
4005,420800146
4006,420800165
4007,420800172
4008,420800175
4009,420800178
4010,420800192
4011,420800193
4012,420800202
4013,420800221
4014,420800237
4015,420800261
4016,420800277
4017,420800281
4018,420800289
4019,420800292
4020,420800297
4021,420800315
4022,420800332
4023,420800338
4024,420800364
4025,420800365
4026,420800399
4027,420800406
4028,420900017
4029,420900043
4030,420900046
4031,420900052
4032,420900055
4033,420900068
4034,420900097
4035,420900105
4036,420900110
4037,420900123
4038,420900140
4039,420900141
4040,420900162
4041,420900172
4042,420900173
4043,420900175
4044,420900200
4045,420900213
4046,420900216
4047,420900230
4048,420900233
4049,420900234
4050,420900242
4051,420900268
4052,420900269
4053,420900271
4054,420900290
4055,420900293
4056,420900299
4057,420900322
4058,420900334
4059,420900349
4060,420900350
4061,420900352
4062,420900357
4063,421000014
4064,421000025
4065,421000039
4066,421000061
4067,421000062
4068,421000081
4069,421000090
4070,421000099
4071,421000105
4072,421000111
4073,421000113
4074,421000117
4075,421000122
4076,421000126
4077,421000128
4078,421000142
4079,421000155
4080,421000170
4081,421000172
4082,421000173
4083,421000192
4084,421000198
4085,421000199
4086,421000206
4087,421000209
4088,421000234
4089,421000253
4090,421000263
4091,421000273
4092,421000274
4093,421000276
4094,421000292
4095,421000294
4096,421000296
4097,421000302
4098,421000325
4099,421000326
4100,421000335
4101,421000341
4102,421000346
4103,421000353
4104,421000362
4105,421000373
4106,421000374
4107,421000381
4108,421000408
4109,421000428
4110,421000448
4111,421000449
4112,421100047
4113,421100061
4114,421100062
4115,421100074
4116,421100109
4117,421100126
4118,421100135
4119,421100141
4120,421100142
4121,421100157
4122,421100168
4123,421100169
4124,421100171
4125,421100173
4126,421100175
4127,421100181
4128,421100184
4129,421100192
4130,421100194
4131,421100200
4132,421100235
4133,421100238
4134,421100251
4135,421100254
4136,421100255
4137,421100256
4138,421100257
4139,421100270
4140,421100285
4141,421100313
4142,421100315
4143,421100326
4144,421100327
4145,421100328
4146,421100331
4147,421100336
4148,421100342
4149,421100344
4150,421100352
4151,421100356
4152,421100363
4153,421100366
4154,421100368
4155,421100372
4156,421100377
4157,421100380
4158,421100392
4159,421100395
4160,421100402
4161,421100405
4162,421100407
4163,421100412
4164,421100413
4165,421100421
4166,421100443
4167,421100449
4168,421100465
4169,421100476
4170,421100516
4171,421100520
4172,421100522
4173,421100544
4174,421100546
4175,421100554
4176,421100557
4177,421100580
4178,421100584
4179,421100594
4180,421100596
4181,421100610
4182,421100616
4183,421100617
4184,421200000
4185,421200005
4186,421200007
4187,421200025
4188,421200076
4189,421200091
4190,421200145
4191,421200147
4192,421200151
4193,421200157
4194,421200158
4195,421200159
4196,421200160
4197,421200161
4198,421200165
4199,421200170
4200,421200172
4201,421200173
4202,421200175
4203,421200177
4204,421200180
4205,421200184
4206,421200187
4207,421200188
4208,421200189
4209,421200190
4210,421200193
4211,421200202
4212,421200203
4213,421200208
4214,421200223
4215,421200232
4216,421200243
4217,421200245
4218,421200253
4219,421200258
4220,421200282
4221,421300011
4222,421300015
4223,421300019
4224,421300091
4225,421300094
4226,421300104
4227,421300118
4228,421300126
4229,421300129
4230,421300148
4231,421300153
4232,421300201
4233,421300205
4234,421300210
4235,421300223
4236,421300225
4237,421300234
4238,421300249
4239,421300254
4240,421300255
4241,421300272
4242,421300273
4243,421300285
4244,421300287
4245,421300298
4246,421300302
4247,421300305
4248,421300312
4249,421300335
4250,421300338
4251,421300339
4252,421300348
4253,421300350
4254,421300362
4255,421300364
4256,421300365
4257,421300368
4258,421300370
4259,421300380
4260,421300381
4261,421300384
4262,421300387
4263,421300392
4264,421300395
4265,421300396
4266,421300407
4267,421300416
4268,421300425
4269,421300439
4270,421300446
4271,421300467
4272,421300469
4273,421300473
4274,421300474
4275,421300480
4276,421300481
4277,421300485
4278,421300488
4279,421300489
4280,421300495
4281,421300496
4282,421300498
4283,421300512
4284,421300514
4285,421300533
4286,421300539
4287,421300541
4288,421300542
4289,421300544
4290,421300546
4291,421300548
4292,421300549
4293,421300550
4294,421300560
4295,421300565
4296,421300579
4297,421300584
4298,421300598
4299,421300600
4300,421300605
4301,421300606
4302,421300651
4303,421300657
4304,421300668
4305,421300669
4306,421300676
4307,421300677
4308,421300678
4309,421300679
4310,421400023
4311,421400059
4312,421400070
4313,421400072
4314,421400080
4315,421400091
4316,421400099
4317,421400105
4318,421400157
4319,421400193
4320,421400213
4321,421400217
4322,421400236
4323,421500019
4324,421500020
4325,421500053
4326,421500054
4327,421500059
4328,421500074
4329,421500107
4330,421500152
4331,421500157
4332,421500173
4333,421500175
4334,421500184
4335,421500215
4336,421500221
4337,421500228
4338,421500230
4339,421500246
4340,421500250
4341,421500257
4342,421500260
4343,421500269
4344,421500271
4345,421500274
4346,421500277
4347,421500296
4348,421500303
4349,421500319
4350,421500321
4351,421500332
4352,421500342
4353,421500359
4354,421500367
4355,421500378
4356,421500385
4357,421500390
4358,421500397
4359,421500402
4360,421500405
4361,421500413
4362,421500423
4363,421500446
4364,421500451
4365,421500455
4366,421500456
4367,421500457
4368,421500463
4369,421500464
4370,421500467
4371,421500477
4372,421500485
4373,421500496
4374,421500502
4375,421500508
4376,421500511
4377,421500516
4378,421500531
4379,421500534
4380,421500535
4381,421500538
4382,421500539
4383,421500540
4384,421500544
4385,421500545
4386,421500549
4387,421500551
4388,421500558
4389,421500564
4390,421500567
4391,421500568
4392,421500571
4393,421500578
4394,421500583
4395,421500589
4396,421500591
4397,421500595
4398,421500596
4399,421500603
4400,421500611
4401,421500619
4402,421500622
4403,421500623
4404,421500624
4405,421500629
4406,421500632
4407,421500637
4408,421500642
4409,421500648
4410,421500664
4411,421500669
4412,421500673
4413,421500674
4414,421500684
4415,421500686
4416,421500688
4417,421500695
4418,421500696
4419,421500698
4420,421500700
4421,421500706
4422,421500707
4423,421500728
4424,421500731
4425,421500737
4426,421500740
4427,421500741
4428,421500743
4429,421500745
4430,421500752
4431,421500755
4432,421500756
4433,421500762
4434,421500768
4435,421500769
4436,421500774
4437,421500776
4438,421500777
4439,421500783
4440,421500785
4441,421500788
4442,421500792
4443,421500795
4444,421500796
4445,421500802
4446,421500804
4447,421500807
4448,421500808
4449,421500811
4450,421500816
4451,421500818
4452,421500819
4453,421500823
4454,421500834
4455,421500844
4456,421500846
4457,421500851
4458,421500856
4459,421500857
4460,421500860
4461,421500862
4462,421500868
4463,421500873
4464,421500880
4465,421500883
4466,421500884
4467,421500890
4468,421500894
4469,421500895
4470,421500896
4471,421500899
4472,421500906
4473,421500908
4474,421500910
4475,421500915
4476,421500922
4477,421500926
4478,421500930
4479,421500936
4480,421500937
4481,421500939
4482,421500949
4483,421500954
4484,421500960
4485,421500961
4486,421500964
4487,421500975
4488,421500976
4489,421500980
4490,421500981
4491,421500985
4492,421500987
4493,421500997
4494,421501003
4495,421501005
4496,421501006
4497,421501028
4498,421501032
4499,421501039
4500,421501042
4501,421501050
4502,421501053
4503,421501075
4504,421501080
4505,421501090
4506,421501095
4507,421501111
4508,421501124
4509,421501144
4510,421501171
4511,421600000
4512,421600022
4513,421600028
4514,421600045
4515,421600051
4516,421600067
4517,421600069
4518,421600073
4519,421600076
4520,421600093
4521,421600098
4522,421600116
4523,421600119
4524,421600131
4525,421600136
4526,421600138
4527,421600140
4528,421600147
4529,421600150
4530,421600155
4531,421600156
4532,421600167
4533,421600177
4534,421600181
4535,421600190
4536,421600202
4537,421600203
4538,421600204
4539,421600212
4540,421600222
4541,421600230
4542,421600231
4543,421600234
4544,421600251
4545,421600264
4546,421600268
4547,421600270
4548,421600271
4549,421600278
4550,421600290
4551,421600291
4552,421600298
4553,421600300
4554,421600313
4555,421600314
4556,421600315
4557,421600319
4558,421600320
4559,421600323
4560,421600344
4561,421600347
4562,421600353
4563,421600356
4564,421600357
4565,421600366
4566,421600367
4567,421600369
4568,421600370
4569,421600381
4570,421600384
4571,421600386
4572,421600391
4573,421600409
4574,421600416
4575,421600431
4576,421600433
4577,421600448
4578,421600454
4579,421600475
4580,421600503
4581,421600507
4582,421600516
4583,421600525
4584,421700000
4585,421700004
4586,421700011
4587,421700013
4588,421700019
4589,421700028
4590,421700031
4591,421700035
4592,421700055
4593,421700060
4594,421700073
4595,421700075
4596,421700079
4597,421700117
4598,421700139
4599,421700152
4600,421700160
4601,421700165
4602,421700173
4603,421700174
4604,421700188
4605,421700194
4606,421700202
4607,421700207
4608,421700234
4609,421700280
4610,421700309
4611,421700329
4612,421700334
4613,421700350
4614,421700355
4615,421700360
4616,421700365
4617,421700373
4618,421700378
4619,421700379
4620,421700389
4621,421700390
4622,421700419
4623,421700421
4624,421700429
4625,421700433
4626,421700435
4627,421700440
4628,421700441
4629,421700449
4630,421700453
4631,421700462
4632,421700463
4633,421700466
4634,421700475
4635,421700476
4636,421700482
4637,421700484
4638,421700486
4639,421700488
4640,421700490
4641,421700494
4642,421700495
4643,421700515
4644,421700516
4645,421700526
4646,421700535
4647,421700558
4648,421700586
4649,421700587
4650,421700589
4651,421700594
4652,421700607
4653,421700618
4654,421700620
4655,421700633
4656,421700641
4657,421700642
4658,421700653
4659,421700654
4660,421700659
4661,421700661
4662,421700667
4663,421700672
4664,421700683
4665,421700698
4666,421700724
4667,421700727
4668,421700731
4669,421700732
4670,421700742
4671,421700755
4672,421700778
4673,421700788
4674,421700793
4675,421700822
4676,421800019
4677,421800038
4678,421800042
4679,421800050
4680,421800052
4681,421800077
4682,421800094
4683,421800098
4684,421800101
4685,421800121
4686,421800127
4687,421800134
4688,421800135
4689,421800145
4690,421800146
4691,421800154
4692,421800166
4693,421800188
4694,421800195
4695,421800211
4696,421900007
4697,421900023
4698,421900031
4699,421900036
4700,421900041
4701,421900046
4702,421900070
4703,421900077
4704,421900080
4705,421900089
4706,421900091
4707,421900092
4708,421900095
4709,421900108
4710,421900110
4711,421900113
4712,421900114
4713,421900129
4714,421900134
4715,421900138
4716,421900144
4717,421900170
4718,421900202
4719,421900204
4720,421900244
4721,421900252
4722,421900263
4723,421900267
4724,421900269
4725,421900296
4726,421900300
4727,421900313
4728,421900318
4729,421900321
4730,421900322
4731,421900330
4732,421900344
4733,421900347
4734,421900357
4735,421900387
4736,421900392
4737,422000020
4738,422000026
4739,422000030
4740,422000050
4741,422000082
4742,422000086
4743,422000090
4744,422000108
4745,422000112
4746,422000114
4747,422000122
4748,422000123
4749,422000126
4750,422000129
4751,422000135
4752,422000144
4753,422000160
4754,422000162
4755,422000171
4756,422000179
4757,422000196
4758,422000228
4759,422000286
4760,422000328
4761,422000329
4762,422000331
4763,422100004
4764,422100015
4765,422100040
4766,422100044
4767,422100045
4768,422100049
4769,422100059
4770,422100070
4771,422100074
4772,422100080
4773,422100081
4774,422100083
4775,422100101
4776,422100128
4777,422100129
4778,422100138
4779,422100140
4780,422100144
4781,422100146
4782,422100157
4783,422100166
4784,422100167
4785,422100173
4786,422100176
4787,422100178
4788,422100205
4789,422100216
4790,422100239
4791,422100241
4792,422100248
4793,422100254
4794,422100265
4795,422100284
4796,422100293
4797,422100295
4798,422100296
4799,422100303
4800,422100304
4801,422100306
4802,422100319
4803,422100332
4804,422100338
4805,422100339
4806,422100341
4807,422100342
4808,422100345
4809,422100348
4810,422100362
4811,422100372
4812,422100376
4813,422100380
4814,422100382
4815,422100383
4816,422100397
4817,422100399
4818,422100401
4819,422100410
4820,422100419
4821,422100436
4822,422100445
4823,422100451
4824,422100454
4825,422100494
4826,422100508
4827,422100516
4828,422100561
4829,422100570
4830,422100586
4831,422100589
4832,422100599
4833,422100602
4834,422100604
4835,422100611
4836,422100614
4837,422100622
4838,422100626
4839,422100631
4840,422100658
4841,422100673
4842,422100675
4843,422100685
4844,422100689
4845,422100692
4846,422100698
4847,422100704
4848,422100710
4849,422100714
4850,422100729
4851,422100731
4852,422100743
4853,422100745
4854,422100771
4855,422100776
4856,422100793
4857,422100800
4858,422100805
4859,422100812
4860,422100872
4861,422100874
4862,422100896
4863,422100902
4864,422100904
4865,422100914
4866,422100926
4867,422100933
4868,422100939
4869,422100947
4870,422100949
4871,422100950
4872,422100961
4873,422200014
4874,422200031
4875,422200036
4876,422200043
4877,422200046
4878,422200055
4879,422200062
4880,422200067
4881,422200076
4882,422200077
4883,422200083
4884,422200092
4885,422200096
4886,422200097
4887,422200099
4888,422200102
4889,422200129
4890,422200130
4891,422200142
4892,422200143
4893,422200145
4894,422200151
4895,422200159
4896,422200162
4897,422200166
4898,422200167
4899,422200197
4900,422200218
4901,422200227
4902,422200236
4903,422200239
4904,422200240
4905,422200248
4906,422200250
4907,422200263
4908,422200295
4909,422200322
4910,422200325
4911,422200337
4912,422200340
4913,422200343
4914,422200344
4915,422200345
4916,422200347
4917,422200353
4918,422200354
4919,422200357
4920,422200390
4921,422200393
4922,422200401
4923,422200403
4924,422200415
4925,422200429
4926,422200434
4927,422200445
4928,422200446
4929,422200448
4930,422200461
4931,422200483
4932,422200487
4933,422200494
4934,422200496
4935,422200503
4936,422200511
4937,422200513
4938,422200517
4939,422200523
4940,422200541
4941,422200542
4942,422200556
4943,422300001
4944,422300017
4945,422300026
4946,422300029
4947,422300036
4948,422300040
4949,422300044
4950,422300059
4951,422300066
4952,422300081
4953,422300099
4954,422300102
4955,422300105
4956,422300111
4957,422300113
4958,422300114
4959,422300117
4960,422300119
4961,422300143
4962,422300145
4963,422300146
4964,422300147
4965,422300148
4966,422300152
4967,422300174
4968,422300186
4969,422300208
4970,422300214
4971,422300225
4972,422300230
4973,422300238
4974,422300244
4975,422300274
4976,422300288
4977,422300311
4978,422300320
4979,422300321
4980,422300339
4981,422300351
4982,422300362
4983,422300385
4984,422300392
4985,422300400
4986,422300405
4987,422300423
4988,422300424
4989,422300426
4990,422300430
4991,422300432
4992,422300433
4993,422300435
4994,422400000
4995,422400004
4996,422400016
4997,422400024
4998,422400027
4999,422400041
5000,422400044
5001,422400048
5002,422400049
5003,422400053
5004,422400064
5005,422400074
5006,422400077
5007,422400079
5008,422400094
5009,422400099
5010,422400101
5011,422400116
5012,422400118
5013,422400131
5014,422400139
5015,422400142
5016,422400152
5017,422400155
5018,422400156
5019,422400161
5020,422400170
5021,422400180
5022,422400185
5023,422400189
5024,422400197
5025,422400198
5026,422400211
5027,422400229
5028,422400244
5029,422400245
5030,422400250
5031,422400251
5032,422400254
5033,422400259
5034,422400268
5035,422400274
5036,422400275
5037,422400283
5038,422500010
5039,422500011
5040,422500022
5041,422500070
5042,422500071
5043,422500080
5044,422500096
5045,422500103
5046,422500107
5047,422500121
5048,422500135
5049,422500137
5050,422500141
5051,422500171
5052,422500219
5053,422500232
5054,422500244
5055,422500250
5056,422500260
5057,422500283
5058,422500287
5059,422500292
5060,422500294
5061,422500295
5062,422500299
5063,422500301
5064,422500347
5065,422500354
5066,422500357
5067,422500376
5068,422500377
5069,422500381
5070,422500450
5071,422500453
5072,422500470
5073,422500482
5074,422500483
5075,422500487
5076,422500488
5077,422500489
5078,422500508
5079,422500511
5080,422600001
5081,422600014
5082,422600015
5083,422600018
5084,422600023
5085,422600027
5086,422600030
5087,422600031
5088,422600033
5089,422600038
5090,422600054
5091,422600075
5092,422600082
5093,422600083
5094,422600087
5095,422600096
5096,422600097
5097,422600100
5098,422600104
5099,422600106
5100,422600114
5101,422600126
5102,422600146
5103,422600147
5104,422600166
5105,422600170
5106,422600176
5107,422600191
5108,422600198
5109,422600202
5110,422600210
5111,422600224
5112,422600237
5113,422600253
5114,422600254
5115,422600268
5116,422600273
5117,422600287
5118,422600300
5119,422600322
5120,422600352
5121,422600360
5122,422600363
5123,422600369
5124,422600370
5125,422600371
5126,422600372
5127,422600375
5128,422600376
5129,422600378
5130,422600394
5131,422600440
5132,422600442
5133,422600448
5134,422600450
5135,422600478
5136,422600502
5137,422600505
5138,422600506
5139,422600539
5140,422600550
5141,422600590
5142,422600614
5143,422600635
5144,422600653
5145,422700009
5146,422700025
5147,422700027
5148,422700048
5149,422700049
5150,422700065
5151,422700074
5152,422700087
5153,422700091
5154,422700092
5155,422700131
5156,422700137
5157,422700142
5158,422700148
5159,422700191
5160,422700205
5161,422700211
5162,422700251
5163,422700259
5164,422700274
5165,422700278
5166,422700337
5167,422700376
5168,422700400
5169,422700401
5170,422700414
5171,422700418
5172,422700429
5173,422700432
5174,422700437
5175,422700440
5176,422700444
5177,422700448
5178,422700463
5179,422700465
5180,422700483
5181,422700491
5182,422700514
5183,422700515
5184,422700528
5185,422700529
5186,422700530
5187,422700537
5188,422700539
5189,422700561
5190,422700571
5191,422700587
5192,422700606
5193,422700620
5194,422700624
5195,422700639
5196,422700642
5197,422700686
5198,422800028
5199,422800029
5200,422800034
5201,422800047
5202,422800052
5203,422800064
5204,422800072
5205,422800085
5206,422800096
5207,422800112
5208,422800113
5209,422800120
5210,422800127
5211,422800134
5212,422800192
5213,422800196
5214,422800202
5215,422800241
5216,422800243
5217,422800246
5218,422800251
5219,422800254
5220,422800265
5221,422800266
5222,422800278
5223,422800288
5224,422800301
5225,422800303
5226,422800313
5227,422800326
5228,422800351
5229,422800384
5230,422800387
5231,422800388
5232,422800424
5233,422900042
5234,422900044
5235,422900046
5236,422900047
5237,422900048
5238,422900054
5239,422900064
5240,422900068
5241,422900076
5242,422900082
5243,422900084
5244,422900085
5245,422900095
5246,422900096
5247,422900100
5248,422900101
5249,422900103
5250,422900105
5251,422900107
5252,422900108
5253,422900111
5254,422900117
5255,422900123
5256,422900125
5257,422900140
5258,422900163
5259,422900174
5260,422900200
5261,422900225
5262,422900236
5263,422900247
5264,422900254
5265,422900262
5266,422900263
5267,422900264
5268,422900317
5269,422900328
5270,422900350
5271,422900375
5272,422900378
5273,422900404
5274,423000001
5275,423000008
5276,423000015
5277,423000030
5278,423000038
5279,423000040
5280,423000051
5281,423000057
5282,423000059
5283,423000066
5284,423000070
5285,423000073
5286,423000074
5287,423000077
5288,423000085
5289,423000092
5290,423000095
5291,423000098
5292,423000099
5293,423000111
5294,423000129
5295,423000152
5296,423000156
5297,423000157
5298,423000171
5299,423000199
5300,423000201
5301,423000205
5302,423000214
5303,423000222
5304,423000228
5305,423000232
5306,423000248
5307,423000263
5308,423000300
5309,423000329
5310,423000373
5311,423000378
5312,423000392
5313,423000396
5314,423000397
5315,423000399
5316,423000401
5317,423000418
5318,423000419
5319,423000447
5320,423000472
5321,423000478
5322,423000488
5323,423000506
5324,423000566
5325,423000571
5326,423000600
5327,423000615
5328,423000641
5329,423000643
5330,423100001
5331,423100002
5332,423100013
5333,423100018
5334,423100029
5335,423100039
5336,423100046
5337,423100053
5338,423100059
5339,423100066
5340,423100074
5341,423100097
5342,423100112
5343,423100126
5344,423100131
5345,423100145
5346,423100193
5347,423100218
5348,423100233
5349,423100257
5350,423100272
5351,423100287
5352,423100314
5353,423100324
5354,423100329
5355,423100332
5356,423100335
5357,423100369
5358,423100387
5359,423100393
5360,423100405
5361,423200002
5362,423200007
5363,423200008
5364,423200020
5365,423200027
5366,423200028
5367,423200043
5368,423200062
5369,423200078
5370,423200087
5371,423200102
5372,423200122
5373,423200134
5374,423200141
5375,423200159
5376,423200170
5377,423200193
5378,423200224
5379,423200236
5380,423200241
5381,423200254
5382,423200270
5383,423200279
5384,423200296
5385,423200329
5386,423200334
5387,423200362
5388,423200399
5389,423200425
5390,423200429
5391,423200430
5392,423200435
5393,423200443
5394,423200473
5395,423300039
5396,423300045
5397,423300069
5398,423300084
5399,423300127
5400,423300128
5401,423300142
5402,423300173
5403,423300174
5404,423300185
5405,423300191
5406,423300196
5407,423300206
5408,423300235
5409,423300242
5410,423300248
5411,423300254
5412,423300256
5413,423300293
5414,423300348
5415,423300363
5416,423300387
5417,423300393
5418,423300399
5419,423300413
5420,423300424
5421,423300453
5422,423300467
5423,423300469
5424,423300485
5425,423400002
5426,423400005
5427,423400008
5428,423400010
5429,423400011
5430,423400017
5431,423400021
5432,423400023
5433,423400037
5434,423400091
5435,423400093
5436,423400103
5437,423400112
5438,423400113
5439,423400142
5440,423400145
5441,423400151
5442,423400152
5443,423400156
5444,423400167
5445,423400168
5446,423400171
5447,423400172
5448,423400178
5449,423400180
5450,423400182
5451,423400185
5452,423400188
5453,423400194
5454,423400195
5455,423400206
5456,423400211
5457,423400215
5458,423400221
5459,423400238
5460,423400247
5461,423400282
5462,423400292
5463,423400294
5464,423400296
5465,423400318
5466,423400319
5467,423400337
5468,423400350
5469,423400351
5470,423400359
5471,423400378
5472,423400383
5473,423400384
5474,423400403
5475,423400415
5476,423400416
5477,423400419
5478,423400427
5479,423400433
5480,423400435
5481,423400447
5482,423400448
5483,423400449
5484,423400452
5485,423400457
5486,423400470
5487,423400473
5488,423400481
5489,423400485
5490,423400497
5491,423400498
5492,423400501
5493,423400502
5494,423400510
5495,423400517
5496,423400523
5497,423400531
5498,423400561
5499,423400567
5500,423400569
5501,423400581
5502,423400585
5503,423400609
5504,423400626
5505,423500025
5506,423500032
5507,423500038
5508,423500048
5509,423500062
5510,423500090
5511,423500102
5512,423500125
5513,423500141
5514,423500147
5515,423500212
5516,423500213
5517,423500225
5518,423500227
5519,423500230
5520,423500231
5521,423500233
5522,423500237
5523,423500251
5524,423500258
5525,423500270
5526,423500272
5527,423500274
5528,423500276
5529,423500282
5530,423600002
5531,423600005
5532,423600007
5533,423600008
5534,423600009
5535,423600021
5536,423600037
5537,423600052
5538,423600054
5539,423600095
5540,423600100
5541,423600103
5542,423600203
5543,423600219
5544,423600236
5545,423600242
5546,423600307
5547,423700017
5548,423700027
5549,423700029
5550,423700036
5551,423700052
5552,423700083
5553,423700089
5554,423700111
5555,423700133
5556,423700136
5557,423700145
5558,423700146
5559,423700147
5560,423700153
5561,423700180
5562,423700181
5563,423700183
5564,423700185
5565,423700187
5566,423700188
5567,423700193
5568,423700196
5569,423700197
5570,423700201
5571,423700237
5572,423700256
5573,423700268
5574,423700271
5575,423700273
5576,423700281
5577,423700282
5578,423700290
5579,423700325
5580,423700336
5581,423700338
5582,423700339
5583,423700347
5584,423700355
5585,423700373
5586,423700382
5587,423700384
5588,423700386
5589,423700387
5590,423700395
5591,423700398
5592,423700399
5593,423700402
5594,423700417
5595,423700427
5596,423800009
5597,423800010
5598,423800036
5599,423800069
5600,423800091
5601,423800121
5602,423800123
5603,423800125
5604,423800145
5605,423800155
5606,423800164
5607,423800168
5608,423800178
5609,423800181
5610,423800185
5611,423800191
5612,423800193
5613,423800195
5614,423800196
5615,423800202
5616,423800230
5617,423800239
5618,423800245
5619,423800246
5620,423900005
5621,423900010
5622,423900012
5623,423900013
5624,423900014
5625,423900017
5626,423900021
5627,423900038
5628,423900047
5629,423900070
5630,423900080
5631,423900086
5632,423900104
5633,423900105
5634,423900125
5635,423900143
5636,423900145
5637,423900172
5638,423900205
5639,423900207
5640,423900238
5641,423900300
5642,423900311
5643,423900314
5644,423900316
5645,423900319
5646,423900324
5647,423900325
5648,423900349
5649,423900350
5650,423900354
5651,423900358
5652,423900362
5653,423900365
5654,424000009
5655,424000010
5656,424000019
5657,424000027
5658,424000037
5659,424000039
5660,424000046
5661,424000047
5662,424000049
5663,424000057
5664,424000101
5665,424000115
5666,424000124
5667,424000129
5668,424000148
5669,424000188
5670,424000191
5671,424000192
5672,424000197
5673,424000199
5674,424000228
5675,424000246
5676,424000247
5677,424000257
5678,424000263
5679,424000264
5680,424000268
5681,424000280
5682,424000307
5683,424000309
5684,424000316
5685,424000322
5686,424100001
5687,424100015
5688,424100017
5689,424100019
5690,424100021
5691,424100022
5692,424100025
5693,424100026
5694,424100029
5695,424100030
5696,424100031
5697,424100038
5698,424100039
5699,424100044
5700,424100045
5701,424100049
5702,424100055
5703,424100060
5704,424100066
5705,424100068
5706,424100070
5707,424100074
5708,424100076
5709,424100077
5710,424100082
5711,424100087
5712,424100102
5713,424100121
5714,424100142
5715,424100148
5716,424100174
5717,424100178
5718,424100181
5719,424100189
5720,424100199
5721,424100201
5722,424100211
5723,424100215
5724,424100290
5725,424100326
5726,424100336
5727,424100337
5728,424100342
5729,424100363
5730,424100394
5731,424100396
5732,424100404
5733,424100412
5734,424100425
5735,424100442
5736,424100446
5737,424100479
5738,424100498
5739,424100522
5740,424100538
5741,424100543
5742,424100563
5743,424100564
5744,424100581
5745,424100587
5746,424100615
5747,424100663
5748,424100672
5749,424100680
5750,424100685
5751,424100693
5752,424100694
5753,424100709
5754,424100724
5755,424100729
5756,424100731
5757,424100745
5758,424100748
5759,424100749
5760,424100750
5761,424100753
5762,424100754
5763,424100755
5764,424100757
5765,424100766
5766,424100768
5767,424100790
5768,424100796
5769,424100807
5770,424100819
5771,424100820
5772,424100826
5773,424200004
5774,424200019
5775,424200024
5776,424200026
5777,424200051
5778,424200057
5779,424200064
5780,424200070
5781,424200114
5782,424200128
5783,424200144
5784,424200183
5785,424200185
5786,424200237
5787,424200254
5788,424300012
5789,424300038
5790,424300053
5791,424300077
5792,424300082
5793,424300083
5794,424300137
5795,424300150
5796,424300204
5797,424300206
5798,424300207
5799,424300213
5800,424300222
5801,424300230
5802,424300232
5803,424300242
5804,424300272
5805,424300277
5806,424300279
5807,424300280
5808,424300285
5809,424300290
5810,424300291
5811,424300294
5812,424300296
5813,424300298
5814,424300302
5815,424300315
5816,424300320
5817,424300322
5818,424300329
5819,424300344
5820,424300400
5821,424300423
5822,424300445
5823,424300463
5824,424300533
5825,424300561
5826,424300565
5827,424300634
5828,424300640
5829,424300668
5830,424300687
5831,424300701
5832,424300714
5833,424300740
5834,424400020
5835,424400035
5836,424400042
5837,424400043
5838,424400061
5839,424400077
5840,424400174
5841,424400280
5842,424400281
5843,424500004
5844,424500012
5845,424500023
5846,424500024
5847,424500025
5848,424500035
5849,424500057
5850,424500070
5851,424500071
5852,424500079
5853,424500090
5854,424500100
5855,424500106
5856,424500112
5857,424500137
5858,424500167
5859,424500217
5860,424500233
5861,424500284
5862,424500288
5863,424600006
5864,424600065
5865,424600077
5866,424600083
5867,424600089
5868,424600099
5869,424600103
5870,424600109
5871,424600124
5872,424600155
5873,424600163
5874,424600171
5875,424600198
5876,424600217
5877,424600231
5878,424600232
5879,424600244
5880,424600255
5881,424600257
5882,424700012
5883,424700031
5884,424700038
5885,424700070
5886,424700074
5887,424700080
5888,424700085
5889,424700089
5890,424700107
5891,424700129
5892,424700134
5893,424700135
5894,424700151
5895,424700170
5896,424700175
5897,424700176
5898,424700181
5899,424700182
5900,424700184
5901,424700195
5902,424700197
5903,424700214
5904,424700222
5905,424700240
5906,424700273
5907,424700287
5908,424700302
5909,424700306
5910,424700321
5911,424700330
5912,424700337
5913,424700350
5914,424700374
5915,424700375
5916,424700381
5917,424700383
5918,424700387
5919,424700393
5920,424700398
5921,424700400
5922,424700436
5923,424800003
5924,424800011
5925,424800077
5926,424800081
5927,424800120
5928,424800147
5929,424800149
5930,424800210
5931,424900000
5932,424900007
5933,424900020
5934,424900021
5935,424900056
5936,424900071
5937,424900089
5938,424900095
5939,424900121
5940,424900139
5941,424900140
5942,424900154
5943,424900160
5944,424900163
5945,424900179
5946,424900183
5947,424900185
5948,424900191
5949,424900192
5950,424900198
5951,424900206
5952,424900208
5953,424900218
5954,424900219
5955,424900238
5956,424900240
5957,425000013
5958,425000019
5959,425000022
5960,425000036
5961,425000037
5962,425000047
5963,425000067
5964,425000081
5965,425000086
5966,425000093
5967,425000100
5968,425000128
5969,425000142
5970,425000159
5971,425000186
5972,425000194
5973,425000202
5974,425000245
5975,425000252
5976,425000259
5977,425000266
5978,425000275
5979,425000276
5980,425000278
5981,425000280
5982,425000285
5983,425000299
5984,425000300
5985,425000301
5986,425000303
5987,425000310
5988,425000322
5989,425000361
5990,425000362
5991,425000365
5992,425000376
5993,425000396
5994,425000424
5995,425100013
5996,425100119
5997,425100133
5998,425100137
5999,425100144
6000,425100167
6001,425100175
6002,425100204
6003,425100209
6004,425100228
6005,425100303
6006,425100317
6007,425100346
6008,425100349
6009,425100358
6010,425100376
6011,425200027
6012,425200029
6013,425200030
6014,425200038
6015,425200041
6016,425200060
6017,425200062
6018,425200084
6019,425200085
6020,425200095
6021,425200110
6022,425200112
6023,425200113
6024,425200123
6025,425200155
6026,425200198
6027,425200232
6028,425200247
6029,425200283
6030,425200297
6031,425200304
6032,425200319
6033,425200332
6034,425200337
6035,425300012
6036,425300018
6037,425300028
6038,425300035
6039,425300047
6040,425300057
6041,425300063
6042,425300067
6043,425300068
6044,425300069
6045,425300072
6046,425300082
6047,425300083
6048,425300100
6049,425300102
6050,425300103
6051,425300109
6052,425300119
6053,425300146
6054,425300150
6055,425300163
6056,425300166
6057,425300175
6058,425300183
6059,425300198
6060,425300235
6061,425300240
6062,425300242
6063,425300246
6064,425300248
6065,425300253
6066,425300256
6067,425300257
6068,425300263
6069,425300274
6070,425300275
6071,425300278
6072,425300283
6073,425300288
6074,425300291
6075,425300293
6076,425300298
6077,425300304
6078,425300305
6079,425300306
6080,425300308
6081,425300312
6082,425300322
6083,425300325
6084,425300328
6085,425300329
6086,425300330
6087,425300336
6088,425300342
6089,425300364
6090,425400037
6091,425400088
6092,425400097
6093,425400106
6094,425400114
6095,425400116
6096,425400121
6097,425400129
6098,425400137
6099,425400142
6100,425400143
6101,425400144
6102,425400145
6103,425400148
6104,425400167
6105,425400168
6106,425400174
6107,425400231
6108,425400274
6109,425400341
6110,425400345
6111,425400352
6112,425400361
6113,425400362
6114,425400368
6115,425400385
6116,425400387
6117,425500011
6118,425500040
6119,425500084
6120,425500097
6121,425500102
6122,425500103
6123,425500105
6124,425500108
6125,425500115
6126,425500116
6127,425500118
6128,425500119
6129,425500120
6130,425500124
6131,425500127
6132,425500129
6133,425500132
6134,425500134
6135,425500144
6136,425500148
6137,425500161
6138,425500173
6139,425500186
6140,425500198
6141,425500219
6142,425500227
6143,425500228
6144,425500232
6145,425500245
6146,425500254
6147,425500307
6148,425500317
6149,425500330
6150,425500348
6151,425500367
6152,425500396
6153,425500401
6154,425500403
6155,425500424
6156,425500474
6157,425500482
6158,425500487
6159,425600000
6160,425600011
6161,425600015
6162,425600039
6163,425600066
6164,425600071
6165,425600072
6166,425600074
6167,425600093
6168,425600104
6169,425600106
6170,425600119
6171,425600127
6172,425600128
6173,425600140
6174,425600174
6175,425600182
6176,425600184
6177,425600190
6178,425600194
6179,425600206
6180,425600207
6181,425600223
6182,425700002
6183,425700004
6184,425700005
6185,425700006
6186,425700031
6187,425700038
6188,425700052
6189,425700061
6190,425700088
6191,425700089
6192,425700101
6193,425700146
6194,425700149
6195,425700150
6196,425700161
6197,425700164
6198,425700223
6199,425700234
6200,425700241
6201,425700255
6202,425700259
6203,425700263
6204,425700265
6205,425700266
6206,425700273
6207,425700274
6208,425700276
6209,425700280
6210,425700282
6211,425700301
6212,425700304
6213,425700305
6214,425700311
6215,425700317
6216,425700328
6217,425700344
6218,425700352
6219,425700356
6220,425700384
6221,425700389
6222,425700393
6223,425700396
6224,425700397
6225,425700408
6226,425700430
6227,425700443
6228,425700457
6229,425700461
6230,425700466
6231,425700483
6232,425700495
6233,425800005
6234,425800022
6235,425800045
6236,425800051
6237,425800062
6238,425800068
6239,425800074
6240,425800082
6241,425800092
6242,425800103
6243,425800126
6244,425800141
6245,425800142
6246,425800144
6247,425800189
6248,425800199
6249,425800238
6250,425800251
6251,425800275
6252,425800280
6253,425800281
6254,425800298
6255,425900011
6256,425900039
6257,425900048
6258,425900109
6259,425900114
6260,425900120
6261,425900147
6262,425900163
6263,425900193
6264,425900195
6265,425900197
6266,425900209
6267,425900211
6268,425900216
6269,425900225
6270,425900235
6271,425900237
6272,425900238
6273,425900240
6274,425900282
6275,425900285
6276,426000012
6277,426000030
6278,426000036
6279,426000038
6280,426000040
6281,426000079
6282,426000117
6283,426000119
6284,426000122
6285,426000131
6286,426000139
6287,426000141
6288,426000143
6289,426000144
6290,426000145
6291,426000147
6292,426000149
6293,426000154
6294,426000157
6295,426000159
6296,426000161
6297,426000162
6298,426000166
6299,426000167
6300,426000168
6301,426000169
6302,426000170
6303,426000172
6304,426000173
6305,426000174
6306,426000176
6307,426000178
6308,426000179
6309,426000181
6310,426000184
6311,426000185
6312,426000195
6313,426000216
6314,426000222
6315,426000223
6316,426000225
6317,426000227
6318,426000270
6319,426000300
6320,426000306
6321,426000308
6322,426000310
6323,426000313
6324,426000314
6325,426000315
6326,426000325
6327,426000326
6328,426000337
6329,426000338
6330,426000340
6331,426000341
6332,426000351
6333,426000354
6334,426000356
6335,426000357
6336,426000363
6337,426000364
6338,426000366
6339,426000371
6340,426000379
6341,426000383
6342,426000388
6343,426000389
6344,426000393
6345,426000398
6346,426000404
6347,426000407
6348,426000442
6349,426000445
6350,426000453
6351,426000472
6352,426000474
6353,426000493
6354,426000517
6355,426000519
6356,426000539
6357,426000551
6358,426000557
6359,426000562
6360,426100001
6361,426100002
6362,426100004
6363,426100005
6364,426100036
6365,426100043
6366,426100053
6367,426100057
6368,426100077
6369,426100083
6370,426100098
6371,426100107
6372,426100118
6373,426100134
6374,426100141
6375,426100316
6376,426200003
6377,426200017
6378,426200025
6379,426200038
6380,426200041
6381,426200043
6382,426200068
6383,426200072
6384,426200075
6385,426200079
6386,426200088
6387,426200119
6388,426200178
6389,426200227
6390,426200236
6391,426200308
6392,426200310
6393,426200316
6394,426200331
6395,426300010
6396,426300011
6397,426300034
6398,426300039
6399,426300048
6400,426300072
6401,426300078
6402,426300084
6403,426300099
6404,426300116
6405,426300128
6406,426300138
6407,426300149
6408,426300151
6409,426300155
6410,426300157
6411,426300191
6412,426300204
6413,426300210
6414,426300222
6415,426300247
6416,426300253
6417,426300269
6418,426400001
6419,426400004
6420,426400014
6421,426400015
6422,426400020
6423,426400025
6424,426400027
6425,426400028
6426,426400030
6427,426400035
6428,426400045
6429,426400065
6430,426400068
6431,426400084
6432,426400085
6433,426400095
6434,426400115
6435,426400116
6436,426400128
6437,426400167
6438,426400175
6439,426400182
6440,426400234
6441,426400239
6442,426400241
6443,426400288
6444,426400294
6445,426400357
6446,426400362
6447,426400368
6448,426400369
6449,426400426
6450,426500020
6451,426500101
6452,426500123
6453,426500168
6454,426500176
6455,426500194
6456,426500196
6457,426500208
