               1 2022 10  4  6 21 56.030 L 1.000 X  46.00017 -130.03000   1.590 X  -9.000   0.300   0.200  -9.000    -18   -9   -9  197  68 -121   44 47  11 56 D  27 46   9 123 1  77 57
               2 2022 10  5 10 23  1.500 L 1.000 X  45.95933 -129.98767   0.740 X  -9.000   0.300   0.200  -9.000    -18   -9   -9  193  57 -110   32 31   8 16 B  74 39   5 156 1 102 69
               3 2022 10  6  0 57 34.110 L 1.000 X  45.92150 -129.97050   1.160 X  -9.000   0.300   0.200  -9.000    -18   -9   -9   35  84 -169   27 25   9 18 B  85 49   8 127 1 138 66
               4 2022 10  6 11 12 52.820 L 1.000 X  45.92567 -129.98917   1.590 X  -9.000   0.300   0.200  -9.000    -18   -9   -9  276  76  166   38 48   8 17 D  49 61   7 118 1  77 33
               5 2022 10  7 13 25 16.960 L 1.000 X  45.99967 -130.02467   1.960 X  -9.000   0.300   0.200  -9.000    -18   -9   -9  234  49 -100   25 26   9 20 B  80 42   8 182 1 185 45
               6 2022 10  7 13 29 49.860 L 1.000 X  45.95284 -129.98849   1.700 X  -9.000   0.300   0.200  -9.000    -18   -9   -9  359  80 -178   37 28  11 36 B  71 63  10 111 1  63 28
               7 2022 10  7 13 49 57.810 L 1.000 X  45.95333 -129.98849   1.780 X  -9.000   0.300   0.200  -9.000    -18   -9   -9  357  84 -178   21 24  12 25 A  93 62  11 113 1  64 28
               8 2022 10  7 14 13 32.170 L 1.000 X  45.95433 -129.98700   1.960 X  -9.000   0.300   0.200  -9.000    -18   -9   -9   40  81  146   47 44   8 19 D  37 70   5  93 1 109 25
               9 2022 10  7 14 37 57.090 L 1.000 X  45.95383 -129.98734   1.850 X  -9.000   0.300   0.200  -9.000    -18   -9   -9   30  35  146   43 49  10  7 D  35 63   8 114 1 108 26
              10 2022 10  8  4  5  7.380 L 1.000 X  45.92467 -129.99184   1.160 X  -9.000   0.300   0.200  -9.000    -18   -9   -9  303  37 -112   25 41  12 37 C  58 49  11 160 1  56 53
              11 2022 10 11  8 28 15.340 L 1.000 X  45.92550 -129.98367   0.890 X  -9.000   0.300   0.200  -9.000    -18   -9   -9   94  54  -90   38 35   8  0 C  53 43   7 164 1 195 38
              12 2022 10 11 18 56 49.040 L 1.000 X  45.93884 -130.02034   1.370 X  -9.000   0.300   0.200  -9.000    -18   -9   -9  146  49 -117   34 33  13 31 B  62 47  13 133 1  71 34
              13 2022 10 11 23 31 25.880 L 1.000 X  46.00100 -130.02817   1.460 X  -9.000   0.300   0.200  -9.000    -18   -9   -9  173  73 -174   20 36  10 32 B  72 46   9 163 1  77 68
              14 2022 10 13  5  4 47.820 L 1.000 X  45.95967 -129.98717   0.890 X  -9.000   0.300   0.200  -9.000    -18   -9   -9   45  44  -78   32 30   9  4 B  73 40   6 155 1  98 71
              15 2022 10 14  6 24 36.370 L 1.000 X  45.92600 -129.98917   1.100 X  -9.000   0.300   0.200  -9.000    -18   -9   -9  110  69 -118   33 27  11 19 B  71 43  10 168 1  58 47
              16 2022 10 14 17 13  0.760 L 1.000 X  45.99967 -130.02667   1.640 X  -9.000   0.300   0.200  -9.000    -18   -9   -9  347  70  160   17 23  14 23 A  94 47  12 160 1  69 53
              17 2022 10 14 23 35 14.520 L 1.000 X  45.99300 -129.98033   0.500 X  -9.000   0.300   0.200  -9.000    -18   -9   -9  218  20 -173   40 41  10 15 D  49 73   9 135 1 184 50
              18 2022 10 15  0  4 45.600 L 1.000 X  45.96900 -129.97350   0.500 X  -9.000   0.300   0.200  -9.000    -18   -9   -9  305   9 -109   27 30  11 20 B  86 66  10  80 1 187 51
              19 2022 10 15  0 21 45.910 L 1.000 X  45.99467 -129.98300   0.500 X  -9.000   0.300   0.200  -9.000    -18   -9   -9  336   4  -65   38 35  13 12 C  59 81  12  63 1 173 49
              20 2022 10 15  0 22 16.180 L 1.000 X  45.97000 -129.97383   0.500 X  -9.000   0.300   0.200  -9.000    -18   -9   -9  320  90  107   33 28  12 27 B  63 68  11 101 1 190 51
              21 2022 10 15  0 32 46.280 L 1.000 X  45.99633 -129.98283   0.500 X  -9.000   0.300   0.200  -9.000    -18   -9   -9  197   7  158   41 37  12 15 C  69 79  11  76 1  97 51
              22 2022 10 15  0 33 16.780 L 1.000 X  45.98950 -130.01601   0.500 X  -9.000   0.300   0.200  -9.000    -18   -9   -9    7  14  -16   32 33  10 17 B  71 73  10  79 1 169 49
              23 2022 10 15  0 47 16.750 L 1.000 X  45.99733 -129.98267   0.500 X  -9.000   0.300   0.200  -9.000    -18   -9   -9  212  47  174   44 45   8 13 D  31 95   6  49 1 328 49
              24 2022 10 15  0 53 17.240 L 1.000 X  45.97133 -129.97450   0.630 X  -9.000   0.300   0.200  -9.000    -18   -9   -9  268   9 -174   34 35  16 20 B  63 68  14  91 1 146 41
              25 2022 10 15  0 53 46.920 L 1.000 X  45.99933 -129.98134   0.560 X  -9.000   0.300   0.200  -9.000    -18   -9   -9  125  79  -94   44 45  13 24 D  47 84  11  65 1 277 52
              26 2022 10 15  0 54 47.000 L 1.000 X  45.99800 -129.98233   0.540 X  -9.000   0.300   0.200  -9.000    -18   -9   -9   81  63 -134   44 38  12 18 C  51 77  10 124 1 156 51
              27 2022 10 15  0 57 47.120 L 1.000 X  45.99650 -129.98351   0.500 X  -9.000   0.300   0.200  -9.000    -18   -9   -9  259   5 -123   44 47   9  6 D  35 89   7  20 1 176 49
              28 2022 10 15  1 12 47.210 L 1.000 X  45.99783 -129.98550   0.500 X  -9.000   0.300   0.200  -9.000    -18   -9   -9   84  87 -127   49 50  10 21 D  34 84   9  44 1 147 49
              29 2022 10 15  1 15 17.120 L 1.000 X  45.99667 -129.98584   0.500 X  -9.000   0.300   0.200  -9.000    -18   -9   -9  207  19 -177   46 41   8 24 D  30 85   8  46 1 176 49
              30 2022 10 15  1 16 17.040 L 1.000 X  45.99883 -129.98517   0.530 X  -9.000   0.300   0.200  -9.000    -18   -9   -9  306   9  -71   39 38   8 23 C  53 83   7  40 1 144 51
              31 2022 10 15  1 18 16.970 L 1.000 X  45.99567 -129.98784   0.500 X  -9.000   0.300   0.200  -9.000    -18   -9   -9  280  10 -103   31 34  12  9 B  68 86  10  46 1 261 49
              32 2022 10 15  1 19 17.140 L 1.000 X  45.98017 -129.98283   0.330 X  -9.000   0.300   0.200  -9.000    -18   -9   -9   44  12   -3   38 39  10 18 C  53 77   8  79 1 201 41
              33 2022 10 15  1 22 16.680 L 1.000 X  45.99683 -129.98734   0.500 X  -9.000   0.300   0.200  -9.000    -18   -9   -9  107  87  -93   38 37  10 27 C  54 91   8  27 1 271 49
              34 2022 10 15  1 23 46.520 L 1.000 X  45.99900 -129.98416   0.580 X  -9.000   0.300   0.200  -9.000    -18   -9   -9   66  82 -142   28 33  11 29 B  70 84   9  60 1 147 53
              35 2022 10 15  1 24 16.630 L 1.000 X  45.99300 -129.99083   0.610 X  -9.000   0.300   0.200  -9.000    -18   -9   -9  101  78  -90   37 37   9 13 C  57 81   8  78 1 263 55
              36 2022 10 15  1 25 16.390 L 1.000 X  45.99967 -129.98500   0.590 X  -9.000   0.300   0.200  -9.000    -18   -9   -9  124  82  -99   46 46   9 17 D  45 77   8  78 1 109 55
              37 2022 10 15  1 31 16.240 L 1.000 X  45.97183 -129.97600   0.530 X  -9.000   0.300   0.200  -9.000    -18   -9   -9   56   9   12   53 67  12 22 D  37 64  11 110 1 193 36
              38 2022 10 15  1 31 45.930 L 1.000 X  45.99866 -129.98466   0.510 X  -9.000   0.300   0.200  -9.000    -18   -9   -9  105  83 -101   37 40  12  9 C  53 85  11  60 1 147 50
              39 2022 10 15  1 32 15.900 L 1.000 X  45.98850 -129.99500   1.750 X  -9.000   0.300   0.200  -9.000    -18   -9   -9   17  49 -165   44 43  10 24 D  38 48   9 118 1 125 59
              40 2022 10 15  1 38 45.400 L 1.000 X  45.99866 -129.98567   0.500 X  -9.000   0.300   0.200  -9.000    -18   -9   -9  268   8 -129   36 37  10 22 C  55 87   9  48 1 270 49
              41 2022 10 15  1 42 45.090 L 1.000 X  45.99933 -129.98483   0.510 X  -9.000   0.300   0.200  -9.000    -18   -9   -9  349   6  -37   26 26  13 16 B  84 87  12  33 1 251 50
              42 2022 10 15  1 50 44.510 L 1.000 X  45.99733 -129.98683   0.500 X  -9.000   0.300   0.200  -9.000    -18   -9   -9  115  84  -92   36 36  11 19 C  57 87  10  32 1 246 49
              43 2022 10 15  1 53 14.330 L 1.000 X  45.99883 -129.98750   0.500 X  -9.000   0.300   0.200  -9.000    -18   -9   -9  259   9 -122   28 32  11 17 B  77 88   9  60 1 135 49
              44 2022 10 15  2  6 13.320 L 1.000 X  45.99900 -129.98466   0.500 X  -9.000   0.300   0.200  -9.000    -18   -9   -9  126  82  -85   37 36  11 15 D  50 89  10  35 1 275 49
              45 2022 10 15  2 45 10.440 L 1.000 X  46.00300 -129.98550   0.930 X  -9.000   0.300   0.200  -9.000    -18   -9   -9  291  27  -93   42 40  10 11 D  45 77   9 101 1 280 63
              46 2022 10 15  2 58  9.530 L 1.000 X  45.99700 -129.99117   0.500 X  -9.000   0.300   0.200  -9.000    -18   -9   -9  187  28  164   40 37   8 13 D  49 91   6  27 1 275 49
              47 2022 10 15  3  6 38.690 L 1.000 X  46.00400 -129.98517   0.500 X  -9.000   0.300   0.200  -9.000    -18   -9   -9  103  86 -109   39 39   9 12 D  48 90   7  26 1 294 49
              48 2022 10 15  5 19 11.620 L 1.000 X  45.92700 -129.98816   1.430 X  -9.000   0.300   0.200  -9.000    -18   -9   -9  355  79  178   49 41  15 32 D  55 52  14 124 1  61 35
              49 2022 10 15  6 36 39.580 L 1.000 X  45.95300 -130.02567   1.450 X  -9.000   0.300   0.200  -9.000    -18   -9   -9    4  25  -72   34 34   8 13 B  62 36   8 138 1 113 45
              50 2022 10 15  9  1 41.610 L 1.000 X  45.99933 -130.03517   0.500 X  -9.000   0.300   0.200  -9.000    -18   -9   -9  207  80  140   47 46   8  9 D  36 87   6  56 1 281 50
              51 2022 10 15  9  4 41.400 L 1.000 X  45.98867 -130.01266   0.500 X  -9.000   0.300   0.200  -9.000    -18   -9   -9  147  81  -99   45 44   8 29 D  37 79   8  89 1 139 53
              52 2022 10 15  9  6 41.480 L 1.000 X  45.98817 -130.01350   0.500 X  -9.000   0.300   0.200  -9.000    -18   -9   -9  279  17  -91   44 43   9 16 D  43 82   8  67 1 143 50
              53 2022 10 15  9 10 41.530 L 1.000 X  45.98933 -130.01250   0.500 X  -9.000   0.300   0.200  -9.000    -18   -9   -9  108  77 -101   40 41   9 12 D  50 76   7  76 1 101 50
              54 2022 10 15  9 18 12.220 L 1.000 X  45.99400 -130.01717   2.710 X  -9.000   0.300   0.200  -9.000    -18   -9   -9  252  79  -96   46 45   8 10 D  34 69   6  54 1 171 49
              55 2022 10 15  9 19 41.760 L 1.000 X  45.98883 -130.01450   0.500 X  -9.000   0.300   0.200  -9.000    -18   -9   -9  272  11 -128   45 46   9 38 D  39 81   8  80 1 238 50
              56 2022 10 15  9 22 11.800 L 1.000 X  45.98917 -130.01401   0.500 X  -9.000   0.300   0.200  -9.000    -18   -9   -9  208  79  150   48 48   8  0 D  30 80   8  79 1 239 49
              57 2022 10 15 14 27 27.730 L 1.000 X  45.97033 -129.99249   1.250 X  -9.000   0.300   0.200  -9.000    -18   -9   -9   43  77  176   28 31  10 18 B  72 38   8 188 1  68 54
              58 2022 10 15 14 53 11.260 L 1.000 X  46.01100 -130.02634   0.710 X  -9.000   0.300   0.200  -9.000    -18   -9   -9  235  20 -110   43 46  11 27 D  41 82   9  77 1 273 57
              59 2022 10 15 20 12 59.640 L 1.000 X  45.99700 -130.04683   0.500 X  -9.000   0.300   0.200  -9.000    -18   -9   -9  193  72  166   50 57   8  0 D  25 80   6 103 1 207 50
              60 2022 10 16  5 45 17.690 L 1.000 X  45.92300 -129.98900   1.620 X  -9.000   0.300   0.200  -9.000    -18   -9   -9  168  86  150   29 38  12 14 B  67 58  10 105 1  77 34
              61 2022 10 17  0 55 46.380 L 1.000 X  45.93350 -129.97917   1.470 X  -9.000   0.300   0.200  -9.000    -18   -9   -9  324  57  -77   30 29   8  3 B  84 50   7 183 1 144 22
              62 2022 10 17 10 17 26.740 L 1.000 X  45.93933 -130.01833   1.160 X  -9.000   0.300   0.200  -9.000    -18   -9   -9   91  67 -155   17 19  11 22 A  97 45  10 142 1  90 37
              63 2022 10 17 11 31 31.920 L 1.000 X  45.93317 -129.98117   1.370 X  -9.000   0.300   0.200  -9.000    -18   -9   -9  137  34 -115   33 28   8 21 B  69 55   7 157 1 105 20
              64 2022 10 18 13 36 15.430 L 1.000 X  45.93250 -129.97734   1.390 X  -9.000   0.300   0.200  -9.000    -18   -9   -9  335  44  -87   34 45  11 21 C  81 46   9 184 1 109 25
              65 2022 10 18 22 10  4.080 L 1.000 X  45.92317 -129.98866   1.540 X  -9.000   0.300   0.200  -9.000    -18   -9   -9  273  68 -161   58 66   8 37 D  22 67   6  90 1 138 35
              66 2022 10 19  0 19 27.640 L 1.000 X  45.98700 -130.03867   1.090 X  -9.000   0.300   0.200  -9.000    -18   -9   -9  300  33 -106   37 38   8 25 D  44 43   7 145 1  77 44
              67 2022 10 21 11 51 48.420 L 1.000 X  45.92750 -129.98717   1.420 X  -9.000   0.300   0.200  -9.000    -18   -9   -9  332  36  -93   42 45  16 32 D  41 49  15 145 1  68 32
              68 2022 10 21 11 52  2.440 L 1.000 X  45.92717 -129.98666   1.420 X  -9.000   0.300   0.200  -9.000    -18   -9   -9  311  32 -114   23 24  15 13 A  89 49  14 144 1  67 30
              69 2022 10 22  9  0 24.520 L 1.000 X  45.92500 -129.99200   1.380 X  -9.000   0.300   0.200  -9.000    -18   -9   -9   80  63 -137   47 46  13 28 D  38 54  11 133 1  54 46
              70 2022 10 23  0 16  5.470 L 1.000 X  45.92450 -129.98866   1.060 X  -9.000   0.300   0.200  -9.000    -18   -9   -9  177  86  151   38 38   8 12 C  71 43   7 149 1 103 48
              71 2022 10 23  9 31 25.020 L 1.000 X  45.92583 -129.98683   1.270 X  -9.000   0.300   0.200  -9.000    -18   -9   -9  272  44 -140   31 43  10 25 C  56 52   9 134 1  65 33
              72 2022 10 24  1 29 52.660 L 1.000 X  46.00267 -130.02983   1.880 X  -9.000   0.300   0.200  -9.000    -18   -9   -9  348  75  162   34 45  12 24 D  50 55  10 107 1 127 55
              73 2022 10 24  1 30 13.480 L 1.000 X  46.00067 -130.02950   1.670 X  -9.000   0.300   0.200  -9.000    -18   -9   -9  137  79 -113   20 24  10  2 A  93 51   7 113 1  78 60
              74 2022 10 24  4 42  0.460 L 1.000 X  45.92350 -129.98833   0.830 X  -9.000   0.300   0.200  -9.000    -18   -9   -9  268  66 -177   36 33   9 31 C  56 50   7 116 1 107 56
              75 2022 10 24  4 42  2.720 L 1.000 X  45.92333 -129.99834   0.010 X  -9.000   0.300   0.200  -9.000    -18   -9   -9   17  84  177   42 49  10 16 D  53 74   8 102 1 163 44
              76 2022 10 24 15  0 17.040 L 1.000 X  46.00583 -130.02850   1.620 X  -9.000   0.300   0.200  -9.000    -18   -9   -9  360  69  172   32 30  10 16 B  73 50   9 134 1  92 44
              77 2022 10 25  4 43 30.490 L 1.000 X  45.98950 -130.00783   1.950 X  -9.000   0.300   0.200  -9.000    -18   -9   -9   90  83  111   43 38   9 22 D  45 68   9  87 1  89 28
              78 2022 10 25  4 43 37.160 L 1.000 X  45.99033 -130.00850   1.600 X  -9.000   0.300   0.200  -9.000    -18   -9   -9   54  75  170   29 27  15 36 B  77 48  12 110 1  97 35
              79 2022 10 25  4 48 20.180 L 1.000 X  45.99050 -130.00816   1.490 X  -9.000   0.300   0.200  -9.000    -18   -9   -9  293  47  140   26 21  12  8 A  89 49  11 117 1  57 39
              80 2022 10 25  4 48 37.610 L 1.000 X  45.99067 -130.00833   1.290 X  -9.000   0.300   0.200  -9.000    -18   -9   -9  167  64 -163   53 52   8 32 D  36 47   8 133 1 146 44
              81 2022 10 25  4 49 43.930 L 1.000 X  45.98967 -130.00800   1.770 X  -9.000   0.300   0.200  -9.000    -18   -9   -9  128  10 -113   35 31  15 24 B  79 52  12 129 1  68 31
              82 2022 10 25  4 50 22.970 L 1.000 X  45.99017 -130.00833   1.660 X  -9.000   0.300   0.200  -9.000    -18   -9   -9  275  71 -155   34 31  14 12 B  64 51  12 120 1  98 34
              83 2022 10 25  4 54  1.200 L 1.000 X  45.98933 -130.00800   1.840 X  -9.000   0.300   0.200  -9.000    -18   -9   -9  184  20  149   46 49  13 38 D  40 55  11 120 1  66 29
              84 2022 10 25  4 54 49.230 L 1.000 X  45.98867 -130.00650   1.960 X  -9.000   0.300   0.200  -9.000    -18   -9   -9   60  78  171   39 35  12 25 D  45 57  10 125 1  64 27
              85 2022 10 25  4 54 55.280 L 1.000 X  45.99150 -130.00917   1.500 X  -9.000   0.300   0.200  -9.000    -18   -9   -9  246  78 -136   37 24  11 24 B  66 53  10 113 1  90 41
              86 2022 10 25  4 55 40.060 L 1.000 X  45.99033 -130.00883   1.710 X  -9.000   0.300   0.200  -9.000    -18   -9   -9  318  77  171   45 48  10 34 D  32 52  10 100 1  72 33
              87 2022 10 25  4 56 27.570 L 1.000 X  45.99067 -130.00900   1.670 X  -9.000   0.300   0.200  -9.000    -18   -9   -9   19  76  124   44 38  16 23 C  52 49  13 133 1  71 35
              88 2022 10 25  4 56 36.840 L 1.000 X  45.99166 -130.00983   1.740 X  -9.000   0.300   0.200  -9.000    -18   -9   -9  281  89 -160   26 27  16 25 B  77 52  14 105 1  77 36
              89 2022 10 25  4 58 29.050 L 1.000 X  45.99067 -130.00951   1.480 X  -9.000   0.300   0.200  -9.000    -18   -9   -9   49  69  169   29 38  12 40 B  65 47  10 133 1  93 38
              90 2022 10 25  4 59 53.780 L 1.000 X  45.98317 -130.00133   0.420 X  -9.000   0.300   0.200  -9.000    -18   -9   -9  143  84 -166   56 65   8 27 D  27 66   7 115 1  77 49
              91 2022 10 25  5  0 35.600 L 1.000 X  45.99017 -130.00833   1.690 X  -9.000   0.300   0.200  -9.000    -18   -9   -9  313  42  144   47 46   8 18 D  46 63   8 100 1  90 33
              92 2022 10 25  5  2 22.300 L 1.000 X  45.98917 -130.00766   2.040 X  -9.000   0.300   0.200  -9.000    -18   -9   -9  186  39   34   38 33  11 21 C  57 65  11  85 1  67 26
              93 2022 10 25  5  4 34.120 L 1.000 X  45.99200 -130.00967   1.270 X  -9.000   0.300   0.200  -9.000    -18   -9   -9  298  53  142   43 38  14 35 C  54 51  12 122 1 113 48
              94 2022 10 25  5  5  2.660 L 1.000 X  45.99033 -130.00883   2.340 X  -9.000   0.300   0.200  -9.000    -18   -9   -9   96  62   93   41 42   8  0 D  42 63   8  81 1  79 24
              95 2022 10 25  5  5 38.020 L 1.000 X  45.98900 -130.00751   1.740 X  -9.000   0.300   0.200  -9.000    -18   -9   -9   53  62 -162   37 34  13 22 C  71 54  12 128 1  64 30
              96 2022 10 25  5  5 56.950 L 1.000 X  45.98867 -130.00684   1.950 X  -9.000   0.300   0.200  -9.000    -18   -9   -9   98  68  119   42 43  13 20 D  44 54  12 147 1  64 27
              97 2022 10 25  5  7 29.750 L 1.000 X  45.98933 -130.00766   1.650 X  -9.000   0.300   0.200  -9.000    -18   -9   -9  260  69  166   34 36  14 27 C  67 50  13 134 1 104 32
              98 2022 10 25  5  8 49.850 L 1.000 X  45.99250 -130.00917   0.560 X  -9.000   0.300   0.200  -9.000    -18   -9   -9  264  71 -167   40 47   9 14 C  55 56   9 114 1  68 58
              99 2022 10 25  5  8 58.900 L 1.000 X  45.98917 -130.00734   1.770 X  -9.000   0.300   0.200  -9.000    -18   -9   -9   66  87  174   42 32  13 43 D  47 51  12 136 1  64 30
             100 2022 10 25  5 10 32.880 L 1.000 X  45.98800 -130.00650   2.000 X  -9.000   0.300   0.200  -9.000    -18   -9   -9  126  89  129   40 43   9 27 D  44 59   9 117 1  86 25
             101 2022 10 25  5 15 45.960 L 1.000 X  45.99050 -130.00783   1.770 X  -9.000   0.300   0.200  -9.000    -18   -9   -9  262  80  -97   48 53   8 29 D  41 61   8  91 1 132 33
             102 2022 10 25  5 21 20.040 L 1.000 X  45.98900 -130.00751   1.680 X  -9.000   0.300   0.200  -9.000    -18   -9   -9  256  28 -158   57 59  10 43 D  30 59  10 104 1  87 31
             103 2022 10 25  5 24 40.440 L 1.000 X  45.98817 -130.00600   1.610 X  -9.000   0.300   0.200  -9.000    -18   -9   -9   90  30 -164   45 34  16 29 C  59 47  15 129 1  88 33
             104 2022 10 25  5 24 51.330 L 1.000 X  45.98950 -130.00717   1.510 X  -9.000   0.300   0.200  -9.000    -18   -9   -9  230  11  174   53 48  10 23 D  39 56   9 104 1 104 37
             105 2022 10 25  5 31 17.510 L 1.000 X  45.98817 -130.00633   1.970 X  -9.000   0.300   0.200  -9.000    -18   -9   -9   39  69  -97   46 34  19 47 D  46 50  17 147 1  62 26
             106 2022 10 25  5 32 21.490 L 1.000 X  45.99650 -130.01433   1.480 X  -9.000   0.300   0.200  -9.000    -18   -9   -9   54  89  169   29 30   9 19 B  75 51   8  98 1  83 55
             107 2022 10 25  5 32 28.610 L 1.000 X  45.98650 -130.00566   1.700 X  -9.000   0.300   0.200  -9.000    -18   -9   -9   87  49  -59   46 53   9 27 D  48 62   8 119 1  71 28
             108 2022 10 25  5 32 45.050 L 1.000 X  45.99083 -130.00900   2.000 X  -9.000   0.300   0.200  -9.000    -18   -9   -9  324  77  -91   47 48   8 42 D  43 66   7 119 1  99 30
             109 2022 10 25  5 33  4.100 L 1.000 X  45.98900 -130.00766   1.940 X  -9.000   0.300   0.200  -9.000    -18   -9   -9  229  29 -100   56 64  10 40 D  30 58   9 137 1  66 27
             110 2022 10 25  5 33 16.460 L 1.000 X  45.98800 -130.00633   1.820 X  -9.000   0.300   0.200  -9.000    -18   -9   -9  295  57   89   41 41  14 24 C  51 55  12 118 1  62 28
             111 2022 10 25  5 34 14.450 L 1.000 X  45.99000 -130.00766   2.030 X  -9.000   0.300   0.200  -9.000    -18   -9   -9  200  12 -172   48 52   9 29 D  41 68   9  85 1  71 28
             112 2022 10 25  5 34 25.050 L 1.000 X  45.98883 -130.00616   2.050 X  -9.000   0.300   0.200  -9.000    -18   -9   -9  235  23  -19   46 52  11 36 D  49 61  10 113 1  65 27
             113 2022 10 25  5 36 55.740 L 1.000 X  45.98734 -130.00583   1.890 X  -9.000   0.300   0.200  -9.000    -18   -9   -9  189  77  123   35 39  16 41 C  68 51  13 147 1  66 27
             114 2022 10 25  5 37 52.230 L 1.000 X  45.98800 -130.00633   1.860 X  -9.000   0.300   0.200  -9.000    -18   -9   -9  139  87  130   48 53   8 27 D  46 65   7 116 1 124 32
             115 2022 10 25  5 38  4.920 L 1.000 X  45.98750 -130.00583   1.960 X  -9.000   0.300   0.200  -9.000    -18   -9   -9  237  31  -73   34 35  13 43 B  67 59  11 109 1  65 26
             116 2022 10 25  5 38 38.530 L 1.000 X  45.98883 -130.00700   1.700 X  -9.000   0.300   0.200  -9.000    -18   -9   -9   90  33 -141   32 35  14 12 B  63 51  11 112 1  86 31
             117 2022 10 25  5 39 47.040 L 1.000 X  45.99750 -130.01517   1.230 X  -9.000   0.300   0.200  -9.000    -18   -9   -9   56  83 -168   38 48   8  7 D  40 59   7 125 1 132 65
             118 2022 10 25  5 46 16.580 L 1.000 X  45.98783 -130.00600   1.920 X  -9.000   0.300   0.200  -9.000    -18   -9   -9  233  62  117   34 28  18 38 B  73 51  18 148 1  64 27
             119 2022 10 25  5 47 51.670 L 1.000 X  45.98850 -130.00616   1.910 X  -9.000   0.300   0.200  -9.000    -18   -9   -9  113  66  145   38 37  15 20 C  51 53  13 136 1  61 28
             120 2022 10 25  5 48  1.320 L 1.000 X  45.98767 -130.00566   1.910 X  -9.000   0.300   0.200  -9.000    -18   -9   -9   55  60 -162   42 30  11 25 C  57 60  10 151 1  65 27
             121 2022 10 25  5 48 19.130 L 1.000 X  45.99300 -130.01067   1.190 X  -9.000   0.300   0.200  -9.000    -18   -9   -9   61  71  169   44 41  14 16 D  50 53  11 158 1 103 54
             122 2022 10 25  5 48 43.710 L 1.000 X  45.99617 -130.01350   1.360 X  -9.000   0.300   0.200  -9.000    -18   -9   -9   45  88 -174   22 26  17 18 A  88 52  16 146 1  79 58
             123 2022 10 25  5 48 55.790 L 1.000 X  45.98533 -130.00433   1.740 X  -9.000   0.300   0.200  -9.000    -18   -9   -9   68  41  121   33 40  12 16 C  54 45  12 174 1  76 29
             124 2022 10 25  5 49  6.500 L 1.000 X  45.98700 -130.00450   1.710 X  -9.000   0.300   0.200  -9.000    -18   -9   -9   53  53 -111   33 36  18 37 C  58 46  18 161 1  71 31
             125 2022 10 25  5 49 55.850 L 1.000 X  45.98767 -130.00667   1.820 X  -9.000   0.300   0.200  -9.000    -18   -9   -9   67  50 -179   43 40  10 26 D  49 57   8 190 1 114 27
             126 2022 10 25  5 49 58.260 L 1.000 X  45.99917 -130.01616   1.100 X  -9.000   0.300   0.200  -9.000    -18   -9   -9  263  48 -102   43 40  15 38 D  38 57  14 169 1  69 66
             127 2022 10 25  5 50 28.540 L 1.000 X  45.98734 -130.00301   0.500 X  -9.000   0.300   0.200  -9.000    -18   -9   -9   90  82 -157   47 54   8 28 D  29 80   6 112 1 131 49
             128 2022 10 25  5 51 11.190 L 1.000 X  45.98050 -129.99983   1.360 X  -9.000   0.300   0.200  -9.000    -18   -9   -9  124  61 -144   26 39  14 25 B  62 46  11 146 1  70 48
             129 2022 10 25  5 51 26.270 L 1.000 X  45.98633 -130.00500   2.120 X  -9.000   0.300   0.200  -9.000    -18   -9   -9  222  77  114   34 26  14  8 B  78 59  13 127 1  72 24
             130 2022 10 25  5 51 44.720 L 1.000 X  45.98800 -130.00734   1.990 X  -9.000   0.300   0.200  -9.000    -18   -9   -9  217  16  165   50 52   8 14 D  33 66   6  81 1 137 26
             131 2022 10 25  5 51 47.570 L 1.000 X  45.98783 -130.00366   1.680 X  -9.000   0.300   0.200  -9.000    -18   -9   -9  130  48  -76   29 29  16 41 B  82 46  14 145 1  70 35
             132 2022 10 25  5 51 54.060 L 1.000 X  45.98667 -130.00517   1.700 X  -9.000   0.300   0.200  -9.000    -18   -9   -9  131  85  135   41 36  14 32 C  53 50  13 123 1  70 30
             133 2022 10 25  5 52  7.350 L 1.000 X  45.98617 -130.00301   1.570 X  -9.000   0.300   0.200  -9.000    -18   -9   -9    5  74 -112   20 22  16 34 A  94 45  14 158 1 109 36
             134 2022 10 25  5 52 43.620 L 1.000 X  45.98067 -130.00034   1.300 X  -9.000   0.300   0.200  -9.000    -18   -9   -9  135  65 -150   28 32  11 24 B  77 45  10 146 1  71 48
             135 2022 10 25  5 54 47.640 L 1.000 X  45.98717 -130.00500   1.940 X  -9.000   0.300   0.200  -9.000    -18   -9   -9  210  83  110   41 35  15 15 C  63 54  13 149 1  69 27
             136 2022 10 25  5 55  5.960 L 1.000 X  45.98767 -130.00500   1.960 X  -9.000   0.300   0.200  -9.000    -18   -9   -9  104  39  119   42 44  10 31 D  43 59  10 135 1  67 28
             137 2022 10 25  5 55  9.220 L 1.000 X  45.99150 -130.00850   2.590 X  -9.000   0.300   0.200  -9.000    -18   -9   -9  242  19   79   31 30   8 25 B  71 67   6  92 1 201 28
             138 2022 10 25  5 55 22.200 L 1.000 X  45.98717 -130.00484   1.950 X  -9.000   0.300   0.200  -9.000    -18   -9   -9  214  68  122   36 27  18 34 B  73 51  16 144 1  69 27
             139 2022 10 25  5 56  8.200 L 1.000 X  45.98700 -130.00500   1.800 X  -9.000   0.300   0.200  -9.000    -18   -9   -9  242  66  139   33 26  18 21 B  73 45  15 171 1  69 29
             140 2022 10 25  5 56 30.610 L 1.000 X  45.98967 -130.00751   1.660 X  -9.000   0.300   0.200  -9.000    -18   -9   -9  237  35   95   52 58  15 29 D  34 52  11 114 1  81 33
             141 2022 10 25  5 56 37.740 L 1.000 X  45.98950 -130.00833   1.470 X  -9.000   0.300   0.200  -9.000    -18   -9   -9   41  57 -154   30 39  11 17 C  54 56   9 120 1 101 36
             142 2022 10 25  5 57 41.730 L 1.000 X  45.99250 -130.00934   2.200 X  -9.000   0.300   0.200  -9.000    -18   -9   -9   83  77  114   32 26   9 36 B  68 56   8 175 1 105 31
             143 2022 10 25  5 58 40.390 L 1.000 X  45.98967 -130.00766   1.750 X  -9.000   0.300   0.200  -9.000    -18   -9   -9   46  73 -165   42 53  15 37 D  40 53  13 128 1  65 32
             144 2022 10 25  6  1  7.560 L 1.000 X  45.98567 -130.00267   1.960 X  -9.000   0.300   0.200  -9.000    -18   -9   -9  341  69  124   51 63  14 35 D  43 56  10 121 1 105 29
             145 2022 10 25  6  1 23.110 L 1.000 X  45.99283 -130.01016   2.180 X  -9.000   0.300   0.200  -9.000    -18   -9   -9   71  54  164   33 45   8 11 C  56 60   7 162 1 149 32
             146 2022 10 25  6  1 33.020 L 1.000 X  45.98633 -130.00566   1.810 X  -9.000   0.300   0.200  -9.000    -18   -9   -9  165  81 -112   57 62   8 37 D  29 63   7 110 1 173 26
             147 2022 10 25  6  3 20.950 L 1.000 X  45.98867 -130.00751   1.910 X  -9.000   0.300   0.200  -9.000    -18   -9   -9   86  61  142   40 39  11 23 C  51 60  10 112 1  64 27
             148 2022 10 25  6  5 27.530 L 1.000 X  45.98883 -130.00766   1.820 X  -9.000   0.300   0.200  -9.000    -18   -9   -9   54  52   78   38 32  12 14 C  58 56  11 123 1  63 28
             149 2022 10 25  6  7  2.100 L 1.000 X  45.99400 -130.00917   1.700 X  -9.000   0.300   0.200  -9.000    -18   -9   -9   69  57 -159   30 34   8 31 B  80 56   7 148 1  85 43
             150 2022 10 25  6  9  1.050 L 1.000 X  45.99083 -130.00833   1.410 X  -9.000   0.300   0.200  -9.000    -18   -9   -9  174  80  117   33 37  15 27 B  67 48  13 121 1  95 42
             151 2022 10 25  6 10 47.520 L 1.000 X  45.98883 -130.00717   1.720 X  -9.000   0.300   0.200  -9.000    -18   -9   -9  117  55  137   36 28  13 26 B  64 47  11 151 1 146 31
             152 2022 10 25  6 32 29.850 L 1.000 X  45.99967 -130.01717   1.470 X  -9.000   0.300   0.200  -9.000    -18   -9   -9   72  54 -164   45 46  10 19 D  45 42   8 169 1  64 39
             153 2022 10 25  7  2 51.440 L 1.000 X  45.98700 -130.00517   1.970 X  -9.000   0.300   0.200  -9.000    -18   -9   -9  272  43  -57   32 42  16 39 C  50 55  13 144 1  69 26
             154 2022 10 25  7 12  8.090 L 1.000 X  45.98883 -130.00717   1.870 X  -9.000   0.300   0.200  -9.000    -18   -9   -9  262  33  -63   36 43  10 40 D  40 61   9 115 1  65 28
             155 2022 10 25  7 48 12.300 L 1.000 X  45.99900 -130.02667   1.500 X  -9.000   0.300   0.200  -9.000    -18   -9   -9  333  68  148   27 31  10 37 B  81 46   9 192 1 108 66
             156 2022 10 25  8  5 10.820 L 1.000 X  45.98683 -130.00417   1.990 X  -9.000   0.300   0.200  -9.000    -18   -9   -9   20  83  -99   44 40  18 24 D  46 53  17 135 1  72 27
             157 2022 10 25  8  5 40.670 L 1.000 X  45.98617 -130.00616   1.710 X  -9.000   0.300   0.200  -9.000    -18   -9   -9   58  60  169   30 36   9 30 B  65 57   7 126 1 170 39
             158 2022 10 25  8 12 51.170 L 1.000 X  45.98750 -130.00534   1.910 X  -9.000   0.300   0.200  -9.000    -18   -9   -9   47  57 -149   50 53  15 32 D  32 55  13 131 1  67 28
             159 2022 10 25  8 13 17.740 L 1.000 X  45.98633 -130.01033   2.060 X  -9.000   0.300   0.200  -9.000    -18   -9   -9  221  21  172   16 17  18 27 A  94 51  14 133 1  60 28
             160 2022 10 25  8 13 21.080 L 1.000 X  45.98783 -130.00549   1.970 X  -9.000   0.300   0.200  -9.000    -18   -9   -9   18  87 -111   38 32  17 27 C  54 51  16 158 1  65 27
             161 2022 10 25  8 13 56.010 L 1.000 X  45.98717 -130.00450   1.840 X  -9.000   0.300   0.200  -9.000    -18   -9   -9  121  13 -154   52 41  11 13 D  47 56  11 116 1  70 30
             162 2022 10 25  8 15 14.220 L 1.000 X  45.98667 -130.00433   1.990 X  -9.000   0.300   0.200  -9.000    -18   -9   -9  128  74  144   49 62  11 38 D  53 58  10 144 1  72 27
             163 2022 10 25 10 40  9.970 L 1.000 X  45.98917 -130.00067   1.680 X  -9.000   0.300   0.200  -9.000    -18   -9   -9   85  69  161   24 23  10  4 A  88 53   8 132 1 102 43
             164 2022 10 25 11 23 10.290 L 1.000 X  45.99850 -130.02733   1.310 X  -9.000   0.300   0.200  -9.000    -18   -9   -9  353  88  173   32 39   9 23 C  57 47   8 124 1  68 56
             165 2022 10 25 17  0  4.800 L 1.000 X  45.97083 -129.99651   1.580 X  -9.000   0.300   0.200  -9.000    -18   -9   -9   46  50  -96   33 31  12 33 B  66 52  10 149 1  67 37
             166 2022 10 25 17 11 54.640 L 1.000 X  45.97000 -129.99617   1.510 X  -9.000   0.300   0.200  -9.000    -18   -9   -9  218  38  -99   33 31   9 20 B  73 50   7 153 1  65 54
             167 2022 10 25 17 17 23.600 L 1.000 X  45.97017 -129.99567   1.780 X  -9.000   0.300   0.200  -9.000    -18   -9   -9   15  58 -118   38 42  10 39 D  43 57   8 139 1  66 33
             168 2022 10 25 19 47 20.320 L 1.000 X  45.97066 -129.99600   1.710 X  -9.000   0.300   0.200  -9.000    -18   -9   -9  147  54 -145   37 39  11 23 D  50 52   7 136 1 119 35
             169 2022 10 25 19 48 59.080 L 1.000 X  45.97117 -129.99651   1.870 X  -9.000   0.300   0.200  -9.000    -18   -9   -9    4  60 -135   23 32  11 21 B  83 57  11 142 1  69 33
             170 2022 10 25 19 57 53.860 L 1.000 X  45.97083 -129.99533   1.800 X  -9.000   0.300   0.200  -9.000    -18   -9   -9   23  65 -128   30 29  12  5 B  75 55   8 117 1  69 45
             171 2022 10 26  1 23 29.910 L 1.000 X  45.98667 -129.99899   1.620 X  -9.000   0.300   0.200  -9.000    -18   -9   -9  195  81 -140   36 38   9  4 C  57 50   8 128 1  92 32
             172 2022 10 26  4 23 45.620 L 1.000 X  45.96483 -129.99434   1.700 X  -9.000   0.300   0.200  -9.000    -18   -9   -9  346  55 -136   26 26  10 30 B  86 50   7 172 1  65 52
             173 2022 10 26  6 21  6.210 L 1.000 X  45.99333 -130.00934   1.200 X  -9.000   0.300   0.200  -9.000    -18   -9   -9  281  52 -117   36 31  13 22 B  62 46   9 142 1 105 55
             174 2022 10 26  6 23 46.570 L 1.000 X  45.99283 -130.00833   1.210 X  -9.000   0.300   0.200  -9.000    -18   -9   -9  282  57 -117   41 41  11 41 D  48 46   8 141 1 148 54
             175 2022 10 26 16  5 37.140 L 1.000 X  45.99767 -130.02733   1.300 X  -9.000   0.300   0.200  -9.000    -18   -9   -9  353  83  172   47 39  16 27 D  41 53  13 122 1  66 51
             176 2022 10 27  1  7 40.250 L 1.000 X  45.92133 -129.97501   1.310 X  -9.000   0.300   0.200  -9.000    -18   -9   -9  208  74  158   32 28   9  0 B  75 53   9 149 1  90 34
             177 2022 10 27  2 39 35.490 L 1.000 X  45.98950 -130.00517   1.710 X  -9.000   0.300   0.200  -9.000    -18   -9   -9  133  88 -166   30 32  13 23 D  48 47  13 129 1  59 36
             178 2022 10 27  5 52 30.310 L 1.000 X  45.92667 -129.98450   1.130 X  -9.000   0.300   0.200  -9.000    -18   -9   -9  237  89  175   35 37   8 43 C  60 51   8 126 1 187 29
             179 2022 10 28 20 20 51.200 L 1.000 X  45.91533 -129.98967   1.100 X  -9.000   0.300   0.200  -9.000    -18   -9   -9  359  40  -88   41 39   9 18 C  50 42   7 164 1  82 67
             180 2022 10 29  4 15  9.740 L 1.000 X  45.99617 -130.01666   2.010 X  -9.000   0.300   0.200  -9.000    -18   -9   -9  100  38 -162   40 35   9 21 D  46 62   8  98 1 164 33
             181 2022 10 29  6 39 11.100 L 1.000 X  45.99717 -130.00366   0.500 X  -9.000   0.300   0.200  -9.000    -18   -9   -9  135  83 -116   56 58  11 36 D  33 79   9  86 1 163 49
             182 2022 10 29  6 41 40.330 L 1.000 X  45.99550 -130.01450   0.890 X  -9.000   0.300   0.200  -9.000    -18   -9   -9   32  83 -155   44 55  13 23 D  58 58  13 121 1 117 65
             183 2022 10 29  6 42 48.230 L 1.000 X  45.99500 -130.01567   1.520 X  -9.000   0.300   0.200  -9.000    -18   -9   -9  221  78 -131   45 50  12 25 D  41 48  12 124 1  53 46
             184 2022 10 29  6 43 17.000 L 1.000 X  45.99700 -130.01483   1.480 X  -9.000   0.300   0.200  -9.000    -18   -9   -9  139  83 -177   47 40   8 20 D  42 46   7 122 1 110 46
             185 2022 10 29  6 44 22.510 L 1.000 X  45.99533 -130.01450   1.410 X  -9.000   0.300   0.200  -9.000    -18   -9   -9  116  28  -79   42 45   9 21 D  39 49   7 105 1  78 51
             186 2022 10 29  6 46 52.550 L 1.000 X  45.94850 -130.02716   2.130 X  -9.000   0.300   0.200  -9.000    -18   -9   -9  276  23 -167   34 33   9 15 B  69 58   7  94 1 226 42
             187 2022 10 29  6 48  9.470 L 1.000 X  46.00217 -130.01100   2.620 X  -9.000   0.300   0.200  -9.000    -18   -9   -9   81  53  145   42 33   8 22 C  59 67   6  87 1 270 32
             188 2022 10 29  8 20 33.730 L 1.000 X  45.93550 -129.98083   1.470 X  -9.000   0.300   0.200  -9.000    -18   -9   -9  322  52  -75   23 23  12 17 A  87 47  10 156 1  96 22
             189 2022 10 29  8 24 11.620 L 1.000 X  45.93500 -129.98117   1.380 X  -9.000   0.300   0.200  -9.000    -18   -9   -9  143  33 -120   29 34   9 27 B  73 40   8 211 1  92 23
             190 2022 10 29  8 27 49.070 L 1.000 X  45.93550 -129.98016   1.530 X  -9.000   0.300   0.200  -9.000    -18   -9   -9  343  87 -152   27 39  13  5 B  70 38  12 180 1  57 47
             191 2022 10 29  8 38 40.480 L 1.000 X  45.93583 -129.98083   1.380 X  -9.000   0.300   0.200  -9.000    -18   -9   -9  350  61  -86   38 35   8 44 C  53 56   6 116 1  90 22
             192 2022 10 29  8 40  2.750 L 1.000 X  45.93633 -129.98183   1.360 X  -9.000   0.300   0.200  -9.000    -18   -9   -9  110  82  156   41 43  10 48 C  63 46   8 152 1  91 20
             193 2022 10 29  8 42 33.370 L 1.000 X  45.93583 -129.98100   1.480 X  -9.000   0.300   0.200  -9.000    -18   -9   -9   96  39  -97   38 43  14 11 C  57 39  13 176 1  57 21
             194 2022 10 29  8 46 57.850 L 1.000 X  45.93583 -129.98134   1.410 X  -9.000   0.300   0.200  -9.000    -18   -9   -9  185  30  -73   20 24  10 20 A  93 49   8 135 1  92 21
             195 2022 10 29  8 47 40.400 L 1.000 X  45.93517 -129.98033   1.490 X  -9.000   0.300   0.200  -9.000    -18   -9   -9  333  60 -107   33 24  11 26 B  73 48   9 148 1  99 22
             196 2022 10 29  9  7 44.980 L 1.000 X  45.93500 -129.98100   1.450 X  -9.000   0.300   0.200  -9.000    -18   -9   -9  353  74 -145   25 30  17 35 B  79 45  16 181 1  63 22
             197 2022 10 29  9 25 19.430 L 1.000 X  45.93433 -129.98050   1.410 X  -9.000   0.300   0.200  -9.000    -18   -9   -9  345  58  -94   31 30  11 18 B  68 48   9 154 1  98 23
             198 2022 10 29  9 26  3.420 L 1.000 X  45.93450 -129.98100   1.400 X  -9.000   0.300   0.200  -9.000    -18   -9   -9    0  58  -95   27 28  11 37 B  75 46   8 156 1  95 23
             199 2022 10 29  9 29 23.480 L 1.000 X  45.93367 -129.98033   1.330 X  -9.000   0.300   0.200  -9.000    -18   -9   -9  120  48 -116   23 21  11 33 A  92 50  10 159 1  91 23
             200 2022 10 29  9 34 56.910 L 1.000 X  45.93500 -129.98067   1.410 X  -9.000   0.300   0.200  -9.000    -18   -9   -9  169  29  -97   39 36   9 43 C  60 51   7 145 1 114 23
             201 2022 10 29  9 39 48.060 L 1.000 X  45.93350 -129.98016   1.400 X  -9.000   0.300   0.200  -9.000    -18   -9   -9  308  76 -144   34 31  10 11 B  63 41   8 181 1  93 22
             202 2022 10 29 23 56 10.880 L 1.000 X  45.93350 -129.98067   1.240 X  -9.000   0.300   0.200  -9.000    -18   -9   -9  344  58  -88   28 29   9 24 B  78 54   9 134 1 108 24
             203 2022 10 29 23 57  4.120 L 1.000 X  45.93367 -129.98050   1.280 X  -9.000   0.300   0.200  -9.000    -18   -9   -9  137  40 -113   31 31   9 42 B  77 50   7 155 1 110 24
             204 2022 10 29 23 58 44.940 L 1.000 X  45.93333 -129.97966   1.410 X  -9.000   0.300   0.200  -9.000    -18   -9   -9  113  50 -136   31 35  12 34 B  71 45  10 160 1 109 21
             205 2022 10 29 23 58 58.040 L 1.000 X  45.93467 -129.98083   1.270 X  -9.000   0.300   0.200  -9.000    -18   -9   -9    6  63  -87   47 43   8 20 D  45 59   5 130 1 117 25
             206 2022 10 30  0  2 45.280 L 1.000 X  45.93450 -129.98100   1.300 X  -9.000   0.300   0.200  -9.000    -18   -9   -9  130  42 -107   23 21  10  5 A  94 52   9 139 1 110 24
             207 2022 10 30  0 18 36.340 L 1.000 X  45.93367 -129.98050   1.340 X  -9.000   0.300   0.200  -9.000    -18   -9   -9  354  58  -75   29 34  11 23 B  74 51   8 125 1 108 23
             208 2022 10 30  0 18 45.580 L 1.000 X  45.93433 -129.97966   1.470 X  -9.000   0.300   0.200  -9.000    -18   -9   -9  122  48 -123   28 26   9  0 B  79 54   7 158 1 129 22
             209 2022 10 30  0 20 12.210 L 1.000 X  45.93250 -129.97783   1.670 X  -9.000   0.300   0.200  -9.000    -18   -9   -9  292  86 -129   44 57   8 19 D  45 67   8  93 1 135 22
             210 2022 10 30  1  3  8.950 L 1.000 X  45.93333 -129.98050   1.270 X  -9.000   0.300   0.200  -9.000    -18   -9   -9  336  63 -102   29 26   9 39 B  79 55   7 117 1 109 23
             211 2022 10 30  1 52 48.910 L 1.000 X  45.93400 -129.98050   1.330 X  -9.000   0.300   0.200  -9.000    -18   -9   -9  341  66 -113   27 36   8  0 B  65 57   7 142 1 128 24
             212 2022 10 30  3  8  0.560 L 1.000 X  45.93350 -129.97966   1.420 X  -9.000   0.300   0.200  -9.000    -18   -9   -9  185  35  -77   49 63   8 57 D  36 59   6 136 1  98 22
             213 2022 10 30  4 13 58.010 L 1.000 X  45.99850 -130.02716   1.350 X  -9.000   0.300   0.200  -9.000    -18   -9   -9  349  73  171   35 33   9 24 C  59 51   8 114 1  86 55
             214 2022 10 30  4 17 57.650 L 1.000 X  45.93650 -129.98383   0.930 X  -9.000   0.300   0.200  -9.000    -18   -9   -9  119  43 -123   47 54   8 13 D  36 50   6 171 1 117 29
             215 2022 10 30  4 27 44.040 L 1.000 X  45.99600 -130.01433   1.500 X  -9.000   0.300   0.200  -9.000    -18   -9   -9   36  74 -149   48 63  12 29 D  36 49  12  95 1  51 48
             216 2022 10 30  4 28  6.960 L 1.000 X  45.99550 -130.01450   1.460 X  -9.000   0.300   0.200  -9.000    -18   -9   -9  163  73 -176   26 33  11 15 B  77 49  10 101 1  67 50
             217 2022 10 30  4 37 54.380 L 1.000 X  45.93367 -129.98033   1.350 X  -9.000   0.300   0.200  -9.000    -18   -9   -9  347  75 -165   35 36  12 46 C  75 45  10 169 1  78 23
             218 2022 10 30  4 40 57.820 L 1.000 X  45.93383 -129.98033   1.390 X  -9.000   0.300   0.200  -9.000    -18   -9   -9  338  54  -97   42 50   9 53 D  35 53   7 179 1 109 23
             219 2022 10 30  4 42  8.160 L 1.000 X  45.93383 -129.97966   1.480 X  -9.000   0.300   0.200  -9.000    -18   -9   -9  115  50 -116   26 19  10  6 A  90 50   7 152 1  72 21
             220 2022 10 30  5  1 19.870 L 1.000 X  45.93417 -129.98117   1.260 X  -9.000   0.300   0.200  -9.000    -18   -9   -9  327  52  -69   24 18  13  9 A  94 48  11 147 1  95 24
             221 2022 10 30  5  1 29.620 L 1.000 X  45.93300 -129.98033   1.250 X  -9.000   0.300   0.200  -9.000    -18   -9   -9  238  66 -135   45 50   8  5 D  30 65   6 122 1 132 20
             222 2022 10 30  5 30 49.860 L 1.000 X  45.93683 -129.98416   1.730 X  -9.000   0.300   0.200  -9.000    -18   -9   -9  185  20  -73   51 54   8 42 D  40 66   6 131 1  89 22
             223 2022 10 30  5 32 19.120 L 1.000 X  45.93500 -129.98199   1.200 X  -9.000   0.300   0.200  -9.000    -18   -9   -9  330  57 -103   29 34   8 23 B  69 46   6 164 1 155 25
             224 2022 10 30  5 34 12.760 L 1.000 X  45.93500 -129.98233   1.210 X  -9.000   0.300   0.200  -9.000    -18   -9   -9  130  37 -119   34 33   8 29 B  63 47   5 147 1 153 24
             225 2022 10 30  7  1 26.170 L 1.000 X  45.93433 -129.98134   1.490 X  -9.000   0.300   0.200  -9.000    -18   -9   -9  341  69 -102   21 32   8 34 B  79 55   7 161 1 116 21
             226 2022 10 30  7 36 24.690 L 1.000 X  45.93467 -129.98151   1.290 X  -9.000   0.300   0.200  -9.000    -18   -9   -9  119  50 -115   22 21  12 30 A  93 49   9 136 1 108 24
             227 2022 10 30  8 42 52.330 L 1.000 X  45.93550 -129.97966   1.470 X  -9.000   0.300   0.200  -9.000    -18   -9   -9  321  77 -141   29 41   8  9 C  58 46   6 170 1 126 28
             228 2022 10 30  8 56 49.450 L 1.000 X  45.93567 -129.97900   1.610 X  -9.000   0.300   0.200  -9.000    -18   -9   -9  162  38  -84   19 25  11 27 A  90 51   9 135 1  67 21
             229 2022 10 30  9  8 27.050 L 1.000 X  45.93950 -129.98117   1.660 X  -9.000   0.300   0.200  -9.000    -18   -9   -9  320  68 -111   36 38   8  0 C  56 65   6  96 1  81 26
             230 2022 10 30  9  9  9.000 L 1.000 X  45.93550 -129.97917   1.530 X  -9.000   0.300   0.200  -9.000    -18   -9   -9  329  54 -102   33 38  10 25 C  62 51   9 162 1 127 22
             231 2022 10 30 10 13 29.000 L 1.000 X  45.99817 -130.02699   1.400 X  -9.000   0.300   0.200  -9.000    -18   -9   -9  218  55 -120   32 37  14 16 B  63 49  12 130 1  67 52
             232 2022 10 30 18 39 55.300 L 1.000 X  45.93683 -129.98167   1.300 X  -9.000   0.300   0.200  -9.000    -18   -9   -9  312  73 -121   46 43   8  7 D  32 53   6 136 1 111 28
             233 2022 10 31 14  8 15.950 L 1.000 X  46.00017 -130.02699   1.550 X  -9.000   0.300   0.200  -9.000    -18   -9   -9  352  87  161   32 39   8 29 C  60 41   8 163 1  90 57
             234 2022 10 31 23 59  5.920 L 1.000 X  45.96700 -129.99600   1.560 X  -9.000   0.300   0.200  -9.000    -18   -9   -9   30  58  -88   26 35  10 20 B  80 40  10 159 1 119 56
             235 2022 11  1 11 32 27.870 L 1.000 X  46.00200 -130.02916   1.830 X  -9.000   0.300   0.200  -9.000    -18   -9   -9  342  87  127   52 59   8 34 D  34 59   7 111 1 178 53
             236 2022 11  1 12 24  9.080 L 1.000 X  46.00450 -130.03000   1.790 X  -9.000   0.300   0.200  -9.000    -18   -9   -9  317  81  131   36 40  10 22 C  67 58   9 108 1 118 46
             237 2022 11  2 11 28 46.400 L 1.000 X  45.93200 -129.97783   0.980 X  -9.000   0.300   0.200  -9.000    -18   -9   -9  146  38  -87   48 58   8 59 D  30 61   5  75 1  73 31
             238 2022 11  2 11 32 41.610 L 1.000 X  45.93184 -129.97600   1.530 X  -9.000   0.300   0.200  -9.000    -18   -9   -9  139  26 -104   44 52   8 61 D  30 58   5 130 1 160 25
             239 2022 11  3  9 10 20.940 L 1.000 X  45.97750 -129.99933   1.660 X  -9.000   0.300   0.200  -9.000    -18   -9   -9   35  16 -135   30 37   9  5 B  60 61   7 123 1 100 45
             240 2022 11  3  9 11 41.680 L 1.000 X  45.93150 -129.97800   1.390 X  -9.000   0.300   0.200  -9.000    -18   -9   -9  335  52  -83   60 73  10 27 D  33 43   9 180 1 107 32
             241 2022 11  3  9 11 49.700 L 1.000 X  45.97700 -129.99834   1.760 X  -9.000   0.300   0.200  -9.000    -18   -9   -9  344  72 -137   43 44  11 34 D  47 58   8 118 1 102 45
             242 2022 11  3  9 12 12.420 L 1.000 X  45.97733 -129.99899   1.920 X  -9.000   0.300   0.200  -9.000    -18   -9   -9   83  14 -138   41 35  10 15 C  63 64   7  97 1 101 40
             243 2022 11  3  9 14 51.700 L 1.000 X  45.97750 -129.99800   1.610 X  -9.000   0.300   0.200  -9.000    -18   -9   -9  359  44 -141   37 38  10 29 C  51 51   8 124 1  89 49
             244 2022 11  3  9 15  4.240 L 1.000 X  45.97733 -129.99867   1.540 X  -9.000   0.300   0.200  -9.000    -18   -9   -9  357  62 -133   19 17  13 19 A  97 41  11 162 1 101 49
             245 2022 11  3  9 15 11.370 L 1.000 X  45.97766 -129.99867   1.930 X  -9.000   0.300   0.200  -9.000    -18   -9   -9   72  23 -154   43 26  11 19 B  62 59   9 120 1 102 40
             246 2022 11  3  9 18 27.310 L 1.000 X  45.97750 -129.99800   1.760 X  -9.000   0.300   0.200  -9.000    -18   -9   -9   25  52 -113   24 29  12  5 B  83 56  10 130 1 103 45
             247 2022 11  3  9 19 34.060 L 1.000 X  45.97766 -129.99916   1.910 X  -9.000   0.300   0.200  -9.000    -18   -9   -9   22  57 -109   16 27  12 30 A  88 61  11 103 1 100 40
             248 2022 11  3  9 21 29.700 L 1.000 X  45.97800 -129.99834   1.720 X  -9.000   0.300   0.200  -9.000    -18   -9   -9   10  55 -123   22 27  12 21 A  89 48  10 163 1 103 45
             249 2022 11  3  9 57 25.040 L 1.000 X  45.97467 -129.99617   2.030 X  -9.000   0.300   0.200  -9.000    -18   -9   -9  348  74 -135   42 42   9  6 D  49 69   6  86 1  83 39
             250 2022 11  3 10  4 10.000 L 1.000 X  45.97650 -129.99683   0.760 X  -9.000   0.300   0.200  -9.000    -18   -9   -9  238  86 -177   40 37   8 25 C  56 41   6 177 1 106 67
             251 2022 11  3 10 15 54.740 L 1.000 X  45.97683 -129.99933   1.650 X  -9.000   0.300   0.200  -9.000    -18   -9   -9   99  11 -126   51 48   9 18 D  38 63   5  84 1  99 46
             252 2022 11  3 10 28 27.930 L 1.000 X  45.97700 -129.99783   1.400 X  -9.000   0.300   0.200  -9.000    -18   -9   -9  119  43 -121   42 39  11 16 D  43 45   8 142 1  74 55
             253 2022 11  3 10 37 25.470 L 1.000 X  45.97600 -129.99634   1.920 X  -9.000   0.300   0.200  -9.000    -18   -9   -9  103  14 -142   30 34  11 15 B  75 59   9 117 1  88 43
             254 2022 11  3 10 39 35.010 L 1.000 X  45.97700 -129.99916   1.700 X  -9.000   0.300   0.200  -9.000    -18   -9   -9   19  59 -143   36 32  12 16 B  61 55  11 126 1 100 45
             255 2022 11  3 10 40  0.760 L 1.000 X  45.97667 -129.99933   1.710 X  -9.000   0.300   0.200  -9.000    -18   -9   -9  242  81 -160   25 23  13 21 A  83 52  10 131 1  99 45
             256 2022 11  3 10 40 10.130 L 1.000 X  45.97667 -129.99966   1.720 X  -9.000   0.300   0.200  -9.000    -18   -9   -9  232  87 -165   35 34  11 23 B  65 57  11 124 1  98 44
             257 2022 11  3 10 40 54.390 L 1.000 X  45.97733 -129.99800   1.830 X  -9.000   0.300   0.200  -9.000    -18   -9   -9  296  47 -156   48 50   8 19 D  43 62   6 125 1  88 44
             258 2022 11  3 10 42 42.550 L 1.000 X  45.97633 -129.99884   1.360 X  -9.000   0.300   0.200  -9.000    -18   -9   -9  311  83 -163   44 44   8 15 D  44 40   5 152 1  97 56
             259 2022 11  3 10 45 46.840 L 1.000 X  45.97633 -129.99867   1.680 X  -9.000   0.300   0.200  -9.000    -18   -9   -9   74  46 -139   35 28  13 16 B  69 52  11 147 1 100 47
             260 2022 11  3 10 54 15.470 L 1.000 X  45.97700 -129.99750   0.910 X  -9.000   0.300   0.200  -9.000    -18   -9   -9  306  39 -118   53 30   8 23 D  38 43   7 154 1  99 71
             261 2022 11  3 13 55 41.510 L 1.000 X  45.97667 -129.99716   0.920 X  -9.000   0.300   0.200  -9.000    -18   -9   -9  145  55  -92   37 30   9 26 B  64 44   5 148 1 187 72
             262 2022 11  3 14  1 14.470 L 1.000 X  45.97700 -129.99750   1.190 X  -9.000   0.300   0.200  -9.000    -18   -9   -9   33  59  -90   51 53   8  9 D  33 40   5 163 1  91 62
             263 2022 11  3 14 13 43.510 L 1.000 X  45.97233 -129.99800   1.010 X  -9.000   0.300   0.200  -9.000    -18   -9   -9  298  84  172   36 39   8 19 C  63 33   6 164 1 121 75
             264 2022 11  3 14 40 20.450 L 1.000 X  45.97317 -129.99716   1.620 X  -9.000   0.300   0.200  -9.000    -18   -9   -9  292  72 -158   35 44   9 28 D  50 58   7 113 1  76 42
             265 2022 11  3 15  8 49.420 L 1.000 X  45.97283 -129.99667   2.030 X  -9.000   0.300   0.200  -9.000    -18   -9   -9  242  85  -78   42 44  10 21 D  40 65   8 106 1  75 34
             266 2022 11  3 15 15 47.740 L 1.000 X  45.97200 -129.99634   1.610 X  -9.000   0.300   0.200  -9.000    -18   -9   -9  279  84 -174   36 42   9 17 C  65 52   7 127 1 127 40
             267 2022 11  3 20 52 45.400 L 1.000 X  46.00183 -130.02783   1.580 X  -9.000   0.300   0.200  -9.000    -18   -9   -9  131  85 -158   41 50  10 26 D  32 56  10  96 1 109 58
             268 2022 11  5  4  3 32.590 L 1.000 X  45.92550 -129.99033   1.030 X  -9.000   0.300   0.200  -9.000    -18   -9   -9  360  90 -166   25 30   8 19 B  81 43   7 148 1 140 54
             269 2022 11  5  5 39  9.760 L 1.000 X  45.97833 -129.99817   0.750 X  -9.000   0.300   0.200  -9.000    -18   -9   -9  172  46 -126   37 48   9 18 C  52 46   8 160 1 186 67
             270 2022 11  6 17  4 43.360 L 1.000 X  46.00033 -130.03000   1.740 X  -9.000   0.300   0.200  -9.000    -18   -9   -9  348  74  146   33 34   9 27 B  64 50   8 115 1 174 55
             271 2022 11  6 17 13  1.120 L 1.000 X  46.00134 -130.03050   1.710 X  -9.000   0.300   0.200  -9.000    -18   -9   -9  337  65  142   45 39   9 43 C  56 55   9 115 1 111 54
             272 2022 11  7 18 28 13.680 L 1.000 X  45.92583 -129.98984   0.960 X  -9.000   0.300   0.200  -9.000    -18   -9   -9  282  44 -121   18 28  13 11 A  87 46  11 162 1  98 55
             273 2022 11  8  2 37 58.980 L 1.000 X  45.95950 -129.98816   0.810 X  -9.000   0.300   0.200  -9.000    -18   -9   -9  205  47 -109   43 44   8 17 D  41 44   5 133 1 102 72
             274 2022 11  8  3 26 11.880 L 1.000 X  45.95933 -129.98816   0.700 X  -9.000   0.300   0.200  -9.000    -18   -9   -9   26  34  -76   45 42   8 34 D  41 37   7 151 1  88 68
             275 2022 11  8  6 57 44.080 L 1.000 X  45.92633 -129.98500   1.220 X  -9.000   0.300   0.200  -9.000    -18   -9   -9   23  58 -120   37 37  12 16 C  60 46  10 139 1  66 28
             276 2022 11  8  8  7  7.350 L 1.000 X  45.96450 -129.99400   1.750 X  -9.000   0.300   0.200  -9.000    -18   -9   -9  126  72  173   42 41   9 33 C  58 57   7  98 1  81 29
             277 2022 11  8 19  8 36.040 L 1.000 X  45.92216 -129.97067   1.170 X  -9.000   0.300   0.200  -9.000    -18   -9   -9  272  43 -109   39 45   9 31 D  48 47   6 151 1 104 37
             278 2022 11 11  4 29 44.900 L 1.000 X  45.92333 -129.99184   0.930 X  -9.000   0.300   0.200  -9.000    -18   -9   -9    9  79 -173   31 37   9 24 B  68 45   7 143 1  86 64
             279 2022 11 11 11 18 11.390 L 1.000 X  45.99866 -130.02867   1.690 X  -9.000   0.300   0.200  -9.000    -18   -9   -9  115  49  -97   53 61   8 21 D  40 49   6 130 1 107 53
             280 2022 11 11 11 18 46.690 L 1.000 X  45.99850 -130.02884   1.700 X  -9.000   0.300   0.200  -9.000    -18   -9   -9  358  82  152   33 46   8 26 C  65 55   6 135 1 108 48
             281 2022 11 11 11 19 10.410 L 1.000 X  46.00083 -130.02916   1.940 X  -9.000   0.300   0.200  -9.000    -18   -9   -9  353  66  144   39 36   8 24 D  50 60   7 114 1 173 53
             282 2022 11 11 11 20  7.350 L 1.000 X  45.99933 -130.02817   1.110 X  -9.000   0.300   0.200  -9.000    -18   -9   -9  201  79 -173   44 40   8 24 D  44 49   5 150 1 156 66
             283 2022 11 11 11 20 46.420 L 1.000 X  45.99933 -130.02884   1.710 X  -9.000   0.300   0.200  -9.000    -18   -9   -9  304  51 -100   58 68   8 23 D  28 50   7 124 1 115 52
             284 2022 11 11 15 22 30.300 L 1.000 X  45.99850 -130.02884   1.760 X  -9.000   0.300   0.200  -9.000    -18   -9   -9  357  81  136   33 34  10 33 B  62 58   8 111 1 116 47
             285 2022 11 11 15 34 32.720 L 1.000 X  45.99850 -130.02901   1.690 X  -9.000   0.300   0.200  -9.000    -18   -9   -9  343  75  147   19 29  15 10 A  85 51  12 120 1  90 48
             286 2022 11 11 15 48 17.520 L 1.000 X  46.00083 -130.02884   1.920 X  -9.000   0.300   0.200  -9.000    -18   -9   -9   84  30  -80   44 53   8 22 D  31 54   7 121 1 165 54
             287 2022 11 11 15 50 12.260 L 1.000 X  45.99717 -130.02850   1.530 X  -9.000   0.300   0.200  -9.000    -18   -9   -9  175  84 -177   32 43   9 32 C  52 50   8 128 1 103 44
             288 2022 11 12  5 30 23.160 L 1.000 X  45.95850 -129.99100   0.880 X  -9.000   0.300   0.200  -9.000    -18   -9   -9  310  59 -155   47 46   9 31 D  30 38   7 140 1 114 68
             289 2022 11 14  6 37 29.100 L 1.000 X  45.99767 -130.02933   0.990 X  -9.000   0.300   0.200  -9.000    -18   -9   -9  145  69  160   35 39  11 29 C  57 61  11 134 1 209 41
             290 2022 11 15 13 30 23.450 L 1.000 X  45.92050 -129.98801   1.410 X  -9.000   0.300   0.200  -9.000    -18   -9   -9  195  32  179   36 34   9 10 C  64 62   7  96 1  84 41
             291 2022 11 15 13 33 25.460 L 1.000 X  45.92117 -129.99066   0.560 X  -9.000   0.300   0.200  -9.000    -18   -9   -9   68  75 -178   40 41   9 23 D  48 64   8 114 1 173 58
             292 2022 11 17  2 58 17.710 L 1.000 X  45.99866 -130.02884   1.230 X  -9.000   0.300   0.200  -9.000    -18   -9   -9  355  86  176   41 53   8 27 D  47 47   8 124 1  86 59
             293 2022 11 19  2 55 53.530 L 1.000 X  45.94183 -130.01717   1.000 X  -9.000   0.300   0.200  -9.000    -18   -9   -9  152  62 -152   27 29  10 32 B  66 48   9 114 1  99 54
             294 2022 11 19  9 57 55.740 L 1.000 X  46.00283 -130.02933   1.600 X  -9.000   0.300   0.200  -9.000    -18   -9   -9  173  76 -175   33 35   8 22 B  72 44   7 152 1  85 55
             295 2022 11 20  0 19 28.070 L 1.000 X  45.92450 -129.99150   0.950 X  -9.000   0.300   0.200  -9.000    -18   -9   -9  327  34 -108   41 37  10 26 D  48 48   9 133 1 102 61
             296 2022 11 26  0 33 33.600 L 1.000 X  45.99350 -130.01300   1.210 X  -9.000   0.300   0.200  -9.000    -18   -9   -9  140  46 -111   50 61  12 32 D  27 47   9 160 1 127 54
             297 2022 11 26  4 10  1.090 L 1.000 X  45.92783 -130.00183   0.750 X  -9.000   0.300   0.200  -9.000    -18   -9   -9   71  82 -173   35 35  10 16 B  64 55   8 107 1  81 51
             298 2022 11 26  7  6 59.520 L 1.000 X  45.94183 -130.01767   0.990 X  -9.000   0.300   0.200  -9.000    -18   -9   -9  166  50 -126   36 35  11 21 C  67 46   9 110 1  97 55
             299 2022 11 27 15 18 57.510 L 1.000 X  45.99900 -130.02766   1.400 X  -9.000   0.300   0.200  -9.000    -18   -9   -9  224  55 -125   37 41  16 25 C  53 50  13 135 1  70 57
             300 2022 11 27 17 50 22.400 L 1.000 X  45.96100 -129.99400   1.090 X  -9.000   0.300   0.200  -9.000    -18   -9   -9   11  53 -114   26 27  11 40 B  79 42   9 179 1  68 48
             301 2022 11 29  5  3 30.950 L 1.000 X  45.92100 -129.97951   1.100 X  -9.000   0.300   0.200  -9.000    -18   -9   -9  221  65  136   32 39   8 11 C  59 53   7 121 1 155 38
             302 2022 11 29  9 56 37.440 L 1.000 X  45.92683 -129.98616   1.480 X  -9.000   0.300   0.200  -9.000    -18   -9   -9  357  83  103   58 51   8 26 D  29 60   5 115 1  89 27
             303 2022 12  7  5 30  0.200 L 1.000 X  45.99933 -130.02884   1.330 X  -9.000   0.300   0.200  -9.000    -18   -9   -9  351  76  154   43 39   9 28 C  51 43   9 145 1  73 61
             304 2022 12  7 10 45 21.810 L 1.000 X  45.96883 -129.99733   2.030 X  -9.000   0.300   0.200  -9.000    -18   -9   -9  226  48  173   33 46  11  9 C  70 47  11 167 1 122 23
             305 2022 12  7 10 47  4.150 L 1.000 X  45.96650 -129.99583   2.230 X  -9.000   0.300   0.200  -9.000    -18   -9   -9   40  71  -99   32 28   8 19 B  76 56   7 111 1 147 21
             306 2022 12 12  7 32 53.720 L 1.000 X  45.92117 -129.98700   1.220 X  -9.000   0.300   0.200  -9.000    -18   -9   -9   90  68 -174   46 59   8 35 D  51 52   8 147 1 231 71
             307 2022 12 17 19 41 23.320 L 1.000 X  45.92100 -129.98849   1.550 X  -9.000   0.300   0.200  -9.000    -18   -9   -9  355  74 -172   37 44   8 37 D  35 46   6 132 1 232 63
             308 2022 12 23  1 54 31.020 L 1.000 X  45.97017 -129.99716   1.290 X  -9.000   0.300   0.200  -9.000    -18   -9   -9   43  47  137   36 41   8 31 C  69 40   8 162 1 102 41
             309 2022 12 23  1 59 21.230 L 1.000 X  45.96833 -129.99434   1.870 X  -9.000   0.300   0.200  -9.000    -18   -9   -9  150  86  148   43 40   8 22 D  43 51   8 135 1 134 30
             310 2022 12 23  3  7 42.260 L 1.000 X  45.97017 -129.99667   1.540 X  -9.000   0.300   0.200  -9.000    -18   -9   -9  332  88 -163   26 39  11 32 C  57 47  11 139 1 115 36
             311 2022 12 30  9 11 49.410 L 1.000 X  45.97050 -129.99750   1.440 X  -9.000   0.300   0.200  -9.000    -18   -9   -9  160  77 -166   29 32   9 48 B  66 43   9 148 1 100 38
             312 2023  1  1  6 23 42.890 L 1.000 X  45.99967 -130.02834   1.350 X  -9.000   0.300   0.200  -9.000    -18   -9   -9  101  40 -101   50 57   8 24 D  25 46   7 119 1  82 62
             313 2023  1  1 16 18 38.730 L 1.000 X  45.99983 -130.02417   1.380 X  -9.000   0.300   0.200  -9.000    -18   -9   -9  149  66  152   22 24  12 24 A  91 46  11 145 1  95 50
             314 2023  1  1 16 18 58.970 L 1.000 X  46.00233 -130.02350   1.670 X  -9.000   0.300   0.200  -9.000    -18   -9   -9  155  60  149   41 47  11 19 D  48 52   9 119 1  84 46
             315 2023  1  2 12 19 16.670 L 1.000 X  45.95750 -129.98801   1.740 X  -9.000   0.300   0.200  -9.000    -18   -9   -9    5  74 -153   37 41   9 10 C  51 65   7 115 1  82 38
             316 2023  1  5  7 43  4.940 L 1.000 X  45.93200 -129.97667   1.370 X  -9.000   0.300   0.200  -9.000    -18   -9   -9  115  53 -108   37 40   8 30 C  68 54   7 146 1 126 25
             317 2023  1  5 21 14 38.560 L 1.000 X  45.92633 -129.99017   1.540 X  -9.000   0.300   0.200  -9.000    -18   -9   -9  259  80  173   44 35   9 30 D  46 56   7 127 1  95 37
             318 2023  1 10 22 26 20.560 L 1.000 X  45.92367 -129.97749   1.320 X  -9.000   0.300   0.200  -9.000    -18   -9   -9  130  60  169   36 50   9 36 D  41 48   9 146 1  90 45
             319 2023  1 10 23 18 17.960 L 1.000 X  45.96367 -129.99483   1.090 X  -9.000   0.300   0.200  -9.000    -18   -9   -9   23  60 -123   24 33  13 42 B  80 36  10 166 1  69 43
             320 2023  1 14 19  7 52.120 L 1.000 X  45.94067 -130.01649   0.940 X  -9.000   0.300   0.200  -9.000    -18   -9   -9  151  72 -159   46 52   8 31 D  49 53   7 101 1  99 50
             321 2023  1 15 23 43 32.320 L 1.000 X  45.99967 -130.02516   1.660 X  -9.000   0.300   0.200  -9.000    -18   -9   -9   87  45  152   37 45  12 33 D  42 50  10 119 1  71 48
             322 2023  1 16 22 27 22.200 L 1.000 X  45.92417 -129.99184   0.940 X  -9.000   0.300   0.200  -9.000    -18   -9   -9  277  47 -127   36 49  11 35 C  65 45  10 144 1 103 63
             323 2023  1 19  5 15 11.050 L 1.000 X  45.92650 -129.98083   1.620 X  -9.000   0.300   0.200  -9.000    -18   -9   -9  179  40  179   45 37  10 24 D  43 58   9 125 1  78 30
             324 2023  1 20  0 45 35.930 L 1.000 X  45.93983 -129.98666   0.860 X  -9.000   0.300   0.200  -9.000    -18   -9   -9  102  85  177   29 36   9  8 B  78 67   9 145 1 110 64
             325 2023  1 20  2  8  7.190 L 1.000 X  45.95467 -129.98683   1.750 X  -9.000   0.300   0.200  -9.000    -18   -9   -9  138  78  180   35 31   9 30 B  66 38   9 176 1  83 53
             326 2023  1 20  2 18 41.440 L 1.000 X  45.95417 -129.98700   1.660 X  -9.000   0.300   0.200  -9.000    -18   -9   -9  165  73  168   39 39   8  4 C  53 37   7 160 1  82 56
             327 2023  1 21  8  6 33.110 L 1.000 X  45.92500 -129.99150   1.280 X  -9.000   0.300   0.200  -9.000    -18   -9   -9   95  54 -119   40 31  11 15 D  49 52   9 142 1  63 47
             328 2023  1 23 16  0 38.020 L 1.000 X  45.96667 -129.99716   2.160 X  -9.000   0.300   0.200  -9.000    -18   -9   -9  163  87  102   38 42  10 31 C  58 58  10 118 1  95 26
             329 2023  1 23 16  2  6.550 L 1.000 X  45.96950 -129.99667   1.620 X  -9.000   0.300   0.200  -9.000    -18   -9   -9  219  30  -85   24 33  11 32 B  72 47  11 132 1  76 32
             330 2023  1 23 16  2 45.770 L 1.000 X  45.96684 -129.99500   1.990 X  -9.000   0.300   0.200  -9.000    -18   -9   -9  342  81 -150   35 34   8  0 C  57 57   8 126 1  99 25
             331 2023  1 25  5 16  5.780 L 1.000 X  45.92700 -129.99083   0.920 X  -9.000   0.300   0.200  -9.000    -18   -9   -9  155  38 -109   50 57   8 19 D  35 44   7 133 1 194 59
             332 2023  1 25  5 17 16.430 L 1.000 X  45.92567 -129.99083   1.170 X  -9.000   0.300   0.200  -9.000    -18   -9   -9   84  58 -108   51 60  10 25 D  32 46   9 140 1  66 49
             333 2023  1 25  5 18 32.340 L 1.000 X  45.92617 -129.99100   1.020 X  -9.000   0.300   0.200  -9.000    -18   -9   -9  353  79  176   50 54  10 36 D  46 44   8 154 1  96 57
             334 2023  1 25  5 24  1.810 L 1.000 X  45.92683 -129.99001   1.240 X  -9.000   0.300   0.200  -9.000    -18   -9   -9  264  38  180   50 54   8 39 D  40 49   7 145 1  84 44
             335 2023  1 25 13 45 26.240 L 1.000 X  45.93967 -130.01717   1.120 X  -9.000   0.300   0.200  -9.000    -18   -9   -9  136  78 -134   30 39  18 14 C  54 46  18 143 1  95 39
             336 2023  1 25 19 17 15.020 L 1.000 X  45.94883 -130.04666   2.520 X  -9.000   0.300   0.200  -9.000    -18   -9   -9   10  30 -109   30 28   8 37 B  76 59   8  91 1 205 39
             337 2023  1 25 20  9  1.000 L 1.000 X  45.93583 -130.01900   1.400 X  -9.000   0.300   0.200  -9.000    -18   -9   -9  155  52 -115   20 26  10 25 A  88 38   9 148 1 124 38
             338 2023  1 25 20 29 44.960 L 1.000 X  45.93483 -130.01933   1.500 X  -9.000   0.300   0.200  -9.000    -18   -9   -9  306  74  164   29 27   8 36 B  73 38   6 154 1 195 37
             339 2023  1 25 21  5 41.720 L 1.000 X  45.93650 -130.01700   1.400 X  -9.000   0.300   0.200  -9.000    -18   -9   -9  150  54 -103   33 32   8  0 B  63 37   6 154 1 206 37
             340 2023  1 26  1 27  1.080 L 1.000 X  45.93950 -130.01833   1.090 X  -9.000   0.300   0.200  -9.000    -18   -9   -9  265  66 -166   39 31  15 35 C  59 49  15 135 1  90 41
             341 2023  1 26  9  3 15.420 L 1.000 X  45.93900 -130.01900   1.180 X  -9.000   0.300   0.200  -9.000    -18   -9   -9  228  48 -106   24 23  12 13 A  88 44  11 148 1  87 36
             342 2023  1 27  8 13 30.210 L 1.000 X  45.92550 -129.98967   0.830 X  -9.000   0.300   0.200  -9.000    -18   -9   -9  122  53  -90   54 64   8 16 D  35 53   7 120 1 165 59
             343 2023  1 27  8 51 59.110 L 1.000 X  45.93950 -130.01767   1.230 X  -9.000   0.300   0.200  -9.000    -18   -9   -9  115  42 -107   35 43   8  2 D  45 39   6 174 1  87 35
             344 2023  1 27 15 51  9.190 L 1.000 X  45.99800 -130.02783   1.080 X  -9.000   0.300   0.200  -9.000    -18   -9   -9   89  46  -92   31 33   9 15 B  74 51   8 111 1 106 55
             345 2023  1 27 23 24 19.560 L 1.000 X  45.93884 -130.01849   1.200 X  -9.000   0.300   0.200  -9.000    -18   -9   -9  150  49  -98   35 34  12  0 C  60 44  12 138 1  88 34
             346 2023  1 28  1 24 46.710 L 1.000 X  45.93700 -130.01750   1.020 X  -9.000   0.300   0.200  -9.000    -18   -9   -9  220  58 -128   36 31  12 29 C  59 40   8 135 1  86 41
             347 2023  1 30 17 35 31.080 L 1.000 X  45.93967 -130.01784   1.090 X  -9.000   0.300   0.200  -9.000    -18   -9   -9   14  39  -93   40 39   8 32 D  48 45   6 144 1 113 41
             348 2023  1 31  6 35 49.950 L 1.000 X  45.92767 -129.98833   0.980 X  -9.000   0.300   0.200  -9.000    -18   -9   -9  130  74 -139   38 30  10  0 B  61 53   9 133 1  93 51
             349 2023  1 31  8 47 31.280 L 1.000 X  45.93967 -130.01733   0.830 X  -9.000   0.300   0.200  -9.000    -18   -9   -9  197  81 -154   24 29  12 15 B  84 51  11 121 1  94 49
             350 2023  2  2  6  0  4.590 L 1.000 X  45.94083 -130.03951   1.190 X  -9.000   0.300   0.200  -9.000    -18   -9   -9  173  56 -160   24 32   9 23 B  81 36   8 178 1 111 47
             351 2023  2  3 20 34 56.160 L 1.000 X  45.94050 -129.98683   1.680 X  -9.000   0.300   0.200  -9.000    -18   -9   -9  307  81   97   40 48   9 40 D  41 63   5 120 1  96 30
             352 2023  2  4 14  2 10.540 L 1.000 X  46.00150 -130.02850   1.580 X  -9.000   0.300   0.200  -9.000    -18   -9   -9  346  81  168   23 27  11 22 B  87 44  10 159 1  80 64
             353 2023  2  5  2 16 41.490 L 1.000 X  45.95000 -130.03984   2.410 X  -9.000   0.300   0.200  -9.000    -18   -9   -9  226  59 -151   35 22  11 24 B  69 64   7  74 1 191 50
             354 2023  2  5  4  5  8.250 L 1.000 X  45.92533 -129.98784   1.210 X  -9.000   0.300   0.200  -9.000    -18   -9   -9  162  84  178   32 40  12 25 C  59 50   9 175 1  77 38
             355 2023  2  7  4 52 36.520 L 1.000 X  45.92550 -129.99066   1.010 X  -9.000   0.300   0.200  -9.000    -18   -9   -9  170  64 -159   41 42   9 36 D  48 41   7 175 1 106 56
             356 2023  2  7 17  6 59.260 L 1.000 X  45.99517 -130.01700   1.530 X  -9.000   0.300   0.200  -9.000    -18   -9   -9  161  70 -173   45 46   9 17 D  61 50   7 138 1 103 43
             357 2023  2  9 13 45 29.410 L 1.000 X  45.99233 -130.01466   1.480 X  -9.000   0.300   0.200  -9.000    -18   -9   -9  208  29 -105   40 43   8  8 D  35 54   7 108 1  78 42
             358 2023  2  9 13 45 32.930 L 1.000 X  45.99233 -130.01433   1.580 X  -9.000   0.300   0.200  -9.000    -18   -9   -9  191  56 -179   44 50   9 23 D  26 52   8 121 1  74 40
             359 2023  2  9 14  8 23.790 L 1.000 X  45.99267 -130.01384   1.390 X  -9.000   0.300   0.200  -9.000    -18   -9   -9  145  76 -165   25 32  12 21 B  82 45  11 134 1  55 45
             360 2023  2  9 15 37 28.550 L 1.000 X  45.92283 -129.98500   1.290 X  -9.000   0.300   0.200  -9.000    -18   -9   -9  253  82 -175   39 36   8 20 C  55 53   6 142 1  88 31
             361 2023  2 12  9 42 12.710 L 1.000 X  46.00333 -130.02916   1.480 X  -9.000   0.300   0.200  -9.000    -18   -9   -9   92  49  -77   46 52  11  9 D  33 45  10 152 1 126 59
             362 2023  2 13 13 53 15.660 L 1.000 X  45.92567 -129.99100   1.040 X  -9.000   0.300   0.200  -9.000    -18   -9   -9  266  53 -147   36 37  13 18 C  60 44  11 166 1  77 56
             363 2023  2 13 17 12 22.280 L 1.000 X  45.92683 -129.98416   1.170 X  -9.000   0.300   0.200  -9.000    -18   -9   -9  169  35  -91   26 31  10 11 B  81 49   8 138 1  80 27
             364 2023  2 13 22  2 41.940 L 1.000 X  45.96933 -129.99651   1.490 X  -9.000   0.300   0.200  -9.000    -18   -9   -9  137  24 -106   31 37  10  6 B  62 48   6 133 1  96 35
             365 2023  2 14 22 52 50.920 L 1.000 X  45.94267 -130.02049   1.090 X  -9.000   0.300   0.200  -9.000    -18   -9   -9   44  45 -103   18 17  16 23 A  99 47  14 122 1  87 57
             366 2023  2 15 13 44 25.380 L 1.000 X  45.99967 -130.02650   1.130 X  -9.000   0.300   0.200  -9.000    -18   -9   -9  179  88  178   22 23  12 23 A  94 49   9 158 1  81 67
             367 2023  2 16  4 32 24.670 L 1.000 X  45.96717 -129.99617   1.950 X  -9.000   0.300   0.200  -9.000    -18   -9   -9   12  77 -138   30 25  13 23 B  82 58  10 127 1  56 23
             368 2023  2 16  6  2  0.920 L 1.000 X  45.93750 -130.02034   1.200 X  -9.000   0.300   0.200  -9.000    -18   -9   -9  332  44 -134   35 36   8 26 C  53 33   5 212 1 112 34
             369 2023  2 16 23 23 15.840 L 1.000 X  45.93833 -130.01849   1.200 X  -9.000   0.300   0.200  -9.000    -18   -9   -9  212  50  -94   40 38  11 10 C  51 41   9 147 1  72 33
             370 2023  2 17 21 41 18.120 L 1.000 X  45.92717 -129.98734   1.490 X  -9.000   0.300   0.200  -9.000    -18   -9   -9  267  77  158   50 50   8 37 D  26 63   7 123 1  93 31
             371 2023  2 18  0 22 34.520 L 1.000 X  45.97083 -129.99667   1.750 X  -9.000   0.300   0.200  -9.000    -18   -9   -9  194  57 -134   31 40  12 10 C  60 55  10 149 1  67 33
             372 2023  2 18  7 20  2.150 L 1.000 X  45.93200 -130.01483   1.200 X  -9.000   0.300   0.200  -9.000    -18   -9   -9  313  47 -146   37 34   9 29 C  54 31   8 184 1  96 44
             373 2023  2 19  4 18 39.980 L 1.000 X  45.93683 -130.01984   1.190 X  -9.000   0.300   0.200  -9.000    -18   -9   -9  210  52  -89   35 36   9 34 C  68 40   8 176 1  79 37
             374 2023  2 19 17 25 12.260 L 1.000 X  45.99967 -130.02850   1.400 X  -9.000   0.300   0.200  -9.000    -18   -9   -9  341  66  148   35 42  12 17 C  65 48  12 135 1  94 61
             375 2023  2 19 19 20 18.720 L 1.000 X  46.00050 -130.02901   1.480 X  -9.000   0.300   0.200  -9.000    -18   -9   -9  103  75 -170   32 32  10 31 B  75 44  10 141 1  76 64
             376 2023  2 20  1 43 51.420 L 1.000 X  45.93833 -129.97684   1.530 X  -9.000   0.300   0.200  -9.000    -18   -9   -9   88  54  -85   34 32  10 17 B  70 52   9 146 1  72 39
             377 2023  2 20  1 44  7.400 L 1.000 X  45.93867 -129.97633   1.550 X  -9.000   0.300   0.200  -9.000    -18   -9   -9  250  28 -103   34 34  11 13 B  65 57  10 133 1  95 32
             378 2023  2 20  1 57 13.310 L 1.000 X  45.92450 -129.99916   1.070 X  -9.000   0.300   0.200  -9.000    -18   -9   -9  172  88 -165   51 67  10 24 D  32 38   8 166 1  71 71
             379 2023  2 20  4 12 44.500 L 1.000 X  45.93700 -130.01917   1.270 X  -9.000   0.300   0.200  -9.000    -18   -9   -9  314  82 -179   40 39  10 36 D  49 34   8 175 1 105 36
             380 2023  2 20  4 15 33.900 L 1.000 X  45.94033 -129.98550   0.840 X  -9.000   0.300   0.200  -9.000    -18   -9   -9  105  87 -158   40 54   9 31 D  40 65   8 120 1 108 68
             381 2023  2 20  6  5 15.450 L 1.000 X  45.93700 -130.01866   1.290 X  -9.000   0.300   0.200  -9.000    -18   -9   -9   35  79 -149   34 53  10 12 D  48 40   7 150 1 105 36
             382 2023  2 20  6 35 19.000 L 1.000 X  45.93750 -130.01883   1.260 X  -9.000   0.300   0.200  -9.000    -18   -9   -9  120  88 -169   38 35  11 14 C  56 42   8 138 1  59 35
             383 2023  2 21  9 58 53.700 L 1.000 X  46.00183 -130.02750   1.760 X  -9.000   0.300   0.200  -9.000    -18   -9   -9   33  36 -122   40 42  12 20 C  51 54   9  88 1  99 54
             384 2023  2 22 18  0 13.980 L 1.000 X  45.93767 -130.01900   1.280 X  -9.000   0.300   0.200  -9.000    -18   -9   -9  170  60 -128   38 41   9 21 D  46 40   7 147 1  81 34
             385 2023  2 23  4 25 19.470 L 1.000 X  45.92350 -129.99066   1.250 X  -9.000   0.300   0.200  -9.000    -18   -9   -9  275  41 -122   31 32   9  0 B  68 51   8 143 1 126 47
             386 2023  2 23 11  8  7.180 L 1.000 X  45.92484 -129.99117   1.270 X  -9.000   0.300   0.200  -9.000    -18   -9   -9  268  57 -155   36 39   9  9 C  53 50   6 156 1  82 47
             387 2023  2 24 18  2 27.480 L 1.000 X  45.97683 -129.99600   0.450 X  -9.000   0.300   0.200  -9.000    -18   -9   -9  288  34 -174   54 56   9 42 D  16 60   8 115 1  93 52
             388 2023  2 25  7  0 40.620 L 1.000 X  45.97717 -129.99716   0.820 X  -9.000   0.300   0.200  -9.000    -18   -9   -9  156  66 -166   35 32   8 25 B  67 46   7 143 1  94 70
             389 2023  2 25 12 59 57.190 L 1.000 X  45.93750 -130.01984   1.340 X  -9.000   0.300   0.200  -9.000    -18   -9   -9  239  45  -90   15 18  18 25 A  96 41  18 156 1  66 34
             390 2023  2 26  2 40 51.780 L 1.000 X  46.00050 -130.02634   1.920 X  -9.000   0.300   0.200  -9.000    -18   -9   -9  352  76  154   36 32  11 22 B  63 55   9 133 1  70 49
             391 2023  2 26  2 41  9.940 L 1.000 X  46.00250 -130.02499   1.660 X  -9.000   0.300   0.200  -9.000    -18   -9   -9   81  77 -154   39 49   9 33 C  51 51   8 115 1 117 66
             392 2023  2 26  5 13 41.540 L 1.000 X  45.93583 -130.02017   1.390 X  -9.000   0.300   0.200  -9.000    -18   -9   -9  184  56  -70   13 22   9 14 A  96 35   6 170 1 102 37
             393 2023  2 26 11 34 11.890 L 1.000 X  45.92133 -129.97833   1.370 X  -9.000   0.300   0.200  -9.000    -18   -9   -9  220  71  172   27 24  12  8 B  81 54  11 127 1 137 37
             394 2023  2 26 11 52 26.470 L 1.000 X  45.92150 -129.97484   1.360 X  -9.000   0.300   0.200  -9.000    -18   -9   -9  325  65 -173   26 26  10 45 B  89 42   8 154 1  77 37
             395 2023  2 26 11 54 47.660 L 1.000 X  45.92183 -129.96933   1.150 X  -9.000   0.300   0.200  -9.000    -18   -9   -9  294  63 -157   34 30   9 42 B  80 46   8 137 1 103 42
             396 2023  2 26 13 33 11.130 L 1.000 X  46.00383 -130.02916   2.270 X  -9.000   0.300   0.200  -9.000    -18   -9   -9  329  74  134   21 23  10  8 A  95 66   9 118 1 185 42
             397 2023  2 26 13 34 49.560 L 1.000 X  46.00433 -130.03067   2.090 X  -9.000   0.300   0.200  -9.000    -18   -9   -9  308  79  125   37 30   9  7 B  63 67   8  87 1 191 42
             398 2023  2 26 13 43 44.190 L 1.000 X  45.99750 -130.01984   1.620 X  -9.000   0.300   0.200  -9.000    -18   -9   -9  233  59 -135   35 32   8  6 C  60 48   8 132 1 103 37
             399 2023  2 26 21  4 17.320 L 1.000 X  45.93783 -130.01883   1.260 X  -9.000   0.300   0.200  -9.000    -18   -9   -9  146  82 -164   25 31  10 27 B  78 42   8 129 1  71 34
             400 2023  2 26 23 14  3.560 L 1.000 X  45.93800 -130.02066   1.150 X  -9.000   0.300   0.200  -9.000    -18   -9   -9  224  81 -147   22 26  15 31 A  90 41  15 166 1  80 37
             401 2023  2 27  2 17 22.500 L 1.000 X  45.97417 -129.99767   1.490 X  -9.000   0.300   0.200  -9.000    -18   -9   -9   70  78 -170   30 32   9 16 B  76 46   6 157 1  77 48
             402 2023  2 27  7 48 54.940 L 1.000 X  45.93733 -130.01883   1.190 X  -9.000   0.300   0.200  -9.000    -18   -9   -9  129  64 -132   39 46   9 17 D  41 43   4 191 1  82 37
             403 2023  2 27 16 37 32.650 L 1.000 X  45.93767 -130.01866   1.210 X  -9.000   0.300   0.200  -9.000    -18   -9   -9  269  48  -98   33 44  14 27 D  47 49  13 132 1  85 35
             404 2023  2 27 22 10 26.000 L 1.000 X  45.93133 -129.97549   1.610 X  -9.000   0.300   0.200  -9.000    -18   -9   -9  351  55 -175   30 39  14  7 B  75 52  13 156 1  80 23
             405 2023  2 27 22 18  3.400 L 1.000 X  45.93050 -129.97433   1.710 X  -9.000   0.300   0.200  -9.000    -18   -9   -9  329  56 -127   44 44   9 38 D  38 59   5  89 1  83 26
             406 2023  3  1  3 32 24.900 L 1.000 X  45.92117 -129.97684   1.140 X  -9.000   0.300   0.200  -9.000    -18   -9   -9  218  76  152   38 32   8 18 C  64 52   6 112 1 103 41
             407 2023  3  1 18 16 57.080 L 1.000 X  45.93733 -130.02200   1.270 X  -9.000   0.300   0.200  -9.000    -18   -9   -9  157  37   61   58 63  10 44 D  23 40   7 173 1  77 35
             408 2023  3  2  7 28 16.500 L 1.000 X  45.94117 -130.01933   1.350 X  -9.000   0.300   0.200  -9.000    -18   -9   -9   65  89 -159   34 44  10 29 C  59 50  10 121 1 124 64
             409 2023  3  2 18 29 20.560 L 1.000 X  45.92117 -129.98801   1.200 X  -9.000   0.300   0.200  -9.000    -18   -9   -9  203  30 -102   50 63   9 36 D  36 55   7 116 1  73 45
             410 2023  3  3 12  5 23.520 L 1.000 X  45.97583 -129.99651   0.890 X  -9.000   0.300   0.200  -9.000    -18   -9   -9  335  40 -107   46 40   8 29 D  35 40   6 155 1 109 71
             411 2023  3  3 12 11  4.380 L 1.000 X  45.98633 -129.99117   1.810 X  -9.000   0.300   0.200  -9.000    -18   -9   -9  281  73 -121   43 47   8 21 D  43 57   6 135 1 141 26
             412 2023  3  3 21 53 29.880 L 1.000 X  46.00250 -130.02834   1.440 X  -9.000   0.300   0.200  -9.000    -18   -9   -9  179  86 -179   16 20  13 18 A  97 45  11 148 1  82 70
             413 2023  3  4  2  1 13.650 L 1.000 X  45.92383 -130.00034   0.680 X  -9.000   0.300   0.200  -9.000    -18   -9   -9   89  37  -92   34 36  10  0 B  70 53   8 150 1 121 67
             414 2023  3  4  8  8 51.070 L 1.000 X  45.94083 -130.02083   1.260 X  -9.000   0.300   0.200  -9.000    -18   -9   -9   75  71 -174   38 24  11 30 B  76 39   9 159 1  89 44
             415 2023  3  4  9 29 30.840 L 1.000 X  45.97317 -130.03650   1.470 X  -9.000   0.300   0.200  -9.000    -18   -9   -9  165  52 -108   28 29  10 17 B  82 42   8 145 1 102 37
             416 2023  3  4 18 44 50.960 L 1.000 X  45.92200 -129.99117   1.590 X  -9.000   0.300   0.200  -9.000    -18   -9   -9  175  88  173   22 31  14 24 B  86 56  13 115 1  61 41
             417 2023  3  5  2 25 26.940 L 1.000 X  45.93650 -130.01984   1.360 X  -9.000   0.300   0.200  -9.000    -18   -9   -9  176  46  -84   15 19   8 14 A  99 29   7 179 1 222 36
             418 2023  3  5  4  8 23.090 L 1.000 X  45.99983 -130.02716   1.780 X  -9.000   0.300   0.200  -9.000    -18   -9   -9    4  81  156   32 34   9  2 B  64 55   8 114 1  70 52
             419 2023  3  6  3  4 46.600 L 1.000 X  45.92433 -129.98849   1.260 X  -9.000   0.300   0.200  -9.000    -18   -9   -9   49  70 -141   46 45  10 22 D  48 50   6 139 1  75 40
             420 2023  3  6 21 29 23.760 L 1.000 X  45.92600 -129.98300   1.650 X  -9.000   0.300   0.200  -9.000    -18   -9   -9  231  60  154   47 45   9 26 D  34 53   5 155 1  69 26
             421 2023  3  7  0 15  5.550 L 1.000 X  45.92583 -130.01050   1.350 X  -9.000   0.300   0.200  -9.000    -18   -9   -9  294  60  119   48 61   8 37 D  50 42   6 181 1 113 51
             422 2023  3  9  5 19 56.900 L 1.000 X  46.00067 -130.03067   1.710 X  -9.000   0.300   0.200  -9.000    -18   -9   -9  351  75  162   33 35   8  0 C  57 49   8 142 1 177 53
             423 2023  3  9 12 19 54.630 L 1.000 X  45.96500 -129.99466   1.760 X  -9.000   0.300   0.200  -9.000    -18   -9   -9  122  84  153   37 36  10 36 D  39 56   8 143 1  88 27
             424 2023  3  9 13 49 48.970 L 1.000 X  45.98617 -130.01033   0.340 X  -9.000   0.300   0.200  -9.000    -18   -9   -9   16  13   39   47 48   8 33 D  50 83   7  74 1 202 45
             425 2023  3 10  4 28 51.640 L 1.000 X  45.92650 -129.98450   1.240 X  -9.000   0.300   0.200  -9.000    -18   -9   -9  358  63 -132   28 27  14 30 B  81 44  12 157 1  68 26
             426 2023  3 10 22 43 15.180 L 1.000 X  45.92283 -129.98683   1.320 X  -9.000   0.300   0.200  -9.000    -18   -9   -9  180  71 -172   37 36  11 42 C  56 53   8 120 1  61 35
             427 2023  3 10 23 30  5.600 L 1.000 X  45.97500 -129.99683   0.740 X  -9.000   0.300   0.200  -9.000    -18   -9   -9  261  77  175   51 54   8 18 D  31 41   6 152 1 113 60
             428 2023  3 11  4 58  7.500 L 1.000 X  45.97050 -129.99333   1.830 X  -9.000   0.300   0.200  -9.000    -18   -9   -9  119  84  165   37 35   8 33 C  54 47   7 144 1 128 41
             429 2023  3 11  5 12 43.700 L 1.000 X  45.96333 -129.99217   1.650 X  -9.000   0.300   0.200  -9.000    -18   -9   -9  129  58 -158   40 43   8 17 D  46 45   6 163 1 119 35
             430 2023  3 11  5 17  3.060 L 1.000 X  45.96433 -129.99283   1.870 X  -9.000   0.300   0.200  -9.000    -18   -9   -9  117  79  177   18 17  13 31 A  96 55  12 146 1  68 30
             431 2023  3 12 11 23 59.130 L 1.000 X  45.91917 -129.98083   1.360 X  -9.000   0.300   0.200  -9.000    -18   -9   -9  234  74  147   40 47   9 39 D  43 57   7 111 1 133 35
             432 2023  3 12 17 15 51.680 L 1.000 X  45.92683 -129.98750   1.390 X  -9.000   0.300   0.200  -9.000    -18   -9   -9  290  41 -112   42 35  11 24 C  51 49   7 152 1  62 33
             433 2023  3 12 18  8 47.340 L 1.000 X  45.92650 -129.98883   0.920 X  -9.000   0.300   0.200  -9.000    -18   -9   -9  168  88 -169   30 34   8 27 B  79 42   6 187 1  99 53
             434 2023  3 13 21 49 39.200 L 1.000 X  45.92600 -129.98900   0.960 X  -9.000   0.300   0.200  -9.000    -18   -9   -9   71  79 -135   47 45   9 14 D  39 49   7 141 1 104 52
             435 2023  3 13 21 50 37.420 L 1.000 X  45.92517 -129.98967   1.300 X  -9.000   0.300   0.200  -9.000    -18   -9   -9  330  31 -112   47 55  10 15 D  29 53   8 133 1  73 42
             436 2023  3 14 19 54 13.360 L 1.000 X  46.00850 -130.03250   1.580 X  -9.000   0.300   0.200  -9.000    -18   -9   -9  158  63 -150   19 22  10 18 A  95 52   8 120 1 120 35
             437 2023  3 15  1  9 21.480 L 1.000 X  45.94200 -130.02017   0.700 X  -9.000   0.300   0.200  -9.000    -18   -9   -9  159  59  173   46 49   9 45 D  39 50   4 101 1 179 62
             438 2023  3 15 22  6 21.440 L 1.000 X  46.00300 -130.02367   1.520 X  -9.000   0.300   0.200  -9.000    -18   -9   -9  358  60 -164   42 39   8 47 D  39 49   7 114 1  75 48
             439 2023  3 16  9 27  9.750 L 1.000 X  45.92633 -129.99117   0.810 X  -9.000   0.300   0.200  -9.000    -18   -9   -9  270  57 -159   36 37   9 29 C  62 44   8 128 1  72 65
             440 2023  3 16 12 24  3.280 L 1.000 X  45.95016 -130.04150   2.080 X  -9.000   0.300   0.200  -9.000    -18   -9   -9  347  58  179   24 23  10 28 A  91 53   8 127 1 122 56
             441 2023  3 16 13 28  2.970 L 1.000 X  45.92700 -129.99100   0.680 X  -9.000   0.300   0.200  -9.000    -18   -9   -9  159  59 -141   27 35  10 21 B  69 51  10 126 1  95 67
             442 2023  3 16 23 21 18.280 L 1.000 X  45.95850 -129.98833   1.570 X  -9.000   0.300   0.200  -9.000    -18   -9   -9  110  68 -153   42 33   9 10 C  53 57   6 120 1  91 44
             443 2023  3 16 23 23 26.800 L 1.000 X  45.95833 -129.98784   1.780 X  -9.000   0.300   0.200  -9.000    -18   -9   -9  132  61 -137   47 40   9 30 D  37 63   6 104 1  92 39
             444 2023  3 17  4 22 43.330 L 1.000 X  45.95800 -129.98734   2.060 X  -9.000   0.300   0.200  -9.000    -18   -9   -9  350  88 -146   49 46   8 15 D  46 70   5 104 1  93 33
             445 2023  3 17 14  3  5.690 L 1.000 X  46.00317 -130.02817   1.500 X  -9.000   0.300   0.200  -9.000    -18   -9   -9  351  61  149   38 34   9 33 C  68 49   7 136 1  85 56
             446 2023  3 17 14  5  3.270 L 1.000 X  45.92533 -129.99100   1.110 X  -9.000   0.300   0.200  -9.000    -18   -9   -9  274  48 -132   23 34  14 26 B  73 47  12 170 1  54 53
             447 2023  3 24 16 17 51.930 L 1.000 X  45.96233 -129.99083   1.710 X  -9.000   0.300   0.200  -9.000    -18   -9   -9  122  69 -166   34 31  10 37 B  72 54   8 151 1  76 38
             448 2023  3 24 20  5  9.600 L 1.000 X  45.92400 -129.97783   1.340 X  -9.000   0.300   0.200  -9.000    -18   -9   -9  341  72 -170   26 38  12 44 B  71 46  12 146 1 131 45
             449 2023  3 24 20  7 31.500 L 1.000 X  45.92317 -129.97749   1.370 X  -9.000   0.300   0.200  -9.000    -18   -9   -9  155  79  166   40 47  10 41 D  47 45   8 159 1 136 43
             450 2023  3 24 20 12 29.920 L 1.000 X  45.92150 -129.97617   1.590 X  -9.000   0.300   0.200  -9.000    -18   -9   -9  343  79 -165   35 25  13 45 B  73 51  12 134 1 136 35
             451 2023  3 24 20 27 39.840 L 1.000 X  45.92117 -129.97583   1.550 X  -9.000   0.300   0.200  -9.000    -18   -9   -9  334  72 -170   23 23  12 26 A  92 50  11 131 1 137 35
             452 2023  3 25 23  0  5.960 L 1.000 X  45.98650 -130.03951   1.030 X  -9.000   0.300   0.200  -9.000    -18   -9   -9  183  74 -144   52 50   9 28 D  36 41   8 149 1  74 44
             453 2023  3 26 14  2 40.200 L 1.000 X  45.92617 -129.98283   1.670 X  -9.000   0.300   0.200  -9.000    -18   -9   -9   90  61 -140   35 24   8 18 B  75 58   6 162 1 115 26
             454 2023  3 26 19  2 21.200 L 1.000 X  45.95433 -129.98399   2.190 X  -9.000   0.300   0.200  -9.000    -18   -9   -9  227  17  129   62 65   8 29 D  24 69   6  92 1 102 28
             455 2023  3 27  6 47 48.260 L 1.000 X  45.92484 -129.99150   1.440 X  -9.000   0.300   0.200  -9.000    -18   -9   -9   68  74 -153   31 36  13 29 B  67 51  11 125 1  53 43
             456 2023  3 29 22 21 29.920 L 1.000 X  46.00200 -130.03000   1.600 X  -9.000   0.300   0.200  -9.000    -18   -9   -9  176  87 -175   49 57  11 19 D  33 51  10 103 1 127 70
             457 2023  3 30  1 48  9.740 L 1.000 X  46.00433 -130.02884   1.530 X  -9.000   0.300   0.200  -9.000    -18   -9   -9  180  74 -109   30 31  13 25 B  85 51  11 113 1 107 69
             458 2023  3 30 15 33 21.150 L 1.000 X  45.94117 -130.01984   1.040 X  -9.000   0.300   0.200  -9.000    -18   -9   -9  159  78 -163   28 28  11 18 B  79 45   9 117 1  88 53
             459 2023  3 30 19 53 10.520 L 1.000 X  45.92700 -129.98784   1.240 X  -9.000   0.300   0.200  -9.000    -18   -9   -9   94  54 -108   30 28  14 19 B  77 50  11 152 1  64 38
             460 2023  3 31 12 46 57.640 L 1.000 X  45.92500 -129.99167   1.050 X  -9.000   0.300   0.200  -9.000    -18   -9   -9  152  52  -80   29 26   9 14 B  81 41   8 171 1  57 57
             461 2023  4  1 10  1 12.370 L 1.000 X  46.00650 -130.02933   1.670 X  -9.000   0.300   0.200  -9.000    -18   -9   -9   83  86 -178   31 31   9 31 B  74 45   7 126 1  95 66
             462 2023  4  1 10 23 14.920 L 1.000 X  46.00600 -130.02817   1.740 X  -9.000   0.300   0.200  -9.000    -18   -9   -9  316  82  150   32 36  11 34 B  63 54   9  99 1 111 64
             463 2023  4  1 10 32  5.950 L 1.000 X  46.00600 -130.02834   1.670 X  -9.000   0.300   0.200  -9.000    -18   -9   -9  332  41  -69   25 33   9 19 B  68 55   8 107 1 126 42
             464 2023  4  1 10 36 28.610 L 1.000 X  46.00683 -130.02950   1.980 X  -9.000   0.300   0.200  -9.000    -18   -9   -9  178  83 -116   40 33   8 22 C  58 67   7  82 1 103 36
             465 2023  4  1 22 33 30.200 L 1.000 X  45.96267 -129.99266   1.680 X  -9.000   0.300   0.200  -9.000    -18   -9   -9  337  70 -145   32 32   8  6 B  74 30   5 217 1 170 34
             466 2023  4  2  0  3 15.020 L 1.000 X  45.94617 -129.98717   1.730 X  -9.000   0.300   0.200  -9.000    -18   -9   -9  339  88  157   37 39  15 15 D  49 57  13 131 1  62 25
             467 2023  4  2  0  3 26.590 L 1.000 X  45.94833 -129.98616   1.610 X  -9.000   0.300   0.200  -9.000    -18   -9   -9    4  47 -120   21 22  16  6 A  88 53  15 129 1  58 27
             468 2023  4  2  0  6 20.220 L 1.000 X  45.96983 -129.99683   1.860 X  -9.000   0.300   0.200  -9.000    -18   -9   -9  197  36 -104   39 40   9 30 C  50 51   8 134 1 122 29
             469 2023  4  2  0  6 59.380 L 1.000 X  45.96983 -129.99716   1.700 X  -9.000   0.300   0.200  -9.000    -18   -9   -9  345  82 -109   38 34   9 16 C  58 52   6 132 1 148 31
             470 2023  4  2  2 29 18.300 L 1.000 X  46.00400 -130.02916   1.290 X  -9.000   0.300   0.200  -9.000    -18   -9   -9  108  65  144   43 43   8 30 D  39 56   6 148 1 174 70
             471 2023  4  2  2 34 37.360 L 1.000 X  46.00383 -130.03166   1.410 X  -9.000   0.300   0.200  -9.000    -18   -9   -9   74  67 -152   34 33   9  0 B  65 44   8 151 1  90 51
             472 2023  4  2  2 57 33.050 L 1.000 X  46.00517 -130.03149   1.470 X  -9.000   0.300   0.200  -9.000    -18   -9   -9   89  74 -157   31 32   8 19 B  72 52   7 123 1 119 47
             473 2023  4  3  1 35  7.460 L 1.000 X  45.96383 -129.99266   1.870 X  -9.000   0.300   0.200  -9.000    -18   -9   -9  256  73  148   36 40   8  0 C  53 54   4 122 1 122 30
             474 2023  4  3  1 37 20.370 L 1.000 X  45.96233 -129.98984   0.690 X  -9.000   0.300   0.200  -9.000    -18   -9   -9  143  42 -141   36 35   8 29 C  63 24   5 287 1 144 68
             475 2023  4  3  1 40 37.060 L 1.000 X  45.96367 -129.99150   1.540 X  -9.000   0.300   0.200  -9.000    -18   -9   -9  134  64 -136   48 43   8 26 D  47 40   6 171 1 119 39
             476 2023  4  3  6 39 20.970 L 1.000 X  45.94967 -129.98933   2.030 X  -9.000   0.300   0.200  -9.000    -18   -9   -9  291  85 -109   43 51   8 26 D  37 69   5  87 1  72 23
             477 2023  4  3 10 31 19.980 L 1.000 X  45.96883 -129.99716   1.490 X  -9.000   0.300   0.200  -9.000    -18   -9   -9  119  80  159   52 49   8 13 D  35 48   5 156 1  96 32
             478 2023  4  3 11 51  3.530 L 1.000 X  45.96933 -129.99817   1.480 X  -9.000   0.300   0.200  -9.000    -18   -9   -9   68  56  -65   41 36  10 20 C  54 45   8 149 1  96 33
             479 2023  4  3 12 18 12.970 L 1.000 X  45.93533 -130.01950   1.220 X  -9.000   0.300   0.200  -9.000    -18   -9   -9   29  85  157   39 38   8 14 D  47 30   4 198 1 102 41
             480 2023  4  4  0 28 11.240 L 1.000 X  45.96567 -129.99483   1.250 X  -9.000   0.300   0.200  -9.000    -18   -9   -9  188  56 -117   25 26  12 24 B  86 42  12 174 1  74 37
             481 2023  4  4  2 21 33.210 L 1.000 X  45.92900 -130.00734   1.000 X  -9.000   0.300   0.200  -9.000    -18   -9   -9  359  88 -176   51 53   9 51 D  40 54   8 139 1  86 46
             482 2023  4  4  2 33 13.490 L 1.000 X  46.00183 -130.02884   1.810 X  -9.000   0.300   0.200  -9.000    -18   -9   -9  350  53  159   38 40   8 16 D  46 53   7 120 1 186 58
             483 2023  4  4  2 51 22.320 L 1.000 X  45.95317 -129.98584   1.770 X  -9.000   0.300   0.200  -9.000    -18   -9   -9   55  84  140   45 48  11 18 D  38 64   8 106 1  64 31
             484 2023  4  5 13 24 46.470 L 1.000 X  45.95367 -129.98517   1.890 X  -9.000   0.300   0.200  -9.000    -18   -9   -9   45  69 -143   24 22   9 15 A  90 70   7 114 1  67 30
             485 2023  4  5 14 16 36.230 L 1.000 X  45.93317 -129.97650   1.510 X  -9.000   0.300   0.200  -9.000    -18   -9   -9  260  61  -44   37 40  12 21 D  47 51  11 152 1 118 25
             486 2023  4  5 14 19 43.190 L 1.000 X  45.93300 -129.97633   1.440 X  -9.000   0.300   0.200  -9.000    -18   -9   -9    9  63  180   50 49  12 12 D  47 46  10 157 1  86 27
             487 2023  4  5 14 19 49.470 L 1.000 X  45.93317 -129.97684   1.420 X  -9.000   0.300   0.200  -9.000    -18   -9   -9    9  56 -165   33 32  10 18 B  75 50   9 157 1 111 26
             488 2023  4  5 14 25 51.860 L 1.000 X  45.97917 -129.99884   0.630 X  -9.000   0.300   0.200  -9.000    -18   -9   -9  147  68 -149   40 38   8  9 C  52 43   5 170 1 117 63
             489 2023  4  5 16 27 55.120 L 1.000 X  45.92567 -129.99133   0.950 X  -9.000   0.300   0.200  -9.000    -18   -9   -9  283  40  -89   28 37  12 18 C  59 45  11 163 1  98 61
             490 2023  4  5 18 10  3.520 L 1.000 X  45.94217 -130.01401   0.450 X  -9.000   0.300   0.200  -9.000    -18   -9   -9  161  83 -173   49 49   8 23 D  45 64   5  82 1 180 52
             491 2023  4  6  0 43 14.500 L 1.000 X  45.99350 -130.01334   1.150 X  -9.000   0.300   0.200  -9.000    -18   -9   -9  121  42  -75   25 36  14 11 B  71 41  12 170 1  90 56
             492 2023  4  6  0 43 41.720 L 1.000 X  45.99434 -130.01283   1.170 X  -9.000   0.300   0.200  -9.000    -18   -9   -9  206  40 -109   42 29   9  0 D  49 34   9 183 1 109 63
             493 2023  4  6  0 44 11.760 L 1.000 X  45.99383 -130.01384   1.140 X  -9.000   0.300   0.200  -9.000    -18   -9   -9  197  46 -117   43 44  11 39 D  44 40  10 188 1  87 58
             494 2023  4  6  0 44 40.250 L 1.000 X  45.99267 -130.01266   1.430 X  -9.000   0.300   0.200  -9.000    -18   -9   -9  150  88 -165   29 31   8 16 B  73 49   8 137 1  78 45
             495 2023  4  6  0 45  6.650 L 1.000 X  45.99400 -130.01350   1.140 X  -9.000   0.300   0.200  -9.000    -18   -9   -9  154  66 -171   20 22  10 14 A  96 37   9 188 1  87 59
             496 2023  4  6  0 45 40.230 L 1.000 X  45.99400 -130.01367   1.140 X  -9.000   0.300   0.200  -9.000    -18   -9   -9  155  70  177   24 23  12 28 A  88 44  10 156 1  87 59
             497 2023  4  6  0 49 17.110 L 1.000 X  45.99367 -130.01367   1.220 X  -9.000   0.300   0.200  -9.000    -18   -9   -9   17  90 -147   36 42  10 32 D  50 45  10 167 1  98 54
             498 2023  4  6  0 49 41.690 L 1.000 X  45.99367 -130.01367   1.220 X  -9.000   0.300   0.200  -9.000    -18   -9   -9  158  66  176   28 26  10 11 B  82 43  10 149 1  88 54
             499 2023  4  6  0 50 46.100 L 1.000 X  45.99400 -130.01367   1.150 X  -9.000   0.300   0.200  -9.000    -18   -9   -9  309  71  159   34 30  11 29 B  66 42   9 193 1  87 58
             500 2023  4  6  1 44 53.030 L 1.000 X  45.99317 -130.01384   1.450 X  -9.000   0.300   0.200  -9.000    -18   -9   -9  141  72 -161   22 25  10 21 A  90 47  10 120 1  66 46
             501 2023  4  6  3 14 59.120 L 1.000 X  45.93133 -130.01733   1.320 X  -9.000   0.300   0.200  -9.000    -18   -9   -9  325  47 -123   31 29  10 33 C  60 31   9 183 1 133 39
             502 2023  4  6  3 16 25.430 L 1.000 X  45.93117 -130.01767   1.330 X  -9.000   0.300   0.200  -9.000    -18   -9   -9   32  44 -139   33 47   8 21 C  57 37   5  99 1 133 38
             503 2023  4  6  4  3  3.240 L 1.000 X  46.01266 -130.03551   1.780 X  -9.000   0.300   0.200  -9.000    -18   -9   -9  194  67 -115   43 35   8 51 C  56 55   7 109 1 113 46
             504 2023  4  6  4  5 55.020 L 1.000 X  45.99350 -130.01433   1.260 X  -9.000   0.300   0.200  -9.000    -18   -9   -9  147  75 -167   33 34   9 37 B  74 48   8 146 1  87 52
             505 2023  4  6 13 47 55.160 L 1.000 X  45.91433 -129.99234   0.380 X  -9.000   0.300   0.200  -9.000    -18   -9   -9  278  54 -158   38 38   8 15 C  51 72   5  99 1 102 46
             506 2023  4  6 14 26 36.210 L 1.000 X  46.00150 -130.02850   1.550 X  -9.000   0.300   0.200  -9.000    -18   -9   -9  171  85 -176   17 21   8 38 A  97 38   8 187 1  80 65
             507 2023  4  6 15 26  2.950 L 1.000 X  45.93850 -129.98767   1.480 X  -9.000   0.300   0.200  -9.000    -18   -9   -9  247  35 -169   32 33  10 38 B  72 49   8 144 1 127 32
             508 2023  4  6 15 26 21.230 L 1.000 X  45.93800 -129.98650   1.500 X  -9.000   0.300   0.200  -9.000    -18   -9   -9  108  73 -177   28 29  10 16 B  80 51   6 125 1 118 28
             509 2023  4  6 15 36 50.210 L 1.000 X  45.93867 -129.98416   1.390 X  -9.000   0.300   0.200  -9.000    -18   -9   -9  116  86  -69   49 55   8 22 D  34 54   5 110 1 120 24
             510 2023  4  6 15 38 56.410 L 1.000 X  45.93750 -129.98317   1.740 X  -9.000   0.300   0.200  -9.000    -18   -9   -9    1  62  -83   53 53  10 36 D  58 52   7 121 1 116 20
             511 2023  4  6 15 44 59.420 L 1.000 X  45.93717 -129.98317   1.630 X  -9.000   0.300   0.200  -9.000    -18   -9   -9  105  87  155   63 67   8 35 D  17 56   5 139 1 143 19
             512 2023  4  6 15 47 19.380 L 1.000 X  45.93817 -129.98367   1.600 X  -9.000   0.300   0.200  -9.000    -18   -9   -9   94  51 -101   20 24  13 31 A  90 49  12 149 1  55 22
             513 2023  4  7 16 20 41.800 L 1.000 X  45.92216 -129.99234   1.660 X  -9.000   0.300   0.200  -9.000    -18   -9   -9  159  10  141   43 39  14 25 C  60 59  12  89 1  79 42
             514 2023  4  7 16 27 23.970 L 1.000 X  45.92583 -129.99033   0.900 X  -9.000   0.300   0.200  -9.000    -18   -9   -9    5  85 -159   32 35  10 14 B  70 46   8 149 1 130 59
             515 2023  4  7 16 31 40.830 L 1.000 X  45.92216 -129.99049   1.680 X  -9.000   0.300   0.200  -9.000    -18   -9   -9   47  36 -157   32 30   9 20 B  75 64   5 110 1 121 37
             516 2023  4  7 16 42 55.690 L 1.000 X  45.92083 -129.99316   1.890 X  -9.000   0.300   0.200  -9.000    -18   -9   -9  175  80  157   31 35  14 18 B  68 61  12  77 1 140 40
             517 2023  4  7 16 49 27.080 L 1.000 X  45.92350 -129.99200   1.430 X  -9.000   0.300   0.200  -9.000    -18   -9   -9  229  25 -136   32 34  13 26 B  65 55  11  95 1  55 45
             518 2023  4  7 16 58 14.780 L 1.000 X  45.92417 -129.99150   1.410 X  -9.000   0.300   0.200  -9.000    -18   -9   -9  168  85  154   27 26  12 23 B  85 55   9 110 1  59 44
             519 2023  4  7 16 58 31.540 L 1.000 X  45.92567 -129.99001   1.000 X  -9.000   0.300   0.200  -9.000    -18   -9   -9  337  56 -143   47 50   8 48 D  35 48   4 155 1 106 54
             520 2023  4  7 17 56 46.340 L 1.000 X  45.92433 -129.99001   1.160 X  -9.000   0.300   0.200  -9.000    -18   -9   -9  122  62 -162   47 57   9 47 D  40 45   5 215 1  69 48
             521 2023  4  7 20 44 11.920 L 1.000 X  45.93783 -130.01967   1.110 X  -9.000   0.300   0.200  -9.000    -18   -9   -9  226  68 -114   29 29  10 14 B  78 40   9 167 1  82 36
             522 2023  4  7 21  5 18.200 L 1.000 X  45.98067 -129.99966   1.740 X  -9.000   0.300   0.200  -9.000    -18   -9   -9  201  27  -49   34 34   9  0 B  67 54   6 148 1  99 39
             523 2023  4  8 23 55 31.360 L 1.000 X  46.00617 -130.02417   2.070 X  -9.000   0.300   0.200  -9.000    -18   -9   -9   13  84  160   22 32   9 31 B  71 64   8 102 1 108 53
             524 2023  4  9 12 26 15.980 L 1.000 X  46.00067 -130.02850   1.640 X  -9.000   0.300   0.200  -9.000    -18   -9   -9  141  80  -99   36 19  13 19 B  74 50  11 107 1  77 62
             525 2023  4  9 12 28 26.340 L 1.000 X  46.00183 -130.02800   1.720 X  -9.000   0.300   0.200  -9.000    -18   -9   -9  185  76 -146   27 34   9 25 B  69 51   7 112 1 117 55
             526 2023  4  9 15 17 54.320 L 1.000 X  46.00350 -130.02617   1.400 X  -9.000   0.300   0.200  -9.000    -18   -9   -9  352  84 -175   38 44   9 25 D  45 46   6 126 1 153 75
             527 2023  4  9 18 14 46.300 L 1.000 X  46.00400 -130.03117   1.920 X  -9.000   0.300   0.200  -9.000    -18   -9   -9   44  27 -129   38 30  10 37 B  70 60   9  99 1 101 44
             528 2023  4 10  0 32 51.660 L 1.000 X  45.96517 -129.99651   1.640 X  -9.000   0.300   0.200  -9.000    -18   -9   -9   69  87  170   23 18  15 29 A  96 47  13 158 1  49 26
             529 2023  4 10 17 36 21.440 L 1.000 X  46.00450 -130.02901   1.710 X  -9.000   0.300   0.200  -9.000    -18   -9   -9  352  65  157   30 29  11 29 B  76 53   9 120 1 123 48
             530 2023  4 10 18 26  9.180 L 1.000 X  45.97066 -129.99451   1.230 X  -9.000   0.300   0.200  -9.000    -18   -9   -9  218  77  173   33 32  13 17 B  66 43   9 148 1  58 49
             531 2023  4 10 20 13  5.940 L 1.000 X  45.99783 -130.03117   1.500 X  -9.000   0.300   0.200  -9.000    -18   -9   -9  285  55  -90   40 42  10 23 C  51 46   9 119 1  69 43
             532 2023  4 10 20 18  9.040 L 1.000 X  45.99833 -130.03084   1.520 X  -9.000   0.300   0.200  -9.000    -18   -9   -9  349  81  159   32 34  10  0 B  63 47   9 115 1  71 47
             533 2023  4 11  0 56 34.960 L 1.000 X  45.92367 -129.98900   1.560 X  -9.000   0.300   0.200  -9.000    -18   -9   -9  131  31  -73   60 65   9 30 D  20 60   7 117 1  67 35
             534 2023  4 11 20 44 45.120 L 1.000 X  45.95383 -129.98784   1.840 X  -9.000   0.300   0.200  -9.000    -18   -9   -9    4  58  174   27 25  11 19 B  82 64   9 117 1  96 27
             535 2023  4 12 18  1 42.520 L 1.000 X  45.97783 -129.99834   1.750 X  -9.000   0.300   0.200  -9.000    -18   -9   -9  163  20  -82   27 26  12 20 B  84 52  10 131 1  89 44
             536 2023  4 12 18 11 29.240 L 1.000 X  45.97750 -129.99817   1.590 X  -9.000   0.300   0.200  -9.000    -18   -9   -9  356  59 -109   29 34  13 42 B  79 45  10 154 1  67 49
             537 2023  4 12 18 14 37.560 L 1.000 X  45.97817 -129.99767   1.960 X  -9.000   0.300   0.200  -9.000    -18   -9   -9   34  74  126   45 66   9 27 D  39 51   8 160 1 172 41
             538 2023  4 12 18 15 52.440 L 1.000 X  45.97783 -129.99699   0.770 X  -9.000   0.300   0.200  -9.000    -18   -9   -9  136  90 -156   34 37   9 18 C  62 42   7 141 1  96 67
             539 2023  4 12 18 17 13.440 L 1.000 X  45.97817 -129.99733   1.260 X  -9.000   0.300   0.200  -9.000    -18   -9   -9  126  76 -161   51 60   8 19 D  21 40   6 157 1  93 59
             540 2023  4 12 18 17 38.280 L 1.000 X  45.97700 -129.99767   1.150 X  -9.000   0.300   0.200  -9.000    -18   -9   -9  328  42  -99   42 32   9 31 D  48 41   5 130 1  91 64
             541 2023  4 12 18 31 47.720 L 1.000 X  45.97550 -129.99583   1.350 X  -9.000   0.300   0.200  -9.000    -18   -9   -9  282  77 -155   45 46   9 30 D  56 42   8 168 1 109 57
             542 2023  4 12 18 33 29.880 L 1.000 X  45.97667 -129.99750   1.500 X  -9.000   0.300   0.200  -9.000    -18   -9   -9  328  73 -125   39 37  11 21 C  59 44   9 150 1  52 54
             543 2023  4 12 18 42 48.740 L 1.000 X  45.97766 -129.99800   1.230 X  -9.000   0.300   0.200  -9.000    -18   -9   -9  271  76 -164   43 39   8 35 C  54 48   8 134 1  95 59
             544 2023  4 12 18 43  0.120 L 1.000 X  45.97783 -129.99767   0.920 X  -9.000   0.300   0.200  -9.000    -18   -9   -9  260  67 -168   44 56   9 36 D  61 45   9 141 1  95 72
             545 2023  4 12 18 43 31.860 L 1.000 X  45.97533 -129.99950   2.210 X  -9.000   0.300   0.200  -9.000    -18   -9   -9  321  88  -71   26 28  14 20 B  79 61  13 107 1  98 35
             546 2023  4 12 18 43 49.060 L 1.000 X  45.97700 -129.99533   2.110 X  -9.000   0.300   0.200  -9.000    -18   -9   -9  218  79 -115   32 43   9 31 C  65 58   7 111 1 183 43
             547 2023  4 12 18 44  1.080 L 1.000 X  45.97583 -129.99617   1.870 X  -9.000   0.300   0.200  -9.000    -18   -9   -9  109  10 -116   35 55  14 21 C  55 56  13 114 1  88 44
             548 2023  4 12 18 44 12.840 L 1.000 X  45.97650 -129.99683   1.760 X  -9.000   0.300   0.200  -9.000    -18   -9   -9  124  90  149   35 37  11 17 C  52 56  10 127 1  89 47
             549 2023  4 12 18 47 23.640 L 1.000 X  45.97600 -129.99834   1.430 X  -9.000   0.300   0.200  -9.000    -18   -9   -9  158  77 -169   55 64   8 32 D  27 43   6 123 1 104 54
             550 2023  4 12 18 48  2.440 L 1.000 X  45.97733 -129.99683   1.500 X  -9.000   0.300   0.200  -9.000    -18   -9   -9  181   8  -22   48 54   8 28 D  31 55   7 100 1  75 54
             551 2023  4 12 18 49 38.040 L 1.000 X  45.97717 -129.99783   1.390 X  -9.000   0.300   0.200  -9.000    -18   -9   -9  326  45  -91   34 29  11 21 B  67 46   7 139 1  50 55
             552 2023  4 12 19  5  2.600 L 1.000 X  45.98867 -129.99249   1.670 X  -9.000   0.300   0.200  -9.000    -18   -9   -9  121  25  -95   26 32   9 20 B  77 54   6  93 1 108 38
             553 2023  4 12 19 18 41.760 L 1.000 X  45.97717 -129.99750   0.810 X  -9.000   0.300   0.200  -9.000    -18   -9   -9  297  37 -120   30 29   9 25 B  79 44   8 150 1  98 69
             554 2023  4 12 19 19 46.120 L 1.000 X  45.97700 -129.99767   0.960 X  -9.000   0.300   0.200  -9.000    -18   -9   -9  261  65 -169   24 23  11 13 A  88 46   8 160 1  99 66
             555 2023  4 12 19 29 45.520 L 1.000 X  45.97066 -129.99600   1.870 X  -9.000   0.300   0.200  -9.000    -18   -9   -9    0  72 -123   43 44   9 26 D  49 62   5 115 1 119 32
             556 2023  4 12 19 33 27.940 L 1.000 X  45.97667 -129.99683   0.600 X  -9.000   0.300   0.200  -9.000    -18   -9   -9  150  64 -112   30 34   9 30 B  67 45   6 138 1  90 61
             557 2023  4 12 19 43 16.260 L 1.000 X  45.97733 -129.99750   1.610 X  -9.000   0.300   0.200  -9.000    -18   -9   -9    8  57 -116   27 23  10 40 A  85 54   8 124 1 105 50
             558 2023  4 12 19 43 43.420 L 1.000 X  45.97800 -129.99750   0.910 X  -9.000   0.300   0.200  -9.000    -18   -9   -9  128  75 -161   42 43   9 20 D  47 47   8 138 1  94 71
             559 2023  4 12 19 44  3.120 L 1.000 X  45.97700 -129.99817   1.400 X  -9.000   0.300   0.200  -9.000    -18   -9   -9  195  44 -103   19 19  12 30 A  93 35  10 158 1  64 55
             560 2023  4 12 19 44 26.320 L 1.000 X  45.97750 -129.99800   1.410 X  -9.000   0.300   0.200  -9.000    -18   -9   -9  271  79 -163   40 34   8 26 C  59 41   7 153 1 108 54
             561 2023  4 12 19 44 46.240 L 1.000 X  45.97766 -129.99683   1.980 X  -9.000   0.300   0.200  -9.000    -18   -9   -9  322  76  -95   39 36  10  0 D  48 63   9 109 1 107 42
             562 2023  4 12 19 44 57.360 L 1.000 X  45.97583 -129.99699   1.580 X  -9.000   0.300   0.200  -9.000    -18   -9   -9  300  70 -132   39 38   9 22 D  47 40   6 147 1 153 50
             563 2023  4 12 19 49 45.200 L 1.000 X  45.95284 -130.02600   1.880 X  -9.000   0.300   0.200  -9.000    -18   -9   -9  241  58  170   24 32   8 20 B  80 52   6  88 1 154 35
             564 2023  4 12 19 51 55.680 L 1.000 X  45.97683 -129.99634   1.940 X  -9.000   0.300   0.200  -9.000    -18   -9   -9  182   9  -57   40 43  10  6 D  31 56   9 109 1 164 43
             565 2023  4 12 19 53  5.820 L 1.000 X  45.97667 -129.99683   0.750 X  -9.000   0.300   0.200  -9.000    -18   -9   -9  170  48 -121   24 34  10 23 B  72 45   8 139 1  94 67
             566 2023  4 12 19 53 54.440 L 1.000 X  45.97766 -129.99867   1.630 X  -9.000   0.300   0.200  -9.000    -18   -9   -9  108  15 -150   39 36   8  6 C  54 50   7 103 1 145 47
             567 2023  4 12 19 54 27.200 L 1.000 X  45.97750 -129.99884   1.490 X  -9.000   0.300   0.200  -9.000    -18   -9   -9  329  85  -89   38 38   8  3 C  58 55   6  87 1  78 50
             568 2023  4 12 19 55 14.200 L 1.000 X  45.97817 -129.99817   1.730 X  -9.000   0.300   0.200  -9.000    -18   -9   -9  337  74  -90   30 30  11 24 B  78 50   9 131 1  90 45
             569 2023  4 12 19 57 11.840 L 1.000 X  45.97733 -129.99733   1.320 X  -9.000   0.300   0.200  -9.000    -18   -9   -9  330  52  -98   29 27   9  6 B  79 43   6 123 1 109 58
             570 2023  4 12 19 58  0.840 L 1.000 X  45.97667 -129.99683   0.790 X  -9.000   0.300   0.200  -9.000    -18   -9   -9  274  62 -145   41 47   8  6 D  48 42   6 140 1 120 68
             571 2023  4 12 20  1 36.440 L 1.000 X  45.97800 -129.99767   0.760 X  -9.000   0.300   0.200  -9.000    -18   -9   -9  145  71 -149   36 42   8 20 C  56 36   7 158 1  94 67
             572 2023  4 12 20  2 10.080 L 1.000 X  45.97683 -129.99683   0.850 X  -9.000   0.300   0.200  -9.000    -18   -9   -9   39  52  -53   39 33  11 29 C  59 43   9 156 1  94 70
             573 2023  4 12 20  5 40.160 L 1.000 X  45.97717 -129.99800   0.810 X  -9.000   0.300   0.200  -9.000    -18   -9   -9  263  62 -164   36 34   8 15 B  72 41   8 146 1  97 69
             574 2023  4 12 20  6 49.620 L 1.000 X  45.97700 -129.99750   1.780 X  -9.000   0.300   0.200  -9.000    -18   -9   -9  317  74 -120   35 33  11 26 B  66 52   8 139 1  89 46
             575 2023  4 12 20 10 54.240 L 1.000 X  45.97633 -129.99716   1.800 X  -9.000   0.300   0.200  -9.000    -18   -9   -9   96  30  163   45 48  12 23 D  39 56   9 132 1  87 46
             576 2023  4 12 20 16 14.320 L 1.000 X  45.97833 -129.99667   1.480 X  -9.000   0.300   0.200  -9.000    -18   -9   -9   87  82  175   48 42   8 28 D  41 44   6 127 1 115 54
             577 2023  4 12 20 16 28.400 L 1.000 X  45.97833 -129.99716   1.920 X  -9.000   0.300   0.200  -9.000    -18   -9   -9  318  74  -77   35 37   9 11 C  69 59   5 113 1 175 42
             578 2023  4 12 20 16 46.000 L 1.000 X  45.97683 -129.99750   1.330 X  -9.000   0.300   0.200  -9.000    -18   -9   -9  349  45  -92   38 31  11 26 C  59 39   7 157 1  70 58
             579 2023  4 12 20 17 21.460 L 1.000 X  45.97833 -129.99733   1.920 X  -9.000   0.300   0.200  -9.000    -18   -9   -9   21  76  134   39 43  10 21 D  48 59   9 105 1  94 42
             580 2023  4 12 20 24 33.320 L 1.000 X  45.97783 -129.99767   0.650 X  -9.000   0.300   0.200  -9.000    -18   -9   -9  147  72 -129   31 44   8 22 C  57 36   8 201 1 111 63
             581 2023  4 12 20 26 23.480 L 1.000 X  45.97766 -129.99750   0.540 X  -9.000   0.300   0.200  -9.000    -18   -9   -9  188  60  -80   46 56   8 29 D  35 53   8 138 1  91 57
             582 2023  4 12 20 26 54.560 L 1.000 X  45.97683 -129.99750   0.830 X  -9.000   0.300   0.200  -9.000    -18   -9   -9  183  49 -103   22 33  10 31 B  80 44  10 143 1  95 69
             583 2023  4 12 20 33  9.020 L 1.000 X  45.97850 -129.99733   0.690 X  -9.000   0.300   0.200  -9.000    -18   -9   -9  147  78 -163   33 35   8 45 B  62 35   7 228 1  98 64
             584 2023  4 12 20 35 13.740 L 1.000 X  45.97717 -129.99683   0.740 X  -9.000   0.300   0.200  -9.000    -18   -9   -9  311  35 -106   36 31   8 27 B  63 37   8 193 1  93 60
             585 2023  4 12 20 47 26.240 L 1.000 X  45.97367 -129.99600   0.780 X  -9.000   0.300   0.200  -9.000    -18   -9   -9  354  38  -93   39 36   8  5 C  56 42   6 159 1  99 70
             586 2023  4 12 21  3 21.620 L 1.000 X  45.97650 -129.99783   1.200 X  -9.000   0.300   0.200  -9.000    -18   -9   -9  152  50 -143   56 53   8 39 D  29 39   8 162 1 101 62
             587 2023  4 12 21  3 32.740 L 1.000 X  45.97833 -129.99817   1.790 X  -9.000   0.300   0.200  -9.000    -18   -9   -9   79  34  171   37 30   9 11 B  70 57   6 134 1 173 43
             588 2023  4 12 21  8 48.680 L 1.000 X  45.97583 -129.99733   1.340 X  -9.000   0.300   0.200  -9.000    -18   -9   -9  183  42 -112   44 48  10 40 D  41 44   8 159 1  58 57
             589 2023  4 12 21 10  6.820 L 1.000 X  45.97683 -129.99767   0.790 X  -9.000   0.300   0.200  -9.000    -18   -9   -9  167  67  -70   21 26  10 14 A  93 44   8 143 1  95 68
             590 2023  4 12 21 12 20.860 L 1.000 X  45.97700 -129.99716   0.800 X  -9.000   0.300   0.200  -9.000    -18   -9   -9  142  86 -165   32 37  10 17 B  67 43   8 158 1 100 62
             591 2023  4 12 22 32 29.500 L 1.000 X  45.98167 -129.99933   1.840 X  -9.000   0.300   0.200  -9.000    -18   -9   -9  117  87  133   45 47   8 37 D  38 61   7  88 1 104 37
             592 2023  4 13  4 17 45.420 L 1.000 X  45.97683 -129.99634   0.930 X  -9.000   0.300   0.200  -9.000    -18   -9   -9  168  76  178   26 30   8 30 B  76 52   6 144 1 103 73
             593 2023  4 13 13 45  8.150 L 1.000 X  45.95867 -129.98784   0.850 X  -9.000   0.300   0.200  -9.000    -18   -9   -9   12  48 -129   45 44   9 16 D  38 41   5 140 1 106 70
             594 2023  4 13 18  2 57.720 L 1.000 X  45.98033 -129.99983   1.830 X  -9.000   0.300   0.200  -9.000    -18   -9   -9  194  31  -42   34 35   9 22 B  62 57   8 103 1  96 37
             595 2023  4 14  3 15  1.110 L 1.000 X  45.93950 -129.99001   1.510 X  -9.000   0.300   0.200  -9.000    -18   -9   -9  126  26   70   58 62   8 33 D  37 53   5 147 1 109 39
             596 2023  4 14  3 21 15.460 L 1.000 X  45.94033 -129.99017   1.430 X  -9.000   0.300   0.200  -9.000    -18   -9   -9  282  59  176   52 54   9 23 D  48 46   9 171 1  88 42
             597 2023  4 14  3 36 55.360 L 1.000 X  45.93350 -129.98750   1.580 X  -9.000   0.300   0.200  -9.000    -18   -9   -9  241  31 -166   28 31   8  8 B  78 55   6 150 1 202 30
             598 2023  4 14  7 29 49.290 L 1.000 X  45.92550 -129.98750   1.320 X  -9.000   0.300   0.200  -9.000    -18   -9   -9   61  52  -95   29 26  14 19 B  76 56  13 149 1  57 34
             599 2023  4 14  7 30  0.310 L 1.000 X  45.92533 -129.98650   1.570 X  -9.000   0.300   0.200  -9.000    -18   -9   -9  354  75 -134   47 53   8 30 D  46 68   8 112 1  98 26
             600 2023  4 14  7 59 46.350 L 1.000 X  45.93750 -129.97917   1.500 X  -9.000   0.300   0.200  -9.000    -18   -9   -9  342  59  -94   29 29   8 20 B  65 62   7 142 1 102 28
             601 2023  4 14 11  9  9.590 L 1.000 X  45.95867 -129.98833   0.690 X  -9.000   0.300   0.200  -9.000    -18   -9   -9  186  62 -145   40 43   8 26 D  41 39   7 148 1  91 70
             602 2023  4 14 11 24  1.240 L 1.000 X  45.95700 -129.98883   1.690 X  -9.000   0.300   0.200  -9.000    -18   -9   -9  342  64 -175   34 39   8  0 C  51 62   5 123 1  99 38
             603 2023  4 14 17 26 49.600 L 1.000 X  45.92367 -129.98950   1.120 X  -9.000   0.300   0.200  -9.000    -18   -9   -9   94  49  -95   36 28  10 12 B  62 44   9 168 1  66 49
             604 2023  4 14 19 40 41.880 L 1.000 X  45.99283 -130.01334   0.700 X  -9.000   0.300   0.200  -9.000    -18   -9   -9  181  42 -138   50 54  11 31 D  32 57   8 151 1 113 57
             605 2023  4 14 21 21 39.620 L 1.000 X  45.95984 -129.98734   0.740 X  -9.000   0.300   0.200  -9.000    -18   -9   -9  244  86  162   35 35  10 27 C  62 38   8 167 1 116 64
             606 2023  4 14 21 27 39.760 L 1.000 X  45.95883 -129.98750   1.770 X  -9.000   0.300   0.200  -9.000    -18   -9   -9  138  43 -176   45 37   8 40 D  43 65   6 103 1  89 40
             607 2023  4 14 21 33 59.840 L 1.000 X  45.95917 -129.98700   1.530 X  -9.000   0.300   0.200  -9.000    -18   -9   -9  155  48 -129   41 32  12 26 C  68 48  11 142 1  87 46
             608 2023  4 14 21 37 18.980 L 1.000 X  45.95867 -129.98683   1.940 X  -9.000   0.300   0.200  -9.000    -18   -9   -9  152   3 -158   29 26  10 14 B  82 63  10 125 1  89 36
             609 2023  4 14 21 39 19.800 L 1.000 X  45.95867 -129.98666   2.150 X  -9.000   0.300   0.200  -9.000    -18   -9   -9  146   6 -168   39 36   8 16 C  57 68   6 104 1  89 32
             610 2023  4 14 22 12 57.320 L 1.000 X  45.97066 -129.99600   1.420 X  -9.000   0.300   0.200  -9.000    -18   -9   -9   52  73 -178   46 47   8 35 D  44 47   6 138 1  67 41
             611 2023  4 14 22 14  1.240 L 1.000 X  45.95667 -129.98933   1.930 X  -9.000   0.300   0.200  -9.000    -18   -9   -9   17  66  -74   35 40   8 18 C  53 61   4 125 1 110 34
             612 2023  4 14 22 35 11.080 L 1.000 X  45.96700 -129.99417   1.800 X  -9.000   0.300   0.200  -9.000    -18   -9   -9  207  57  -95   44 44   9 49 C  53 52   8 151 1 141 29
             613 2023  4 15  3 39  8.130 L 1.000 X  45.93550 -130.01866   1.230 X  -9.000   0.300   0.200  -9.000    -18   -9   -9  190  50  -77   41 42   8 63 D  39 31   6 172 1 123 41
             614 2023  4 15  3 45 56.060 L 1.000 X  45.95917 -129.98833   0.650 X  -9.000   0.300   0.200  -9.000    -18   -9   -9  193  48 -103   33 35   8  0 B  65 38   6 178 1 119 66
             615 2023  4 15 10 18 41.970 L 1.000 X  45.96583 -129.99283   1.340 X  -9.000   0.300   0.200  -9.000    -18   -9   -9  117  76 -179   29 30   9 19 B  76 45   6 134 1  82 41
             616 2023  4 15 12 14 56.170 L 1.000 X  45.94833 -130.02400   1.470 X  -9.000   0.300   0.200  -9.000    -18   -9   -9  189  41  116   49 42   9  8 D  24 34   8 154 1 102 47
             617 2023  4 15 13 36 38.790 L 1.000 X  45.93983 -130.01967   1.200 X  -9.000   0.300   0.200  -9.000    -18   -9   -9  225  48 -108   31 38  18 23 B  69 45  18 146 1  87 40
             618 2023  4 15 18 25 28.300 L 1.000 X  45.92633 -129.98534   1.150 X  -9.000   0.300   0.200  -9.000    -18   -9   -9  283  42  -76   28 47   9 29 D  48 46   8 163 1 146 32
             619 2023  4 15 18 39 32.120 L 1.000 X  45.92717 -129.98584   0.920 X  -9.000   0.300   0.200  -9.000    -18   -9   -9  359  83 -167   32 38   9 22 C  65 48   8 135 1 154 42
             620 2023  4 15 18 41 26.560 L 1.000 X  45.92667 -129.98567   0.960 X  -9.000   0.300   0.200  -9.000    -18   -9   -9   41  63 -130   40 32  10 33 C  62 46   8 141 1 115 40
             621 2023  4 15 18 55 50.800 L 1.000 X  45.92500 -129.98599   1.350 X  -9.000   0.300   0.200  -9.000    -18   -9   -9   98  61 -160   40 40   9 42 C  53 53   7 115 1  72 29
             622 2023  4 15 19 40 14.840 L 1.000 X  45.92550 -129.98633   1.090 X  -9.000   0.300   0.200  -9.000    -18   -9   -9    3  75 -151   23 25  12 19 A  93 46  10 146 1  77 37
             623 2023  4 15 19 43  3.520 L 1.000 X  45.92717 -129.98650   0.660 X  -9.000   0.300   0.200  -9.000    -18   -9   -9  355  43 -175   43 43   9 58 D  49 57   7 139 1  88 58
             624 2023  4 15 21 35 28.040 L 1.000 X  45.92300 -129.98683   1.050 X  -9.000   0.300   0.200  -9.000    -18   -9   -9  358  60 -122   54 64   8 30 D  29 48   7 151 1 136 44
             625 2023  4 15 22 32  3.100 L 1.000 X  45.93217 -129.97684   1.480 X  -9.000   0.300   0.200  -9.000    -18   -9   -9  357  70 -162   36 41  10 30 C  81 39   9 202 1 137 36
             626 2023  4 15 22 32 54.020 L 1.000 X  45.93200 -129.97701   1.750 X  -9.000   0.300   0.200  -9.000    -18   -9   -9  318  69 -127   40 43   9 36 D  44 55   8 154 1 152 21
             627 2023  4 15 22 35  0.980 L 1.000 X  45.93400 -129.97783   1.490 X  -9.000   0.300   0.200  -9.000    -18   -9   -9  150  48  135   51 48   9 44 D  42 52   8 166 1 143 22
             628 2023  4 15 22 38  4.380 L 1.000 X  45.93317 -129.97717   1.440 X  -9.000   0.300   0.200  -9.000    -18   -9   -9  340  34  167   41 48   9  0 D  42 58   6 111 1  87 25
             629 2023  4 15 22 39 34.880 L 1.000 X  45.93400 -129.97734   1.520 X  -9.000   0.300   0.200  -9.000    -18   -9   -9    9  51 -103   22 29  16 32 B  81 47  14 161 1  98 21
             630 2023  4 15 22 39 44.320 L 1.000 X  45.93550 -129.97783   1.780 X  -9.000   0.300   0.200  -9.000    -18   -9   -9    6  60  178   36 33  12 20 C  60 57  11 133 1 114 21
             631 2023  4 15 22 39 57.840 L 1.000 X  45.93117 -129.97433   1.770 X  -9.000   0.300   0.200  -9.000    -18   -9   -9  315  90 -135   39 39   9 12 C  52 58   8 178 1 145 24
             632 2023  4 15 22 40  4.000 L 1.000 X  45.93400 -129.97667   1.670 X  -9.000   0.300   0.200  -9.000    -18   -9   -9  168  40  -79   41 50   8 26 D  48 62   6 127 1 151 22
             633 2023  4 15 22 40 22.360 L 1.000 X  45.93100 -129.97517   1.660 X  -9.000   0.300   0.200  -9.000    -18   -9   -9  148  74  135   42 40   9 28 C  52 52   8 139 1 169 34
             634 2023  4 15 22 40 26.880 L 1.000 X  45.93333 -129.97701   1.610 X  -9.000   0.300   0.200  -9.000    -18   -9   -9  351  63 -158   35 31  12  7 B  66 52  11 140 1  75 23
             635 2023  4 15 22 40 35.200 L 1.000 X  45.93317 -129.97800   1.440 X  -9.000   0.300   0.200  -9.000    -18   -9   -9  353  60 -177   35 36  11 18 C  56 45   8 164 1  75 24
             636 2023  4 15 22 41  3.220 L 1.000 X  45.93383 -129.97816   1.530 X  -9.000   0.300   0.200  -9.000    -18   -9   -9  351  67 -167   49 64  12 24 D  30 45  10 162 1  73 20
             637 2023  4 15 22 41 33.460 L 1.000 X  45.93350 -129.97667   1.630 X  -9.000   0.300   0.200  -9.000    -18   -9   -9  306  59 -124   30 29  12 26 B  77 52  10 135 1  76 23
             638 2023  4 15 22 42  0.660 L 1.000 X  45.93317 -129.97783   1.530 X  -9.000   0.300   0.200  -9.000    -18   -9   -9  338  69 -154   24 41  17 15 B  63 45  17 154 1  75 23
             639 2023  4 15 22 42 35.520 L 1.000 X  45.93117 -129.97533   1.590 X  -9.000   0.300   0.200  -9.000    -18   -9   -9  290  75 -143   39 28  13 12 B  63 45  10 177 1 121 24
             640 2023  4 15 22 42 50.840 L 1.000 X  45.93383 -129.97800   1.510 X  -9.000   0.300   0.200  -9.000    -18   -9   -9    9  54 -104   38 36  14 34 C  50 44  13 174 1  98 21
             641 2023  4 15 22 43 56.000 L 1.000 X  45.93133 -129.97566   1.540 X  -9.000   0.300   0.200  -9.000    -18   -9   -9  322  60 -104   40 48  12 23 C  55 45  10 187 1 120 27
             642 2023  4 15 22 44 39.660 L 1.000 X  45.93450 -129.97701   1.660 X  -9.000   0.300   0.200  -9.000    -18   -9   -9  308  86 -126   37 33  11 12 C  59 55  10 118 1 148 18
             643 2023  4 15 22 45  3.540 L 1.000 X  45.93283 -129.97600   1.710 X  -9.000   0.300   0.200  -9.000    -18   -9   -9  310  84 -134   42 36  10 23 D  50 55   8 135 1 157 26
             644 2023  4 15 22 46 12.520 L 1.000 X  45.93317 -129.97417   1.470 X  -9.000   0.300   0.200  -9.000    -18   -9   -9   93  32 -131   43 45   9 20 D  40 52   8 170 1  89 27
             645 2023  4 15 22 47 23.800 L 1.000 X  45.92367 -129.94467   2.830 X  -9.000   0.300   0.200  -9.000    -18   -9   -9   30  74  -88   31 33   8 40 B  68 50   6 142 1 280 49
             646 2023  4 15 22 48  2.680 L 1.000 X  45.93350 -129.97717   1.530 X  -9.000   0.300   0.200  -9.000    -18   -9   -9  187  41  -44   31 32  13  7 C  57 47  12 171 1  99 23
             647 2023  4 15 22 48 17.540 L 1.000 X  45.93450 -129.98016   0.620 X  -9.000   0.300   0.200  -9.000    -18   -9   -9  215  79 -157   33 35  11 23 B  65 62  10 141 1 169 61
             648 2023  4 15 22 48 25.480 L 1.000 X  45.93367 -129.97749   1.500 X  -9.000   0.300   0.200  -9.000    -18   -9   -9  263  73 -136   45 24  10 13 C  57 52   8 151 1  87 22
             649 2023  4 15 22 48 43.580 L 1.000 X  45.93433 -129.97749   1.530 X  -9.000   0.300   0.200  -9.000    -18   -9   -9  179  41  -42   42 36  11 30 C  57 48  10 156 1 146 19
             650 2023  4 15 22 49 55.080 L 1.000 X  45.93317 -129.97734   1.460 X  -9.000   0.300   0.200  -9.000    -18   -9   -9  125  57  122   27 27  12 32 B  82 45   9 177 1  75 25
             651 2023  4 15 22 50  5.300 L 1.000 X  45.93317 -129.97701   1.510 X  -9.000   0.300   0.200  -9.000    -18   -9   -9  360  54 -165   23 23  12 14 A  83 49  12 144 1  76 32
             652 2023  4 15 22 52 17.360 L 1.000 X  45.93417 -129.97816   1.450 X  -9.000   0.300   0.200  -9.000    -18   -9   -9    7  55  -95   32 29  12 48 B  70 44  11 190 1  73 20
             653 2023  4 15 22 53 34.100 L 1.000 X  45.93250 -129.97717   1.380 X  -9.000   0.300   0.200  -9.000    -18   -9   -9   27  86  133   43 39   9 16 D  39 52   8 172 1 108 25
             654 2023  4 15 22 53 40.060 L 1.000 X  45.93467 -129.97717   1.660 X  -9.000   0.300   0.200  -9.000    -18   -9   -9  106  87  145   39 38   8  0 C  55 57   7 147 1 115 24
             655 2023  4 15 22 53 55.980 L 1.000 X  45.93500 -129.97717   1.580 X  -9.000   0.300   0.200  -9.000    -18   -9   -9  353  71 -157   24 28  14 12 B  85 47  14 160 1  71 23
             656 2023  4 15 22 54 52.240 L 1.000 X  45.92267 -129.99333   1.180 X  -9.000   0.300   0.200  -9.000    -18   -9   -9  274  50 -140   18 12  11 20 A  97 46  10 179 1  90 57
             657 2023  4 15 22 57 37.100 L 1.000 X  45.93467 -129.97749   1.650 X  -9.000   0.300   0.200  -9.000    -18   -9   -9  324  67 -119   40 38   8  0 C  55 62   5 123 1 145 23
             658 2023  4 15 22 57 56.260 L 1.000 X  45.93483 -129.97749   1.630 X  -9.000   0.300   0.200  -9.000    -18   -9   -9  344  52  -81   23 25  11  0 A  86 52   9 142 1 145 18
             659 2023  4 15 22 58 21.680 L 1.000 X  45.93400 -129.97650   1.660 X  -9.000   0.300   0.200  -9.000    -18   -9   -9  227  38  -72   30 35   9 19 B  64 56   6 138 1  81 22
             660 2023  4 15 22 58 45.120 L 1.000 X  45.93483 -129.97650   1.650 X  -9.000   0.300   0.200  -9.000    -18   -9   -9  172  36  -76   40 48   8 20 D  41 63   6 128 1 150 22
             661 2023  4 15 22 59  7.780 L 1.000 X  45.93383 -129.97517   1.570 X  -9.000   0.300   0.200  -9.000    -18   -9   -9  290  75 -135   38 25  11  9 B  68 53  10 150 1  84 23
             662 2023  4 15 23  0 12.240 L 1.000 X  45.93450 -129.97734   1.560 X  -9.000   0.300   0.200  -9.000    -18   -9   -9  347  71 -161   24 39  13  2 B  66 47  12 148 1  72 26
             663 2023  4 15 23  0 30.460 L 1.000 X  45.94617 -129.99066   3.560 X  -9.000   0.300   0.200  -9.000    -18   -9   -9  251  20  -59   24 26   8 15 B  88 77   7 117 1 130 28
             664 2023  4 15 23  1 14.040 L 1.000 X  45.92367 -129.99184   1.230 X  -9.000   0.300   0.200  -9.000    -18   -9   -9  266  55 -144   16 32  12 25 B  73 50  11 128 1  74 50
             665 2023  4 15 23  2  9.280 L 1.000 X  45.93417 -129.97684   1.680 X  -9.000   0.300   0.200  -9.000    -18   -9   -9  334  55  -97   27 18  12 14 A  91 56  11 146 1 136 20
             666 2023  4 15 23  3 53.580 L 1.000 X  45.93433 -129.97749   1.460 X  -9.000   0.300   0.200  -9.000    -18   -9   -9  338  54 -124   34 30   9 28 B  62 51   6 141 1  84 23
             667 2023  4 15 23  4 45.060 L 1.000 X  45.93367 -129.97783   1.500 X  -9.000   0.300   0.200  -9.000    -18   -9   -9  345  63 -128   22 30  14 14 B  88 46  14 170 1  98 27
             668 2023  4 15 23  6 58.720 L 1.000 X  45.93300 -129.97650   1.680 X  -9.000   0.300   0.200  -9.000    -18   -9   -9  305  63 -119   29 23  11  9 B  85 58   9 141 1 138 25
             669 2023  4 15 23  7 19.680 L 1.000 X  45.93433 -129.97766   1.520 X  -9.000   0.300   0.200  -9.000    -18   -9   -9    1  54 -175   41 48  10 15 C  53 54   9 154 1  85 28
             670 2023  4 15 23  8 33.200 L 1.000 X  45.93350 -129.97684   1.640 X  -9.000   0.300   0.200  -9.000    -18   -9   -9  343  50  -97   32 24  11 19 B  78 52   9 163 1  75 23
             671 2023  4 15 23  9 14.240 L 1.000 X  45.93333 -129.97650   1.660 X  -9.000   0.300   0.200  -9.000    -18   -9   -9  315  66 -122   33 30  11 15 B  70 55   9 147 1  77 24
             672 2023  4 15 23  9 37.280 L 1.000 X  45.93317 -129.97600   1.670 X  -9.000   0.300   0.200  -9.000    -18   -9   -9  300  78 -142   32 29  12  2 B  74 51  11 157 1  76 25
             673 2023  4 15 23 11 45.280 L 1.000 X  45.93500 -129.97734   1.610 X  -9.000   0.300   0.200  -9.000    -18   -9   -9  352  50  -96   17 27  12 11 A  90 50  11 154 1  74 18
             674 2023  4 15 23 12  5.040 L 1.000 X  45.93267 -129.97717   1.400 X  -9.000   0.300   0.200  -9.000    -18   -9   -9  262  72 -128   42 40   8 24 C  51 57   7 143 1  92 26
             675 2023  4 15 23 12  9.520 L 1.000 X  45.93417 -129.97734   1.660 X  -9.000   0.300   0.200  -9.000    -18   -9   -9  330  61 -103   46 40   8 23 D  41 61   7 138 1 147 20
             676 2023  4 15 23 13  0.200 L 1.000 X  45.93333 -129.97684   1.640 X  -9.000   0.300   0.200  -9.000    -18   -9   -9  155  45  -90   31 37  11  5 B  60 53   8 142 1  75 23
             677 2023  4 15 23 13 10.480 L 1.000 X  45.93433 -129.97701   1.530 X  -9.000   0.300   0.200  -9.000    -18   -9   -9   93  78  138   45 51   8  6 D  47 55   6 147 1  82 25
             678 2023  4 15 23 13 20.320 L 1.000 X  45.93450 -129.97633   1.750 X  -9.000   0.300   0.200  -9.000    -18   -9   -9  331  60 -108   36 40   9 25 C  67 59   7 132 1 152 18
             679 2023  4 15 23 13 33.720 L 1.000 X  45.93367 -129.97701   1.710 X  -9.000   0.300   0.200  -9.000    -18   -9   -9  345  53  -87   42 49   9 12 D  38 59   7 144 1 149 22
             680 2023  4 15 23 14 12.600 L 1.000 X  45.93433 -129.97701   1.670 X  -9.000   0.300   0.200  -9.000    -18   -9   -9  356  57 -102   23 31  13 29 B  79 51  11 145 1  97 19
             681 2023  4 15 23 14 45.040 L 1.000 X  45.93367 -129.97633   1.490 X  -9.000   0.300   0.200  -9.000    -18   -9   -9  356  48  -87   35 43  13 33 C  70 45  11 185 1  99 24
             682 2023  4 15 23 14 59.440 L 1.000 X  45.93400 -129.97583   1.600 X  -9.000   0.300   0.200  -9.000    -18   -9   -9  356  72 -168   45 63  15 25 D  58 48  14 154 1  75 22
             683 2023  4 15 23 15 20.560 L 1.000 X  45.93167 -129.97467   1.510 X  -9.000   0.300   0.200  -9.000    -18   -9   -9  113  47 -113   37 34   9 29 C  62 40   9 211 1  89 33
             684 2023  4 15 23 15 27.740 L 1.000 X  45.93567 -129.97501   2.090 X  -9.000   0.300   0.200  -9.000    -18   -9   -9  331  52  -80   27 23  12 22 B  79 60  11 138 1 156 20
             685 2023  4 15 23 16 24.000 L 1.000 X  45.94333 -129.93233   2.840 X  -9.000   0.300   0.200  -9.000    -18   -9   -9  277  61 -145   20 34  10 26 B  80 46  10 136 1 253 45
             686 2023  4 15 23 16 43.440 L 1.000 X  45.93383 -129.97467   1.730 X  -9.000   0.300   0.200  -9.000    -18   -9   -9  178  50  -76   36 42   9  8 D  45 60   7 132 1 163 21
             687 2023  4 15 23 18 38.520 L 1.000 X  45.93350 -129.97583   1.590 X  -9.000   0.300   0.200  -9.000    -18   -9   -9  193  36  -84   43 43  11 47 D  39 55  10 144 1 139 24
             688 2023  4 15 23 18 50.280 L 1.000 X  45.93517 -129.97717   1.550 X  -9.000   0.300   0.200  -9.000    -18   -9   -9  160  37  -87   25 27   9 40 B  84 55   8 137 1 146 18
             689 2023  4 15 23 19  5.280 L 1.000 X  45.93467 -129.98883   1.620 X  -9.000   0.300   0.200  -9.000    -18   -9   -9  346  75  176   24 37   8 31 B  68 59   7 116 1  95 31
             690 2023  4 15 23 19 14.460 L 1.000 X  45.93517 -129.97749   1.520 X  -9.000   0.300   0.200  -9.000    -18   -9   -9  141  30  -62   40 39  11 12 C  59 52  10 137 1 134 18
             691 2023  4 15 23 19 44.440 L 1.000 X  45.89133 -130.00816   0.500 X  -9.000   0.300   0.200  -9.000    -18   -9   -9  320  61  139   21 46   8 26 B  64 93   7  74 1 307 50
             692 2023  4 15 23 21 23.920 L 1.000 X  45.93383 -129.97633   1.490 X  -9.000   0.300   0.200  -9.000    -18   -9   -9  120  40 -102   28 41  13 32 B  67 43  13 183 1  98 23
             693 2023  4 15 23 21 39.580 L 1.000 X  45.93517 -129.97667   1.580 X  -9.000   0.300   0.200  -9.000    -18   -9   -9  294  69 -125   43 43   8  5 D  40 58   6 118 1 149 21
             694 2023  4 15 23 23  7.840 L 1.000 X  45.93267 -129.97684   1.470 X  -9.000   0.300   0.200  -9.000    -18   -9   -9  326  47  -76   39 36  12 10 C  62 47   9 176 1  77 26
             695 2023  4 15 23 24 25.640 L 1.000 X  45.93300 -129.97717   1.480 X  -9.000   0.300   0.200  -9.000    -18   -9   -9  134  79  137   31 27  13 13 B  74 43  11 190 1  76 25
             696 2023  4 15 23 25 43.320 L 1.000 X  45.93267 -129.97617   1.540 X  -9.000   0.300   0.200  -9.000    -18   -9   -9  291  87 -129   36 33   8 14 B  63 58   6 124 1  79 27
             697 2023  4 15 23 28  3.000 L 1.000 X  45.93133 -129.97701   1.400 X  -9.000   0.300   0.200  -9.000    -18   -9   -9  234  71 -173   46 49   9 21 D  41 49   7 177 1  74 25
             698 2023  4 15 23 33  8.440 L 1.000 X  45.93233 -129.97701   1.400 X  -9.000   0.300   0.200  -9.000    -18   -9   -9  317  68 -128   33 41  10 15 C  57 46   8 189 1  67 25
             699 2023  4 15 23 33 26.720 L 1.000 X  45.93267 -129.97749   1.340 X  -9.000   0.300   0.200  -9.000    -18   -9   -9  341  50 -100   46 40   8 23 D  47 51   5 146 1 122 25
             700 2023  4 15 23 35 59.060 L 1.000 X  45.93317 -129.97734   1.440 X  -9.000   0.300   0.200  -9.000    -18   -9   -9  301  73 -128   37 46  14 31 C  51 44  11 158 1  87 25
             701 2023  4 15 23 40 46.800 L 1.000 X  45.93217 -129.97650   1.520 X  -9.000   0.300   0.200  -9.000    -18   -9   -9  350  48  179   45 38  10  9 D  46 53  10 155 1  78 25
             702 2023  4 15 23 40 53.460 L 1.000 X  45.93250 -129.97650   1.540 X  -9.000   0.300   0.200  -9.000    -18   -9   -9  332  49  -92   40 40   9 18 C  61 51   8  97 1  77 26
             703 2023  4 15 23 41 34.800 L 1.000 X  45.93200 -129.97717   1.520 X  -9.000   0.300   0.200  -9.000    -18   -9   -9  334  83 -167   25 32  14  1 B  76 43  14 175 1  78 29
             704 2023  4 15 23 42 35.840 L 1.000 X  45.93200 -129.97650   1.510 X  -9.000   0.300   0.200  -9.000    -18   -9   -9  318  89 -150   23 28  13  6 B  82 42  11 188 1  78 24
             705 2023  4 15 23 43  6.600 L 1.000 X  45.93250 -129.97667   1.520 X  -9.000   0.300   0.200  -9.000    -18   -9   -9  317  83 -140   27 29  12  3 B  70 47  11 153 1  77 25
             706 2023  4 15 23 45 14.280 L 1.000 X  45.93383 -129.97966   1.630 X  -9.000   0.300   0.200  -9.000    -18   -9   -9   87  61 -106   39 39  10 29 D  49 61   8 105 1  91 19
             707 2023  4 15 23 45 37.380 L 1.000 X  45.93317 -129.97734   1.560 X  -9.000   0.300   0.200  -9.000    -18   -9   -9  139  56  115   43 42  10 24 C  56 49   9 164 1 148 24
             708 2023  4 15 23 47 16.200 L 1.000 X  45.93417 -129.97583   1.560 X  -9.000   0.300   0.200  -9.000    -18   -9   -9  315  56 -121   40 38   8 26 C  63 57   7 142 1  80 22
             709 2023  4 15 23 47 25.040 L 1.000 X  45.93267 -129.97717   1.370 X  -9.000   0.300   0.200  -9.000    -18   -9   -9   71  40 -130   43 45   9 18 C  51 47   8 200 1  92 26
             710 2023  4 15 23 51 56.180 L 1.000 X  45.93250 -129.97717   1.500 X  -9.000   0.300   0.200  -9.000    -18   -9   -9  348  55 -158   31 43  14 17 C  50 46  13 157 1  77 24
             711 2023  4 15 23 52 10.880 L 1.000 X  45.93417 -129.97549   1.610 X  -9.000   0.300   0.200  -9.000    -18   -9   -9   43  57  -87   43 45   9 25 C  55 54   7 141 1 157 20
             712 2023  4 15 23 54  9.300 L 1.000 X  45.93100 -129.97501   1.590 X  -9.000   0.300   0.200  -9.000    -18   -9   -9  129  90  139   41 47  13 23 D  41 55  12 140 1  81 25
             713 2023  4 15 23 55  3.060 L 1.000 X  45.93083 -129.97284   1.490 X  -9.000   0.300   0.200  -9.000    -18   -9   -9  328  81 -132   45 48  11 42 D  42 44   8 177 1 103 29
             714 2023  4 15 23 56 26.440 L 1.000 X  45.93333 -129.97484   1.660 X  -9.000   0.300   0.200  -9.000    -18   -9   -9  286  86 -125   49 49  13 32 D  32 50  12 161 1  77 25
             715 2023  4 15 23 57 42.680 L 1.000 X  45.93217 -129.97717   1.440 X  -9.000   0.300   0.200  -9.000    -18   -9   -9  300  89 -140   33 37  16 17 C  67 45  15 154 1  78 24
             716 2023  4 15 23 58 13.440 L 1.000 X  45.93217 -129.97667   1.530 X  -9.000   0.300   0.200  -9.000    -18   -9   -9  122  59  -94   41 53  12 32 D  53 47   9 145 1  78 24
             717 2023  4 15 23 58 23.020 L 1.000 X  45.93433 -129.97566   1.580 X  -9.000   0.300   0.200  -9.000    -18   -9   -9  170  42  -75   25 42  10 18 B  65 53   9 147 1  74 20
             718 2023  4 15 23 58 58.900 L 1.000 X  45.93200 -129.97717   1.450 X  -9.000   0.300   0.200  -9.000    -18   -9   -9  308  90 -128   34 41   9  3 C  56 54   8 158 1  78 23
             719 2023  4 16  0 10 18.240 L 1.000 X  45.93450 -129.97684   1.580 X  -9.000   0.300   0.200  -9.000    -18   -9   -9  288  81 -127   31 37  11 14 B  71 50  10 164 1  76 19
             720 2023  4 16  0 19 40.340 L 1.000 X  45.93417 -129.97617   1.470 X  -9.000   0.300   0.200  -9.000    -18   -9   -9   22  53 -136   34 28  16 11 B  71 43  15 177 1  74 21
             721 2023  4 16  0 29 13.660 L 1.000 X  45.93433 -129.97583   1.520 X  -9.000   0.300   0.200  -9.000    -18   -9   -9  260  44  -45   29 28  14 19 B  77 43  13 183 1  98 20
             722 2023  4 16  0 45 52.580 L 1.000 X  45.93367 -129.97617   1.520 X  -9.000   0.300   0.200  -9.000    -18   -9   -9  304  67 -116   34 31   8 15 B  69 52   7 140 1  79 24
             723 2023  4 16  0 55  8.070 L 1.000 X  45.93333 -129.97566   1.600 X  -9.000   0.300   0.200  -9.000    -18   -9   -9  343  49  -80   29 30  10 27 B  88 47   8 156 1  81 25
             724 2023  4 16  0 56 35.950 L 1.000 X  45.93283 -129.97600   1.510 X  -9.000   0.300   0.200  -9.000    -18   -9   -9    4  43 -172   54 48   8 16 D  35 53   5 138 1  80 27
             725 2023  4 16  1  0 19.570 L 1.000 X  45.99600 -130.03317   1.460 X  -9.000   0.300   0.200  -9.000    -18   -9   -9  356  83  151   28 34   8 10 B  68 53   7 122 1  95 27
             726 2023  4 16  1  2 36.170 L 1.000 X  45.93467 -129.97667   1.490 X  -9.000   0.300   0.200  -9.000    -18   -9   -9  328  54 -106   36 31  11 25 B  75 49   9 176 1  77 18
             727 2023  4 16  1  5 58.790 L 1.000 X  45.93417 -129.97566   1.540 X  -9.000   0.300   0.200  -9.000    -18   -9   -9  112  44 -116   29 28  11 27 B  76 49  10 161 1  81 21
             728 2023  4 16  1  6 25.330 L 1.000 X  45.93400 -129.97600   1.480 X  -9.000   0.300   0.200  -9.000    -18   -9   -9  289  78 -141   41 41  10 24 C  54 45   9 170 1 155 28
             729 2023  4 16  1 21 21.080 L 1.000 X  45.93233 -129.97633   1.550 X  -9.000   0.300   0.200  -9.000    -18   -9   -9  157  79  135   42 44   8 20 D  42 51   7 144 1  84 29
             730 2023  4 16  2 20 41.930 L 1.000 X  45.93300 -129.97800   1.520 X  -9.000   0.300   0.200  -9.000    -18   -9   -9  306  77 -134   36 41  10 12 C  54 48  10 171 1 144 24
             731 2023  4 16  2 21 10.410 L 1.000 X  45.93267 -129.97983   1.640 X  -9.000   0.300   0.200  -9.000    -18   -9   -9  151  31 -100   43 44   8 38 C  66 49   8 160 1 132 20
             732 2023  4 16  2 27 18.390 L 1.000 X  45.93050 -129.97549   1.620 X  -9.000   0.300   0.200  -9.000    -18   -9   -9  126  46 -106   44 45   9 37 C  60 57   8 146 1  86 22
             733 2023  4 16  2 40  3.360 L 1.000 X  45.93017 -129.97383   1.540 X  -9.000   0.300   0.200  -9.000    -18   -9   -9  201  17 -128   43 43   9 25 D  38 48   6 159 1 164 30
             734 2023  4 16  2 58 32.630 L 1.000 X  45.93000 -129.97667   1.400 X  -9.000   0.300   0.200  -9.000    -18   -9   -9   25  52  -96   41 26  12  9 C  58 49  11 161 1  66 22
             735 2023  4 16  3 59 44.970 L 1.000 X  45.93867 -130.01784   1.120 X  -9.000   0.300   0.200  -9.000    -18   -9   -9  235  51  -94   21 21  18 28 A  90 44  18 151 1  90 35
             736 2023  4 16  5 35 15.930 L 1.000 X  45.93150 -129.97583   1.410 X  -9.000   0.300   0.200  -9.000    -18   -9   -9  235  59 -143   38 36   8 21 C  52 58   5 140 1 163 25
             737 2023  4 16  7 39  3.980 L 1.000 X  45.96300 -129.99184   1.610 X  -9.000   0.300   0.200  -9.000    -18   -9   -9  137  53  169   44 41   9 29 D  39 59   5 118 1  78 37
             738 2023  4 16  7 51 10.280 L 1.000 X  45.93850 -130.02034   0.970 X  -9.000   0.300   0.200  -9.000    -18   -9   -9  340  67  159   27 24  11 26 B  84 43   9 133 1  82 45
             739 2023  4 16 15  1 29.040 L 1.000 X  45.94183 -129.98584   0.850 X  -9.000   0.300   0.200  -9.000    -18   -9   -9  349  51 -127   41 42   8 17 D  42 58   7 139 1 155 56
             740 2023  4 16 15  7 36.900 L 1.000 X  45.94183 -129.98650   0.600 X  -9.000   0.300   0.200  -9.000    -18   -9   -9  358  75  160   38 43   9 25 C  53 53   7 143 1 157 64
             741 2023  4 17 11 25 30.700 L 1.000 X  45.91183 -129.99049   1.610 X  -9.000   0.300   0.200  -9.000    -18   -9   -9  230  32  178   35 28   8 12 B  73 60   5  94 1  74 52
             742 2023  4 18  0  8 38.940 L 1.000 X  45.92983 -130.00717   1.350 X  -9.000   0.300   0.200  -9.000    -18   -9   -9  323  80  135   40 38  10 11 C  51 49   6 138 1 107 34
             743 2023  4 18  1 26 23.670 L 1.000 X  45.93750 -130.01950   1.320 X  -9.000   0.300   0.200  -9.000    -18   -9   -9  317  88  175   21 20  15 26 A  95 42  15 151 1 129 63
             744 2023  4 18  1 26 53.670 L 1.000 X  45.93767 -130.01933   1.210 X  -9.000   0.300   0.200  -9.000    -18   -9   -9  215  69 -129   35 32  14 26 B  77 43  13 158 1  81 66
             745 2023  4 18  1 27  4.040 L 1.000 X  45.94100 -130.01866   0.880 X  -9.000   0.300   0.200  -9.000    -18   -9   -9   64  38  -78   40 29   8  0 B  63 47   6 147 1  92 56
             746 2023  4 18  1 28 50.760 L 1.000 X  45.93683 -130.01950   1.130 X  -9.000   0.300   0.200  -9.000    -18   -9   -9  212  58 -133   55 60   8 39 D  24 46   3  96 1 126 38
             747 2023  4 18  1 58  8.980 L 1.000 X  45.93783 -130.01833   1.090 X  -9.000   0.300   0.200  -9.000    -18   -9   -9  224  62 -108   18 24  13  4 A  96 41  10 132 1  86 37
             748 2023  4 18 13 24 46.470 L 1.000 X  45.93833 -130.01801   0.980 X  -9.000   0.300   0.200  -9.000    -18   -9   -9  338  65 -154   49 42  11 24 D  46 42   8 143 1  95 39
             749 2023  4 18 15 59  3.100 L 1.000 X  45.93933 -130.02017   1.310 X  -9.000   0.300   0.200  -9.000    -18   -9   -9  197  46 -111   37 37  10  0 C  55 43   6 125 1 103 36
             750 2023  4 18 16  2 33.460 L 1.000 X  45.96684 -129.99466   1.990 X  -9.000   0.300   0.200  -9.000    -18   -9   -9  120  81  172   40 41  10 36 C  52 62   7 135 1  87 26
             751 2023  4 18 18 33  6.320 L 1.000 X  45.93567 -130.01784   1.190 X  -9.000   0.300   0.200  -9.000    -18   -9   -9  316  61  145   52 56  10 65 D  58 34   9 171 1  71 43
             752 2023  4 18 18 33 38.120 L 1.000 X  45.96783 -129.99567   1.720 X  -9.000   0.300   0.200  -9.000    -18   -9   -9  120  33 -167   50 44  10 27 D  34 54   7 148 1 102 29
             753 2023  4 18 18 39  0.440 L 1.000 X  45.96900 -129.99567   1.650 X  -9.000   0.300   0.200  -9.000    -18   -9   -9  326  89 -136   44 51   8 35 D  46 54   5 130 1 156 32
             754 2023  4 19  1 28 53.590 L 1.000 X  45.99617 -130.01550   1.520 X  -9.000   0.300   0.200  -9.000    -18   -9   -9  171  83 -176   51 60   9 28 D  33 50   8 117 1  84 45
             755 2023  4 19  1 30 44.100 L 1.000 X  45.99633 -130.01666   2.210 X  -9.000   0.300   0.200  -9.000    -18   -9   -9  289  86   88   39 31   8 12 C  66 70   6 108 1  82 30
             756 2023  4 19  1 33 25.800 L 1.000 X  45.99617 -130.01500   1.220 X  -9.000   0.300   0.200  -9.000    -18   -9   -9  125  41  -73   33 36  10 28 B  61 41   9 145 1  75 54
             757 2023  4 19  1 36 55.010 L 1.000 X  45.99567 -130.01616   1.660 X  -9.000   0.300   0.200  -9.000    -18   -9   -9  146  71  177   35 37  12 14 C  64 52  11 120 1  80 41
             758 2023  4 19  1 40 57.130 L 1.000 X  45.99617 -130.01517   2.020 X  -9.000   0.300   0.200  -9.000    -18   -9   -9  290  63   90   43 45  10 22 D  36 66   9  80 1  85 35
             759 2023  4 19  1 41 16.540 L 1.000 X  45.99600 -130.01483   1.830 X  -9.000   0.300   0.200  -9.000    -18   -9   -9  220  80 -116   46 49  11 42 D  45 58  10  83 1  85 40
             760 2023  4 19  1 41 42.190 L 1.000 X  45.99567 -130.01517   2.410 X  -9.000   0.300   0.200  -9.000    -18   -9   -9  222  84 -111   32 33  11 18 B  80 67   9 110 1  83 31
             761 2023  4 19  1 42 19.400 L 1.000 X  45.99667 -130.01483   2.260 X  -9.000   0.300   0.200  -9.000    -18   -9   -9  228  84 -109   42 48   8 27 C  51 68   8  91 1  87 32
             762 2023  4 19  1 45 21.810 L 1.000 X  45.99550 -130.01601   2.510 X  -9.000   0.300   0.200  -9.000    -18   -9   -9   63  19  -14   40 49   8 27 D  46 71   8  94 1  81 28
             763 2023  4 19  1 46 57.450 L 1.000 X  45.99567 -130.01433   1.310 X  -9.000   0.300   0.200  -9.000    -18   -9   -9   36  71 -154   34 43  12  8 C  55 41  11 151 1  78 54
             764 2023  4 19  1 48 19.610 L 1.000 X  45.99817 -130.01433   1.740 X  -9.000   0.300   0.200  -9.000    -18   -9   -9  230  77 -116   30 40   8  0 C  61 58   8  98 1  92 40
             765 2023  4 19  1 56 53.520 L 1.000 X  45.99600 -130.01601   1.830 X  -9.000   0.300   0.200  -9.000    -18   -9   -9  151  83 -178   31 30  10 14 B  74 57   9 114 1  83 37
             766 2023  4 19  2  1 56.800 L 1.000 X  45.99483 -130.01450   1.750 X  -9.000   0.300   0.200  -9.000    -18   -9   -9   47  86  142   49 51   9 31 D  35 57   8  88 1  82 43
             767 2023  4 19  2  3 20.180 L 1.000 X  45.99633 -130.01784   2.530 X  -9.000   0.300   0.200  -9.000    -18   -9   -9  337  39 -177   43 53   9 22 D  41 64   8 126 1  82 24
             768 2023  4 19  2  4  5.760 L 1.000 X  45.99533 -130.01450   1.440 X  -9.000   0.300   0.200  -9.000    -18   -9   -9  241  87 -157   32 38  11 29 C  52 45   9 129 1  57 50
             769 2023  4 19  2  4 14.730 L 1.000 X  45.99733 -130.01567   1.820 X  -9.000   0.300   0.200  -9.000    -18   -9   -9   88  51 -170   43 50   8 39 D  50 60   8  97 1  88 37
             770 2023  4 19  2  5 25.240 L 1.000 X  45.99583 -130.01500   1.830 X  -9.000   0.300   0.200  -9.000    -18   -9   -9  151  77 -175   21 23  13 30 A  92 55  12  99 1  84 40
             771 2023  4 19  2  5 38.640 L 1.000 X  45.99550 -130.01517   1.920 X  -9.000   0.300   0.200  -9.000    -18   -9   -9   67  29  177   50 49   9 29 D  42 63   8  94 1 161 38
             772 2023  4 19  2  7 42.780 L 1.000 X  45.99500 -130.01616   2.370 X  -9.000   0.300   0.200  -9.000    -18   -9   -9  213  85 -109   12 14   8 29 A  99 60   7 114 1 155 30
             773 2023  4 19  4 33 36.210 L 1.000 X  45.99533 -130.01700   2.440 X  -9.000   0.300   0.200  -9.000    -18   -9   -9  258   4  102   47 51   8 30 D  41 67   6 128 1 103 28
             774 2023  4 19  6 13 17.790 L 1.000 X  45.92484 -129.98183   1.120 X  -9.000   0.300   0.200  -9.000    -18   -9   -9   39  64 -145   46 41   8 18 D  40 50   7 158 1 148 42
             775 2023  4 19 12 29 36.450 L 1.000 X  45.94017 -130.01950   1.070 X  -9.000   0.300   0.200  -9.000    -18   -9   -9  182  48 -123   33 40   9 25 C  57 46   5 105 1  88 47
             776 2023  4 19 12 45 41.520 L 1.000 X  45.96533 -129.99716   1.520 X  -9.000   0.300   0.200  -9.000    -18   -9   -9  189  39 -101   23 25  11 30 A  87 46   9 153 1  69 29
             777 2023  4 19 14 15 23.730 L 1.000 X  45.98033 -129.99817   0.640 X  -9.000   0.300   0.200  -9.000    -18   -9   -9  145  73 -147   36 47   8 19 D  49 36   8 202 1 118 63
             778 2023  4 19 14 23 19.940 L 1.000 X  45.98350 -129.99966   2.040 X  -9.000   0.300   0.200  -9.000    -18   -9   -9   62   8 -123   24 38  11 26 B  64 67   8 113 1  94 33
             779 2023  4 19 14 54 18.800 L 1.000 X  45.98283 -130.00101   1.840 X  -9.000   0.300   0.200  -9.000    -18   -9   -9   64  20 -171   24 31   9  5 B  66 54   7 149 1  92 34
             780 2023  4 19 15  7 47.030 L 1.000 X  45.97967 -129.99834   0.670 X  -9.000   0.300   0.200  -9.000    -18   -9   -9  150  57  -94   42 47   8 15 C  54 38   7 156 1 117 64
             781 2023  4 19 15 12 37.060 L 1.000 X  45.98267 -129.99933   1.990 X  -9.000   0.300   0.200  -9.000    -18   -9   -9  104  76  151   40 43  11 34 D  43 56   9 142 1  99 35
             782 2023  4 19 15 12 51.640 L 1.000 X  45.98083 -130.00017   2.040 X  -9.000   0.300   0.200  -9.000    -18   -9   -9  119  12 -118   38 38   9 27 D  50 62   8 111 1 100 33
             783 2023  4 19 15 14 18.940 L 1.000 X  45.98000 -129.99966   1.700 X  -9.000   0.300   0.200  -9.000    -18   -9   -9   53  88 -178   39 37  15 41 C  55 44  13 180 1  99 41
             784 2023  4 19 15 33 57.150 L 1.000 X  45.98167 -130.00000   2.050 X  -9.000   0.300   0.200  -9.000    -18   -9   -9  198  88   75   54 53  10 53 D  35 64   6 121 1  91 33
             785 2023  4 19 18  7  2.080 L 1.000 X  45.95400 -129.98633   1.730 X  -9.000   0.300   0.200  -9.000    -18   -9   -9   22  67 -142   23 21  20 11 A  89 52  19 134 1  59 28
             786 2023  4 19 18 14 53.080 L 1.000 X  45.95483 -129.98550   1.870 X  -9.000   0.300   0.200  -9.000    -18   -9   -9  239  11  -82   41 36  10 34 C  58 66   8  99 1  69 27
             787 2023  4 19 18 15  1.240 L 1.000 X  45.95517 -129.98450   1.820 X  -9.000   0.300   0.200  -9.000    -18   -9   -9   42  75 -102   30 31   9 32 B  70 66   7  97 1 100 28
             788 2023  4 19 18 15 30.040 L 1.000 X  45.95517 -129.98399   1.870 X  -9.000   0.300   0.200  -9.000    -18   -9   -9   49  89   96   46 58   8 44 D  52 74   7  96 1  74 29
             789 2023  4 19 18 16 35.880 L 1.000 X  45.95667 -129.98199   2.090 X  -9.000   0.300   0.200  -9.000    -18   -9   -9  138  63 -161   41 41   8 17 D  46 67   5 107 1  86 25
             790 2023  4 19 18 21 46.760 L 1.000 X  45.95400 -129.98567   1.870 X  -9.000   0.300   0.200  -9.000    -18   -9   -9   13  87 -149   22 20  14 22 A  86 57  12 130 1  60 29
             791 2023  4 19 18 25 29.300 L 1.000 X  45.95417 -129.98567   1.880 X  -9.000   0.300   0.200  -9.000    -18   -9   -9   44  58 -116   19 17  18  7 A  97 54  18 133 1  60 28
             792 2023  4 19 18 26 40.560 L 1.000 X  45.95333 -129.98633   1.890 X  -9.000   0.300   0.200  -9.000    -18   -9   -9    3  79 -142   26 25  13 32 B  83 58  10 117 1  64 28
             793 2023  4 19 18 27 22.920 L 1.000 X  45.95433 -129.98550   1.800 X  -9.000   0.300   0.200  -9.000    -18   -9   -9   22  74 -144   28 24  17 19 B  83 55  14 111 1  60 29
             794 2023  4 19 18 37 37.400 L 1.000 X  45.95383 -129.98599   1.820 X  -9.000   0.300   0.200  -9.000    -18   -9   -9   48  60 -121   32 34  14 26 B  68 57  11 117 1  66 29
             795 2023  4 19 18 42  4.000 L 1.000 X  45.95383 -129.98567   1.780 X  -9.000   0.300   0.200  -9.000    -18   -9   -9  165  24 -119   24 28  12 38 B  84 59  10 117 1  66 30
             796 2023  4 19 18 43 24.780 L 1.000 X  45.95417 -129.98584   1.860 X  -9.000   0.300   0.200  -9.000    -18   -9   -9   41  67 -142   24 21  16 10 A  93 57  15 125 1  60 28
             797 2023  4 19 18 47 13.200 L 1.000 X  45.94417 -129.98550   1.770 X  -9.000   0.300   0.200  -9.000    -18   -9   -9  359  72 -178   35 44  14 35 C  75 52  13 157 1  59 27
             798 2023  4 19 18 47 51.240 L 1.000 X  45.94417 -129.98517   1.670 X  -9.000   0.300   0.200  -9.000    -18   -9   -9    1  83 -175   17 19  14 16 A  96 46  14 169 1  59 28
             799 2023  4 19 18 53 30.320 L 1.000 X  45.94316 -129.98466   1.690 X  -9.000   0.300   0.200  -9.000    -18   -9   -9  175  83 -170   33 40  11 44 C  67 49  10 173 1  85 30
             800 2023  4 19 19  1 28.580 L 1.000 X  45.95417 -129.98616   1.860 X  -9.000   0.300   0.200  -9.000    -18   -9   -9   37  58 -126   18 15  19  7 A  99 55  19 130 1  60 27
             801 2023  4 19 19  2 37.960 L 1.000 X  45.95450 -129.98550   1.710 X  -9.000   0.300   0.200  -9.000    -18   -9   -9   14  73 -141   49 56  10 31 D  36 67   8  92 1  68 29
             802 2023  4 19 19 12 24.080 L 1.000 X  45.95500 -129.98450   1.810 X  -9.000   0.300   0.200  -9.000    -18   -9   -9   34  88 -101   42 45   8 18 D  33 68   5  97 1  94 29
             803 2023  4 19 19 19 30.360 L 1.000 X  45.95483 -129.98599   1.690 X  -9.000   0.300   0.200  -9.000    -18   -9   -9  123  46 -138   18 17  15 24 A  96 53  15 149 1  62 28
             804 2023  4 19 19 43 29.280 L 1.000 X  45.95533 -129.98416   1.850 X  -9.000   0.300   0.200  -9.000    -18   -9   -9   50  84  -94   38 45   8 16 C  52 73   5  95 1  73 28
             805 2023  4 19 19 53 36.600 L 1.000 X  45.95517 -129.98433   2.260 X  -9.000   0.300   0.200  -9.000    -18   -9   -9   51  82 -110   51 52   8 38 D  35 73   6  81 1  98 25
             806 2023  4 19 20 20 44.800 L 1.000 X  45.94083 -130.01933   1.130 X  -9.000   0.300   0.200  -9.000    -18   -9   -9  195  49 -105   55 74   8 28 D  46 46   6 130 1  98 47
             807 2023  4 19 21 35 46.780 L 1.000 X  45.95517 -129.98517   1.730 X  -9.000   0.300   0.200  -9.000    -18   -9   -9  232   9  -86   44 24   8 34 C  52 64   6 123 1  95 27
             808 2023  4 19 21 36 47.120 L 1.000 X  45.95433 -129.98683   1.590 X  -9.000   0.300   0.200  -9.000    -18   -9   -9   78  77 -128   41 40   9 19 D  38 60   7 110 1  68 30
             809 2023  4 19 22 19 11.920 L 1.000 X  45.95383 -129.98534   1.930 X  -9.000   0.300   0.200  -9.000    -18   -9   -9   43  76  -91   40 45   8 44 D  48 66   6 114 1 127 29
             810 2023  4 20  1 23 22.020 L 1.000 X  45.92467 -129.99117   1.060 X  -9.000   0.300   0.200  -9.000    -18   -9   -9  142  62 -127   33 36  10 11 B  65 45   8 153 1  74 56
             811 2023  4 20  9  6 34.320 L 1.000 X  45.96684 -129.99683   1.670 X  -9.000   0.300   0.200  -9.000    -18   -9   -9  113  73  174   41 44   9 34 D  50 52   7 135 1  96 28
             812 2023  4 20 14 11 54.080 L 1.000 X  45.96767 -129.99533   1.930 X  -9.000   0.300   0.200  -9.000    -18   -9   -9  116  74  165   25 31  10 25 B  84 57   7 119 1 146 26
             813 2023  4 20 14 15 19.710 L 1.000 X  45.96583 -129.99400   1.630 X  -9.000   0.300   0.200  -9.000    -18   -9   -9  116  72  176   31 35   8 20 B  64 52   5 135 1 135 32
             814 2023  4 20 14 44  9.280 L 1.000 X  45.97417 -129.99617   1.540 X  -9.000   0.300   0.200  -9.000    -18   -9   -9   91  74  159   46 36   8 19 D  41 50   5 133 1 143 48
             815 2023  4 20 16 39 41.710 L 1.000 X  45.94033 -130.01933   1.130 X  -9.000   0.300   0.200  -9.000    -18   -9   -9   28  89  156   21 25  14 15 A  88 42  13 148 1  88 45
             816 2023  4 20 20 56 49.580 L 1.000 X  45.92467 -129.99150   1.410 X  -9.000   0.300   0.200  -9.000    -18   -9   -9  144  65 -131   35 31  13 12 B  71 53  10 128 1  53 44
             817 2023  4 21 17 19 32.160 L 1.000 X  45.95050 -130.02499   1.520 X  -9.000   0.300   0.200  -9.000    -18   -9   -9  167  82  176   55 64   8 44 D  15 38   6 116 1  84 43
             818 2023  4 21 17 37 17.160 L 1.000 X  45.97917 -129.99800   1.580 X  -9.000   0.300   0.200  -9.000    -18   -9   -9  141  75  167   50 41  10 31 D  53 47   7 165 1  64 47
             819 2023  4 21 21 49 24.940 L 1.000 X  45.93650 -130.01866   1.180 X  -9.000   0.300   0.200  -9.000    -18   -9   -9  236  67  132   55 62  17 49 D  32 41  15 145 1  70 40
             820 2023  4 21 22 11 34.120 L 1.000 X  45.93633 -130.01717   1.170 X  -9.000   0.300   0.200  -9.000    -18   -9   -9  115  45  -91   34 35   9 10 B  63 43   4 123 1  85 42
             821 2023  4 22  0  4 38.580 L 1.000 X  45.93733 -130.01984   1.330 X  -9.000   0.300   0.200  -9.000    -18   -9   -9  117  42  -88   32 36  14 26 B  69 41  13 161 1  81 34
             822 2023  4 22  0  5 17.460 L 1.000 X  45.93817 -130.01866   1.080 X  -9.000   0.300   0.200  -9.000    -18   -9   -9   63  42  -73   21 25  10 20 A  89 42   7 147 1  86 36
             823 2023  4 22  1  5  1.100 L 1.000 X  45.99767 -130.02783   1.260 X  -9.000   0.300   0.200  -9.000    -18   -9   -9    4  89  168   28 29   8 10 B  79 44   7 150 1  90 70
             824 2023  4 22  8 26 14.500 L 1.000 X  45.95383 -130.03783   1.640 X  -9.000   0.300   0.200  -9.000    -18   -9   -9   38  80  160   50 69   8 29 D  29 26   5 162 1 123 65
             825 2023  4 22 10 46 51.800 L 1.000 X  45.93767 -130.01866   1.100 X  -9.000   0.300   0.200  -9.000    -18   -9   -9  235  60 -116   30 28  16  8 B  64 44  15 146 1  85 37
             826 2023  4 22 14 36 49.540 L 1.000 X  45.95100 -129.98283   1.930 X  -9.000   0.300   0.200  -9.000    -18   -9   -9   49  66  -71   54 64  10 43 D  33 68   8  99 1  59 33
             827 2023  4 22 15  3 39.460 L 1.000 X  45.95433 -129.98433   1.960 X  -9.000   0.300   0.200  -9.000    -18   -9   -9  140  43 -124   49 44  11 23 D  41 66   8  94 1  70 30
             828 2023  4 22 15 19 26.500 L 1.000 X  45.95400 -129.98550   1.740 X  -9.000   0.300   0.200  -9.000    -18   -9   -9  259   8  -56   45 46   9 41 D  58 67   8 111 1  67 31
             829 2023  4 22 15 21 32.700 L 1.000 X  45.95417 -129.98466   1.800 X  -9.000   0.300   0.200  -9.000    -18   -9   -9    8  79 -150   26 21  10 26 A  89 68   9 105 1  67 31
             830 2023  4 22 16 28 27.010 L 1.000 X  45.98233 -130.00000   1.860 X  -9.000   0.300   0.200  -9.000    -18   -9   -9  284  79  -94   34 25  10  4 B  70 60   7  82 1 111 35
             831 2023  4 22 18 50  0.760 L 1.000 X  45.96317 -129.99133   2.000 X  -9.000   0.300   0.200  -9.000    -18   -9   -9  127  73  171   35 27  11 38 B  75 59   9 126 1  75 31
             832 2023  4 22 19 10 43.760 L 1.000 X  45.93567 -130.01801   1.240 X  -9.000   0.300   0.200  -9.000    -18   -9   -9  195  45  -93   55 57   9 23 D  28 33   7 146 1 117 42
             833 2023  4 22 21 39 48.340 L 1.000 X  45.92550 -129.99001   0.690 X  -9.000   0.300   0.200  -9.000    -18   -9   -9  167  83 -170   33 41  14 30 C  54 56  12 124 1 102 60
             834 2023  4 23  4 26 37.400 L 1.000 X  45.93600 -130.01883   1.210 X  -9.000   0.300   0.200  -9.000    -18   -9   -9  198  50 -106   29 27  10 29 B  80 38   7 147 1  84 40
             835 2023  4 23  4 42 13.780 L 1.000 X  45.93700 -130.02000   1.240 X  -9.000   0.300   0.200  -9.000    -18   -9   -9  320  62 -177   42 38   9 30 C  54 40   7 160 1  81 36
             836 2023  4 23 14  6 17.430 L 1.000 X  45.93917 -130.01833   0.940 X  -9.000   0.300   0.200  -9.000    -18   -9   -9  224  51  -90   30 33   9 14 B  75 44   7 148 1  89 45
             837 2023  4 23 17 40 31.000 L 1.000 X  45.96083 -129.99767   2.100 X  -9.000   0.300   0.200  -9.000    -18   -9   -9  132  70  169   47 44   8 50 D  43 59   6 122 1 100 19
             838 2023  4 23 18 31 24.280 L 1.000 X  45.99450 -130.01167   2.040 X  -9.000   0.300   0.200  -9.000    -18   -9   -9   70  48 -175   36 30   8  0 C  58 66   8  98 1  86 38
             839 2023  4 23 19 10 31.540 L 1.000 X  45.96433 -129.99333   1.250 X  -9.000   0.300   0.200  -9.000    -18   -9   -9  115  61 -162   45 39   9 12 D  46 37   6 163 1  82 41
             840 2023  4 23 19 21  5.600 L 1.000 X  45.99467 -130.01033   1.720 X  -9.000   0.300   0.200  -9.000    -18   -9   -9   60  77  171   37 41   8 35 C  55 60   7  87 1  90 45
             841 2023  4 23 20  5 13.920 L 1.000 X  45.96767 -129.99834   1.610 X  -9.000   0.300   0.200  -9.000    -18   -9   -9   40  48  -97   30 31  13 16 B  78 50  12 154 1  49 32
             842 2023  4 23 20 15 13.880 L 1.000 X  45.99434 -130.01083   2.420 X  -9.000   0.300   0.200  -9.000    -18   -9   -9  330  83  171   37 44   9 45 C  51 67   8  94 1  87 32
             843 2023  4 23 20 17 17.760 L 1.000 X  45.93833 -130.02066   1.040 X  -9.000   0.300   0.200  -9.000    -18   -9   -9  322  56  131   27 33  12 32 B  89 41  10 164 1  81 43
             844 2023  4 23 20 28 33.440 L 1.000 X  45.99434 -130.01117   2.100 X  -9.000   0.300   0.200  -9.000    -18   -9   -9   47  90  103   46 54   8 29 D  43 67   7  89 1  87 36
             845 2023  4 23 21 20 25.640 L 1.000 X  45.92250 -129.98700   1.120 X  -9.000   0.300   0.200  -9.000    -18   -9   -9  343  90  172   50 66   8 31 D  31 45   6 172 1  98 43
             846 2023  4 23 23 35  3.680 L 1.000 X  45.99434 -130.01100   1.730 X  -9.000   0.300   0.200  -9.000    -18   -9   -9  150  87 -169   31 34   9 13 B  74 57   8  89 1  87 43
             847 2023  4 24  0 47 15.270 L 1.000 X  45.99417 -130.01199   2.370 X  -9.000   0.300   0.200  -9.000    -18   -9   -9  220  63 -144   41 43   8 42 C  53 71   8  78 1 119 32
             848 2023  4 24  0 53 12.880 L 1.000 X  45.99417 -130.00934   2.400 X  -9.000   0.300   0.200  -9.000    -18   -9   -9  252  10   59   45 46   9 36 D  44 70   8  68 1  89 32
             849 2023  4 24  2  0 22.220 L 1.000 X  45.94100 -130.01750   0.900 X  -9.000   0.300   0.200  -9.000    -18   -9   -9  251  86  168   31 33   8 15 B  70 54   7 119 1  97 54
             850 2023  4 24  2 13 28.750 L 1.000 X  45.93867 -130.01866   0.910 X  -9.000   0.300   0.200  -9.000    -18   -9   -9   47  87  150   41 56  11 18 D  48 43   9 132 1  87 44
             851 2023  4 24  3 14 12.850 L 1.000 X  45.99267 -130.00850   2.170 X  -9.000   0.300   0.200  -9.000    -18   -9   -9  138  89  175   25 29  15 33 B  81 55  14 120 1  81 32
             852 2023  4 24  4 59 35.730 L 1.000 X  45.99333 -130.00833   2.560 X  -9.000   0.300   0.200  -9.000    -18   -9   -9   17  82  129   35 27   8 12 B  73 71   8  86 1  87 29
             853 2023  4 24  5 41 19.720 L 1.000 X  45.99450 -130.00983   1.930 X  -9.000   0.300   0.200  -9.000    -18   -9   -9   61  56 -159   34 33  14 23 B  66 56  14 107 1  90 40
             854 2023  4 24  6 15 32.660 L 1.000 X  45.93983 -130.01917   1.090 X  -9.000   0.300   0.200  -9.000    -18   -9   -9  217  54 -147   36 22  15 27 B  68 43  14 151 1  88 70
             855 2023  4 24  9 11 10.170 L 1.000 X  45.93616 -129.97884   1.600 X  -9.000   0.300   0.200  -9.000    -18   -9   -9  174  34  -83   39 31   8  0 C  52 57   6 154 1  82 21
             856 2023  4 24  9 22 24.100 L 1.000 X  45.93567 -129.97850   1.570 X  -9.000   0.300   0.200  -9.000    -18   -9   -9  330  61 -106   42 42   8 27 C  60 59   6 137 1 138 21
             857 2023  4 24 14 34 22.920 L 1.000 X  45.93483 -130.01917   1.310 X  -9.000   0.300   0.200  -9.000    -18   -9   -9  290  49  -64   38 38  10  5 C  52 36  10 161 1  75 41
             858 2023  4 24 16 18 11.780 L 1.000 X  45.92667 -129.98633   1.450 X  -9.000   0.300   0.200  -9.000    -18   -9   -9  245  47 -158   28 24  13 27 B  90 53  10 124 1  65 28
             859 2023  4 24 17 30 38.720 L 1.000 X  45.96600 -129.99667   1.490 X  -9.000   0.300   0.200  -9.000    -18   -9   -9  117  59  157   28 27   9 13 B  79 40   8 176 1  94 42
             860 2023  4 24 19 49 44.800 L 1.000 X  45.93750 -130.02000   1.270 X  -9.000   0.300   0.200  -9.000    -18   -9   -9  215  71 -172   19 27  11 39 A  91 40  11 179 1  80 34
             861 2023  4 25  4 12 37.340 L 1.000 X  45.93833 -130.01883   1.280 X  -9.000   0.300   0.200  -9.000    -18   -9   -9   68  44  -84   11 12  19 15 A 100 44  19 140 1  44 32
             862 2023  4 26  3 30 56.250 L 1.000 X  45.93633 -130.01866   1.160 X  -9.000   0.300   0.200  -9.000    -18   -9   -9  185  39  130   40 45  17 23 C  56 42  17 136 1  81 40
             863 2023  4 26  7 33 52.860 L 1.000 X  45.92300 -129.98616   1.070 X  -9.000   0.300   0.200  -9.000    -18   -9   -9  357  89 -160   41 39  11 30 C  64 48  10 160 1 109 41
             864 2023  4 26 22 30 44.300 L 1.000 X  45.93783 -130.02000   1.290 X  -9.000   0.300   0.200  -9.000    -18   -9   -9  118  81  180   28 29  10 28 B  78 46  10 139 1  48 33
             865 2023  4 27  0 36 22.310 L 1.000 X  45.92550 -129.99066   1.210 X  -9.000   0.300   0.200  -9.000    -18   -9   -9  268  49 -144   27 24  12 16 B  83 55  10 136 1  59 47
             866 2023  4 27  1 11 39.270 L 1.000 X  45.93616 -130.01784   1.230 X  -9.000   0.300   0.200  -9.000    -18   -9   -9  134  88 -176   37 35   8 27 C  51 32   7 168 1 130 40
             867 2023  4 27 12 37 22.470 L 1.000 X  45.93867 -130.01883   1.240 X  -9.000   0.300   0.200  -9.000    -18   -9   -9  176  59 -118   18 20  18 17 A  98 46  18 179 1  44 33
             868 2023  4 27 15 11 52.320 L 1.000 X  45.99983 -130.02750   1.210 X  -9.000   0.300   0.200  -9.000    -18   -9   -9  290  89 -153   43 37   8 26 D  39 46   8 144 1 126 60
             869 2023  4 27 21 35 53.180 L 1.000 X  45.97750 -129.99850   1.280 X  -9.000   0.300   0.200  -9.000    -18   -9   -9  304  45 -120   45 43   8 20 D  45 50   7 120 1  95 57
             870 2023  4 27 23 47 18.380 L 1.000 X  45.94667 -130.02750   2.290 X  -9.000   0.300   0.200  -9.000    -18   -9   -9  278  86  139   41 58   8 26 D  41 68   8 100 1 142 56
             871 2023  4 27 23 47 24.920 L 1.000 X  45.94717 -130.02634   1.850 X  -9.000   0.300   0.200  -9.000    -18   -9   -9  255  40 -117   26 24   8  2 B  78 53   7 138 1 113 63
             872 2023  4 27 23 50  8.520 L 1.000 X  45.94717 -130.02850   1.790 X  -9.000   0.300   0.200  -9.000    -18   -9   -9  105  50  -80   21 20   8 23 A  95 49   8 138 1 110 65
             873 2023  4 27 23 51 14.900 L 1.000 X  45.94683 -130.02634   1.690 X  -9.000   0.300   0.200  -9.000    -18   -9   -9  270  40 -108   30 28   8  7 B  75 45   7 146 1 123 68
             874 2023  4 27 23 55 47.200 L 1.000 X  45.94683 -130.02516   1.790 X  -9.000   0.300   0.200  -9.000    -18   -9   -9  273  73 -143   28 26  10 24 B  82 47  10 131 1 115 65
             875 2023  4 28 17  8 55.700 L 1.000 X  45.95550 -129.98599   1.890 X  -9.000   0.300   0.200  -9.000    -18   -9   -9   36  82  -48   21 26  10 27 A  91 63  10 125 1  72 27
             876 2023  4 28 21 33  0.960 L 1.000 X  45.93933 -130.01849   1.090 X  -9.000   0.300   0.200  -9.000    -18   -9   -9  226  43  -93   23 25  18 22 A  81 46  18 133 1  89 40
             877 2023  4 28 22 58 23.140 L 1.000 X  45.96200 -129.99049   2.100 X  -9.000   0.300   0.200  -9.000    -18   -9   -9  127  28  171   43 42   8  5 D  38 60   6 104 1 110 32
             878 2023  4 28 22 59  6.360 L 1.000 X  45.96233 -129.99049   2.040 X  -9.000   0.300   0.200  -9.000    -18   -9   -9  121  58  176   49 48   8 50 D  32 62   6 130 1  86 33
             879 2023  4 28 23  7 50.440 L 1.000 X  45.95467 -129.98633   1.800 X  -9.000   0.300   0.200  -9.000    -18   -9   -9    3  76 -146   34 38  15 25 C  67 56  14 121 1  69 26
             880 2023  4 28 23 48 56.460 L 1.000 X  45.96200 -129.98967   1.850 X  -9.000   0.300   0.200  -9.000    -18   -9   -9  128  71  177   23 23  10 26 A  94 59   9 139 1  77 38
             881 2023  4 29  0 33 21.150 L 1.000 X  45.96600 -129.99583   1.880 X  -9.000   0.300   0.200  -9.000    -18   -9   -9  214  45 -111   36 40  13 38 C  52 55  13 144 1  48 24
             882 2023  4 29  0 33 49.990 L 1.000 X  45.95817 -129.99350   1.730 X  -9.000   0.300   0.200  -9.000    -18   -9   -9  229  86 -106   44 55   8 43 D  36 63   6 103 1  97 37
             883 2023  4 29  0 36 23.970 L 1.000 X  45.96550 -129.99550   1.710 X  -9.000   0.300   0.200  -9.000    -18   -9   -9  105  66  167   44 38   9 18 D  45 55   8 137 1  85 26
             884 2023  4 29  0 57 24.160 L 1.000 X  45.93483 -130.01933   1.370 X  -9.000   0.300   0.200  -9.000    -18   -9   -9  145  76 -147   35 33   8 34 B  62 37   7 144 1 124 39
             885 2023  4 29  1 52 39.760 L 1.000 X  45.96416 -129.99133   1.000 X  -9.000   0.300   0.200  -9.000    -18   -9   -9  136  58 -126   38 41   8 24 D  47 41   5 150 1 131 58
             886 2023  4 29  8 59 23.340 L 1.000 X  45.95917 -129.99266   1.550 X  -9.000   0.300   0.200  -9.000    -18   -9   -9  333  61 -153   45 44   8 20 D  47 52   6 123 1 102 41
             887 2023  4 29 13 43 56.560 L 1.000 X  45.94000 -130.01900   0.820 X  -9.000   0.300   0.200  -9.000    -18   -9   -9  212  84 -145   26 23  15 17 A  85 53  14 120 1  89 54
             888 2023  4 29 21 30 41.700 L 1.000 X  45.95700 -130.02850   1.480 X  -9.000   0.300   0.200  -9.000    -18   -9   -9  335  88  166   28 33   8 21 B  78 49   7 125 1 112 46
             889 2023  4 29 21 30 47.600 L 1.000 X  45.95517 -130.02783   1.590 X  -9.000   0.300   0.200  -9.000    -18   -9   -9  173  86 -174   41 31  11 12 C  58 50   8 103 1  67 41
             890 2023  4 29 21 32  4.480 L 1.000 X  45.95683 -130.02766   0.790 X  -9.000   0.300   0.200  -9.000    -18   -9   -9  159  87  178   38 42   9 15 C  55 44   7 131 1 121 69
             891 2023  4 29 21 32 24.040 L 1.000 X  45.95450 -130.02766   1.610 X  -9.000   0.300   0.200  -9.000    -18   -9   -9  176  61  -94   37 35   9  0 C  55 53   7 105 1  65 39
             892 2023  4 29 21 37 49.880 L 1.000 X  45.95383 -130.02766   1.730 X  -9.000   0.300   0.200  -9.000    -18   -9   -9  264  41 -159   43 41  10 10 D  39 50   7 118 1  87 36
             893 2023  4 30 22  6 10.600 L 1.000 X  45.92550 -129.98016   1.320 X  -9.000   0.300   0.200  -9.000    -18   -9   -9  336  52  -95   32 30   8 24 B  69 44   7 184 1  90 42
             894 2023  4 30 22 58  7.060 L 1.000 X  45.93633 -130.01933   1.390 X  -9.000   0.300   0.200  -9.000    -18   -9   -9   73  44  -88   33 43  15 24 C  58 39  15 148 1  70 37
             895 2023  5  1 21 50  2.900 L 1.000 X  45.93583 -130.01833   1.210 X  -9.000   0.300   0.200  -9.000    -18   -9   -9   55  82 -163   27 30  11 18 B  76 36  10 170 1  77 41
             896 2023  5  2  1 16 45.660 L 1.000 X  45.93717 -130.01633   1.010 X  -9.000   0.300   0.200  -9.000    -18   -9   -9  212  89  146   35 45   9 12 D  50 37   6 152 1 116 42
             897 2023  5  2 12 41 38.170 L 1.000 X  45.92550 -129.98900   1.290 X  -9.000   0.300   0.200  -9.000    -18   -9   -9  265  62 -169   34 42  13 26 C  62 51  11 137 1  56 40
             898 2023  5  2 18 13 48.080 L 1.000 X  45.93550 -130.01849   1.290 X  -9.000   0.300   0.200  -9.000    -18   -9   -9  359  42  -97   39 45  10 26 D  49 32   7 167 1 103 41
             899 2023  5  2 22 57  5.080 L 1.000 X  45.93967 -130.02000   1.150 X  -9.000   0.300   0.200  -9.000    -18   -9   -9  271  46  -94   16 15  14 29 A  99 47  13 144 1  85 42
             900 2023  5  3  1 35  4.730 L 1.000 X  45.93583 -130.01767   1.220 X  -9.000   0.300   0.200  -9.000    -18   -9   -9  190  41 -103   46 49   8 49 D  42 36   6 151 1 112 42
             901 2023  5  3  2  7 18.720 L 1.000 X  45.93933 -130.01801   0.910 X  -9.000   0.300   0.200  -9.000    -18   -9   -9  110  33 -140   39 43   9 31 C  53 46   6 107 1  91 46
             902 2023  5  3 13 15 27.070 L 1.000 X  45.92300 -129.98900   0.950 X  -9.000   0.300   0.200  -9.000    -18   -9   -9  288  85  170   27 28   8 12 B  79 45   5 135 1 160 55
             903 2023  5  3 13 23 56.620 L 1.000 X  45.93833 -130.01917   1.290 X  -9.000   0.300   0.200  -9.000    -18   -9   -9  237  50  -98   19 18  18 30 A  93 43  18 150 1  44 32
             904 2023  5  3 19 46 24.840 L 1.000 X  45.93717 -129.97517   1.470 X  -9.000   0.300   0.200  -9.000    -18   -9   -9  174  54 -110   38 37   8 21 D  47 58   5 124 1  84 36
             905 2023  5  4  3 39 53.180 L 1.000 X  45.97650 -129.99750   1.200 X  -9.000   0.300   0.200  -9.000    -18   -9   -9  288  64 -148   35 39   9  1 C  55 36   7 184 1 107 62
             906 2023  5  4  4 54 23.820 L 1.000 X  45.93817 -130.01849   1.060 X  -9.000   0.300   0.200  -9.000    -18   -9   -9  225  47 -114   31 37   9  5 B  68 40   9 139 1  86 36
             907 2023  5  7 15 30 59.370 L 1.000 X  45.96750 -129.99800   1.490 X  -9.000   0.300   0.200  -9.000    -18   -9   -9  123  65 -152   27 30  10 32 B  82 39   8 162 1 149 31
             908 2023  5  8 20 55 43.080 L 1.000 X  45.94083 -129.98750   1.430 X  -9.000   0.300   0.200  -9.000    -18   -9   -9  262  15 -111   58 54   9 34 D  21 54   6 147 1  95 37
             909 2023  5  8 20 57 31.520 L 1.000 X  45.94017 -129.98700   1.530 X  -9.000   0.300   0.200  -9.000    -18   -9   -9   91  76 -173   19 19  13 25 A  96 49  13 160 1  81 32
             910 2023  5  8 23 49 43.140 L 1.000 X  46.00350 -130.02901   1.440 X  -9.000   0.300   0.200  -9.000    -18   -9   -9  357  79  170   38 36  10 24 C  67 46   8 159 1  87 56
             911 2023  5  9 10 23 23.170 L 1.000 X  45.92450 -129.98033   1.370 X  -9.000   0.300   0.200  -9.000    -18   -9   -9  248  55 -139   42 43   8 12 D  43 59   7 123 1 107 41
             912 2023  5  9 14 59 52.040 L 1.000 X  45.95833 -129.98650   2.110 X  -9.000   0.300   0.200  -9.000    -18   -9   -9   38  80  -95   35 32  10 30 B  69 64   8 117 1  88 32
             913 2023  5  9 21 35  9.340 L 1.000 X  46.00134 -130.02817   1.580 X  -9.000   0.300   0.200  -9.000    -18   -9   -9  347  67  152   40 37   9 36 C  58 47   7 140 1  79 60
             914 2023  5 10  0 16 29.330 L 1.000 X  45.96367 -129.99234   1.630 X  -9.000   0.300   0.200  -9.000    -18   -9   -9  139  79  157   46 45   8 33 D  39 55   6 131 1  81 35
             915 2023  5 10  5 19 58.540 L 1.000 X  45.93783 -130.02017   1.050 X  -9.000   0.300   0.200  -9.000    -18   -9   -9  225  78 -142   26 33   9 11 B  70 40   7 151 1 111 39
             916 2023  5 11 22 15  5.580 L 1.000 X  45.92450 -129.99184   1.410 X  -9.000   0.300   0.200  -9.000    -18   -9   -9  223  27 -141   29 36  15 16 B  68 53  13 144 1  54 45
             917 2023  5 11 22 16 20.160 L 1.000 X  45.92567 -129.99083   1.250 X  -9.000   0.300   0.200  -9.000    -18   -9   -9   92  52 -103   44 33  14 10 D  43 50  11 150 1  54 46
             918 2023  5 12  5 30 22.470 L 1.000 X  46.00333 -130.02750   1.870 X  -9.000   0.300   0.200  -9.000    -18   -9   -9  359  68  160   21 23  10 17 A  92 59   8 121 1 113 49
             919 2023  5 12 12  5 30.360 L 1.000 X  45.92650 -129.98416   1.210 X  -9.000   0.300   0.200  -9.000    -18   -9   -9  199  47 -159   39 37  14 13 C  54 50  13 147 1  68 27
             920 2023  5 12 14  1 57.050 L 1.000 X  45.93433 -130.01866   1.550 X  -9.000   0.300   0.200  -9.000    -18   -9   -9  313  40 -132   43 35   8 20 C  50 38   5 146 1 149 38
             921 2023  5 12 20 26 14.160 L 1.000 X  45.93650 -130.01917   1.280 X  -9.000   0.300   0.200  -9.000    -18   -9   -9  128  75 -169   46 37  10 25 D  49 39   6 135 1 104 38
             922 2023  5 12 20 42 51.440 L 1.000 X  45.92733 -129.98599   0.930 X  -9.000   0.300   0.200  -9.000    -18   -9   -9  359  88 -162   31 31   8 15 B  72 53   5 139 1 112 65
             923 2023  5 12 22 12  4.400 L 1.000 X  45.92633 -129.98399   1.220 X  -9.000   0.300   0.200  -9.000    -18   -9   -9  342  71 -150   48 53  10 54 D  42 45   8 190 1  66 28
             924 2023  5 13  0 21 48.890 L 1.000 X  45.93700 -130.01767   1.140 X  -9.000   0.300   0.200  -9.000    -18   -9   -9   69  65 -127   34 43   8 22 C  57 42   5 141 1 102 39
             925 2023  5 13  0 22 11.160 L 1.000 X  45.93533 -130.01933   1.490 X  -9.000   0.300   0.200  -9.000    -18   -9   -9   20  38  -92   23 26  13  9 A  85 38   9 144 1  70 37
             926 2023  5 13 20 50 27.480 L 1.000 X  45.94117 -130.01717   0.860 X  -9.000   0.300   0.200  -9.000    -18   -9   -9  119  72  170   29 37  12 35 B  70 52  10 105 1  98 56
             927 2023  5 14  9 15 43.830 L 1.000 X  45.93783 -130.01849   1.210 X  -9.000   0.300   0.200  -9.000    -18   -9   -9  153  55 -133   25 32  10 13 B  73 39   7 154 1  72 35
             928 2023  5 14 16  8 59.050 L 1.000 X  45.98667 -130.03751   0.660 X  -9.000   0.300   0.200  -9.000    -18   -9   -9  234  87 -175   30 27  12 11 B  78 55  11 126 1 200 56
             929 2023  5 14 16 11  7.260 L 1.000 X  45.98683 -130.03917   1.000 X  -9.000   0.300   0.200  -9.000    -18   -9   -9  205  66 -134   38 41   8 16 D  50 41   7 155 1 126 46
             930 2023  5 14 21 33 54.940 L 1.000 X  45.92067 -129.98450   1.510 X  -9.000   0.300   0.200  -9.000    -18   -9   -9  257  67  166   33 28  12 13 B  80 57   9 112 1  85 31
             931 2023  5 15  9 16  7.830 L 1.000 X  45.98883 -129.99800   1.870 X  -9.000   0.300   0.200  -9.000    -18   -9   -9  263  44  -87   27 32  10 24 B  72 56   8 146 1 108 29
             932 2023  5 15 16 51  7.570 L 1.000 X  46.00033 -130.03017   1.230 X  -9.000   0.300   0.200  -9.000    -18   -9   -9  254  81  152   44 38   8 41 D  49 43   6 139 1  80 67
             933 2023  5 15 16 55 35.680 L 1.000 X  46.00150 -130.02950   1.390 X  -9.000   0.300   0.200  -9.000    -18   -9   -9  257  51 -106   41 36   9 28 D  48 43   8 149 1 117 64
             934 2023  5 16 12 13  7.760 L 1.000 X  45.96650 -129.99783   1.340 X  -9.000   0.300   0.200  -9.000    -18   -9   -9  360  46  132   52 54   8  9 D  45 32   7 187 1  95 48
             935 2023  5 16 14 47 46.020 L 1.000 X  45.93633 -130.01950   1.210 X  -9.000   0.300   0.200  -9.000    -18   -9   -9  128  64 -153   39 43   9  2 D  45 35   6 148 1 119 39
             936 2023  5 17 12 40 36.190 L 1.000 X  45.94833 -129.98567   1.500 X  -9.000   0.300   0.200  -9.000    -18   -9   -9  349  81 -177   16 20  16  9 A  99 47  16 160 1  59 29
             937 2023  5 17 12 48 13.650 L 1.000 X  45.94683 -129.98734   1.360 X  -9.000   0.300   0.200  -9.000    -18   -9   -9  176  49 -111   25 22  14 10 A  90 49  13 156 1  62 31
             938 2023  5 17 12 53 21.100 L 1.000 X  45.94917 -129.98450   1.570 X  -9.000   0.300   0.200  -9.000    -18   -9   -9  140  46 -132   39 38  10 39 C  65 48   9 149 1 108 48
             939 2023  5 17 13  6 23.570 L 1.000 X  45.96150 -129.98933   0.760 X  -9.000   0.300   0.200  -9.000    -18   -9   -9  128  89 -170   40 40   8 33 D  50 34   6 154 1  92 70
             940 2023  5 17 23 48 41.020 L 1.000 X  45.92700 -129.98750   1.340 X  -9.000   0.300   0.200  -9.000    -18   -9   -9  225  41 -118   32 31  14  9 B  69 44  13 173 1  63 35
             941 2023  5 18 13 22 55.810 L 1.000 X  45.96517 -129.99417   1.340 X  -9.000   0.300   0.200  -9.000    -18   -9   -9  117  84  173   47 41  10 26 D  45 45   9 154 1  65 37
             942 2023  5 18 13 35 43.760 L 1.000 X  45.96684 -129.99466   1.770 X  -9.000   0.300   0.200  -9.000    -18   -9   -9  354  74 -140   39 36  11 27 C  54 52   9 143 1  67 29
             943 2023  5 18 13 45 24.660 L 1.000 X  45.96717 -129.99634   1.930 X  -9.000   0.300   0.200  -9.000    -18   -9   -9  181  86  148   33 33  13 28 C  58 59  13 119 1  96 25
             944 2023  5 18 13 45 45.820 L 1.000 X  45.96684 -129.99600   1.870 X  -9.000   0.300   0.200  -9.000    -18   -9   -9   47  60 -169   18 18  15 13 A  97 55  15 126 1  96 25
             945 2023  5 18 13 47  0.990 L 1.000 X  45.96833 -129.99667   1.720 X  -9.000   0.300   0.200  -9.000    -18   -9   -9  161  56 -140   32 40   8 17 C  60 54   7 134 1 104 28
             946 2023  5 18 13 50 51.170 L 1.000 X  45.96617 -129.99451   1.730 X  -9.000   0.300   0.200  -9.000    -18   -9   -9  352  77 -140   35 37  12 19 C  54 50  11 140 1  89 29
             947 2023  5 18 13 51  0.850 L 1.000 X  45.96717 -129.99500   1.910 X  -9.000   0.300   0.200  -9.000    -18   -9   -9   61  14  136   31 33  12 15 B  75 62  12 107 1  57 26
             948 2023  5 18 13 51 33.500 L 1.000 X  45.96750 -129.99567   1.760 X  -9.000   0.300   0.200  -9.000    -18   -9   -9   15  65 -126   39 34  11 34 C  61 58   8 126 1  56 28
             949 2023  5 18 13 57 49.770 L 1.000 X  45.96817 -129.99667   1.830 X  -9.000   0.300   0.200  -9.000    -18   -9   -9  159  74  114   43 38   9 18 D  47 54   7 140 1  80 26
             950 2023  5 18 14  0  2.040 L 1.000 X  45.96583 -129.99384   1.790 X  -9.000   0.300   0.200  -9.000    -18   -9   -9   53  34 -163   35 36  17 18 C  68 53  17 129 1  48 29
             951 2023  5 18 14  0 23.000 L 1.000 X  45.96883 -129.99567   1.980 X  -9.000   0.300   0.200  -9.000    -18   -9   -9  248  45  -75   36 33  14 32 C  53 60  14 121 1 100 27
             952 2023  5 18 14  0 30.720 L 1.000 X  45.96667 -129.99384   1.390 X  -9.000   0.300   0.200  -9.000    -18   -9   -9  127  80  159   36 35   8 29 C  69 52   8 141 1 100 38
             953 2023  5 18 14  0 39.270 L 1.000 X  45.96583 -129.99249   1.420 X  -9.000   0.300   0.200  -9.000    -18   -9   -9  137  82  142   43 36   8 12 C  64 50   7 137 1  74 40
             954 2023  5 18 14  1  7.220 L 1.000 X  45.96833 -129.99283   1.630 X  -9.000   0.300   0.200  -9.000    -18   -9   -9  132  84  158   31 41   9 15 C  55 54   8 121 1  73 38
             955 2023  5 18 14  1 42.540 L 1.000 X  45.96684 -129.99367   1.730 X  -9.000   0.300   0.200  -9.000    -18   -9   -9  129  85  147   44 46   8 44 D  56 61   7 116 1  86 32
             956 2023  5 18 14  6  8.060 L 1.000 X  45.96867 -129.99617   2.020 X  -9.000   0.300   0.200  -9.000    -18   -9   -9  196  56 -143   34 36  14 28 C  66 60  14 118 1  97 25
             957 2023  5 18 14 15 33.220 L 1.000 X  45.96917 -129.99500   1.790 X  -9.000   0.300   0.200  -9.000    -18   -9   -9   49  45 -106   13 17  15 18 A  97 54  15 144 1  98 32
             958 2023  5 18 14 21 22.140 L 1.000 X  45.96667 -129.99583   1.740 X  -9.000   0.300   0.200  -9.000    -18   -9   -9   26  68 -165   37 28  12 14 B  62 54  11 146 1  58 26
             959 2023  5 18 14 29 35.090 L 1.000 X  45.96717 -129.99550   1.770 X  -9.000   0.300   0.200  -9.000    -18   -9   -9    9  60 -133   49 56  11 37 D  41 57   9 136 1  57 27
             960 2023  5 18 14 29 48.420 L 1.000 X  45.96883 -129.99617   1.730 X  -9.000   0.300   0.200  -9.000    -18   -9   -9  350  75 -140   28 20  11 26 A  86 58   9 130 1  60 30
             961 2023  5 18 14 32 43.710 L 1.000 X  45.96717 -129.99384   1.700 X  -9.000   0.300   0.200  -9.000    -18   -9   -9  354  68 -140   49 53  10 29 D  41 55   8 149 1  66 32
             962 2023  5 18 14 44 15.160 L 1.000 X  45.96883 -129.99600   1.690 X  -9.000   0.300   0.200  -9.000    -18   -9   -9  350  74 -146   33 39  10 28 C  51 56   8 140 1  60 31
             963 2023  5 18 14 45 41.530 L 1.000 X  45.97083 -129.99617   1.750 X  -9.000   0.300   0.200  -9.000    -18   -9   -9  227  42  -87   24 22  15 30 A  87 55  15 126 1  67 34
             964 2023  5 18 14 57 35.640 L 1.000 X  45.96783 -129.99417   1.400 X  -9.000   0.300   0.200  -9.000    -18   -9   -9  118  82  173   45 46   8 19 D  52 47   8 150 1  78 39
             965 2023  5 18 14 57 41.090 L 1.000 X  45.96933 -129.99533   1.860 X  -9.000   0.300   0.200  -9.000    -18   -9   -9  350  88  -96   40 47   9 36 C  56 58   9 112 1  82 30
             966 2023  5 18 16 42  0.900 L 1.000 X  45.96917 -129.99683   1.920 X  -9.000   0.300   0.200  -9.000    -18   -9   -9    0  63 -137   30 29  15 42 B  77 55  15 139 1  98 26
             967 2023  5 18 18 13 37.400 L 1.000 X  45.93250 -129.98167   1.220 X  -9.000   0.300   0.200  -9.000    -18   -9   -9  187  34  -67   42 27   8 25 B  63 53   8 162 1  89 24
             968 2023  5 18 18 21 38.120 L 1.000 X  45.93267 -129.98199   1.170 X  -9.000   0.300   0.200  -9.000    -18   -9   -9  108  44 -117   44 43   8  0 D  39 54   6 164 1  91 25
             969 2023  5 18 21 31 57.960 L 1.000 X  45.96050 -129.99466   1.190 X  -9.000   0.300   0.200  -9.000    -18   -9   -9   26  43 -107   39 44   9 62 C  59 45   9 149 1  87 43
             970 2023  5 18 21 32 34.400 L 1.000 X  45.96033 -129.99434   1.050 X  -9.000   0.300   0.200  -9.000    -18   -9   -9  339  66 -147   40 43   8 26 C  55 46   7 130 1 104 51
             971 2023  5 19  1  3 46.930 L 1.000 X  45.92650 -129.98633   1.570 X  -9.000   0.300   0.200  -9.000    -18   -9   -9   94  62 -144   48 39   9 14 D  33 52   9 161 1  89 26
             972 2023  5 19  2 38 23.770 L 1.000 X  45.96817 -129.99500   1.490 X  -9.000   0.300   0.200  -9.000    -18   -9   -9  213  66   68   50 55   8 36 D  33 47   6 159 1 150 35
             973 2023  5 19  3 25 36.260 L 1.000 X  45.96833 -129.99583   1.750 X  -9.000   0.300   0.200  -9.000    -18   -9   -9  343  72 -143   46 55   8 16 D  34 61   6 110 1  93 29
             974 2023  5 19  3 49 41.240 L 1.000 X  45.96533 -129.99583   1.320 X  -9.000   0.300   0.200  -9.000    -18   -9   -9    5  60 -126   37 49  10 24 C  63 39   8 183 1  92 32
             975 2023  5 19 11 14  2.120 L 1.000 X  45.92433 -129.98500   1.330 X  -9.000   0.300   0.200  -9.000    -18   -9   -9  240  85  163   44 34   8 11 C  50 53   7 134 1 117 29
             976 2023  5 19 13 30 55.080 L 1.000 X  45.93717 -129.98650   1.300 X  -9.000   0.300   0.200  -9.000    -18   -9   -9   69  51   86   54 45  10 35 D  38 45  10 185 1  70 30
             977 2023  5 19 14 40 50.440 L 1.000 X  45.99617 -129.99667   0.820 X  -9.000   0.300   0.200  -9.000    -18   -9   -9  212  87  173   32 31   8 37 B  74 48   8 140 1 152 65
             978 2023  5 19 14 55 29.200 L 1.000 X  45.96517 -129.99150   1.050 X  -9.000   0.300   0.200  -9.000    -18   -9   -9  127  66 -154   36 33   8 26 C  54 38   6 154 1 130 56
             979 2023  5 19 15  9 39.710 L 1.000 X  45.99117 -130.00633   2.340 X  -9.000   0.300   0.200  -9.000    -18   -9   -9  348  89  117   49 49   8 25 D  38 61   8 108 1  95 28
             980 2023  5 19 15  9 59.950 L 1.000 X  45.99100 -130.00534   2.290 X  -9.000   0.300   0.200  -9.000    -18   -9   -9  109  44  150   46 55  10 33 D  25 66   9 100 1  77 27
             981 2023  5 19 15 12 31.880 L 1.000 X  45.99100 -130.00600   1.970 X  -9.000   0.300   0.200  -9.000    -18   -9   -9   46  87  147   50 51  12 23 D  32 59  11 108 1  77 32
             982 2023  5 19 15 13  3.510 L 1.000 X  45.99100 -130.00600   2.010 X  -9.000   0.300   0.200  -9.000    -18   -9   -9  126  73  147   37 40   9 20 C  53 64   9 102 1  77 32
             983 2023  5 19 15 13 15.120 L 1.000 X  45.99150 -130.00650   1.970 X  -9.000   0.300   0.200  -9.000    -18   -9   -9  216  74  108   41 33  13 10 C  65 56  13 137 1  73 33
             984 2023  5 19 15 13 27.060 L 1.000 X  45.99133 -130.00616   2.170 X  -9.000   0.300   0.200  -9.000    -18   -9   -9  111  50  133   34 30  12 32 B  66 64  11 102 1  79 30
             985 2023  5 19 15 16 15.150 L 1.000 X  45.97200 -129.99617   1.520 X  -9.000   0.300   0.200  -9.000    -18   -9   -9   48  49  -76   22 29  15 45 B  84 44  15 150 1  72 42
             986 2023  5 19 15 16 37.400 L 1.000 X  45.99233 -130.00751   1.410 X  -9.000   0.300   0.200  -9.000    -18   -9   -9  298  79 -167   30 31  14 28 B  73 49  13 132 1  89 47
             987 2023  5 19 15 17 18.070 L 1.000 X  45.99383 -130.00900   0.420 X  -9.000   0.300   0.200  -9.000    -18   -9   -9   64  84  -95   59 64   9 49 D  35 72   8  83 1  88 49
             988 2023  5 19 15 21 43.540 L 1.000 X  45.99183 -130.00633   1.840 X  -9.000   0.300   0.200  -9.000    -18   -9   -9  294  50  141   45 40  10 10 D  36 61   9 105 1  82 35
             989 2023  5 19 15 28 14.760 L 1.000 X  45.99133 -130.00616   1.970 X  -9.000   0.300   0.200  -9.000    -18   -9   -9   53  81  164   32 38   9 35 C  61 61   8 113 1  79 32
             990 2023  5 19 15 29 15.800 L 1.000 X  45.99117 -130.00650   1.900 X  -9.000   0.300   0.200  -9.000    -18   -9   -9   66  61 -173   40 46  11 40 D  48 62  10  98 1  77 34
             991 2023  5 19 15 34  8.430 L 1.000 X  45.92750 -130.00233   1.450 X  -9.000   0.300   0.200  -9.000    -18   -9   -9   77  20   58   37 35   9 11 C  63 58   8 114 1  81 31
             992 2023  5 19 15 38  8.280 L 1.000 X  45.97050 -129.99466   1.730 X  -9.000   0.300   0.200  -9.000    -18   -9   -9  110  80  162   31 29  13 34 B  76 54  12 117 1  68 36
             993 2023  5 19 15 40  5.020 L 1.000 X  45.99150 -130.00650   1.870 X  -9.000   0.300   0.200  -9.000    -18   -9   -9  149  85 -167   27 38   9 30 B  67 63   9 102 1  79 35
             994 2023  5 19 15 44 18.330 L 1.000 X  45.96883 -129.99950   0.210 X  -9.000   0.300   0.200  -9.000    -18   -9   -9   94  55   94   46 47   8 33 D  49 67   6 118 1  70 39
             995 2023  5 19 15 45 38.060 L 1.000 X  45.97117 -129.99533   1.740 X  -9.000   0.300   0.200  -9.000    -18   -9   -9   24  53 -132   38 39  12 44 D  47 55  11 105 1  70 37
             996 2023  5 19 15 46 17.270 L 1.000 X  45.97083 -129.99550   1.730 X  -9.000   0.300   0.200  -9.000    -18   -9   -9  177  87  116   51 49  13 41 D  35 53  11 132 1  68 36
             997 2023  5 19 15 57 27.770 L 1.000 X  45.96950 -129.99400   1.840 X  -9.000   0.300   0.200  -9.000    -18   -9   -9  287  84  172   24 25  14 31 A  88 55  11 127 1  64 33
             998 2023  5 19 16  1 20.380 L 1.000 X  45.97050 -129.99533   1.780 X  -9.000   0.300   0.200  -9.000    -18   -9   -9   92  82  169   29 25  14 28 B  80 55  13 120 1  65 34
             999 2023  5 19 16  1 32.360 L 1.000 X  45.96900 -129.99234   1.760 X  -9.000   0.300   0.200  -9.000    -18   -9   -9  263  85  155   39 35  12 26 C  67 53  10 131 1  62 37
            1000 2023  5 19 16  1 54.220 L 1.000 X  45.96933 -129.99350   1.870 X  -9.000   0.300   0.200  -9.000    -18   -9   -9   10  70  -95   40 35  11 24 C  57 57  10 128 1  63 33
            1001 2023  5 19 16  4  1.350 L 1.000 X  45.97117 -129.99699   0.880 X  -9.000   0.300   0.200  -9.000    -18   -9   -9  183  49 -122   25 23   9 15 A  91 40   8 138 1 102 61
            1002 2023  5 19 16  4  7.260 L 1.000 X  46.00200 -129.98933   0.680 X  -9.000   0.300   0.200  -9.000    -18   -9   -9   86  72 -110   34 36   9 12 B  62 78   8 115 1 152 59
            1003 2023  5 19 16  4 31.960 L 1.000 X  45.97100 -129.99583   1.750 X  -9.000   0.300   0.200  -9.000    -18   -9   -9  345  79 -134   53 42  15 54 D  36 53  14 132 1  69 35
            1004 2023  5 19 16  4 49.960 L 1.000 X  45.97066 -129.99550   1.700 X  -9.000   0.300   0.200  -9.000    -18   -9   -9  214  28  -62   32 38  14 33 C  64 53  14 122 1  68 36
            1005 2023  5 19 16  8 12.970 L 1.000 X  45.95583 -129.98317   1.840 X  -9.000   0.300   0.200  -9.000    -18   -9   -9   58  83  -98   42 46   8 26 D  49 70   6 101 1  95 29
            1006 2023  5 19 16  9 31.670 L 1.000 X  45.97850 -130.00000   1.250 X  -9.000   0.300   0.200  -9.000    -18   -9   -9   35  80 -166   36 35   9 17 C  61 47   7 140 1  87 65
            1007 2023  5 19 16 12 51.860 L 1.000 X  45.97117 -129.99651   1.630 X  -9.000   0.300   0.200  -9.000    -18   -9   -9   67  16  178   49 44   9 23 D  43 57   8 131 1  91 37
            1008 2023  5 19 16 13  2.160 L 1.000 X  45.97150 -129.99567   1.730 X  -9.000   0.300   0.200  -9.000    -18   -9   -9   92  86  171   22 24  16 37 A  87 52  16 133 1  71 37
            1009 2023  5 19 16 14 35.070 L 1.000 X  45.97000 -129.99516   1.890 X  -9.000   0.300   0.200  -9.000    -18   -9   -9  357  79 -121   39 39  11 27 D  50 62   8 128 1  65 32
            1010 2023  5 19 16 17 18.290 L 1.000 X  45.97083 -129.99583   1.800 X  -9.000   0.300   0.200  -9.000    -18   -9   -9   88   4  178   51 53   8 42 D  27 56   7 134 1 120 34
            1011 2023  5 19 16 28 57.220 L 1.000 X  45.97183 -129.99617   1.730 X  -9.000   0.300   0.200  -9.000    -18   -9   -9  342  84 -141   42 39  12 44 D  37 55  10 121 1  72 37
            1012 2023  5 19 16 42  0.660 L 1.000 X  45.97250 -129.99667   1.640 X  -9.000   0.300   0.200  -9.000    -18   -9   -9  321  86 -119   47 52   8 26 D  41 61   6 112 1 106 40
            1013 2023  5 19 17 21 38.360 L 1.000 X  46.00200 -130.02850   1.440 X  -9.000   0.300   0.200  -9.000    -18   -9   -9  263  45  -97   46 43   8  7 D  48 41   7 149 1 107 66
            1014 2023  5 19 18 32 36.480 L 1.000 X  45.97083 -129.99567   1.700 X  -9.000   0.300   0.200  -9.000    -18   -9   -9  108  84  158   45 45   9 15 D  42 59   6 118 1  88 36
            1015 2023  5 19 18 34 18.120 L 1.000 X  45.97100 -129.99600   1.750 X  -9.000   0.300   0.200  -9.000    -18   -9   -9   37  52 -113   32 42   9 26 D  48 58   8 114 1  68 35
            1016 2023  5 20  2 11 51.860 L 1.000 X  46.00134 -130.02750   1.560 X  -9.000   0.300   0.200  -9.000    -18   -9   -9  228  47 -123   33 34  16 22 B  69 49  16 132 1  68 59
            1017 2023  5 20  2 12 19.010 L 1.000 X  45.99967 -130.02800   1.390 X  -9.000   0.300   0.200  -9.000    -18   -9   -9  351  71 -176   24 36  16 24 B  63 51  14 151 1  82 68
            1018 2023  5 20 15 33 10.820 L 1.000 X  45.93717 -130.02034   1.420 X  -9.000   0.300   0.200  -9.000    -18   -9   -9  105  74 -155   29 27  15 23 B  81 41  15 140 1  66 33
            1019 2023  5 20 18 51  9.920 L 1.000 X  45.92484 -130.00200   0.820 X  -9.000   0.300   0.200  -9.000    -18   -9   -9    1  66  180   27 30   9 15 B  88 56   9 130 1 121 64
            1020 2023  5 20 19 51  2.400 L 1.000 X  45.93733 -130.01883   1.260 X  -9.000   0.300   0.200  -9.000    -18   -9   -9  114  55 -140   32 29   9 48 B  82 40   8 146 1 106 36
            1021 2023  5 20 22 33 25.920 L 1.000 X  45.98967 -130.00150   1.880 X  -9.000   0.300   0.200  -9.000    -18   -9   -9  117  85  139   40 43   8 24 D  36 57   8 124 1  86 29
            1022 2023  5 20 22 57  1.280 L 1.000 X  45.99767 -130.02716   1.180 X  -9.000   0.300   0.200  -9.000    -18   -9   -9  188  73  168   37 36   9 28 C  67 43   8 169 1  94 53
            1023 2023  5 21  5 46  2.550 L 1.000 X  45.94000 -130.02049   1.280 X  -9.000   0.300   0.200  -9.000    -18   -9   -9  147  69 -154   43 38  12 38 D  44 35  10 162 1  84 40
            1024 2023  5 21 13 43 28.780 L 1.000 X  45.96684 -129.99699   1.770 X  -9.000   0.300   0.200  -9.000    -18   -9   -9  238  58  127   46 53  10 19 D  43 55   8 144 1  64 27
            1025 2023  5 21 13 49 26.690 L 1.000 X  45.96583 -129.99516   1.590 X  -9.000   0.300   0.200  -9.000    -18   -9   -9  123  74  161   34 35   9 24 B  76 55   7 144 1  85 29
            1026 2023  5 21 14 50 47.380 L 1.000 X  45.96600 -129.99316   0.990 X  -9.000   0.300   0.200  -9.000    -18   -9   -9    3  69 -135   44 42   8 26 D  43 43   4 134 1  73 54
            1027 2023  5 21 14 50 49.810 L 1.000 X  45.96900 -129.99651   1.780 X  -9.000   0.300   0.200  -9.000    -18   -9   -9  109  78  171   49 50   9 24 D  47 54   6 143 1 128 29
            1028 2023  5 21 17  9 46.040 L 1.000 X  45.97350 -129.99651   0.310 X  -9.000   0.300   0.200  -9.000    -18   -9   -9   45  85 -151   32 32  10 26 B  79 70   8 104 1  78 44
            1029 2023  5 22  0 18  0.150 L 1.000 X  45.99866 -130.02733   1.430 X  -9.000   0.300   0.200  -9.000    -18   -9   -9  183  83 -178   35 36   9 14 C  50 43   8 166 1 108 54
            1030 2023  5 22  3 30 55.360 L 1.000 X  46.00000 -130.02383   1.540 X  -9.000   0.300   0.200  -9.000    -18   -9   -9  331  62  141   54 57   8 47 D  16 37   8 186 1  74 46
            1031 2023  5 22  5  5 40.450 L 1.000 X  45.94000 -130.01950   1.030 X  -9.000   0.300   0.200  -9.000    -18   -9   -9  225  54 -120   25 25  12 10 A  86 43   9 151 1  87 48
            1032 2023  5 22 11 17 30.830 L 1.000 X  45.93550 -130.02034   1.320 X  -9.000   0.300   0.200  -9.000    -18   -9   -9   46  40  -87   18 20  12  3 A  97 38   9 130 1  79 38
            1033 2023  5 22 15  4 12.500 L 1.000 X  45.93533 -130.01849   1.360 X  -9.000   0.300   0.200  -9.000    -18   -9   -9  287  67  170   37 36  10 11 C  62 33   8 168 1 105 40
            1034 2023  5 22 15 31  7.300 L 1.000 X  45.92500 -129.99017   1.200 X  -9.000   0.300   0.200  -9.000    -18   -9   -9  272  63 -174   38 37   8 36 C  68 50   7 131 1  62 46
            1035 2023  5 22 17  2 59.360 L 1.000 X  45.93616 -130.01933   1.550 X  -9.000   0.300   0.200  -9.000    -18   -9   -9   57  66 -122   42 48   8 27 D  40 45   6 111 1 174 35
            1036 2023  5 22 18 27 21.880 L 1.000 X  45.97533 -129.99634   1.800 X  -9.000   0.300   0.200  -9.000    -18   -9   -9  327  82 -121   41 36   8 31 C  68 55   8 120 1 106 44
            1037 2023  5 22 18 33 34.720 L 1.000 X  45.97533 -129.99783   0.930 X  -9.000   0.300   0.200  -9.000    -18   -9   -9  272  59 -154   39 38   8 22 C  62 45   7 149 1  91 72
            1038 2023  5 22 18 38  7.920 L 1.000 X  45.97500 -129.99550   1.580 X  -9.000   0.300   0.200  -9.000    -18   -9   -9  301  82 -135   41 33   8 24 C  62 46   7 162 1  95 50
            1039 2023  5 22 18 48 11.320 L 1.000 X  45.97583 -129.99783   1.550 X  -9.000   0.300   0.200  -9.000    -18   -9   -9   76  84  178   48 57   9 18 D  45 55   9 125 1  99 51
            1040 2023  5 22 23 12 14.680 L 1.000 X  45.97317 -129.99683   1.750 X  -9.000   0.300   0.200  -9.000    -18   -9   -9  191  56  -98   37 32  10 38 B  71 58   8 119 1 103 40
            1041 2023  5 22 23 14 29.560 L 1.000 X  45.97283 -129.99083   2.200 X  -9.000   0.300   0.200  -9.000    -18   -9   -9   82  55  166   36 32   8 30 B  62 67   8 101 1 171 38
            1042 2023  5 22 23 16 32.200 L 1.000 X  45.97033 -129.99300   1.450 X  -9.000   0.300   0.200  -9.000    -18   -9   -9   76  63  154   38 37   8 32 C  56 48   5 148 1 157 45
            1043 2023  5 22 23 23 22.520 L 1.000 X  45.97200 -129.99333   1.570 X  -9.000   0.300   0.200  -9.000    -18   -9   -9   70  69 -157   40 47  10 18 D  32 52   6 150 1 110 45
            1044 2023  5 22 23 29 41.400 L 1.000 X  45.97233 -129.99516   1.640 X  -9.000   0.300   0.200  -9.000    -18   -9   -9  142  11  -96   49 38  10 28 D  42 59   7 121 1 106 42
            1045 2023  5 22 23 31 20.700 L 1.000 X  45.97350 -129.99800   1.970 X  -9.000   0.300   0.200  -9.000    -18   -9   -9  256  84  -79   43 47   8 17 D  47 70   7  99 1 100 35
            1046 2023  5 22 23 31 29.400 L 1.000 X  45.97267 -129.99516   1.700 X  -9.000   0.300   0.200  -9.000    -18   -9   -9   52  68 -160   39 51  10 17 D  47 57   8 141 1 106 41
            1047 2023  5 22 23 37 24.360 L 1.000 X  45.93600 -130.02066   1.360 X  -9.000   0.300   0.200  -9.000    -18   -9   -9   43  83 -161   23 25  10 20 A  92 33   6 172 1  82 36
            1048 2023  5 22 23 44 33.020 L 1.000 X  45.97217 -129.99500   1.740 X  -9.000   0.300   0.200  -9.000    -18   -9   -9   56  77  172   29 27   9 27 B  80 64   8 118 1 106 39
            1049 2023  5 22 23 46  4.760 L 1.000 X  45.97217 -129.99950   1.740 X  -9.000   0.300   0.200  -9.000    -18   -9   -9  145  71  179   49 60   8 23 D  56 66   6 117 1  96 34
            1050 2023  5 23  0  3 33.410 L 1.000 X  45.97317 -129.99767   1.810 X  -9.000   0.300   0.200  -9.000    -18   -9   -9  329  81 -120   40 37   8 26 C  56 59   4  95 1 160 37
            1051 2023  5 23  0  7 21.310 L 1.000 X  45.97317 -129.99083   1.790 X  -9.000   0.300   0.200  -9.000    -18   -9   -9   48  74  160   37 52   8 19 C  60 60   6 134 1 173 46
            1052 2023  5 23  0  7 33.530 L 1.000 X  45.97233 -129.99434   1.810 X  -9.000   0.300   0.200  -9.000    -18   -9   -9   53  50 -157   25 17  13  5 A  96 57  13 131 1 108 39
            1053 2023  5 23  0 42 52.480 L 1.000 X  45.94316 -130.01984   0.870 X  -9.000   0.300   0.200  -9.000    -18   -9   -9  146  29 -105   37 38  10 26 C  56 52  10 106 1  92 65
            1054 2023  5 23  0 45  6.250 L 1.000 X  45.97233 -129.99451   1.760 X  -9.000   0.300   0.200  -9.000    -18   -9   -9  356  71 -144   28 29  11 21 B  64 50   7 134 1 163 40
            1055 2023  5 23  3 23 37.080 L 1.000 X  45.94033 -130.02000   1.300 X  -9.000   0.300   0.200  -9.000    -18   -9   -9  211  42 -107   28 23  16 30 B  85 43  16 154 1  43 40
            1056 2023  5 23  3 24 35.870 L 1.000 X  45.93967 -130.02367   1.490 X  -9.000   0.300   0.200  -9.000    -18   -9   -9  254  38 -113   29 34  16 30 B  79 41  15 134 1  63 40
            1057 2023  5 23  4 41 10.920 L 1.000 X  45.93717 -130.02000   1.320 X  -9.000   0.300   0.200  -9.000    -18   -9   -9  307  59 -177   41 41   8 38 C  52 35   5 160 1 114 34
            1058 2023  5 23 10  3 10.320 L 1.000 X  45.93616 -130.01900   1.450 X  -9.000   0.300   0.200  -9.000    -18   -9   -9  195  61 -149   44 31  11  2 D  50 40   9 148 1  70 36
            1059 2023  5 23 15 50 57.260 L 1.000 X  45.96983 -129.99567   1.570 X  -9.000   0.300   0.200  -9.000    -18   -9   -9  171  61 -135   34 41   9 38 C  68 49   6 169 1 114 36
            1060 2023  5 23 15 52 11.780 L 1.000 X  45.97017 -129.99567   1.650 X  -9.000   0.300   0.200  -9.000    -18   -9   -9    1  34 -110   38 47  12 27 C  71 47  10 161 1  86 35
            1061 2023  5 23 16 37 53.180 L 1.000 X  45.97033 -129.99550   1.740 X  -9.000   0.300   0.200  -9.000    -18   -9   -9  352  81 -100   38 37  11 38 C  62 56   9 123 1 117 34
            1062 2023  5 23 16 43 28.960 L 1.000 X  45.97033 -129.99583   1.680 X  -9.000   0.300   0.200  -9.000    -18   -9   -9   44  78  177   44 40  10 23 D  41 59   7 154 1  66 35
            1063 2023  5 23 16 43 51.280 L 1.000 X  45.97066 -129.99567   1.700 X  -9.000   0.300   0.200  -9.000    -18   -9   -9    7  78 -119   37 34  12 31 C  51 55   8 145 1  68 36
            1064 2023  5 23 16 51 59.780 L 1.000 X  45.96483 -129.99567   1.340 X  -9.000   0.300   0.200  -9.000    -18   -9   -9  352  69 -135   43 51  10 29 D  43 41   7 157 1  87 32
            1065 2023  5 23 18 27 21.120 L 1.000 X  45.93550 -130.02017   1.050 X  -9.000   0.300   0.200  -9.000    -18   -9   -9  308  76 -150   47 55   8 22 D  27 40   4 101 1  86 37
            1066 2023  5 23 20 50 48.740 L 1.000 X  45.93533 -130.01917   1.180 X  -9.000   0.300   0.200  -9.000    -18   -9   -9  305  69  143   46 33  12 44 C  56 40   9 138 1  68 42
            1067 2023  5 23 21 24 41.920 L 1.000 X  45.96667 -129.99634   1.550 X  -9.000   0.300   0.200  -9.000    -18   -9   -9  118  80  175   30 30  10 20 B  82 45   8 161 1 142 28
            1068 2023  5 23 21 54 27.360 L 1.000 X  45.92067 -129.98616   1.450 X  -9.000   0.300   0.200  -9.000    -18   -9   -9  249  68  161   43 35   8 33 C  60 63   7  90 1  79 36
            1069 2023  5 23 22 10 58.120 L 1.000 X  45.93650 -130.01933   1.210 X  -9.000   0.300   0.200  -9.000    -18   -9   -9   56  43  -81   21 22  11  2 A  94 39   7 144 1  69 38
            1070 2023  5 23 22 11 12.440 L 1.000 X  45.93583 -130.02049   1.240 X  -9.000   0.300   0.200  -9.000    -18   -9   -9    6  40 -112   42 37   8 13 C  54 39   6 141 1 103 38
            1071 2023  5 23 23 15 18.680 L 1.000 X  45.93467 -130.01750   1.360 X  -9.000   0.300   0.200  -9.000    -18   -9   -9  311  62 -155   44 42   8 28 D  39 32   6 145 1 203 43
            1072 2023  5 23 23 40 57.840 L 1.000 X  45.91950 -129.98883   0.890 X  -9.000   0.300   0.200  -9.000    -18   -9   -9   72  82  178   34 38   9 19 C  61 45   8 138 1 119 65
            1073 2023  5 23 23 45  4.680 L 1.000 X  45.91967 -129.99100   0.970 X  -9.000   0.300   0.200  -9.000    -18   -9   -9  301  45  -92   51 51   8 17 D  41 50   7 152 1 122 66
            1074 2023  5 23 23 54 34.320 L 1.000 X  45.92050 -129.98900   1.140 X  -9.000   0.300   0.200  -9.000    -18   -9   -9   65  74 -139   47 43   9 28 D  39 54   7 127 1  80 52
            1075 2023  5 23 23 56 45.020 L 1.000 X  45.92017 -129.98933   1.180 X  -9.000   0.300   0.200  -9.000    -18   -9   -9  257  86  162   41 41   9 28 D  49 57   7 109 1  80 51
            1076 2023  5 24  0 55 35.210 L 1.000 X  45.97017 -129.99634   1.530 X  -9.000   0.300   0.200  -9.000    -18   -9   -9  217  44  -98   25 21  12 26 A  92 46  10 167 1  65 37
            1077 2023  5 24  7 54 19.900 L 1.000 X  45.97167 -129.99667   1.580 X  -9.000   0.300   0.200  -9.000    -18   -9   -9  355  80 -115   38 38  10  4 C  52 58   8 114 1  70 39
            1078 2023  5 24 10 54 54.350 L 1.000 X  45.93683 -130.01950   1.360 X  -9.000   0.300   0.200  -9.000    -18   -9   -9  258  49  -93   21 18  12  6 A  99 39  11 166 1 103 35
            1079 2023  5 24 13 15 32.640 L 1.000 X  45.92683 -129.98700   1.500 X  -9.000   0.300   0.200  -9.000    -18   -9   -9  268  56 -169   30 32   9 22 B  75 55   9 159 1 108 30
            1080 2023  5 24 14 10  3.040 L 1.000 X  45.96967 -129.99667   1.670 X  -9.000   0.300   0.200  -9.000    -18   -9   -9    9  82 -106   48 52  11 25 D  31 56   9 142 1  63 32
            1081 2023  5 24 15 33  0.050 L 1.000 X  45.93550 -130.01767   1.280 X  -9.000   0.300   0.200  -9.000    -18   -9   -9   33  84  158   32 36   8 21 B  63 34   5 163 1 210 42
            1082 2023  5 24 15 35 46.510 L 1.000 X  45.93717 -130.02100   1.370 X  -9.000   0.300   0.200  -9.000    -18   -9   -9   78  45  -90   15 16  17 16 A  99 39  17 149 1  44 33
            1083 2023  5 24 19  2  4.800 L 1.000 X  45.96333 -129.99200   2.040 X  -9.000   0.300   0.200  -9.000    -18   -9   -9  118  10  167   30 34  11 24 B  78 61  10 134 1  72 29
            1084 2023  5 24 19  6 42.280 L 1.000 X  45.96333 -129.99234   2.110 X  -9.000   0.300   0.200  -9.000    -18   -9   -9  346  88 -102   38 40   8 20 D  45 52   6 139 1 119 28
            1085 2023  5 24 19  8 45.400 L 1.000 X  45.96333 -129.99133   1.720 X  -9.000   0.300   0.200  -9.000    -18   -9   -9  125  69 -180   34 33   9  2 B  75 49   7 177 1 117 36
            1086 2023  5 24 19  9  9.100 L 1.000 X  45.96200 -129.99001   0.920 X  -9.000   0.300   0.200  -9.000    -18   -9   -9  135  47 -140   38 37  10 23 D  50 41   8 176 1  90 66
            1087 2023  5 24 19 10 18.040 L 1.000 X  45.96233 -129.98984   0.690 X  -9.000   0.300   0.200  -9.000    -18   -9   -9  299  87 -179   46 45   8 35 D  36 25   6 225 1 110 72
            1088 2023  5 24 19 10 29.840 L 1.000 X  45.96317 -129.99249   2.220 X  -9.000   0.300   0.200  -9.000    -18   -9   -9  103  10 -173   54 65   8 46 D  25 61   8 124 1  86 41
            1089 2023  5 24 19 18 16.360 L 1.000 X  45.96267 -129.99200   1.700 X  -9.000   0.300   0.200  -9.000    -18   -9   -9  230  61  134   53 55   8 15 D  37 48   7 147 1  84 35
            1090 2023  5 24 19 56 12.120 L 1.000 X  45.96950 -129.99800   1.770 X  -9.000   0.300   0.200  -9.000    -18   -9   -9   10  50  -93   28 35  11 50 B  62 56   8 130 1  70 27
            1091 2023  5 24 19 56 31.280 L 1.000 X  45.96533 -129.99400   1.260 X  -9.000   0.300   0.200  -9.000    -18   -9   -9  233  45  -99   31 28  12 51 B  75 41  12 176 1  72 40
            1092 2023  5 24 19 56 56.600 L 1.000 X  45.96533 -129.99400   1.150 X  -9.000   0.300   0.200  -9.000    -18   -9   -9  141  57  -94   46 46   9 11 D  45 37   6 168 1  84 43
            1093 2023  5 24 19 57 21.840 L 1.000 X  45.97150 -129.99933   1.750 X  -9.000   0.300   0.200  -9.000    -18   -9   -9  120  84  176   28 29  11 42 B  78 54   9 133 1  75 32
            1094 2023  5 24 19 57 26.320 L 1.000 X  45.96433 -129.99184   1.770 X  -9.000   0.300   0.200  -9.000    -18   -9   -9  355  55 -131   48 35  10 39 D  46 51  10 158 1  69 34
            1095 2023  5 24 19 58 36.760 L 1.000 X  45.96700 -129.99583   1.590 X  -9.000   0.300   0.200  -9.000    -18   -9   -9  207  50  -77   33 22  10 51 B  79 45   7 169 1 144 29
            1096 2023  5 24 20 57 51.240 L 1.000 X  45.99817 -130.03166   1.410 X  -9.000   0.300   0.200  -9.000    -18   -9   -9  110  37  -84   32 34  10  0 B  62 44   9 130 1  71 45
            1097 2023  5 24 21 55 45.240 L 1.000 X  45.98117 -129.99950   1.880 X  -9.000   0.300   0.200  -9.000    -18   -9   -9  241  73  -94   44 42  11 13 D  45 58   9  98 1  99 37
            1098 2023  5 24 21 57  0.460 L 1.000 X  45.98117 -129.99966   1.970 X  -9.000   0.300   0.200  -9.000    -18   -9   -9  351  90 -173   38 46   8 30 D  35 63   6  70 1 102 35
            1099 2023  5 24 22  0 15.000 L 1.000 X  45.98017 -129.99983   1.850 X  -9.000   0.300   0.200  -9.000    -18   -9   -9  164  82 -172   47 58   8  9 D  24 59   6  91 1  95 37
            1100 2023  5 24 22 42 37.840 L 1.000 X  45.98133 -129.99966   2.070 X  -9.000   0.300   0.200  -9.000    -18   -9   -9   54  61  180   36 24  13 22 C  50 62  13  92 1  92 33
            1101 2023  5 24 22 42 51.240 L 1.000 X  45.98083 -129.99933   2.080 X  -9.000   0.300   0.200  -9.000    -18   -9   -9  145  82  168   28 32  11 30 B  65 64  11  82 1  92 34
            1102 2023  5 24 22 43 56.200 L 1.000 X  45.97967 -129.99800   1.530 X  -9.000   0.300   0.200  -9.000    -18   -9   -9   99  80  133   53 45   8 23 D  34 55   7 127 1 104 48
            1103 2023  5 24 22 44 50.300 L 1.000 X  45.97933 -129.99867   1.290 X  -9.000   0.300   0.200  -9.000    -18   -9   -9  272  64 -133   35 40  10 23 C  53 50   6 119 1  85 54
            1104 2023  5 25  6 11  8.780 L 1.000 X  46.00183 -130.02850   1.660 X  -9.000   0.300   0.200  -9.000    -18   -9   -9    2  83  167   29 28  10 32 B  75 47   9 151 1 117 57
            1105 2023  5 25  6 53 35.170 L 1.000 X  45.98117 -130.00034   1.870 X  -9.000   0.300   0.200  -9.000    -18   -9   -9  312  79 -115   35 44   8 25 D  48 58   8 113 1 103 35
            1106 2023  5 25 23 37 41.320 L 1.000 X  45.93367 -130.01849   1.400 X  -9.000   0.300   0.200  -9.000    -18   -9   -9   37  76 -159   33 44   9 21 C  83 28   7 165 1 150 41
            1107 2023  5 26  8 44 54.240 L 1.000 X  45.93583 -130.01933   1.340 X  -9.000   0.300   0.200  -9.000    -18   -9   -9  280  45  -83   30 31  16  7 B  67 36  16 154 1  71 38
            1108 2023  5 26 17 19 34.720 L 1.000 X  45.93683 -130.01849   1.100 X  -9.000   0.300   0.200  -9.000    -18   -9   -9  229  89 -176   24 38  13 36 C  59 41  12 144 1  83 40
            1109 2023  5 27  5 27 43.120 L 1.000 X  45.94050 -130.01933   1.490 X  -9.000   0.300   0.200  -9.000    -18   -9   -9  272  45  -87   36 33   9 32 B  62 42   9 146 1 133 77
            1110 2023  5 27  7 14 52.750 L 1.000 X  45.93616 -130.01917   1.300 X  -9.000   0.300   0.200  -9.000    -18   -9   -9   47  69 -151   30 26  15 18 B  79 40  14 143 1  50 38
            1111 2023  5 27 10 41 37.420 L 1.000 X  45.94033 -130.01784   0.790 X  -9.000   0.300   0.200  -9.000    -18   -9   -9   14  42 -124   40 28  13 23 B  66 48  13 138 1  94 55
            1112 2023  5 27 11 57  9.530 L 1.000 X  45.97783 -129.99817   0.780 X  -9.000   0.300   0.200  -9.000    -18   -9   -9  169  84  145   34 44   8 19 C  63 44   7 129 1  96 68
            1113 2023  5 27 20 53 43.940 L 1.000 X  45.93917 -130.01849   0.950 X  -9.000   0.300   0.200  -9.000    -18   -9   -9  325  65 -144   42 50  13 27 D  50 48  11 126 1  89 45
            1114 2023  5 27 21 15 20.480 L 1.000 X  45.93750 -130.01866   1.050 X  -9.000   0.300   0.200  -9.000    -18   -9   -9   63  40  -83   15 19  14 36 A  98 44  11 155 1  84 37
            1115 2023  5 28  3 27 39.450 L 1.000 X  45.93683 -130.02083   1.310 X  -9.000   0.300   0.200  -9.000    -18   -9   -9  133  63 -155   28 36   8 33 B  75 38   5 146 1  83 34
            1116 2023  5 28  6 19 18.750 L 1.000 X  45.92150 -129.98717   1.680 X  -9.000   0.300   0.200  -9.000    -18   -9   -9  202  18  154   52 43   8 16 D  28 73   7  95 1  85 31
            1117 2023  5 28  6 34 21.960 L 1.000 X  45.92033 -129.98933   1.180 X  -9.000   0.300   0.200  -9.000    -18   -9   -9  161  83  168   16 17  13 20 A  99 52  11 139 1  74 51
            1118 2023  5 28  6 38 25.050 L 1.000 X  45.92033 -129.98801   1.430 X  -9.000   0.300   0.200  -9.000    -18   -9   -9  353  82 -164   20 23  15 11 A  97 56  13 116 1  77 41
            1119 2023  5 28  9 29 34.690 L 1.000 X  45.93683 -130.01967   1.040 X  -9.000   0.300   0.200  -9.000    -18   -9   -9  170  48  -94   31 29  14 25 B  69 40  14 149 1  80 35
            1120 2023  5 28 15 22 55.730 L 1.000 X  45.93500 -130.01967   1.130 X  -9.000   0.300   0.200  -9.000    -18   -9   -9   29  86  132   49 57  11 34 D  37 39  11 132 1 109 43
            1121 2023  5 28 15 26 20.980 L 1.000 X  45.93616 -130.01984   1.130 X  -9.000   0.300   0.200  -9.000    -18   -9   -9   40  90 -164   30 33   8 24 B  71 36   7 130 1 113 40
            1122 2023  5 28 20 27 26.560 L 1.000 X  45.94283 -130.01950   0.950 X  -9.000   0.300   0.200  -9.000    -18   -9   -9  180  33 -134   25 26  15 27 B  83 47  15 127 1  91 63
            1123 2023  5 28 21  2  0.080 L 1.000 X  45.96750 -129.99567   1.330 X  -9.000   0.300   0.200  -9.000    -18   -9   -9  118  85  164   45 43   8 10 C  59 40   6 161 1  87 36
            1124 2023  5 29 19 23 35.700 L 1.000 X  45.92650 -129.98517   1.180 X  -9.000   0.300   0.200  -9.000    -18   -9   -9  250  41 -109   35 42  10 21 C  53 49   9 146 1  93 30
            1125 2023  5 29 19 26 17.040 L 1.000 X  45.92617 -129.98367   1.280 X  -9.000   0.300   0.200  -9.000    -18   -9   -9  292  38  -93   38 43  12 39 D  40 45  11 153 1  63 29
            1126 2023  5 30 10 35 46.790 L 1.000 X  45.96500 -129.99600   1.580 X  -9.000   0.300   0.200  -9.000    -18   -9   -9  109  49 -122   45 50  15 24 D  37 48  14 141 1  45 26
            1127 2023  5 31 17 18  2.580 L 1.000 X  45.93616 -130.01866   1.250 X  -9.000   0.300   0.200  -9.000    -18   -9   -9   43  84 -150   35 21  13 21 B  80 37  11 163 1  70 39
            1128 2023  6  1  1 45 49.050 L 1.000 X  46.00267 -130.02699   1.880 X  -9.000   0.300   0.200  -9.000    -18   -9   -9    3  66  158   44 47   8 30 D  36 58   7 100 1 184 52
            1129 2023  6  1 11 36 46.620 L 1.000 X  45.92733 -129.98816   1.450 X  -9.000   0.300   0.200  -9.000    -18   -9   -9  231  61 -147   44 49  14 34 D  31 51  13 131 1  63 34
            1130 2023  6  1 11 52 24.130 L 1.000 X  45.95783 -129.98801   1.550 X  -9.000   0.300   0.200  -9.000    -18   -9   -9  360  58 -167   29 25   8  0 B  82 63   7 118 1  94 43
            1131 2023  6  1 12 14 31.160 L 1.000 X  45.90533 -130.01666   0.500 X  -9.000   0.300   0.200  -9.000    -18   -9   -9   53  24 -164   37 36  10 26 C  57 83   8 107 1 287 50
            1132 2023  6  1 12 38 35.200 L 1.000 X  45.92916 -130.00816   1.260 X  -9.000   0.300   0.200  -9.000    -18   -9   -9  151  40  134   38 32   9 16 C  55 50   7 157 1  85 34
            1133 2023  6  1 14 14 30.570 L 1.000 X  45.93650 -130.01700   1.320 X  -9.000   0.300   0.200  -9.000    -18   -9   -9  253  57  126   54 54  13 30 D  22 40  11 153 1  69 38
            1134 2023  6  1 14 24 37.100 L 1.000 X  45.95433 -129.98466   1.900 X  -9.000   0.300   0.200  -9.000    -18   -9   -9  280  64 -132   55 63  11 20 D  35 60   9 127 1  84 30
            1135 2023  6  1 14 32  0.800 L 1.000 X  45.95367 -129.98584   1.950 X  -9.000   0.300   0.200  -9.000    -18   -9   -9   52  80  -79   38 45   8 45 D  46 67   6 103 1 109 28
            1136 2023  6  1 22 32 13.320 L 1.000 X  45.96433 -129.99483   1.720 X  -9.000   0.300   0.200  -9.000    -18   -9   -9  142  90  153   41 42   8 55 D  50 36   7 172 1 147 27
            1137 2023  6  2 12 40 19.160 L 1.000 X  45.98367 -129.99966   1.980 X  -9.000   0.300   0.200  -9.000    -18   -9   -9  106  35 -165   33 36  10 36 D  47 62   9 113 1 121 34
            1138 2023  6  2 13  9 30.900 L 1.000 X  45.98567 -129.99950   2.280 X  -9.000   0.300   0.200  -9.000    -18   -9   -9   87  50  161   30 35   8 17 B  67 71   7 110 1  94 26
            1139 2023  6  2 13 30 27.130 L 1.000 X  45.98333 -129.99850   1.800 X  -9.000   0.300   0.200  -9.000    -18   -9   -9  137  74  155   50 43   8 22 D  42 57   6 151 1 101 38
            1140 2023  6  2 13 46 19.040 L 1.000 X  45.92117 -129.98050   1.580 X  -9.000   0.300   0.200  -9.000    -18   -9   -9  223  53  151   38 36   9 17 C  52 66   8 101 1 134 33
            1141 2023  6  2 14 32 11.490 L 1.000 X  45.92667 -129.99950   0.990 X  -9.000   0.300   0.200  -9.000    -18   -9   -9  275  88 -133   46 47   8 13 D  42 50   6 100 1  81 47
            1142 2023  6  2 14 39 36.190 L 1.000 X  45.98433 -129.99983   1.770 X  -9.000   0.300   0.200  -9.000    -18   -9   -9   96  51  170   37 39   9 41 C  51 61   8 115 1  93 37
            1143 2023  6  2 15 20 13.910 L 1.000 X  45.93967 -129.98816   0.910 X  -9.000   0.300   0.200  -9.000    -18   -9   -9  353  79  159   43 48   8 28 D  49 59   4 100 1 146 54
            1144 2023  6  2 15 27  8.440 L 1.000 X  45.93767 -129.98784   1.290 X  -9.000   0.300   0.200  -9.000    -18   -9   -9   77  58 -152   35 34  12 15 B  78 42  10 175 1  76 36
            1145 2023  6  2 15 28 11.820 L 1.000 X  45.93933 -129.98750   1.010 X  -9.000   0.300   0.200  -9.000    -18   -9   -9  322  75 -170   43 48   9 26 D  44 58   6 123 1 105 48
            1146 2023  6  2 17 22 50.120 L 1.000 X  45.95683 -129.98717   1.930 X  -9.000   0.300   0.200  -9.000    -18   -9   -9  355  62 -161   34 32   8  8 B  71 69   5 108 1  98 31
            1147 2023  6  2 17 25 15.280 L 1.000 X  45.95667 -129.98734   2.110 X  -9.000   0.300   0.200  -9.000    -18   -9   -9  357  65 -161   44 37   8  0 C  54 71   5  94 1  99 29
            1148 2023  6  2 18 21 30.300 L 1.000 X  45.95717 -129.98616   2.180 X  -9.000   0.300   0.200  -9.000    -18   -9   -9  269  89 -101   48 51   8 28 D  45 72   5  95 1  95 28
            1149 2023  6  2 18 31 49.240 L 1.000 X  45.95617 -129.98784   1.900 X  -9.000   0.300   0.200  -9.000    -18   -9   -9  326  59  179   29 27   9 33 B  87 66   6 123 1 102 31
            1150 2023  6  2 18 40 13.340 L 1.000 X  45.95600 -129.98833   1.860 X  -9.000   0.300   0.200  -9.000    -18   -9   -9  354  76 -160   39 34   8  0 C  59 68   5 107 1 103 32
            1151 2023  6  2 21 26 16.540 L 1.000 X  45.92283 -129.97850   0.990 X  -9.000   0.300   0.200  -9.000    -18   -9   -9  307  78 -180   42 46   8 52 D  38 58   7  99 1  98 51
            1152 2023  6  3  2 11  2.960 L 1.000 X  45.96650 -129.99600   1.360 X  -9.000   0.300   0.200  -9.000    -18   -9   -9   41  49 -109   42 44  13 45 C  52 37  11 206 1  76 62
            1153 2023  6  3 10 33 36.200 L 1.000 X  45.92550 -129.99200   1.120 X  -9.000   0.300   0.200  -9.000    -18   -9   -9  272  67 -176   34 30   9 27 B  75 48   9 141 1  54 54
            1154 2023  6  3 11 23 44.060 L 1.000 X  45.93683 -130.01849   1.170 X  -9.000   0.300   0.200  -9.000    -18   -9   -9  227  75  173   34 44  10 41 C  71 41   8 156 1 103 39
            1155 2023  6  3 15 33  2.330 L 1.000 X  45.93517 -130.01917   1.300 X  -9.000   0.300   0.200  -9.000    -18   -9   -9  303  72  171   31 34   9 14 B  81 33   8 151 1 121 40
            1156 2023  6  3 15 40 34.600 L 1.000 X  45.93967 -130.02083   1.110 X  -9.000   0.300   0.200  -9.000    -18   -9   -9  344  58  157   24 25  12 20 A  89 49  12 140 1  83 46
            1157 2023  6  3 17 37 56.560 L 1.000 X  45.93633 -130.01950   1.300 X  -9.000   0.300   0.200  -9.000    -18   -9   -9  327  52 -127   43 43   8 13 D  40 33   4 130 1 139 37
            1158 2023  6  3 20 49 42.980 L 1.000 X  45.92400 -129.99066   1.230 X  -9.000   0.300   0.200  -9.000    -18   -9   -9  267  72 -179   28 25  12 21 B  82 50   9 148 1  75 47
            1159 2023  6  3 21 52 42.480 L 1.000 X  45.92500 -129.99200   0.860 X  -9.000   0.300   0.200  -9.000    -18   -9   -9  283  49 -130   32 27  13 17 B  76 52  11 154 1  78 63
            1160 2023  6  3 21 53 18.160 L 1.000 X  45.92500 -129.99316   0.850 X  -9.000   0.300   0.200  -9.000    -18   -9   -9  282  51 -128   21 16  13 13 A  97 50  12 175 1  80 63
            1161 2023  6  3 22 11 28.760 L 1.000 X  45.92350 -129.98750   1.650 X  -9.000   0.300   0.200  -9.000    -18   -9   -9   73  71 -125   38 35  10  9 C  56 64   8 110 1 139 29
            1162 2023  6  3 22 12 43.360 L 1.000 X  45.92467 -129.99249   1.030 X  -9.000   0.300   0.200  -9.000    -18   -9   -9  277  52 -135   12 12  14 14 A  99 46  14 173 1  81 60
            1163 2023  6  3 22 15 26.040 L 1.000 X  45.92300 -129.98616   1.660 X  -9.000   0.300   0.200  -9.000    -18   -9   -9  192  31  158   41 36   9 23 C  60 65   7 111 1 148 27
            1164 2023  6  3 22 17  0.600 L 1.000 X  45.92250 -129.99049   1.560 X  -9.000   0.300   0.200  -9.000    -18   -9   -9  252  36 -152   39 36   9  9 C  51 60   7 117 1  86 40
            1165 2023  6  3 22 18 56.200 L 1.000 X  45.92267 -129.98734   1.790 X  -9.000   0.300   0.200  -9.000    -18   -9   -9  229  58  167   40 41   8 10 C  53 72   7  91 1 147 28
            1166 2023  6  3 22 24 51.120 L 1.000 X  45.92200 -129.98784   1.910 X  -9.000   0.300   0.200  -9.000    -18   -9   -9  196  13  174   33 34  11 16 B  69 70   9  92 1 150 28
            1167 2023  6  4  0  4 28.470 L 1.000 X  46.00400 -130.02800   1.560 X  -9.000   0.300   0.200  -9.000    -18   -9   -9  158  79  -92   36 23  11 18 B  79 43  11 194 1  85 69
            1168 2023  6  4  3 49 17.920 L 1.000 X  45.94017 -130.02017   1.220 X  -9.000   0.300   0.200  -9.000    -18   -9   -9   55  52  -87   43 60  16 26 D  28 45  16 149 1  85 42
            1169 2023  6  4  4 36 53.880 L 1.000 X  45.93500 -130.02017   1.410 X  -9.000   0.300   0.200  -9.000    -18   -9   -9   46  43  -92   25 29  13  3 B  77 32  13 167 1 123 37
            1170 2023  6  4  7 35  9.110 L 1.000 X  46.00183 -130.02834   1.610 X  -9.000   0.300   0.200  -9.000    -18   -9   -9  349  74  156   32 31   9 17 B  71 50   7 147 1  81 58
            1171 2023  6  4 13 45 18.600 L 1.000 X  46.00483 -130.02650   1.570 X  -9.000   0.300   0.200  -9.000    -18   -9   -9  163  59  159   18 31   8 21 A  86 51   7 139 1 106 68
            1172 2023  6  4 15 16  9.960 L 1.000 X  45.94833 -129.98500   1.560 X  -9.000   0.300   0.200  -9.000    -18   -9   -9   49  72 -113   39 46   8  5 D  45 58   8 140 1  79 29
            1173 2023  6  4 22  1 50.060 L 1.000 X  45.94117 -130.04350   1.570 X  -9.000   0.300   0.200  -9.000    -18   -9   -9  231  83  180   32 36  10 28 B  69 34  10 173 1 109 38
            1174 2023  6  4 22 21 31.960 L 1.000 X  45.94517 -130.03900   2.090 X  -9.000   0.300   0.200  -9.000    -18   -9   -9  360  25 -112   34 38   8  0 C  56 45   7 108 1 253 56
            1175 2023  6  5  3  5 26.460 L 1.000 X  45.95700 -129.98717   1.330 X  -9.000   0.300   0.200  -9.000    -18   -9   -9    2  64 -162   27 28   9  0 B  80 56   8 163 1  87 45
            1176 2023  6  5  4 24  3.670 L 1.000 X  45.95633 -129.98666   1.850 X  -9.000   0.300   0.200  -9.000    -18   -9   -9  152  43 -124   34 34   8 28 C  52 60   6 119 1  99 31
            1177 2023  6  5  5 28 52.440 L 1.000 X  46.00200 -130.02750   1.490 X  -9.000   0.300   0.200  -9.000    -18   -9   -9  255  48 -108   47 45   8 14 D  45 49   7 115 1 112 60
            1178 2023  6  5  6 46 28.700 L 1.000 X  45.91850 -129.99167   0.940 X  -9.000   0.300   0.200  -9.000    -18   -9   -9  114  50  -84   39 38   8 17 C  58 41   6 162 1 130 71
            1179 2023  6  5  7  6 44.260 L 1.000 X  45.91683 -129.99167   1.500 X  -9.000   0.300   0.200  -9.000    -18   -9   -9  211  27 -178   39 43  10 20 D  49 57   8 112 1  75 53
            1180 2023  6  5 10 13 27.770 L 1.000 X  45.92500 -129.99184   1.060 X  -9.000   0.300   0.200  -9.000    -18   -9   -9  135  79 -156   36 32  12 38 B  63 45  12 147 1  54 57
            1181 2023  6  5 16  7 20.120 L 1.000 X  45.91850 -129.98550   1.620 X  -9.000   0.300   0.200  -9.000    -18   -9   -9  204  41  148   21 34   9 31 B  76 62   8 120 1 149 37
            1182 2023  6  6  6 14 36.180 L 1.000 X  45.93200 -130.01833   0.040 X  -9.000   0.300   0.200  -9.000    -18   -9   -9   40  13   77   43 41   8 17 C  60 66   6  78 1 187 30
            1183 2023  6  6 14 26 42.540 L 1.000 X  46.00050 -130.03050   1.530 X  -9.000   0.300   0.200  -9.000    -18   -9   -9  336  63  141   49 59   8 33 D  33 48   7 116 1 109 58
            1184 2023  6  6 14 38  5.090 L 1.000 X  45.93717 -130.01917   1.080 X  -9.000   0.300   0.200  -9.000    -18   -9   -9  222  65 -128   57 58  14 40 D  41 44  13 141 1  82 36
            1185 2023  6  6 14 40 30.060 L 1.000 X  45.93783 -130.01849   1.010 X  -9.000   0.300   0.200  -9.000    -18   -9   -9   30  35  -95   40 29  12 21 C  59 45   9 133 1  86 36
            1186 2023  6  6 16  9  1.720 L 1.000 X  45.95567 -129.98784   1.970 X  -9.000   0.300   0.200  -9.000    -18   -9   -9  360  81 -162   22 28  16 12 A  86 58  14 138 1  59 29
            1187 2023  6  6 18 56  0.100 L 1.000 X  45.95883 -129.98683   0.850 X  -9.000   0.300   0.200  -9.000    -18   -9   -9  343  83 -175   40 36   9  7 C  51 40   7 163 1 103 69
            1188 2023  6  6 23 53  8.920 L 1.000 X  45.92083 -129.98750   0.660 X  -9.000   0.300   0.200  -9.000    -18   -9   -9  257  62 -148   35 42   9 15 D  50 55   8 112 1 117 64
            1189 2023  6  7  3 15 27.720 L 1.000 X  45.92484 -129.99200   0.950 X  -9.000   0.300   0.200  -9.000    -18   -9   -9   41  62 -138   36 38  10 27 C  66 46   7 151 1 109 63
            1190 2023  6  7  3 16  2.340 L 1.000 X  45.92500 -129.99133   1.200 X  -9.000   0.300   0.200  -9.000    -18   -9   -9  173  79  163   31 30  11 28 B  69 49  10 151 1  72 49
            1191 2023  6  7  3 16 40.660 L 1.000 X  45.92267 -129.99384   0.100 X  -9.000   0.300   0.200  -9.000    -18   -9   -9  273  84  -98   51 51   9 35 D  43 81   8  70 1  69 32
            1192 2023  6  7  4 43 42.280 L 1.000 X  45.92517 -129.98750   1.190 X  -9.000   0.300   0.200  -9.000    -18   -9   -9  350  44  -93   39 40   8 13 D  48 43   8 158 1  94 38
            1193 2023  6  7 16 45 30.830 L 1.000 X  45.90917 -129.95934   0.870 X  -9.000   0.300   0.200  -9.000    -18   -9   -9   34  34 -116   36 40   9  6 C  51 57   7 126 1 289 64
            1194 2023  6  7 17 11 19.760 L 1.000 X  45.92433 -129.98233   1.340 X  -9.000   0.300   0.200  -9.000    -18   -9   -9  269  37  -81   27 34  14 13 B  70 52  13 153 1  78 36
            1195 2023  6  7 19 23 52.440 L 1.000 X  45.97917 -129.99750   0.770 X  -9.000   0.300   0.200  -9.000    -18   -9   -9  133  90 -160   39 45   9 35 D  47 42   9 139 1  90 67
            1196 2023  6  7 19 24 11.440 L 1.000 X  46.00317 -130.02783   1.580 X  -9.000   0.300   0.200  -9.000    -18   -9   -9  139  58 -121   35 29  11  0 B  68 47  11 138 1  84 54
            1197 2023  6  8  0 24 58.420 L 1.000 X  45.96517 -129.98700   2.160 X  -9.000   0.300   0.200  -9.000    -18   -9   -9  133  83  164   40 32   8 37 C  68 57   6 132 1  94 34
            1198 2023  6  8  1 34 52.880 L 1.000 X  45.92400 -129.99167   1.000 X  -9.000   0.300   0.200  -9.000    -18   -9   -9  116  54  -86   46 55  10 27 D  45 40   9 157 1 104 60
            1199 2023  6  8  1 41 56.080 L 1.000 X  45.92400 -129.99167   0.920 X  -9.000   0.300   0.200  -9.000    -18   -9   -9  288  46 -126   40 37  10 21 C  63 46   8 146 1  83 63
            1200 2023  6  8  2 51 14.260 L 1.000 X  45.92383 -129.99184   1.060 X  -9.000   0.300   0.200  -9.000    -18   -9   -9    9  89 -162   35 35  10 26 B  74 45   8 174 1  80 58
            1201 2023  6  8  6 28 32.610 L 1.000 X  45.92500 -129.99150   0.930 X  -9.000   0.300   0.200  -9.000    -18   -9   -9  261  36  -98   53 52  11 49 D  30 45  11 139 1 100 62
            1202 2023  6  8  7 13 10.520 L 1.000 X  45.92300 -129.99133   1.260 X  -9.000   0.300   0.200  -9.000    -18   -9   -9    2  89  179   41 47   8 28 C  59 55   7 117 1  68 49
            1203 2023  6  8  7 45 41.430 L 1.000 X  45.92450 -129.99150   1.040 X  -9.000   0.300   0.200  -9.000    -18   -9   -9  169  80 -171   46 45  11 41 D  43 43   9 157 1  55 58
            1204 2023  6  8  7 56 12.120 L 1.000 X  45.92667 -129.98616   1.500 X  -9.000   0.300   0.200  -9.000    -18   -9   -9  270  36 -122   32 23  11 13 B  73 59  10 113 1  65 27
            1205 2023  6  8 22 51 42.640 L 1.000 X  45.98017 -129.99800   0.550 X  -9.000   0.300   0.200  -9.000    -18   -9   -9  143  88 -166   36 43   8 32 C  67 53   8 134 1  96 58
            1206 2023  6  8 23 48 51.000 L 1.000 X  45.97983 -130.00017   2.020 X  -9.000   0.300   0.200  -9.000    -18   -9   -9   45  53 -163   34 23  14 27 B  71 60  11 107 1  97 34
            1207 2023  6  9  0 11 49.680 L 1.000 X  45.99217 -129.99350   0.270 X  -9.000   0.300   0.200  -9.000    -18   -9   -9   78   8   55   28 28   8  0 B  80 83   8  76 1 250 36
            1208 2023  6  9  3 33  1.070 L 1.000 X  45.98033 -129.99966   1.810 X  -9.000   0.300   0.200  -9.000    -18   -9   -9  285  67  -79   23 28   9 13 B  83 59   8 116 1  99 38
            1209 2023  6  9  4  7 25.290 L 1.000 X  45.98050 -130.00000   2.030 X  -9.000   0.300   0.200  -9.000    -18   -9   -9   28  45 -139   30 24  17 30 B  80 54  17 119 1 107 33
            1210 2023  6  9  4 13  7.170 L 1.000 X  45.98000 -130.00034   1.860 X  -9.000   0.300   0.200  -9.000    -18   -9   -9  144   9 -100   50 50   8 24 D  30 61   7 108 1  95 36
            1211 2023  6  9  4 13 45.110 L 1.000 X  45.98250 -130.00250   2.020 X  -9.000   0.300   0.200  -9.000    -18   -9   -9   58  25  173   40 47   9 25 D  32 63   7 106 1  88 28
            1212 2023  6  9  4 14 11.260 L 1.000 X  45.97817 -129.99916   1.850 X  -9.000   0.300   0.200  -9.000    -18   -9   -9  122  37  167   36 35   8  8 C  58 60   8 118 1 100 40
            1213 2023  6  9  4 14 17.330 L 1.000 X  45.97967 -130.00050   2.090 X  -9.000   0.300   0.200  -9.000    -18   -9   -9  100  28  160   46 52   8 40 D  45 68   7  91 1  92 32
            1214 2023  6  9  4 20 16.150 L 1.000 X  45.98067 -130.00017   1.780 X  -9.000   0.300   0.200  -9.000    -18   -9   -9  220  81 -174   27 21  17 24 A  82 49  17 130 1  97 37
            1215 2023  6  9  4 20 48.230 L 1.000 X  45.98033 -129.99983   1.650 X  -9.000   0.300   0.200  -9.000    -18   -9   -9  193  19  -39   44 35   8 17 C  51 59   7  92 1  98 41
            1216 2023  6  9  4 28 17.580 L 1.000 X  45.98033 -129.99966   1.480 X  -9.000   0.300   0.200  -9.000    -18   -9   -9   50  67 -151   40 29  18 20 C  52 42  18 150 1  78 45
            1217 2023  6  9  4 28 41.010 L 1.000 X  45.98067 -130.00050   1.630 X  -9.000   0.300   0.200  -9.000    -18   -9   -9  212  73 -165   32 33  18 21 C  60 42  18 165 1  53 40
            1218 2023  6  9  4 29  9.710 L 1.000 X  45.98217 -130.00267   1.950 X  -9.000   0.300   0.200  -9.000    -18   -9   -9  359  69 -121   35 34  15 11 B  65 53  14 132 1  88 28
            1219 2023  6  9  4 30 21.680 L 1.000 X  45.98133 -130.00017   1.810 X  -9.000   0.300   0.200  -9.000    -18   -9   -9  329  72  -97   19 20  12 23 A  96 53  11 122 1  97 36
            1220 2023  6  9  4 33 12.540 L 1.000 X  45.97950 -130.00000   2.050 X  -9.000   0.300   0.200  -9.000    -18   -9   -9  113  49  161   42 48   8 54 D  41 64   7 104 1  98 34
            1221 2023  6  9  4 39 23.550 L 1.000 X  45.98017 -130.00050   2.120 X  -9.000   0.300   0.200  -9.000    -18   -9   -9   66  10 -158   49 48   8 18 D  32 67   7 107 1  96 31
            1222 2023  6  9  4 45 51.680 L 1.000 X  45.98000 -130.00034   1.850 X  -9.000   0.300   0.200  -9.000    -18   -9   -9   76  12 -159   47 57   8 32 D  27 63   6  96 1  95 36
            1223 2023  6  9  5 34 35.050 L 1.000 X  45.98133 -130.00101   1.920 X  -9.000   0.300   0.200  -9.000    -18   -9   -9  305  68  -74   32 30  13  3 B  65 55  12 123 1  94 33
            1224 2023  6  9 20 36 43.800 L 1.000 X  45.98050 -129.99884   1.840 X  -9.000   0.300   0.200  -9.000    -18   -9   -9  301  80 -127   42 41   8  9 D  50 49   5 135 1 197 39
            1225 2023  6  9 20 37 28.460 L 1.000 X  45.98233 -130.00166   2.190 X  -9.000   0.300   0.200  -9.000    -18   -9   -9   99  49  162   42 45   8 30 D  44 63   7 128 1 116 27
            1226 2023  6  9 21 35 52.240 L 1.000 X  45.99717 -130.02817   1.050 X  -9.000   0.300   0.200  -9.000    -18   -9   -9  268  44  -84   52 52   8 37 D  39 44   8 156 1 143 49
            1227 2023  6  9 21 41 33.100 L 1.000 X  45.99650 -130.02817   0.970 X  -9.000   0.300   0.200  -9.000    -18   -9   -9  276  46  -92   40 43  10 28 C  71 53   8 108 1 101 42
            1228 2023  6 10  0  6 52.650 L 1.000 X  45.99783 -130.02916   1.110 X  -9.000   0.300   0.200  -9.000    -18   -9   -9  199  44  -65   43 35  10 16 C  61 46   9 162 1 100 47
            1229 2023  6 10  7  9  6.700 L 1.000 X  45.92650 -129.98784   1.330 X  -9.000   0.300   0.200  -9.000    -18   -9   -9  280  42 -114   21 25  10 14 A  88 50   9 152 1  67 36
            1230 2023  6 11  1 16 24.010 L 1.000 X  45.92250 -129.98666   1.400 X  -9.000   0.300   0.200  -9.000    -18   -9   -9  248  42 -130   43 37   9 19 D  46 63   7 106 1  68 34
            1231 2023  6 11  5 44  7.880 L 1.000 X  45.96283 -129.99434   1.440 X  -9.000   0.300   0.200  -9.000    -18   -9   -9  140  82  160   27 33   9 43 B  79 47   8 143 1 136 34
            1232 2023  6 11  9 49 54.440 L 1.000 X  45.99833 -130.02716   1.470 X  -9.000   0.300   0.200  -9.000    -18   -9   -9  352  47  114   35 41   8 19 C  54 45   7 130 1  90 52
            1233 2023  6 12 23  6 39.380 L 1.000 X  45.94050 -129.98849   0.830 X  -9.000   0.300   0.200  -9.000    -18   -9   -9   90  77 -161   27 25  10 15 B  88 56   9 143 1 144 60
            1234 2023  6 12 23  7  8.640 L 1.000 X  45.93917 -129.98700   1.510 X  -9.000   0.300   0.200  -9.000    -18   -9   -9   94  82 -172   22 16  13  9 A  95 51  13 152 1  78 31
            1235 2023  6 12 23  7 22.600 L 1.000 X  45.93867 -129.98683   1.470 X  -9.000   0.300   0.200  -9.000    -18   -9   -9  272  85  168   20 15  12 16 A  98 45  12 171 1  78 41
            1236 2023  6 12 23 13 51.440 L 1.000 X  45.93950 -129.98750   1.350 X  -9.000   0.300   0.200  -9.000    -18   -9   -9  267  44  171   41 36  11 30 C  57 44  10 155 1  81 36
            1237 2023  6 12 23 18 18.440 L 1.000 X  45.93900 -129.98734   1.470 X  -9.000   0.300   0.200  -9.000    -18   -9   -9   95  81 -175   29 22  13 22 B  83 48  12 165 1  64 32
            1238 2023  6 12 23 18 29.000 L 1.000 X  45.93817 -129.98784   1.290 X  -9.000   0.300   0.200  -9.000    -18   -9   -9  105  72 -178   43 45   8 42 D  45 43   7 155 1  82 36
            1239 2023  6 12 23 18 42.440 L 1.000 X  45.93884 -129.98683   1.620 X  -9.000   0.300   0.200  -9.000    -18   -9   -9  249  48  179   50 49  10 32 D  55 49   8 166 1  84 28
            1240 2023  6 12 23 34  2.120 L 1.000 X  45.94050 -129.98917   0.280 X  -9.000   0.300   0.200  -9.000    -18   -9   -9   90  87 -164   35 36   8  8 C  61 63   4 128 1 104 44
            1241 2023  6 12 23 43 41.540 L 1.000 X  45.93884 -129.98717   1.470 X  -9.000   0.300   0.200  -9.000    -18   -9   -9   95  69 -167   29 23   9 26 B  84 50   7 144 1  90 31
            1242 2023  6 13  2 19 17.270 L 1.000 X  45.94150 -130.01917   1.040 X  -9.000   0.300   0.200  -9.000    -18   -9   -9  229  47  -92   31 32  16 35 B  68 45  16 131 1 115 53
            1243 2023  6 13 20 38 17.960 L 1.000 X  46.01467 -130.02834   1.690 X  -9.000   0.300   0.200  -9.000    -18   -9   -9   70  51  155   24 31   9 16 B  76 50   9 110 1 106 51
            1244 2023  6 13 23 47 29.760 L 1.000 X  45.92500 -129.99167   0.890 X  -9.000   0.300   0.200  -9.000    -18   -9   -9   90  45  -99   29 29  12  0 B  77 46  11 153 1  79 64
            1245 2023  6 14 14 58  7.530 L 1.000 X  45.90917 -129.98183   1.770 X  -9.000   0.300   0.200  -9.000    -18   -9   -9  325  79 -137   28 29   8 19 B  75 52   5 110 1 102 28
            1246 2023  6 14 23  7 10.040 L 1.000 X  45.92667 -129.98717   1.230 X  -9.000   0.300   0.200  -9.000    -18   -9   -9  265  67 -179   39 39   8 18 D  47 49   7 161 1 119 36
            1247 2023  6 15  2 49 54.140 L 1.000 X  46.00267 -130.02901   1.520 X  -9.000   0.300   0.200  -9.000    -18   -9   -9  343  66  157   34 34   9 16 B  65 47   8 153 1  84 57
            1248 2023  6 15 13 31 32.690 L 1.000 X  45.96567 -129.99533   1.380 X  -9.000   0.300   0.200  -9.000    -18   -9   -9  178  73 -138   55 67   8 43 D  28 47   8 145 1  91 33
            1249 2023  6 15 15 55 24.450 L 1.000 X  45.94017 -130.01801   1.140 X  -9.000   0.300   0.200  -9.000    -18   -9   -9  279  51  -80   39 43  10 32 C  65 47  10 139 1 113 72
            1250 2023  6 16  4  9 34.100 L 1.000 X  45.95583 -129.98450   1.980 X  -9.000   0.300   0.200  -9.000    -18   -9   -9   32  81 -119   50 47   8 38 D  40 65   6 102 1 110 25
            1251 2023  6 16 14  9  3.880 L 1.000 X  45.97050 -129.99417   2.230 X  -9.000   0.300   0.200  -9.000    -18   -9   -9  215  70   84   50 48   9 33 D  47 69   7 112 1  95 29
            1252 2023  6 17  1 25  1.840 L 1.000 X  45.96684 -130.03366   0.500 X  -9.000   0.300   0.200  -9.000    -18   -9   -9  244  80 -180   47 50   8 12 D  36 80   7  69 1 236 50
            1253 2023  6 17 14 38 12.520 L 1.000 X  45.92700 -129.98734   1.540 X  -9.000   0.300   0.200  -9.000    -18   -9   -9  309  79  154   42 40  13 14 D  38 53  11 132 1  64 30
            1254 2023  6 18  4 57 10.830 L 1.000 X  45.92200 -129.98734   0.800 X  -9.000   0.300   0.200  -9.000    -18   -9   -9  267  36 -117   39 47   8 10 C  52 48   6 168 1 114 57
            1255 2023  6 18 16 24 26.240 L 1.000 X  45.97567 -129.99667   1.630 X  -9.000   0.300   0.200  -9.000    -18   -9   -9  149  83 -174   47 36   8 34 C  55 49   8 159 1  89 49
            1256 2023  6 18 16 48 30.130 L 1.000 X  45.97633 -129.99651   0.740 X  -9.000   0.300   0.200  -9.000    -18   -9   -9  171  51  -95   38 49   8 18 D  36 32   8 176 1 134 66
            1257 2023  6 18 16 49 41.530 L 1.000 X  45.97500 -129.99583   1.700 X  -9.000   0.300   0.200  -9.000    -18   -9   -9  317  72 -177   45 46   8 40 D  44 55   7  99 1  94 46
            1258 2023  6 18 16 52  1.240 L 1.000 X  45.97517 -129.99600   1.910 X  -9.000   0.300   0.200  -9.000    -18   -9   -9  159   8 -159   53 53   8 21 D  48 54   8 125 1  93 42
            1259 2023  6 18 16 52 14.720 L 1.000 X  45.97583 -129.99634   0.540 X  -9.000   0.300   0.200  -9.000    -18   -9   -9  149  77 -166   32 31   8 31 B  82 46   8 153 1  90 57
            1260 2023  6 21 11 44  3.030 L 1.000 X  45.92733 -129.98599   1.050 X  -9.000   0.300   0.200  -9.000    -18   -9   -9  251  63 -160   33 26  12  2 B  73 47  11 153 1 127 39
            1261 2023  6 21 11 44 48.700 L 1.000 X  45.92683 -129.98534   1.270 X  -9.000   0.300   0.200  -9.000    -18   -9   -9  139  82  177   29 31  12 24 B  71 52  10 132 1  74 29
            1262 2023  6 21 17  4 57.420 L 1.000 X  45.95817 -129.98784   1.970 X  -9.000   0.300   0.200  -9.000    -18   -9   -9  269  22  -25   32 40   8 43 C  64 55   7 138 1 147 35
            1263 2023  6 21 20  9 27.240 L 1.000 X  45.92617 -129.98833   1.100 X  -9.000   0.300   0.200  -9.000    -18   -9   -9  354  85 -164   29 30   8 37 B  81 49   8 141 1 129 45
            1264 2023  6 21 20  9 31.840 L 1.000 X  45.92567 -129.98883   1.010 X  -9.000   0.300   0.200  -9.000    -18   -9   -9  355  79  167   43 56   8 21 D  51 52   7 139 1  99 50
            1265 2023  6 22 23 31 31.980 L 1.000 X  45.92233 -129.97783   1.260 X  -9.000   0.300   0.200  -9.000    -18   -9   -9  112  83 -123   37 38   9 20 C  54 54   8 146 1 100 42
            1266 2023  6 23 20 18 41.360 L 1.000 X  46.00317 -130.02867   1.490 X  -9.000   0.300   0.200  -9.000    -18   -9   -9  350  85  173   28 31   8 29 B  74 42   8 162 1  85 56
            1267 2023  6 24 20 28 56.020 L 1.000 X  45.91000 -129.99049   1.400 X  -9.000   0.300   0.200  -9.000    -18   -9   -9   57  87 -170   33 28   9 18 B  70 49   7 130 1  70 57
            1268 2023  6 25 16 19 43.990 L 1.000 X  45.92700 -129.98816   1.300 X  -9.000   0.300   0.200  -9.000    -18   -9   -9  270  33  -90   46 55  11 25 D  46 53  10 123 1  80 38
            1269 2023  6 25 16 45 25.440 L 1.000 X  45.92567 -129.98367   1.380 X  -9.000   0.300   0.200  -9.000    -18   -9   -9  179  29  -74   32 28  10  9 B  79 44   8 122 1  72 29
            1270 2023  6 25 22 35 15.460 L 1.000 X  45.92567 -129.97966   1.290 X  -9.000   0.300   0.200  -9.000    -18   -9   -9  279  41  -89   27 32  11 19 B  81 50  10 158 1  59 44
            1271 2023  6 25 22 35 23.440 L 1.000 X  45.92517 -129.97850   1.540 X  -9.000   0.300   0.200  -9.000    -18   -9   -9   84  71 -121   37 40   8  6 D  47 57   8 131 1 186 42
            1272 2023  6 25 23 55  7.520 L 1.000 X  45.94167 -130.01950   0.910 X  -9.000   0.300   0.200  -9.000    -18   -9   -9  151  89  168   33 30   9 13 B  70 48   9 127 1  90 60
            1273 2023  6 26 13 53 21.460 L 1.000 X  45.98050 -129.99867   2.060 X  -9.000   0.300   0.200  -9.000    -18   -9   -9   96  89  109   40 38   8 18 C  56 66   7  95 1 102 36
            1274 2023  6 26 13 55 27.020 L 1.000 X  45.98150 -129.99899   2.170 X  -9.000   0.300   0.200  -9.000    -18   -9   -9  112  39 -175   35 45   9 24 C  53 62   8 103 1 102 33
            1275 2023  6 26 17 55 44.000 L 1.000 X  45.96567 -129.99651   1.410 X  -9.000   0.300   0.200  -9.000    -18   -9   -9  356  72 -104   42 44  11 38 D  41 44   8 149 1  91 29
            1276 2023  6 26 18  8 10.160 L 1.000 X  45.97200 -129.99300   2.000 X  -9.000   0.300   0.200  -9.000    -18   -9   -9   93  33  169   43 36   8 23 C  61 60   6 129 1 173 36
            1277 2023  6 27  3 38  1.740 L 1.000 X  46.00167 -130.02800   1.470 X  -9.000   0.300   0.200  -9.000    -18   -9   -9  179  89 -171   24 23   9 28 A  87 42   9 174 1  80 61
            1278 2023  6 27  5 47 28.180 L 1.000 X  46.00017 -130.02800   1.240 X  -9.000   0.300   0.200  -9.000    -18   -9   -9   82  43  -93   33 37   9 20 C  70 41   8 147 1  80 67
            1279 2023  6 27  8 19 19.610 L 1.000 X  45.91683 -129.99083   1.330 X  -9.000   0.300   0.200  -9.000    -18   -9   -9  274  87 -179   35 31   9 12 B  63 54   7 106 1  78 57
            1280 2023  6 27  9 53 44.480 L 1.000 X  46.01167 -130.03633   1.720 X  -9.000   0.300   0.200  -9.000    -18   -9   -9   94  34  -80   40 46   8 41 D  41 52   8 106 1 158 45
            1281 2023  6 27 10 11 33.570 L 1.000 X  45.95767 -129.98567   1.980 X  -9.000   0.300   0.200  -9.000    -18   -9   -9   33  78  -95   27 20  11 15 A  89 55  10 120 1  88 31
            1282 2023  6 27 14 35 36.330 L 1.000 X  45.94033 -129.98283   1.240 X  -9.000   0.300   0.200  -9.000    -18   -9   -9  359  71  152   27 26   9 19 B  88 48   7 148 1  84 29
            1283 2023  6 27 16  8 59.670 L 1.000 X  45.94033 -129.98317   1.210 X  -9.000   0.300   0.200  -9.000    -18   -9   -9  100  79  119   28 37   8  1 D  47 46   7 170 1  86 31
            1284 2023  6 27 16 13 18.950 L 1.000 X  45.94050 -129.98351   1.160 X  -9.000   0.300   0.200  -9.000    -18   -9   -9    5  77  148   25 36  11 25 B  76 46   9 156 1  67 34
            1285 2023  6 27 23  5 47.080 L 1.000 X  45.94017 -130.02066   1.050 X  -9.000   0.300   0.200  -9.000    -18   -9   -9  357  50 -115   23 29   8 14 B  88 45   8 130 1  93 50
            1286 2023  6 27 23 26  3.700 L 1.000 X  45.97117 -129.99466   1.300 X  -9.000   0.300   0.200  -9.000    -18   -9   -9  206  64 -173   26 32  12 18 B  78 44  10 161 1  71 48
            1287 2023  6 28  1 59  3.410 L 1.000 X  45.92333 -129.98683   1.240 X  -9.000   0.300   0.200  -9.000    -18   -9   -9  252  61 -173   37 30   8 15 B  66 53   7 118 1  88 36
            1288 2023  6 28 12 11  6.260 L 1.000 X  45.92833 -129.98300   0.710 X  -9.000   0.300   0.200  -9.000    -18   -9   -9   95  88 -159   39 48   8 35 D  40 64   7 127 1 123 65
            1289 2023  6 28 12 16 46.530 L 1.000 X  45.92633 -129.98016   1.410 X  -9.000   0.300   0.200  -9.000    -18   -9   -9  100  49  -96   29 24  10 20 B  80 46   9 165 1 112 45
            1290 2023  6 28 22 53  4.340 L 1.000 X  45.95016 -129.98433   1.720 X  -9.000   0.300   0.200  -9.000    -18   -9   -9  154  42 -139   54 57  11 43 D  33 59   8 119 1  56 33
            1291 2023  6 28 23  0 41.360 L 1.000 X  45.95083 -129.98367   1.770 X  -9.000   0.300   0.200  -9.000    -18   -9   -9   51  80  -85   28 34   8 27 B  64 67   8 106 1  64 34
            1292 2023  6 28 23  5 29.780 L 1.000 X  45.95183 -129.98117   2.020 X  -9.000   0.300   0.200  -9.000    -18   -9   -9    2  54  -86   34 34  11 27 B  70 66   8 111 1  87 33
            1293 2023  6 28 23  6 41.040 L 1.000 X  45.95183 -129.98067   2.080 X  -9.000   0.300   0.200  -9.000    -18   -9   -9  231  22 -102   49 51  11 36 D  51 70   8  81 1  90 32
            1294 2023  6 29  1 46 42.860 L 1.000 X  45.95850 -129.98849   1.830 X  -9.000   0.300   0.200  -9.000    -18   -9   -9  332  89 -156   26 30  12  5 B  72 60  10 123 1  61 39
            1295 2023  6 29  1 49 55.950 L 1.000 X  45.95850 -129.98849   1.900 X  -9.000   0.300   0.200  -9.000    -18   -9   -9  175  90  119   37 34   8 47 C  54 64   6 110 1 103 38
            1296 2023  6 29  1 56  4.000 L 1.000 X  45.96100 -129.99200   2.140 X  -9.000   0.300   0.200  -9.000    -18   -9   -9  225  82   93   30 35   8 31 B  70 64   7 126 1  82 29
            1297 2023  6 29 10 39 35.810 L 1.000 X  45.98783 -129.99017   1.870 X  -9.000   0.300   0.200  -9.000    -18   -9   -9   97  37 -162   36 36   8 12 C  56 59   5  80 1 143 51
            1298 2023  6 29 11 53 41.020 L 1.000 X  45.95950 -129.98849   0.740 X  -9.000   0.300   0.200  -9.000    -18   -9   -9  191  54 -118   31 35   8  8 B  67 41   6 164 1 102 69
            1299 2023  6 29 12  8 53.830 L 1.000 X  45.95984 -129.98816   0.730 X  -9.000   0.300   0.200  -9.000    -18   -9   -9  307  82  165   31 31  10  8 B  75 42   8 156 1  89 69
            1300 2023  6 29 17 18 57.680 L 1.000 X  45.94033 -129.98767   1.350 X  -9.000   0.300   0.200  -9.000    -18   -9   -9   98  71 -169   37 42   8 22 C  77 50   7 157 1 106 38
            1301 2023  6 30  5 36 50.790 L 1.000 X  45.92083 -129.99066   1.230 X  -9.000   0.300   0.200  -9.000    -18   -9   -9  277  44 -130   53 58   8 43 D  28 59   7 108 1 106 51
            1302 2023  6 30 11  1  4.840 L 1.000 X  45.95717 -129.99033   1.940 X  -9.000   0.300   0.200  -9.000    -18   -9   -9   44  87 -102   41 37   8 19 C  52 68   5  85 1 100 36
            1303 2023  6 30 13 14 49.110 L 1.000 X  45.92167 -129.98700   1.260 X  -9.000   0.300   0.200  -9.000    -18   -9   -9  168  81  153   27 34  10 29 B  74 55   9 136 1  98 40
            1304 2023  6 30 13 58 53.540 L 1.000 X  45.93683 -129.98450   1.790 X  -9.000   0.300   0.200  -9.000    -18   -9   -9  140  22  -97   45 53   8 39 D  35 58   6 155 1 103 22
            1305 2023  6 30 15 29 20.910 L 1.000 X  45.92783 -129.98666   1.340 X  -9.000   0.300   0.200  -9.000    -18   -9   -9   98  63 -127   44 33  12 28 C  57 51  11 161 1  72 33
            1306 2023  6 30 15 30 11.180 L 1.000 X  45.92683 -129.98700   1.520 X  -9.000   0.300   0.200  -9.000    -18   -9   -9  252  66 -179   41 39   8  3 D  41 60   6 116 1 108 29
            1307 2023  6 30 20 57 14.480 L 1.000 X  45.96800 -129.99800   1.700 X  -9.000   0.300   0.200  -9.000    -18   -9   -9  126  83  156   45 45   8  5 D  37 43   5 167 1 119 29
            1308 2023  7  1 15 52 48.480 L 1.000 X  45.93650 -129.98016   1.490 X  -9.000   0.300   0.200  -9.000    -18   -9   -9  357  67 -167   23 34  14 21 B  69 47  14 161 1  61 21
            1309 2023  7  1 15 59 15.400 L 1.000 X  45.93633 -129.98067   1.410 X  -9.000   0.300   0.200  -9.000    -18   -9   -9  353  63 -108   21 37  12 23 B  72 44  11 174 1  87 21
            1310 2023  7  2  9 25 15.060 L 1.000 X  45.93616 -129.98050   1.470 X  -9.000   0.300   0.200  -9.000    -18   -9   -9  357  65 -122   25 33  13 13 B  74 40  12 186 1  66 26
            1311 2023  7  2 12 37 46.410 L 1.000 X  45.94316 -129.98517   1.510 X  -9.000   0.300   0.200  -9.000    -18   -9   -9  337  58 -101   38 31  13 22 D  39 51  12 146 1  59 34
            1312 2023  7  2 19 21 40.380 L 1.000 X  45.92233 -129.98900   0.890 X  -9.000   0.300   0.200  -9.000    -18   -9   -9  263  37 -104   39 41   8 13 D  49 43   6 155 1 116 58
            1313 2023  7  2 23 53 23.100 L 1.000 X  45.99400 -130.01416   1.520 X  -9.000   0.300   0.200  -9.000    -18   -9   -9  294  60   98   34 24   8 16 B  70 52   7 123 1  80 47
            1314 2023  7  3  0 24  5.910 L 1.000 X  45.99367 -130.01550   1.690 X  -9.000   0.300   0.200  -9.000    -18   -9   -9  148  78  177   30 31   8 15 B  71 54   8 123 1 111 42
            1315 2023  7  5 22 46 41.880 L 1.000 X  45.92650 -129.98917   1.220 X  -9.000   0.300   0.200  -9.000    -18   -9   -9  162  76  169   20 30  14 20 B  83 52  14 156 1  60 42
            1316 2023  7  9 13 36 13.120 L 1.000 X  45.96450 -129.99033   1.870 X  -9.000   0.300   0.200  -9.000    -18   -9   -9  122  45  173   36 37   9 15 D  50 58   6 147 1 121 35
            1317 2023  7  9 13 39 59.420 L 1.000 X  45.96400 -129.99083   1.860 X  -9.000   0.300   0.200  -9.000    -18   -9   -9    8  49 -141   53 53   9 21 D  42 58   6 135 1 120 34
            1318 2023  7  9 13 51 15.150 L 1.000 X  45.96350 -129.99066   1.740 X  -9.000   0.300   0.200  -9.000    -18   -9   -9  118  69  169   21 21  11 15 A  96 54  11 144 1  72 37
            1319 2023  7  9 13 51 33.640 L 1.000 X  45.96717 -129.98334   3.440 X  -9.000   0.300   0.200  -9.000    -18   -9   -9   95  43  133   40 41   8 59 C  50 63   7 125 1 113 25
            1320 2023  7  9 14  5 48.650 L 1.000 X  45.96416 -129.99066   1.960 X  -9.000   0.300   0.200  -9.000    -18   -9   -9    3  57 -134   30 34  12 14 B  79 53  10 145 1  81 33
            1321 2023  7  9 14  7 22.880 L 1.000 X  45.97700 -130.00000   0.530 X  -9.000   0.300   0.200  -9.000    -18   -9   -9   61  80  -99   40 33   8 25 C  65 66   6 108 1 210 56
            1322 2023  7  9 14 27 51.450 L 1.000 X  45.96317 -129.99017   1.760 X  -9.000   0.300   0.200  -9.000    -18   -9   -9  136  72  174   26 29  12 14 B  82 53  10 152 1  73 38
            1323 2023  7  9 16 14 56.550 L 1.000 X  45.92567 -129.99234   0.800 X  -9.000   0.300   0.200  -9.000    -18   -9   -9  287  54 -124   45 42  10 33 D  49 49   9 146 1  75 66
            1324 2023  7  9 23 26 18.320 L 1.000 X  45.98067 -129.99783   1.900 X  -9.000   0.300   0.200  -9.000    -18   -9   -9   50  12  -99   41 53   8 16 D  43 63   7 124 1  98 40
            1325 2023  7 10  0 59 31.150 L 1.000 X  45.92367 -129.99100   1.280 X  -9.000   0.300   0.200  -9.000    -18   -9   -9  273  64 -167   41 41   8 33 C  53 58   7 123 1  89 47
            1326 2023  7 10  1  1 44.960 L 1.000 X  45.92484 -129.98900   1.110 X  -9.000   0.300   0.200  -9.000    -18   -9   -9   88  58  -97   38 40   9 17 C  61 48   8 138 1  82 46
            1327 2023  7 10  1  6 27.950 L 1.000 X  45.92500 -129.98900   1.180 X  -9.000   0.300   0.200  -9.000    -18   -9   -9  270  53 -143   29 28   9  9 B  78 47   7 165 1  80 43
            1328 2023  7 10  6  9 32.610 L 1.000 X  45.99933 -130.02750   1.280 X  -9.000   0.300   0.200  -9.000    -18   -9   -9    2  85  176   30 32   9 10 B  70 47   8 147 1  83 61
            1329 2023  7 10 13  5 45.150 L 1.000 X  45.92700 -129.98466   0.970 X  -9.000   0.300   0.200  -9.000    -18   -9   -9  109  50  -99   40 35   8 33 C  61 55   7 131 1 117 36
            1330 2023  7 10 15  4 23.370 L 1.000 X  45.92267 -129.99150   0.820 X  -9.000   0.300   0.200  -9.000    -18   -9   -9    1  83  173   35 41   9 33 C  61 57   8 124 1  99 66
            1331 2023  7 10 22  0 57.240 L 1.000 X  46.00367 -130.03050   1.660 X  -9.000   0.300   0.200  -9.000    -18   -9   -9  343  70  161   24 30   9  3 B  75 51   8 124 1  88 50
            1332 2023  7 10 22  1 19.780 L 1.000 X  46.00250 -130.02916   1.780 X  -9.000   0.300   0.200  -9.000    -18   -9   -9  349  75  149   25 33  10 20 B  67 55   9 111 1  96 52
            1333 2023  7 11 10 10  6.090 L 1.000 X  45.92183 -129.97417   1.260 X  -9.000   0.300   0.200  -9.000    -18   -9   -9  195  74  174   32 30  10 19 B  69 54   9 133 1 131 36
            1334 2023  7 11 20 11 44.840 L 1.000 X  46.00100 -130.02434   1.650 X  -9.000   0.300   0.200  -9.000    -18   -9   -9   88  68 -180   30 29  10 12 B  73 48   9 124 1  83 48
            1335 2023  7 12 10  5 43.260 L 1.000 X  45.95950 -129.98717   0.690 X  -9.000   0.300   0.200  -9.000    -18   -9   -9  180  46 -119   32 39   8 23 C  70 37   6 159 1  95 67
            1336 2023  7 12 10 54 15.360 L 1.000 X  45.93683 -130.02083   1.540 X  -9.000   0.300   0.200  -9.000    -18   -9   -9   33  70 -157   32 28  11 30 B  75 42   8 157 1 128 38
            1337 2023  7 12 11 43 39.030 L 1.000 X  45.92700 -129.98616   1.270 X  -9.000   0.300   0.200  -9.000    -18   -9   -9   80  61  -95   40 31   9 19 C  55 61   8 123 1 144 32
            1338 2023  7 13  8 44  4.030 L 1.000 X  45.93950 -129.97884   1.720 X  -9.000   0.300   0.200  -9.000    -18   -9   -9   91  86  141   29 26  12 11 B  79 53  11 166 1  83 24
            1339 2023  7 13  8 44 17.470 L 1.000 X  45.93950 -129.97884   1.700 X  -9.000   0.300   0.200  -9.000    -18   -9   -9  130  42 -125   34 33  11 27 B  69 59  10 142 1  83 24
            1340 2023  7 13  8 45  0.830 L 1.000 X  45.93950 -129.97884   1.750 X  -9.000   0.300   0.200  -9.000    -18   -9   -9  105  83  151   29 27   8 25 B  80 64   8 147 1 127 24
            1341 2023  7 13  9 50 19.440 L 1.000 X  45.92783 -129.98784   1.030 X  -9.000   0.300   0.200  -9.000    -18   -9   -9  314  31 -124   35 44  10 15 C  54 48  10 160 1  69 47
            1342 2023  7 13 13 29 19.760 L 1.000 X  46.00417 -130.02983   1.770 X  -9.000   0.300   0.200  -9.000    -18   -9   -9   98  70  160   38 31  10 30 C  57 57  10 107 1  88 47
            1343 2023  7 15 12 25 24.770 L 1.000 X  45.92650 -129.98849   1.100 X  -9.000   0.300   0.200  -9.000    -18   -9   -9  137  50  -76   42 40   8  0 D  46 47   7 169 1 149 45
            1344 2023  7 17 10 20 56.980 L 1.000 X  45.93500 -130.01733   0.940 X  -9.000   0.300   0.200  -9.000    -18   -9   -9  160  38  -80   29 18   9  9 A  87 35   8 165 1 107 53
            1345 2023  7 17 10 21 11.780 L 1.000 X  45.93500 -130.01717   1.000 X  -9.000   0.300   0.200  -9.000    -18   -9   -9  130  77 -180   19 19  16 29 A  96 43  16 161 1  80 48
            1346 2023  7 17 10 21 24.190 L 1.000 X  45.93483 -130.01733   0.900 X  -9.000   0.300   0.200  -9.000    -18   -9   -9  135  47  -92   30 43  10 23 C  59 37   9 162 1  86 47
            1347 2023  7 17 10 22  7.730 L 1.000 X  45.93483 -130.01733   0.950 X  -9.000   0.300   0.200  -9.000    -18   -9   -9  131  77 -173   27 22  15 30 A  81 42  15 168 1 106 44
            1348 2023  7 17 17  6 22.760 L 1.000 X  45.92267 -129.99017   0.660 X  -9.000   0.300   0.200  -9.000    -18   -9   -9    8  71  170   40 48   8 26 D  47 46   7 163 1 118 59
            1349 2023  7 18  5  9 36.070 L 1.000 X  45.92433 -129.98784   1.280 X  -9.000   0.300   0.200  -9.000    -18   -9   -9  352  88  177   25 26  10 15 B  78 55   9 128 1  69 37
            1350 2023  7 19  0 55 19.250 L 1.000 X  46.00083 -130.02667   1.750 X  -9.000   0.300   0.200  -9.000    -18   -9   -9  125   4   16   10 14  14  0 A 100 51  14 135 1  75 61
            1351 2023  7 19 17  2  4.680 L 1.000 X  45.92550 -129.99133   1.000 X  -9.000   0.300   0.200  -9.000    -18   -9   -9   75  52 -102   44 34  12  5 C  52 44  10 153 1  99 59
            1352 2023  7 19 17  2  7.500 L 1.000 X  45.92433 -129.99066   0.980 X  -9.000   0.300   0.200  -9.000    -18   -9   -9  354  77  168   50 64   8 45 D  51 41   8 179 1 124 58
            1353 2023  7 19 17  2 56.500 L 1.000 X  45.92600 -129.99083   1.010 X  -9.000   0.300   0.200  -9.000    -18   -9   -9  274  38  -86   38 46  11 28 C  62 43  10 148 1  97 57
            1354 2023  7 19 17 46 34.780 L 1.000 X  45.96467 -129.99516   1.410 X  -9.000   0.300   0.200  -9.000    -18   -9   -9  129  69  170   41 44   8 12 D  43 43   5 136 1 130 32
            1355 2023  7 19 22 49 30.640 L 1.000 X  45.96050 -129.99300   1.880 X  -9.000   0.300   0.200  -9.000    -18   -9   -9  349  43 -138   38 35   8 27 C  62 55   6 134 1 155 32
            1356 2023  7 20  7  1 24.000 L 1.000 X  45.99783 -130.03101   1.240 X  -9.000   0.300   0.200  -9.000    -18   -9   -9  186  78 -171   35 34   9  8 C  52 42   9 142 1  69 48
            1357 2023  7 20 18 46 44.920 L 1.000 X  45.92717 -129.99083   1.440 X  -9.000   0.300   0.200  -9.000    -18   -9   -9  265  43 -139   20 17  12  7 A  95 53  11 134 1  55 40
            1358 2023  7 22 18 15 28.440 L 1.000 X  46.00417 -130.02783   1.450 X  -9.000   0.300   0.200  -9.000    -18   -9   -9  355  80  174   27 24   9 19 B  83 46   9 159 1  87 54
            1359 2023  7 26 15  5 59.030 L 1.000 X  46.00583 -130.02699   1.620 X  -9.000   0.300   0.200  -9.000    -18   -9   -9  359  69  174   31 32   8 46 B  75 50   8 172 1  95 42
            1360 2023  7 26 17 57 52.720 L 1.000 X  45.96383 -129.99350   1.040 X  -9.000   0.300   0.200  -9.000    -18   -9   -9  319  87  178   27 27   8 28 B  80 34   8 163 1  92 49
            1361 2023  7 26 22 48 56.340 L 1.000 X  45.94050 -130.02100   1.270 X  -9.000   0.300   0.200  -9.000    -18   -9   -9  114  69 -161   32 25  14 22 B  73 39  13 156 1  50 43
            1362 2023  7 27  1  7 16.410 L 1.000 X  45.93150 -129.98016   1.430 X  -9.000   0.300   0.200  -9.000    -18   -9   -9  244  45  -46   31 34  12 30 B  67 40  11 214 1  99 27
            1363 2023  7 27 17 45  8.420 L 1.000 X  45.92600 -129.98500   2.130 X  -9.000   0.300   0.200  -9.000    -18   -9   -9  259  83  111   27 33   8 24 B  73 73   8  84 1 117 20
            1364 2023  7 30  5 41 37.890 L 1.000 X  45.92067 -129.99234   1.080 X  -9.000   0.300   0.200  -9.000    -18   -9   -9    2  88 -173   22 23   9 16 A  95 46   8 153 1  68 62
            1365 2023  7 31  5 12  4.550 L 1.000 X  46.00367 -130.02733   1.600 X  -9.000   0.300   0.200  -9.000    -18   -9   -9  348  73  162   39 46   9 21 C  62 50   7 138 1  86 52
            1366 2023  7 31 14 22 14.250 L 1.000 X  45.95800 -129.98917   2.030 X  -9.000   0.300   0.200  -9.000    -18   -9   -9  349  88 -109   31 28  10 29 B  75 61   8 108 1  95 35
            1367 2023  7 31 15 28 19.430 L 1.000 X  45.95817 -129.98816   2.020 X  -9.000   0.300   0.200  -9.000    -18   -9   -9  351  70 -146   19 22  11  8 A  87 56  11 145 1  93 34
            1368 2023  7 31 18 16 49.900 L 1.000 X  45.95900 -129.98917   1.790 X  -9.000   0.300   0.200  -9.000    -18   -9   -9  230  76 -147   53 63   8 29 D  44 67   7 103 1  91 42
            1369 2023  7 31 19 34 12.600 L 1.000 X  45.95700 -129.98816   1.730 X  -9.000   0.300   0.200  -9.000    -18   -9   -9  339  82 -165   19 21  16 14 A  92 52  16 158 1  60 37
            1370 2023  8  1  2 44 30.290 L 1.000 X  46.00233 -130.02817   1.590 X  -9.000   0.300   0.200  -9.000    -18   -9   -9    1  74  162   42 53   9 17 D  41 47   8 150 1  82 57
            1371 2023  8  1 13 54 59.250 L 1.000 X  46.00100 -130.02716   1.450 X  -9.000   0.300   0.200  -9.000    -18   -9   -9  331  45  134   50 52  14 38 D  48 45  14 145 1  69 61
            1372 2023  8  2  3 34 46.380 L 1.000 X  45.92183 -129.97816   2.490 X  -9.000   0.300   0.200  -9.000    -18   -9   -9  122  24  -93   38 37   9 35 D  49 70   9  76 1 146 26
            1373 2023  8  2  6  6 52.800 L 1.000 X  45.92517 -129.99083   1.200 X  -9.000   0.300   0.200  -9.000    -18   -9   -9  271  63 -169   35 33  12 28 B  71 51   9 141 1  55 48
            1374 2023  8  2  6 10  1.110 L 1.000 X  45.92484 -129.99133   1.360 X  -9.000   0.300   0.200  -9.000    -18   -9   -9  264  64 -168   44 45  12 35 D  50 55   9 131 1  63 45
            1375 2023  8  2 14 24 13.800 L 1.000 X  45.94083 -130.02000   1.210 X  -9.000   0.300   0.200  -9.000    -18   -9   -9  336  84  164   27 24  10 40 B  85 48  10 143 1  91 44
            1376 2023  8  2 15 57 28.020 L 1.000 X  45.92417 -129.99066   0.710 X  -9.000   0.300   0.200  -9.000    -18   -9   -9  353  31 -101   37 41   8 14 C  58 41   7 143 1 103 66
            1377 2023  8  2 16  5  4.940 L 1.000 X  45.92200 -129.98683   1.470 X  -9.000   0.300   0.200  -9.000    -18   -9   -9  214  37 -168   43 46   9 16 D  40 65   8  99 1  84 34
            1378 2023  8  3  1 40  6.340 L 1.000 X  45.92067 -129.99001   1.490 X  -9.000   0.300   0.200  -9.000    -18   -9   -9  156  88  151   43 49  11 28 D  53 60  10  83 1  89 43
            1379 2023  8  3  1 44 10.390 L 1.000 X  45.92050 -129.98933   1.430 X  -9.000   0.300   0.200  -9.000    -18   -9   -9  162  90  117   27 28  10 23 B  80 62   9  86 1  90 43
            1380 2023  8  3  5 10 38.720 L 1.000 X  45.97017 -129.99266   0.910 X  -9.000   0.300   0.200  -9.000    -18   -9   -9  200  90  145   33 39  12 40 D  47 40   9 163 1  85 66
            1381 2023  8  3  6 34 26.740 L 1.000 X  45.99967 -130.03000   1.500 X  -9.000   0.300   0.200  -9.000    -18   -9   -9  358  80  154   42 36   8  0 D  48 47   8 121 1  82 57
            1382 2023  8  4 18 40 13.460 L 1.000 X  45.92617 -129.99049   1.540 X  -9.000   0.300   0.200  -9.000    -18   -9   -9  264  48 -122   38 28  14 14 C  59 55  12 120 1  52 38
            1383 2023  8  5  9 26 38.480 L 1.000 X  45.96500 -129.99550   1.160 X  -9.000   0.300   0.200  -9.000    -18   -9   -9  110  69 -179   50 44   9 21 D  48 43   7 130 1  83 37
            1384 2023  8  6  8  3 57.900 L 1.000 X  45.99817 -130.01450   1.630 X  -9.000   0.300   0.200  -9.000    -18   -9   -9  236  78 -114   58 57   8 51 D  30 56   7  86 1  92 42
            1385 2023  8  7 10 50 43.530 L 1.000 X  45.92567 -129.99083   1.160 X  -9.000   0.300   0.200  -9.000    -18   -9   -9  231  42 -110   32 33  15 17 C  56 48  14 157 1  54 50
            1386 2023  8  8  5 52  5.420 L 1.000 X  45.93884 -129.98784   1.290 X  -9.000   0.300   0.200  -9.000    -18   -9   -9   82  59 -170   31 29   9 11 B  78 38   9 179 1  99 37
            1387 2023  8  8  8 42  0.930 L 1.000 X  45.94000 -130.01833   0.880 X  -9.000   0.300   0.200  -9.000    -18   -9   -9   44  88  148   16 17  14 28 A  99 50  12 118 1  91 51
            1388 2023  8  8  9 45 44.450 L 1.000 X  45.92700 -129.98784   1.460 X  -9.000   0.300   0.200  -9.000    -18   -9   -9  243  29 -113   31 40  16 14 C  67 52  12 120 1  62 33
            1389 2023  8  8 18 46 30.920 L 1.000 X  45.92733 -129.98767   1.430 X  -9.000   0.300   0.200  -9.000    -18   -9   -9  265  35 -157   39 35   9 14 D  44 57   8 148 1 103 33
            1390 2023  8  9  1 24 49.630 L 1.000 X  46.00767 -130.02716   1.790 X  -9.000   0.300   0.200  -9.000    -18   -9   -9  352  79  165   26 29  13 26 B  78 56  13 132 1  93 31
            1391 2023  8  9  3 29 30.850 L 1.000 X  46.00067 -130.02733   1.570 X  -9.000   0.300   0.200  -9.000    -18   -9   -9  353  80  164   35 34   8 15 C  59 45   8 150 1  91 58
            1392 2023  8 10 13 38 55.690 L 1.000 X  45.98734 -129.99283   1.090 X  -9.000   0.300   0.200  -9.000    -18   -9   -9  285  39  -97   33 30   8 24 B  67 47   7 148 1  70 73
            1393 2023  8 12  0 13  6.840 L 1.000 X  46.00033 -130.02684   1.510 X  -9.000   0.300   0.200  -9.000    -18   -9   -9  210  61 -129   50 33  14 38 D  44 42  12 180 1  69 58
            1394 2023  8 12 14 54 16.400 L 1.000 X  45.92650 -129.98000   1.150 X  -9.000   0.300   0.200  -9.000    -18   -9   -9   87  54  -93   34 29   9 19 B  69 56   8 142 1  86 42
            1395 2023  8 12 17 53 45.940 L 1.000 X  45.95800 -129.98917   2.270 X  -9.000   0.300   0.200  -9.000    -18   -9   -9   59  89  -83   47 46   9 34 D  47 71   4  86 1  95 32
            1396 2023  8 12 18  1 44.700 L 1.000 X  45.95783 -129.98767   2.530 X  -9.000   0.300   0.200  -9.000    -18   -9   -9  136   8 -160   30 38   8 15 B  67 65   7 103 1  93 27
            1397 2023  8 13  9 41 46.080 L 1.000 X  45.92467 -129.98833   1.340 X  -9.000   0.300   0.200  -9.000    -18   -9   -9  324  90 -170   31 37   9 15 B  62 53   7 131 1  82 37
            1398 2023  8 13 12 31 52.580 L 1.000 X  45.95033 -129.98416   1.810 X  -9.000   0.300   0.200  -9.000    -18   -9   -9   25  68 -137   43 49   8 28 D  34 64   6 120 1 119 32
            1399 2023  8 13 13  5 22.850 L 1.000 X  45.92800 -129.98233   1.170 X  -9.000   0.300   0.200  -9.000    -18   -9   -9  264  57 -100   44 39   9 18 D  38 51   7 150 1 150 26
            1400 2023  8 13 13 25 58.930 L 1.000 X  46.00183 -130.02783   1.200 X  -9.000   0.300   0.200  -9.000    -18   -9   -9  224  43 -108   30 25  10 17 B  78 48   9 144 1 101 63
            1401 2023  8 14  8 52 43.320 L 1.000 X  45.99733 -130.02783   1.010 X  -9.000   0.300   0.200  -9.000    -18   -9   -9  302  90 -174   46 48  12 48 D  42 51  10 145 1 143 38
            1402 2023  8 15 19 20 12.600 L 1.000 X  46.00134 -130.02699   1.420 X  -9.000   0.300   0.200  -9.000    -18   -9   -9  107  42  -88   46 54   9 25 D  52 45   8 133 1  69 61
            1403 2023  8 15 20 36  4.880 L 1.000 X  45.92467 -129.99184   1.280 X  -9.000   0.300   0.200  -9.000    -18   -9   -9  243  56 -149   25 20  12  8 A  91 50  10 124 1  78 48
            1404 2023  8 16  0  8 34.920 L 1.000 X  45.96500 -129.99516   1.210 X  -9.000   0.300   0.200  -9.000    -18   -9   -9   42  40  -97   38 34   8 45 C  61 34   5 166 1  81 37
            1405 2023  8 16  4 46 43.070 L 1.000 X  45.91533 -129.99066   0.680 X  -9.000   0.300   0.200  -9.000    -18   -9   -9  173  89  169   35 34   9 39 B  62 42   6 205 1  97 65
            1406 2023  8 16  4 46 53.570 L 1.000 X  45.91633 -129.98700   0.980 X  -9.000   0.300   0.200  -9.000    -18   -9   -9  341  80  179   30 33   8 12 B  69 38   7 172 1 132 67
            1407 2023  8 16 10 37 27.930 L 1.000 X  45.92033 -129.98151   1.310 X  -9.000   0.300   0.200  -9.000    -18   -9   -9  242  78  158   25 19   9 10 A  93 48   8 169 1 110 62
            1408 2023  8 18 13  7 50.230 L 1.000 X  45.92650 -129.99049   0.990 X  -9.000   0.300   0.200  -9.000    -18   -9   -9  127  53 -138   35 38  14 23 C  53 47  13 153 1  74 57
            1409 2023  8 19  2 20 41.110 L 1.000 X  45.94050 -130.01917   1.280 X  -9.000   0.300   0.200  -9.000    -18   -9   -9  169  58 -137   30 31   9 32 B  65 46   6  98 1 119 40
            1410 2023  8 21  5 17 30.660 L 1.000 X  45.92733 -129.98584   1.020 X  -9.000   0.300   0.200  -9.000    -18   -9   -9   78  88 -169   21 21  10 21 A  94 51   9 133 1 101 40
            1411 2023  8 21  5 38 35.020 L 1.000 X  45.92833 -129.98534   0.840 X  -9.000   0.300   0.200  -9.000    -18   -9   -9  111  63 -100   34 35   8 22 B  62 58   7 105 1 178 45
            1412 2023  8 21 18  4 28.440 L 1.000 X  45.91300 -129.98950   1.060 X  -9.000   0.300   0.200  -9.000    -18   -9   -9  351  83  176   16 22  14 12 A  95 44  13 188 1  80 68
            1413 2023  8 21 18  4 48.920 L 1.000 X  45.91250 -129.98917   0.930 X  -9.000   0.300   0.200  -9.000    -18   -9   -9  172  75  176   38 32  11 45 B  63 48  10 127 1 164 66
            1414 2023  8 21 18 10 23.240 L 1.000 X  45.91283 -129.98967   0.950 X  -9.000   0.300   0.200  -9.000    -18   -9   -9  351  83  175   16 22  14 11 A  98 50  13 139 1 168 65
            1415 2023  8 21 18 10 36.960 L 1.000 X  45.91217 -129.98883   1.060 X  -9.000   0.300   0.200  -9.000    -18   -9   -9  346  77  175   25 25  10 28 A  83 41   6 161 1  80 68
            1416 2023  8 21 18 10 54.640 L 1.000 X  45.90917 -129.98167   0.670 X  -9.000   0.300   0.200  -9.000    -18   -9   -9  134  86 -149   29 33   8 30 B  71 61   6 116 1 232 63
            1417 2023  8 21 18 11 21.620 L 1.000 X  45.91267 -129.98933   1.070 X  -9.000   0.300   0.200  -9.000    -18   -9   -9  343  83  174   17 19  10 17 A  97 41   9 184 1 114 69
            1418 2023  8 21 18 11 31.960 L 1.000 X  45.91233 -129.98950   1.020 X  -9.000   0.300   0.200  -9.000    -18   -9   -9  159  89 -175   23 22   9 20 A  88 43   9 162 1 165 68
            1419 2023  8 21 18 11 35.520 L 1.000 X  45.91267 -129.98933   0.980 X  -9.000   0.300   0.200  -9.000    -18   -9   -9  166  87 -177   46 35  12  8 D  45 46  12 137 1 166 68
            1420 2023  8 21 18 13  2.820 L 1.000 X  45.91233 -129.98950   1.030 X  -9.000   0.300   0.200  -9.000    -18   -9   -9  345  84  173   27 28  10  8 B  81 43   7 157 1 165 69
            1421 2023  8 21 18 13 42.960 L 1.000 X  45.91317 -129.98950   1.060 X  -9.000   0.300   0.200  -9.000    -18   -9   -9  339  83  174   22 22  11 18 A  91 43  10 165 1  80 70
            1422 2023  8 21 18 15 48.000 L 1.000 X  45.91233 -129.98933   1.070 X  -9.000   0.300   0.200  -9.000    -18   -9   -9  341  86  172   22 21   9 19 A  94 39   8 188 1 112 69
            1423 2023  8 21 18 30 39.080 L 1.000 X  45.91333 -129.99234   0.320 X  -9.000   0.300   0.200  -9.000    -18   -9   -9  124  89 -110   47 51   9 37 D  41 81   6  98 1 179 43
            1424 2023  8 21 18 32 17.160 L 1.000 X  45.91267 -129.98967   0.800 X  -9.000   0.300   0.200  -9.000    -18   -9   -9  158  86 -172   29 31   8 21 B  72 44   6 142 1 189 69
            1425 2023  8 21 18 46 36.340 L 1.000 X  45.91817 -129.99249   0.340 X  -9.000   0.300   0.200  -9.000    -18   -9   -9  169  89 -157   25 38   9 13 B  67 84   8  50 1 156 44
            1426 2023  8 21 18 48 12.980 L 1.000 X  45.91250 -129.98967   0.960 X  -9.000   0.300   0.200  -9.000    -18   -9   -9  341  83  171   22 22  10 28 A  92 49   9 130 1 166 67
            1427 2023  8 21 19 16 37.320 L 1.000 X  45.91300 -129.99001   0.950 X  -9.000   0.300   0.200  -9.000    -18   -9   -9  350  88  176   20 22  12 14 A  97 47  10 157 1 170 64
            1428 2023  8 22  9 11 24.500 L 1.000 X  45.92517 -129.97966   1.280 X  -9.000   0.300   0.200  -9.000    -18   -9   -9  224  87  169   36 35   9 13 C  61 49   8 137 1  70 45
            1429 2023  8 22 17 12 38.800 L 1.000 X  45.98700 -130.00067   1.990 X  -9.000   0.300   0.200  -9.000    -18   -9   -9   93  46  159   28 34   8  8 B  69 60   7 130 1 153 28
            1430 2023  8 23  9 49 39.640 L 1.000 X  45.97783 -129.99733   0.860 X  -9.000   0.300   0.200  -9.000    -18   -9   -9  269  53 -156   39 34   8 16 C  56 44   7 148 1  95 70
            1431 2023  8 23 11  0 34.230 L 1.000 X  45.97783 -129.99750   0.750 X  -9.000   0.300   0.200  -9.000    -18   -9   -9  261  61 -155   35 34   8 28 B  63 34   6 184 1  95 67
            1432 2023  8 23 11  2 57.230 L 1.000 X  45.97783 -129.99651   1.400 X  -9.000   0.300   0.200  -9.000    -18   -9   -9   59  44 -116   38 39  10 11 D  47 45   9 148 1  97 57
            1433 2023  8 23 11  6 50.620 L 1.000 X  45.97683 -129.99683   0.980 X  -9.000   0.300   0.200  -9.000    -18   -9   -9  270  63 -143   50 53   8 52 D  30 40   6 136 1 102 73
            1434 2023  8 24  3 53 27.070 L 1.000 X  45.96483 -129.99634   1.350 X  -9.000   0.300   0.200  -9.000    -18   -9   -9  357  65 -121   28 32  12  9 B  82 36  12 180 1 132 30
            1435 2023  8 24  8 10 39.460 L 1.000 X  45.94783 -130.02283   1.410 X  -9.000   0.300   0.200  -9.000    -18   -9   -9  334  34 -109   44 44  11 12 C  58 34  11 176 1 114 51
            1436 2023  8 24  8 40 41.270 L 1.000 X  45.92717 -129.97701   1.210 X  -9.000   0.300   0.200  -9.000    -18   -9   -9   66  47 -106   38 33  10 19 C  55 54   8 125 1  82 38
            1437 2023  8 24 13 16 20.190 L 1.000 X  45.92417 -129.99117   1.130 X  -9.000   0.300   0.200  -9.000    -18   -9   -9  353  89 -175   18 20  11 26 A  98 43  10 152 1  53 52
            1438 2023  8 24 13 38 29.390 L 1.000 X  45.92250 -129.98933   1.760 X  -9.000   0.300   0.200  -9.000    -18   -9   -9  163  86  166   52 49   8 44 D  36 72   7  80 1 141 33
            1439 2023  8 25  7 47 39.230 L 1.000 X  45.91600 -129.99234   0.980 X  -9.000   0.300   0.200  -9.000    -18   -9   -9  311  50  -90   30 34   8  0 B  69 31   6 202 1 134 75
            1440 2023  8 25  8 15 22.270 L 1.000 X  45.94650 -129.98784   1.220 X  -9.000   0.300   0.200  -9.000    -18   -9   -9   45  34  -80   34 36   8 32 C  59 52   6 121 1  94 36
            1441 2023  8 25  9  9 12.600 L 1.000 X  45.94217 -130.01967   1.250 X  -9.000   0.300   0.200  -9.000    -18   -9   -9   69  53  -86   32 33  12 14 B  72 43  10 124 1  89 48
            1442 2023  8 25 14 40 29.120 L 1.000 X  45.93600 -129.98167   1.540 X  -9.000   0.300   0.200  -9.000    -18   -9   -9  144  40 -110   20 20  10 14 A  99 38   9 193 1  87 34
            1443 2023  8 25 14 41 15.240 L 1.000 X  45.93517 -129.98167   1.480 X  -9.000   0.300   0.200  -9.000    -18   -9   -9  134  34 -121   25 22  10 11 A  90 45  10 166 1  97 22
            1444 2023  8 25 19 39 19.960 L 1.000 X  45.92667 -129.97717   1.250 X  -9.000   0.300   0.200  -9.000    -18   -9   -9   54  43 -115   33 23  11  0 B  68 48  10 155 1  76 48
            1445 2023  8 26  3 34  8.550 L 1.000 X  45.92100 -129.98650   1.280 X  -9.000   0.300   0.200  -9.000    -18   -9   -9  158  71  145   42 42   9 35 D  44 54   8 117 1  76 40
            1446 2023  8 26  9 33 14.210 L 1.000 X  45.92400 -129.98917   1.470 X  -9.000   0.300   0.200  -9.000    -18   -9   -9  350  72  168   27 38   8 27 B  62 59   7 102 1  65 37
