               1  13   8   5 1
ACC1   252.2   62.1  1  1    0.00    0.00
AEC1   146.5   52.9  1  1    0.00    0.00
AEC2   151.8   77.2  1  1    0.00    0.00
AEC3   162.7   80.3  1  1    0.00    0.00
A07A   289.2   87.6  1  1    0.00    0.00
A08A   294.6   54.5  1  1    0.00    0.00
A10A    87.5   84.0 -1  1    0.00    0.00
A11A   254.8   92.5  1  1    0.00    0.00
AEC1   146.5   52.9  0  0   -0.24    0.45
A07A   289.2   87.6  0  0   -0.56    1.94
A08A   294.6   54.5  0  0   -0.48    0.95
A10A    87.5   84.0  0  0    0.00    0.00
A11A   254.8   92.5  0  0   -0.38    1.66
               2  15   8   7 1
ACC1   166.3   84.4 -1 -1    0.00    0.00
AEC1   148.0   91.5  1 -1    0.00    0.00
AEC2   149.5   93.9 -1 -1    0.00    0.00
AEC3   153.2   94.4  1 -1    0.00    0.00
A02A   286.8   12.5  1  1    0.00    0.00
A07A   186.7   72.9  1  1    0.00    0.00
A08A   158.5   79.3  1 -1    0.00    0.00
A10A   127.2   92.4 -1 -1    0.00    0.00
AEC1   148.0   91.5  0  0   -0.24    2.20
AEC2   149.5   93.9  0  0   -0.68    1.64
AEC3   153.2   94.4  0  0   -0.49    1.57
A02A   286.8   12.5  0  0   -0.06    1.57
A07A   186.7   72.9  0  0   -0.19    0.88
A08A   158.5   79.3  0  0   -0.38    1.10
A10A   127.2   92.4  0  0   -0.55    1.97
               3  17   9   8 1
AAS1   200.5   63.9  1 -1    0.00    0.00
ACC1   270.1   48.5  1  1    0.00    0.00
AEC1   132.0   28.3  1 -1    0.00    0.00
AEC2   146.9   55.7 -1 -1    0.00    0.00
AEC3   160.8   59.1  1 -1    0.00    0.00
A05A    19.2   61.2  1  1    0.00    0.00
A07A   296.3   76.0  1  1    0.00    0.00
A08A   309.3   49.3  1  1    0.00    0.00
A10A    77.8   70.0 -1 -1    0.00    0.00
AAS1   200.5   63.9  0  0   -0.16    0.60
AEC1   132.0   28.3  0  0   -0.26    0.90
AEC2   146.9   55.7  0  0   -0.76    0.50
AEC3   160.8   59.1  0  0   -0.49    0.48
A05A    19.2   61.2  0  0    0.52    0.52
A07A   296.3   76.0  0  0   -0.48    1.08
A08A   309.3   49.3  0  0   -0.36    0.71
A10A    77.8   70.0  0  0   -0.74    1.02
               4  17   9   8 1
AAS1   199.7   62.7  1  1    0.00    0.00
ACC1   268.7   46.6  1 -1    0.00    0.00
AEC1   132.7   28.6  1  1    0.00    0.00
AEC2   146.9   55.0  1  1    0.00    0.00
AEC3   160.5   58.3  1  1    0.00    0.00
A05A    20.1   59.3  1  1    0.00    0.00
A07A   295.9   74.3  1 -1    0.00    0.00
A08A   308.8   47.0  1 -1    0.00    0.00
A10A    78.6   68.7 -1 -1    0.00    0.00
AAS1   199.7   62.7  0  0   -0.27    0.59
AEC1   132.7   28.6  0  0   -0.28    0.80
AEC2   146.9   55.0  0  0   -0.84    0.40
AEC3   160.5   58.3  0  0   -0.45    0.42
A05A    20.1   59.3  0  0    0.65    0.46
A07A   295.9   74.3  0  0   -0.40    1.03
A08A   308.8   47.0  0  0   -0.27    0.62
A10A    78.6   68.7  0  0   -0.89    1.22
               5  13   8   5 1
ACC1   268.1   46.9 -1  1    0.00    0.00
AEC1   134.6   28.3  1 -1    0.00    0.00
AEC2   147.8   54.8 -1 -1    0.00    0.00
AEC3   161.2   58.2  1 -1    0.00    0.00
A05A    19.6   58.6  1  1    0.00    0.00
A07A   295.5   74.2  1  1    0.00    0.00
A08A   307.8   46.9  1  1    0.00    0.00
A10A    78.9   68.2 -1 -1    0.00    0.00
AEC1   134.6   28.3  0  0   -0.08    0.87
AEC3   161.2   58.2  0  0   -0.43    0.45
A05A    19.6   58.6  0  0    0.43    0.43
A08A   307.8   46.9  0  0   -0.41    0.74
A10A    78.9   68.2  0  0   -0.68    1.02
               6  15   8   7 1
AAS1   310.9   74.9  1  1    0.00    0.00
AAS2   294.5   90.4 -1  1    0.00    0.00
AEC2    22.9   80.3  1  1    0.00    0.00
AEC3    15.6   69.2  1  1    0.00    0.00
AID1    65.0   29.4 -1 -1    0.00    0.00
A12A   252.1   95.2  1  1    0.00    0.00
A13A   153.1   82.6  1  1    0.00    0.00
A14A   215.0   96.3  1  1    0.00    0.00
AAS1   310.9   74.9  0  0   -0.32    1.00
AAS2   294.5   90.4  0  0    0.00    0.00
AEC3    15.6   69.2  0  0   -0.35    0.75
AID1    65.0   29.4  0  0   -0.07    0.95
A12A   252.1   95.2  0  0   -0.19    1.40
A13A   153.1   82.6  0  0    0.05    1.26
A14A   215.0   96.3  0  0   -0.47    1.33
               7  15   9   6 1
ACC1   250.3   61.4  1  1    0.00    0.00
AEC1   150.2   51.7 -1 -1    0.00    0.00
AEC2   153.7   75.6 -1 -1    0.00    0.00
AEC3   164.2   78.8  1 -1    0.00    0.00
A05A    26.0   63.6  1  1    0.00    0.00
A07A   287.7   85.7  1  1    0.00    0.00
A08A   290.8   52.7  1  1    0.00    0.00
A10A    88.9   81.3 -1  1    0.00    0.00
A11A   253.9   90.9  1  1    0.00    0.00
AEC1   150.2   51.7  0  0   -0.02    0.39
AEC3   164.2   78.8  0  0   -0.18    1.08
A05A    26.0   63.6  0  0   -0.07    0.59
A07A   287.7   85.7  0  0   -0.18    1.66
A08A   290.8   52.7  0  0   -0.63    1.06
A10A    88.9   81.3  0  0   -0.78    1.44
               8  19  10   9 1
AAS1   320.1   65.8  1 -1    0.00    0.00
ACC1   335.1  100.4 -1 -1    0.00    0.00
AEC1    15.4   94.6  1  1    0.00    0.00
AEC2    37.0   84.9  1  1    0.00    0.00
AEC3    35.1   73.6  1  1    0.00    0.00
AID1    87.1   53.4  1  1    0.00    0.00
A05A     9.2  108.5 -1  1    0.00    0.00
A12A   246.2   94.1  1  1    0.00    0.00
A13A   144.8   91.3 -1 -1    0.00    0.00
A14A   206.6   97.7  1  1    0.00    0.00
AAS1   320.1   65.8  0  0   -0.16    0.75
AEC1    15.4   94.6  0  0    0.07    1.52
AEC2    37.0   84.9  0  0   -0.47    1.40
AEC3    35.1   73.6  0  0   -0.27    0.89
AID1    87.1   53.4  0  0   -0.59    1.23
A05A     9.2  108.5  0  0    0.00    0.00
A12A   246.2   94.1  0  0   -0.38    1.46
A13A   144.8   91.3  0  0    0.31    2.42
A14A   206.6   97.7  0  0   -0.25    1.24
               9  15   8   7 1
AEC2   148.5   99.4 -1  1    0.00    0.00
A01A    38.3   74.7  1 -1    0.00    0.00
A02A   287.5    7.4  1  1    0.00    0.00
A03A   106.9   75.5  1  1    0.00    0.00
A05A   127.0   91.2  1  1    0.00    0.00
A06A   152.3   66.8 -1 -1    0.00    0.00
A07A   183.4   82.5 -1 -1    0.00    0.00
A09A   219.8   87.9 -1 -1    0.00    0.00
A01A    38.3   74.7  0  0   -0.24    0.93
A02A   287.5    7.4  0  0    0.23    1.81
A03A   106.9   75.5  0  0   -0.87    1.08
A05A   127.0   91.2  0  0   -0.82    2.75
A06A   152.3   66.8  0  0   -0.40    0.69
A07A   183.4   82.5  0  0   -0.29    1.28
A09A   219.8   87.9  0  0   -0.28    2.01
              10  15   8   7 1
ACC1   207.4  123.9 -1  1    0.00    0.00
AEC1   179.4  124.0  1  1    0.00    0.00
AEC2   175.1  125.8 -1  1    0.00    0.00
AEC3   178.7  126.7  1  1    0.00    0.00
A03A   269.5   84.2  1 -1    0.00    0.00
A05A   175.0  111.5  1  1    0.00    0.00
A09A   248.8  128.2  1  1    0.00    0.00
A13A   175.9  129.9  1  1    0.00    0.00
AEC1   179.4  124.0  0  0    0.00    0.00
AEC2   175.1  125.8  0  0    0.00    0.00
AEC3   178.7  126.7  0  0    0.00    0.00
A03A   269.5   84.2  0  0    0.03    1.53
A05A   175.0  111.5  0  0   -0.47    0.74
A09A   248.8  128.2  0  0    0.00    0.00
A13A   175.9  129.9  0  0    0.00    0.00
              11  15   8   7 1
ACC1   204.2  124.1 -1  1    0.00    0.00
AEC1   177.1  124.4  1  1    0.00    0.00
AEC2   173.4  126.3 -1  1    0.00    0.00
AEC3   176.9  127.3  1  1    0.00    0.00
AID1   177.1  128.8  1  1    0.00    0.00
A03A   255.6   73.8 -1 -1    0.00    0.00
A09A   246.6  127.8  1  1    0.00    0.00
A13A   174.8  130.1  1  1    0.00    0.00
ACC1   204.2  124.1  0  0    0.00    0.00
AEC1   177.1  124.4  0  0    0.00    0.00
AEC3   176.9  127.3  0  0    0.00    0.00
AID1   177.1  128.8  0  0    0.00    0.00
A03A   255.6   73.8  0  0    0.00    0.00
A09A   246.6  127.8  0  0    0.00    0.00
A13A   174.8  130.1  0  0    0.00    0.00
              12  15   8   7 1
AAS1   205.8  123.2  1  1    0.00    0.00
ACC1   237.8  118.3  1  1    0.00    0.00
AEC1   191.3  113.1  1  1    0.00    0.00
AEC2   180.0  119.3 -1  1    0.00    0.00
AEC3   185.5  121.3  1  1    0.00    0.00
AID1   183.7  124.2  1  1    0.00    0.00
A09A   270.8  128.2  1 -1    0.00    0.00
A13A   178.5  128.3  1  1    0.00    0.00
AAS1   205.8  123.2  0  0    0.00    0.00
ACC1   237.8  118.3  0  0    0.00    0.00
AEC1   191.3  113.1  0  0   -0.13    0.68
AEC3   185.5  121.3  0  0    0.00    0.00
AID1   183.7  124.2  0  0    0.00    0.00
A09A   270.8  128.2  0  0    0.14    1.85
A13A   178.5  128.3  0  0    0.03    0.10
              13  20  11   9 1
AAS1   204.4  115.8  1  1    0.00    0.00
AAS2   216.2  117.4 -1  1    0.00    0.00
ACC1   235.1  110.0  1  1    0.00    0.00
AEC1   189.4  103.8  1  1    0.00    0.00
AEC2   179.1  112.1  1  1    0.00    0.00
AEC3   184.5  113.6 -1  1    0.00    0.00
AID1   183.0  117.1  1  1    0.00    0.00
A01A   335.9  118.5 -1 -1    0.00    0.00
A03A   329.5  106.4 -1 -1    0.00    0.00
A05A   321.8   41.8  1  1    0.00    0.00
A13A   178.2  121.9  1  1    0.00    0.00
AAS1   204.4  115.8  0  0    0.00    0.00
AAS2   216.2  117.4  0  0   -0.23    0.59
AEC1   189.4  103.8  0  0    0.00    0.00
AEC3   184.5  113.6  0  0    0.00    0.00
AID1   183.0  117.1  0  0    0.00    0.00
A01A   335.9  118.5  0  0    0.00    0.00
A03A   329.5  106.4  0  0    0.00    0.00
A05A   321.8   41.8  0  0   -0.46    0.53
A13A   178.2  121.9  0  0    0.00    0.00
              14  14   8   6 1
AAS1   190.7  125.3  1  1    0.00    0.00
AAS2   199.1  125.5 -1  1    0.00    0.00
ACC1   203.2  121.3  1  1    0.00    0.00
AEC1   178.7  121.4  1 -1    0.00    0.00
AEC2   175.0  124.4  1 -1    0.00    0.00
AEC3   178.2  125.1 -1 -1    0.00    0.00
AID1   178.2  125.9 -1 -1    0.00    0.00
A13A   175.8  127.1 -1 -1    0.00    0.00
AAS1   190.7  125.3  0  0    0.00    0.00
AAS2   199.1  125.5  0  0    0.00    0.00
AEC1   178.7  121.4  0  0    0.00    0.00
AEC3   178.2  125.1  0  0    0.00    0.00
AID1   178.2  125.9  0  0    0.00    0.00
A13A   175.8  127.1  0  0    0.00    0.00
              15  14   8   6 1
AAS2   199.0  126.5 -1  1    0.00    0.00
ACC1   203.1  122.3  1  1    0.00    0.00
AEC1   177.8  122.5  1  1    0.00    0.00
AEC2   174.2  125.0  1  1    0.00    0.00
AEC3   177.5  126.1 -1  1    0.00    0.00
AID1   177.6  126.9  1  1    0.00    0.00
A03A   235.0   83.5 -1 -1    0.00    0.00
A13A   175.3  128.2  1  1    0.00    0.00
AAS2   199.0  126.5  0  0    0.00    0.00
AEC1   177.8  122.5  0  0    0.00    0.00
AEC3   177.5  126.1  0  0    0.00    0.00
AID1   177.6  126.9  0  0    0.00    0.00
A03A   235.0   83.5  0  0    0.12    1.40
A13A   175.3  128.2  0  0    0.00    0.00
              16  16   9   7 1
AAS1   189.8  128.5  1 -1    0.00    0.00
ACC1   202.9  124.5 -1 -1    0.00    0.00
AEC1   176.8  124.9  1 -1    0.00    0.00
AEC2   173.2  126.8 -1 -1    0.00    0.00
AEC3   176.7  128.0 -1 -1    0.00    0.00
AID1   176.9  129.0 -1 -1    0.00    0.00
A03A   241.0   76.3 -1 -1    0.00    0.00
A09A   244.9  127.9 -1 -1    0.00    0.00
A13A   174.7  130.2 -1 -1    0.00    0.00
AAS1   189.8  128.5  0  0    0.02    0.08
AEC1   176.8  124.9  0  0    0.00    0.00
AEC3   176.7  128.0  0  0   -0.04    0.13
AID1   176.9  129.0  0  0    0.00    0.00
A03A   241.0   76.3  0  0    0.00    0.00
A09A   244.9  127.9  0  0    0.36    0.79
A13A   174.7  130.2  0  0    0.00    0.00
              17  14   8   6 1
ACC1   199.6  124.3 -1  1    0.00    0.00
AEC1   173.6  125.0  1  1    0.00    0.00
AEC2   170.7  127.0  1  1    0.00    0.00
AEC3   174.2  128.1  1  1    0.00    0.00
AID1   174.8  129.1  1  1    0.00    0.00
A07A   226.8  123.2 -1  1    0.00    0.00
A12A   196.4  129.8  1  1    0.00    0.00
A13A   173.0  130.3 -1  1    0.00    0.00
AEC1   173.6  125.0  0  0    0.00    0.00
AEC3   174.2  128.1  0  0   -0.06    0.15
AID1   174.8  129.1  0  0    0.00    0.00
A07A   226.8  123.2  0  0    0.15    0.55
A12A   196.4  129.8  0  0    0.06    0.06
A13A   173.0  130.3  0  0    0.00    0.00
              18  14   8   6 1
AAS2   197.7  124.3  1  1    0.00    0.00
ACC1   201.2  119.8 -1  1    0.00    0.00
AEC1   176.4  120.1  1  1    0.00    0.00
AEC2   173.1  123.2  1  1    0.00    0.00
AID1   176.7  124.7  1  1    0.00    0.00
A03A   224.6   79.5  1 -1    0.00    0.00
A12A   197.4  125.8  1  1    0.00    0.00
A13A   174.5  126.0  1  1    0.00    0.00
AAS2   197.7  124.3  0  0    0.00    0.00
AEC1   176.4  120.1  0  0    0.09    0.47
AID1   176.7  124.7  0  0    0.00    0.00
A03A   224.6   79.5  0  0   -0.17    1.13
A12A   197.4  125.8  0  0    0.10    0.25
A13A   174.5  126.0  0  0    0.00    0.00
              19  15   8   7 1
ACC1   200.9  124.2  1  1    0.00    0.00
AEC1   176.0  124.6  1  1    0.00    0.00
AEC2   172.7  127.0 -1  1    0.00    0.00
AEC3   176.1  127.9  1  1    0.00    0.00
AID1   176.4  128.6  1  1    0.00    0.00
A03A   224.5   80.0  1 -1    0.00    0.00
A12A   197.2  129.5  1  1    0.00    0.00
A13A   174.3  129.8  1  1    0.00    0.00
ACC1   200.9  124.2  0  0    0.00    0.00
AEC1   176.0  124.6  0  0    0.00    0.00
AEC3   176.1  127.9  0  0    0.00    0.00
AID1   176.4  128.6  0  0    0.00    0.00
A03A   224.5   80.0  0  0   -0.08    1.15
A12A   197.2  129.5  0  0    0.00    0.00
A13A   174.3  129.8  0  0    0.05    0.07
              20  17   9   8 1
AAS1   188.6  128.1  1  1    0.00    0.00
AEC1   175.9  124.6  1  1    0.00    0.00
AEC2   172.7  127.3  1  1    0.00    0.00
AEC3   176.0  127.9  1  1    0.00    0.00
AID1   176.3  128.7  1  1    0.00    0.00
A05A   169.2  115.3  1  1    0.00    0.00
A09A   242.1  127.6 -1 -1    0.00    0.00
A11A   217.3  127.8  1  1    0.00    0.00
A13A   174.2  129.8  1  1    0.00    0.00
AAS1   188.6  128.1  0  0    0.00    0.00
AEC1   175.9  124.6  0  0    0.13    0.30
AEC3   176.0  127.9  0  0    0.00    0.00
AID1   176.3  128.7  0  0    0.00    0.00
A05A   169.2  115.3  0  0    0.00    0.00
A09A   242.1  127.6  0  0    0.32    0.76
A11A   217.3  127.8  0  0    0.00    0.00
A13A   174.2  129.8  0  0    0.06    0.04
              21  15   8   7 1
AAS1   188.8  128.6  1  1    0.00    0.00
ACC1   200.8  124.9 -1  1    0.00    0.00
AEC1   176.0  125.2  1  1    0.00    0.00
AEC2   172.8  127.7  1  1    0.00    0.00
AEC3   176.1  128.5  1  1    0.00    0.00
AID1   176.4  129.2  1  1    0.00    0.00
A09A   242.5  128.1  1 -1    0.00    0.00
A13A   174.3  130.4  1  1    0.00    0.00
AAS1   188.8  128.6  0  0    0.00    0.00
AEC1   176.0  125.2  0  0   -0.01    0.27
AEC2   172.8  127.7  0  0    0.00    0.00
AEC3   176.1  128.5  0  0    0.00    0.00
AID1   176.4  129.2  0  0    0.00    0.00
A09A   242.5  128.1  0  0    0.23    0.78
A13A   174.3  130.4  0  0    0.00    0.00
              22  25  13  12 1
AAS1   311.6   52.8 -1 -1    0.00    0.00
AAS2   291.1   76.6 -1 -1    0.00    0.00
ACC1   332.8   91.8 -1 -1    0.00    0.00
AEC2    38.2   70.9  1  1    0.00    0.00
AEC3    36.5   57.6  1  1    0.00    0.00
AID1    98.7   41.0  1  1    0.00    0.00
A06A   342.3  105.9  1 -1    0.00    0.00
A07A   325.6  104.3  1 -1    0.00    0.00
A08A   343.2   97.5  1 -1    0.00    0.00
A11A   302.6   99.8 -1 -1    0.00    0.00
A12A   243.8   86.0  1  1    0.00    0.00
A13A   148.5   81.5 -1 -1    0.00    0.00
A14A   206.5   90.9  1  1    0.00    0.00
AAS1   311.6   52.8  0  0   -0.45    0.62
AAS2   291.1   76.6  0  0   -0.14    1.12
ACC1   332.8   91.8  0  0   -0.30    1.80
AEC2    38.2   70.9  0  0   -0.29    0.81
AEC3    36.5   57.6  0  0   -0.27    0.49
AID1    98.7   41.0  0  0   -0.48    1.50
A06A   342.3  105.9  0  0    0.00    0.00
A07A   325.6  104.3  0  0    0.00    0.00
A11A   302.6   99.8  0  0    0.00    0.00
A12A   243.8   86.0  0  0    0.04    1.68
A13A   148.5   81.5  0  0   -0.15    1.19
A14A   206.5   90.9  0  0    0.38    2.06
              23  16   9   7 1
ACC1   209.3   84.2 -1  1    0.00    0.00
AEC1   155.8   89.9  1  1    0.00    0.00
AEC2   156.3   99.0 -1  1    0.00    0.00
AEC3   163.0  100.5  1  1    0.00    0.00
A03A     3.4   84.2  1  1    0.00    0.00
A05A    80.7   63.7 -1 -1    0.00    0.00
A07A   262.1   89.5 -1 -1    0.00    0.00
A09A   268.0  105.2 -1 -1    0.00    0.00
A10A   111.5   97.1 -1 -1    0.00    0.00
AEC1   155.8   89.9  0  0   -0.28    2.28
AEC3   163.0  100.5  0  0   -0.63    1.14
A03A     3.4   84.2  0  0   -0.41    1.39
A05A    80.7   63.7  0  0   -0.03    1.11
A07A   262.1   89.5  0  0   -0.21    2.15
A09A   268.0  105.2  0  0    0.00    0.00
A10A   111.5   97.1  0  0   -0.65    1.43
              24  18  10   8 1
AAS1   322.9   72.9  1  1    0.00    0.00
AAS2   299.1   91.2 -1  1    0.00    0.00
ACC1   335.5  103.6  1  1    0.00    0.00
AEC1    13.9   98.8 -1 -1    0.00    0.00
AEC2    33.7   89.1  1 -1    0.00    0.00
AEC3    30.8   78.9 -1 -1    0.00    0.00
AID1    77.1   55.4 -1 -1    0.00    0.00
A07A   327.7  112.2 -1  1    0.00    0.00
A08A   344.8  107.3  1  1    0.00    0.00
A14A   208.5   99.7 -1 -1    0.00    0.00
AAS1   322.9   72.9  0  0   -0.37    0.93
AAS2   299.1   91.2  0  0   -0.12    1.75
AEC1    13.9   98.8  0  0    0.05    1.22
AEC3    30.8   78.9  0  0   -0.38    1.07
AID1    77.1   55.4  0  0   -0.42    0.89
A07A   327.7  112.2  0  0    0.00    0.00
A08A   344.8  107.3  0  0    0.00    0.00
A14A   208.5   99.7  0  0   -0.59    1.13
              25  20  11   9 1
AAS1   275.2   59.9  1 -1    0.00    0.00
AAS2   273.6   78.4 -1 -1    0.00    0.00
ACC1   315.6   84.9  1  1    0.00    0.00
AEC1   354.2   64.7  1  1    0.00    0.00
AEC2    17.4   36.2  1  1    0.00    0.00
AEC3   346.7   19.6 -1  1    0.00    0.00
AID1   185.1   30.5  1  1    0.00    0.00
A10A    33.9   87.0 -1 -1    0.00    0.00
A12A   241.6   87.9  1 -1    0.00    0.00
A13A   170.9   76.9 -1 -1    0.00    0.00
A14A   213.3   89.8 -1 -1    0.00    0.00
AAS1   275.2   59.9  0  0   -0.60    2.20
AAS2   273.6   78.4  0  0   -0.17    2.42
AEC1   354.2   64.7  0  0   -0.24    0.63
AEC3   346.7   19.6  0  0   -0.31    0.82
AID1   185.1   30.5  0  0   -0.19    0.45
A10A    33.9   87.0  0  0   -1.13    1.63
A12A   241.6   87.9  0  0   -0.22    2.02
A13A   170.9   76.9  0  0    0.00    0.00
A14A   213.3   89.8  0  0   -0.02    2.82
              26  22  11  11 1
AAS1   309.3   52.0  1 -1    0.00    0.00
AAS2   290.2   75.6 -1 -1    0.00    0.00
AEC2    37.3   68.2  1  1    0.00    0.00
AEC3    35.1   54.5  1  1    0.00    0.00
AID1   100.7   37.5  1  1    0.00    0.00
A06A   341.8  103.9  1  1    0.00    0.00
A07A   325.1  102.4  1 -1    0.00    0.00
A08A   342.5   96.1  1  1    0.00    0.00
A11A   302.1   98.4  1 -1    0.00    0.00
A12A   243.9   85.3  1  1    0.00    0.00
A14A   207.1   89.9  1  1    0.00    0.00
AAS1   309.3   52.0  0  0   -0.27    0.73
AAS2   290.2   75.6  0  0   -0.00    1.18
AEC2    37.3   68.2  0  0   -0.54    0.73
AEC3    35.1   54.5  0  0   -0.53    0.37
AID1   100.7   37.5  0  0   -0.45    1.85
A06A   341.8  103.9  0  0    0.00    0.00
A07A   325.1  102.4  0  0    0.00    0.00
A08A   342.5   96.1  0  0    0.00    0.00
A11A   302.1   98.4  0  0   -0.60    1.22
A12A   243.9   85.3  0  0   -0.32    1.56
A14A   207.1   89.9  0  0    0.09    2.85
              27  22  11  11 1
AAS1   309.6   53.8  1 -1    0.00    0.00
AAS2   290.5   77.0 -1 -1    0.00    0.00
AEC2    36.6   69.5  1  1    0.00    0.00
AEC3    34.1   55.9  1  1    0.00    0.00
AID1    99.5   37.7  1  1    0.00    0.00
A07A   325.1  103.7  1 -1    0.00    0.00
A08A   342.4   97.1  1  1    0.00    0.00
A09A   310.2  106.5 -1 -1    0.00    0.00
A11A   302.2   99.7  1 -1    0.00    0.00
A12A   244.3   86.2  1  1    0.00    0.00
A14A   207.5   90.7  1  1    0.00    0.00
AAS1   309.6   53.8  0  0   -0.20    0.73
AAS2   290.5   77.0  0  0   -0.02    1.20
AEC2    36.6   69.5  0  0   -0.51    0.77
AEC3    34.1   55.9  0  0   -0.56    0.39
AID1    99.5   37.7  0  0   -0.41    2.03
A07A   325.1  103.7  0  0    0.00    0.00
A08A   342.4   97.1  0  0    0.00    0.00
A09A   310.2  106.5  0  0   -0.14    0.93
A11A   302.2   99.7  0  0   -0.54    1.16
A12A   244.3   86.2  0  0   -0.49    1.68
A14A   207.5   90.7  0  0   -0.25    2.16
              28  17   9   8 1
AAS2   299.4   87.3  1  1    0.00    0.00
ACC1   337.7  102.1  1 -1    0.00    0.00
AEC3    38.5   79.1  1  1    0.00    0.00
AID1    84.5   62.3  1  1    0.00    0.00
A07A   328.8  110.9 -1 -1    0.00    0.00
A08A   346.9  106.3 -1 -1    0.00    0.00
A12A   245.9   94.6  1  1    0.00    0.00
A13A   141.0   93.4  1  1    0.00    0.00
A14A   204.4   99.0  1  1    0.00    0.00
AAS2   299.4   87.3  0  0   -0.12    1.92
AEC3    38.5   79.1  0  0   -0.41    1.08
AID1    84.5   62.3  0  0   -0.63    1.23
A07A   328.8  110.9  0  0    0.00    0.00
A08A   346.9  106.3  0  0    0.00    0.00
A12A   245.9   94.6  0  0   -0.39    1.42
A13A   141.0   93.4  0  0    0.00    0.00
A14A   204.4   99.0  0  0   -0.36    1.18
              29  16   9   7 1
ACC1   163.1   91.7 -1  1    0.00    0.00
AEC2   148.2   98.3  1  1    0.00    0.00
A01A    45.3   71.3  1  1    0.00    0.00
A02A   168.2    8.6 -1 -1    0.00    0.00
A03A   110.4   75.9  1  1    0.00    0.00
A05A   128.0   89.8  1  1    0.00    0.00
A08A   155.4   88.1  1  1    0.00    0.00
A13A   156.9  104.2  1  1    0.00    0.00
A14A   171.4  104.3  1  1    0.00    0.00
A01A    45.3   71.3  0  0   -0.07    0.83
A02A   168.2    8.6  0  0    0.10    1.24
A03A   110.4   75.9  0  0   -0.93    1.12
A05A   128.0   89.8  0  0    0.00    0.00
A08A   155.4   88.1  0  0    0.00    0.00
A13A   156.9  104.2  0  0    0.00    0.00
A14A   171.4  104.3  0  0    0.00    0.00
              30  16   8   8 1
A01A     3.9   73.5  1 -1    0.00    0.00
A02A   308.6   56.7  1  1    0.00    0.00
A03A    70.0   39.9  1  1    0.00    0.00
A05A   124.7   67.9  1  1    0.00    0.00
A06A   213.6   26.9 -1 -1    0.00    0.00
A08A   173.9   67.0 -1 -1    0.00    0.00
A10A   125.3   87.1 -1  1    0.00    0.00
A11A   208.7   84.5 -1 -1    0.00    0.00
A01A     3.9   73.5  0  0   -0.14    0.89
A02A   308.6   56.7  0  0    0.32    0.72
A03A    70.0   39.9  0  0   -0.46    0.92
A05A   124.7   67.9  0  0    0.36    0.84
A06A   213.6   26.9  0  0   -0.55    0.68
A08A   173.9   67.0  0  0    0.00    0.00
A10A   125.3   87.1  0  0    0.00    0.00
A11A   208.7   84.5  0  0    0.00    0.00
              31  22  12  10 1
ACC1   181.0   76.6  1  1    0.00    0.00
AEC2   154.4   88.9  1  1    0.00    0.00
A01A     3.4   72.5  1  1    0.00    0.00
A02A   307.8   55.9  1 -1    0.00    0.00
A03A    70.4   38.4  1  1    0.00    0.00
A06A   214.4   27.3 -1 -1    0.00    0.00
A08A   174.5   66.4 -1  1    0.00    0.00
A09A   244.1   82.1 -1 -1    0.00    0.00
A10A   125.6   86.3 -1 -1    0.00    0.00
A11A   208.9   83.9  1  1    0.00    0.00
A12A   187.4   95.5 -1  1    0.00    0.00
A14A   179.8   99.1  1  1    0.00    0.00
A01A     3.4   72.5  0  0    0.37    0.86
A02A   307.8   55.9  0  0    0.39    0.75
A03A    70.4   38.4  0  0   -0.25    0.92
A06A   214.4   27.3  0  0    0.24    0.67
A08A   174.5   66.4  0  0    0.47    0.67
A09A   244.1   82.1  0  0    0.27    1.30
A10A   125.6   86.3  0  0    0.00    0.00
A11A   208.9   83.9  0  0    0.25    1.40
A12A   187.4   95.5  0  0    0.00    0.00
A14A   179.8   99.1  0  0    0.00    0.00
              32  17   9   8 1
ACC1   181.8   84.4  1 -1    0.00    0.00
A01A     2.5   81.3  1 -1    0.00    0.00
A02A   307.7   65.9  1  1    0.00    0.00
A03A    68.0   45.1  1  1    0.00    0.00
A05A   125.3   75.0  1  1    0.00    0.00
A06A   218.7   33.3 -1 -1    0.00    0.00
A08A   175.4   74.6 -1 -1    0.00    0.00
A10A   125.6   92.8 -1  1    0.00    0.00
A11A   209.6   91.3 -1 -1    0.00    0.00
A01A     2.5   81.3  0  0   -0.44    1.21
A02A   307.7   65.9  0  0    0.31    0.82
A03A    68.0   45.1  0  0   -0.23    0.84
A05A   125.3   75.0  0  0    0.44    0.97
A06A   218.7   33.3  0  0   -0.44    0.58
A08A   175.4   74.6  0  0    0.00    0.00
A10A   125.6   92.8  0  0    0.00    0.00
A11A   209.6   91.3  0  0    0.00    0.00
              33  21  12   9 1
AAS2   183.9   93.5  1  1    0.00    0.00
ACC1   180.3   82.1 -1  1    0.00    0.00
AEC1   153.2   88.7 -1 -1    0.00    0.00
AEC2   154.0   93.3 -1 -1    0.00    0.00
A01A     4.3   78.0  1  1    0.00    0.00
A02A   308.3   61.0  1 -1    0.00    0.00
A03A    72.0   44.7  1  1    0.00    0.00
A06A   210.7   30.9 -1 -1    0.00    0.00
A08A   173.4   72.6 -1 -1    0.00    0.00
A10A   125.4   91.2 -1 -1    0.00    0.00
A11A   208.2   88.8  1  1    0.00    0.00
A14A   179.5  101.3  1  1    0.00    0.00
AAS2   183.9   93.5  0  0    0.06    1.61
A01A     4.3   78.0  0  0   -0.47    1.06
A02A   308.3   61.0  0  0    0.30    0.77
A03A    72.0   44.7  0  0   -0.49    0.88
A06A   210.7   30.9  0  0   -0.58    0.54
A08A   173.4   72.6  0  0    0.00    0.00
A10A   125.4   91.2  0  0    0.00    0.00
A11A   208.2   88.8  0  0    0.00    0.00
A14A   179.5  101.3  0  0    0.00    0.00
              34  22  12  10 1
AAS2   184.3   93.1  1  1    0.00    0.00
ACC1   180.8   81.5  1 -1    0.00    0.00
A01A     3.7   77.7  1  1    0.00    0.00
A02A   308.0   61.2  1  1    0.00    0.00
A03A    70.6   43.5  1  1    0.00    0.00
A06A   213.7   30.7 -1 -1    0.00    0.00
A07A   216.9   71.8 -1 -1    0.00    0.00
A08A   174.2   71.8 -1 -1    0.00    0.00
A10A   125.5   90.6 -1  1    0.00    0.00
A11A   208.7   88.4 -1 -1    0.00    0.00
A12A   187.3   97.8 -1  1    0.00    0.00
A14A   179.7  101.1  1  1    0.00    0.00
A01A     3.7   77.7  0  0   -0.33    1.04
A02A   308.0   61.2  0  0    0.27    0.74
A03A    70.6   43.5  0  0    0.00    0.95
A06A   213.7   30.7  0  0   -0.58    0.61
A07A   216.9   71.8  0  0   -0.16    0.88
A08A   174.2   71.8  0  0    0.00    0.00
A10A   125.5   90.6  0  0    0.00    0.00
A11A   208.7   88.4  0  0    0.00    0.00
A12A   187.3   97.8  0  0    0.00    0.00
A14A   179.7  101.1  0  0    0.00    0.00
              35  20  11   9 1
AAS2   184.3   92.1  1  1    0.00    0.00
ACC1   180.8   80.3  1  1    0.00    0.00
A01A     3.6   76.7  1  1    0.00    0.00
A02A   308.4   60.2  1 -1    0.00    0.00
A03A    69.8   42.5  1  1    0.00    0.00
A06A   214.4   29.4 -1 -1    0.00    0.00
A07A   217.1   70.4 -1 -1    0.00    0.00
A08A   174.2   70.3 -1 -1    0.00    0.00
A10A   125.3   89.7 -1 -1    0.00    0.00
A11A   208.8   87.2  1  1    0.00    0.00
A14A   179.7  100.7  1  1    0.00    0.00
A01A     3.6   76.7  0  0   -0.33    1.01
A02A   308.4   60.2  0  0    0.26    0.75
A03A    69.8   42.5  0  0   -0.07    0.87
A06A   214.4   29.4  0  0   -0.82    0.61
A07A   217.1   70.4  0  0   -0.24    0.81
A08A   174.2   70.3  0  0    0.00    0.00
A10A   125.3   89.7  0  0    0.00    0.00
A11A   208.8   87.2  0  0    0.00    0.00
A14A   179.7  100.7  0  0    0.00    0.00
              36  18  10   8 1
AAS2   184.6   91.3  1  1    0.00    0.00
ACC1   181.4   79.3  1  1    0.00    0.00
A01A     3.0   75.9  1  1    0.00    0.00
A02A   308.2   59.9  1 -1    0.00    0.00
A03A    68.4   40.9  1  1    0.00    0.00
A06A   217.3   28.9 -1 -1    0.00    0.00
A07A   218.0   69.5 -1 -1    0.00    0.00
A08A   174.9   69.1 -1 -1    0.00    0.00
A10A   125.4   88.8 -1 -1    0.00    0.00
A11A   209.3   86.3  1  1    0.00    0.00
A01A     3.0   75.9  0  0   -0.29    0.98
A02A   308.2   59.9  0  0    0.22    0.76
A03A    68.4   40.9  0  0   -0.04    0.86
A06A   217.3   28.9  0  0   -0.74    0.65
A07A   218.0   69.5  0  0   -0.24    0.79
A08A   174.9   69.1  0  0    0.00    0.00
A10A   125.4   88.8  0  0    0.00    0.00
A11A   209.3   86.3  0  0    0.00    0.00
              37  19  10   9 1
ACC1   180.5   82.8 -1 -1    0.00    0.00
A01A     4.1   78.7  1  1    0.00    0.00
A02A   308.1   61.9  1  1    0.00    0.00
A03A    71.8   45.0  1  1    0.00    0.00
A06A   211.5   31.6 -1 -1    0.00    0.00
A07A   216.2   73.0 -1 -1    0.00    0.00
A08A   173.7   73.3 -1 -1    0.00    0.00
A10A   125.5   91.6 -1  1    0.00    0.00
A11A   208.4   89.5  1 -1    0.00    0.00
A14A   179.6  101.6  1  1    0.00    0.00
A01A     4.1   78.7  0  0   -0.42    1.09
A02A   308.1   61.9  0  0    0.24    0.71
A03A    71.8   45.0  0  0   -0.27    1.03
A06A   211.5   31.6  0  0   -0.48    0.59
A07A   216.2   73.0  0  0   -0.12    0.89
A08A   173.7   73.3  0  0    0.03    0.89
A10A   125.5   91.6  0  0    0.00    0.00
A11A   208.4   89.5  0  0    0.00    0.00
A14A   179.6  101.6  0  0    0.00    0.00
              38  16   8   8 1
A01A     3.2   76.1  1  1    0.00    0.00
A02A   308.4   60.0  1 -1    0.00    0.00
A03A    68.7   41.4  1  1    0.00    0.00
A05A   124.8   70.0  1  1    0.00    0.00
A06A   216.6   28.9 -1 -1    0.00    0.00
A08A   174.7   69.3 -1 -1    0.00    0.00
A10A   125.3   89.0 -1  1    0.00    0.00
A11A   209.2   86.5  1  1    0.00    0.00
A01A     3.2   76.1  0  0   -0.15    0.99
A02A   308.4   60.0  0  0    0.27    0.76
A03A    68.7   41.4  0  0    0.02    0.85
A05A   124.8   70.0  0  0    0.48    0.90
A06A   216.6   28.9  0  0   -0.49    0.64
A08A   174.7   69.3  0  0    0.00    0.00
A10A   125.3   89.0  0  0    0.00    0.00
A11A   209.2   86.5  0  0    0.00    0.00
              39  25  14  11 1
AAS2   183.6   92.8  1 -1    0.00    0.00
ACC1   179.9   81.3 -1 -1    0.00    0.00
AEC2   153.9   92.7 -1  1    0.00    0.00
A01A     4.8   76.9  1  1    0.00    0.00
A02A   308.3   59.5  1  1    0.00    0.00
A03A    73.1   44.3  1  1    0.00    0.00
A05A   125.0   72.8  1 -1    0.00    0.00
A06A   208.5   30.3 -1 -1    0.00    0.00
A08A   173.0   71.8 -1 -1    0.00    0.00
A09A   243.3   85.9 -1 -1    0.00    0.00
A10A   125.4   90.6 -1  1    0.00    0.00
A11A   207.9   87.9 -1 -1    0.00    0.00
A12A   186.8   97.6 -1  1    0.00    0.00
A14A   179.4  101.0  1  1    0.00    0.00
A01A     4.8   76.9  0  0   -0.68    1.02
A02A   308.3   59.5  0  0    0.30    0.68
A03A    73.1   44.3  0  0   -0.43    1.06
A05A   125.0   72.8  0  0    0.23    0.92
A06A   208.5   30.3  0  0   -0.40    0.59
A08A   173.0   71.8  0  0    0.00    0.00
A09A   243.3   85.9  0  0   -0.08    1.58
A10A   125.4   90.6  0  0    0.00    0.00
A11A   207.9   87.9  0  0    0.00    0.00
A12A   186.8   97.6  0  0    0.00    0.00
A14A   179.4  101.0  0  0    0.00    0.00
              40  24  13  11 1
AAS1   172.7   93.7  1  1    0.00    0.00
AAS2   183.3   93.6  1  1    0.00    0.00
ACC1   179.3   82.4  1  1    0.00    0.00
AEC3   158.1   94.0 -1  1    0.00    0.00
A01A     5.5   77.7  1  1    0.00    0.00
A02A   308.6   59.7  1  1    0.00    0.00
A03A    74.4   46.1  1 -1    0.00    0.00
A05A   124.9   74.3  1  1    0.00    0.00
A06A   205.5   30.9 -1 -1    0.00    0.00
A08A   172.2   73.1 -1  1    0.00    0.00
A10A   125.3   91.5 -1  1    0.00    0.00
A11A   207.4   88.9 -1 -1    0.00    0.00
A14A   179.1  101.4  1  1    0.00    0.00
AAS1   172.7   93.7  0  0    0.00    0.00
AAS2   183.3   93.6  0  0    0.00    0.00
A01A     5.5   77.7  0  0   -0.55    1.05
A02A   308.6   59.7  0  0    0.25    0.74
A03A    74.4   46.1  0  0   -0.39    0.95
A05A   124.9   74.3  0  0    0.19    0.97
A06A   205.5   30.9  0  0   -0.38    0.51
A08A   172.2   73.1  0  0    0.00    0.00
A10A   125.3   91.5  0  0    0.00    0.00
A11A   207.4   88.9  0  0    0.00    0.00
A14A   179.1  101.4  0  0    0.00    0.00
              41  18  10   8 1
AAS2   183.4   91.6  1  1    0.00    0.00
ACC1   179.5   79.7 -1 -1    0.00    0.00
A01A     5.2   75.9  1  1    0.00    0.00
A02A   309.6   58.0  1  1    0.00    0.00
A03A    71.9   43.9  1  1    0.00    0.00
A06A   208.1   27.9 -1 -1    0.00    0.00
A07A   215.3   69.1 -1 -1    0.00    0.00
A08A   172.3   70.0 -1 -1    0.00    0.00
A10A   125.0   89.6 -1  1    0.00    0.00
A11A   207.8   86.4  1  1    0.00    0.00
A01A     5.2   75.9  0  0   -0.43    0.98
A02A   309.6   58.0  0  0    0.28    0.72
A03A    71.9   43.9  0  0   -0.24    0.90
A06A   208.1   27.9  0  0   -0.61    0.61
A07A   215.3   69.1  0  0   -0.14    0.77
A08A   172.3   70.0  0  0    0.00    0.00
A10A   125.0   89.6  0  0    0.00    0.00
A11A   207.8   86.4  0  0    0.00    0.00
              42  15   8   7 1
AAS2   187.4   99.6  1  1    0.00    0.00
A01A   359.0   91.5  1  1    0.00    0.00
A02A   312.2   79.2  1  1    0.00    0.00
A03A    45.8   52.8  1 -1    0.00    0.00
A05A   119.9   76.1  1  1    0.00    0.00
A06A   252.9   36.1 -1 -1    0.00    0.00
A07A   227.9   79.9 -1 -1    0.00    0.00
A08A   180.0   75.4 -1  1    0.00    0.00
A01A   359.0   91.5  0  0   -0.20    1.96
A02A   312.2   79.2  0  0    0.00    0.00
A03A    45.8   52.8  0  0   -0.12    0.47
A05A   119.9   76.1  0  0    0.36    1.03
A06A   252.9   36.1  0  0   -0.72    1.01
A07A   227.9   79.9  0  0   -0.20    1.18
A08A   180.0   75.4  0  0    0.00    0.00
              43  20  10  10 1
A01A     2.5   72.6  1 -1    0.00    0.00
A02A   308.5   56.8  1  1    0.00    0.00
A03A    66.4   37.4  1  1    0.00    0.00
A05A   124.7   65.3  1  1    0.00    0.00
A06A   220.3   26.0 -1 -1    0.00    0.00
A07A   218.8   65.5 -1 -1    0.00    0.00
A08A   175.4   64.8 -1 -1    0.00    0.00
A10A   125.3   85.4 -1  1    0.00    0.00
A11A   209.8   83.3 -1 -1    0.00    0.00
A13A   162.9   97.6 -1 -1    0.00    0.00
A01A     2.5   72.6  0  0   -0.15    0.86
A02A   308.5   56.8  0  0    0.34    0.72
A03A    66.4   37.4  0  0   -0.09    0.89
A05A   124.7   65.3  0  0    0.48    0.80
A06A   220.3   26.0  0  0   -0.68    0.75
A07A   218.8   65.5  0  0   -0.29    0.71
A08A   175.4   64.8  0  0    0.00    0.00
A10A   125.3   85.4  0  0    0.00    0.00
A11A   209.8   83.3  0  0    0.00    0.00
A13A   162.9   97.6  0  0    0.00    0.00
              44  18  10   8 1
AAS2   185.0   94.7  1  1    0.00    0.00
ACC1   182.0   83.3  1  1    0.00    0.00
AEC2   154.8   94.2  1  1    0.00    0.00
A01A     2.3   80.1  1  1    0.00    0.00
A02A   307.5   64.9  1  1    0.00    0.00
A06A   219.4   32.8 -1 -1    0.00    0.00
A10A   125.7   91.9 -1  1    0.00    0.00
A11A   209.7   90.5 -1  1    0.00    0.00
A12A   187.9   98.8 -1  1    0.00    0.00
A14A   180.2  101.8  1  1    0.00    0.00
ACC1   182.0   83.3  0  0    0.00    0.00
A01A     2.3   80.1  0  0   -0.61    1.15
A02A   307.5   64.9  0  0    0.30    0.81
A06A   219.4   32.8  0  0   -0.14    0.58
A10A   125.7   91.9  0  0    0.00    0.00
A11A   209.7   90.5  0  0    0.00    0.00
A12A   187.9   98.8  0  0    0.00    0.00
A14A   180.2  101.8  0  0    0.00    0.00
              45  23  12  11 1
AAS2   184.8   92.0  1  1    0.00    0.00
ACC1   181.6   80.2 -1 -1    0.00    0.00
AEC1   153.8   86.7 -1  1    0.00    0.00
A01A     2.8   76.8  1  1    0.00    0.00
A02A   308.0   61.1  1  1    0.00    0.00
A03A    68.2   41.5  1  1    0.00    0.00
A06A   218.0   29.8 -1 -1    0.00    0.00
A07A   218.1   70.6 -1 -1    0.00    0.00
A08A   175.2   70.1 -1 -1    0.00    0.00
A10A   125.5   89.5 -1  1    0.00    0.00
A11A   209.4   87.2 -1 -1    0.00    0.00
A14A   180.0  100.6  1  1    0.00    0.00
AAS2   184.8   92.0  0  0   -0.37    1.86
AEC1   153.8   86.7  0  0   -0.02    1.55
A01A     2.8   76.8  0  0   -0.34    1.01
A02A   308.0   61.1  0  0    0.31    0.74
A03A    68.2   41.5  0  0   -0.02    0.91
A06A   218.0   29.8  0  0   -0.66    0.66
A07A   218.1   70.6  0  0   -0.28    0.84
A08A   175.2   70.1  0  0    0.00    0.00
A10A   125.5   89.5  0  0    0.00    0.00
A11A   209.4   87.2  0  0    0.00    0.00
A14A   180.0  100.6  0  0    0.00    0.00
              46  21  11  10 1
AAS2   185.0   92.0  1  1    0.00    0.00
ACC1   182.0   80.1  1  1    0.00    0.00
A01A     2.3   77.4  1  1    0.00    0.00
A02A   308.3   62.1  1 -1    0.00    0.00
A03A    66.1   41.4  1  1    0.00    0.00
A06A   221.0   29.6 -1 -1    0.00    0.00
A07A   219.0   70.6 -1 -1    0.00    0.00
A08A   175.6   69.8 -1  1    0.00    0.00
A10A   125.3   89.5 -1 -1    0.00    0.00
A11A   209.9   87.4  1  1    0.00    0.00
A14A   180.2  100.6  1  1    0.00    0.00
AAS2   185.0   92.0  0  0   -0.26    1.85
A01A     2.3   77.4  0  0   -0.38    1.03
A02A   308.3   62.1  0  0    0.38    0.77
A03A    66.1   41.4  0  0   -0.23    0.81
A06A   221.0   29.6  0  0   -0.70    0.66
A07A   219.0   70.6  0  0   -0.22    0.83
A08A   175.6   69.8  0  0    0.00    0.00
A10A   125.3   89.5  0  0    0.00    0.00
A11A   209.9   87.4  0  0    0.00    0.00
A14A   180.2  100.6  0  0    0.00    0.00
              47  23  12  11 1
AAS2   184.8   91.5  1  1    0.00    0.00
ACC1   181.6   79.4  1  1    0.00    0.00
A01A     2.7   76.7  1  1    0.00    0.00
A02A   308.7   61.0  1  1    0.00    0.00
A03A    66.6   41.4  1  1    0.00    0.00
A06A   219.6   28.6 -1 -1    0.00    0.00
A07A   218.6   69.7 -1 -1    0.00    0.00
A08A   175.1   69.1 -1 -1    0.00    0.00
A10A   125.2   89.0 -1  1    0.00    0.00
A11A   209.6   86.6 -1 -1    0.00    0.00
A12A   187.7   96.8 -1  1    0.00    0.00
A14A   180.0  100.4  1  1    0.00    0.00
AAS2   184.8   91.5  0  0   -0.26    1.98
A01A     2.7   76.7  0  0   -0.35    1.01
A02A   308.7   61.0  0  0    0.26    0.73
A03A    66.6   41.4  0  0   -0.20    0.89
A06A   219.6   28.6  0  0   -0.79    0.71
A07A   218.6   69.7  0  0   -0.31    0.82
A08A   175.1   69.1  0  0    0.00    0.00
A10A   125.2   89.0  0  0    0.00    0.00
A11A   209.6   86.6  0  0    0.00    0.00
A12A   187.7   96.8  0  0    0.00    0.00
A14A   180.0  100.4  0  0    0.00    0.00
              48  16   8   8 1
A01A     1.9   76.0  1 -1    0.00    0.00
A02A   307.5   61.0  1  1    0.00    0.00
A03A    66.5   39.5  1  1    0.00    0.00
A05A   125.4   68.9  1  1    0.00    0.00
A06A   221.5   29.7 -1 -1    0.00    0.00
A07A   219.2   69.8 -1 -1    0.00    0.00
A08A   176.2   68.8 -1 -1    0.00    0.00
A11A   210.1   86.4 -1 -1    0.00    0.00
A01A     1.9   76.0  0  0   -0.10    0.98
A02A   307.5   61.0  0  0    0.33    0.77
A03A    66.5   39.5  0  0   -0.22    0.86
A05A   125.4   68.9  0  0    0.47    0.84
A06A   221.5   29.7  0  0   -0.71    0.68
A07A   219.2   69.8  0  0   -0.14    0.82
A08A   176.2   68.8  0  0    0.00    0.00
A11A   210.1   86.4  0  0    0.36    1.69
              49  21  11  10 1
AAS2   184.9   92.4  1  1    0.00    0.00
ACC1   181.8   80.5 -1 -1    0.00    0.00
A01A     2.5   77.9  1  1    0.00    0.00
A02A   308.5   62.4  1  1    0.00    0.00
A03A    66.4   42.2  1  1    0.00    0.00
A06A   220.3   29.7 -1 -1    0.00    0.00
A07A   218.8   71.0 -1 -1    0.00    0.00
A08A   175.4   70.3 -1 -1    0.00    0.00
A10A   125.3   89.9 -1  1    0.00    0.00
A11A   209.8   87.8 -1 -1    0.00    0.00
A14A   180.1  100.8  1  1    0.00    0.00
AAS2   184.9   92.4  0  0   -0.27    1.76
A01A     2.5   77.9  0  0    0.04    1.05
A02A   308.5   62.4  0  0    0.31    0.75
A03A    66.4   42.2  0  0   -0.08    0.88
A06A   220.3   29.7  0  0   -0.70    0.69
A07A   218.8   71.0  0  0   -0.24    0.86
A08A   175.4   70.3  0  0    0.00    0.00
A10A   125.3   89.9  0  0    0.00    0.00
A11A   209.8   87.8  0  0    0.00    0.00
A14A   180.1  100.8  0  0    0.00    0.00
              50  20  10  10 1
AAS2   185.2   92.7  1  1    0.00    0.00
A01A     2.0   79.7  1  1    0.00    0.00
A03A    61.3   43.7  1  1    0.00    0.00
A05A   123.0   70.8  1  1    0.00    0.00
A06A   227.4   28.2 -1 -1    0.00    0.00
A07A   220.7   71.2  1 -1    0.00    0.00
A08A   175.7   69.9 -1  1    0.00    0.00
A10A   124.4   90.2 -1 -1    0.00    0.00
A11A   210.7   88.6 -1  1    0.00    0.00
A14A   180.3  100.9  1  1    0.00    0.00
AAS2   185.2   92.7  0  0    0.00    0.00
A01A     2.0   79.7  0  0   -0.35    1.13
A03A    61.3   43.7  0  0    0.00    0.76
A05A   123.0   70.8  0  0    0.00    0.00
A06A   227.4   28.2  0  0   -0.28    0.79
A07A   220.7   71.2  0  0   -0.12    0.86
A08A   175.7   69.9  0  0    0.00    0.00
A10A   124.4   90.2  0  0    0.00    0.00
A11A   210.7   88.6  0  0    0.00    0.00
A14A   180.3  100.9  0  0    0.00    0.00
              51  29  15  14 1
AAS1   174.9   93.1 -1 -1    0.00    0.00
AAS2   185.9   93.1  1 -1    0.00    0.00
ACC1   183.3   80.9 -1 -1    0.00    0.00
AEC1   154.0   87.7 -1 -1    0.00    0.00
A01A     1.0   80.3  1 -1    0.00    0.00
A02A   309.6   66.3  1  1    0.00    0.00
A03A    59.0   42.9 -1 -1    0.00    0.00
A06A   231.5   29.9  1  1    0.00    0.00
A07A   222.0   72.0  1  1    0.00    0.00
A08A   177.1   70.1 -1 -1    0.00    0.00
A09A   247.1   88.1 -1 -1    0.00    0.00
A10A   124.7   90.4 -1 -1    0.00    0.00
A11A   211.4   89.1  1  1    0.00    0.00
A12A   188.6   98.0 -1 -1    0.00    0.00
A14A   180.6  101.1  1 -1    0.00    0.00
AAS1   174.9   93.1  0  0    0.00    0.00
AAS2   185.9   93.1  0  0    0.00    0.00
AEC1   154.0   87.7  0  0    0.09    1.77
A01A     1.0   80.3  0  0   -0.44    1.16
A02A   309.6   66.3  0  0    0.48    0.76
A03A    59.0   42.9  0  0   -0.18    0.82
A06A   231.5   29.9  0  0   -0.40    0.87
A07A   222.0   72.0  0  0    0.15    0.88
A08A   177.1   70.1  0  0    0.00    0.00
A09A   247.1   88.1  0  0    0.00    0.00
A10A   124.7   90.4  0  0    0.00    0.00
A11A   211.4   89.1  0  0    0.00    0.00
A12A   188.6   98.0  0  0    0.00    0.00
A14A   180.6  101.1  0  0    0.00    0.00
              52  19  10   9 1
AAS2   186.3   92.6  1 -1    0.00    0.00
ACC1   184.0   80.2 -1 -1    0.00    0.00
A01A     0.3   80.1  1 -1    0.00    0.00
A02A   309.7   66.7  1  1    0.00    0.00
A03A    56.5   42.1 -1 -1    0.00    0.00
A06A   235.4   29.8  1  1    0.00    0.00
A08A   178.0   69.1 -1 -1    0.00    0.00
A10A   124.6   89.7 -1  1    0.00    0.00
A11A   212.1   88.6 -1 -1    0.00    0.00
A13A   163.3   99.8 -1 -1    0.00    0.00
AAS2   186.3   92.6  0  0    0.00    0.00
A01A     0.3   80.1  0  0   -0.34    1.15
A02A   309.7   66.7  0  0    0.44    0.79
A03A    56.5   42.1  0  0   -0.07    0.76
A06A   235.4   29.8  0  0   -0.56    0.90
A08A   178.0   69.1  0  0    0.00    0.00
A10A   124.6   89.7  0  0    0.00    0.00
A11A   212.1   88.6  0  0    0.00    0.00
A13A   163.3   99.8  0  0    0.00    0.00
              53  29  15  14 1
AAS2   185.9   91.6  1  1    0.00    0.00
ACC1   183.3   79.2  1  1    0.00    0.00
AID1   162.4   94.9  1  1    0.00    0.00
A01A     1.0   78.3  1  1    0.00    0.00
A02A   309.3   64.1  1  1    0.00    0.00
A03A    59.8   40.9  1 -1    0.00    0.00
A04A   272.4   75.9 -1 -1    0.00    0.00
A06A   230.5   28.9  1  1    0.00    0.00
A07A   221.8   70.2  1  1    0.00    0.00
A08A   177.2   68.3 -1  1    0.00    0.00
A09A   246.9   86.2 -1 -1    0.00    0.00
A10A   124.8   88.8 -1 -1    0.00    0.00
A12A   188.6   97.0 -1  1    0.00    0.00
A13A   163.2   99.2  1  1    0.00    0.00
A14A   180.6  100.4  1  1    0.00    0.00
AAS2   185.9   91.6  0  0   -0.39    1.94
AID1   162.4   94.9  0  0    0.00    0.00
A01A     1.0   78.3  0  0   -0.53    1.07
A02A   309.3   64.1  0  0    0.39    0.77
A03A    59.8   40.9  0  0   -0.38    0.76
A04A   272.4   75.9  0  0   -0.18    2.05
A06A   230.5   28.9  0  0   -0.76    0.81
A07A   221.8   70.2  0  0   -0.28    0.84
A08A   177.2   68.3  0  0    0.00    0.00
A09A   246.9   86.2  0  0    0.00    0.00
A10A   124.8   88.8  0  0    0.00    0.00
A12A   188.6   97.0  0  0    0.00    0.00
A13A   163.2   99.2  0  0    0.00    0.00
A14A   180.6  100.4  0  0    0.00    0.00
              54  15   8   7 1
ACC1   182.8   77.6  1  1    0.00    0.00
A01A     1.4   74.4  1  1    0.00    0.00
A03A    66.0   37.4  1  1    0.00    0.00
A06A   222.8   29.1 -1 -1    0.00    0.00
A07A   219.6   68.3 -1 -1    0.00    0.00
A08A   176.8   67.1 -1  1    0.00    0.00
A10A   125.8   87.0 -1 -1    0.00    0.00
A11A   210.3   85.1  1  1    0.00    0.00
A01A     1.4   74.4  0  0   -0.15    0.93
A03A    66.0   37.4  0  0    0.21    0.85
A06A   222.8   29.1  0  0   -0.06    0.69
A07A   219.6   68.3  0  0    0.03    0.76
A08A   176.8   67.1  0  0    0.00    0.00
A10A   125.8   87.0  0  0    0.00    0.00
A11A   210.3   85.1  0  0    0.00    0.00
              55  17   9   8 1
AAS2   186.1   90.8  1  1    0.00    0.00
ACC1   183.7   78.3  1  1    0.00    0.00
A01A     0.6   77.4  1  1    0.00    0.00
A02A   308.9   63.4  1 -1    0.00    0.00
A03A    59.1   39.4 -1 -1    0.00    0.00
A05A   124.1   67.4  1 -1    0.00    0.00
A06A   231.7   28.9  1  1    0.00    0.00
A07A   222.2   69.4  1  1    0.00    0.00
A08A   177.7   67.3 -1  1    0.00    0.00
AAS2   186.1   90.8  0  0    0.02    2.21
A01A     0.6   77.4  0  0   -0.31    1.03
A02A   308.9   63.4  0  0    0.00    0.00
A03A    59.1   39.4  0  0   -0.17    0.76
A05A   124.1   67.4  0  0    0.53    0.83
A06A   231.7   28.9  0  0   -0.82    0.82
A07A   222.2   69.4  0  0   -0.13    0.81
A08A   177.7   67.3  0  0    0.00    0.00
              56  17   9   8 1
AAS2   185.5   89.4  1  1    0.00    0.00
ACC1   182.8   76.5  1  1    0.00    0.00
A01A     1.4   74.3  1  1    0.00    0.00
A02A   308.2   59.5  1 -1    0.00    0.00
A03A    63.5   37.5  1  1    0.00    0.00
A06A   225.4   27.5 -1 -1    0.00    0.00
A07A   220.3   67.1 -1 -1    0.00    0.00
A08A   176.7   65.7 -1 -1    0.00    0.00
A10A   125.3   86.3 -1 -1    0.00    0.00
AAS2   185.5   89.4  0  0   -0.30    2.36
A01A     1.4   74.3  0  0   -0.33    0.92
A02A   308.2   59.5  0  0    0.00    0.00
A03A    63.5   37.5  0  0   -0.07    0.81
A06A   225.4   27.5  0  0   -0.50    0.75
A07A   220.3   67.1  0  0   -0.10    0.73
A08A   176.7   65.7  0  0    0.00    0.00
A10A   125.3   86.3  0  0    0.00    0.00
              57  23  12  11 1
AAS2   185.8   90.2  1 -1    0.00    0.00
ACC1   183.3   77.6 -1 -1    0.00    0.00
A01A     1.0   76.0  1  1    0.00    0.00
A02A   308.6   61.7  1  1    0.00    0.00
A03A    61.3   38.6  1  1    0.00    0.00
A06A   228.5   28.3  1 -1    0.00    0.00
A07A   221.2   68.5  1 -1    0.00    0.00
A08A   177.2   66.7 -1 -1    0.00    0.00
A09A   246.5   84.4 -1 -1    0.00    0.00
A10A   125.2   87.2 -1  1    0.00    0.00
A12A   188.5   96.1 -1  1    0.00    0.00
A14A   180.6   99.7  1  1    0.00    0.00
ACC1   183.3   77.6  0  0   -0.15    1.04
A01A     1.0   76.0  0  0   -0.34    0.98
A02A   308.6   61.7  0  0    0.47    0.70
A03A    61.3   38.6  0  0   -0.27    0.87
A06A   228.5   28.3  0  0   -0.77    0.84
A07A   221.2   68.5  0  0   -0.09    0.78
A08A   177.2   66.7  0  0    0.00    0.00
A09A   246.5   84.4  0  0    0.00    0.00
A10A   125.2   87.2  0  0    0.00    0.00
A12A   188.5   96.1  0  0    0.00    0.00
A14A   180.6   99.7  0  0    0.00    0.00
              58  16   8   8 1
A01A     2.3   73.3  1  1    0.00    0.00
A02A   307.1   57.6  1  1    0.00    0.00
A03A    68.6   37.6  1  1    0.00    0.00
A05A   125.8   66.9  1 -1    0.00    0.00
A06A   218.6   28.3 -1 -1    0.00    0.00
A07A   218.3   67.4 -1 -1    0.00    0.00
A08A   175.7   66.7 -1 -1    0.00    0.00
A10A   125.8   86.6 -1  1    0.00    0.00
A01A     2.3   73.3  0  0   -0.11    0.89
A02A   307.1   57.6  0  0    0.26    0.75
A03A    68.6   37.6  0  0   -0.15    0.90
A05A   125.8   66.9  0  0    0.45    0.83
A06A   218.6   28.3  0  0   -0.61    0.68
A07A   218.3   67.4  0  0   -0.25    0.73
A08A   175.7   66.7  0  0    0.00    0.00
A10A   125.8   86.6  0  0    0.00    0.00
              59  19  10   9 1
AAS2   185.3   91.6  1 -1    0.00    0.00
A01A     1.9   77.1  1  1    0.00    0.00
A02A   308.3   62.1  1  1    0.00    0.00
A03A    64.8   40.6  1  1    0.00    0.00
A06A   223.2   29.4 -1 -1    0.00    0.00
A07A   219.7   70.2 -1 -1    0.00    0.00
A08A   176.2   69.1 -1 -1    0.00    0.00
A10A   125.3   88.9 -1  1    0.00    0.00
A11A   210.3   86.9 -1 -1    0.00    0.00
A14A   180.3  100.4 -1  1    0.00    0.00
A01A     1.9   77.1  0  0   -0.30    1.02
A02A   308.3   62.1  0  0    0.25    0.71
A03A    64.8   40.6  0  0   -0.26    0.91
A06A   223.2   29.4  0  0   -0.62    0.76
A07A   219.7   70.2  0  0   -0.20    0.82
A08A   176.2   69.1  0  0    0.00    0.00
A10A   125.3   88.9  0  0    0.00    0.00
A11A   210.3   86.9  0  0    0.00    0.00
A14A   180.3  100.4  0  0    0.00    0.00
              60  27  15  12 1
AAS2   186.4   90.4  1  1    0.00    0.00
ACC1   184.2   77.6 -1  1    0.00    0.00
AEC2   155.1   90.4 -1 -1    0.00    0.00
AEC3   159.8   90.7  1 -1    0.00    0.00
A01A     0.1   77.3  1  1    0.00    0.00
A02A   309.2   63.7  1  1    0.00    0.00
A03A    56.9   39.0  1  1    0.00    0.00
A04A   273.0   75.0 -1 -1    0.00    0.00
A06A   234.8   28.5  1  1    0.00    0.00
A07A   223.1   68.9  1 -1    0.00    0.00
A08A   178.3   66.4 -1 -1    0.00    0.00
A09A   247.6   85.0 -1 -1    0.00    0.00
A10A   124.8   87.2 -1 -1    0.00    0.00
A12A   189.0   96.2 -1  1    0.00    0.00
A14A   180.9   99.7  1  1    0.00    0.00
AAS2   186.4   90.4  0  0   -0.30    2.47
A01A     0.1   77.3  0  0   -0.43    1.03
A02A   309.2   63.7  0  0    0.42    0.75
A03A    56.9   39.0  0  0   -0.35    0.77
A04A   273.0   75.0  0  0   -0.15    2.10
A06A   234.8   28.5  0  0   -0.74    0.89
A07A   223.1   68.9  0  0   -0.41    0.81
A08A   178.3   66.4  0  0    0.00    0.00
A09A   247.6   85.0  0  0    0.00    0.00
A10A   124.8   87.2  0  0    0.00    0.00
A12A   189.0   96.2  0  0    0.00    0.00
A14A   180.9   99.7  0  0    0.00    0.00
              61  15   8   7 1
ACC1   183.0   77.1 -1 -1    0.00    0.00
A01A     1.2   74.9  1 -1    0.00    0.00
A02A   308.0   60.3  1 -1    0.00    0.00
A06A   226.0   28.2  1  1    0.00    0.00
A07A   220.5   67.9  1  1    0.00    0.00
A08A   177.0   66.3 -1 -1    0.00    0.00
A10A   125.4   86.7 -1 -1    0.00    0.00
A11A   210.8   84.9  1  1    0.00    0.00
A01A     1.2   74.9  0  0   -0.13    0.94
A02A   308.0   60.3  0  0    0.00    0.00
A06A   226.0   28.2  0  0   -0.54    0.83
A07A   220.5   67.9  0  0   -0.22    0.78
A08A   177.0   66.3  0  0    0.00    0.00
A10A   125.4   86.7  0  0    0.00    0.00
A11A   210.8   84.9  0  0    0.00    0.00
              62  24  13  11 1
AAS2   186.1   89.0  1  1    0.00    0.00
ACC1   183.7   75.9 -1 -1    0.00    0.00
AEC1   154.5   82.7 -1 -1    0.00    0.00
A01A     0.6   74.6  1  1    0.00    0.00
A02A   308.5   60.4  1  1    0.00    0.00
A03A    59.9   36.8 -1 -1    0.00    0.00
A04A   272.1   72.4 -1  1    0.00    0.00
A06A   230.7   27.4  1  1    0.00    0.00
A07A   221.9   66.8  1  1    0.00    0.00
A08A   177.8   64.8 -1 -1    0.00    0.00
A09A   246.8   83.1 -1 -1    0.00    0.00
A10A   125.2   85.7 -1 -1    0.00    0.00
A14A   180.8   99.0  1  1    0.00    0.00
AEC1   154.5   82.7  0  0    0.19    1.25
A01A     0.6   74.6  0  0   -0.26    0.93
A02A   308.5   60.4  0  0    0.38    0.71
A03A    59.9   36.8  0  0   -0.28    0.84
A04A   272.1   72.4  0  0   -0.07    2.63
A06A   230.7   27.4  0  0   -0.47    0.86
A07A   221.9   66.8  0  0   -0.20    0.75
A08A   177.8   64.8  0  0    0.00    0.00
A09A   246.8   83.1  0  0    0.00    0.00
A10A   125.2   85.7  0  0    0.00    0.00
A14A   180.8   99.0  0  0    0.00    0.00
              63  20  11   9 1
AAS2   185.3   92.2  1  1    0.00    0.00
ACC1   182.4   80.2  1  1    0.00    0.00
A01A     1.9   77.8  1  1    0.00    0.00
A02A   308.3   62.9  1 -1    0.00    0.00
A03A    64.8   41.2  1 -1    0.00    0.00
A06A   223.2   29.9  1  1    0.00    0.00
A07A   219.7   70.9  1  1    0.00    0.00
A08A   176.2   69.8 -1  1    0.00    0.00
A09A   245.6   86.4 -1 -1    0.00    0.00
A10A   125.3   89.5 -1 -1    0.00    0.00
A14A   180.3  100.7  1  1    0.00    0.00
A01A     1.9   77.8  0  0   -0.47    1.05
A02A   308.3   62.9  0  0    0.39    0.76
A03A    64.8   41.2  0  0   -0.08    0.84
A06A   223.2   29.9  0  0   -0.67    0.71
A07A   219.7   70.9  0  0   -0.02    0.85
A08A   176.2   69.8  0  0    0.00    0.00
A09A   245.6   86.4  0  0    0.00    0.00
A10A   125.3   89.5  0  0    0.00    0.00
A14A   180.3  100.7  0  0    0.00    0.00
              64  15   8   7 1
AAS2   185.5   93.1  1  1    0.00    0.00
AEC1   154.3   88.2  1  1    0.00    0.00
A01A     1.4   78.9  1  1    0.00    0.00
A03A    64.3   41.6  1  1    0.00    0.00
A06A   224.5   31.3 -1 -1    0.00    0.00
A08A   176.7   71.0 -1  1    0.00    0.00
A10A   125.5   90.3 -1 -1    0.00    0.00
A11A   210.5   88.8 -1  1    0.00    0.00
AEC1   154.3   88.2  0  0    0.06    1.77
A01A     1.4   78.9  0  0   -0.40    1.10
A03A    64.3   41.6  0  0   -0.16    0.84
A06A   224.5   31.3  0  0   -0.52    0.70
A08A   176.7   71.0  0  0    0.00    0.00
A10A   125.5   90.3  0  0    0.00    0.00
A11A   210.5   88.8  0  0    0.00    0.00
              65  28  14  14 1
AAS2   185.7   90.5  1  1    0.00    0.00
ACC1   183.1   77.9 -1  1    0.00    0.00
AEC1   154.0   84.7  1  1    0.00    0.00
A01A     1.2   76.9  1  1    0.00    0.00
A02A   309.5   62.5  1  1    0.00    0.00
A03A    60.1   40.0  1 -1    0.00    0.00
A06A   229.9   27.6  1  1    0.00    0.00
A07A   221.6   68.7  1  1    0.00    0.00
A08A   176.9   66.9 -1  1    0.00    0.00
A09A   246.8   84.7 -1 -1    0.00    0.00
A10A   124.8   87.6 -1 -1    0.00    0.00
A12A   188.5   96.3 -1  1    0.00    0.00
A13A   163.1   98.4  1  1    0.00    0.00
A14A   180.6   99.8  1  1    0.00    0.00
AAS2   185.7   90.5  0  0   -0.36    2.42
ACC1   183.1   77.9  0  0   -0.21    1.06
AEC1   154.0   84.7  0  0    0.02    1.39
A01A     1.2   76.9  0  0   -0.50    1.02
A02A   309.5   62.5  0  0    0.41    0.74
A03A    60.1   40.0  0  0   -0.28    0.78
A06A   229.9   27.6  0  0   -0.88    0.83
A07A   221.6   68.7  0  0   -0.35    0.79
A08A   176.9   66.9  0  0   -0.10    0.69
A09A   246.8   84.7  0  0    0.00    0.00
A10A   124.8   87.6  0  0    0.00    0.00
A12A   188.5   96.3  0  0    0.00    0.00
A13A   163.1   98.4  0  0    0.00    0.00
A14A   180.6   99.8  0  0    0.00    0.00
              66  27  14  13 1
AAS2   185.9   92.3  1  1    0.00    0.00
ACC1   183.4   79.7  1  1    0.00    0.00
AEC1   153.8   86.5 -1 -1    0.00    0.00
A01A     1.0   79.7  1  1    0.00    0.00
A02A   310.3   65.7  1 -1    0.00    0.00
A03A    57.5   42.6  1  1    0.00    0.00
A04A   273.4   76.8 -1 -1    0.00    0.00
A06A   233.7   28.4  1  1    0.00    0.00
A07A   222.5   70.7  1  1    0.00    0.00
A08A   177.1   68.6 -1 -1    0.00    0.00
A09A   247.5   87.0 -1 -1    0.00    0.00
A10A   124.3   89.4 -1 -1    0.00    0.00
A12A   188.6   97.4 -1  1    0.00    0.00
A14A   180.6  100.6  1  1    0.00    0.00
ACC1   183.4   79.7  0  0    0.00    0.00
AEC1   153.8   86.5  0  0    0.03    1.55
A01A     1.0   79.7  0  0   -0.55    1.13
A02A   310.3   65.7  0  0    0.36    0.77
A03A    57.5   42.6  0  0   -0.40    0.74
A04A   273.4   76.8  0  0   -0.10    1.95
A06A   233.7   28.4  0  0   -0.68    0.88
A07A   222.5   70.7  0  0   -0.56    0.85
A08A   177.1   68.6  0  0    0.00    0.00
A09A   247.5   87.0  0  0    0.00    0.00
A10A   124.3   89.4  0  0    0.00    0.00
A12A   188.6   97.4  0  0    0.00    0.00
A14A   180.6  100.6  0  0    0.00    0.00
              67  17   9   8 1
ACC1   184.2   73.6 -1 -1    0.00    0.00
A02A   306.1   56.6  1  1    0.00    0.00
A03A    63.1   32.2  1 -1    0.00    0.00
A06A   227.7   27.7  1  1    0.00    0.00
A07A   221.2   64.6  1  1    0.00    0.00
A08A   178.6   62.6 -1 -1    0.00    0.00
A10A   126.2   83.3 -1 -1    0.00    0.00
A11A   211.3   82.1  1  1    0.00    0.00
A14A   181.0   96.8  1 -1    0.00    0.00
A02A   306.1   56.6  0  0    0.00    0.00
A03A    63.1   32.2  0  0   -0.40    1.01
A06A   227.7   27.7  0  0   -0.82    0.86
A07A   221.2   64.6  0  0   -0.42    0.70
A08A   178.6   62.6  0  0    0.00    0.00
A10A   126.2   83.3  0  0    0.00    0.00
A11A   211.3   82.1  0  0    0.00    0.00
A14A   181.0   96.8  0  0    0.00    0.00
              68  23  13  10 1
AAS1   175.1   93.6  1  1    0.00    0.00
AAS2   186.1   93.6  1  1    0.00    0.00
ACC1   183.7   81.7  1  1    0.00    0.00
AEC3   159.8   94.0 -1  1    0.00    0.00
A01A     0.6   80.5  1  1    0.00    0.00
A03A    59.9   42.1 -1 -1    0.00    0.00
A06A   230.7   31.6  1  1    0.00    0.00
A07A   221.9   73.1  1  1    0.00    0.00
A08A   177.8   71.1 -1  1    0.00    0.00
A10A   125.2   90.8 -1 -1    0.00    0.00
A11A   211.5   89.6 -1  1    0.00    0.00
A12A   188.7   98.3 -1  1    0.00    0.00
A14A   180.8  101.3  1  1    0.00    0.00
AAS1   175.1   93.6  0  0    0.00    0.00
A01A     0.6   80.5  0  0   -0.67    1.17
A03A    59.9   42.1  0  0   -0.09    0.85
A06A   230.7   31.6  0  0   -0.53    0.84
A07A   221.9   73.1  0  0    0.46    0.92
A08A   177.8   71.1  0  0    0.00    0.00
A10A   125.2   90.8  0  0    0.00    0.00
A11A   211.5   89.6  0  0    0.00    0.00
A12A   188.7   98.3  0  0    0.00    0.00
A14A   180.8  101.3  0  0    0.00    0.00
              69  29  15  14 1
AAS2   186.8   91.0  1  1    0.00    0.00
ACC1   184.8   78.0  1  1    0.00    0.00
AEC1   154.7   84.7 -1 -1    0.00    0.00
AEC2   155.3   90.7  1  1    0.00    0.00
AID1   162.9   94.1  1  1    0.00    0.00
A01A   359.5   78.2  1  1    0.00    0.00
A03A    54.4   39.3  1  1    0.00    0.00
A04A   273.6   76.0 -1 -1    0.00    0.00
A06A   238.5   29.4  1  1    0.00    0.00
A07A   224.2   69.6  1  1    0.00    0.00
A08A   179.1   66.5 -1  1    0.00    0.00
A09A   248.1   85.8 -1 -1    0.00    0.00
A10A   124.7   87.5 -1 -1    0.00    0.00
A12A   189.3   96.5 -1  1    0.00    0.00
A14A   181.2   99.9  1  1    0.00    0.00
AAS2   186.8   91.0  0  0   -0.34    2.15
ACC1   184.8   78.0  0  0    0.00    0.00
AEC1   154.7   84.7  0  0   -0.01    1.38
AID1   162.9   94.1  0  0    0.00    0.00
A01A   359.5   78.2  0  0   -0.63    1.07
A03A    54.4   39.3  0  0   -0.12    0.73
A04A   273.6   76.0  0  0   -0.10    1.86
A06A   238.5   29.4  0  0   -0.64    0.93
A07A   224.2   69.6  0  0   -0.24    0.83
A08A   179.1   66.5  0  0    0.00    0.00
A09A   248.1   85.8  0  0    0.00    0.00
A10A   124.7   87.5  0  0    0.00    0.00
A12A   189.3   96.5  0  0    0.00    0.00
A14A   181.2   99.9  0  0    0.00    0.00
              70  22  11  11 1
AAS2   186.7   89.1  1  1    0.00    0.00
AEC1   155.0   82.8  1 -1    0.00    0.00
AEC2   155.5   88.7 -1 -1    0.00    0.00
A01A   359.5   75.3  1  1    0.00    0.00
A03A    56.7   36.2  1  1    0.00    0.00
A06A   235.3   28.5  1  1    0.00    0.00
A07A   223.4   67.5  1  1    0.00    0.00
A08A   179.1   64.7 -1  1    0.00    0.00
A10A   125.2   85.6 -1 -1    0.00    0.00
A11A   212.3   84.5 -1  1    0.00    0.00
A14A   181.2   99.1  1  1    0.00    0.00
AAS2   186.7   89.1  0  0   -0.57    2.24
AEC1   155.0   82.8  0  0   -0.24    1.25
AEC2   155.5   88.7  0  0   -0.25    1.85
A01A   359.5   75.3  0  0   -0.78    0.96
A03A    56.7   36.2  0  0    0.05    0.80
A06A   235.3   28.5  0  0   -0.71    0.90
A07A   223.4   67.5  0  0    0.04    0.78
A08A   179.1   64.7  0  0    0.00    0.00
A10A   125.2   85.6  0  0    0.00    0.00
A11A   212.3   84.5  0  0    0.00    0.00
A14A   181.2   99.1  0  0    0.00    0.00
              71  28  14  14 1
AAS2   186.9   90.0  1 -1    0.00    0.00
ACC1   185.0   77.1 -1 -1    0.00    0.00
AEC1   155.1   83.7 -1 -1    0.00    0.00
AID1   163.1   93.4  1  1    0.00    0.00
A01A   359.3   76.7  1  1    0.00    0.00
A02A   308.4   63.6  1  1    0.00    0.00
A03A    55.5   37.3  1  1    0.00    0.00
A06A   236.8   29.4  1 -1    0.00    0.00
A07A   223.8   68.7 -1 -1    0.00    0.00
A08A   179.4   65.7 -1 -1    0.00    0.00
A09A   247.8   84.7 -1 -1    0.00    0.00
A10A   125.1   86.5 -1 -1    0.00    0.00
A12A   189.3   95.9 -1  1    0.00    0.00
A14A   181.2   99.5  1  1    0.00    0.00
AAS2   186.9   90.0  0  0   -0.43    4.03
ACC1   185.0   77.1  0  0    0.00    0.00
AEC1   155.1   83.7  0  0    0.13    1.36
AID1   163.1   93.4  0  0    0.00    0.00
A01A   359.3   76.7  0  0   -0.65    1.01
A02A   308.4   63.6  0  0    0.34    0.72
A03A    55.5   37.3  0  0    0.02    0.79
A06A   236.8   29.4  0  0   -0.72    0.93
A07A   223.8   68.7  0  0   -0.30    0.79
A08A   179.4   65.7  0  0   -0.16    0.65
A09A   247.8   84.7  0  0    0.00    0.00
A10A   125.1   86.5  0  0    0.00    0.00
A12A   189.3   95.9  0  0    0.00    0.00
A14A   181.2   99.5  0  0    0.00    0.00
              72  18  10   8 1
AAS2   185.5   90.4  1 -1    0.00    0.00
ACC1   182.7   77.8 -1 -1    0.00    0.00
AEC3   159.2   90.9 -1 -1    0.00    0.00
A01A     1.6   76.6  1  1    0.00    0.00
A02A   309.5   61.8  1  1    0.00    0.00
A03A    61.4   40.1 -1 -1    0.00    0.00
A06A   227.6   27.3  1  1    0.00    0.00
A07A   220.9   68.4  1  1    0.00    0.00
A08A   176.3   66.9 -1 -1    0.00    0.00
A14A   180.4   99.8  1  1    0.00    0.00
AAS2   185.5   90.4  0  0   -0.43    2.44
A01A     1.6   76.6  0  0    0.00    0.00
A02A   309.5   61.8  0  0    0.00    0.00
A03A    61.4   40.1  0  0   -0.07    0.84
A06A   227.6   27.3  0  0    0.00    0.00
A07A   220.9   68.4  0  0    0.00    0.00
A08A   176.3   66.9  0  0    0.00    0.00
A14A   180.4   99.8  0  0    0.00    0.00
              73  25  13  12 1
AAS2   187.2   90.8  1  1    0.00    0.00
ACC1   185.4   77.8  1  1    0.00    0.00
AEC1   155.2   84.4 -1  1    0.00    0.00
AEC2   155.7   90.5  1  1    0.00    0.00
AID1   163.2   93.9  1  1    0.00    0.00
A01A   358.9   78.0  1  1    0.00    0.00
A03A    53.2   38.2  1 -1    0.00    0.00
A06A   239.8   30.2  1  1    0.00    0.00
A07A   224.8   69.7  1  1    0.00    0.00
A09A   248.3   85.7 -1 -1    0.00    0.00
A10A   125.0   87.1 -1 -1    0.00    0.00
A12A   189.5   96.4 -1  1    0.00    0.00
A14A   181.4   99.8  1  1    0.00    0.00
AAS2   187.2   90.8  0  0   -0.48    2.21
ACC1   185.4   77.8  0  0    0.00    0.00
AEC1   155.2   84.4  0  0    0.12    1.38
AID1   163.2   93.9  0  0    0.00    0.00
A01A   358.9   78.0  0  0   -0.65    1.06
A03A    53.2   38.2  0  0   -0.24    0.69
A06A   239.8   30.2  0  0   -0.79    0.90
A07A   224.8   69.7  0  0   -0.25    0.82
A09A   248.3   85.7  0  0    0.00    0.00
A10A   125.0   87.1  0  0    0.00    0.00
A12A   189.5   96.4  0  0    0.00    0.00
A14A   181.4   99.8  0  0    0.00    0.00
              74  14   8   6 1
AAS2   188.2  125.9  1  1    0.00    0.00
ACC1   187.1  120.9  1  1    0.00    0.00
AEC1   156.8  123.4 -1  1    0.00    0.00
A01A   357.0  120.5  1  1    0.00    0.00
A06A   240.4   85.7  1 -1    0.00    0.00
A07A   225.6  116.6 -1 -1    0.00    0.00
A12A   190.3  129.2 -1  1    0.00    0.00
A14A   182.1  130.1  1  1    0.00    0.00
AEC1   156.8  123.4  0  0   -0.04    0.42
A01A   357.0  120.5  0  0   -0.31    0.45
A06A   240.4   85.7  0  0   -0.43    1.67
A07A   225.6  116.6  0  0    0.00    0.00
A12A   190.3  129.2  0  0    0.00    0.00
A14A   182.1  130.1  0  0    0.00    0.00
              75  22  12  10 1
AAS2   186.6   90.8  1  1    0.00    0.00
ACC1   184.6   78.1 -1  1    0.00    0.00
AEC2   155.3   90.8  1  1    0.00    0.00
A01A   359.7   77.7  1  1    0.00    0.00
A02A   308.8   64.4  1 -1    0.00    0.00
A03A    56.2   38.8  1 -1    0.00    0.00
A04A   273.0   75.7 -1 -1    0.00    0.00
A06A   235.8   29.5  1  1    0.00    0.00
A07A   223.5   69.5  1  1    0.00    0.00
A09A   247.7   85.5 -1 -1    0.00    0.00
A10A   125.0   87.4 -1 -1    0.00    0.00
A12A   189.1   96.4 -1  1    0.00    0.00
AAS2   186.6   90.8  0  0   -0.35    2.21
A01A   359.7   77.7  0  0   -0.38    1.05
A02A   308.8   64.4  0  0    0.00    0.00
A03A    56.2   38.8  0  0   -0.42    0.73
A04A   273.0   75.7  0  0   -0.17    2.22
A06A   235.8   29.5  0  0   -0.89    0.86
A07A   223.5   69.5  0  0   -0.47    0.82
A09A   247.7   85.5  0  0    0.00    0.00
A10A   125.0   87.4  0  0    0.00    0.00
A12A   189.1   96.4  0  0    0.00    0.00
              76  23  12  11 1
AAS2   186.2   90.4  1  1    0.00    0.00
AEC1   154.5   84.5 -1 -1    0.00    0.00
AEC2   155.1   90.4  1 -1    0.00    0.00
A01A     0.3   77.1  1  1    0.00    0.00
A02A   309.0   63.3  1  1    0.00    0.00
A03A    58.0   39.0  1  1    0.00    0.00
A06A   233.2   28.6  1  1    0.00    0.00
A07A   222.6   68.9  1 -1    0.00    0.00
A08A   178.0   66.6 -1 -1    0.00    0.00
A09A   247.3   84.9 -1 -1    0.00    0.00
A10A   124.9   87.3 -1 -1    0.00    0.00
A14A   180.9   99.8  1  1    0.00    0.00
AAS2   186.2   90.4  0  0    0.04    2.47
AEC1   154.5   84.5  0  0   -0.44    1.37
A01A     0.3   77.1  0  0   -0.29    1.03
A02A   309.0   63.3  0  0    0.27    0.75
A03A    58.0   39.0  0  0   -0.66    0.78
A06A   233.2   28.6  0  0   -0.84    0.87
A07A   222.6   68.9  0  0   -0.73    0.81
A08A   178.0   66.6  0  0   -0.02    0.68
A09A   247.3   84.9  0  0    0.00    0.00
A10A   124.9   87.3  0  0    0.00    0.00
A14A   180.9   99.8  0  0    0.00    0.00
              77  14   8   6 1
AAS2   184.9   88.1  1  1    0.00    0.00
ACC1   181.9   74.8  1  1    0.00    0.00
A01A     2.5   72.9  1  1    0.00    0.00
A03A    64.1   37.8  1 -1    0.00    0.00
A05A   123.7   64.7  1 -1    0.00    0.00
A06A   223.0   24.7  1  1    0.00    0.00
A08A   175.3   63.8 -1  1    0.00    0.00
A14A   180.1   98.6  1  1    0.00    0.00
A01A     2.5   72.9  0  0   -0.49    0.87
A03A    64.1   37.8  0  0   -0.06    0.87
A05A   123.7   64.7  0  0    0.69    0.79
A06A   223.0   24.7  0  0    0.00    0.00
A08A   175.3   63.8  0  0    0.00    0.00
A14A   180.1   98.6  0  0    0.00    0.00
              78  26  14  12 1
AAS1   176.3  100.1  1  1    0.00    0.00
AAS2   187.1  100.1  1  1    0.00    0.00
ACC1   185.4   90.9 -1  1    0.00    0.00
AEC1   156.0   95.6  1  1    0.00    0.00
A01A   358.7   89.0  1  1    0.00    0.00
A03A    58.5   45.9 -1 -1    0.00    0.00
A06A   233.4   42.2  1  1    0.00    0.00
A07A   223.1   82.8  1  1    0.00    0.00
A08A   180.3   80.0 -1  1    0.00    0.00
A09A   247.0   96.5  1  1    0.00    0.00
A10A   126.2   98.0 -1 -1    0.00    0.00
A11A   212.4   97.3 -1  1    0.00    0.00
A12A   189.5  104.2 -1  1    0.00    0.00
A14A   181.5  106.1  1  1    0.00    0.00
AAS2   187.1  100.1  0  0   -0.50    1.14
AEC1   156.0   95.6  0  0   -0.15    1.44
A01A   358.7   89.0  0  0   -0.43    2.20
A03A    58.5   45.9  0  0   -0.24    0.70
A06A   233.4   42.2  0  0   -0.15    0.65
A07A   223.1   82.8  0  0   -0.21    1.33
A08A   180.3   80.0  0  0    0.00    0.00
A09A   247.0   96.5  0  0    0.13    1.32
A10A   126.2   98.0  0  0    0.00    0.00
A11A   212.4   97.3  0  0    0.00    0.00
A12A   189.5  104.2  0  0    0.00    0.00
A14A   181.5  106.1  0  0    0.00    0.00
              79  22  11  11 1
AAS2   186.8  102.0  1 -1    0.00    0.00
AEC1   155.6   97.3  1 -1    0.00    0.00
AEC3   160.6  102.1 -1 -1    0.00    0.00
A01A   359.3   90.1  1 -1    0.00    0.00
A03A    59.6   48.7 -1 -1    0.00    0.00
A06A   231.9   42.7  1  1    0.00    0.00
A07A   222.6   83.8 -1 -1    0.00    0.00
A08A   179.4   81.4 -1 -1    0.00    0.00
A10A   126.0  100.2 -1 -1    0.00    0.00
A11A   212.0   99.2 -1 -1    0.00    0.00
A12A   189.2  105.8 -1 -1    0.00    0.00
AAS2   186.8  102.0  0  0    0.00    0.00
AEC1   155.6   97.3  0  0   -0.18    1.32
AEC3   160.6  102.1  0  0    0.00    0.00
A01A   359.3   90.1  0  0   -0.15    2.91
A03A    59.6   48.7  0  0   -0.60    0.76
A06A   231.9   42.7  0  0   -0.29    0.69
A07A   222.6   83.8  0  0   -0.44    1.42
A08A   179.4   81.4  0  0    0.00    0.00
A10A   126.0  100.2  0  0    0.00    0.00
A11A   212.0   99.2  0  0    0.00    0.00
A12A   189.2  105.8  0  0    0.00    0.00
              80  27  14  13 1
AAS1   176.4   97.5  1  1    0.00    0.00
AAS2   187.3   97.5  1  1    0.00    0.00
AEC1   156.0   92.8 -1 -1    0.00    0.00
AEC2   156.3   97.1 -1  1    0.00    0.00
AEC3   161.0   97.6  1  1    0.00    0.00
A01A   358.5   86.6  1  1    0.00    0.00
A03A    57.3   43.2 -1 -1    0.00    0.00
A06A   234.7   39.8  1  1    0.00    0.00
A07A   223.6   80.1 -1 -1    0.00    0.00
A08A   180.6   77.1 -1 -1    0.00    0.00
A10A   126.2   95.0 -1 -1    0.00    0.00
A11A   212.6   94.4 -1 -1    0.00    0.00
A12A   189.6  102.0 -1  1    0.00    0.00
A14A   181.5  104.1  1  1    0.00    0.00
AAS1   176.4   97.5  0  0    0.00    0.00
AAS2   187.3   97.5  0  0   -0.60    1.27
AEC1   156.0   92.8  0  0   -0.20    1.79
AEC3   161.0   97.6  0  0    0.13    1.30
A01A   358.5   86.6  0  0   -0.24    1.64
A03A    57.3   43.2  0  0   -0.66    0.73
A06A   234.7   39.8  0  0   -0.31    0.74
A07A   223.6   80.1  0  0   -0.41    1.19
A08A   180.6   77.1  0  0    0.00    0.00
A10A   126.2   95.0  0  0    0.00    0.00
A11A   212.6   94.4  0  0    0.00    0.00
A12A   189.6  102.0  0  0    0.00    0.00
A14A   181.5  104.1  0  0    0.00    0.00
              81  19  10   9 1
ACC1   185.8   78.5  1  1    0.00    0.00
A01A   358.7   80.5  1  1    0.00    0.00
A02A   310.5   68.2  1 -1    0.00    0.00
A03A    48.6   41.4  1 -1    0.00    0.00
A06A   247.0   30.2  1  1    0.00    0.00
A07A   226.6   70.5  1  1    0.00    0.00
A08A   180.3   66.5  1  1    0.00    0.00
A09A   249.6   87.4 -1 -1    0.00    0.00
A10A   124.0   88.4 -1 -1    0.00    0.00
A11A   213.9   87.7 -1  1    0.00    0.00
A01A   358.7   80.5  0  0   -0.29    1.17
A02A   310.5   68.2  0  0    0.00    0.00
A03A    48.6   41.4  0  0   -0.24    0.68
A06A   247.0   30.2  0  0   -0.71    1.14
A07A   226.6   70.5  0  0   -0.45    0.86
A08A   180.3   66.5  0  0    0.25    0.68
A09A   249.6   87.4  0  0   -0.33    1.89
A10A   124.0   88.4  0  0    0.00    0.00
A11A   213.9   87.7  0  0    0.00    0.00
              82  28  15  13 1
AAS2   186.5   91.0  1  1    0.00    0.00
ACC1   184.4   78.0  1  1    0.00    0.00
AEC1   154.4   84.7  1  1    0.00    0.00
AEC2   155.1   90.8 -1  1    0.00    0.00
A01A   359.9   78.2  1  1    0.00    0.00
A02A   309.7   64.9  1 -1    0.00    0.00
A03A    55.1   39.9  1 -1    0.00    0.00
A04A   273.6   75.8 -1 -1    0.00    0.00
A06A   237.5   28.7  1  1    0.00    0.00
A07A   223.8   69.3  1  1    0.00    0.00
A08A   178.5   66.5 -1  1    0.00    0.00
A09A   248.0   85.6 -1 -1    0.00    0.00
A10A   124.6   87.6 -1 -1    0.00    0.00
A12A   189.1   96.5 -1  1    0.00    0.00
A14A   181.0   99.9  1  1    0.00    0.00
AAS2   186.5   91.0  0  0   -0.49    2.13
AEC1   154.4   84.7  0  0   -0.06    1.40
A01A   359.9   78.2  0  0   -0.51    1.07
A02A   309.7   64.9  0  0    0.36    0.78
A03A    55.1   39.9  0  0   -0.27    0.70
A04A   273.6   75.8  0  0   -0.16    2.89
A06A   237.5   28.7  0  0   -0.71    0.90
A07A   223.8   69.3  0  0   -0.64    0.81
A08A   178.5   66.5  0  0    0.00    0.00
A09A   248.0   85.6  0  0    0.00    0.00
A10A   124.6   87.6  0  0    0.00    0.00
A12A   189.1   96.5  0  0    0.00    0.00
A14A   181.0   99.9  0  0    0.00    0.00
              83  18   9   9 1
A01A     0.1   78.4  1 -1    0.00    0.00
A02A   309.2   64.9  1  1    0.00    0.00
A03A    56.9   40.0  1  1    0.00    0.00
A06A   234.8   29.4  1 -1    0.00    0.00
A07A   223.1   70.1  1 -1    0.00    0.00
A08A   178.3   67.6 -1 -1    0.00    0.00
A09A   247.6   86.2 -1 -1    0.00    0.00
A10A   124.8   88.2 -1 -1    0.00    0.00
A11A   212.1   86.9 -1 -1    0.00    0.00
A01A     0.1   78.4  0  0   -0.55    1.07
A02A   309.2   64.9  0  0    0.23    0.74
A03A    56.9   40.0  0  0   -0.39    0.78
A06A   234.8   29.4  0  0   -0.80    0.90
A07A   223.1   70.1  0  0   -0.67    0.83
A08A   178.3   67.6  0  0    0.00    0.00
A09A   247.6   86.2  0  0    0.00    0.00
A10A   124.8   88.2  0  0    0.00    0.00
A11A   212.1   86.9  0  0    0.00    0.00
              84  14   8   6 1
AEC1   155.2   80.5  1  1    0.00    0.00
AEC2   155.7   86.5 -1  1    0.00    0.00
A03A    49.1   35.3  1 -1    0.00    0.00
A05A   123.1   60.5  1  1    0.00    0.00
A06A   245.4   27.5  1  1    0.00    0.00
A07A   226.4   65.3  1  1    0.00    0.00
A09A   249.3   82.4 -1  1    0.00    0.00
A11A   213.9   82.8  1  1    0.00    0.00
A03A    49.1   35.3  0  0   -0.16    0.69
A05A   123.1   60.5  0  0    0.59    0.77
A06A   245.4   27.5  0  0   -0.80    1.04
A07A   226.4   65.3  0  0   -0.00    0.71
A09A   249.3   82.4  0  0    0.00    0.00
A11A   213.9   82.8  0  0    0.00    0.00
              85  30  16  14 1
AAS2   186.8   87.2  1  1    0.00    0.00
ACC1   184.8   73.4  1  1    0.00    0.00
AEC1   154.6   80.6 -1 -1    0.00    0.00
AEC2   155.2   86.4  1  1    0.00    0.00
AID1   162.9   91.6  1  1    0.00    0.00
A01A   359.5   73.9  1  1    0.00    0.00
A02A   309.6   60.5  1  1    0.00    0.00
A03A    53.6   35.6  1  1    0.00    0.00
A04A   273.9   71.5 -1 -1    0.00    0.00
A06A   239.6   26.0  1  1    0.00    0.00
A07A   224.4   64.7  1 -1    0.00    0.00
A08A   179.1   61.5 -1 -1    0.00    0.00
A09A   248.4   81.8 -1 -1    0.00    0.00
A10A   124.6   83.9 -1 -1    0.00    0.00
A12A   189.3   94.3 -1  1    0.00    0.00
A14A   181.2   98.1  1  1    0.00    0.00
AAS2   186.8   87.2  0  0   -0.32    1.73
AEC1   154.6   80.6  0  0   -0.09    1.14
AID1   162.9   91.6  0  0    0.00    0.00
A01A   359.5   73.9  0  0   -0.65    0.91
A02A   309.6   60.5  0  0    0.35    0.70
A03A    53.6   35.6  0  0    0.03    0.76
A04A   273.9   71.5  0  0   -0.15    1.83
A06A   239.6   26.0  0  0   -0.80    1.01
A07A   224.4   64.7  0  0   -0.54    0.71
A08A   179.1   61.5  0  0    0.00    0.00
A09A   248.4   81.8  0  0    0.00    0.00
A10A   124.6   83.9  0  0    0.00    0.00
A12A   189.3   94.3  0  0    0.00    0.00
A14A   181.2   98.1  0  0    0.00    0.00
              86  26  14  12 1
AAS2   186.7   91.7  1  1    0.00    0.00
ACC1   184.6   78.9 -1 -1    0.00    0.00
AEC1   154.6   85.5 -1 -1    0.00    0.00
AID1   162.8   94.9  1  1    0.00    0.00
A01A   359.7   79.1  1  1    0.00    0.00
A02A   309.5   66.0  1  1    0.00    0.00
A03A    54.7   40.4  1  1    0.00    0.00
A06A   238.0   29.7  1  1    0.00    0.00
A07A   224.0   70.4  1 -1    0.00    0.00
A08A   178.8   67.5 -1 -1    0.00    0.00
A09A   248.1   86.7 -1 -1    0.00    0.00
A10A   124.6   88.4 -1 -1    0.00    0.00
A12A   189.2   97.0 -1  1    0.00    0.00
A14A   181.1  100.3  1  1    0.00    0.00
AEC1   154.6   85.5  0  0   -0.31    1.45
AID1   162.8   94.9  0  0    0.00    0.00
A01A   359.7   79.1  0  0   -0.61    1.11
A02A   309.5   66.0  0  0    0.21    0.79
A03A    54.7   40.4  0  0   -0.07    0.72
A06A   238.0   29.7  0  0   -0.83    0.92
A07A   224.0   70.4  0  0   -0.33    0.85
A08A   178.8   67.5  0  0    0.00    0.00
A09A   248.1   86.7  0  0    0.00    0.00
A10A   124.6   88.4  0  0    0.00    0.00
A12A   189.2   97.0  0  0    0.00    0.00
A14A   181.1  100.3  0  0    0.00    0.00
              87  23  13  10 1
AAS2   185.6   91.5  1 -1    0.00    0.00
ACC1   182.9   79.1 -1 -1    0.00    0.00
AEC1   153.8   85.9 -1 -1    0.00    0.00
AEC3   159.2   92.0 -1 -1    0.00    0.00
A01A     1.4   78.5  1  1    0.00    0.00
A02A   310.0   64.0  1  1    0.00    0.00
A03A    59.6   41.8 -1 -1    0.00    0.00
A06A   230.3   27.9  1  1    0.00    0.00
A07A   221.6   69.8  1  1    0.00    0.00
A08A   176.6   68.1 -1 -1    0.00    0.00
A10A   124.5   88.8 -1 -1    0.00    0.00
A12A   188.4   96.9 -1 -1    0.00    0.00
A14A   180.5  100.3  1  1    0.00    0.00
ACC1   182.9   79.1  0  0    0.00    0.00
A01A     1.4   78.5  0  0   -0.56    1.08
A02A   310.0   64.0  0  0    0.40    0.71
A03A    59.6   41.8  0  0   -0.23    0.84
A06A   230.3   27.9  0  0   -0.63    0.89
A07A   221.6   69.8  0  0    0.04    0.82
A08A   176.6   68.1  0  0    0.00    0.00
A10A   124.5   88.8  0  0    0.00    0.00
A12A   188.4   96.9  0  0    0.00    0.00
A14A   180.5  100.3  0  0    0.00    0.00
              88  20  11   9 1
AAS2   186.2   93.2  1  1    0.00    0.00
ACC1   183.8   80.9 -1 -1    0.00    0.00
AEC1   154.1   87.4 -1  1    0.00    0.00
A01A     0.5   80.8  1  1    0.00    0.00
A02A   309.9   67.2  1  1    0.00    0.00
A03A    56.9   43.1 -1 -1    0.00    0.00
A06A   234.9   30.0  1  1    0.00    0.00
A07A   222.9   72.1  1  1    0.00    0.00
A08A   177.7   69.8 -1 -1    0.00    0.00
A11A   211.9   89.3 -1 -1    0.00    0.00
A14A   180.8  101.1  1  1    0.00    0.00
AAS2   186.2   93.2  0  0    0.00    0.00
A01A     0.5   80.8  0  0   -0.62    1.19
A02A   309.9   67.2  0  0    0.22    0.81
A03A    56.9   43.1  0  0   -0.08    0.68
A06A   234.9   30.0  0  0   -0.70    0.83
A07A   222.9   72.1  0  0    0.00    0.00
A08A   177.7   69.8  0  0    0.00    0.00
A11A   211.9   89.3  0  0    0.00    0.00
A14A   180.8  101.1  0  0    0.00    0.00
              89  15   8   7 1
ACC1   186.6   75.0  1  1    0.00    0.00
A03A    48.9   35.7  1  1    0.00    0.00
A05A   123.8   61.8 -1 -1    0.00    0.00
A06A   245.0   29.4 -1 -1    0.00    0.00
A07A   226.5   67.2  1 -1    0.00    0.00
A09A   249.2   83.7 -1 -1    0.00    0.00
A11A   214.0   84.1  1  1    0.00    0.00
A13A   164.1   97.4  1  1    0.00    0.00
A03A    48.9   35.7  0  0   -0.93    0.63
A05A   123.8   61.8  0  0    0.00    0.00
A06A   245.0   29.4  0  0   -0.65    0.94
A07A   226.5   67.2  0  0   -0.71    0.75
A09A   249.2   83.7  0  0   -0.18    1.42
A11A   214.0   84.1  0  0    0.00    0.00
A13A   164.1   97.4  0  0    0.00    0.00
              90  26  14  12 1
AAS2   184.5   92.3  1 -1    0.00    0.00
ACC1   181.2   80.5 -1 -1    0.00    0.00
AEC2   154.4   91.9 -1 -1    0.00    0.00
A01A     3.2   76.9  1 -1    0.00    0.00
A02A   308.0   60.8  1  1    0.00    0.00
A03A    69.4   42.1  1  1    0.00    0.00
A06A   215.9   30.0 -1 -1    0.00    0.00
A07A   217.5   70.8 -1 -1    0.00    0.00
A08A   174.7   70.6 -1 -1    0.00    0.00
A09A   244.4   85.9 -1 -1    0.00    0.00
A10A   125.5   89.8 -1 -1    0.00    0.00
A11A   209.1   87.5 -1 -1    0.00    0.00
A12A   187.5   97.3 -1 -1    0.00    0.00
A14A   179.9  100.7  1 -1    0.00    0.00
AAS2   184.5   92.3  0  0   -0.38    1.81
A01A     3.2   76.9  0  0   -0.61    1.02
A02A   308.0   60.8  0  0    0.33    0.74
A03A    69.4   42.1  0  0   -0.38    0.93
A06A   215.9   30.0  0  0   -0.49    0.64
A07A   217.5   70.8  0  0   -0.12    0.84
A08A   174.7   70.6  0  0   -0.15    0.79
A09A   244.4   85.9  0  0    0.00    0.00
A10A   125.5   89.8  0  0    0.00    0.00
A11A   209.1   87.5  0  0    0.00    0.00
A12A   187.5   97.3  0  0    0.00    0.00
A14A   179.9  100.7  0  0    0.00    0.00
              91  22  13   9 1
AAS1   177.2   91.0 -1  1    0.00    0.00
ACC1   187.8   77.2  1  1    0.00    0.00
AEC1   155.9   83.8  1 -1    0.00    0.00
AEC2   156.2   89.8 -1 -1    0.00    0.00
AEC3   161.1   91.1 -1 -1    0.00    0.00
A01A   357.0   79.7  1  1    0.00    0.00
A03A    43.3   38.7  1 -1    0.00    0.00
A05A   122.7   63.3 -1 -1    0.00    0.00
A06A   251.9   32.3  1  1    0.00    0.00
A07A   228.8   70.0  1  1    0.00    0.00
A10A   124.4   86.8  1 -1    0.00    0.00
A11A   215.3   86.5  1  1    0.00    0.00
A14A   182.2   99.5  1  1    0.00    0.00
AEC3   161.1   91.1  0  0    0.00    0.00
A01A   357.0   79.7  0  0    0.21    1.13
A03A    43.3   38.7  0  0   -0.61    0.62
A05A   122.7   63.3  0  0    0.60    0.74
A06A   251.9   32.3  0  0   -0.76    1.21
A07A   228.8   70.0  0  0   -0.84    0.86
A10A   124.4   86.8  0  0    0.00    0.00
A11A   215.3   86.5  0  0    0.00    0.00
A14A   182.2   99.5  0  0    0.00    0.00
              92  15   8   7 1
AEC1   155.0   84.8 -1 -1    0.00    0.00
A03A    56.7   38.2  1 -1    0.00    0.00
A05A   124.6   66.5  1 -1    0.00    0.00
A06A   235.3   30.1  1  1    0.00    0.00
A07A   223.4   69.8  1  1    0.00    0.00
A08A   179.1   67.1 -1 -1    0.00    0.00
A10A   125.2   87.4 -1 -1    0.00    0.00
A11A   212.3   86.3  1  1    0.00    0.00
A03A    56.7   38.2  0  0   -0.41    0.82
A05A   124.6   66.5  0  0    0.58    0.77
A06A   235.3   30.1  0  0   -0.84    0.91
A07A   223.4   69.8  0  0   -0.53    0.83
A08A   179.1   67.1  0  0    0.00    0.00
A10A   125.2   87.4  0  0    0.00    0.00
A11A   212.3   86.3  0  0    0.00    0.00
              93  17   9   8 1
ACC1   182.2   76.8 -1 -1    0.00    0.00
A01A     2.1   74.0  1 -1    0.00    0.00
A02A   308.1   58.6  1  1    0.00    0.00
A03A    65.9   38.1  1  1    0.00    0.00
A05A   125.0   66.5  1  1    0.00    0.00
A06A   221.7   27.5 -1 -1    0.00    0.00
A07A   219.2   67.2 -1 -1    0.00    0.00
A08A   175.9   66.2 -1 -1    0.00    0.00
A10A   125.4   86.6 -1  1    0.00    0.00
A01A     2.1   74.0  0  0   -0.23    0.91
A02A   308.1   58.6  0  0    0.28    0.74
A03A    65.9   38.1  0  0   -0.07    0.87
A05A   125.0   66.5  0  0    0.40    0.82
A06A   221.7   27.5  0  0   -0.78    0.73
A07A   219.2   67.2  0  0   -0.12    0.75
A08A   175.9   66.2  0  0    0.00    0.00
A10A   125.4   86.6  0  0    0.00    0.00
              94  21  11  10 1
AAS2   184.8   93.4  1  1    0.00    0.00
A01A     2.7   79.0  1  1    0.00    0.00
A02A   308.7   63.5  1  1    0.00    0.00
A03A    66.6   43.6  1 -1    0.00    0.00
A05A   124.5   72.2  1  1    0.00    0.00
A06A   219.6   30.3 -1 -1    0.00    0.00
A07A   218.6   72.2 -1 -1    0.00    0.00
A08A   175.1   71.6 -1  1    0.00    0.00
A10A   125.2   90.8 -1  1    0.00    0.00
A11A   209.6   89.0 -1 -1    0.00    0.00
A14A   180.0  101.2  1  1    0.00    0.00
A01A     2.7   79.0  0  0   -0.13    1.10
A02A   308.7   63.5  0  0    0.20    0.78
A03A    66.6   43.6  0  0   -0.15    0.82
A05A   124.5   72.2  0  0    0.31    0.92
A06A   219.6   30.3  0  0   -0.54    0.64
A07A   218.6   72.2  0  0   -0.29    0.88
A08A   175.1   71.6  0  0    0.00    0.00
A10A   125.2   90.8  0  0    0.00    0.00
A11A   209.6   89.0  0  0    0.00    0.00
A14A   180.0  101.2  0  0    0.00    0.00
              95  22  12  10 1
AAS2   184.7   94.7  1 -1    0.00    0.00
ACC1   181.6   83.5 -1 -1    0.00    0.00
AEC2   154.8   94.3 -1 -1    0.00    0.00
A01A     2.8   79.4  1 -1    0.00    0.00
A02A   306.8   63.7  1  1    0.00    0.00
A03A    70.7   43.7 -1 -1    0.00    0.00
A06A   215.7   33.5 -1  1    0.00    0.00
A08A   175.3   74.0 -1 -1    0.00    0.00
A10A   126.0   91.9 -1  1    0.00    0.00
A11A   209.1   90.4 -1 -1    0.00    0.00
A12A   187.6   98.8 -1 -1    0.00    0.00
A14A   180.0  101.8  1 -1    0.00    0.00
AAS2   184.7   94.7  0  0   -0.53    1.48
A01A     2.8   79.4  0  0   -0.34    1.12
A02A   306.8   63.7  0  0    0.28    0.75
A03A    70.7   43.7  0  0   -0.17    1.02
A06A   215.7   33.5  0  0   -0.17    0.60
A08A   175.3   74.0  0  0    0.00    0.00
A10A   126.0   91.9  0  0    0.00    0.00
A11A   209.1   90.4  0  0    0.00    0.00
A12A   187.6   98.8  0  0    0.00    0.00
A14A   180.0  101.8  0  0    0.00    0.00
              96  20  11   9 1
AAS2   185.3   93.3  1  1    0.00    0.00
AEC1   153.9   88.5  1  1    0.00    0.00
AEC2   154.6   93.0 -1  1    0.00    0.00
A01A     1.8   79.7  1  1    0.00    0.00
A02A   309.0   65.0  1  1    0.00    0.00
A06A   225.1   30.2 -1 -1    0.00    0.00
A08A   176.1   71.1 -1  1    0.00    0.00
A10A   125.0   90.7 -1  1    0.00    0.00
A11A   210.5   89.2 -1 -1    0.00    0.00
A12A   188.1   98.1 -1  1    0.00    0.00
A14A   180.3  101.2  1  1    0.00    0.00
AEC1   153.9   88.5  0  0    0.18    1.88
A01A     1.8   79.7  0  0   -0.55    1.13
A02A   309.0   65.0  0  0    0.33    0.80
A06A   225.1   30.2  0  0   -0.29    0.70
A08A   176.1   71.1  0  0    0.00    0.00
A10A   125.0   90.7  0  0    0.00    0.00
A11A   210.5   89.2  0  0    0.00    0.00
A12A   188.1   98.1  0  0    0.00    0.00
A14A   180.3  101.2  0  0    0.00    0.00
              97  14   8   6 1
ACC1   183.5   77.3  1  1    0.00    0.00
AEC1   154.3   84.1  1  1    0.00    0.00
A03A    59.4   38.8  1 -1    0.00    0.00
A05A   123.9   66.4  1 -1    0.00    0.00
A06A   231.1   27.9  1  1    0.00    0.00
A07A   222.0   68.2  1  1    0.00    0.00
A09A   247.0   84.3 -1 -1    0.00    0.00
A11A   211.5   85.3  1  1    0.00    0.00
A03A    59.4   38.8  0  0   -1.01    0.88
A05A   123.9   66.4  0  0    0.57    0.77
A06A   231.1   27.9  0  0   -0.56    0.91
A07A   222.0   68.2  0  0   -0.85    0.79
A09A   247.0   84.3  0  0   -0.14    1.49
A11A   211.5   85.3  0  0    0.00    0.00
              98  29  16  13 1
AAS2   186.4   91.0  1  1    0.00    0.00
ACC1   184.1   78.4  1  1    0.00    0.00
AEC1   154.6   85.0 -1 -1    0.00    0.00
AEC2   155.2   90.9 -1 -1    0.00    0.00
A01A     0.1   77.8  1  1    0.00    0.00
A02A   308.8   64.2  1 -1    0.00    0.00
A03A    57.7   39.3  1  1    0.00    0.00
A04A   272.7   75.7 -1 -1    0.00    0.00
A06A   233.8   29.4  1  1    0.00    0.00
A07A   222.8   69.7  1  1    0.00    0.00
A08A   178.3   67.3 -1 -1    0.00    0.00
A09A   247.4   85.7 -1 -1    0.00    0.00
A10A   125.0   87.8 -1 -1    0.00    0.00
A11A   212.0   86.5  1  1    0.00    0.00
A12A   188.9   96.6 -1  1    0.00    0.00
A14A   180.9  100.0  1  1    0.00    0.00
AAS2   186.4   91.0  0  0   -0.30    2.15
A01A     0.1   77.8  0  0   -0.35    1.05
A02A   308.8   64.2  0  0    0.35    0.76
A03A    57.7   39.3  0  0   -0.36    0.78
A04A   272.7   75.7  0  0   -0.22    2.19
A06A   233.8   29.4  0  0   -0.88    0.87
A07A   222.8   69.7  0  0   -0.67    0.83
A08A   178.3   67.3  0  0    0.00    0.00
A09A   247.4   85.7  0  0    0.00    0.00
A10A   125.0   87.8  0  0    0.00    0.00
A11A   212.0   86.5  0  0    0.00    0.00
A12A   188.9   96.6  0  0    0.00    0.00
A14A   180.9  100.0  0  0    0.00    0.00
              99  17   9   8 1
ACC1   181.8   79.7 -1 -1    0.00    0.00
A01A     2.5   77.3  1  1    0.00    0.00
A02A   308.9   61.8  1  1    0.00    0.00
A03A    65.6   41.7  1  1    0.00    0.00
A06A   221.2   28.7 -1 -1    0.00    0.00
A07A   219.1   70.1  1 -1    0.00    0.00
A08A   175.3   69.3 -1 -1    0.00    0.00
A09A   245.4   85.7 -1 -1    0.00    0.00
A10A   125.1   89.3 -1  1    0.00    0.00
A01A     2.5   77.3  0  0   -0.39    1.03
A02A   308.9   61.8  0  0    0.35    0.70
A03A    65.6   41.7  0  0   -0.40    0.92
A06A   221.2   28.7  0  0   -0.72    0.75
A07A   219.1   70.1  0  0   -0.21    0.82
A08A   175.3   69.3  0  0    0.00    0.00
A09A   245.4   85.7  0  0    0.00    0.00
A10A   125.1   89.3  0  0    0.00    0.00
             100  30  15  15 1
AAS2   186.7   90.8  1  1    0.00    0.00
ACC1   184.7   77.3 -1  1    0.00    0.00
AEC1   154.3   84.2 -1 -1    0.00    0.00
AID1   162.7   93.8  1  1    0.00    0.00
A01A   359.7   78.4  1  1    0.00    0.00
A02A   310.5   65.3  1  1    0.00    0.00
A03A    52.6   40.3  1  1    0.00    0.00
A04A   274.6   75.7 -1 -1    0.00    0.00
A06A   241.4   28.0  1  1    0.00    0.00
A07A   224.8   68.7  1 -1    0.00    0.00
A08A   178.8   65.5 -1 -1    0.00    0.00
A09A   248.7   85.3 -1 -1    0.00    0.00
A10A   124.1   87.2 -1 -1    0.00    0.00
A12A   189.2   96.2 -1  1    0.00    0.00
A14A   181.1   99.6  1  1    0.00    0.00
AAS2   186.7   90.8  0  0   -0.61    2.25
ACC1   184.7   77.3  0  0    0.00    0.00
AEC1   154.3   84.2  0  0    0.08    1.35
AID1   162.7   93.8  0  0    0.00    0.00
A01A   359.7   78.4  0  0   -0.62    1.08
A02A   310.5   65.3  0  0    0.42    0.77
A03A    52.6   40.3  0  0   -0.09    0.68
A04A   274.6   75.7  0  0   -0.17    1.75
A06A   241.4   28.0  0  0   -0.82    1.00
A07A   224.8   68.7  0  0   -0.41    0.81
A08A   178.8   65.5  0  0   -0.29    0.64
A09A   248.7   85.3  0  0    0.00    0.00
A10A   124.1   87.2  0  0    0.00    0.00
A12A   189.2   96.2  0  0    0.00    0.00
A14A   181.1   99.6  0  0    0.00    0.00
             101  14   8   6 1
AAS2   186.9   91.5  1  1    0.00    0.00
ACC1   184.9   78.2  1  1    0.00    0.00
A01A   359.5   79.4  1  1    0.00    0.00
A02A   310.3   66.4  1  1    0.00    0.00
A06A   241.9   29.0  1  1    0.00    0.00
A07A   225.0   69.8  1  1    0.00    0.00
A08A   179.1   66.5 -1  1    0.00    0.00
A11A   213.0   87.0  1  1    0.00    0.00
A01A   359.5   79.4  0  0   -0.21    1.12
A02A   310.3   66.4  0  0    0.00    0.00
A06A   241.9   29.0  0  0   -0.89    0.95
A07A   225.0   69.8  0  0   -0.04    0.82
A08A   179.1   66.5  0  0   -0.15    0.68
A11A   213.0   87.0  0  0    0.00    0.00
             102  28  15  13 1
AAS2   186.4   91.7  1  1    0.00    0.00
ACC1   184.2   79.2  1  1    0.00    0.00
AEC1   154.5   85.8 -1 -1    0.00    0.00
A01A     0.1   78.8  1  1    0.00    0.00
A02A   309.2   65.4  1 -1    0.00    0.00
A03A    56.9   40.4  1  1    0.00    0.00
A04A   273.0   76.6 -1 -1    0.00    0.00
A06A   234.8   29.7  1  1    0.00    0.00
A07A   223.1   70.6  1 -1    0.00    0.00
A08A   178.3   68.1 -1  1    0.00    0.00
A09A   247.6   86.7 -1 -1    0.00    0.00
A10A   124.8   88.6 -1 -1    0.00    0.00
A11A   212.1   87.4 -1  1    0.00    0.00
A12A   189.0   97.1 -1  1    0.00    0.00
A14A   180.9  100.4  1  1    0.00    0.00
AAS2   186.4   91.7  0  0    0.00    0.00
A01A     0.1   78.8  0  0   -0.54    1.10
A02A   309.2   65.4  0  0    0.29    0.77
A03A    56.9   40.4  0  0   -0.36    0.76
A04A   273.0   76.6  0  0    0.05    1.97
A06A   234.8   29.7  0  0   -0.70    0.88
A07A   223.1   70.6  0  0   -0.35    0.84
A08A   178.3   68.1  0  0    0.00    0.00
A09A   247.6   86.7  0  0    0.00    0.00
A10A   124.8   88.6  0  0    0.00    0.00
A11A   212.1   87.4  0  0    0.00    0.00
A12A   189.0   97.1  0  0    0.00    0.00
A14A   180.9  100.4  0  0    0.00    0.00
             103  26  14  12 1
AAS2   182.9   86.2  1 -1    0.00    0.00
ACC1   178.2   71.9 -1 -1    0.00    0.00
AEC1   149.9   80.6 -1 -1    0.00    0.00
AID1   159.7   91.7  1 -1    0.00    0.00
A02A   317.4   55.2  1  1    0.00    0.00
A03A    61.6   43.4  1  1    0.00    0.00
A04A   275.2   66.1 -1 -1    0.00    0.00
A06A   217.9   15.2  1  1    0.00    0.00
A08A   169.7   60.4 -1 -1    0.00    0.00
A09A   246.8   78.5 -1 -1    0.00    0.00
A10A   121.8   84.6 -1 -1    0.00    0.00
A11A   208.8   80.3 -1 -1    0.00    0.00
A12A   186.4   93.2 -1 -1    0.00    0.00
A14A   178.7   96.9  1 -1    0.00    0.00
AAS2   182.9   86.2  0  0   -0.23    1.57
AEC1   149.9   80.6  0  0   -0.03    1.15
A02A   317.4   55.2  0  0    0.00    0.00
A03A    61.6   43.4  0  0   -0.16    0.77
A04A   275.2   66.1  0  0    0.00    0.00
A06A   217.9   15.2  0  0    0.00    0.00
A08A   169.7   60.4  0  0    0.00    0.00
A09A   246.8   78.5  0  0    0.00    0.00
A10A   121.8   84.6  0  0    0.00    0.00
A11A   208.8   80.3  0  0    0.00    0.00
A12A   186.4   93.2  0  0    0.00    0.00
A14A   178.7   96.9  0  0    0.00    0.00
             104  29  15  14 1
AAS2   186.4   91.1  1  1    0.00    0.00
ACC1   184.2   78.4  1  1    0.00    0.00
AEC1   154.4   85.1 -1 -1    0.00    0.00
AID1   162.7   94.4  1  1    0.00    0.00
A01A     0.1   78.3  1  1    0.00    0.00
A02A   309.5   64.8  1 -1    0.00    0.00
A03A    56.2   40.1  1  1    0.00    0.00
A04A   273.3   75.9 -1 -1    0.00    0.00
A06A   235.9   28.9  1  1    0.00    0.00
A07A   223.3   69.6  1  1    0.00    0.00
A08A   178.3   67.1 -1 -1    0.00    0.00
A09A   247.8   85.9 -1 -1    0.00    0.00
A10A   124.7   87.9 -1 -1    0.00    0.00
A12A   189.0   96.6 -1  1    0.00    0.00
A14A   180.9  100.0  1  1    0.00    0.00
AAS2   186.4   91.1  0  0   -0.52    2.08
AEC1   154.4   85.1  0  0   -0.00    1.41
AID1   162.7   94.4  0  0    0.00    0.00
A01A     0.1   78.3  0  0   -0.57    1.07
A02A   309.5   64.8  0  0    0.35    0.76
A03A    56.2   40.1  0  0   -0.33    0.75
A04A   273.3   75.9  0  0   -0.08    1.96
A06A   235.9   28.9  0  0   -0.76    0.90
A07A   223.3   69.6  0  0   -0.48    0.83
A08A   178.3   67.1  0  0    0.00    0.00
A09A   247.8   85.9  0  0    0.00    0.00
A10A   124.7   87.9  0  0    0.00    0.00
A12A   189.0   96.6  0  0    0.00    0.00
A14A   180.9  100.0  0  0    0.00    0.00
             105  20  10  10 1
AAS2   186.6   92.6  1  1    0.00    0.00
ACC1   184.6   80.2  1  1    0.00    0.00
A01A   359.7   80.1  1  1    0.00    0.00
A02A   309.2   67.1  1 -1    0.00    0.00
A03A    55.5   41.2  1 -1    0.00    0.00
A06A   236.9   30.9  1  1    0.00    0.00
A07A   223.7   71.8  1  1    0.00    0.00
A08A   178.8   69.0 -1  1    0.00    0.00
A10A   124.8   89.6 -1 -1    0.00    0.00
A11A   212.4   88.6  1  1    0.00    0.00
AAS2   186.6   92.6  0  0    0.00    0.00
ACC1   184.6   80.2  0  0    0.00    0.00
A01A   359.7   80.1  0  0   -0.51    1.15
A02A   309.2   67.1  0  0    0.34    0.82
A03A    55.5   41.2  0  0   -0.02    0.68
A06A   236.9   30.9  0  0   -0.70    0.85
A07A   223.7   71.8  0  0   -0.15    0.88
A08A   178.8   69.0  0  0    0.00    0.00
A10A   124.8   89.6  0  0    0.00    0.00
A11A   212.4   88.6  0  0    0.00    0.00
             106  19  10   9 1
AAS2   187.3   88.4  1  1    0.00    0.00
ACC1   185.6   75.0 -1 -1    0.00    0.00
A01A   358.7   74.8  1  1    0.00    0.00
A02A   308.2   62.0  1  1    0.00    0.00
A03A    53.6   35.0  1  1    0.00    0.00
A04A   273.3   73.2 -1 -1    0.00    0.00
A06A   239.2   28.6  1 -1    0.00    0.00
A07A   224.7   66.7  1 -1    0.00    0.00
A08A   180.3   63.3 -1 -1    0.00    0.00
A10A   125.2   84.7 -1 -1    0.00    0.00
AAS2   187.3   88.4  0  0   -0.11    1.97
A01A   358.7   74.8  0  0   -0.34    0.94
A02A   308.2   62.0  0  0    0.00    0.00
A03A    53.6   35.0  0  0   -0.29    0.79
A04A   273.3   73.2  0  0   -0.08    1.78
A06A   239.2   28.6  0  0   -0.77    0.97
A07A   224.7   66.7  0  0   -0.50    0.75
A08A   180.3   63.3  0  0    0.00    0.00
A10A   125.2   84.7  0  0    0.00    0.00
             107  18  10   8 1
ACC1   189.0   79.9  1  1    0.00    0.00
AEC1   157.5   85.7 -1  1    0.00    0.00
AEC2   157.5   91.4  1  1    0.00    0.00
A01A   355.5   80.8  1  1    0.00    0.00
A05A   126.0   65.0 -1 -1    0.00    0.00
A06A   248.6   37.4  1  1    0.00    0.00
A07A   228.6   73.5  1  1    0.00    0.00
A08A   185.1   68.1 -1  1    0.00    0.00
A10A   125.9   88.6  1 -1    0.00    0.00
A11A   215.5   88.8  1  1    0.00    0.00
AEC1   157.5   85.7  0  0   -0.26    1.50
A01A   355.5   80.8  0  0   -0.04    1.19
A05A   126.0   65.0  0  0    0.25    0.78
A06A   248.6   37.4  0  0   -0.59    0.95
A07A   228.6   73.5  0  0   -0.91    0.93
A08A   185.1   68.1  0  0   -0.15    0.73
A10A   125.9   88.6  0  0    0.00    0.00
A11A   215.5   88.8  0  0    0.00    0.00
             108  20  11   9 1
ACC1   209.1   63.6  1 -1    0.00    0.00
AEC1   152.4   72.7  1  1    0.00    0.00
AEC2   154.0   83.8  1  1    0.00    0.00
AEC3   161.0   85.4  1  1    0.00    0.00
A02A   321.9   86.0  1  1    0.00    0.00
A03A     5.5   69.5  1  1    0.00    0.00
A05A    74.7   50.0  1 -1    0.00    0.00
A06A   313.2   61.1 -1 -1    0.00    0.00
A07A   265.3   72.0  1 -1    0.00    0.00
A08A   221.3   38.2 -1 -1    0.00    0.00
A10A   108.5   82.8 -1 -1    0.00    0.00
AEC1   152.4   72.7  0  0   -0.72    0.86
AEC3   161.0   85.4  0  0   -0.32    1.46
A02A   321.9   86.0  0  0   -0.01    1.64
A03A     5.5   69.5  0  0   -0.40    0.77
A05A    74.7   50.0  0  0   -0.25    0.92
A06A   313.2   61.1  0  0   -0.49    0.72
A07A   265.3   72.0  0  0   -0.02    1.18
A08A   221.3   38.2  0  0   -0.49    0.49
A10A   108.5   82.8  0  0   -0.72    1.33
             109  16   9   7 1
AEC1   152.2   75.1  1 -1    0.00    0.00
AEC2   153.9   86.7 -1 -1    0.00    0.00
AEC3   161.0   88.1  1 -1    0.00    0.00
A03A     5.1   72.9 -1 -1    0.00    0.00
A05A    73.2   52.6  1  1    0.00    0.00
A06A   313.7   64.7  1 -1    0.00    0.00
A07A   266.2   75.1  1  1    0.00    0.00
A08A   223.3   40.0  1  1    0.00    0.00
A10A   108.0   85.9 -1  1    0.00    0.00
AEC1   152.2   75.1  0  0   -0.71    0.93
A03A     5.1   72.9  0  0    0.00    0.00
A05A    73.2   52.6  0  0    0.24    1.05
A06A   313.7   64.7  0  0   -0.45    0.73
A07A   266.2   75.1  0  0   -0.33    1.73
A08A   223.3   40.0  0  0    0.00    0.00
A10A   108.0   85.9  0  0   -0.72    1.43
             110  16  10   6 1
ACC1   209.4   66.6 -1 -1    0.00    0.00
AEC1   152.6   75.6  1  1    0.00    0.00
AEC2   154.1   86.9  1  1    0.00    0.00
AEC3   161.1   88.3  1  1    0.00    0.00
A05A    74.6   52.4  1  1    0.00    0.00
A06A   312.9   64.2 -1  1    0.00    0.00
A07A   265.4   75.2  1  1    0.00    0.00
A08A   221.9   40.8 -1 -1    0.00    0.00
A10A   108.6   86.0 -1  1    0.00    0.00
A11A   234.8   88.5  1  1    0.00    0.00
A05A    74.6   52.4  0  0   -0.36    0.94
A06A   312.9   64.2  0  0   -0.37    0.75
A07A   265.4   75.2  0  0   -0.10    1.26
A08A   221.9   40.8  0  0    0.00    0.00
A10A   108.6   86.0  0  0   -0.51    1.49
A11A   234.8   88.5  0  0    0.02    2.29
             111  20  10  10 1
AEC1   152.7   72.1  1  1    0.00    0.00
AEC2   154.2   83.2  1  1    0.00    0.00
AEC3   161.1   84.8  1  1    0.00    0.00
A03A     5.6   68.0 -1 -1    0.00    0.00
A05A    76.2   48.8  1 -1    0.00    0.00
A06A   312.4   59.6  1  1    0.00    0.00
A07A   264.5   71.1  1  1    0.00    0.00
A08A   220.0   38.3 -1 -1    0.00    0.00
A10A   109.0   82.0 -1  1    0.00    0.00
A11A   234.3   84.8  1  1    0.00    0.00
AEC1   152.7   72.1  0  0   -0.70    0.85
AEC2   154.2   83.2  0  0   -0.52    1.29
AEC3   161.1   84.8  0  0   -0.36    1.41
A03A     5.6   68.0  0  0   -0.47    0.72
A05A    76.2   48.8  0  0   -0.38    0.99
A06A   312.4   59.6  0  0   -0.46    0.69
A07A   264.5   71.1  0  0   -0.06    1.20
A08A   220.0   38.3  0  0    0.00    0.00
A10A   109.0   82.0  0  0   -0.56    1.28
A11A   234.3   84.8  0  0    0.07    1.50
             112  18  11   7 1
ACC1   209.4   65.4 -1 -1    0.00    0.00
AEC1   152.6   74.3  1  1    0.00    0.00
AEC2   154.1   85.6 -1  1    0.00    0.00
AEC3   161.1   87.1  1  1    0.00    0.00
A03A     5.2   71.2  1  1    0.00    0.00
A05A    74.6   51.3  1 -1    0.00    0.00
A06A   312.9   63.0  1  1    0.00    0.00
A07A   265.4   73.9  1  1    0.00    0.00
A09A   269.8   92.4  1  1    0.00    0.00
A10A   108.6   84.6 -1  1    0.00    0.00
A11A   234.8   87.3  1  1    0.00    0.00
AEC1   152.6   74.3  0  0   -0.68    0.92
A03A     5.2   71.2  0  0   -0.33    0.82
A05A    74.6   51.3  0  0    0.30    0.94
A06A   312.9   63.0  0  0   -0.28    0.72
A07A   265.4   73.9  0  0   -0.11    1.23
A09A   269.8   92.4  0  0    0.00    0.00
A11A   234.8   87.3  0  0    0.00    0.00
             113  15   8   7 1
AEC1   158.5   96.4  1  1    0.00    0.00
AEC2   158.3  101.5 -1  1    0.00    0.00
AEC3   162.9  101.8  1  1    0.00    0.00
A02A   304.2   81.1  1  1    0.00    0.00
A05A   128.8   76.6  1  1    0.00    0.00
A06A   244.0   49.8  1 -1    0.00    0.00
A10A   127.2   98.8 -1  1    0.00    0.00
A11A   215.1   99.7  1  1    0.00    0.00
AEC1   158.5   96.4  0  0   -0.51    1.38
AEC3   162.9  101.8  0  0    0.00    0.00
A02A   304.2   81.1  0  0    0.00    0.00
A05A   128.8   76.6  0  0   -0.08    1.01
A06A   244.0   49.8  0  0   -0.60    0.73
A10A   127.2   98.8  0  0    0.00    0.00
A11A   215.1   99.7  0  0    0.00    0.00
             114  15   9   6 1
ACC1   218.6   58.6  1  1    0.00    0.00
AEC1   147.3   69.2 -1 -1    0.00    0.00
AEC2   150.8   83.4  1 -1    0.00    0.00
AEC3   159.0   85.3 -1 -1    0.00    0.00
A03A     3.8   78.7  1  1    0.00    0.00
A05A    56.8   56.9  1  1    0.00    0.00
A07A   276.1   75.6  1 -1    0.00    0.00
A10A   101.1   84.8 -1 -1    0.00    0.00
A11A   241.1   87.0  1  1    0.00    0.00
AEC1   147.3   69.2  0  0   -0.20    0.76
A03A     3.8   78.7  0  0   -0.69    1.09
A05A    56.8   56.9  0  0    0.29    0.68
A07A   276.1   75.6  0  0   -0.09    1.56
A10A   101.1   84.8  0  0   -0.71    1.43
A11A   241.1   87.0  0  0   -0.31    1.91
             115  17  10   7 1
AAS2   183.4   97.7  1  1    0.00    0.00
ACC1   179.9   89.0  1  1    0.00    0.00
AEC2   155.5   97.4  1  1    0.00    0.00
A01A     5.5   77.9  1  1    0.00    0.00
A02A   297.4   60.2  1 -1    0.00    0.00
A03A    92.1   47.6  1 -1    0.00    0.00
A06A   198.9   46.7  1  1    0.00    0.00
A07A   210.8   80.5  1  1    0.00    0.00
A08A   173.9   81.6 -1  1    0.00    0.00
A14A   179.4  103.8  1  1    0.00    0.00
A01A     5.5   77.9  0  0    0.12    1.05
A02A   297.4   60.2  0  0    0.39    0.87
A03A    92.1   47.6  0  0   -0.16    2.09
A06A   198.9   46.7  0  0   -0.28    0.03
A07A   210.8   80.5  0  0    0.00    1.19
A08A   173.9   81.6  0  0    0.00    0.00
A14A   179.4  103.8  0  0    0.00    0.00
             116  16   9   7 1
AAS2   183.4   99.9  1  1    0.00    0.00
AEC2   155.6   99.7 -1 -1    0.00    0.00
A01A     5.6   82.0  1  1    0.00    0.00
A02A   296.9   64.0  1 -1    0.00    0.00
A06A   198.6   50.9  1  1    0.00    0.00
A07A   210.7   85.0  1  1    0.00    0.00
A08A   173.9   86.2 -1  1    0.00    0.00
A11A   205.7   97.3  1  1    0.00    0.00
A14A   179.4  105.9  1  1    0.00    0.00
A01A     5.6   82.0  0  0    0.31    1.25
A02A   296.9   64.0  0  0    0.39    0.96
A06A   198.6   50.9  0  0   -0.37    0.13
A07A   210.7   85.0  0  0    0.02    1.53
A08A   173.9   86.2  0  0    0.00    0.00
A11A   205.7   97.3  0  0    0.00    0.00
A14A   179.4  105.9  0  0    0.00    0.00
             117  20  10  10 1
AEC1   147.5  104.1 -1 -1    0.00    0.00
A01A    36.5   82.4  1  1    0.00    0.00
A02A   285.5   13.9  1  1    0.00    0.00
A03A   107.1   82.5  1 -1    0.00    0.00
A05A   127.5   98.1  1 -1    0.00    0.00
A06A   154.2   74.4 -1 -1    0.00    0.00
A08A   157.4   96.0  1 -1    0.00    0.00
A10A   126.9  105.1 -1 -1    0.00    0.00
A12A   178.0  107.8  1  1    0.00    0.00
A14A   172.7  109.8  1  1    0.00    0.00
AEC1   147.5  104.1  0  0   -0.42    1.01
A01A    36.5   82.4  0  0   -0.01    1.23
A02A   285.5   13.9  0  0    0.34    1.65
A03A   107.1   82.5  0  0   -0.55    1.27
A05A   127.5   98.1  0  0    0.00    0.00
A06A   154.2   74.4  0  0    0.10    0.91
A08A   157.4   96.0  0  0    0.00    0.00
A10A   126.9  105.1  0  0    0.00    0.00
A12A   178.0  107.8  0  0    0.00    0.00
A14A   172.7  109.8  0  0    0.00    0.00
             118  24  12  12 1
AAS2   186.1   95.8  1 -1    0.00    0.00
AEC1   155.3   91.6  1 -1    0.00    0.00
AEC3   160.3   96.0 -1 -1    0.00    0.00
A01A     0.4   81.9  1 -1    0.00    0.00
A02A   305.7   68.2  1 -1    0.00    0.00
A03A    65.5   42.0  1  1    0.00    0.00
A06A   225.0   36.6  1  1    0.00    0.00
A08A   178.1   75.1 -1 -1    0.00    0.00
A10A   126.4   92.9 -1 -1    0.00    0.00
A11A   210.8   92.1 -1 -1    0.00    0.00
A12A   188.7   99.9 -1 -1    0.00    0.00
A14A   180.9  102.6  1 -1    0.00    0.00
AAS2   186.1   95.8  0  0    0.07    1.39
AEC1   155.3   91.6  0  0   -0.01    2.08
AEC3   160.3   96.0  0  0    0.06    1.40
A01A     0.4   81.9  0  0   -0.37    1.24
A02A   305.7   68.2  0  0    0.71    0.83
A03A    65.5   42.0  0  0   -0.30    0.92
A06A   225.0   36.6  0  0   -0.44    0.66
A08A   178.1   75.1  0  0    0.00    0.00
A10A   126.4   92.9  0  0    0.00    0.00
A11A   210.8   92.1  0  0    0.00    0.00
A12A   188.7   99.9  0  0    0.00    0.00
A14A   180.9  102.6  0  0    0.00    0.00
             119  17   9   8 1
ACC1   172.8   78.6 -1  1    0.00    0.00
A02A   289.7   28.9 -1 -1    0.00    0.00
A03A   105.4   47.9 -1 -1    0.00    0.00
A04A   248.3   59.2  1  1    0.00    0.00
A06A   173.1   42.5  1  1    0.00    0.00
A07A   197.9   67.1  1  1    0.00    0.00
A08A   165.8   71.8 -1  1    0.00    0.00
A09A   230.0   77.5  1  1    0.00    0.00
A11A   198.2   83.0  1  1    0.00    0.00
A02A   289.7   28.9  0  0    0.42    1.37
A03A   105.4   47.9  0  0   -0.22    1.35
A04A   248.3   59.2  0  0   -0.17    0.80
A06A   173.1   42.5  0  0   -0.46   -0.02
A07A   197.9   67.1  0  0   -0.36    0.71
A08A   165.8   71.8  0  0    0.00    0.00
A09A   230.0   77.5  0  0    0.00    0.00
A11A   198.2   83.0  0  0    0.00    0.00
             120  15   8   7 1
ACC1   184.9  123.8  1  1    0.00    0.00
A02A   281.0  111.1 -1  1    0.00    0.00
A04A   254.8  120.6  1  1    0.00    0.00
A07A   212.9  121.1  1  1    0.00    0.00
A08A   181.0  120.9 -1  1    0.00    0.00
A09A   237.2  125.1  1  1    0.00    0.00
A11A   207.5  125.8  1  1    0.00    0.00
A13A   166.0  130.4 -1 -1    0.00    0.00
A02A   281.0  111.1  0  0    0.00    0.00
A04A   254.8  120.6  0  0    0.24    1.00
A07A   212.9  121.1  0  0    0.00    0.00
A08A   181.0  120.9  0  0    0.00    0.00
A09A   237.2  125.1  0  0    0.00    0.00
A11A   207.5  125.8  0  0    0.00    0.00
A13A   166.0  130.4  0  0    0.00    0.00
             121  18   9   9 1
ACC1   173.1   83.6  1  1    0.00    0.00
A02A   298.3   38.2 -1 -1    0.00    0.00
A03A    99.7   53.5  1 -1    0.00    0.00
A04A   252.9   66.5  1  1    0.00    0.00
A05A   128.8   78.3 -1 -1    0.00    0.00
A07A   199.9   72.6  1  1    0.00    0.00
A08A   165.8   77.0 -1  1    0.00    0.00
A09A   232.4   83.2  1  1    0.00    0.00
A11A   199.4   87.9  1  1    0.00    0.00
ACC1   173.1   83.6  0  0    0.00    0.00
A02A   298.3   38.2  0  0   -0.08    0.97
A03A    99.7   53.5  0  0   -0.67    1.51
A04A   252.9   66.5  0  0   -0.10    0.94
A05A   128.8   78.3  0  0    0.29    1.07
A07A   199.9   72.6  0  0   -0.24    0.87
A08A   165.8   77.0  0  0    0.00    0.00
A09A   232.4   83.2  0  0   -0.30    1.36
A11A   199.4   87.9  0  0    0.00    0.00
             122  18   9   9 1
A02A   298.6   38.4 -1  1    0.00    0.00
A03A    99.6   54.4  1 -1    0.00    0.00
A04A   252.8   67.0  1  1    0.00    0.00
A05A   128.7   78.9 -1 -1    0.00    0.00
A07A   199.7   73.2  1  1    0.00    0.00
A08A   165.6   77.6 -1  1    0.00    0.00
A09A   232.3   83.7  1  1    0.00    0.00
A11A   199.3   88.4  1  1    0.00    0.00
A14A   176.4  101.5  1  1    0.00    0.00
A02A   298.6   38.4  0  0    0.05    0.96
A03A    99.6   54.4  0  0   -0.58    1.52
A04A   252.8   67.0  0  0   -0.17    0.94
A05A   128.7   78.9  0  0    0.40    1.10
A07A   199.7   73.2  0  0   -0.19    0.89
A08A   165.6   77.6  0  0    0.00    0.00
A09A   232.3   83.7  0  0    0.00    0.00
A11A   199.3   88.4  0  0    0.00    0.00
A14A   176.4  101.5  0  0    0.00    0.00
             123  14   8   6 1
ACC1   173.5   83.5  1 -1    0.00    0.00
AEC3   156.4   93.6 -1 -1    0.00    0.00
A02A   300.5   40.5 -1 -1    0.00    0.00
A03A    97.5   52.9  1  1    0.00    0.00
A04A   254.7   67.1  1  1    0.00    0.00
A07A   201.0   72.5  1  1    0.00    0.00
A08A   166.1   76.7 -1 -1    0.00    0.00
A11A   200.1   88.0  1  1    0.00    0.00
A02A   300.5   40.5  0  0    0.30    0.97
A03A    97.5   52.9  0  0   -0.13    3.25
A04A   254.7   67.1  0  0    0.10    0.92
A07A   201.0   72.5  0  0   -0.09    0.87
A08A   166.1   76.7  0  0    0.00    0.00
A11A   200.1   88.0  0  0    0.00    0.00
             124  20  11   9 1
AAS1   260.4   51.7  1 -1    0.00    0.00
AAS2   265.2   73.4 -1 -1    0.00    0.00
ACC1   314.8   79.0  1  1    0.00    0.00
AEC1     4.7   55.4  1  1    0.00    0.00
AEC2    52.6   30.5  1  1    0.00    0.00
AEC3    78.4    9.8 -1  1    0.00    0.00
AID1   166.8   44.0 -1 -1    0.00    0.00
A05A     3.5   89.1 -1  1    0.00    0.00
A08A   330.5   85.0  1  1    0.00    0.00
A10A    41.5   85.2 -1 -1    0.00    0.00
A13A   166.3   80.9  1  1    0.00    0.00
AAS1   260.4   51.7  0  0   -0.54    1.05
AAS2   265.2   73.4  0  0    0.02    1.19
AEC1     4.7   55.4  0  0   -0.11    0.29
AEC3    78.4    9.8  0  0   -0.58    1.68
AID1   166.8   44.0  0  0    0.30    0.11
A05A     3.5   89.1  0  0    0.00    0.00
A08A   330.5   85.0  0  0   -0.25    1.50
A10A    41.5   85.2  0  0   -0.85    1.43
A13A   166.3   80.9  0  0    0.00    0.00
             125  15   8   7 1
AAS1   260.9   52.5  1  1    0.00    0.00
AAS2   265.6   75.0 -1  1    0.00    0.00
ACC1   315.5   81.1 -1  1    0.00    0.00
AEC2    53.2   33.5 -1 -1    0.00    0.00
AEC3    76.2   12.1 -1 -1    0.00    0.00
AID1   164.7   45.6 -1 -1    0.00    0.00
A08A   331.2   87.5  1  1    0.00    0.00
A10A    41.7   87.9 -1  1    0.00    0.00
AAS1   260.9   52.5  0  0   -0.61    1.22
AAS2   265.6   75.0  0  0    0.16    1.41
AEC2    53.2   33.5  0  0   -0.81    0.79
AEC3    76.2   12.1  0  0   -0.46    1.65
AID1   164.7   45.6  0  0    0.25    0.02
A08A   331.2   87.5  0  0   -0.27    1.86
A10A    41.7   87.9  0  0   -0.80    1.71
             126  19  10   9 1
AAS1   260.4   50.3  1 -1    0.00    0.00
AAS2   265.2   71.9 -1 -1    0.00    0.00
ACC1   314.8   77.5 -1  1    0.00    0.00
AEC3    78.4    9.5 -1 -1    0.00    0.00
A05A     3.5   87.6  1  1    0.00    0.00
A07A   314.7   92.3  1  1    0.00    0.00
A08A   330.5   83.2  1  1    0.00    0.00
A09A   302.0   98.1 -1  1    0.00    0.00
A10A    41.5   83.4 -1  1    0.00    0.00
A13A   166.3   79.3  1  1    0.00    0.00
AAS1   260.4   50.3  0  0   -0.42    1.06
AAS2   265.2   71.9  0  0    0.11    1.18
AEC3    78.4    9.5  0  0   -0.51    1.70
A05A     3.5   87.6  0  0   -0.01    1.79
A07A   314.7   92.3  0  0    0.00    0.00
A08A   330.5   83.2  0  0   -0.42    1.37
A09A   302.0   98.1  0  0    0.00    0.00
A10A    41.5   83.4  0  0   -0.86    1.29
A13A   166.3   79.3  0  0    0.00    0.00
             127  19  10   9 1
AAS1   260.1   49.3  1  1    0.00    0.00
AAS2   265.2   71.4 -1  1    0.00    0.00
ACC1   315.3   77.2 -1  1    0.00    0.00
AEC2    54.3   30.6  1 -1    0.00    0.00
AEC3    80.1   11.0 -1 -1    0.00    0.00
AID1   165.0   43.0 -1 -1    0.00    0.00
A07A   315.0   92.2  1  1    0.00    0.00
A08A   331.0   83.1  1  1    0.00    0.00
A10A    41.9   83.6 -1 -1    0.00    0.00
A13A   165.6   79.4 -1  1    0.00    0.00
AAS1   260.1   49.3  0  0   -0.59    1.21
AAS2   265.2   71.4  0  0    0.12    1.38
AEC2    54.3   30.6  0  0   -0.51    0.85
AEC3    80.1   11.0  0  0   -0.49    1.82
AID1   165.0   43.0  0  0    0.32    0.05
A07A   315.0   92.2  0  0    0.00    0.00
A08A   331.0   83.1  0  0   -0.38    1.36
A10A    41.9   83.6  0  0   -0.35    1.30
A13A   165.6   79.4  0  0    0.00    0.00
             128  14   8   6 1
AAS1   259.4   52.4  1  1    0.00    0.00
AAS2   264.8   74.6 -1  1    0.00    0.00
ACC1   314.9   80.3  1  1    0.00    0.00
AEC2    55.0   31.9  1 -1    0.00    0.00
AEC3    83.9   11.2 -1 -1    0.00    0.00
AID1   165.8   46.1 -1 -1    0.00    0.00
A08A   330.7   86.6  1  1    0.00    0.00
A13A   165.9   82.8  1  1    0.00    0.00
AAS1   259.4   52.4  0  0   -0.42    1.07
AAS2   264.8   74.6  0  0    0.10    1.23
AEC3    83.9   11.2  0  0   -0.65    1.83
AID1   165.8   46.1  0  0    0.27    0.08
A08A   330.7   86.6  0  0    0.00    0.00
A13A   165.9   82.8  0  0    0.00    0.00
             129  23  12  11 1
AAS1   262.6   49.7  1  1    0.00    0.00
AAS2   266.5   71.7 -1  1    0.00    0.00
ACC1   315.7   77.8  1  1    0.00    0.00
AEC2    49.9   31.2  1 -1    0.00    0.00
AEC3    66.6   10.7 -1 -1    0.00    0.00
AID1   165.5   41.2 -1 -1    0.00    0.00
A05A     3.6   87.9 -1 -1    0.00    0.00
A07A   315.2   92.4  1  1    0.00    0.00
A08A   331.1   83.6  1  1    0.00    0.00
A09A   302.4   98.1 -1  1    0.00    0.00
A10A    41.0   83.8 -1 -1    0.00    0.00
A13A   165.8   78.8  1  1    0.00    0.00
AAS1   262.6   49.7  0  0   -0.59    1.30
AAS2   266.5   71.7  0  0    0.05    1.45
AEC2    49.9   31.2  0  0   -0.44    0.78
AEC3    66.6   10.7  0  0   -0.56    1.50
AID1   165.5   41.2  0  0    0.24    0.11
A05A     3.6   87.9  0  0   -0.54    1.82
A07A   315.2   92.4  0  0    0.00    0.00
A08A   331.1   83.6  0  0   -0.55    1.39
A09A   302.4   98.1  0  0    0.00    0.00
A10A    41.0   83.8  0  0   -1.22    1.31
A13A   165.8   78.8  0  0    0.00    0.00
             130  18  10   8 1
AAS1   262.4   52.0  1 -1    0.00    0.00
AAS2   266.4   74.8 -1 -1    0.00    0.00
ACC1   316.2   81.3  1  1    0.00    0.00
AEC1     6.3   58.9 -1 -1    0.00    0.00
AEC2    51.7   34.7  1  1    0.00    0.00
AEC3    69.6   13.2 -1  1    0.00    0.00
AID1   163.6   44.5 -1  1    0.00    0.00
A08A   331.6   87.7  1  1    0.00    0.00
A10A    41.5   88.1 -1 -1    0.00    0.00
A13A   165.1   82.7  1  1    0.00    0.00
AAS1   262.4   52.0  0  0   -0.55    1.56
AAS2   266.4   74.8  0  0    0.02    2.14
AEC1     6.3   58.9  0  0    0.07    0.43
AEC3    69.6   13.2  0  0   -0.33    1.55
AID1   163.6   44.5  0  0    0.29   -0.07
A08A   331.6   87.7  0  0    0.00    0.00
A10A    41.5   88.1  0  0   -1.25    1.74
A13A   165.1   82.7  0  0   -0.30    1.27
             131  17  10   7 1
AAS1   264.1   52.3  1  1    0.00    0.00
AAS2   267.3   74.7 -1  1    0.00    0.00
ACC1   316.2   81.2 -1 -1    0.00    0.00
AEC1     4.9   59.0 -1 -1    0.00    0.00
AEC2    47.9   34.1 -1 -1    0.00    0.00
AEC3    59.4   12.2 -1  1    0.00    0.00
AID1   165.0   42.6 -1 -1    0.00    0.00
A08A   331.4   87.3  1 -1    0.00    0.00
A10A    40.7   87.5 -1 -1    0.00    0.00
A13A   165.6   81.6 -1 -1    0.00    0.00
AAS1   264.1   52.3  0  0   -0.60    1.54
AAS2   267.3   74.7  0  0    0.05    1.85
AEC1     4.9   59.0  0  0   -0.09    0.43
AEC3    59.4   12.2  0  0   -0.39    1.37
AID1   165.0   42.6  0  0    0.22    0.01
A08A   331.4   87.3  0  0   -0.59    1.85
A13A   165.6   81.6  0  0   -0.27    1.21
             132  19  10   9 1
AAS1   268.8   54.4  1 -1    0.00    0.00
AAS2   269.8   76.3 -1  1    0.00    0.00
AEC1     2.9   62.3 -1  1    0.00    0.00
AEC2    40.0   36.3  1  1    0.00    0.00
AEC3    36.0   14.1 -1 -1    0.00    0.00
AID1   166.3   39.2 -1 -1    0.00    0.00
A05A     2.8   92.2  1  1    0.00    0.00
A10A    39.0   88.8 -1  1    0.00    0.00
A11A   291.2   93.8  1  1    0.00    0.00
A14A   208.8   91.3  1  1    0.00    0.00
AAS1   268.8   54.4  0  0   -0.55    1.56
AAS2   269.8   76.3  0  0    0.00    0.00
AEC1     2.9   62.3  0  0   -0.11    0.54
AEC3    36.0   14.1  0  0   -0.56    1.06
AID1   166.3   39.2  0  0    0.16    0.21
A05A     2.8   92.2  0  0    0.00    0.00
A10A    39.0   88.8  0  0   -0.94    1.93
A11A   291.2   93.8  0  0    0.00    0.00
A14A   208.8   91.3  0  0   -0.47    1.92
             133  14   8   6 1
AAS1   264.0   52.2  1  1    0.00    0.00
AAS2   267.3   74.9 -1  1    0.00    0.00
ACC1   316.5   81.7  1  1    0.00    0.00
AEC2    49.1   35.2  1 -1    0.00    0.00
AEC3    61.9   13.3 -1 -1    0.00    0.00
AID1   163.7   43.3 -1 -1    0.00    0.00
A08A   331.7   87.9  1  1    0.00    0.00
A10A    41.0   88.3 -1  1    0.00    0.00
AAS1   264.0   52.2  0  0   -0.64    1.22
AAS2   267.3   74.9  0  0    0.08    1.33
AEC3    61.9   13.3  0  0   -0.32    1.30
AID1   163.7   43.3  0  0    0.16    0.16
A08A   331.7   87.9  0  0    0.00    0.00
A10A    41.0   88.3  0  0   -0.93    1.85
             134  16   9   7 1
AAS1   266.4   51.7  1  1    0.00    0.00
AAS2   268.6   74.0 -1  1    0.00    0.00
ACC1   316.9   81.0 -1 -1    0.00    0.00
AEC1     4.7   59.7 -1 -1    0.00    0.00
AEC2    45.1   35.1 -1 -1    0.00    0.00
AEC3    50.3   13.4 -1 -1    0.00    0.00
A08A   331.8   86.9  1 -1    0.00    0.00
A10A    40.1   87.1 -1 -1    0.00    0.00
A13A   165.4   80.4 -1 -1    0.00    0.00
AAS1   266.4   51.7  0  0   -0.49    1.74
AAS2   268.6   74.0  0  0   -0.11    2.09
AEC1     4.7   59.7  0  0   -0.21    0.46
AEC3    50.3   13.4  0  0   -0.65    1.22
A08A   331.8   86.9  0  0    0.19    1.80
A10A    40.1   87.1  0  0   -0.94    1.58
A13A   165.4   80.4  0  0   -0.07    1.15
             135  15   8   7 1
AAS1   268.1   55.9  1  1    0.00    0.00
ACC1   316.2   84.1  1  1    0.00    0.00
AEC1     1.6   62.4 -1 -1    0.00    0.00
AEC3    31.6   12.6 -1 -1    0.00    0.00
AID1   168.9   40.0  1  1    0.00    0.00
A05A     2.3   92.7  1 -1    0.00    0.00
A10A    38.7   89.3 -1 -1    0.00    0.00
A13A   166.9   82.0 -1 -1    0.00    0.00
AAS1   268.1   55.9  0  0   -0.74    1.97
AEC1     1.6   62.4  0  0   -0.12    0.55
AEC3    31.6   12.6  0  0   -0.64    1.11
AID1   168.9   40.0  0  0    0.20    0.07
A05A     2.3   92.7  0  0    0.17    1.74
A10A    38.7   89.3  0  0   -1.15    1.98
A13A   166.9   82.0  0  0    0.24    1.23
             136  16   8   8 1
AAS1   267.3   52.2  1 -1    0.00    0.00
AEC1     2.9   59.1  1  1    0.00    0.00
AEC2    41.6   33.6  1  1    0.00    0.00
AEC3    40.5   12.1 -1  1    0.00    0.00
AID1   166.8   38.6  1 -1    0.00    0.00
A03A   352.0   97.6  1  1    0.00    0.00
A10A    39.3   85.9 -1 -1    0.00    0.00
A11A   290.7   92.2 -1 -1    0.00    0.00
AAS1   267.3   52.2  0  0    0.00    0.00
AEC1     2.9   59.1  0  0   -0.10    0.44
AEC2    41.6   33.6  0  0   -0.40    0.65
AEC3    40.5   12.1  0  0   -0.46    1.18
AID1   166.8   38.6  0  0    0.20    0.19
A03A   352.0   97.6  0  0   -0.18    1.27
A10A    39.3   85.9  0  0    0.00    0.00
A11A   290.7   92.2  0  0    0.00    0.00
             137  15   8   7 1
ACC1   164.3   96.4  1 -1    0.00    0.00
A01A    38.7   79.6  1 -1    0.00    0.00
A02A   282.5    7.4  1  1    0.00    0.00
A03A   107.2   80.7  1  1    0.00    0.00
A05A   127.1   94.5  1  1    0.00    0.00
A06A   152.2   72.0 -1 -1    0.00    0.00
A08A   156.3   93.1 -1 -1    0.00    0.00
A14A   172.2  106.8 -1 -1    0.00    0.00
A01A    38.7   79.6  0  0   -0.06    1.10
A02A   282.5    7.4  0  0    0.24    1.94
A03A   107.2   80.7  0  0   -0.65    1.19
A05A   127.1   94.5  0  0    0.00    0.00
A06A   152.2   72.0  0  0    0.12    0.83
A08A   156.3   93.1  0  0    0.00    0.00
A14A   172.2  106.8  0  0    0.00    0.00
             138  18   9   9 1
A01A    16.6   65.6  1  1    0.00    0.00
A03A   103.0   51.4  1 -1    0.00    0.00
A04A   251.4   66.4  1  1    0.00    0.00
A05A   130.5   77.2  1 -1    0.00    0.00
A07A   200.4   72.5  1  1    0.00    0.00
A08A   167.1   76.4 -1 -1    0.00    0.00
A09A   232.0   82.8  1  1    0.00    0.00
A11A   199.7   87.4  1  1    0.00    0.00
A14A   176.9  100.5  1  1    0.00    0.00
A01A    16.6   65.6  0  0    0.70    0.64
A03A   103.0   51.4  0  0   -0.31    1.33
A04A   251.4   66.4  0  0    0.16    0.92
A05A   130.5   77.2  0  0    0.15    1.02
A07A   200.4   72.5  0  0    0.21    0.87
A08A   167.1   76.4  0  0    0.00    0.00
A09A   232.0   82.8  0  0   -0.12    1.35
A11A   199.7   87.4  0  0    0.00    0.00
A14A   176.9  100.5  0  0    0.00    0.00
             139  15   8   7 1
ACC1   174.0   84.7  1  1    0.00    0.00
AEC2   153.1   93.6  1  1    0.00    0.00
A01A    16.5   68.0  1  1    0.00    0.00
A03A   102.4   53.4  1 -1    0.00    0.00
A04A   251.8   68.4  1  1    0.00    0.00
A07A   200.5   74.4  1  1    0.00    0.00
A08A   167.0   78.2 -1  1    0.00    0.00
A13A   161.1  101.2  1  1    0.00    0.00
ACC1   174.0   84.7  0  0    0.00    0.00
A01A    16.5   68.0  0  0    0.60    0.72
A03A   102.4   53.4  0  0   -0.37    1.32
A04A   251.8   68.4  0  0    0.18    0.95
A07A   200.5   74.4  0  0    0.10    0.93
A08A   167.0   78.2  0  0    0.00    0.00
A13A   161.1  101.2  0  0    0.00    0.00
             140  17   9   8 1
AAS1   268.0   53.5  1  1    0.00    0.00
AAS2   269.4   75.4 -1  1    0.00    0.00
ACC1   316.7   82.3  1  1    0.00    0.00
AEC1     2.9   61.0  1 -1    0.00    0.00
AEC2    40.8   35.2 -1 -1    0.00    0.00
AEC3    38.1   13.2 -1 -1    0.00    0.00
A07A   315.8   95.1  1  1    0.00    0.00
A08A   331.4   88.0  1  1    0.00    0.00
A10A    39.2   87.7 -1 -1    0.00    0.00
AAS1   268.0   53.5  0  0   -0.79    1.23
AAS2   269.4   75.4  0  0    0.02    1.28
AEC1     2.9   61.0  0  0   -0.30    0.51
AEC2    40.8   35.2  0  0   -0.40    0.52
AEC3    38.1   13.2  0  0   -0.62    1.08
A07A   315.8   95.1  0  0    0.00    0.00
A08A   331.4   88.0  0  0    0.00    0.00
A10A    39.2   87.7  0  0   -1.26    1.69
             141  13   8   5 1
AAS1   272.4   54.9  1  1    0.00    0.00
ACC1   317.0   82.9  1  1    0.00    0.00
AEC1     0.3   62.7  1 -1    0.00    0.00
AEC2    32.1   36.3 -1 -1    0.00    0.00
AEC3    16.7   15.8 -1 -1    0.00    0.00
A10A    37.2   87.3 -1 -1    0.00    0.00
A11A   291.8   93.0  1  1    0.00    0.00
A14A   210.3   89.7 -1 -1    0.00    0.00
AEC1     0.3   62.7  0  0   -0.13    0.57
AEC3    16.7   15.8  0  0   -0.41    0.92
A10A    37.2   87.3  0  0   -0.73    1.63
A11A   291.8   93.0  0  0    0.00    0.00
A14A   210.3   89.7  0  0   -0.48    2.75
             142  15   8   7 1
AAS1   265.7   54.7  1  1    0.00    0.00
ACC1   316.1   83.3  1 -1    0.00    0.00
AEC1     3.4   61.2 -1 -1    0.00    0.00
AEC3    48.0   12.2 -1  1    0.00    0.00
A05A     3.0   92.4  1 -1    0.00    0.00
A08A   331.1   89.4 -1 -1    0.00    0.00
A10A    39.8   89.2 -1 -1    0.00    0.00
A13A   166.2   82.7 -1 -1    0.00    0.00
AAS1   265.7   54.7  0  0   -0.87    1.64
AEC1     3.4   61.2  0  0   -0.19    0.51
AEC3    48.0   12.2  0  0   -0.42    1.24
A05A     3.0   92.4  0  0   -0.16    1.78
A08A   331.1   89.4  0  0   -0.18    4.05
A10A    39.8   89.2  0  0   -1.43    1.97
A13A   166.2   82.7  0  0    0.00    0.00
             143  15   8   7 1
AAS1   263.2   49.5  1  1    0.00    0.00
AAS2   266.9   71.9 -1  1    0.00    0.00
ACC1   316.3   78.4  1  1    0.00    0.00
AEC1     5.8   56.4 -1 -1    0.00    0.00
AEC2    50.1   32.7  1 -1    0.00    0.00
AEC3    65.2   12.1 -1 -1    0.00    0.00
A10A    41.1   84.7 -1 -1    0.00    0.00
A13A   165.3   79.3  1  1    0.00    0.00
AAS1   263.2   49.5  0  0   -0.75    1.10
AAS2   266.9   71.9  0  0   -0.03    1.19
AEC1     5.8   56.4  0  0   -0.63    0.33
AEC2    50.1   32.7  0  0   -0.64    0.68
AEC3    65.2   12.1  0  0   -0.34    1.34
A10A    41.1   84.7  0  0   -0.96    1.38
A13A   165.3   79.3  0  0    0.00    0.00
             144  13   8   5 1
AAS1   264.9   51.7  1 -1    0.00    0.00
AAS2   267.7   74.0 -1 -1    0.00    0.00
ACC1   316.4   80.7 -1 -1    0.00    0.00
AEC2    47.0   34.2  1  1    0.00    0.00
AEC3    56.1   12.5 -1  1    0.00    0.00
AID1   164.7   41.5 -1  1    0.00    0.00
A10A    40.5   86.9 -1 -1    0.00    0.00
A13A   165.5   80.8  1  1    0.00    0.00
AAS2   267.7   74.0  0  0   -0.08    2.58
AEC3    56.1   12.5  0  0   -0.54    1.34
AID1   164.7   41.5  0  0    0.12    0.03
A10A    40.5   86.9  0  0   -1.18    1.58
A13A   165.5   80.8  0  0    0.00    0.00
             145  18  10   8 1
AAS1   260.2   52.2  1  1    0.00    0.00
AAS2   265.0   73.0 -1  1    0.00    0.00
ACC1   313.5   77.9  1  1    0.00    0.00
AEC1     1.8   53.4 -1 -1    0.00    0.00
AEC2    49.8   26.9  1 -1    0.00    0.00
AEC3    79.5    6.2 -1 -1    0.00    0.00
AID1   170.9   42.9  1 -1    0.00    0.00
A08A   329.3   83.4  1  1    0.00    0.00
A10A    40.7   82.9 -1 -1    0.00    0.00
A11A   288.5   91.2  1  1    0.00    0.00
AAS1   260.2   52.2  0  0   -0.77    1.00
AAS2   265.0   73.0  0  0    0.26    1.15
AEC1     1.8   53.4  0  0    0.02    0.21
AEC3    79.5    6.2  0  0   -0.38    1.88
AID1   170.9   42.9  0  0    0.18    0.07
A08A   329.3   83.4  0  0    0.00    0.00
A10A    40.7   82.9  0  0   -0.85    1.26
A11A   288.5   91.2  0  0    0.00    0.00
             146  14   8   6 1
AAS1   255.2   50.2  1  1    0.00    0.00
AEC1     5.1   50.0 -1 -1    0.00    0.00
AEC2    61.6   26.4 -1 -1    0.00    0.00
AEC3   111.1    9.8 -1 -1    0.00    0.00
AID1   168.2   45.7  1  1    0.00    0.00
A10A    42.8   81.7 -1 -1    0.00    0.00
A11A   287.5   89.5  1  1    0.00    0.00
A13A   166.8   79.6 -1 -1    0.00    0.00
AAS1   255.2   50.2  0  0   -0.61    0.91
AEC1     5.1   50.0  0  0   -0.04   -0.03
AEC3   111.1    9.8  0  0   -0.34    1.80
AID1   168.2   45.7  0  0    0.00    0.00
A10A    42.8   81.7  0  0   -0.54    1.19
A13A   166.8   79.6  0  0    0.67    1.11
             147  15   8   7 1
AAS1   260.1   54.2  1  1    0.00    0.00
AAS2   265.0   75.2 -1  1    0.00    0.00
AEC1     2.3   55.7 -1 -1    0.00    0.00
AEC2    50.5   28.7 -1 -1    0.00    0.00
AEC3    80.3    7.1 -1 -1    0.00    0.00
AID1   170.2   45.0  1  1    0.00    0.00
A10A    40.9   85.8 -1 -1    0.00    0.00
A13A   167.5   81.9 -1 -1    0.00    0.00
AAS1   260.1   54.2  0  0   -0.61    1.25
AAS2   265.0   75.2  0  0    0.22    1.49
AEC1     2.3   55.7  0  0   -0.31    0.30
AEC3    80.3    7.1  0  0   -0.57    2.06
AID1   170.2   45.0  0  0    0.14   -0.27
A10A    40.9   85.8  0  0   -1.15    1.45
A13A   167.5   81.9  0  0    0.00    0.00
             148  15   8   7 1
ACC1   165.2   97.3  1  1    0.00    0.00
A01A    36.8   79.9  1  1    0.00    0.00
A03A   107.0   80.1  1  1    0.00    0.00
A05A   127.4   95.1  1  1    0.00    0.00
A06A   153.9   71.5 -1  1    0.00    0.00
A08A   157.2   93.6  1  1    0.00    0.00
A11A   190.3   98.9  1  1    0.00    0.00
A14A   172.6  107.4  1  1    0.00    0.00
A01A    36.8   79.9  0  0   -0.09    1.12
A03A   107.0   80.1  0  0   -0.68    1.26
A05A   127.4   95.1  0  0   -0.46    1.53
A06A   153.9   71.5  0  0    0.14    0.83
A08A   157.2   93.6  0  0    0.00    0.00
A11A   190.3   98.9  0  0    0.00    0.00
A14A   172.6  107.4  0  0    0.00    0.00
             149  14   8   6 1
ACC1   200.6   73.9  1  1    0.00    0.00
AEC1   156.5   81.3 -1 -1    0.00    0.00
AEC2   156.8   89.1  1 -1    0.00    0.00
A03A    10.0   60.0 -1 -1    0.00    0.00
A06A   296.3   53.0  1 -1    0.00    0.00
A07A   250.9   74.6  1  1    0.00    0.00
A08A   202.5   54.4  1  1    0.00    0.00
A10A   117.1   86.8 -1 -1    0.00    0.00
AEC1   156.5   81.3  0  0   -0.29    1.18
A03A    10.0   60.0  0  0   -0.53    0.47
A06A   296.3   53.0  0  0   -0.07    0.81
A07A   250.9   74.6  0  0   -0.11    1.09
A08A   202.5   54.4  0  0   -0.34    0.36
A10A   117.1   86.8  0  0   -1.06    1.52
             150  17   9   8 1
AAS1   278.7   56.4  1 -1    0.00    0.00
AAS2   275.6   75.4 -1 -1    0.00    0.00
ACC1   317.5   82.6 -1 -1    0.00    0.00
AEC1   356.6   64.2  1  1    0.00    0.00
AEC3   357.2   21.9 -1 -1    0.00    0.00
A10A    34.0   85.4 -1  1    0.00    0.00
A12A   242.2   84.9 -1 -1    0.00    0.00
A13A   168.9   73.8  1  1    0.00    0.00
A14A   213.1   87.2  1  1    0.00    0.00
AAS1   278.7   56.4  0  0   -0.92    1.97
AAS2   275.6   75.4  0  0   -0.14    2.10
AEC1   356.6   64.2  0  0   -0.32    0.62
AEC3   357.2   21.9  0  0   -0.39    0.74
A10A    34.0   85.4  0  0   -1.02    1.44
A12A   242.2   84.9  0  0   -0.17    1.56
A13A   168.9   73.8  0  0    0.06    0.89
A14A   213.1   87.2  0  0    0.00    0.00
             151  16   9   7 1
AAS2   195.9   89.9 -1 -1    0.00    0.00
ACC1   201.4   71.4 -1 -1    0.00    0.00
AEC1   156.7   78.6  1  1    0.00    0.00
AEC2   156.9   87.0  1  1    0.00    0.00
A03A     9.0   58.5 -1 -1    0.00    0.00
A06A   297.1   51.9  1  1    0.00    0.00
A07A   251.9   72.5  1  1    0.00    0.00
A08A   203.9   51.7  1 -1    0.00    0.00
A10A   116.8   84.4 -1  1    0.00    0.00
AAS2   195.9   89.9  0  0   -0.11    3.22
AEC1   156.7   78.6  0  0   -0.19    1.06
A03A     9.0   58.5  0  0   -0.34    0.41
A06A   297.1   51.9  0  0    0.02    0.99
A07A   251.9   72.5  0  0   -0.13    0.98
A08A   203.9   51.7  0  0   -0.42    0.20
A10A   116.8   84.4  0  0   -1.02    1.35
             152  13   8   5 1
ACC1   200.7   67.1 -1 -1    0.00    0.00
AEC1   156.4   74.6  1 -1    0.00    0.00
AEC2   156.7   83.5 -1 -1    0.00    0.00
A03A     9.9   53.9  1  1    0.00    0.00
A06A   296.9   47.0  1  1    0.00    0.00
A07A   251.3   67.9  1  1    0.00    0.00
A08A   202.8   47.7  1 -1    0.00    0.00
A10A   116.9   80.6 -1 -1    0.00    0.00
AEC1   156.4   74.6  0  0   -0.33    0.92
A03A     9.9   53.9  0  0   -0.32    0.21
A06A   296.9   47.0  0  0   -0.18    0.89
A07A   251.3   67.9  0  0   -0.26    0.96
A08A   202.8   47.7  0  0   -0.09    0.16
             153  16   9   7 1
ACC1   200.2   70.9 -1 -1    0.00    0.00
AEC1   156.5   78.3  1  1    0.00    0.00
AEC2   156.7   86.5  1  1    0.00    0.00
A03A    10.5   56.6 -1 -1    0.00    0.00
A05A   101.9   50.3  1  1    0.00    0.00
A06A   295.9   49.6  1  1    0.00    0.00
A07A   250.5   71.3  1  1    0.00    0.00
A08A   201.8   51.7  1 -1    0.00    0.00
A10A   117.3   83.9 -1  1    0.00    0.00
AEC1   156.5   78.3  0  0   -0.18    1.05
A03A    10.5   56.6  0  0   -0.23    0.33
A05A   101.9   50.3  0  0    0.41    1.78
A06A   295.9   49.6  0  0   -0.02    1.04
A07A   250.5   71.3  0  0   -0.05    0.94
A08A   201.8   51.7  0  0   -0.21    0.17
A10A   117.3   83.9  0  0   -1.11    1.33
             154  16   9   7 1
ACC1   200.9   75.3 -1 -1    0.00    0.00
AEC1   156.3   82.9  1 -1    0.00    0.00
AEC2   156.6   90.7 -1 -1    0.00    0.00
AEC3   162.6   92.2  1 -1    0.00    0.00
A03A     9.8   62.5 -1 -1    0.00    0.00
A06A   297.6   55.1  1  1    0.00    0.00
A07A   251.7   76.2  1  1    0.00    0.00
A08A   203.1   55.3  1  1    0.00    0.00
A10A   116.6   88.6 -1 -1    0.00    0.00
AEC1   156.3   82.9  0  0   -0.21    1.27
AEC3   162.6   92.2  0  0    0.03    1.91
A03A     9.8   62.5  0  0   -0.21    0.55
A06A   297.6   55.1  0  0   -0.18    0.79
A07A   251.7   76.2  0  0   -0.09    1.13
A08A   203.1   55.3  0  0    0.00    0.00
A10A   116.6   88.6  0  0   -0.96    1.77
             155  16   9   7 1
ACC1   201.0   70.8  1  1    0.00    0.00
AEC1   157.1   77.9  1 -1    0.00    0.00
AEC2   157.2   86.2 -1 -1    0.00    0.00
AEC3   163.1   88.2  1 -1    0.00    0.00
A03A     9.3   56.2 -1 -1    0.00    0.00
A06A   295.2   50.1  1  1    0.00    0.00
A07A   250.7   71.5  1  1    0.00    0.00
A08A   203.1   51.8  1  1    0.00    0.00
A10A   117.5   83.5 -1 -1    0.00    0.00
AEC1   157.1   77.9  0  0   -0.28    1.04
AEC3   163.1   88.2  0  0   -0.06    1.82
A03A     9.3   56.2  0  0   -0.35    0.33
A06A   295.2   50.1  0  0   -0.27    0.83
A07A   250.7   71.5  0  0   -0.12    1.04
A08A   203.1   51.8  0  0    0.00    0.00
A10A   117.5   83.5  0  0   -0.87    1.29
             156  16   9   7 1
ACC1   200.1   68.7 -1 -1    0.00    0.00
AEC1   157.3   75.8  1 -1    0.00    0.00
AEC2   157.4   84.2 -1 -1    0.00    0.00
AEC3   163.2   85.4  1 -1    0.00    0.00
A03A    10.2   51.8 -1 -1    0.00    0.00
A06A   292.8   46.4  1  1    0.00    0.00
A07A   249.2   68.7  1  1    0.00    0.00
A08A   201.7   50.3  1  1    0.00    0.00
A10A   118.3   81.1 -1 -1    0.00    0.00
AEC1   157.3   75.8  0  0   -0.32    0.96
AEC3   163.2   85.4  0  0   -0.05    1.47
A03A    10.2   51.8  0  0   -0.49    0.12
A06A   292.8   46.4  0  0   -0.16    0.91
A07A   249.2   68.7  0  0   -0.31    0.98
A08A   201.7   50.3  0  0   -0.19    0.24
A10A   118.3   81.1  0  0   -1.28    1.17
             157  17   9   8 1
ACC1   199.3   67.0  1  1    0.00    0.00
AEC3   162.5   84.4 -1 -1    0.00    0.00
A01A   352.3   83.5 -1 -1    0.00    0.00
A03A    11.7   51.1 -1 -1    0.00    0.00
A06A   294.3   44.3  1  1    0.00    0.00
A07A   249.2   66.7  1  1    0.00    0.00
A08A   200.2   48.4  1  1    0.00    0.00
A10A   117.8   80.2 -1 -1    0.00    0.00
A14A   185.2   96.9 -1 -1    0.00    0.00
AEC3   162.5   84.4  0  0    0.09    1.38
A01A   352.3   83.5  0  0   -0.07    1.36
A03A    11.7   51.1  0  0   -0.19    0.09
A06A   294.3   44.3  0  0   -0.14    0.90
A07A   249.2   66.7  0  0   -0.15    0.96
A08A   200.2   48.4  0  0   -0.00    0.18
A10A   117.8   80.2  0  0   -1.06    1.13
A14A   185.2   96.9  0  0    0.00    0.00
             158  18  10   8 1
ACC1   200.0   68.5 -1 -1    0.00    0.00
AEC1   157.5   75.5  1 -1    0.00    0.00
AEC2   157.5   83.9 -1 -1    0.00    0.00
AEC3   163.2   85.2  1 -1    0.00    0.00
A03A    10.3   51.0 -1 -1    0.00    0.00
A06A   292.2   45.8  1  1    0.00    0.00
A07A   248.8   68.4  1  1    0.00    0.00
A08A   201.4   50.3  1  1    0.00    0.00
A09A   261.1   86.4  1  1    0.00    0.00
A10A   118.6   80.8 -1 -1    0.00    0.00
AEC1   157.5   75.5  0  0   -0.23    0.95
AEC3   163.2   85.2  0  0   -0.03    1.44
A03A    10.3   51.0  0  0   -0.55    0.08
A06A   292.2   45.8  0  0   -0.26    0.92
A07A   248.8   68.4  0  0   -0.29    0.97
A08A   201.4   50.3  0  0    0.00    0.00
A09A   261.1   86.4  0  0   -0.81    1.81
A10A   118.6   80.8  0  0   -1.06    1.15
             159  13   8   5 1
ACC1   202.0   67.8  1  1    0.00    0.00
AEC1   156.2   75.3  1  1    0.00    0.00
AEC2   156.5   84.4  1  1    0.00    0.00
A05A    97.1   47.3  1 -1    0.00    0.00
A06A   299.5   50.1  1  1    0.00    0.00
A07A   253.3   69.5  1  1    0.00    0.00
A08A   205.1   47.6  1  1    0.00    0.00
A10A   115.9   81.7 -1 -1    0.00    0.00
AEC1   156.2   75.3  0  0   -0.11    0.96
A05A    97.1   47.3  0  0    0.27    1.78
A06A   299.5   50.1  0  0   -0.08    0.84
A07A   253.3   69.5  0  0   -0.39    0.97
A08A   205.1   47.6  0  0   -0.18    0.16
             160  14   8   6 1
AEC1   157.2   93.4  1 -1    0.00    0.00
AEC2   157.3  100.9 -1 -1    0.00    0.00
A03A     6.2   78.5  1 -1    0.00    0.00
A06A   299.3   72.9  1 -1    0.00    0.00
A07A   254.6   89.5  1  1    0.00    0.00
A08A   208.5   68.2  1  1    0.00    0.00
A09A   264.1  105.0  1  1    0.00    0.00
A10A   115.9   98.5 -1 -1    0.00    0.00
AEC1   157.2   93.4  0  0   -0.07    1.72
A03A     6.2   78.5  0  0   -0.56    1.08
A06A   299.3   72.9  0  0   -0.03    1.03
A07A   254.6   89.5  0  0   -0.39    2.24
A08A   208.5   68.2  0  0   -0.18    0.75
A09A   264.1  105.0  0  0    0.00    0.00
             161  13   8   5 1
ACC1   200.9   73.0 -1 -1    0.00    0.00
AEC1   155.8   80.7  1 -1    0.00    0.00
AEC2   156.3   88.8 -1 -1    0.00    0.00
A03A    10.0   61.5 -1 -1    0.00    0.00
A06A   299.0   53.6  1  1    0.00    0.00
A07A   252.4   74.1  1  1    0.00    0.00
A08A   203.2   52.6  1  1    0.00    0.00
A10A   116.1   86.7 -1  1    0.00    0.00
AEC1   155.8   80.7  0  0   -0.17    1.15
A03A    10.0   61.5  0  0   -0.32    0.52
A06A   299.0   53.6  0  0   -0.13    0.77
A07A   252.4   74.1  0  0   -0.04    1.10
A08A   203.2   52.6  0  0   -0.13    0.32
             162  17  10   7 1
ACC1   201.7   76.3  1  1    0.00    0.00
AEC1   155.9   84.1  1 -1    0.00    0.00
A03A     9.1   65.7  1 -1    0.00    0.00
A05A    97.1   55.5  1  1    0.00    0.00
A06A   299.8   58.0  1 -1    0.00    0.00
A07A   253.3   77.9  1  1    0.00    0.00
A08A   204.7   55.4  1  1    0.00    0.00
A09A   263.6   94.9  1  1    0.00    0.00
A10A   115.8   90.3 -1 -1    0.00    0.00
A11A   228.3   92.1  1  1    0.00    0.00
AEC1   155.9   84.1  0  0   -0.01    1.34
A03A     9.1   65.7  0  0   -0.40    0.65
A05A    97.1   55.5  0  0    0.26    2.34
A06A   299.8   58.0  0  0   -0.01    0.90
A07A   253.3   77.9  0  0   -0.33    1.15
A08A   204.7   55.4  0  0    0.00    0.00
A11A   228.3   92.1  0  0   -0.77    1.68
             163  16   9   7 1
AAS2   196.0   88.7 -1  1    0.00    0.00
ACC1   201.5   69.9  1  1    0.00    0.00
AEC1   156.6   77.3  1  1    0.00    0.00
AEC2   156.8   85.9  1  1    0.00    0.00
A05A    99.3   48.9  1 -1    0.00    0.00
A06A   297.7   50.9  1  1    0.00    0.00
A07A   252.2   71.2  1  1    0.00    0.00
A08A   204.2   50.2  1  1    0.00    0.00
A10A   116.6   83.2 -1 -1    0.00    0.00
AAS2   196.0   88.7  0  0   -0.17    2.12
AEC1   156.6   77.3  0  0   -0.16    1.01
A05A    99.3   48.9  0  0    0.25    1.84
A06A   297.7   50.9  0  0   -0.12    0.93
A07A   252.2   71.2  0  0   -0.12    0.97
A08A   204.2   50.2  0  0   -0.20    0.18
A10A   116.6   83.2  0  0   -0.81    1.28
             164  17   9   8 1
AAS2   196.0   93.8 -1  1    0.00    0.00
ACC1   201.5   76.4  1  1    0.00    0.00
AEC1   156.6   83.9  1  1    0.00    0.00
AEC2   156.8   91.7 -1  1    0.00    0.00
AEC3   162.8   92.9  1  1    0.00    0.00
A06A   297.7   57.0  1 -1    0.00    0.00
A07A   252.2   77.7  1  1    0.00    0.00
A08A   204.2   56.2  1  1    0.00    0.00
A10A   116.6   89.7 -1 -1    0.00    0.00
AAS2   196.0   93.8  0  0   -0.27    1.56
ACC1   201.5   76.4  0  0    0.00    1.01
AEC1   156.6   83.9  0  0   -0.21    1.34
AEC3   162.8   92.9  0  0   -0.09    1.76
A06A   297.7   57.0  0  0   -0.13    0.91
A07A   252.2   77.7  0  0   -0.21    1.13
A08A   204.2   56.2  0  0   -0.16    0.38
A10A   116.6   89.7  0  0   -1.00    2.06
             165  19  11   8 1
AAS2   195.9   90.8 -1  1    0.00    0.00
ACC1   201.4   71.9  1  1    0.00    0.00
AEC1   156.2   79.3  1 -1    0.00    0.00
AEC2   156.6   87.7 -1 -1    0.00    0.00
AEC3   162.6   89.5  1 -1    0.00    0.00
A03A     9.3   60.2  1  1    0.00    0.00
A06A   298.6   53.0  1 -1    0.00    0.00
A07A   252.5   73.2  1  1    0.00    0.00
A08A   204.1   51.7  1  1    0.00    0.00
A10A   116.2   85.3 -1 -1    0.00    0.00
A11A   228.0   87.7  1  1    0.00    0.00
AAS2   195.9   90.8  0  0   -0.33    2.08
AEC1   156.2   79.3  0  0   -0.06    1.09
A03A     9.3   60.2  0  0   -0.40    0.48
A06A   298.6   53.0  0  0   -0.04    0.76
A07A   252.5   73.2  0  0   -0.18    1.11
A08A   204.1   51.7  0  0   -0.07    0.32
A10A   116.2   85.3  0  0   -0.93    1.38
A11A   228.0   87.7  0  0   -0.68    2.08
             166  18   9   9 1
AAS2   195.6   91.4 -1 -1    0.00    0.00
ACC1   200.9   72.1 -1 -1    0.00    0.00
AEC1   155.3   80.1  1  1    0.00    0.00
AEC3   162.0   90.0  1  1    0.00    0.00
A03A    10.2   62.0  1  1    0.00    0.00
A06A   300.5   53.5  1  1    0.00    0.00
A07A   253.0   73.5  1 -1    0.00    0.00
A08A   203.3   51.4  1 -1    0.00    0.00
A10A   115.5   86.4 -1  1    0.00    0.00
AAS2   195.6   91.4  0  0   -0.20    1.95
ACC1   200.9   72.1  0  0    0.07    0.86
AEC1   155.3   80.1  0  0   -0.23    1.13
AEC3   162.0   90.0  0  0   -0.19    2.62
A03A    10.2   62.0  0  0   -0.62    0.53
A06A   300.5   53.5  0  0   -0.06    0.85
A07A   253.0   73.5  0  0   -0.14    1.02
A08A   203.3   51.4  0  0    0.01    0.21
A10A   115.5   86.4  0  0   -1.20    1.52
             167  14   8   6 1
ACC1   202.0   82.4  1  1    0.00    0.00
AEC2   156.5   97.9  1 -1    0.00    0.00
A03A     8.7   72.5  1  1    0.00    0.00
A05A    97.1   62.3  1  1    0.00    0.00
A06A   299.5   65.4 -1 -1    0.00    0.00
A07A   253.3   83.9  1  1    0.00    0.00
A08A   205.1   62.6 -1  1    0.00    0.00
A11A   228.4   98.1  1  1    0.00    0.00
A03A     8.7   72.5  0  0   -0.56    0.86
A05A    97.1   62.3  0  0   -0.42    2.85
A06A   299.5   65.4  0  0   -0.46    0.92
A07A   253.3   83.9  0  0    0.15    1.42
A08A   205.1   62.6  0  0    0.00    0.00
A11A   228.4   98.1  0  0    0.00    0.00
             168  13   8   5 1
AEC1   156.3   82.0  1 -1    0.00    0.00
A03A     9.4   62.2 -1 -1    0.00    0.00
A05A    99.2   53.5  1  1    0.00    0.00
A06A   298.0   55.1  1  1    0.00    0.00
A07A   252.1   75.7  1  1    0.00    0.00
A09A   262.9   93.1  1  1    0.00    0.00
A10A   116.5   87.9 -1  1    0.00    0.00
A11A   227.8   90.0  1  1    0.00    0.00
AEC1   156.3   82.0  0  0   -0.06    1.21
A03A     9.4   62.2  0  0   -0.57    0.54
A05A    99.2   53.5  0  0    0.28    1.27
A06A   298.0   55.1  0  0   -0.19    0.79
A07A   252.1   75.7  0  0   -0.27    1.13
             169  20  11   9 1
AAS2   196.1   87.9 -1  1    0.00    0.00
ACC1   202.0   68.2 -1  1    0.00    0.00
AEC1   155.7   76.0  1 -1    0.00    0.00
AEC2   156.2   85.0 -1 -1    0.00    0.00
A03A     8.9   58.9  1  1    0.00    0.00
A06A   300.9   51.3  1  1    0.00    0.00
A07A   254.0   70.2  1  1    0.00    0.00
A08A   205.3   47.5  1 -1    0.00    0.00
A10A   115.3   82.6 -1 -1    0.00    0.00
A11A   228.7   85.1  1  1    0.00    0.00
A13A   165.6   96.8  1  1    0.00    0.00
AAS2   196.1   87.9  0  0   -0.14    1.92
AEC1   155.7   76.0  0  0    0.08    0.97
A03A     8.9   58.9  0  0   -0.52    0.43
A06A   300.9   51.3  0  0   -0.15    0.82
A07A   254.0   70.2  0  0   -0.16    1.00
A08A   205.3   47.5  0  0   -0.31    0.18
A10A   115.3   82.6  0  0   -1.10    1.25
A11A   228.7   85.1  0  0   -0.91    1.56
A13A   165.6   96.8  0  0    0.00    0.00
             170  15   8   7 1
A03A     8.2   74.3  1  1    0.00    0.00
A05A    96.5   63.4  1  1    0.00    0.00
A06A   299.9   67.4  1 -1    0.00    0.00
A07A   253.8   85.4  1  1    0.00    0.00
A08A   205.9   63.8  1  1    0.00    0.00
A09A   263.8  103.4  1  1    0.00    0.00
A10A   115.7   96.1 -1 -1    0.00    0.00
A11A   228.7   98.9  1  1    0.00    0.00
A03A     8.2   74.3  0  0   -0.59    0.92
A05A    96.5   63.4  0  0    0.34    2.15
A06A   299.9   67.4  0  0   -0.09    0.94
A07A   253.8   85.4  0  0   -0.36    1.62
A08A   205.9   63.8  0  0   -0.16    0.62
A10A   115.7   96.1  0  0   -0.68    1.48
A11A   228.7   98.9  0  0   -0.74    1.16
             171  12   8   4 1
ACC1   200.4   94.9 -1  1    0.00    0.00
AEC1   155.9  100.6  1  1    0.00    0.00
AEC2   156.3  106.3 -1 -1    0.00    0.00
A03A    10.6   84.1  1  1    0.00    0.00
A07A   251.5   95.4  1  1    0.00    0.00
A09A   262.7  108.0  1  1    0.00    0.00
A10A   116.5  104.8 -1 -1    0.00    0.00
A11A   227.3  106.1  1  1    0.00    0.00
A03A    10.6   84.1  0  0   -0.56    1.38
A07A   251.5   95.4  0  0    0.04    1.37
A09A   262.7  108.0  0  0    0.00    0.00
A11A   227.3  106.1  0  0    0.00    0.00
             172  14   8   6 1
ACC1   208.4   71.9  1  1    0.00    0.00
AEC1   153.3   80.5  1 -1    0.00    0.00
A03A     5.4   75.5  1  1    0.00    0.00
A05A    77.5   55.8  1  1    0.00    0.00
A06A   311.3   67.3  1 -1    0.00    0.00
A07A   263.8   79.4  1  1    0.00    0.00
A10A   109.6   90.6 -1 -1    0.00    0.00
A11A   234.0   92.8  1  1    0.00    0.00
AEC1   153.3   80.5  0  0    0.00    1.14
A03A     5.4   75.5  0  0   -0.44    0.96
A05A    77.5   55.8  0  0    0.31    1.01
A06A   311.3   67.3  0  0   -0.06    0.82
A07A   263.8   79.4  0  0    0.03    1.31
A11A   234.0   92.8  0  0   -0.72    1.57
             173  14   8   6 1
ACC1   207.5   72.4  1  1    0.00    0.00
AEC1   154.0   80.9  1 -1    0.00    0.00
A05A    80.5   54.8  1  1    0.00    0.00
A06A   309.6   65.8  1 -1    0.00    0.00
A07A   262.2   79.0  1  1    0.00    0.00
A08A   216.9   47.5  1  1    0.00    0.00
A10A   110.7   90.5 -1 -1    0.00    0.00
A11A   233.2   92.5  1  1    0.00    0.00
AEC1   154.0   80.9  0  0   -0.15    1.16
A05A    80.5   54.8  0  0    0.32    1.00
A06A   309.6   65.8  0  0    0.04    0.83
A07A   262.2   79.0  0  0   -0.04    1.24
A08A   216.9   47.5  0  0    0.00    0.00
A11A   233.2   92.5  0  0   -0.66    1.60
             174  18  10   8 1
ACC1   207.2   65.9 -1  1    0.00    0.00
AEC1   153.8   74.3  1 -1    0.00    0.00
AEC2   154.9   84.8 -1 -1    0.00    0.00
A03A     5.9   67.3  1 -1    0.00    0.00
A05A    80.6   49.2  1  1    0.00    0.00
A06A   309.8   59.2  1 -1    0.00    0.00
A07A   262.1   72.3  1  1    0.00    0.00
A08A   216.4   41.7  1  1    0.00    0.00
A10A   110.6   83.2 -1 -1    0.00    0.00
A11A   233.1   86.1  1  1    0.00    0.00
AEC1   153.8   74.3  0  0   -0.08    0.91
A03A     5.9   67.3  0  0   -0.15    0.70
A05A    80.6   49.2  0  0    0.34    1.12
A06A   309.8   59.2  0  0   -0.07    0.72
A07A   262.1   72.3  0  0    0.01    1.15
A08A   216.4   41.7  0  0    0.00    0.00
A10A   110.6   83.2  0  0   -0.61    1.29
A11A   233.1   86.1  0  0   -0.59    1.73
             175  16   9   7 1
ACC1   207.5   65.2 -1 -1    0.00    0.00
AEC1   154.0   73.5  1 -1    0.00    0.00
A05A    80.5   48.2  1 -1    0.00    0.00
A06A   309.6   58.7  1  1    0.00    0.00
A07A   262.2   71.7  1  1    0.00    0.00
A08A   216.9   41.3  1  1    0.00    0.00
A09A   268.2   90.3 -1  1    0.00    0.00
A10A   110.7   82.4 -1 -1    0.00    0.00
A11A   233.2   85.5  1  1    0.00    0.00
AEC1   154.0   73.5  0  0   -0.24    0.89
A05A    80.5   48.2  0  0    0.27    1.36
A06A   309.6   58.7  0  0   -0.04    0.65
A07A   262.2   71.7  0  0   -0.16    1.37
A08A   216.9   41.3  0  0    0.00    0.00
A09A   268.2   90.3  0  0    0.00    0.00
A11A   233.2   85.5  0  0   -0.71    1.56
             176  17   9   8 1
AEC1   156.8   90.0  1  1    0.00    0.00
AEC2   157.0   97.4  1  1    0.00    0.00
A03A    11.4   66.6  1 -1    0.00    0.00
A05A   104.5   62.4  1  1    0.00    0.00
A06A   293.4   59.8  1  1    0.00    0.00
A07A   248.9   82.5  1  1    0.00    0.00
A09A   261.2  100.3  1  1    0.00    0.00
A10A   118.1   94.7 -1  1    0.00    0.00
A11A   226.1   96.9  1  1    0.00    0.00
AEC1   156.8   90.0  0  0   -0.30    2.69
A03A    11.4   66.6  0  0   -0.57    0.68
A05A   104.5   62.4  0  0    0.37    1.12
A06A   293.4   59.8  0  0   -0.49    0.91
A07A   248.9   82.5  0  0   -0.27    1.35
A09A   261.2  100.3  0  0    0.00    0.00
A10A   118.1   94.7  0  0   -0.79    1.56
A11A   226.1   96.9  0  0   -0.82    1.28
             177  18  10   8 1
AAS2   297.6   86.3  1  1    0.00    0.00
ACC1   336.6  100.6 -1 -1    0.00    0.00
AEC2    38.7   86.3 -1  1    0.00    0.00
AEC3    37.4   75.6  1  1    0.00    0.00
AID1    86.3   57.8  1  1    0.00    0.00
A07A   328.1  110.0 -1 -1    0.00    0.00
A08A   346.0  104.8 -1 -1    0.00    0.00
A11A   305.7  105.3  1  1    0.00    0.00
A12A   245.8   93.6  1  1    0.00    0.00
A14A   205.2   97.6  1 -1    0.00    0.00
AAS2   297.6   86.3  0  0   -0.16    1.76
AEC3    37.4   75.6  0  0   -0.44    0.95
AID1    86.3   57.8  0  0   -0.50    1.30
A07A   328.1  110.0  0  0    0.00    0.00
A08A   346.0  104.8  0  0    0.00    0.00
A11A   305.7  105.3  0  0    0.00    0.00
A12A   245.8   93.6  0  0   -0.36    1.48
A14A   205.2   97.6  0  0   -0.21    1.24
             178  13   8   5 1
ACC1   252.2   61.3 -1 -1    0.00    0.00
AEC1   146.5   52.0  1  1    0.00    0.00
AEC2   151.8   76.4  1  1    0.00    0.00
AEC3   162.7   79.6 -1  1    0.00    0.00
A07A   289.2   87.0  1  1    0.00    0.00
A08A   294.6   53.6  1 -1    0.00    0.00
A10A    87.5   83.4 -1  1    0.00    0.00
A11A   254.8   91.9  1  1    0.00    0.00
AEC1   146.5   52.0  0  0   -0.11    0.42
AEC3   162.7   79.6  0  0   -0.03    1.12
A07A   289.2   87.0  0  0    0.00    0.00
A08A   294.6   53.6  0  0   -0.60    0.90
A11A   254.8   91.9  0  0    0.00    0.00
             179  15   8   7 1
ACC1   252.9   63.5  1  1    0.00    0.00
AEC1   146.5   53.4 -1 -1    0.00    0.00
AEC3   162.9   80.9 -1 -1    0.00    0.00
A05A    25.8   69.0  1 -1    0.00    0.00
A07A   289.4   88.6  1  1    0.00    0.00
A08A   295.1   56.2  1  1    0.00    0.00
A10A    87.1   84.7 -1  1    0.00    0.00
A11A   255.1   93.3  1  1    0.00    0.00
AEC1   146.5   53.4  0  0   -0.27    0.46
AEC3   162.9   80.9  0  0   -0.26    1.17
A05A    25.8   69.0  0  0    0.05    0.75
A07A   289.4   88.6  0  0    0.24    2.70
A08A   295.1   56.2  0  0   -0.66    0.95
A10A    87.1   84.7  0  0   -0.59    1.46
A11A   255.1   93.3  0  0    0.05    1.53
             180  18  10   8 1
AAS1   310.9   69.9  1  1    0.00    0.00
ACC1   331.2  100.0  1  1    0.00    0.00
AEC3    25.8   68.0 -1  1    0.00    0.00
AID1    87.6   39.1 -1 -1    0.00    0.00
A05A     6.4  107.7  1  1    0.00    0.00
A08A   341.4  103.8  1  1    0.00    0.00
A10A    35.6  104.5  1  1    0.00    0.00
A12A   247.9   95.3  1  1    0.00    0.00
A13A   150.7   88.0  1  1    0.00    0.00
A14A   210.6   97.7  1  1    0.00    0.00
AAS1   310.9   69.9  0  0    0.07    0.87
AEC3    25.8   68.0  0  0   -0.14    0.72
AID1    87.6   39.1  0  0   -0.48    1.42
A05A     6.4  107.7  0  0    0.00    0.00
A08A   341.4  103.8  0  0    0.00    0.00
A12A   247.9   95.3  0  0    0.06    1.39
A13A   150.7   88.0  0  0   -0.06    1.77
A14A   210.6   97.7  0  0   -0.13    1.25
             181  16   9   7 1
ACC1   223.8   57.7 -1  1    0.00    0.00
AEC1   146.0   67.5 -1 -1    0.00    0.00
AEC3   158.8   85.1 -1 -1    0.00    0.00
A03A     2.7   81.7 -1 -1    0.00    0.00
A05A    51.0   59.3  1  1    0.00    0.00
A07A   279.4   77.7  1  1    0.00    0.00
A08A   262.9   32.8  1  1    0.00    0.00
A09A   277.1   94.6  1  1    0.00    0.00
A10A    98.5   85.5 -1  1    0.00    0.00
AEC1   146.0   67.5  0  0   -0.17    0.72
AEC3   158.8   85.1  0  0   -0.32    1.42
A03A     2.7   81.7  0  0   -0.73    1.23
A05A    51.0   59.3  0  0    0.54    0.60
A07A   279.4   77.7  0  0   -0.02    1.57
A08A   262.9   32.8  0  0    0.00    0.00
A09A   277.1   94.6  0  0    0.00    0.00
             182  14   8   6 1
AAS2   171.5   96.7 -1 -1    0.00    0.00
ACC1   163.4   90.3 -1 -1    0.00    0.00
A01A    40.5   72.0  1 -1    0.00    0.00
A02A   283.8    2.5  1  1    0.00    0.00
A03A   107.0   73.6  1  1    0.00    0.00
A07A   181.7   79.6 -1 -1    0.00    0.00
A08A   155.4   86.0 -1 -1    0.00    0.00
A09A   218.4   84.8 -1 -1    0.00    0.00
A01A    40.5   72.0  0  0   -0.24    0.85
A02A   283.8    2.5  0  0   -0.11    2.37
A03A   107.0   73.6  0  0   -0.67    1.06
A07A   181.7   79.6  0  0   -0.03    1.13
A08A   155.4   86.0  0  0    0.00    0.00
A09A   218.4   84.8  0  0   -0.04    1.48
             183  19  11   8 1
AAS2   171.4   96.3 -1 -1    0.00    0.00
ACC1   163.3   89.7 -1 -1    0.00    0.00
AEC1   146.2   95.0 -1 -1    0.00    0.00
AEC2   147.9   97.3 -1 -1    0.00    0.00
A01A    40.0   71.9  1 -1    0.00    0.00
A02A   311.1    3.2  1  1    0.00    0.00
A03A   106.3   73.0  1  1    0.00    0.00
A05A   126.3   88.2  1  1    0.00    0.00
A07A   181.7   78.8 -1 -1    0.00    0.00
A09A   218.8   84.1 -1 -1    0.00    0.00
A14A   171.7  103.6 -1 -1    0.00    0.00
AAS2   171.4   96.3  0  0    0.00    0.00
A01A    40.0   71.9  0  0   -0.32    0.84
A02A   311.1    3.2  0  0   -0.17    1.86
A03A   106.3   73.0  0  0   -0.60    1.13
A05A   126.3   88.2  0  0    0.00    0.00
A07A   181.7   78.8  0  0   -0.07    1.09
A09A   218.8   84.1  0  0   -0.21    1.43
A14A   171.7  103.6  0  0    0.00    0.00
             184  14   8   6 1
ACC1   249.4   58.4 -1 -1    0.00    0.00
AEC2   146.3   81.3 -1 -1    0.00    0.00
A05A    33.0   73.3  1  1    0.00    0.00
A07A   291.1   87.3 -1 -1    0.00    0.00
A08A   301.3   50.2  1 -1    0.00    0.00
A09A   283.7  102.2  1 -1    0.00    0.00
A10A    87.4   89.1 -1 -1    0.00    0.00
A11A   253.9   92.8  1 -1    0.00    0.00
A05A    33.0   73.3  0  0    0.21    0.88
A07A   291.1   87.3  0  0   -0.13    1.94
A08A   301.3   50.2  0  0   -0.58    0.77
A09A   283.7  102.2  0  0    0.00    0.00
A10A    87.4   89.1  0  0   -0.39    1.91
A11A   253.9   92.8  0  0   -0.04    1.60
             185  20  10  10 1
ACC1   163.4  102.7 -1 -1    0.00    0.00
AEC1   146.3  105.3 -1 -1    0.00    0.00
AEC3   151.7  107.2 -1 -1    0.00    0.00
A01A    40.5   83.9  1  1    0.00    0.00
A02A   283.8    3.6 -1 -1    0.00    0.00
A03A   107.0   85.4  1  1    0.00    0.00
A08A   155.4   97.5  1 -1    0.00    0.00
A11A   188.4  103.4 -1 -1    0.00    0.00
A13A   156.9  110.4 -1 -1    0.00    0.00
A14A   171.8  110.5  1 -1    0.00    0.00
ACC1   163.4  102.7  0  0    0.00    0.00
AEC1   146.3  105.3  0  0    0.00    0.00
AEC3   151.7  107.2  0  0    0.00    0.00
A01A    40.5   83.9  0  0    0.17    1.34
A02A   283.8    3.6  0  0    0.14    2.61
A03A   107.0   85.4  0  0   -0.79    1.49
A08A   155.4   97.5  0  0    0.00    0.00
A11A   188.4  103.4  0  0    0.00    0.00
A13A   156.9  110.4  0  0    0.00    0.00
A14A   171.8  110.5  0  0    0.00    0.00
             186  15   8   7 1
AAS1   331.6   80.0  1  1    0.00    0.00
ACC1   338.1  105.3 -1 -1    0.00    0.00
AEC1    13.1  101.1 -1 -1    0.00    0.00
AEC3    26.3   85.7  1 -1    0.00    0.00
AID1    58.2   62.8 -1 -1    0.00    0.00
A10A    34.7  109.4 -1 -1    0.00    0.00
A12A   256.4   95.3  1  1    0.00    0.00
A14A   211.3   96.6  1 -1    0.00    0.00
AAS1   331.6   80.0  0  0   -0.05    1.18
AEC1    13.1  101.1  0  0   -0.26    1.11
AEC3    26.3   85.7  0  0    0.02    1.48
AID1    58.2   62.8  0  0    0.00    0.00
A10A    34.7  109.4  0  0    0.00    0.00
A12A   256.4   95.3  0  0   -0.32    1.39
A14A   211.3   96.6  0  0   -0.54    1.30
             187  15   9   6 1
ACC1   175.1   85.4  1  1    0.00    0.00
AEC1   151.2   91.3 -1  1    0.00    0.00
AEC2   152.4   95.6  1  1    0.00    0.00
A01A    11.8   76.3  1  1    0.00    0.00
A02A   307.1   51.6  1  1    0.00    0.00
A06A   182.6   38.6  1 -1    0.00    0.00
A08A   167.5   77.7 -1  1    0.00    0.00
A09A   237.7   86.8  1  1    0.00    0.00
A13A   161.0  101.7  1  1    0.00    0.00
A01A    11.8   76.3  0  0   -0.22    0.98
A02A   307.1   51.6  0  0    0.00    0.00
A06A   182.6   38.6  0  0   -0.39    0.06
A08A   167.5   77.7  0  0   -0.23    1.04
A09A   237.7   86.8  0  0   -0.00    1.79
A13A   161.0  101.7  0  0    0.00    0.00
             188  16   9   7 1
AAS1    29.2   56.8  1  1    0.00    0.00
AAS2   314.2   67.2  1 -1    0.00    0.00
ACC1   353.4  103.6 -1 -1    0.00    0.00
AEC1    37.4  103.7 -1  1    0.00    0.00
AEC2    59.5  100.4  1  1    0.00    0.00
A11A   312.6  106.2  1 -1    0.00    0.00
A12A   225.8   89.0  1  1    0.00    0.00
A13A   130.3  104.5 -1 -1    0.00    0.00
A14A   184.7  103.4 -1 -1    0.00    0.00
AAS1    29.2   56.8  0  0    0.30    0.38
AAS2   314.2   67.2  0  0   -0.22    0.82
AEC1    37.4  103.7  0  0    0.21    1.02
A11A   312.6  106.2  0  0    0.14    0.92
A12A   225.8   89.0  0  0    0.29    3.18
A13A   130.3  104.5  0  0    0.00    0.00
A14A   184.7  103.4  0  0    0.04    1.00
             189  18  10   8 1
ACC1   164.6   97.5 -1 -1    0.00    0.00
AEC2   148.7  103.5 -1  1    0.00    0.00
A01A    38.3   80.1  1  1    0.00    0.00
A02A   280.7    8.8  1 -1    0.00    0.00
A03A   107.3   81.0  1  1    0.00    0.00
A05A   127.3   95.3  1  1    0.00    0.00
A06A   152.8   72.6 -1 -1    0.00    0.00
A08A   156.6   93.8  1 -1    0.00    0.00
A12A   177.6  105.0  1  1    0.00    0.00
A14A   172.3  107.5 -1  1    0.00    0.00
A01A    38.3   80.1  0  0   -0.37    1.12
A02A   280.7    8.8  0  0    0.11    2.20
A03A   107.3   81.0  0  0   -0.68    1.26
A05A   127.3   95.3  0  0    0.00    0.00
A06A   152.8   72.6  0  0    0.08    0.86
A08A   156.6   93.8  0  0    0.00    0.00
A12A   177.6  105.0  0  0    0.00    0.00
A14A   172.3  107.5  0  0    0.00    0.00
             190  14   8   6 1
ACC1   229.5   55.7 -1 -1    0.00    0.00
AEC2   147.3   84.2 -1  1    0.00    0.00
A03A     3.1   87.1  1  1    0.00    0.00
A06A   326.7   79.6  1  1    0.00    0.00
A08A   281.5   33.6  1 -1    0.00    0.00
A10A    94.5   88.7 -1 -1    0.00    0.00
A12A   201.3   98.5  1  1    0.00    0.00
A14A   187.8  101.0 -1  1    0.00    0.00
ACC1   229.5   55.7  0  0   -0.73    0.56
A03A     3.1   87.1  0  0   -0.30    1.71
A06A   326.7   79.6  0  0   -0.35    1.17
A08A   281.5   33.6  0  0   -0.83    1.76
A10A    94.5   88.7  0  0   -1.02    1.93
A14A   187.8  101.0  0  0    0.00    0.00
             191  16   8   8 1
A03A     5.9   70.1  1 -1    0.00    0.00
A05A    70.9   50.4  1  1    0.00    0.00
A07A   267.7   70.6  1  1    0.00    0.00
A08A   224.7   34.3 -1 -1    0.00    0.00
A09A   271.0   89.9  1  1    0.00    0.00
A10A   106.8   81.8 -1  1    0.00    0.00
A13A   164.6   96.4 -1 -1    0.00    0.00
A14A   186.5   97.6 -1 -1    0.00    0.00
A03A     5.9   70.1  0  0   -0.62    0.78
A05A    70.9   50.4  0  0   -0.04    0.86
A07A   267.7   70.6  0  0   -0.20    1.33
A08A   224.7   34.3  0  0   -0.02    0.63
A09A   271.0   89.9  0  0   -0.71    2.04
A10A   106.8   81.8  0  0   -1.09    1.29
A13A   164.6   96.4  0  0    0.00    0.00
A14A   186.5   97.6  0  0    0.00    0.00
             192  16   8   8 1
A03A     5.4   69.5  1  1    0.00    0.00
A05A    68.0   49.4  1 -1    0.00    0.00
A07A   269.4   69.3  1 -1    0.00    0.00
A08A   228.7   31.9  1  1    0.00    0.00
A09A   271.9   88.7 -1 -1    0.00    0.00
A10A   105.7   80.2 -1 -1    0.00    0.00
A13A   164.6   95.2  1  1    0.00    0.00
A14A   186.6   96.6 -1  1    0.00    0.00
A03A     5.4   69.5  0  0   -0.62    0.77
A05A    68.0   49.4  0  0    0.53    0.97
A07A   269.4   69.3  0  0    0.00    2.02
A08A   228.7   31.9  0  0   -0.52    0.81
A09A   271.9   88.7  0  0    0.00    0.00
A10A   105.7   80.2  0  0   -1.07    1.18
A13A   164.6   95.2  0  0    0.00    0.00
A14A   186.6   96.6  0  0    0.00    0.00
             193  18   9   9 1
A01A    39.5   72.7  1 -1    0.00    0.00
A02A   231.7   22.1  1 -1    0.00    0.00
A03A   115.4   78.2  1  1    0.00    0.00
A05A   131.9   93.9  1  1    0.00    0.00
A06A   160.8   74.2  1 -1    0.00    0.00
A07A   186.4   89.4 -1 -1    0.00    0.00
A08A   160.6   92.9 -1 -1    0.00    0.00
A11A   191.0   97.8 -1 -1    0.00    0.00
A14A   173.6  107.1 -1 -1    0.00    0.00
A01A    39.5   72.7  0  0    0.14    0.86
A02A   231.7   22.1  0  0   -0.23    0.97
A03A   115.4   78.2  0  0   -0.51    1.09
A05A   131.9   93.9  0  0    0.00    0.00
A06A   160.8   74.2  0  0   -0.24    0.90
A07A   186.4   89.4  0  0    0.09    2.40
A08A   160.6   92.9  0  0    0.00    0.00
A11A   191.0   97.8  0  0    0.00    0.00
A14A   173.6  107.1  0  0    0.00    0.00
             194  15   8   7 1
AEC2   151.0  100.9  1  1    0.00    0.00
A01A    40.2   70.9  1 -1    0.00    0.00
A02A   228.0   20.9  1  1    0.00    0.00
A03A   115.5   76.8  1  1    0.00    0.00
A05A   131.9   92.8  1  1    0.00    0.00
A06A   160.4   72.7  1  1    0.00    0.00
A07A   186.0   87.5 -1 -1    0.00    0.00
A08A   160.4   91.5 -1  1    0.00    0.00
A01A    40.2   70.9  0  0   -0.11    0.81
A02A   228.0   20.9  0  0   -0.01    0.96
A03A   115.5   76.8  0  0   -0.59    1.05
A05A   131.9   92.8  0  0    0.00    0.00
A06A   160.4   72.7  0  0   -0.27    0.86
A07A   186.0   87.5  0  0   -0.02    1.76
A08A   160.4   91.5  0  0    0.00    0.00
             195  16   9   7 1
AAS2   215.6   76.3 -1 -1    0.00    0.00
ACC1   255.3   50.5  1  1    0.00    0.00
AEC1   144.1   40.6  1  1    0.00    0.00
AEC2   150.8   64.8 -1  1    0.00    0.00
AEC3   162.1   67.9  1  1    0.00    0.00
A05A    25.2   58.0 -1 -1    0.00    0.00
A07A   290.6   76.5  1  1    0.00    0.00
A08A   298.1   45.1  1  1    0.00    0.00
A10A    85.7   72.8 -1 -1    0.00    0.00
AAS2   215.6   76.3  0  0    0.00    0.00
AEC1   144.1   40.6  0  0   -0.40    0.59
AEC3   162.1   67.9  0  0   -0.32    0.72
A05A    25.2   58.0  0  0   -0.09    0.40
A07A   290.6   76.5  0  0   -0.15    1.23
A08A   298.1   45.1  0  0   -0.31    1.02
A10A    85.7   72.8  0  0   -0.68    1.12
             196  17  10   7 1
ACC1   220.2   61.7  1  1    0.00    0.00
AEC2   148.3   89.1 -1 -1    0.00    0.00
AEC3   156.8   90.6 -1 -1    0.00    0.00
A02A   327.3   98.0 -1 -1    0.00    0.00
A03A     5.1   87.2 -1 -1    0.00    0.00
A05A    53.7   67.7  1  1    0.00    0.00
A07A   279.9   81.6  1  1    0.00    0.00
A08A   261.5   32.0  1  1    0.00    0.00
A09A   277.2  100.5 -1  1    0.00    0.00
A10A    98.2   91.4 -1  1    0.00    0.00
A02A   327.3   98.0  0  0   -0.24    1.21
A03A     5.1   87.2  0  0   -0.66    1.71
A05A    53.7   67.7  0  0    0.55    0.79
A07A   279.9   81.6  0  0    0.53    1.38
A08A   261.5   32.0  0  0   -0.33    1.56
A09A   277.2  100.5  0  0    0.00    0.00
A10A    98.2   91.4  0  0   -0.70    2.91
             197  15   8   7 1
AAS1   333.4   71.9  1 -1    0.00    0.00
AAS2   304.8   88.6 -1 -1    0.00    0.00
ACC1   339.2  103.0 -1 -1    0.00    0.00
AEC2    36.2   91.6  1  1    0.00    0.00
AEC3    34.3   82.7 -1  1    0.00    0.00
AID1    72.8   64.0  1  1    0.00    0.00
A08A   347.7  106.6  1 -1    0.00    0.00
A13A   137.3   90.9 -1 -1    0.00    0.00
AAS1   333.4   71.9  0  0    0.06    0.87
AAS2   304.8   88.6  0  0   -0.12    2.72
AEC2    36.2   91.6  0  0   -0.16    2.19
AEC3    34.3   82.7  0  0   -0.16    1.26
AID1    72.8   64.0  0  0   -0.24    0.96
A08A   347.7  106.6  0  0   -0.07    0.88
A13A   137.3   90.9  0  0    0.00    0.00
             198  17   9   8 1
AAS1   299.6   60.5  1  1    0.00    0.00
AAS2   287.3   79.9  1  1    0.00    0.00
ACC1   326.3   91.4  1  1    0.00    0.00
AEC3    15.4   47.3  1  1    0.00    0.00
AID1   110.8   17.4  1  1    0.00    0.00
A10A    33.7   95.4 -1 -1    0.00    0.00
A12A   247.4   88.1 -1 -1    0.00    0.00
A13A   158.8   75.4 -1 -1    0.00    0.00
A14A   213.3   90.4  1 -1    0.00    0.00
AAS1   299.6   60.5  0  0   -0.57    0.79
AAS2   287.3   79.9  0  0   -0.09    1.24
AEC3    15.4   47.3  0  0   -0.46   -0.01
AID1   110.8   17.4  0  0    0.00    0.00
A10A    33.7   95.4  0  0   -0.72    1.46
A12A   247.4   88.1  0  0   -0.43    2.11
A13A   158.8   75.4  0  0    0.14    0.95
A14A   213.3   90.4  0  0   -0.38    2.27
             199  16   9   7 1
AAS2   296.3   83.4  1  1    0.00    0.00
ACC1   336.2   98.3  1 -1    0.00    0.00
AEC2    39.7   83.2  1  1    0.00    0.00
AEC3    38.7   72.0  1  1    0.00    0.00
AID1    89.6   55.2  1  1    0.00    0.00
A07A   327.8  108.4 -1 -1    0.00    0.00
A08A   345.8  102.9 -1 -1    0.00    0.00
A12A   244.7   91.4  1  1    0.00    0.00
A14A   204.8   95.8  1  1    0.00    0.00
AAS2   296.3   83.4  0  0   -0.09    1.39
AEC3    38.7   72.0  0  0   -0.48    0.85
AID1    89.6   55.2  0  0   -0.62    1.35
A07A   327.8  108.4  0  0    0.00    0.00
A08A   345.8  102.9  0  0    0.00    0.00
A12A   244.7   91.4  0  0   -0.32    1.88
A14A   204.8   95.8  0  0   -0.48    1.38
             200  16   8   8 1
AEC1   148.7   61.8 -1 -1    0.00    0.00
A05A    62.0   46.6  1 -1    0.00    0.00
A06A   319.7   59.1  1  1    0.00    0.00
A07A   273.0   65.5  1  1    0.00    0.00
A08A   239.0   26.7  1  1    0.00    0.00
A09A   273.7   85.5  1  1    0.00    0.00
A10A   103.3   75.9 -1 -1    0.00    0.00
A11A   239.0   78.3  1  1    0.00    0.00
AEC1   148.7   61.8  0  0   -0.20    0.59
A05A    62.0   46.6  0  0    0.41    0.73
A06A   319.7   59.1  0  0   -0.19    0.62
A07A   273.0   65.5  0  0   -0.02    1.88
A08A   239.0   26.7  0  0   -0.40    0.94
A09A   273.7   85.5  0  0    0.00    0.00
A10A   103.3   75.9  0  0   -1.02    1.31
A11A   239.0   78.3  0  0   -0.36    1.11
             201  20  10  10 1
AEC1   149.7   65.4 -1 -1    0.00    0.00
A02A   324.0   85.0  1 -1    0.00    0.00
A03A     3.8   70.8 -1 -1    0.00    0.00
A05A    61.9   49.0  1  1    0.00    0.00
A06A   318.6   63.0  1 -1    0.00    0.00
A07A   272.5   69.7  1  1    0.00    0.00
A08A   239.3   30.4  1  1    0.00    0.00
A09A   273.5   88.5  1  1    0.00    0.00
A10A   103.7   79.0 -1  1    0.00    0.00
A11A   239.1   81.9  1  1    0.00    0.00
AEC1   149.7   65.4  0  0   -0.21    0.65
A02A   324.0   85.0  0  0    0.13    1.55
A03A     3.8   70.8  0  0   -0.43    0.81
A05A    61.9   49.0  0  0    0.42    0.82
A06A   318.6   63.0  0  0    0.13    0.67
A07A   272.5   69.7  0  0    0.18    1.64
A08A   239.3   30.4  0  0   -0.41    0.97
A09A   273.5   88.5  0  0    0.00    0.00
A10A   103.7   79.0  0  0   -1.02    1.17
A11A   239.1   81.9  0  0   -0.28    1.33
             202  18   9   9 1
AAS1   115.6   58.7  1 -1    0.00    0.00
AAS2   158.1   31.4  1  1    0.00    0.00
AID1   116.9   86.5 -1 -1    0.00    0.00
A05A    38.4   94.4  1 -1    0.00    0.00
A06A     3.1   94.1 -1 -1    0.00    0.00
A08A    20.3   81.0 -1 -1    0.00    0.00
A09A   315.0   94.4 -1 -1    0.00    0.00
A11A   303.1   68.2 -1 -1    0.00    0.00
A14A   170.1   92.6 -1 -1    0.00    0.00
AAS1   115.6   58.7  0  0   -0.03    0.82
AAS2   158.1   31.4  0  0    0.00    0.00
AID1   116.9   86.5  0  0    0.19    1.53
A05A    38.4   94.4  0  0    0.00    0.00
A06A     3.1   94.1  0  0   -0.96    1.55
A08A    20.3   81.0  0  0    0.23    1.18
A09A   315.0   94.4  0  0   -0.31    1.46
A11A   303.1   68.2  0  0    0.60    0.84
A14A   170.1   92.6  0  0   -0.32    1.77
             203  22  11  11 1
AAS1   115.4   62.3  1 -1    0.00    0.00
AAS2   155.0   34.6  1 -1    0.00    0.00
ACC1    23.5   66.2  1  1    0.00    0.00
AID1   116.8   89.0 -1 -1    0.00    0.00
A02A   352.8  101.5  1  1    0.00    0.00
A05A    39.0   96.8  1  1    0.00    0.00
A06A     3.7   96.1 -1  1    0.00    0.00
A07A   344.5   88.0  1  1    0.00    0.00
A09A   315.2   96.4 -1 -1    0.00    0.00
A13A   134.6   97.3  1 -1    0.00    0.00
A14A   169.5   94.8 -1  1    0.00    0.00
AAS1   115.4   62.3  0  0   -0.13    0.90
AAS2   155.0   34.6  0  0    0.03    0.49
ACC1    23.5   66.2  0  0   -0.21    0.66
AID1   116.8   89.0  0  0    0.13    1.82
A02A   352.8  101.5  0  0    0.00    0.00
A05A    39.0   96.8  0  0    0.00    0.00
A06A     3.7   96.1  0  0   -0.68    1.37
A07A   344.5   88.0  0  0    0.19    1.95
A09A   315.2   96.4  0  0   -0.35    1.29
A13A   134.6   97.3  0  0    0.00    0.00
A14A   169.5   94.8  0  0   -0.48    1.50
             204  16  10   6 1
AAS1   103.5   62.9  1  1    0.00    0.00
AAS2   138.1   23.3  1  1    0.00    0.00
ACC1    19.0   76.0 -1 -1    0.00    0.00
AEC2    84.4   91.3 -1  1    0.00    0.00
AEC3    91.3   87.6  1  1    0.00    0.00
A06A     3.2  102.7 -1 -1    0.00    0.00
A09A   317.8  102.5  1  1    0.00    0.00
A10A    63.4  104.3 -1 -1    0.00    0.00
A11A   310.8   77.3  1  1    0.00    0.00
A14A   169.0   96.1 -1 -1    0.00    0.00
AAS1   103.5   62.9  0  0   -0.23    1.20
AAS2   138.1   23.3  0  0    0.24    0.90
AEC3    91.3   87.6  0  0    0.25    1.98
A06A     3.2  102.7  0  0    0.00    0.00
A11A   310.8   77.3  0  0    0.65    1.09
A14A   169.0   96.1  0  0   -0.24    1.40
             205  14   8   6 1
AAS1   116.6   69.7  1  1    0.00    0.00
AAS2   156.1   41.8  1  1    0.00    0.00
ACC1    24.0   72.4 -1 -1    0.00    0.00
AEC2    90.9   93.3 -1 -1    0.00    0.00
AEC3    98.4   90.6 -1 -1    0.00    0.00
A09A   314.9  101.9  1  1    0.00    0.00
A11A   302.6   75.8 -1  1    0.00    0.00
A13A   134.9  103.5  1  1    0.00    0.00
AAS1   116.6   69.7  0  0   -0.11    0.86
AAS2   156.1   41.8  0  0    0.00    0.00
AEC3    98.4   90.6  0  0   -0.21    2.24
A09A   314.9  101.9  0  0   -0.14    1.03
A11A   302.6   75.8  0  0    0.00    0.00
A13A   134.9  103.5  0  0    0.00    0.00
             206  16   8   8 1
AAS1   315.5   61.2  1  1    0.00    0.00
AAS2   293.1   84.6 -1  1    0.00    0.00
AEC1    15.5   91.5 -1 -1    0.00    0.00
AEC3    36.9   68.5 -1 -1    0.00    0.00
AID1    94.5   50.4  1  1    0.00    0.00
A05A     9.1  107.0 -1 -1    0.00    0.00
A12A   244.3   92.7  1 -1    0.00    0.00
A14A   206.1   96.7 -1 -1    0.00    0.00
AAS1   315.5   61.2  0  0   -0.84    0.65
AAS2   293.1   84.6  0  0    0.00    0.00
AEC1    15.5   91.5  0  0   -0.32    2.09
AEC3    36.9   68.5  0  0    0.01    0.74
AID1    94.5   50.4  0  0   -0.30    1.60
A05A     9.1  107.0  0  0   -0.03    0.88
A12A   244.3   92.7  0  0    0.04    1.57
A14A   206.1   96.7  0  0    0.03    1.29
             207  12   8   4 1
AAS1   225.7   47.3  1  1    0.00    0.00
AAS2   247.3   68.2 -1  1    0.00    0.00
ACC1   311.5   67.9  1 -1    0.00    0.00
AEC2   100.9   41.8 -1 -1    0.00    0.00
AEC3   130.9   36.7 -1 -1    0.00    0.00
A08A   332.4   76.6 -1 -1    0.00    0.00
A10A    54.2   83.8 -1  1    0.00    0.00
A12A   222.4   86.3  1  1    0.00    0.00
AAS1   225.7   47.3  0  0   -0.56    0.49
AEC3   130.9   36.7  0  0   -0.10    0.77
A10A    54.2   83.8  0  0   -0.82    1.32
A12A   222.4   86.3  0  0   -0.20    1.66
             208  15   8   7 1
AAS2   171.9  100.4  1  1    0.00    0.00
AEC1   147.4   98.9 -1 -1    0.00    0.00
A01A    42.7   75.4  1  1    0.00    0.00
A03A   110.6   79.4  1 -1    0.00    0.00
A05A   128.5   93.2  1 -1    0.00    0.00
A06A   153.1   72.6 -1 -1    0.00    0.00
A09A   217.2   90.5 -1  1    0.00    0.00
A11A   188.4   96.4  1  1    0.00    0.00
AEC1   147.4   98.9  0  0    0.00    0.00
A01A    42.7   75.4  0  0   -0.16    0.94
A03A   110.6   79.4  0  0   -0.68    1.13
A05A   128.5   93.2  0  0    0.00    0.00
A06A   153.1   72.6  0  0    0.00    0.00
A09A   217.2   90.5  0  0   -0.52    2.05
A11A   188.4   96.4  0  0   -0.21    1.34
             209  19  11   8 1
AAS1   322.9   72.6  1  1    0.00    0.00
AAS2   298.8   91.2 -1  1    0.00    0.00
ACC1   335.6  103.8  1  1    0.00    0.00
AEC1    14.3   99.0 -1 -1    0.00    0.00
AEC2    34.3   89.3  1 -1    0.00    0.00
AEC3    31.5   79.1 -1 -1    0.00    0.00
AID1    78.4   56.1 -1 -1    0.00    0.00
A07A   327.7  112.2 -1  1    0.00    0.00
A08A   344.9  107.5  1  1    0.00    0.00
A13A   143.4   91.9  1  1    0.00    0.00
A14A   208.1  100.2 -1 -1    0.00    0.00
AAS1   322.9   72.6  0  0   -0.45    0.92
AAS2   298.8   91.2  0  0   -0.11    1.75
AEC3    31.5   79.1  0  0   -0.30    1.08
AID1    78.4   56.1  0  0   -0.32    0.92
A07A   327.7  112.2  0  0    0.00    0.00
A08A   344.9  107.5  0  0    0.00    0.00
A13A   143.4   91.9  0  0    0.00    0.00
A14A   208.1  100.2  0  0   -0.63    1.11
             210  16   9   7 1
AAS1   333.1   74.6  1  1    0.00    0.00
AAS2   304.4   91.4 -1  1    0.00    0.00
AEC2    36.4   94.0  1 -1    0.00    0.00
AEC3    34.7   85.5 -1 -1    0.00    0.00
AID1    73.8   67.0  1  1    0.00    0.00
A05A    10.4  112.7 -1 -1    0.00    0.00
A12A   250.1   96.3  1  1    0.00    0.00
A13A   137.6   93.7  1  1    0.00    0.00
A14A   205.9  100.1 -1 -1    0.00    0.00
AAS1   333.1   74.6  0  0   -0.34    0.96
AAS2   304.4   91.4  0  0    0.09    1.78
AID1    73.8   67.0  0  0    0.00    0.00
A05A    10.4  112.7  0  0    0.00    0.00
A12A   250.1   96.3  0  0    0.10    1.30
A13A   137.6   93.7  0  0   -0.11    1.71
A14A   205.9  100.1  0  0   -0.23    1.12
             211  14   8   6 1
ACC1   172.9   84.7  1 -1    0.00    0.00
AEC2   152.5   93.7  1  1    0.00    0.00
A01A    18.3   68.3  1 -1    0.00    0.00
A02A   295.5   37.3  1  1    0.00    0.00
A03A   101.8   55.1  1  1    0.00    0.00
A05A   129.5   79.5  1  1    0.00    0.00
A07A   199.0   74.1 -1 -1    0.00    0.00
A10A   128.0   92.0 -1  1    0.00    0.00
A01A    18.3   68.3  0  0   -0.71    0.72
A02A   295.5   37.3  0  0    0.10    1.08
A03A   101.8   55.1  0  0   -0.59    1.48
A05A   129.5   79.5  0  0   -0.02    1.09
A07A   199.0   74.1  0  0   -0.34    0.93
A10A   128.0   92.0  0  0    0.00    0.00
             212  17   9   8 1
ACC1   173.4   87.2  1 -1    0.00    0.00
A01A    14.1   78.4  1 -1    0.00    0.00
A02A   310.3   50.9  1  1    0.00    0.00
A03A    87.8   58.0  1  1    0.00    0.00
A05A   124.8   82.1  1  1    0.00    0.00
A06A   175.6   40.1  1 -1    0.00    0.00
A08A   165.3   79.8 -1 -1    0.00    0.00
A09A   236.8   87.9  1  1    0.00    0.00
A11A   201.5   91.7 -1 -1    0.00    0.00
A01A    14.1   78.4  0  0   -0.52    1.06
A02A   310.3   50.9  0  0    0.16    0.69
A03A    87.8   58.0  0  0   -0.63    1.35
A05A   124.8   82.1  0  0    0.22    1.21
A06A   175.6   40.1  0  0   -0.33    0.03
A08A   165.3   79.8  0  0   -0.06    1.12
A09A   236.8   87.9  0  0   -0.04    2.17
A11A   201.5   91.7  0  0    0.00    0.00
             213  17   9   8 1
ACC1   163.9   95.9 -1 -1    0.00    0.00
AEC1   147.4   99.3  1  1    0.00    0.00
A01A    45.9   75.1  1 -1    0.00    0.00
A02A   181.6   13.6  1  1    0.00    0.00
A03A   112.4   81.0  1  1    0.00    0.00
A05A   129.1   93.9  1  1    0.00    0.00
A06A   152.9   75.0 -1 -1    0.00    0.00
A09A   215.4   91.0 -1 -1    0.00    0.00
A14A   171.7  106.7 -1 -1    0.00    0.00
AEC1   147.4   99.3  0  0    0.00    0.00
A01A    45.9   75.1  0  0   -0.04    0.94
A02A   181.6   13.6  0  0   -0.06    1.00
A03A   112.4   81.0  0  0   -0.64    1.18
A05A   129.1   93.9  0  0    0.00    0.00
A06A   152.9   75.0  0  0    0.00    0.00
A09A   215.4   91.0  0  0   -0.05    1.96
A14A   171.7  106.7  0  0    0.00    0.00
             214  18  10   8 1
AAS2   298.3   85.2  1  1    0.00    0.00
ACC1   336.9   99.7  1 -1    0.00    0.00
AEC2    38.6   85.7 -1  1    0.00    0.00
AEC3    37.4   75.2  1  1    0.00    0.00
AID1    85.2   57.3  1  1    0.00    0.00
A08A   346.2  104.0 -1 -1    0.00    0.00
A11A   306.0  104.4  1  1    0.00    0.00
A12A   246.0   92.4  1  1    0.00    0.00
A13A   142.3   91.1  1  1    0.00    0.00
A14A   205.2   96.4  1  1    0.00    0.00
AAS2   298.3   85.2  0  0   -0.07    1.58
AEC3    37.4   75.2  0  0   -0.34    0.94
AID1    85.2   57.3  0  0   -0.61    1.27
A08A   346.2  104.0  0  0    0.00    0.00
A11A   306.0  104.4  0  0    0.00    0.00
A12A   246.0   92.4  0  0   -0.38    1.64
A13A   142.3   91.1  0  0    0.00    0.00
A14A   205.2   96.4  0  0   -0.37    1.33
             215  17   9   8 1
AAS1   306.2   67.1  1  1    0.00    0.00
AAS2   290.4   87.0 -1  1    0.00    0.00
AEC3    23.4   61.3 -1 -1    0.00    0.00
AID1    95.4   31.6 -1 -1    0.00    0.00
A08A   340.0  101.8  1  1    0.00    0.00
A10A    35.2  102.5  1 -1    0.00    0.00
A12A   247.3   93.5  1 -1    0.00    0.00
A13A   153.6   84.8  1  1    0.00    0.00
A14A   211.3   95.8 -1 -1    0.00    0.00
AAS1   306.2   67.1  0  0   -0.52    0.88
AAS2   290.4   87.0  0  0    0.05    1.94
AEC3    23.4   61.3  0  0   -0.16    0.51
AID1    95.4   31.6  0  0    0.00    0.00
A08A   340.0  101.8  0  0    0.00    0.00
A12A   247.3   93.5  0  0    0.26    1.50
A13A   153.6   84.8  0  0    0.00    0.00
A14A   211.3   95.8  0  0   -0.35    1.35
             216  16  10   6 1
ACC1   209.7   62.0 -1  1    0.00    0.00
AEC1   150.5   72.2 -1 -1    0.00    0.00
AEC2   152.7   83.7 -1 -1    0.00    0.00
AEC3   159.9   85.3  1 -1    0.00    0.00
A03A     6.2   71.6  1 -1    0.00    0.00
A05A    71.0   52.2  1  1    0.00    0.00
A07A   267.7   72.0  1  1    0.00    0.00
A08A   224.1   35.1  1  1    0.00    0.00
A10A   106.7   83.3 -1 -1    0.00    0.00
A11A   235.7   85.3  1  1    0.00    0.00
AEC1   150.5   72.2  0  0   -0.65    0.84
A03A     6.2   71.6  0  0    0.00    0.00
A05A    71.0   52.2  0  0    0.35    0.87
A07A   267.7   72.0  0  0    0.17    1.36
A08A   224.1   35.1  0  0   -0.20    0.61
A11A   235.7   85.3  0  0   -0.30    1.62
             217  16   9   7 1
ACC1   164.8  104.3 -1 -1    0.00    0.00
AEC2   148.6  109.3  1  1    0.00    0.00
A01A    36.7   87.5  1 -1    0.00    0.00
A03A   106.1   87.3  1  1    0.00    0.00
A05A   126.9  101.5  1  1    0.00    0.00
A06A   152.8   79.3 -1  1    0.00    0.00
A08A   156.7   99.5  1  1    0.00    0.00
A09A   220.9   99.2 -1 -1    0.00    0.00
A14A   172.5  112.8 -1 -1    0.00    0.00
A01A    36.7   87.5  0  0   -0.12    1.66
A03A   106.1   87.3  0  0   -0.77    1.62
A05A   126.9  101.5  0  0   -0.65    1.16
A06A   152.8   79.3  0  0    0.14    1.09
A08A   156.7   99.5  0  0   -0.49    1.21
A09A   220.9   99.2  0  0   -0.34    1.15
A14A   172.5  112.8  0  0    0.00    0.00
             218  21  12   9 1
ACC1   215.3   53.1  1  1    0.00    0.00
AEC1   148.0   63.8  1  1    0.00    0.00
AEC2   151.2   77.3  1  1    0.00    0.00
AEC3   159.0   79.0  1  1    0.00    0.00
A03A     4.8   70.3  1  1    0.00    0.00
A05A    61.0   49.5  1 -1    0.00    0.00
A06A   320.5   61.9  1  1    0.00    0.00
A07A   273.8   67.8  1  1    0.00    0.00
A08A   240.9   27.2  1 -1    0.00    0.00
A09A   274.1   87.2  1 -1    0.00    0.00
A10A   102.7   78.1 -1 -1    0.00    0.00
A13A   164.2   93.4  1  1    0.00    0.00
AEC1   148.0   63.8  0  0   -0.29    0.63
AEC3   159.0   79.0  0  0   -0.40    1.09
A03A     4.8   70.3  0  0   -0.54    0.79
A05A    61.0   49.5  0  0    0.19    0.73
A06A   320.5   61.9  0  0   -0.30    0.65
A07A   273.8   67.8  0  0   -0.18    2.33
A08A   240.9   27.2  0  0   -0.46    0.98
A09A   274.1   87.2  0  0    0.00    0.00
A13A   164.2   93.4  0  0    0.00    0.00
             219  18  10   8 1
AAS1   111.0   64.1  1  1    0.00    0.00
AAS2   146.1   33.0 -1  1    0.00    0.00
ACC1    23.9   70.1  1  1    0.00    0.00
AEC2    88.5   90.0  1 -1    0.00    0.00
AEC3    95.6   86.9 -1 -1    0.00    0.00
A09A   316.7   98.1  1  1    0.00    0.00
A11A   307.2   71.1 -1 -1    0.00    0.00
A12A   184.7   80.8  1  1    0.00    0.00
A13A   133.2   98.9 -1 -1    0.00    0.00
A14A   168.4   95.6  1  1    0.00    0.00
AAS1   111.0   64.1  0  0   -0.09    1.06
AAS2   146.1   33.0  0  0    0.00    0.00
AEC3    95.6   86.9  0  0    0.02    2.20
A09A   316.7   98.1  0  0   -0.30    1.20
A11A   307.2   71.1  0  0    0.39    0.92
A12A   184.7   80.8  0  0    0.03    1.18
A13A   133.2   98.9  0  0    0.00    0.00
A14A   168.4   95.6  0  0   -0.18    1.44
             220  19  10   9 1
AEC1   152.2   70.7  1  1    0.00    0.00
AEC2   153.8   82.2  1  1    0.00    0.00
AEC3   160.9   83.7  1  1    0.00    0.00
A03A     5.5   68.0  1  1    0.00    0.00
A05A    74.0   48.5  1 -1    0.00    0.00
A06A   313.6   59.6  1  1    0.00    0.00
A07A   265.7   70.3  1 -1    0.00    0.00
A08A   222.0   36.5 -1 -1    0.00    0.00
A09A   270.0   89.4 -1 -1    0.00    0.00
A10A   108.2   81.2 -1 -1    0.00    0.00
AEC1   152.2   70.7  0  0   -0.90    0.80
AEC3   160.9   83.7  0  0   -0.31    1.32
A03A     5.5   68.0  0  0    0.00    0.00
A05A    74.0   48.5  0  0   -0.20    0.91
A06A   313.6   59.6  0  0   -0.38    0.70
A07A   265.7   70.3  0  0   -0.35    1.20
A08A   222.0   36.5  0  0   -0.21    0.54
A09A   270.0   89.4  0  0    0.00    0.00
A10A   108.2   81.2  0  0   -0.99    1.27
             221  20  10  10 1
AEC1   147.1  100.3 -1 -1    0.00    0.00
A01A    40.9   79.0  1 -1    0.00    0.00
A02A   234.7    6.7 -1  1    0.00    0.00
A03A   109.1   81.7  1 -1    0.00    0.00
A06A   152.6   74.1 -1 -1    0.00    0.00
A07A   182.5   89.4 -1 -1    0.00    0.00
A08A   156.5   93.8  1 -1    0.00    0.00
A11A   188.8   98.5 -1 -1    0.00    0.00
A13A   157.3  107.1 -1 -1    0.00    0.00
A14A   172.1  107.4 -1 -1    0.00    0.00
AEC1   147.1  100.3  0  0    0.00    0.00
A01A    40.9   79.0  0  0    0.28    1.08
A02A   234.7    6.7  0  0    0.01    1.59
A03A   109.1   81.7  0  0   -0.54    1.23
A06A   152.6   74.1  0  0   -0.10    0.91
A07A   182.5   89.4  0  0    0.25    2.42
A08A   156.5   93.8  0  0   -0.25    1.63
A11A   188.8   98.5  0  0    0.00    0.00
A13A   157.3  107.1  0  0    0.00    0.00
A14A   172.1  107.4  0  0    0.00    0.00
             222  16   9   7 1
AAS2   310.1   81.1  1  1    0.00    0.00
ACC1   346.0  102.7 -1 -1    0.00    0.00
AEC1    26.7  101.0  1 -1    0.00    0.00
AEC2    47.7   95.5 -1 -1    0.00    0.00
AID1    84.3   79.5 -1 -1    0.00    0.00
A07A   333.7  110.7 -1 -1    0.00    0.00
A12A   241.5   89.7  1 -1    0.00    0.00
A13A   131.9   97.7  1  1    0.00    0.00
A14A   195.3   98.3 -1 -1    0.00    0.00
AAS2   310.1   81.1  0  0   -0.42    1.25
AEC1    26.7  101.0  0  0   -0.03    1.12
AID1    84.3   79.5  0  0   -0.31    1.44
A07A   333.7  110.7  0  0    0.00    0.00
A12A   241.5   89.7  0  0   -0.56    2.45
A13A   131.9   97.7  0  0    0.00    0.00
A14A   195.3   98.3  0  0   -0.21    1.22
             223  16   9   7 1
AAS1   107.9   63.7  1 -1    0.00    0.00
AAS2   141.2   30.1 -1 -1    0.00    0.00
ACC1    22.8   72.0  1  1    0.00    0.00
AEC2    87.0   90.3 -1 -1    0.00    0.00
AEC3    93.9   87.0 -1 -1    0.00    0.00
A09A   317.4   98.8  1  1    0.00    0.00
A10A    65.0  101.7 -1 -1    0.00    0.00
A13A   132.5   98.9  1  1    0.00    0.00
A14A   168.2   95.3 -1  1    0.00    0.00
AAS1   107.9   63.7  0  0   -0.14    1.06
AAS2   141.2   30.1  0  0    0.11    0.73
AEC2    87.0   90.3  0  0   -0.30    2.08
AEC3    93.9   87.0  0  0    0.00    2.37
A10A    65.0  101.7  0  0    0.00    0.00
A13A   132.5   98.9  0  0    0.00    0.00
A14A   168.2   95.3  0  0   -0.47    1.46
             224  16   9   7 1
AAS1   107.4   64.5  1 -1    0.00    0.00
AAS2   141.0   29.8 -1 -1    0.00    0.00
ACC1    22.3   73.3 -1  1    0.00    0.00
AEC2    86.6   90.9 -1 -1    0.00    0.00
AEC3    93.6   87.7 -1 -1    0.00    0.00
A09A   317.5  100.3  1  1    0.00    0.00
A10A    64.8  103.0 -1 -1    0.00    0.00
A11A   309.4   73.9 -1  1    0.00    0.00
A14A   168.3   96.1  1  1    0.00    0.00
AAS1   107.4   64.5  0  0   -0.17    1.07
AAS2   141.0   29.8  0  0    0.00    0.74
AEC2    86.6   90.9  0  0   -0.26    2.38
AEC3    93.6   87.7  0  0   -0.05    2.76
A09A   317.5  100.3  0  0   -0.29    1.10
A11A   309.4   73.9  0  0    0.48    0.98
A14A   168.3   96.1  0  0   -0.38    1.39
             225  17  10   7 1
AAS1   108.7   65.4  1 -1    0.00    0.00
AAS2   143.2   31.6 -1 -1    0.00    0.00
ACC1    22.7   73.3  1  1    0.00    0.00
AEC2    87.3   91.2 -1 -1    0.00    0.00
AEC3    94.3   88.2 -1 -1    0.00    0.00
A09A   317.2  100.7  1 -1    0.00    0.00
A10A    65.1  103.6 -1 -1    0.00    0.00
A12A   185.1   81.5  1  1    0.00    0.00
A13A   132.7  100.9 -1 -1    0.00    0.00
A14A   168.4   96.8 -1  1    0.00    0.00
AAS1   108.7   65.4  0  0   -0.11    1.05
AAS2   143.2   31.6  0  0    0.03    0.69
AEC3    94.3   88.2  0  0   -0.12    2.55
A09A   317.2  100.7  0  0   -0.09    1.08
A10A    65.1  103.6  0  0    0.00    0.00
A12A   185.1   81.5  0  0   -0.07    1.23
A13A   132.7  100.9  0  0    0.00    0.00
             226  17   9   8 1
ACC1   206.3   90.4 -1 -1    0.00    0.00
AEC1   155.3   95.8 -1 -1    0.00    0.00
A03A     5.6   87.7  1 -1    0.00    0.00
A05A    85.8   70.9  1  1    0.00    0.00
A06A   306.1   81.0  1 -1    0.00    0.00
A07A   259.5   93.7  1  1    0.00    0.00
A09A   266.7  106.7  1  1    0.00    0.00
A10A   112.6  101.6 -1  1    0.00    0.00
A11A   231.9  104.1  1  1    0.00    0.00
AEC1   155.3   95.8  0  0   -0.05    1.46
A03A     5.6   87.7  0  0    0.00    0.00
A05A    85.8   70.9  0  0    0.50    1.38
A06A   306.1   81.0  0  0   -0.07    1.27
A07A   259.5   93.7  0  0   -0.55    1.48
A09A   266.7  106.7  0  0    0.00    0.00
A10A   112.6  101.6  0  0   -0.60    1.19
A11A   231.9  104.1  0  0    0.00    0.00
             227  15   8   7 1
ACC1   202.2   79.4  1  1    0.00    0.00
AEC1   157.3   86.5  1 -1    0.00    0.00
A01A   351.3   95.5 -1 -1    0.00    0.00
A05A   100.3   56.5  1 -1    0.00    0.00
A06A   296.5   60.3  1 -1    0.00    0.00
A07A   252.1   80.8  1  1    0.00    0.00
A08A   205.3   59.6  1  1    0.00    0.00
A10A   117.1   92.0 -1 -1    0.00    0.00
AEC1   157.3   86.5  0  0   -0.30    1.56
A01A   351.3   95.5  0  0    0.00    0.00
A05A   100.3   56.5  0  0    0.43    1.18
A06A   296.5   60.3  0  0   -0.45    0.81
A07A   252.1   80.8  0  0    0.21    1.29
A08A   205.3   59.6  0  0   -0.37    0.52
A10A   117.1   92.0  0  0   -1.01    2.17
             228  20  10  10 1
AAS1   110.4   58.6  1 -1    0.00    0.00
AAS2   148.1   27.7 -1 -1    0.00    0.00
ACC1    22.1   66.4  1  1    0.00    0.00
AEC2    87.8   86.4 -1 -1    0.00    0.00
AID1   114.5   86.2 -1 -1    0.00    0.00
A05A    38.0   94.7  1  1    0.00    0.00
A06A     3.8   94.3 -1  1    0.00    0.00
A07A   345.3   87.1  1  1    0.00    0.00
A09A   316.5   94.3  1 -1    0.00    0.00
A14A   169.0   91.9 -1  1    0.00    0.00
AAS1   110.4   58.6  0  0    0.02    1.01
AAS2   148.1   27.7  0  0    0.00    0.00
ACC1    22.1   66.4  0  0   -0.52    0.67
AEC2    87.8   86.4  0  0   -0.41    1.58
AID1   114.5   86.2  0  0    0.10    1.46
A05A    38.0   94.7  0  0    0.00    0.00
A06A     3.8   94.3  0  0    0.09    1.53
A07A   345.3   87.1  0  0    0.04    1.75
A09A   316.5   94.3  0  0   -0.38    1.44
A14A   169.0   91.9  0  0   -0.50    1.96
             229  16   9   7 1
ACC1   164.0   91.8  1  1    0.00    0.00
AEC1   146.6   97.0  1  1    0.00    0.00
A01A    38.9   73.8  1 -1    0.00    0.00
A02A   292.5    5.7  1  1    0.00    0.00
A03A   106.7   74.7  1  1    0.00    0.00
A05A   126.8   90.7  1  1    0.00    0.00
A06A   151.4   65.9 -1  1    0.00    0.00
A08A   155.9   87.4  1  1    0.00    0.00
A09A   219.4   86.6 -1 -1    0.00    0.00
A01A    38.9   73.8  0  0   -0.18    0.89
A02A   292.5    5.7  0  0    0.25    1.87
A03A   106.7   74.7  0  0   -0.73    1.13
A05A   126.8   90.7  0  0    0.00    0.00
A06A   151.4   65.9  0  0   -0.18    0.67
A08A   155.9   87.4  0  0    0.00    0.00
A09A   219.4   86.6  0  0   -0.27    1.75
             230  13   8   5 1
AAS1   107.8   64.4  1  1    0.00    0.00
AAS2   144.1   29.3 -1 -1    0.00    0.00
ACC1    21.3   73.9 -1 -1    0.00    0.00
AEC1    66.4   89.8  1  1    0.00    0.00
AEC2    86.6   91.2  1  1    0.00    0.00
AEC3    93.6   87.9  1  1    0.00    0.00
A10A    64.7  103.9 -1  1    0.00    0.00
A14A   168.8   96.8  1 -1    0.00    0.00
AAS1   107.8   64.4  0  0   -0.15    1.12
AAS2   144.1   29.3  0  0    0.00    0.00
AEC1    66.4   89.8  0  0   -0.07    2.01
AEC3    93.6   87.9  0  0   -0.27    2.00
A14A   168.8   96.8  0  0   -0.30    1.35
             231  16   9   7 1
AAS1   113.0   69.1  1 -1    0.00    0.00
AAS2   152.3   37.6 -1 -1    0.00    0.00
ACC1    22.6   74.9 -1  1    0.00    0.00
AEC2    89.1   93.7  1 -1    0.00    0.00
AEC3    96.4   90.8 -1 -1    0.00    0.00
A10A    65.9  106.0  1  1    0.00    0.00
A11A   305.2   77.4 -1 -1    0.00    0.00
A12A   186.0   86.3  1  1    0.00    0.00
A14A   169.3   99.8  1  1    0.00    0.00
AAS1   113.0   69.1  0  0   -0.06    0.98
AAS2   152.3   37.6  0  0    0.00    0.00
AEC3    96.4   90.8  0  0    0.12    2.56
A10A    65.9  106.0  0  0    0.00    0.00
A11A   305.2   77.4  0  0    0.45    1.10
A12A   186.0   86.3  0  0    0.01    1.61
A14A   169.3   99.8  0  0   -0.33    1.17
             232  15   9   6 1
ACC1   203.7   70.3 -1 -1    0.00    0.00
AEC1   153.9   79.1  1  1    0.00    0.00
AEC2   154.9   88.6  1  1    0.00    0.00
AEC3   161.4   89.6  1  1    0.00    0.00
A03A     8.4   67.4 -1  1    0.00    0.00
A07A   258.3   74.3  1  1    0.00    0.00
A08A   208.8   46.9  1 -1    0.00    0.00
A09A   266.2   92.7  1  1    0.00    0.00
A10A   112.5   86.9 -1  1    0.00    0.00
AEC3   161.4   89.6  0  0   -0.14    2.32
A03A     8.4   67.4  0  0   -0.53    0.70
A07A   258.3   74.3  0  0   -0.06    1.15
A08A   208.8   46.9  0  0   -0.06    0.27
A09A   266.2   92.7  0  0    0.00    0.00
A10A   112.5   86.9  0  0   -0.84    1.57
             233  19  10   9 1
AAS1   107.2   59.9  1  1    0.00    0.00
AAS2   143.0   25.7 -1  1    0.00    0.00
ACC1    21.1   70.0  1 -1    0.00    0.00
AEC2    86.3   88.3 -1  1    0.00    0.00
A02A   353.1  101.3 -1 -1    0.00    0.00
A05A    37.4   97.0 -1 -1    0.00    0.00
A09A   317.3   96.5  1 -1    0.00    0.00
A11A   309.1   71.3 -1 -1    0.00    0.00
A13A   132.5   96.0 -1 -1    0.00    0.00
A14A   168.8   93.4 -1 -1    0.00    0.00
AAS1   107.2   59.9  0  0   -0.09    1.08
AAS2   143.0   25.7  0  0    0.11    0.80
ACC1    21.1   70.0  0  0   -0.40    0.78
A02A   353.1  101.3  0  0    0.20    1.08
A05A    37.4   97.0  0  0    0.00    0.00
A09A   317.3   96.5  0  0   -0.36    1.32
A11A   309.1   71.3  0  0    0.70    0.89
A13A   132.5   96.0  0  0    0.00    0.00
A14A   168.8   93.4  0  0   -0.61    1.66
             234  23  12  11 1
AAS1   279.6   58.1  1  1    0.00    0.00
AAS2   276.3   75.2 -1  1    0.00    0.00
ACC1   316.2   81.7 -1 -1    0.00    0.00
AEC1   352.2   63.3 -1 -1    0.00    0.00
AEC2     9.8   37.1 -1 -1    0.00    0.00
AEC3   341.6   24.1 -1 -1    0.00    0.00
A05A   358.2   89.5 -1 -1    0.00    0.00
A10A    31.5   83.0 -1 -1    0.00    0.00
A11A   293.0   91.0 -1  1    0.00    0.00
A12A   244.1   83.6  1  1    0.00    0.00
A13A   172.4   70.6 -1 -1    0.00    0.00
A14A   215.4   85.4  1  1    0.00    0.00
AAS1   279.6   58.1  0  0   -0.94    2.04
AAS2   276.3   75.2  0  0   -0.36    1.95
AEC1   352.2   63.3  0  0   -0.18    0.60
AEC2     9.8   37.1  0  0   -0.43    0.16
AEC3   341.6   24.1  0  0   -0.41    0.74
A05A   358.2   89.5  0  0    0.00    0.00
A10A    31.5   83.0  0  0   -0.94    1.27
A11A   293.0   91.0  0  0    0.00    0.00
A12A   244.1   83.6  0  0   -0.28    1.44
A13A   172.4   70.6  0  0   -0.43    0.79
A14A   215.4   85.4  0  0   -0.40    1.57
             235  13   8   5 1
AAS1   283.0   60.3  1  1    0.00    0.00
AAS2   278.4   77.2 -1 -1    0.00    0.00
AEC1   352.6   67.1 -1 -1    0.00    0.00
AEC3   344.4   29.0 -1 -1    0.00    0.00
A10A    30.7   85.4 -1 -1    0.00    0.00
A11A   294.1   92.5 -1  1    0.00    0.00
A13A   172.0   70.9  1  1    0.00    0.00
A14A   216.3   86.6 -1 -1    0.00    0.00
AAS2   278.4   77.2  0  0    0.00    0.00
AEC1   352.6   67.1  0  0   -0.13    0.70
AEC3   344.4   29.0  0  0   -0.31    0.54
A11A   294.1   92.5  0  0    0.00    0.00
A13A   172.0   70.9  0  0    0.00    0.00
             236  13   8   5 1
AAS1   108.3   64.1  1 -1    0.00    0.00
AAS2   138.0   32.3  1  1    0.00    0.00
ACC1    25.3   70.6  1  1    0.00    0.00
AEC2    87.6   90.1 -1 -1    0.00    0.00
AEC3    94.5   86.8 -1 -1    0.00    0.00
A03A    19.1  101.0  1  1    0.00    0.00
A09A   317.8   96.8  1 -1    0.00    0.00
A13A   132.2   97.6 -1 -1    0.00    0.00
AAS2   138.0   32.3  0  0   -0.14    0.67
AEC3    94.5   86.8  0  0   -0.34    1.60
A03A    19.1  101.0  0  0    0.00    0.00
A09A   317.8   96.8  0  0   -0.20    1.27
A13A   132.2   97.6  0  0    0.00    0.00
             237  14   8   6 1
ACC1   205.0   79.8 -1 -1    0.00    0.00
AEC1   156.4   86.8  1 -1    0.00    0.00
A05A    91.3   58.4  1  1    0.00    0.00
A06A   302.6   67.1  1  1    0.00    0.00
A07A   256.8   83.2  1  1    0.00    0.00
A08A   210.7   58.5  1 -1    0.00    0.00
A09A   265.3  101.5  1  1    0.00    0.00
A10A   114.4   93.4 -1  1    0.00    0.00
AEC1   156.4   86.8  0  0   -0.37    1.58
A05A    91.3   58.4  0  0    0.25    1.63
A06A   302.6   67.1  0  0   -0.22    0.88
A07A   256.8   83.2  0  0   -0.24    1.43
A08A   210.7   58.5  0  0   -0.46    0.49
A09A   265.3  101.5  0  0    0.00    0.00
             238  16   9   7 1
AAS1   163.6  102.1  1  1    0.00    0.00
ACC1   164.2   96.4 -1  1    0.00    0.00
A01A    43.4   76.6  1 -1    0.00    0.00
A03A   111.2   81.2  1  1    0.00    0.00
A05A   128.8   94.4  1  1    0.00    0.00
A06A   153.2   74.7 -1  1    0.00    0.00
A08A   156.6   93.0  1  1    0.00    0.00
A09A   216.8   92.0 -1 -1    0.00    0.00
A14A   172.0  107.0  1  1    0.00    0.00
A01A    43.4   76.6  0  0   -0.06    0.99
A03A   111.2   81.2  0  0   -0.78    1.19
A05A   128.8   94.4  0  0   -0.46    1.63
A06A   153.2   74.7  0  0    0.14    0.92
A08A   156.6   93.0  0  0    0.00    0.00
A09A   216.8   92.0  0  0   -0.18    1.74
A14A   172.0  107.0  0  0    0.00    0.00
             239  18  10   8 1
AAS1     0.5   62.2 -1 -1    0.00    0.00
AAS2   313.1   77.9 -1 -1    0.00    0.00
ACC1   347.7  101.2 -1 -1    0.00    0.00
AEC1    28.2   99.8 -1 -1    0.00    0.00
AEC2    48.9   94.7 -1 -1    0.00    0.00
AEC3    50.6   88.0  1 -1    0.00    0.00
AID1    84.0   80.1 -1 -1    0.00    0.00
A11A   312.4  105.2 -1 -1    0.00    0.00
A13A   130.2   96.5 -1 -1    0.00    0.00
A14A   193.3   96.1 -1 -1    0.00    0.00
AAS1     0.5   62.2  0  0   -0.25    0.54
AAS2   313.1   77.9  0  0   -0.61    1.09
AEC1    28.2   99.8  0  0   -0.22    1.17
AEC3    50.6   88.0  0  0   -0.26    1.76
AID1    84.0   80.1  0  0    0.00    0.00
A11A   312.4  105.2  0  0    0.34    0.95
A13A   130.2   96.5  0  0   -0.25    1.38
A14A   193.3   96.1  0  0   -0.30    1.37
             240  17   9   8 1
AAS1   329.2   74.3  1 -1    0.00    0.00
AAS2   302.9   91.0 -1 -1    0.00    0.00
AEC1    15.3  100.3 -1  1    0.00    0.00
AEC2    34.3   91.6  1  1    0.00    0.00
AID1    72.1   61.5  1  1    0.00    0.00
A08A   346.4  107.8 -1 -1    0.00    0.00
A11A   307.8  108.1 -1 -1    0.00    0.00
A12A   250.9   95.7  1  1    0.00    0.00
A14A   207.7   98.8 -1  1    0.00    0.00
AAS1   329.2   74.3  0  0   -0.49    0.96
AAS2   302.9   91.0  0  0   -0.05    1.79
AEC1    15.3  100.3  0  0    0.14    1.15
AID1    72.1   61.5  0  0    0.00    0.00
A08A   346.4  107.8  0  0    0.00    0.00
A11A   307.8  108.1  0  0   -0.21    0.87
A12A   250.9   95.7  0  0    0.05    1.33
A14A   207.7   98.8  0  0   -0.34    1.18
             241  13   8   5 1
AAS1   305.8   53.9  1 -1    0.00    0.00
AEC2    28.9   61.4  1  1    0.00    0.00
AEC3    22.8   48.0  1  1    0.00    0.00
AID1    95.5   22.8  1 -1    0.00    0.00
A05A     5.4   95.7  1  1    0.00    0.00
A11A   301.5   94.2 -1 -1    0.00    0.00
A12A   247.4   82.8  1  1    0.00    0.00
A14A   211.5   85.7  1  1    0.00    0.00
AEC3    22.8   48.0  0  0   -0.63    0.07
AID1    95.5   22.8  0  0    0.00    0.00
A11A   301.5   94.2  0  0   -0.15    1.42
A12A   247.4   82.8  0  0   -0.59    1.41
A14A   211.5   85.7  0  0   -0.29    1.62
             242  16   9   7 1
ACC1   216.8   55.5  1  1    0.00    0.00
AEC1   147.0   66.6  1 -1    0.00    0.00
AEC2   150.6   80.3 -1 -1    0.00    0.00
AEC3   158.6   81.9  1 -1    0.00    0.00
A05A    58.7   53.9  1  1    0.00    0.00
A07A   275.4   71.6  1  1    0.00    0.00
A08A   246.0   28.5  1  1    0.00    0.00
A10A   101.5   81.4 -1 -1    0.00    0.00
A11A   240.3   83.4  1  1    0.00    0.00
ACC1   216.8   55.5  0  0   -0.48    0.51
AEC1   147.0   66.6  0  0   -0.18    0.69
A05A    58.7   53.9  0  0    0.14    0.75
A07A   275.4   71.6  0  0   -0.38    1.38
A08A   246.0   28.5  0  0   -0.63    1.12
A10A   101.5   81.4  0  0   -0.98    1.27
A11A   240.3   83.4  0  0   -0.37    1.41
             243  15   8   7 1
ACC1   224.7   55.8  1  1    0.00    0.00
AEC1   150.4   62.1  1 -1    0.00    0.00
A03A     0.3   75.0  1 -1    0.00    0.00
A05A    50.7   50.3  1  1    0.00    0.00
A07A   277.2   73.4  1  1    0.00    0.00
A08A   258.1   33.7  1  1    0.00    0.00
A10A   100.4   78.6 -1  1    0.00    0.00
A11A   243.3   83.4  1  1    0.00    0.00
AEC1   150.4   62.1  0  0   -0.14    0.59
A03A     0.3   75.0  0  0    0.18    0.95
A05A    50.7   50.3  0  0    0.49    0.53
A07A   277.2   73.4  0  0   -0.34    1.87
A08A   258.1   33.7  0  0   -0.57    1.18
A10A   100.4   78.6  0  0   -0.80    1.48
A11A   243.3   83.4  0  0   -0.32    1.42
             244  24  13  11 1
AAS1   307.5   59.4  1  1    0.00    0.00
AAS2   290.8   79.9 -1  1    0.00    0.00
ACC1   330.1   92.6 -1  1    0.00    0.00
AEC1     9.5   83.2 -1 -1    0.00    0.00
AEC2    30.7   69.1 -1 -1    0.00    0.00
AEC3    25.6   55.6 -1 -1    0.00    0.00
AID1    94.9   30.1 -1 -1    0.00    0.00
A07A   324.2  104.3  1  1    0.00    0.00
A08A   340.7   98.1  1  1    0.00    0.00
A11A   301.9  101.2 -1  1    0.00    0.00
A12A   246.9   87.9  1  1    0.00    0.00
A13A   152.4   78.8  1  1    0.00    0.00
A14A   210.6   91.0 -1 -1    0.00    0.00
AAS1   307.5   59.4  0  0   -0.31    0.79
AAS2   290.8   79.9  0  0    0.05    1.30
AEC1     9.5   83.2  0  0   -0.15    1.32
AEC3    25.6   55.6  0  0   -0.23    0.32
AID1    94.9   30.1  0  0   -0.49    1.91
A07A   324.2  104.3  0  0    0.00    0.00
A08A   340.7   98.1  0  0    0.00    0.00
A11A   301.9  101.2  0  0    0.21    1.10
A12A   246.9   87.9  0  0    0.04    2.18
A13A   152.4   78.8  0  0    0.00    0.00
A14A   210.6   91.0  0  0   -0.28    1.97
             245  14   8   6 1
AEC1   155.3   87.4  1  1    0.00    0.00
A05A    89.0   61.0 -1 -1    0.00    0.00
A06A   304.9   68.5  1  1    0.00    0.00
A07A   257.8   83.8  1 -1    0.00    0.00
A08A   210.5   58.0  1  1    0.00    0.00
A10A   113.4   94.3 -1 -1    0.00    0.00
A11A   230.8   97.4 -1 -1    0.00    0.00
A14A   186.2  108.3  1  1    0.00    0.00
A05A    89.0   61.0  0  0    0.35    1.61
A06A   304.9   68.5  0  0   -0.23    0.87
A07A   257.8   83.8  0  0    0.21    1.50
A08A   210.5   58.0  0  0   -0.02    0.49
A11A   230.8   97.4  0  0    0.00    0.00
A14A   186.2  108.3  0  0    0.00    0.00
             246  15   8   7 1
A03A    11.3   78.4 -1  1    0.00    0.00
A05A   108.7   77.0 -1 -1    0.00    0.00
A06A   288.9   73.9  1 -1    0.00    0.00
A07A   247.0   95.8 -1 -1    0.00    0.00
A09A   260.1  107.6  1 -1    0.00    0.00
A10A   119.6  104.7 -1 -1    0.00    0.00
A11A   225.3  106.1  1  1    0.00    0.00
A13A   166.1  114.6  1  1    0.00    0.00
A03A    11.3   78.4  0  0   -0.60    1.07
A05A   108.7   77.0  0  0    0.00    0.00
A06A   288.9   73.9  0  0   -0.63    1.20
A07A   247.0   95.8  0  0    0.35    1.33
A10A   119.6  104.7  0  0    0.00    0.00
A11A   225.3  106.1  0  0   -0.47    0.90
A13A   166.1  114.6  0  0    0.00    0.00
             247  14   8   6 1
ACC1   227.5   52.2  1  1    0.00    0.00
AEC1   147.3   59.5 -1 -1    0.00    0.00
AEC2   151.1   75.7 -1 -1    0.00    0.00
A05A    47.5   52.5  1 -1    0.00    0.00
A07A   280.3   72.5  1  1    0.00    0.00
A08A   267.4   31.3  1  1    0.00    0.00
A10A    97.8   78.0 -1 -1    0.00    0.00
A11A   244.9   82.1  1  1    0.00    0.00
AEC1   147.3   59.5  0  0    0.00    0.52
A05A    47.5   52.5  0  0    0.36    0.53
A07A   280.3   72.5  0  0    0.07    1.32
A08A   267.4   31.3  0  0   -0.63    1.75
A10A    97.8   78.0  0  0   -0.54    1.47
A11A   244.9   82.1  0  0   -0.23    1.34
             248  21  11  10 1
AEC1   148.1   57.9 -1 -1    0.00    0.00
AEC2   151.6   73.9  1 -1    0.00    0.00
AEC3   160.2   75.9 -1 -1    0.00    0.00
A03A     1.0   72.8  1 -1    0.00    0.00
A05A    49.0   49.3  1  1    0.00    0.00
A07A   279.2   70.0  1  1    0.00    0.00
A08A   263.7   29.7  1  1    0.00    0.00
A10A    98.8   75.8 -1 -1    0.00    0.00
A11A   244.2   80.0  1  1    0.00    0.00
A13A   165.1   92.3 -1 -1    0.00    0.00
A14A   188.6   94.3  1 -1    0.00    0.00
AEC1   148.1   57.9  0  0   -0.14    0.47
AEC3   160.2   75.9  0  0    0.12    0.97
A03A     1.0   72.8  0  0   -0.45    0.87
A05A    49.0   49.3  0  0    0.36    0.60
A07A   279.2   70.0  0  0    0.02    1.22
A08A   263.7   29.7  0  0   -0.60    1.73
A10A    98.8   75.8  0  0   -1.04    1.25
A11A   244.2   80.0  0  0   -0.35    1.20
A13A   165.1   92.3  0  0   -0.02    1.83
A14A   188.6   94.3  0  0    0.00    0.00
             249  16   9   7 1
AAS1   309.3   53.1  1 -1    0.00    0.00
AAS2   290.2   76.7 -1 -1    0.00    0.00
ACC1   331.9   91.4 -1 -1    0.00    0.00
AEC2    37.3   69.4  1  1    0.00    0.00
AEC3    35.1   55.7  1  1    0.00    0.00
AID1   100.7   38.4  1  1    0.00    0.00
A12A   243.9   86.2  1  1    0.00    0.00
A13A   149.7   80.8 -1 -1    0.00    0.00
A14A   207.1   90.8  1  1    0.00    0.00
AAS1   309.3   53.1  0  0   -0.29    0.65
AAS2   290.2   76.7  0  0    0.02    1.14
AEC3    35.1   55.7  0  0   -0.64    0.44
AID1   100.7   38.4  0  0   -0.40    1.41
A12A   243.9   86.2  0  0   -0.42    1.72
A13A   149.7   80.8  0  0    0.00    0.00
A14A   207.1   90.8  0  0   -0.14    2.08
             250  15   8   7 1
AAS1   321.1   64.8  1 -1    0.00    0.00
AEC2    37.6   84.8 -1  1    0.00    0.00
AEC3    35.9   73.6  1  1    0.00    0.00
AID1    87.2   54.2  1  1    0.00    0.00
A05A     9.4  108.3 -1 -1    0.00    0.00
A11A   305.0  104.9 -1 -1    0.00    0.00
A12A   246.0   93.5  1  1    0.00    0.00
A14A   206.1   97.3  1  1    0.00    0.00
AAS1   321.1   64.8  0  0   -0.09    0.71
AEC3    35.9   73.6  0  0   -0.24    0.88
AID1    87.2   54.2  0  0   -0.48    1.57
A05A     9.4  108.3  0  0    0.00    0.00
A11A   305.0  104.9  0  0    0.03    0.96
A12A   246.0   93.5  0  0   -0.29    1.49
A14A   206.1   97.3  0  0   -0.24    1.26
             251  17   9   8 1
AAS1   319.3   63.2  1  1    0.00    0.00
AEC2    38.6   84.1  1  1    0.00    0.00
AEC3    37.2   72.5  1  1    0.00    0.00
AID1    90.7   54.2  1 -1    0.00    0.00
A08A   344.9  104.1  1  1    0.00    0.00
A11A   304.5  104.8 -1 -1    0.00    0.00
A12A   244.9   93.7  1  1    0.00    0.00
A13A   145.0   91.5  1  1    0.00    0.00
A14A   205.7   97.7  1  1    0.00    0.00
AAS1   319.3   63.2  0  0   -0.09    0.69
AEC3    37.2   72.5  0  0   -0.33    0.85
AID1    90.7   54.2  0  0   -0.59    1.79
A08A   344.9  104.1  0  0   -0.19    0.97
A11A   304.5  104.8  0  0    0.23    0.97
A12A   244.9   93.7  0  0   -0.29    1.49
A13A   145.0   91.5  0  0    0.00    0.00
A14A   205.7   97.7  0  0   -0.14    1.24
             252  14   8   6 1
AAS1   119.5   73.6  1  1    0.00    0.00
AAS2   130.7   63.9 -1  1    0.00    0.00
ACC1    78.7   60.9 -1 -1    0.00    0.00
AEC2   102.6   83.8 -1  1    0.00    0.00
AEC3   107.8   82.5  1  1    0.00    0.00
A06A    30.1   77.1 -1 -1    0.00    0.00
A07A    23.2   56.8 -1 -1    0.00    0.00
A12A   158.5   76.7  1  1    0.00    0.00
AAS1   119.5   73.6  0  0    0.00    0.00
AAS2   130.7   63.9  0  0   -0.44    0.77
AEC3   107.8   82.5  0  0   -0.30    1.38
A06A    30.1   77.1  0  0   -0.81    1.01
A07A    23.2   56.8  0  0   -0.24    0.36
A12A   158.5   76.7  0  0   -0.16    1.00
             253  15   9   6 1
ACC1   251.6   51.7  1  1    0.00    0.00
AEC1   147.0   43.5 -1 -1    0.00    0.00
AEC2   152.0   66.6  1 -1    0.00    0.00
AEC3   162.8   69.7 -1 -1    0.00    0.00
A05A    26.6   56.6  1 -1    0.00    0.00
A07A   288.9   76.7  1  1    0.00    0.00
A08A   293.9   44.3  1  1    0.00    0.00
A10A    87.9   73.2 -1  1    0.00    0.00
A11A   254.5   82.1  1  1    0.00    0.00
AEC1   147.0   43.5  0  0   -0.63    0.46
AEC3   162.8   69.7  0  0   -0.46    0.77
A05A    26.6   56.6  0  0   -0.06    0.38
A07A   288.9   76.7  0  0    0.54    1.19
A08A   293.9   44.3  0  0   -0.11    1.04
A11A   254.5   82.1  0  0   -0.52    1.33
             254  15   9   6 1
ACC1   253.4   49.5  1  1    0.00    0.00
AEC1   145.6   40.6 -1 -1    0.00    0.00
AEC2   151.4   64.1  1 -1    0.00    0.00
AEC3   162.5   67.2 -1 -1    0.00    0.00
A05A    25.9   55.7  1  1    0.00    0.00
A07A   289.8   75.0  1  1    0.00    0.00
A08A   296.0   43.2  1  1    0.00    0.00
A10A    86.8   71.4 -1 -1    0.00    0.00
A11A   255.3   80.3  1  1    0.00    0.00
AEC1   145.6   40.6  0  0   -0.48    0.48
AEC3   162.5   67.2  0  0   -0.27    0.69
A05A    25.9   55.7  0  0   -0.10    0.36
A07A   289.8   75.0  0  0    0.56    1.12
A08A   296.0   43.2  0  0   -0.29    0.93
A10A    86.8   71.4  0  0   -0.69    1.44
             255  13   8   5 1
ACC1   254.1   44.4  1  1    0.00    0.00
AEC1   145.1   35.8  1 -1    0.00    0.00
AEC2   151.2   58.5 -1 -1    0.00    0.00
AEC3   162.4   61.7  1 -1    0.00    0.00
A05A    25.7   50.8 -1 -1    0.00    0.00
A07A   290.0   70.1  1  1    0.00    0.00
A08A   296.7   38.7  1  1    0.00    0.00
A10A    86.5   66.2 -1 -1    0.00    0.00
AEC1   145.1   35.8  0  0   -0.15    0.56
AEC3   162.4   61.7  0  0   -0.13    0.53
A05A    25.7   50.8  0  0    0.41    0.23
A07A   290.0   70.1  0  0   -0.66    1.02
A08A   296.7   38.7  0  0   -0.58    0.95
             256  18  10   8 1
AAS2   298.7   84.9  1 -1    0.00    0.00
ACC1   337.0   99.5 -1 -1    0.00    0.00
AEC2    38.3   85.4 -1  1    0.00    0.00
AEC3    37.0   75.0  1  1    0.00    0.00
AID1    84.2   56.9  1  1    0.00    0.00
A07A   328.4  109.3 -1 -1    0.00    0.00
A08A   346.2  103.7 -1 -1    0.00    0.00
A12A   246.4   91.9  1  1    0.00    0.00
A13A   142.0   90.5 -1 -1    0.00    0.00
A14A   205.3   95.8  1  1    0.00    0.00
AAS2   298.7   84.9  0  0   -0.22    1.56
AEC3    37.0   75.0  0  0   -0.64    0.93
AID1    84.2   56.9  0  0   -0.40    1.37
A07A   328.4  109.3  0  0    0.00    0.00
A08A   346.2  103.7  0  0    0.00    0.00
A12A   246.4   91.9  0  0   -0.27    1.70
A13A   142.0   90.5  0  0    0.00    0.00
A14A   205.3   95.8  0  0   -0.33    1.36
             257  18  10   8 1
ACC1   234.7   48.3  1  1    0.00    0.00
AEC1   147.5   51.9 -1 -1    0.00    0.00
AEC2   151.5   69.9 -1 -1    0.00    0.00
AEC3   160.8   72.3 -1 -1    0.00    0.00
A03A   359.0   73.8  1 -1    0.00    0.00
A05A    40.6   49.7  1  1    0.00    0.00
A07A   283.0   70.5  1  1    0.00    0.00
A08A   277.5   32.4  1  1    0.00    0.00
A10A    95.2   73.2 -1  1    0.00    0.00
A11A   247.8   79.0  1  1    0.00    0.00
AEC1   147.5   51.9  0  0   -0.23    0.43
AEC3   160.8   72.3  0  0   -0.34    0.85
A03A   359.0   73.8  0  0   -0.47    0.91
A05A    40.6   49.7  0  0    0.18    0.39
A07A   283.0   70.5  0  0    0.24    1.32
A08A   277.5   32.4  0  0   -0.81    2.07
A10A    95.2   73.2  0  0   -1.05    3.28
A11A   247.8   79.0  0  0   -0.34    1.17
             258  16   9   7 1
AAS1   327.3   64.7  1  1    0.00    0.00
AAS2   299.2   85.8 -1 -1    0.00    0.00
ACC1   337.5  100.6  1  1    0.00    0.00
AEC2    39.2   87.3 -1  1    0.00    0.00
AID1    84.4   60.0  1 -1    0.00    0.00
A08A   346.7  104.8  1  1    0.00    0.00
A11A   306.4  105.3 -1 -1    0.00    0.00
A12A   246.0   93.1  1 -1    0.00    0.00
A14A   204.7   97.2  1  1    0.00    0.00
AAS1   327.3   64.7  0  0   -0.43    0.69
AAS2   299.2   85.8  0  0   -0.07    1.72
AID1    84.4   60.0  0  0   -0.37    1.26
A08A   346.7  104.8  0  0   -0.32    0.94
A11A   306.4  105.3  0  0    0.22    0.95
A12A   246.0   93.1  0  0   -0.23    1.51
A14A   204.7   97.2  0  0   -0.27    1.26
             259  14   8   6 1
ACC1   164.5  100.7 -1  1    0.00    0.00
AEC2   149.3  105.3  1  1    0.00    0.00
A01A    45.2   79.0  1  1    0.00    0.00
A05A   129.8   98.7  1  1    0.00    0.00
A06A   154.4   79.5 -1  1    0.00    0.00
A08A   157.2   97.1  1  1    0.00    0.00
A12A   177.0  107.0 -1  1    0.00    0.00
A14A   172.1  109.4  1  1    0.00    0.00
A01A    45.2   79.0  0  0    0.22    1.09
A05A   129.8   98.7  0  0   -0.19    1.25
A06A   154.4   79.5  0  0    0.01    1.11
A08A   157.2   97.1  0  0    0.00    0.00
A12A   177.0  107.0  0  0    0.00    0.00
A14A   172.1  109.4  0  0    0.00    0.00
             260  16   9   7 1
AAS1   119.4   66.8  1 -1    0.00    0.00
AAS2   154.1   43.3 -1 -1    0.00    0.00
ACC1    29.2   64.1 -1  1    0.00    0.00
AEC2    93.3   89.9 -1 -1    0.00    0.00
AEC3   100.8   87.1  1 -1    0.00    0.00
AID1   118.7   90.8 -1 -1    0.00    0.00
A05A    41.3   97.0  1 -1    0.00    0.00
A06A     5.2   95.9 -1 -1    0.00    0.00
A09A   314.5   96.0 -1 -1    0.00    0.00
AAS1   119.4   66.8  0  0   -0.03    0.82
AAS2   154.1   43.3  0  0   -0.10    0.24
AEC3   100.8   87.1  0  0   -0.22    1.64
AID1   118.7   90.8  0  0    0.02    2.67
A05A    41.3   97.0  0  0    0.00    0.00
A06A     5.2   95.9  0  0   -0.44    1.39
A09A   314.5   96.0  0  0   -0.34    1.35
             261  24  13  11 1
AAS1   313.5   58.8 -1 -1    0.00    0.00
AAS2   292.2   82.1 -1 -1    0.00    0.00
ACC1   333.3   96.0 -1 -1    0.00    0.00
AEC1    14.8   88.5  1  1    0.00    0.00
AEC2    37.8   77.1 -1  1    0.00    0.00
AEC3    36.0   64.3  1  1    0.00    0.00
AID1    96.0   46.1  1  1    0.00    0.00
A06A   342.5  109.1  1  1    0.00    0.00
A07A   326.0  107.0  1 -1    0.00    0.00
A11A   303.1  102.5 -1 -1    0.00    0.00
A12A   244.3   90.5  1  1    0.00    0.00
A13A   147.8   86.7  1 -1    0.00    0.00
A14A   206.6   94.7  1  1    0.00    0.00
AAS1   313.5   58.8  0  0   -0.49    0.70
AAS2   292.2   82.1  0  0    0.00    0.00
AEC1    14.8   88.5  0  0   -0.16    1.95
AEC3    36.0   64.3  0  0   -0.37    0.62
AID1    96.0   46.1  0  0   -0.51    2.18
A06A   342.5  109.1  0  0    0.00    0.00
A07A   326.0  107.0  0  0    0.00    0.00
A11A   303.1  102.5  0  0    0.00    0.00
A12A   244.3   90.5  0  0   -0.07    2.05
A13A   147.8   86.7  0  0   -0.13    1.58
A14A   206.6   94.7  0  0    0.02    1.46
             262  14   8   6 1
ACC1   165.4   91.6  1 -1    0.00    0.00
AEC2   150.3   97.7  1 -1    0.00    0.00
A01A    49.9   64.3  1  1    0.00    0.00
A03A   118.0   74.4  1  1    0.00    0.00
A07A   181.8   82.7 -1 -1    0.00    0.00
A08A   158.6   87.6 -1 -1    0.00    0.00
A11A   187.9   92.8  1 -1    0.00    0.00
A14A   172.3  103.6 -1 -1    0.00    0.00
A01A    49.9   64.3  0  0    0.40    0.68
A03A   118.0   74.4  0  0   -0.73    0.97
A07A   181.8   82.7  0  0    0.04    1.29
A08A   158.6   87.6  0  0    0.00    0.00
A11A   187.9   92.8  0  0    0.00    0.00
A14A   172.3  103.6  0  0    0.02    1.01
             263  17   9   8 1
AAS1   212.1   51.8 -1 -1    0.00    0.00
ACC1   292.9   52.0  1  1    0.00    0.00
AEC1    70.6   17.3  1  1    0.00    0.00
AEC3   155.9   42.6  1  1    0.00    0.00
A02A   330.3   91.4  1  1    0.00    0.00
A05A    12.2   68.0 -1 -1    0.00    0.00
A07A   304.7   77.8  1  1    0.00    0.00
A09A   293.3   91.3 -1  1    0.00    0.00
A10A    63.9   69.2 -1 -1    0.00    0.00
AAS1   212.1   51.8  0  0    0.20    0.35
AEC1    70.6   17.3  0  0   -0.32    1.33
AEC3   155.9   42.6  0  0   -0.35    0.29
A02A   330.3   91.4  0  0    0.00    0.00
A05A    12.2   68.0  0  0   -0.10    0.72
A07A   304.7   77.8  0  0   -0.27    1.12
A09A   293.3   91.3  0  0    0.00    0.00
A10A    63.9   69.2  0  0   -0.71    0.86
             264  12   8   4 1
ACC1   232.5   54.1  1  1    0.00    0.00
AEC1   147.8   58.8  1  1    0.00    0.00
AEC2   151.6   76.2  1  1    0.00    0.00
A05A    42.5   54.8  1 -1    0.00    0.00
A07A   282.1   75.7  1  1    0.00    0.00
A08A   274.4   35.7  1  1    0.00    0.00
A10A    96.1   78.9 -1  1    0.00    0.00
A11A   247.0   84.1  1  1    0.00    0.00
AEC1   147.8   58.8  0  0   -0.13    0.55
A05A    42.5   54.8  0  0    0.24    0.42
A07A   282.1   75.7  0  0    0.21    1.64
A08A   274.4   35.7  0  0   -0.24    1.77
             265  13   8   5 1
ACC1   226.7   49.1  1  1    0.00    0.00
AEC1   147.2   56.6 -1 -1    0.00    0.00
AEC2   151.1   72.8  1 -1    0.00    0.00
AEC3   159.8   74.8 -1 -1    0.00    0.00
A05A    48.3   49.3  1 -1    0.00    0.00
A08A   266.1   28.7  1  1    0.00    0.00
A10A    98.1   75.0 -1 -1    0.00    0.00
A11A   244.6   79.1 -1  1    0.00    0.00
AEC1   147.2   56.6  0  0   -0.66    0.45
A05A    48.3   49.3  0  0    0.29    0.61
A08A   266.1   28.7  0  0   -0.36    2.10
A10A    98.1   75.0  0  0   -0.55    1.25
A11A   244.6   79.1  0  0    0.00    0.00
             266  14   8   6 1
ACC1   227.7   52.4  1  1    0.00    0.00
AEC1   149.1   58.3  1  1    0.00    0.00
A05A    47.2   49.9  1 -1    0.00    0.00
A07A   279.4   71.8  1 -1    0.00    0.00
A08A   265.2   32.1  1  1    0.00    0.00
A09A   277.1   89.3 -1 -1    0.00    0.00
A10A    98.6   76.4 -1 -1    0.00    0.00
A11A   244.8   81.4  1 -1    0.00    0.00
AEC1   149.1   58.3  0  0   -0.19    0.48
A05A    47.2   49.9  0  0    0.20    0.60
A07A   279.4   71.8  0  0   -0.15    1.18
A08A   265.2   32.1  0  0   -0.35    2.01
A10A    98.6   76.4  0  0   -0.78    1.23
A11A   244.8   81.4  0  0   -0.60    1.26
             267  18   9   9 1
AEC1   146.9   69.0 -1 -1    0.00    0.00
AEC3   158.4   83.6 -1 -1    0.00    0.00
A05A    61.1   55.3  1  1    0.00    0.00
A07A   274.3   72.3  1 -1    0.00    0.00
A08A   240.7   29.0  1  1    0.00    0.00
A09A   274.4   91.5 -1 -1    0.00    0.00
A10A   102.3   83.1 -1 -1    0.00    0.00
A12A   198.8   95.0  1 -1    0.00    0.00
A14A   186.6   98.1 -1 -1    0.00    0.00
AEC1   146.9   69.0  0  0   -0.26    0.76
AEC3   158.4   83.6  0  0   -0.09    1.33
A05A    61.1   55.3  0  0    0.57    0.73
A07A   274.3   72.3  0  0    0.08    1.87
A08A   240.7   29.0  0  0   -0.26    0.96
A09A   274.4   91.5  0  0   -0.52    1.95
A10A   102.3   83.1  0  0   -1.01    1.37
A12A   198.8   95.0  0  0    0.00    0.00
A14A   186.6   98.1  0  0    0.00    0.00
             268  15   8   7 1
AAS1    46.7   48.2  1  1    0.00    0.00
AAS2   310.8   51.9  1 -1    0.00    0.00
AEC1    41.8   98.5 -1  1    0.00    0.00
AEC2    64.6   95.8  1  1    0.00    0.00
A08A     1.9  103.4 -1  1    0.00    0.00
A09A   316.9  112.9 -1 -1    0.00    0.00
A12A   218.5   85.2  1  1    0.00    0.00
A14A   181.9   99.6  1  1    0.00    0.00
AAS1    46.7   48.2  0  0   -0.24    0.49
AAS2   310.8   51.9  0  0   -0.15    0.66
AEC1    41.8   98.5  0  0   -0.24    1.28
A08A     1.9  103.4  0  0   -0.54    1.00
A09A   316.9  112.9  0  0   -0.28    0.74
A12A   218.5   85.2  0  0   -0.53    1.56
A14A   181.9   99.6  0  0   -0.08    1.17
             269  18  10   8 1
AAS1   202.9   61.3  1  1    0.00    0.00
ACC1   271.9   48.1  1  1    0.00    0.00
AEC1   133.5   23.7 -1 -1    0.00    0.00
AEC2   148.3   51.5  1 -1    0.00    0.00
AEC3   162.6   55.4  1  1    0.00    0.00
A05A    16.6   59.2  1  1    0.00    0.00
A07A   296.4   74.7  1  1    0.00    0.00
A08A   308.8   49.2  1  1    0.00    0.00
A10A    76.4   66.8 -1 -1    0.00    0.00
A11A   262.9   77.6 -1 -1    0.00    0.00
AAS1   202.9   61.3  0  0    0.00    0.00
AEC1   133.5   23.7  0  0   -0.21    0.94
AEC3   162.6   55.4  0  0   -0.26    0.33
A05A    16.6   59.2  0  0    0.28    0.44
A07A   296.4   74.7  0  0   -0.33    1.05
A08A   308.8   49.2  0  0   -0.26    0.68
A10A    76.4   66.8  0  0   -0.66    1.02
A11A   262.9   77.6  0  0    0.00    0.00
             270  16   9   7 1
AAS1   203.5   62.7  1  1    0.00    0.00
ACC1   271.9   49.9  1  1    0.00    0.00
AEC1   134.9   23.9 -1 -1    0.00    0.00
AEC2   149.0   52.6 -1 -1    0.00    0.00
AEC3   163.3   56.5  1 -1    0.00    0.00
A03A   353.4   80.3  1  1    0.00    0.00
A05A    16.0   60.4  1  1    0.00    0.00
A08A   308.3   50.9  1  1    0.00    0.00
A10A    76.3   67.7 -1 -1    0.00    0.00
AAS1   203.5   62.7  0  0   -0.33    0.59
AEC1   134.9   23.9  0  0   -0.43    0.92
AEC3   163.3   56.5  0  0   -0.33    0.37
A03A   353.4   80.3  0  0   -0.71    1.17
A05A    16.0   60.4  0  0    0.23    0.48
A08A   308.3   50.9  0  0   -0.37    0.68
A10A    76.3   67.7  0  0   -0.67    1.01
             271  17   9   8 1
AAS1   272.1   58.6  1 -1    0.00    0.00
AAS2   271.7   77.2 -1 -1    0.00    0.00
ACC1   314.7   83.2 -1 -1    0.00    0.00
AEC1   354.3   62.0  1  1    0.00    0.00
AEC2    20.3   32.7  1  1    0.00    0.00
AEC3   345.3   15.3 -1  1    0.00    0.00
A08A   328.8   87.7  1  1    0.00    0.00
A10A    34.8   85.5 -1 -1    0.00    0.00
A12A   240.3   87.1  1 -1    0.00    0.00
AAS1   272.1   58.6  0  0   -0.65    2.21
AAS2   271.7   77.2  0  0    0.14    2.36
AEC1   354.3   62.0  0  0   -0.15    0.54
AEC2    20.3   32.7  0  0   -0.76    0.45
AEC3   345.3   15.3  0  0   -0.40    0.95
A08A   328.8   87.7  0  0   -0.35    1.86
A10A    34.8   85.5  0  0   -0.83    1.48
A12A   240.3   87.1  0  0   -0.22    1.78
             272  16   9   7 1
AAS1   272.6   59.2  1  1    0.00    0.00
AAS2   272.1   77.2 -1  1    0.00    0.00
ACC1   314.3   83.0 -1  1    0.00    0.00
AEC1   352.8   61.9  1 -1    0.00    0.00
AEC2    16.3   32.3 -1 -1    0.00    0.00
AEC3   338.5   16.6 -1 -1    0.00    0.00
A08A   328.3   87.3  1 -1    0.00    0.00
A10A    34.0   84.7 -1 -1    0.00    0.00
A12A   240.9   86.7  1  1    0.00    0.00
AAS1   272.6   59.2  0  0   -0.58    1.48
AAS2   272.1   77.2  0  0    0.06    1.43
AEC1   352.8   61.9  0  0   -0.26    0.55
AEC3   338.5   16.6  0  0   -0.57    0.97
A08A   328.3   87.3  0  0   -0.21    1.88
A10A    34.0   84.7  0  0   -0.72    1.39
A12A   240.9   86.7  0  0   -0.19    1.80
             273  15   8   7 1
AAS1   272.1   57.7  1 -1    0.00    0.00
AAS2   271.7   76.2 -1 -1    0.00    0.00
ACC1   314.5   82.0  1  1    0.00    0.00
AEC1   353.9   60.8  1  1    0.00    0.00
AEC2    19.4   31.7  1  1    0.00    0.00
AEC3   343.3   15.1 -1  1    0.00    0.00
A10A    34.7   84.0 -1 -1    0.00    0.00
A12A   240.4   85.9  1 -1    0.00    0.00
AAS1   272.1   57.7  0  0   -0.53    2.10
AAS2   271.7   76.2  0  0    0.12    2.18
AEC1   353.9   60.8  0  0   -0.30    0.51
AEC2    19.4   31.7  0  0   -0.56    0.48
AEC3   343.3   15.1  0  0   -0.67    0.97
A10A    34.7   84.0  0  0   -1.09    1.35
A12A   240.4   85.9  0  0   -0.22    1.64
             274  13   8   5 1
AEC1   155.5   89.7  1 -1    0.00    0.00
A03A    15.8   63.6  1  1    0.00    0.00
A05A   105.9   63.5  1 -1    0.00    0.00
A06A   292.5   53.9  1  1    0.00    0.00
A07A   246.5   79.9  1  1    0.00    0.00
A09A   260.2   97.3  1  1    0.00    0.00
A10A   118.2   94.0 -1 -1    0.00    0.00
A11A   224.4   95.0  1  1    0.00    0.00
AEC1   155.5   89.7  0  0   -0.24    2.22
A03A    15.8   63.6  0  0   -0.37    0.58
A05A   105.9   63.5  0  0    0.03    1.17
A06A   292.5   53.9  0  0   -0.41    1.01
A07A   246.5   79.9  0  0    0.06    1.22
             275  19  10   9 1
AAS2   299.4   89.0  1 -1    0.00    0.00
ACC1   337.7  103.6 -1 -1    0.00    0.00
AEC2    39.4   90.7 -1  1    0.00    0.00
AEC3    38.5   80.8  1  1    0.00    0.00
AID1    84.5   64.1  1  1    0.00    0.00
A07A   328.8  111.8 -1 -1    0.00    0.00
A08A   346.9  107.7 -1 -1    0.00    0.00
A12A   245.9   96.3  1  1    0.00    0.00
A13A   141.0   94.8  1 -1    0.00    0.00
A14A   204.4  100.8  1  1    0.00    0.00
AAS2   299.4   89.0  0  0   -0.13    3.23
AEC2    39.4   90.7  0  0   -0.23    4.91
AEC3    38.5   80.8  0  0   -0.49    1.16
AID1    84.5   64.1  0  0   -0.40    1.36
A07A   328.8  111.8  0  0    0.00    0.00
A08A   346.9  107.7  0  0    0.00    0.00
A12A   245.9   96.3  0  0   -0.24    1.30
A13A   141.0   94.8  0  0   -0.53    1.56
A14A   204.4  100.8  0  0   -0.24    1.09
             276  20  11   9 1
ACC1   175.5   95.0  1 -1    0.00    0.00
AEC2   153.0  102.6  1  1    0.00    0.00
A01A    12.1   84.1  1 -1    0.00    0.00
A02A   302.2   59.3  1  1    0.00    0.00
A03A    93.0   62.7  1  1    0.00    0.00
A05A   128.1   89.7  1  1    0.00    0.00
A06A   182.9   51.9 -1 -1    0.00    0.00
A08A   168.3   88.6 -1 -1    0.00    0.00
A09A   236.2   96.1  1  1    0.00    0.00
A10A   127.1  101.5 -1  1    0.00    0.00
A11A   202.3   99.8 -1 -1    0.00    0.00
A01A    12.1   84.1  0  0   -0.39    1.37
A02A   302.2   59.3  0  0   -0.19    0.82
A03A    93.0   62.7  0  0   -0.35    1.83
A05A   128.1   89.7  0  0   -0.03    2.04
A06A   182.9   51.9  0  0   -0.01    0.10
A08A   168.3   88.6  0  0   -0.03    1.94
A09A   236.2   96.1  0  0    0.07    1.31
A10A   127.1  101.5  0  0    0.00    0.00
A11A   202.3   99.8  0  0    0.00    0.00
             277  19  10   9 1
AAS2   180.6  106.4  1 -1    0.00    0.00
ACC1   175.7   98.2 -1 -1    0.00    0.00
A01A    12.1   86.2  1 -1    0.00    0.00
A02A   300.0   62.6  1  1    0.00    0.00
A03A    95.0   66.3  1  1    0.00    0.00
A06A   183.4   57.3 -1 -1    0.00    0.00
A07A   204.8   88.6 -1 -1    0.00    0.00
A08A   168.7   91.8 -1 -1    0.00    0.00
A10A   127.6  105.4 -1  1    0.00    0.00
A11A   202.2  104.1 -1 -1    0.00    0.00
AAS2   180.6  106.4  0  0    0.00    0.00
A01A    12.1   86.2  0  0   -0.39    1.57
A02A   300.0   62.6  0  0    0.00    0.00
A03A    95.0   66.3  0  0   -0.24    1.84
A06A   183.4   57.3  0  0   -0.13    0.36
A07A   204.8   88.6  0  0    0.04    2.21
A08A   168.7   91.8  0  0   -0.26    2.04
A10A   127.6  105.4  0  0    0.00    0.00
A11A   202.2  104.1  0  0    0.00    0.00
             278  17   9   8 1
AEC2   153.3  108.8 -1 -1    0.00    0.00
A01A    12.5   89.5  1 -1    0.00    0.00
A02A   299.6   66.2  1  1    0.00    0.00
A03A    95.7   70.7  1  1    0.00    0.00
A05A   129.1   95.3  1  1    0.00    0.00
A06A   182.8   61.9 -1 -1    0.00    0.00
A07A   204.4   92.0 -1 -1    0.00    0.00
A08A   168.5   94.8 -1 -1    0.00    0.00
A10A   127.7  107.9 -1  1    0.00    0.00
A01A    12.5   89.5  0  0   -0.34    2.30
A02A   299.6   66.2  0  0   -0.02    0.91
A03A    95.7   70.7  0  0   -0.74    3.59
A05A   129.1   95.3  0  0   -0.20    1.55
A06A   182.8   61.9  0  0   -0.42    0.53
A07A   204.4   92.0  0  0   -0.29    1.76
A08A   168.5   94.8  0  0   -0.14    1.52
A10A   127.7  107.9  0  0    0.00    0.00
             279  18  10   8 1
ACC1   175.2   96.0  1 -1    0.00    0.00
AEC1   152.1  101.6  1  1    0.00    0.00
A01A    12.9   84.2  1 -1    0.00    0.00
A02A   300.8   58.9  1  1    0.00    0.00
A03A    94.9   64.3  1  1    0.00    0.00
A06A   181.6   54.4 -1 -1    0.00    0.00
A07A   204.1   86.3 -1 -1    0.00    0.00
A08A   168.0   89.8 -1 -1    0.00    0.00
A09A   235.4   96.9  1  1    0.00    0.00
A10A   127.4  102.6 -1  1    0.00    0.00
A01A    12.9   84.2  0  0   -0.40    1.38
A02A   300.8   58.9  0  0   -0.02    0.84
A03A    94.9   64.3  0  0   -0.40    2.75
A06A   181.6   54.4  0  0   -0.22    0.24
A07A   204.1   86.3  0  0   -0.21    1.63
A08A   168.0   89.8  0  0   -0.11    2.52
A09A   235.4   96.9  0  0    0.18    1.28
A10A   127.4  102.6  0  0    0.00    0.00
             280  16   8   8 1
AEC1   152.1  101.2  1 -1    0.00    0.00
A01A    12.6   84.1  1 -1    0.00    0.00
A02A   301.2   59.1  1 -1    0.00    0.00
A03A    94.3   63.7  1  1    0.00    0.00
A06A   182.3   53.6 -1 -1    0.00    0.00
A08A   168.2   89.4 -1 -1    0.00    0.00
A09A   235.7   96.7  1  1    0.00    0.00
A10A   127.3  102.2 -1 -1    0.00    0.00
AEC1   152.1  101.2  0  0   -0.31    1.13
A01A    12.6   84.1  0  0   -0.42    1.37
A02A   301.2   59.1  0  0   -0.07    0.79
A03A    94.3   63.7  0  0   -0.44    1.90
A06A   182.3   53.6  0  0    0.08    0.19
A08A   168.2   89.4  0  0   -0.21    2.15
A09A   235.7   96.7  0  0    0.05    1.27
A10A   127.3  102.2  0  0    0.00    0.00
             281  16   9   7 1
ACC1   175.2  101.1 -1 -1    0.00    0.00
AEC1   152.1  106.6  1 -1    0.00    0.00
A01A    12.9   90.6  1 -1    0.00    0.00
A02A   300.8   66.9  1  1    0.00    0.00
A03A    94.9   72.3  1  1    0.00    0.00
A06A   181.6   62.3 -1 -1    0.00    0.00
A08A   168.0   95.4 -1 -1    0.00    0.00
A10A   127.4  108.6 -1  1    0.00    0.00
A14A   177.4  113.1 -1 -1    0.00    0.00
A01A    12.9   90.6  0  0   -0.22    2.61
A02A   300.8   66.9  0  0   -0.23    0.90
A03A    94.9   72.3  0  0   -0.71    2.58
A06A   181.6   62.3  0  0   -0.38    0.54
A08A   168.0   95.4  0  0   -0.04    1.46
A10A   127.4  108.6  0  0    0.00    0.00
A14A   177.4  113.1  0  0    0.00    0.00
             282  15   8   7 1
AAS1   236.6   43.2  1 -1    0.00    0.00
AAS2   254.3   67.8 -1 -1    0.00    0.00
ACC1   316.3   71.9 -1 -1    0.00    0.00
AEC1    26.6   49.6  1 -1    0.00    0.00
A05A    10.4   87.7  1 -1    0.00    0.00
A08A   334.6   80.3 -1 -1    0.00    0.00
A10A    50.6   86.1 -1 -1    0.00    0.00
A14A   199.8   90.7 -1 -1    0.00    0.00
AAS1   236.6   43.2  0  0   -0.70    0.70
AAS2   254.3   67.8  0  0   -0.47    0.98
AEC1    26.6   49.6  0  0    0.09    0.20
A05A    10.4   87.7  0  0    0.63    1.79
A08A   334.6   80.3  0  0    0.09    1.18
A10A    50.6   86.1  0  0   -0.73    1.50
A14A   199.8   90.7  0  0   -0.12    2.19
             283  17   9   8 1
AAS1   242.4   47.7  1  1    0.00    0.00
AAS2   256.1   70.3 -1  1    0.00    0.00
ACC1   313.2   73.5 -1  1    0.00    0.00
AEC3   122.8   24.0 -1 -1    0.00    0.00
A07A   313.9   92.0  1  1    0.00    0.00
A08A   331.4   80.8  1  1    0.00    0.00
A09A   300.6   98.2 -1  1    0.00    0.00
A10A    48.3   84.3 -1 -1    0.00    0.00
A14A   202.3   90.7 -1 -1    0.00    0.00
AAS1   242.4   47.7  0  0   -0.60    0.81
AAS2   256.1   70.3  0  0   -0.12    1.09
AEC3   122.8   24.0  0  0   -0.32    1.04
A07A   313.9   92.0  0  0    0.00    0.00
A08A   331.4   80.8  0  0   -0.07    1.23
A09A   300.6   98.2  0  0    0.00    0.00
A10A    48.3   84.3  0  0   -1.27    1.33
A14A   202.3   90.7  0  0    0.00    2.07
             284  20  11   9 1
AAS1   330.8   72.4  1  1    0.00    0.00
AAS2   303.0   90.0 -1  1    0.00    0.00
ACC1   338.3  103.9  1  1    0.00    0.00
AEC1    16.7  100.2 -1 -1    0.00    0.00
AEC2    36.2   91.7 -1 -1    0.00    0.00
AEC3    34.3   82.6 -1 -1    0.00    0.00
AID1    75.1   63.5  1 -1    0.00    0.00
A08A   347.0  107.7 -1  1    0.00    0.00
A11A   308.0  107.9  1  1    0.00    0.00
A12A   249.6   95.3 -1 -1    0.00    0.00
A14A   206.3   98.8 -1 -1    0.00    0.00
AAS1   330.8   72.4  0  0   -0.30    0.90
AAS2   303.0   90.0  0  0    0.02    2.08
AEC1    16.7  100.2  0  0    0.16    1.15
AEC3    34.3   82.6  0  0   -0.16    1.24
AID1    75.1   63.5  0  0   -0.00    0.91
A08A   347.0  107.7  0  0    0.00    0.00
A11A   308.0  107.9  0  0    0.00    0.00
A12A   249.6   95.3  0  0   -0.10    1.35
A14A   206.3   98.8  0  0   -0.51    1.18
             285  16   9   7 1
AAS1   331.9   74.9  1 -1    0.00    0.00
AAS2   304.4   91.0 -1  1    0.00    0.00
ACC1   338.6  104.6 -1 -1    0.00    0.00
AEC2    34.9   92.8  1 -1    0.00    0.00
AEC3    32.6   84.1 -1 -1    0.00    0.00
A08A   347.1  108.2 -1 -1    0.00    0.00
A11A   308.6  108.4  1  1    0.00    0.00
A12A   251.3   95.5  1  1    0.00    0.00
A14A   207.2   98.6 -1 -1    0.00    0.00
AAS1   331.9   74.9  0  0   -0.13    0.98
AAS2   304.4   91.0  0  0    0.11    1.79
AEC3    32.6   84.1  0  0   -0.06    1.34
A08A   347.1  108.2  0  0    0.00    0.00
A11A   308.6  108.4  0  0    0.00    0.00
A12A   251.3   95.5  0  0    0.16    1.34
A14A   207.2   98.6  0  0   -0.44    1.19
             286  18  10   8 1
AAS1   331.2   74.2  1 -1    0.00    0.00
AAS2   304.7   90.0 -1 -1    0.00    0.00
ACC1   338.2  103.2 -1 -1    0.00    0.00
AEC2    33.5   91.2  1 -1    0.00    0.00
AEC3    30.9   82.3 -1 -1    0.00    0.00
A05A     9.4  111.2 -1 -1    0.00    0.00
A08A   346.7  106.5 -1 -1    0.00    0.00
A11A   308.6  106.8 -1 -1    0.00    0.00
A12A   252.3   93.8  1 -1    0.00    0.00
A14A   208.2   96.2 -1 -1    0.00    0.00
AAS1   331.2   74.2  0  0   -0.09    0.94
AAS2   304.7   90.0  0  0    0.05    2.32
AEC3    30.9   82.3  0  0   -0.07    1.24
A05A     9.4  111.2  0  0    0.93    0.75
A08A   346.7  106.5  0  0    0.00    0.00
A11A   308.6  106.8  0  0    0.00    0.00
A12A   252.3   93.8  0  0    0.05    1.51
A14A   208.2   96.2  0  0   -0.42    1.33
             287  22  12  10 1
AAS1   330.7   73.4  1  1    0.00    0.00
AAS2   303.2   90.6 -1  1    0.00    0.00
ACC1   338.3  104.3 -1 -1    0.00    0.00
AEC1    16.3  100.6 -1 -1    0.00    0.00
AEC2    35.7   92.1 -1 -1    0.00    0.00
AEC3    33.6   83.1 -1 -1    0.00    0.00
AID1    74.0   63.6  1 -1    0.00    0.00
A05A     9.9  111.8  1 -1    0.00    0.00
A08A   346.9  108.0 -1 -1    0.00    0.00
A11A   308.0  108.3  1  1    0.00    0.00
A12A   250.1   95.6 -1 -1    0.00    0.00
A14A   206.7   99.1 -1 -1    0.00    0.00
AAS1   330.7   73.4  0  0   -0.27    0.92
AAS2   303.2   90.6  0  0    0.09    1.99
AEC1    16.3  100.6  0  0    0.23    1.13
AEC3    33.6   83.1  0  0   -0.08    1.29
AID1    74.0   63.6  0  0    0.00    0.00
A05A     9.9  111.8  0  0    0.70    0.73
A08A   346.9  108.0  0  0    0.00    0.00
A11A   308.0  108.3  0  0    0.00    0.00
A12A   250.1   95.6  0  0   -0.06    1.36
A14A   206.7   99.1  0  0   -0.58    1.17
             288  16   9   7 1
AAS1   331.2   72.9  1  1    0.00    0.00
AAS2   303.4   90.1 -1  1    0.00    0.00
ACC1   338.4  104.0  1  1    0.00    0.00
AEC2    35.9   92.0 -1 -1    0.00    0.00
AEC3    34.0   83.0 -1 -1    0.00    0.00
AID1    74.2   63.7  1 -1    0.00    0.00
A08A   347.1  107.7 -1 -1    0.00    0.00
A12A   250.0   95.2  1 -1    0.00    0.00
A14A   206.4   98.7 -1 -1    0.00    0.00
AAS1   331.2   72.9  0  0   -0.34    0.90
AAS2   303.4   90.1  0  0   -0.10    2.08
AEC3    34.0   83.0  0  0   -0.11    1.27
AID1    74.2   63.7  0  0    0.00    0.00
A08A   347.1  107.7  0  0    0.00    0.00
A12A   250.0   95.2  0  0   -0.07    1.37
A14A   206.4   98.7  0  0   -0.66    1.19
             289  15   8   7 1
AAS1   108.4   67.8  1  1    0.00    0.00
AAS2   141.3   33.7  1  1    0.00    0.00
ACC1    23.4   75.3  1 -1    0.00    0.00
AEC2    87.3   92.7 -1  1    0.00    0.00
AEC3    94.2   90.0  1  1    0.00    0.00
A03A    18.5  106.2 -1 -1    0.00    0.00
A09A   317.4  102.0  1  1    0.00    0.00
A14A   168.1   98.1 -1 -1    0.00    0.00
AAS1   108.4   67.8  0  0   -0.34    1.23
AAS2   141.3   33.7  0  0    0.00    0.00
AEC2    87.3   92.7  0  0   -0.43    1.98
AEC3    94.2   90.0  0  0   -0.25    2.12
A03A    18.5  106.2  0  0    0.00    0.00
A09A   317.4  102.0  0  0   -0.56    1.04
A14A   168.1   98.1  0  0   -0.08    1.26
             290  15   9   6 1
ACC1   195.7   72.9 -1 -1    0.00    0.00
AEC1   157.5   79.6  1 -1    0.00    0.00
AEC2   157.5   86.8 -1 -1    0.00    0.00
A03A    17.7   46.0 -1 -1    0.00    0.00
A06A   280.9   41.7  1  1    0.00    0.00
A07A   241.8   69.9 -1  1    0.00    0.00
A08A   194.4   56.9 -1 -1    0.00    0.00
A09A   257.3   87.3  1  1    0.00    0.00
A10A   121.4   83.8 -1  1    0.00    0.00
A03A    17.7   46.0  0  0   -0.43    0.04
A06A   280.9   41.7  0  0   -0.68    1.27
A07A   241.8   69.9  0  0    0.30    0.92
A08A   194.4   56.9  0  0    0.00    0.00
A09A   257.3   87.3  0  0   -0.91    2.00
A10A   121.4   83.8  0  0    0.00    0.00
             291  15   9   6 1
ACC1   166.2   97.6  1  1    0.00    0.00
AEC1   149.1  100.3  1  1    0.00    0.00
AEC2   150.3  103.0  1  1    0.00    0.00
A01A    42.4   75.1  1 -1    0.00    0.00
A03A   114.5   81.2  1  1    0.00    0.00
A05A   131.0   95.1  1  1    0.00    0.00
A06A   157.9   76.3  1  1    0.00    0.00
A07A   184.2   90.8 -1 -1    0.00    0.00
A08A   159.1   94.2 -1  1    0.00    0.00
A01A    42.4   75.1  0  0    0.32    0.93
A03A   114.5   81.2  0  0   -0.47    1.16
A05A   131.0   95.1  0  0    0.00    0.00
A06A   157.9   76.3  0  0   -0.51    0.97
A07A   184.2   90.8  0  0    0.00    0.00
A08A   159.1   94.2  0  0    0.00    0.00
             292  18  10   8 1
AAS1   184.4   81.3  1  1    0.00    0.00
AAS2   201.8   83.1 -1  1    0.00    0.00
AEC2   149.8   79.4  1  1    0.00    0.00
A03A     4.2   76.0  1  1    0.00    0.00
A05A    55.2   55.0  1  1    0.00    0.00
A07A   277.8   71.9 -1 -1    0.00    0.00
A08A   254.7   27.6  1 -1    0.00    0.00
A10A    99.8   81.2 -1 -1    0.00    0.00
A12A   199.8   93.6  1  1    0.00    0.00
A14A   187.2   97.1 -1  1    0.00    0.00
AAS2   201.8   83.1  0  0    0.07    1.34
A03A     4.2   76.0  0  0   -0.44    0.98
A05A    55.2   55.0  0  0    0.48    0.58
A07A   277.8   71.9  0  0   -0.04    2.33
A08A   254.7   27.6  0  0   -0.24    1.14
A10A    99.8   81.2  0  0   -1.02    1.74
A12A   199.8   93.6  0  0   -1.10    1.57
A14A   187.2   97.1  0  0    0.00    0.00
             293  18  11   7 1
ACC1   210.7   78.3 -1  1    0.00    0.00
AEC1   154.5   85.2  1  1    0.00    0.00
AEC2   155.4   95.4  1  1    0.00    0.00
AEC3   162.3   97.1  1  1    0.00    0.00
A03A     3.5   82.1 -1  1    0.00    0.00
A05A    75.2   60.8 -1 -1    0.00    0.00
A06A   310.6   75.5 -1 -1    0.00    0.00
A07A   264.7   85.7 -1 -1    0.00    0.00
A09A   269.4  103.9 -1 -1    0.00    0.00
A10A   109.5   93.9 -1 -1    0.00    0.00
A11A   235.0   97.8 -1 -1    0.00    0.00
AEC1   154.5   85.2  0  0   -0.44    1.43
A03A     3.5   82.1  0  0   -0.09    1.25
A05A    75.2   60.8  0  0   -0.23    1.13
A06A   310.6   75.5  0  0   -0.17    1.02
A07A   264.7   85.7  0  0   -0.36    1.84
A09A   269.4  103.9  0  0    0.00    0.00
A10A   109.5   93.9  0  0   -0.45    1.75
             294  18  10   8 1
ACC1   267.4   46.7  1 -1    0.00    0.00
AEC1   134.9   28.9  1  1    0.00    0.00
AEC2   147.8   55.2  1  1    0.00    0.00
AEC3   161.1   58.6  1  1    0.00    0.00
AID1   166.8   72.3  1  1    0.00    0.00
A05A    20.1   58.4  1 -1    0.00    0.00
A07A   295.3   74.1  1  1    0.00    0.00
A08A   307.6   46.5  1  1    0.00    0.00
A10A    79.3   68.3 -1 -1    0.00    0.00
A11A   260.9   77.6  1 -1    0.00    0.00
AEC1   134.9   28.9  0  0   -0.41    0.83
AEC2   147.8   55.2  0  0   -0.87    0.45
AEC3   161.1   58.6  0  0   -0.36    0.45
A05A    20.1   58.4  0  0    0.33    0.42
A07A   295.3   74.1  0  0   -0.56    1.04
A08A   307.6   46.5  0  0   -0.42    0.72
A10A    79.3   68.3  0  0   -0.76    1.08
A11A   260.9   77.6  0  0    0.00    0.00
             295  20  11   9 1
ACC1   200.5   69.5 -1 -1    0.00    0.00
AEC1   157.4   76.5  1  1    0.00    0.00
AEC2   157.4   84.9  1 -1    0.00    0.00
A03A     9.6   53.0 -1 -1    0.00    0.00
A05A   104.3   47.6  1  1    0.00    0.00
A06A   293.3   47.7  1  1    0.00    0.00
A07A   249.6   69.7  1  1    0.00    0.00
A08A   202.3   51.0  1  1    0.00    0.00
A09A   261.5   87.6  1  1    0.00    0.00
A10A   118.2   81.8 -1  1    0.00    0.00
A11A   226.7   84.7  1  1    0.00    0.00
AEC1   157.4   76.5  0  0    0.01    0.99
A03A     9.6   53.0  0  0   -0.61    0.16
A05A   104.3   47.6  0  0    0.56    1.51
A06A   293.3   47.7  0  0   -0.17    1.11
A07A   249.6   69.7  0  0   -0.18    0.91
A08A   202.3   51.0  0  0   -0.06    0.16
A09A   261.5   87.6  0  0   -0.63    2.02
A10A   118.2   81.8  0  0   -1.08    1.23
A11A   226.7   84.7  0  0   -0.61    1.50
             296  16   9   7 1
ACC1   201.4   76.6  1  1    0.00    0.00
AEC1   157.1   83.7  1 -1    0.00    0.00
AEC2   157.2   91.3  1 -1    0.00    0.00
A06A   295.7   56.1  1  1    0.00    0.00
A07A   251.2   77.5  1  1    0.00    0.00
A08A   203.8   57.1  1  1    0.00    0.00
A09A   262.4   94.1  1  1    0.00    0.00
A10A   117.4   89.1 -1 -1    0.00    0.00
A11A   227.5   91.3  1  1    0.00    0.00
AEC1   157.1   83.7  0  0   -0.20    1.33
A06A   295.7   56.1  0  0   -0.31    0.92
A07A   251.2   77.5  0  0   -0.23    1.12
A08A   203.8   57.1  0  0    0.15    0.41
A09A   262.4   94.1  0  0   -0.84    1.50
A10A   117.4   89.1  0  0   -0.90    1.96
A11A   227.5   91.3  0  0   -0.59    1.88
             297  15   8   7 1
AEC1   158.0   76.1  1  1    0.00    0.00
AEC2   157.9   84.3  1  1    0.00    0.00
A05A   107.7   47.1  1  1    0.00    0.00
A06A   289.9   45.8  1 -1    0.00    0.00
A07A   247.9   69.0  1  1    0.00    0.00
A08A   201.2   51.7  1 -1    0.00    0.00
A09A   260.5   86.7  1  1    0.00    0.00
A10A   119.3   81.1 -1  1    0.00    0.00
AEC1   158.0   76.1  0  0   -0.42    0.98
A05A   107.7   47.1  0  0    0.15    1.32
A06A   289.9   45.8  0  0   -0.59    1.24
A07A   247.9   69.0  0  0   -0.01    0.88
A08A   201.2   51.7  0  0    0.00    0.00
A09A   260.5   86.7  0  0   -1.07    1.75
A10A   119.3   81.1  0  0   -1.53    1.20
             298  16   9   7 1
AEC1   157.4   85.7  1  1    0.00    0.00
A03A     7.9   64.6  1  1    0.00    0.00
A05A   101.0   55.5  1  1    0.00    0.00
A06A   295.9   58.9  1 -1    0.00    0.00
A07A   251.7   79.9  1  1    0.00    0.00
A08A   205.0   58.9 -1 -1    0.00    0.00
A09A   262.6   95.8  1  1    0.00    0.00
A10A   117.3   91.2 -1  1    0.00    0.00
A11A   227.9   93.3  1  1    0.00    0.00
A03A     7.9   64.6  0  0   -0.36    0.61
A05A   101.0   55.5  0  0    0.37    1.40
A06A   295.9   58.9  0  0   -0.26    0.90
A07A   251.7   79.9  0  0   -0.26    1.22
A08A   205.0   58.9  0  0    0.11    0.48
A09A   262.6   95.8  0  0    0.00    0.00
A11A   227.9   93.3  0  0   -0.26    1.55
             299  14   8   6 1
AEC1   157.3   79.0  1  1    0.00    0.00
A05A   102.3   50.0  1 -1    0.00    0.00
A06A   295.0   51.6  1  1    0.00    0.00
A07A   250.8   72.9  1  1    0.00    0.00
A08A   203.6   53.1  1  1    0.00    0.00
A09A   262.2   90.5  1  1    0.00    0.00
A10A   117.6   84.5 -1 -1    0.00    0.00
A11A   227.3   87.2  1  1    0.00    0.00
AEC1   157.3   79.0  0  0   -0.06    1.08
A05A   102.3   50.0  0  0    0.31    1.56
A06A   295.0   51.6  0  0   -0.29    1.00
A07A   250.8   72.9  0  0   -0.29    0.99
A08A   203.6   53.1  0  0    0.15    0.26
A11A   227.3   87.2  0  0   -0.41    1.86
             300  13   8   5 1
AEC1   157.1   87.1 -1 -1    0.00    0.00
A05A    98.8   57.6  1  1    0.00    0.00
A06A   297.7   61.9  1 -1    0.00    0.00
A07A   252.8   81.5  1  1    0.00    0.00
A08A   205.9   60.0  1  1    0.00    0.00
A09A   263.2   98.5  1  1    0.00    0.00
A10A   116.6   92.7 -1 -1    0.00    0.00
A11A   228.4   95.2  1  1    0.00    0.00
A05A    98.8   57.6  0  0    0.36    2.21
A06A   297.7   61.9  0  0   -0.20    0.95
A07A   252.8   81.5  0  0   -0.27    1.31
A08A   205.9   60.0  0  0    0.12    0.51
A11A   228.4   95.2  0  0   -0.45    1.38
             301  16   9   7 1
ACC1   201.8   69.5 -1  1    0.00    0.00
AEC1   156.8   76.7  1 -1    0.00    0.00
AEC2   157.0   85.4 -1 -1    0.00    0.00
A05A    99.4   48.1  1 -1    0.00    0.00
A06A   297.5   50.7  1  1    0.00    0.00
A07A   252.3   70.8  1  1    0.00    0.00
A08A   204.7   49.8  1  1    0.00    0.00
A10A   116.7   82.7 -1 -1    0.00    0.00
A11A   228.0   85.5  1  1    0.00    0.00
AEC1   156.8   76.7  0  0    0.05    1.00
A05A    99.4   48.1  0  0    0.45    1.26
A06A   297.5   50.7  0  0   -0.27    0.79
A07A   252.3   70.8  0  0   -0.21    1.06
A08A   204.7   49.8  0  0    0.05    0.28
A10A   116.7   82.7  0  0   -1.07    1.27
A11A   228.0   85.5  0  0    0.00    0.00
             302  16   8   8 1
A03A     9.3   66.2 -1 -1    0.00    0.00
A05A   102.2   59.0  1  1    0.00    0.00
A06A   295.2   60.0  1 -1    0.00    0.00
A07A   250.7   81.4  1  1    0.00    0.00
A08A   203.1   61.7  1  1    0.00    0.00
A09A   262.1   98.4  1  1    0.00    0.00
A10A   117.5   93.1 -1  1    0.00    0.00
A11A   227.2   95.4  1  1    0.00    0.00
A03A     9.3   66.2  0  0   -0.54    0.67
A05A   102.2   59.0  0  0    0.43    1.59
A06A   295.2   60.0  0  0   -0.17    1.00
A07A   250.7   81.4  0  0   -0.14    1.29
A08A   203.1   61.7  0  0    0.03    0.55
A09A   262.1   98.4  0  0   -0.22    1.24
A10A   117.5   93.1  0  0   -0.64    1.84
A11A   227.2   95.4  0  0   -0.43    1.38
             303  18   9   9 1
AEC1   157.2   87.2  1 -1    0.00    0.00
A03A     8.3   66.4 -1 -1    0.00    0.00
A05A   100.9   57.5  1  1    0.00    0.00
A06A   296.1   60.4  1  1    0.00    0.00
A07A   251.6   81.1  1  1    0.00    0.00
A08A   204.5   60.5  1  1    0.00    0.00
A09A   262.6   97.8  1  1    0.00    0.00
A10A   117.2   92.5 -1 -1    0.00    0.00
A11A   227.8   94.8  1  1    0.00    0.00
AEC1   157.2   87.2  0  0   -0.19    1.62
A03A     8.3   66.4  0  0   -0.50    0.67
A05A   100.9   57.5  0  0    0.42    1.17
A06A   296.1   60.4  0  0   -0.22    0.83
A07A   251.6   81.1  0  0   -0.22    1.32
A08A   204.5   60.5  0  0    0.12    0.55
A09A   262.6   97.8  0  0    0.00    0.00
A10A   117.2   92.5  0  0   -0.92    2.13
A11A   227.8   94.8  0  0    0.00    0.00
             304  19  10   9 1
AAS2   196.6   91.8 -1 -1    0.00    0.00
ACC1   203.0   72.4 -1 -1    0.00    0.00
AEC1   156.2   79.9  1 -1    0.00    0.00
A06A   300.8   56.3  1  1    0.00    0.00
A07A   254.6   74.8  1  1    0.00    0.00
A08A   207.0   51.5  1  1    0.00    0.00
A09A   264.2   92.5  1  1    0.00    0.00
A10A   115.3   86.4 -1 -1    0.00    0.00
A11A   229.2   88.9  1  1    0.00    0.00
A14A   186.0  100.4  1 -1    0.00    0.00
AAS2   196.6   91.8  0  0   -0.33    1.84
AEC1   156.2   79.9  0  0   -0.00    1.12
A06A   300.8   56.3  0  0    0.00    0.00
A07A   254.6   74.8  0  0   -0.28    1.14
A08A   207.0   51.5  0  0   -0.18    0.34
A09A   264.2   92.5  0  0    0.00    0.00
A10A   115.3   86.4  0  0   -0.95    1.49
A11A   229.2   88.9  0  0    0.00    0.00
A14A   186.0  100.4  0  0    0.00    0.00
             305  21  11  10 1
AAS2   197.2   85.2 -1 -1    0.00    0.00
ACC1   203.9   66.1 -1 -1    0.00    0.00
AEC1   157.7   73.0  1 -1    0.00    0.00
AEC2   157.6   82.3 -1 -1    0.00    0.00
AEC3   163.7   83.8  1 -1    0.00    0.00
A05A    97.6   43.1  1  1    0.00    0.00
A06A   298.0   49.9  1  1    0.00    0.00
A07A   253.9   68.5  1  1    0.00    0.00
A08A   208.3   46.6  1 -1    0.00    0.00
A09A   263.7   86.6  1  1    0.00    0.00
A10A   116.4   79.3 -1  1    0.00    0.00
AAS2   197.2   85.2  0  0    0.00    0.00
ACC1   203.9   66.1  0  0    0.05    0.69
AEC1   157.7   73.0  0  0   -0.16    0.87
AEC3   163.7   83.8  0  0    0.06    1.34
A05A    97.6   43.1  0  0    0.67    1.98
A06A   298.0   49.9  0  0   -0.29    0.91
A07A   253.9   68.5  0  0   -0.46    0.96
A08A   208.3   46.6  0  0   -0.18    0.20
A09A   263.7   86.6  0  0    0.00    0.00
A10A   116.4   79.3  0  0   -0.99    1.13
             306  19  10   9 1
AAS2   196.2   85.9 -1 -1    0.00    0.00
ACC1   201.9   67.3 -1 -1    0.00    0.00
AEC1   157.1   74.5  1 -1    0.00    0.00
A03A     8.2   54.3 -1 -1    0.00    0.00
A05A   100.2   45.6  1  1    0.00    0.00
A06A   296.7   48.5  1  1    0.00    0.00
A07A   252.0   68.6  1  1    0.00    0.00
A08A   204.8   48.0  1 -1    0.00    0.00
A10A   117.0   80.5 -1  1    0.00    0.00
A11A   228.0   83.6  1 -1    0.00    0.00
AAS2   196.2   85.9  0  0   -0.22    1.58
AEC1   157.1   74.5  0  0    0.01    0.91
A03A     8.2   54.3  0  0   -0.24    0.23
A05A   100.2   45.6  0  0    0.54    2.10
A06A   296.7   48.5  0  0   -0.20    1.02
A07A   252.0   68.6  0  0   -0.21    0.91
A08A   204.8   48.0  0  0   -0.24    0.09
A10A   117.0   80.5  0  0   -1.09    1.17
A11A   228.0   83.6  0  0   -0.74    1.43
             307  15   8   7 1
AEC1   157.7   78.1  1  1    0.00    0.00
A03A     7.0   58.1  1 -1    0.00    0.00
A05A   100.5   48.3  1 -1    0.00    0.00
A06A   296.1   53.1  1  1    0.00    0.00
A07A   252.3   73.0  1  1    0.00    0.00
A08A   206.1   52.2  1  1    0.00    0.00
A09A   262.8   90.5  1  1    0.00    0.00
A10A   117.2   83.8 -1 -1    0.00    0.00
AEC1   157.7   78.1  0  0   -0.15    1.04
A03A     7.0   58.1  0  0   -0.30    0.40
A05A   100.5   48.3  0  0    0.45    1.77
A06A   296.1   53.1  0  0   -0.29    0.98
A07A   252.3   73.0  0  0   -0.19    1.00
A08A   206.1   52.2  0  0   -0.04    0.26
A09A   262.8   90.5  0  0    0.00    0.00
             308  16  10   6 1
ACC1   201.2   77.5  1  1    0.00    0.00
AEC1   156.8   84.9  1  1    0.00    0.00
AEC2   157.0   92.4  1 -1    0.00    0.00
A03A     9.1   63.8 -1 -1    0.00    0.00
A06A   296.5   57.2  1 -1    0.00    0.00
A07A   251.5   78.5  1  1    0.00    0.00
A08A   203.7   57.6  1  1    0.00    0.00
A09A   262.5   95.0  1  1    0.00    0.00
A10A   117.0   90.4 -1  1    0.00    0.00
A11A   227.6   92.4  1  1    0.00    0.00
A03A     9.1   63.8  0  0   -0.35    0.59
A06A   296.5   57.2  0  0   -0.26    0.89
A07A   251.5   78.5  0  0   -0.20    1.15
A08A   203.7   57.6  0  0    0.13    0.43
A09A   262.5   95.0  0  0   -0.60    1.46
A11A   227.6   92.4  0  0   -0.71    1.72
             309  15   9   6 1
AEC1   168.1  122.7  1  1    0.00    0.00
A03A   166.4   21.6 -1 -1    0.00    0.00
A05A   152.0  111.7  1  1    0.00    0.00
A06A   231.3  108.2  1  1    0.00    0.00
A07A   224.9  119.8  1  1    0.00    0.00
A08A   194.3  117.9  1  1    0.00    0.00
A09A   243.8  123.9  1  1    0.00    0.00
A10A   138.6  122.6 -1  1    0.00    0.00
A11A   215.5  124.4  1  1    0.00    0.00
A03A   166.4   21.6  0  0    0.00    0.00
A05A   152.0  111.7  0  0    0.16    0.76
A06A   231.3  108.2  0  0   -0.19    0.86
A07A   224.9  119.8  0  0   -0.37    0.57
A08A   194.3  117.9  0  0    0.22    0.54
A09A   243.8  123.9  0  0    0.00    0.00
             310  17   9   8 1
AEC1   156.4   89.3 -1 -1    0.00    0.00
A03A     8.9   70.7  1 -1    0.00    0.00
A05A    98.6   61.2  1  1    0.00    0.00
A06A   298.3   63.7  1 -1    0.00    0.00
A07A   252.6   83.1  1  1    0.00    0.00
A08A   204.5   62.2  1  1    0.00    0.00
A09A   263.2  101.5  1  1    0.00    0.00
A10A   116.3   94.6 -1 -1    0.00    0.00
A11A   228.1   97.2  1  1    0.00    0.00
AEC1   156.4   89.3  0  0   -0.23    2.03
A03A     8.9   70.7  0  0   -0.46    0.80
A05A    98.6   61.2  0  0    0.11    2.36
A06A   298.3   63.7  0  0   -0.19    0.94
A07A   252.6   83.1  0  0   -0.49    1.41
A08A   204.5   62.2  0  0   -0.11    0.57
A09A   263.2  101.5  0  0    0.00    0.00
A11A   228.1   97.2  0  0   -0.48    1.24
             311  17  10   7 1
ACC1   201.4   77.3  1  1    0.00    0.00
AEC1   156.7   84.7  1 -1    0.00    0.00
A03A     9.0   64.2  1  1    0.00    0.00
A05A   100.0   55.5  1 -1    0.00    0.00
A06A   297.1   57.4  1 -1    0.00    0.00
A07A   251.9   78.4  1  1    0.00    0.00
A08A   203.9   57.2  1  1    0.00    0.00
A09A   262.8   95.0  1  1    0.00    0.00
A10A   116.8   90.4 -1 -1    0.00    0.00
A11A   227.7   92.3  1  1    0.00    0.00
A03A     9.0   64.2  0  0   -0.64    0.60
A05A   100.0   55.5  0  0    0.19    1.86
A06A   297.1   57.4  0  0   -0.21    0.95
A07A   251.9   78.4  0  0   -0.45    1.16
A08A   203.9   57.2  0  0    0.10    0.41
A10A   116.8   90.4  0  0   -0.97    2.18
A11A   227.7   92.3  0  0   -0.72    1.64
             312  12   8   4 1
ACC1   207.8   68.0  1  1    0.00    0.00
AEC1   154.2   76.2  1 -1    0.00    0.00
AEC2   155.2   86.7 -1 -1    0.00    0.00
A05A    80.4   50.4  1  1    0.00    0.00
A07A   262.2   74.6  1  1    0.00    0.00
A08A   217.4   43.9  1  1    0.00    0.00
A10A   110.8   85.2 -1 -1    0.00    0.00
A11A   233.3   88.1  1  1    0.00    0.00
A05A    80.4   50.4  0  0   -0.05    1.33
A07A   262.2   74.6  0  0   -0.38    1.38
A08A   217.4   43.9  0  0   -0.44    0.47
A11A   233.3   88.1  0  0    0.00    0.00
             313  15   9   6 1
AEC1   156.3   91.2  1  1    0.00    0.00
A03A     8.8   73.7  1  1    0.00    0.00
A05A    97.9   63.9  1  1    0.00    0.00
A06A   298.9   66.7  1 -1    0.00    0.00
A07A   253.0   85.3  1  1    0.00    0.00
A08A   204.8   64.5  1  1    0.00    0.00
A09A   263.4  103.3  1  1    0.00    0.00
A10A   116.1   96.3 -1 -1    0.00    0.00
A11A   228.3   99.0  1  1    0.00    0.00
A03A     8.8   73.7  0  0    0.24    0.90
A05A    97.9   63.9  0  0    0.22    1.60
A06A   298.9   66.7  0  0   -0.04    0.89
A07A   253.0   85.3  0  0   -0.31    1.59
A08A   204.8   64.5  0  0   -0.17    0.64
A11A   228.3   99.0  0  0   -0.59    1.17
             314  15   8   7 1
A03A     8.4   63.6 -1 -1    0.00    0.00
A05A   101.7   55.3  1  1    0.00    0.00
A06A   295.4   57.9  1 -1    0.00    0.00
A07A   251.3   79.2  1  1    0.00    0.00
A08A   204.3   58.6  1  1    0.00    0.00
A09A   262.4   95.3  1  1    0.00    0.00
A10A   117.4   90.7 -1 -1    0.00    0.00
A11A   227.6   92.8  1  1    0.00    0.00
A03A     8.4   63.6  0  0   -0.49    0.59
A05A   101.7   55.3  0  0    0.43    1.62
A06A   295.4   57.9  0  0   -0.23    0.99
A07A   251.3   79.2  0  0   -0.28    1.19
A08A   204.3   58.6  0  0    0.05    0.46
A10A   117.4   90.7  0  0   -0.74    2.41
A11A   227.6   92.8  0  0   -0.60    1.60
             315  18  10   8 1
AEC1   156.8   82.0  1  1    0.00    0.00
AEC2   157.0   89.8  1  1    0.00    0.00
AEC3   162.9   91.6  1  1    0.00    0.00
A05A   100.7   53.1  1  1    0.00    0.00
A06A   296.5   54.6  1  1    0.00    0.00
A07A   251.5   75.7  1  1    0.00    0.00
A08A   203.7   55.1  1 -1    0.00    0.00
A09A   262.5   92.9  1  1    0.00    0.00
A10A   117.0   87.6 -1  1    0.00    0.00
A11A   227.6   89.8  1  1    0.00    0.00
AEC1   156.8   82.0  0  0   -0.01    1.23
AEC3   162.9   91.6  0  0    0.09    2.03
A05A   100.7   53.1  0  0    0.48    1.52
A06A   296.5   54.6  0  0   -0.23    0.92
A07A   251.5   75.7  0  0   -0.13    1.06
A08A   203.7   55.1  0  0    0.18    0.34
A10A   117.0   87.6  0  0   -1.05    1.67
A11A   227.6   89.8  0  0   -0.55    2.61
             316  15   8   7 1
AEC1   156.9   87.9  1 -1    0.00    0.00
A05A   100.1   59.0  1  1    0.00    0.00
A06A   296.9   61.5  1 -1    0.00    0.00
A07A   251.9   81.8  1  1    0.00    0.00
A08A   204.4   61.1  1  1    0.00    0.00
A09A   262.8   99.1  1  1    0.00    0.00
A10A   116.9   93.3 -1 -1    0.00    0.00
A11A   227.9   95.7  1  1    0.00    0.00
A05A   100.1   59.0  0  0    0.39    1.81
A06A   296.9   61.5  0  0   -0.19    0.95
A07A   251.9   81.8  0  0   -0.30    1.32
A08A   204.4   61.1  0  0    0.06    0.54
A09A   262.8   99.1  0  0    0.00    0.00
A10A   116.9   93.3  0  0   -0.83    1.84
A11A   227.9   95.7  0  0   -0.33    1.34
             317  17   9   8 1
ACC1   201.3   66.9 -1  1    0.00    0.00
AEC1   157.6   73.9  1 -1    0.00    0.00
A03A     8.6   51.5 -1 -1    0.00    0.00
A06A   294.2   46.5  1 -1    0.00    0.00
A07A   250.6   67.7  1  1    0.00    0.00
A08A   203.7   48.4  1  1    0.00    0.00
A09A   262.0   85.9  1  1    0.00    0.00
A10A   117.9   79.6 -1 -1    0.00    0.00
A11A   227.3   82.8  1  1    0.00    0.00
AEC1   157.6   73.9  0  0    0.06    0.89
A03A     8.6   51.5  0  0   -0.05    0.09
A06A   294.2   46.5  0  0   -0.18    0.88
A07A   250.6   67.7  0  0   -0.22    1.00
A08A   203.7   48.4  0  0    0.16    0.25
A09A   262.0   85.9  0  0    0.00    0.00
A10A   117.9   79.6  0  0   -1.32    1.10
A11A   227.3   82.8  0  0   -0.56    1.37
             318  13   8   5 1
ACC1   202.1   68.6  1  1    0.00    0.00
AEC1   157.0   75.7  1 -1    0.00    0.00
A05A    99.5   46.9  1  1    0.00    0.00
A07A   252.4   70.0  1  1    0.00    0.00
A08A   205.1   49.0  1  1    0.00    0.00
A09A   263.0   88.1  1  1    0.00    0.00
A10A   116.7   81.7 -1 -1    0.00    0.00
A11A   228.1   84.8  1  1    0.00    0.00
AEC1   157.0   75.7  0  0    0.06    0.95
A05A    99.5   46.9  0  0    0.39    2.01
A07A   252.4   70.0  0  0   -0.15    0.94
A08A   205.1   49.0  0  0    0.11    0.14
A11A   228.1   84.8  0  0   -0.78    1.53
             319  17   9   8 1
ACC1   203.0   71.8 -1 -1    0.00    0.00
AEC1   157.5   78.5  1 -1    0.00    0.00
A05A    99.0   48.8  1 -1    0.00    0.00
A06A   297.2   54.2  1  1    0.00    0.00
A07A   253.0   73.6  1  1    0.00    0.00
A08A   206.7   52.1 -1 -1    0.00    0.00
A09A   263.2   91.1  1  1    0.00    0.00
A10A   116.7   84.4 -1  1    0.00    0.00
A11A   228.6   87.5  1  1    0.00    0.00
AEC1   157.5   78.5  0  0   -0.13    1.07
A05A    99.0   48.8  0  0    0.49    1.71
A06A   297.2   54.2  0  0   -0.43    0.90
A07A   253.0   73.6  0  0   -0.28    1.02
A08A   206.7   52.1  0  0    0.22    0.27
A09A   263.2   91.1  0  0    0.00    0.00
A10A   116.7   84.4  0  0   -0.79    1.38
A11A   228.6   87.5  0  0    0.00    0.00
             320  16   9   7 1
ACC1   203.2   80.5  1  1    0.00    0.00
AEC1   156.9   87.7  1 -1    0.00    0.00
A05A    96.6   58.5  1  1    0.00    0.00
A06A   299.2   64.3  1 -1    0.00    0.00
A07A   254.0   82.6  1  1    0.00    0.00
A08A   207.3   60.4  1  1    0.00    0.00
A09A   263.8  100.3  1  1    0.00    0.00
A10A   115.9   93.4 -1 -1    0.00    0.00
A11A   229.1   96.3  1  1    0.00    0.00
AEC1   156.9   87.7  0  0    0.05    1.69
A05A    96.6   58.5  0  0    0.53    2.21
A06A   299.2   64.3  0  0   -0.21    0.93
A07A   254.0   82.6  0  0   -0.23    1.38
A08A   207.3   60.4  0  0   -0.22    0.52
A10A   115.9   93.4  0  0   -0.59    1.83
A11A   229.1   96.3  0  0   -0.77    1.30
             321  15   8   7 1
ACC1   199.1   68.3 -1  1    0.00    0.00
A05A   105.8   47.6  1 -1    0.00    0.00
A06A   292.0   44.7  1  1    0.00    0.00
A07A   248.2   67.8  1  1    0.00    0.00
A08A   200.0   50.2  1  1    0.00    0.00
A09A   260.8   86.1  1  1    0.00    0.00
A10A   118.5   80.9 -1 -1    0.00    0.00
A11A   225.8   83.4  1  1    0.00    0.00
A05A   105.8   47.6  0  0    0.48    1.05
A06A   292.0   44.7  0  0   -0.07    0.92
A07A   248.2   67.8  0  0   -0.04    0.96
A08A   200.0   50.2  0  0    0.02    0.21
A09A   260.8   86.1  0  0    0.00    0.00
A10A   118.5   80.9  0  0   -0.59    1.18
A11A   225.8   83.4  0  0    0.00    0.00
             322  14   8   6 1
AEC1   156.3   81.3 -1 -1    0.00    0.00
A03A    10.4   60.1 -1 -1    0.00    0.00
A05A   101.2   53.2  1  1    0.00    0.00
A06A   296.5   52.7  1  1    0.00    0.00
A07A   250.8   74.4  1  1    0.00    0.00
A08A   202.1   54.3  1  1    0.00    0.00
A09A   262.3   92.1  1  1    0.00    0.00
A10A   117.0   86.9 -1  1    0.00    0.00
A03A    10.4   60.1  0  0   -0.11    0.47
A05A   101.2   53.2  0  0    0.49    1.75
A06A   296.5   52.7  0  0   -0.16    0.99
A07A   250.8   74.4  0  0   -0.19    1.03
A08A   202.1   54.3  0  0    0.05    0.30
A09A   262.3   92.1  0  0    0.00    0.00
             323  18  10   8 1
AEC1   158.0   73.2  1 -1    0.00    0.00
AEC2   157.8   82.0 -1 -1    0.00    0.00
A03A     8.9   49.1 -1 -1    0.00    0.00
A05A   105.2   43.9  1 -1    0.00    0.00
A06A   292.3   44.8  1  1    0.00    0.00
A07A   249.5   66.6  1  1    0.00    0.00
A08A   202.9   48.2  1  1    0.00    0.00
A09A   261.4   85.0  1  1    0.00    0.00
A10A   118.6   78.6 -1 -1    0.00    0.00
A11A   226.8   82.0  1  1    0.00    0.00
AEC1   158.0   73.2  0  0   -0.16    0.88
A03A     8.9   49.1  0  0   -0.44   -0.03
A05A   105.2   43.9  0  0    0.42    1.09
A06A   292.3   44.8  0  0   -0.21    0.92
A07A   249.5   66.6  0  0   -0.33    0.98
A08A   202.9   48.2  0  0    0.03    0.23
A10A   118.6   78.6  0  0   -1.22    1.09
A11A   226.8   82.0  0  0   -0.61    1.28
             324  15   9   6 1
ACC1   201.5   80.2  1  1    0.00    0.00
AEC1   157.0   87.4 -1 -1    0.00    0.00
A05A   100.8   58.2  1  1    0.00    0.00
A06A   296.3   60.4  1 -1    0.00    0.00
A07A   251.6   81.2  1  1    0.00    0.00
A08A   204.1   60.7  1  1    0.00    0.00
A09A   262.6   98.1  1  1    0.00    0.00
A10A   117.1   92.8 -1 -1    0.00    0.00
A11A   227.7   95.0  1  1    0.00    0.00
A05A   100.8   58.2  0  0    0.49    1.72
A06A   296.3   60.4  0  0   -0.04    0.97
A07A   251.6   81.2  0  0   -0.13    1.27
A08A   204.1   60.7  0  0   -0.25    0.52
A09A   262.6   98.1  0  0   -0.30    1.26
A11A   227.7   95.0  0  0   -0.20    1.40
             325  14   8   6 1
ACC1   203.7   77.9  1  1    0.00    0.00
A03A     6.6   67.9 -1 -1    0.00    0.00
A06A   299.6   61.8  1 -1    0.00    0.00
A07A   254.5   80.5  1  1    0.00    0.00
A08A   208.1   57.1  1  1    0.00    0.00
A09A   264.1   96.8  1  1    0.00    0.00
A10A   115.8   91.5 -1  1    0.00    0.00
A11A   229.4   93.8  1  1    0.00    0.00
A03A     6.6   67.9  0  0    0.68    0.72
A06A   299.6   61.8  0  0   -0.38    0.90
A07A   254.5   80.5  0  0   -0.15    1.26
A08A   208.1   57.1  0  0   -0.04    0.43
A09A   264.1   96.8  0  0    0.00    0.00
A11A   229.4   93.8  0  0    0.00    0.00
             326  15   8   7 1
A03A    10.7   69.9 -1 -1    0.00    0.00
A05A   103.2   64.5  1  1    0.00    0.00
A06A   294.6   63.1  1  1    0.00    0.00
A07A   249.7   84.6  1  1    0.00    0.00
A08A   201.3   66.6  1 -1    0.00    0.00
A09A   261.7  102.9  1  1    0.00    0.00
A10A   117.7   96.3 -1  1    0.00    0.00
A11A   226.5   98.9  1  1    0.00    0.00
A03A    10.7   69.9  0  0   -0.57    0.77
A05A   103.2   64.5  0  0    0.19    1.31
A06A   294.6   63.1  0  0   -0.27    0.96
A07A   249.7   84.6  0  0   -0.45    1.55
A08A   201.3   66.6  0  0    0.43    0.70
A09A   261.7  102.9  0  0    0.00    0.00
A11A   226.5   98.9  0  0    0.00    0.00
             327  18  10   8 1
ACC1   203.1   84.1  1  1    0.00    0.00
AEC1   157.0   90.8  1 -1    0.00    0.00
A03A     7.1   73.9  1 -1    0.00    0.00
A05A    97.4   62.5  1  1    0.00    0.00
A06A   298.6   68.0  1  1    0.00    0.00
A07A   253.7   85.8  1  1    0.00    0.00
A08A   206.9   64.7  1  1    0.00    0.00
A09A   263.6  103.6  1  1    0.00    0.00
A10A   116.2   95.9 -1  1    0.00    0.00
A11A   228.9   99.2  1  1    0.00    0.00
A03A     7.1   73.9  0  0   -0.69    0.91
A05A    97.4   62.5  0  0    0.15    3.21
A06A   298.6   68.0  0  0    0.05    0.96
A07A   253.7   85.8  0  0   -0.60    1.65
A08A   206.9   64.7  0  0    0.01    0.64
A09A   263.6  103.6  0  0    0.00    0.00
A10A   116.2   95.9  0  0   -0.88    1.47
A11A   228.9   99.2  0  0    0.00    0.00
             328  16   8   8 1
A03A    10.0   63.2 -1 -1    0.00    0.00
A05A   101.3   56.0  1  1    0.00    0.00
A06A   296.3   56.1  1 -1    0.00    0.00
A07A   250.9   77.9  1  1    0.00    0.00
A08A   202.5   57.5  1  1    0.00    0.00
A09A   262.3   94.7  1  1    0.00    0.00
A10A   117.1   90.3 -1 -1    0.00    0.00
A11A   227.2   92.1  1  1    0.00    0.00
A03A    10.0   63.2  0  0   -0.33    0.57
A05A   101.3   56.0  0  0    0.40    1.67
A06A   296.3   56.1  0  0   -0.29    0.97
A07A   250.9   77.9  0  0   -0.11    1.14
A08A   202.5   57.5  0  0   -0.19    0.42
A09A   262.3   94.7  0  0    0.00    0.00
A10A   117.1   90.3  0  0   -0.65    2.21
A11A   227.2   92.1  0  0   -0.35    1.70
             329  17  10   7 1
ACC1   200.3   69.7 -1  1    0.00    0.00
AEC1   156.8   77.0  1  1    0.00    0.00
A03A    10.2   54.6  1 -1    0.00    0.00
A05A   102.7   48.7  1 -1    0.00    0.00
A06A   295.0   48.3  1 -1    0.00    0.00
A07A   250.2   70.0  1  1    0.00    0.00
A08A   202.0   50.8  1  1    0.00    0.00
A09A   261.9   88.1  1  1    0.00    0.00
A10A   117.6   82.5 -1  1    0.00    0.00
A11A   226.8   85.1  1  1    0.00    0.00
A03A    10.2   54.6  0  0   -0.49    0.25
A05A   102.7   48.7  0  0    0.22    1.55
A06A   295.0   48.3  0  0   -0.25    1.03
A07A   250.2   70.0  0  0   -0.29    0.93
A08A   202.0   50.8  0  0    0.11    0.16
A09A   261.9   88.1  0  0   -0.66    2.35
A11A   226.8   85.1  0  0   -0.79    1.55
             330  17  10   7 1
AAS2   196.3   88.0 -1  1    0.00    0.00
ACC1   202.2   69.6  1  1    0.00    0.00
AEC1   157.3   76.6  1 -1    0.00    0.00
AEC2   157.4   85.3  1 -1    0.00    0.00
A05A   100.3   47.3  1 -1    0.00    0.00
A06A   296.5   50.8  1 -1    0.00    0.00
A07A   252.1   71.0  1  1    0.00    0.00
A08A   205.3   50.2  1  1    0.00    0.00
A10A   117.1   82.4 -1 -1    0.00    0.00
A11A   228.1   85.5  1  1    0.00    0.00
AEC1   157.3   76.6  0  0    0.00    0.99
A05A   100.3   47.3  0  0    0.55    1.24
A06A   296.5   50.8  0  0   -0.23    0.81
A07A   252.1   71.0  0  0   -0.21    1.05
A08A   205.3   50.2  0  0   -0.28    0.29
A10A   117.1   82.4  0  0   -1.15    1.24
A11A   228.1   85.5  0  0   -0.64    1.59
             331  14   8   6 1
AEC1   158.4   90.6  1  1    0.00    0.00
A05A   105.5   61.1 -1 -1    0.00    0.00
A06A   291.9   63.4  1 -1    0.00    0.00
A07A   249.7   84.5 -1 -1    0.00    0.00
A08A   203.8   66.7  1  1    0.00    0.00
A09A   261.4  102.3  1 -1    0.00    0.00
A10A   118.8   95.0 -1 -1    0.00    0.00
A11A   227.0   98.4  1  1    0.00    0.00
A05A   105.5   61.1  0  0    0.40    0.99
A06A   291.9   63.4  0  0   -0.85    0.89
A07A   249.7   84.5  0  0    0.27    1.56
A08A   203.8   66.7  0  0    0.22    0.72
A09A   261.4  102.3  0  0   -0.58    1.38
A11A   227.0   98.4  0  0   -0.28    1.18
             332  14   9   5 1
ACC1   200.0   74.6 -1  1    0.00    0.00
AEC1   157.9   81.1  1 -1    0.00    0.00
AEC2   157.8   88.9 -1 -1    0.00    0.00
A05A   107.0   52.1 -1 -1    0.00    0.00
A06A   290.6   51.0  1  1    0.00    0.00
A07A   248.2   74.3 -1  1    0.00    0.00
A08A   201.4   56.6  1  1    0.00    0.00
A10A   119.1   85.9 -1 -1    0.00    0.00
A11A   226.0   88.4  1  1    0.00    0.00
A05A   107.0   52.1  0  0    0.39    1.17
A06A   290.6   51.0  0  0   -0.84    1.06
A07A   248.2   74.3  0  0    0.26    1.01
A08A   201.4   56.6  0  0    0.01    0.38
A11A   226.0   88.4  0  0   -0.81    2.11
             333  16  10   6 1
ACC1   201.3   77.0 -1 -1    0.00    0.00
AEC1   156.3   84.6  1 -1    0.00    0.00
AEC2   156.7   92.2 -1 -1    0.00    0.00
A05A    99.2   55.7  1 -1    0.00    0.00
A06A   298.0   57.3  1  1    0.00    0.00
A07A   252.1   78.2  1  1    0.00    0.00
A08A   203.8   56.7  1 -1    0.00    0.00
A09A   262.9   94.9  1  1    0.00    0.00
A10A   116.5   90.4 -1 -1    0.00    0.00
A11A   227.8   92.2  1  1    0.00    0.00
AEC1   156.3   84.6  0  0   -0.31    1.38
A05A    99.2   55.7  0  0    0.20    1.61
A06A   298.0   57.3  0  0   -0.21    0.88
A07A   252.1   78.2  0  0   -0.45    1.16
A08A   203.8   56.7  0  0    0.14    0.40
A11A   227.8   92.2  0  0   -1.11    1.67
             334  17   9   8 1
AEC1   157.7   84.5  1 -1    0.00    0.00
AEC2   157.7   91.7 -1 -1    0.00    0.00
A03A     9.3   60.2 -1 -1    0.00    0.00
A05A   105.1   54.8 -1 -1    0.00    0.00
A06A   292.4   55.2  1  1    0.00    0.00
A07A   249.4   77.9 -1  1    0.00    0.00
A08A   202.5   59.0  1  1    0.00    0.00
A09A   261.3   94.2  1  1    0.00    0.00
A11A   226.6   91.6  1  1    0.00    0.00
AEC1   157.7   84.5  0  0   -0.29    1.38
A03A     9.3   60.2  0  0   -0.29    0.48
A05A   105.1   54.8  0  0    0.43    1.04
A06A   292.4   55.2  0  0   -0.79    0.87
A07A   249.4   77.9  0  0    0.28    1.16
A08A   202.5   59.0  0  0    0.05    0.49
A09A   261.3   94.2  0  0   -0.31    1.52
A11A   226.6   91.6  0  0   -0.53    1.78
             335  16   8   8 1
A03A    10.5   80.6  1  1    0.00    0.00
A05A   101.9   74.3  1  1    0.00    0.00
A06A   295.9   73.6  1 -1    0.00    0.00
A07A   250.5   93.3  1  1    0.00    0.00
A08A   201.8   75.8  1  1    0.00    0.00
A09A   262.1  106.2  1  1    0.00    0.00
A10A   117.3  103.0 -1 -1    0.00    0.00
A11A   226.9  104.3  1  1    0.00    0.00
A03A    10.5   80.6  0  0   -0.55    1.17
A05A   101.9   74.3  0  0    0.06    1.54
A06A   295.9   73.6  0  0   -0.24    1.06
A07A   250.5   93.3  0  0   -0.68    1.56
A08A   201.8   75.8  0  0    0.13    0.98
A09A   262.1  106.2  0  0    0.00    0.00
A10A   117.3  103.0  0  0    0.00    0.00
A11A   226.9  104.3  0  0   -0.80    0.96
             336  16   8   8 1
AEC1   156.7   91.6  1 -1    0.00    0.00
A03A    10.1   71.1 -1 -1    0.00    0.00
A05A   102.0   64.5  1  1    0.00    0.00
A06A   295.7   64.3  1 -1    0.00    0.00
A07A   250.6   85.0  1  1    0.00    0.00
A09A   262.1  103.1  1  1    0.00    0.00
A10A   117.3   96.4 -1  1    0.00    0.00
A11A   227.0   99.1  1  1    0.00    0.00
AEC1   156.7   91.6  0  0   -0.13    2.11
A03A    10.1   71.1  0  0    0.00    0.00
A05A   102.0   64.5  0  0   -0.01    1.62
A06A   295.7   64.3  0  0   -0.65    1.00
A07A   250.6   85.0  0  0   -0.59    1.56
A09A   262.1  103.1  0  0    0.00    0.00
A10A   117.3   96.4  0  0    0.00    0.00
A11A   227.0   99.1  0  0    0.00    0.00
             337  18   9   9 1
AEC1   156.4   86.8  1 -1    0.00    0.00
A03A     8.9   67.5  1  1    0.00    0.00
A05A    98.6   57.9  1  1    0.00    0.00
A06A   298.3   60.5  1 -1    0.00    0.00
A07A   252.6   80.6  1  1    0.00    0.00
A08A   204.5   59.0  1  1    0.00    0.00
A09A   263.2   97.6  1  1    0.00    0.00
A10A   116.3   92.5 -1 -1    0.00    0.00
A11A   228.1   94.6  1  1    0.00    0.00
AEC1   156.4   86.8  0  0   -0.28    1.58
A03A     8.9   67.5  0  0    0.00    0.00
A05A    98.6   57.9  0  0    0.13    2.33
A06A   298.3   60.5  0  0   -0.21    0.93
A07A   252.6   80.6  0  0   -0.39    1.26
A08A   204.5   59.0  0  0   -0.16    0.47
A09A   263.2   97.6  0  0    0.00    0.00
A10A   116.3   92.5  0  0   -0.58    2.06
A11A   228.1   94.6  0  0   -0.90    1.42
             338  15   8   7 1
AEC1   157.0   93.5  1 -1    0.00    0.00
A03A    10.4   72.0 -1 -1    0.00    0.00
A05A   104.0   66.8  1  1    0.00    0.00
A06A   293.7   65.8  1  1    0.00    0.00
A07A   249.5   87.0  1  1    0.00    0.00
A09A   261.5  103.8  1  1    0.00    0.00
A10A   118.0   98.0 -1  1    0.00    0.00
A11A   226.5  100.4  1  1    0.00    0.00
A03A    10.4   72.0  0  0   -0.54    0.84
A05A   104.0   66.8  0  0   -0.02    1.45
A06A   293.7   65.8  0  0   -0.72    1.06
A07A   249.5   87.0  0  0   -0.63    1.89
A09A   261.5  103.8  0  0    0.00    0.00
A10A   118.0   98.0  0  0    0.00    0.00
A11A   226.5  100.4  0  0    0.00    0.00
             339  16   8   8 1
A03A     7.9   70.1  1  1    0.00    0.00
A05A    97.3   59.2  1 -1    0.00    0.00
A06A   299.1   63.6  1 -1    0.00    0.00
A07A   253.5   82.4  1  1    0.00    0.00
A08A   206.0   60.5  1  1    0.00    0.00
A09A   263.6  100.2  1  1    0.00    0.00
A11A   228.7   96.2  1  1    0.00    0.00
A13A   165.9  105.4  1  1    0.00    0.00
A03A     7.9   70.1  0  0   -0.70    0.78
A05A    97.3   59.2  0  0    0.14    1.71
A06A   299.1   63.6  0  0   -0.15    0.86
A07A   253.5   82.4  0  0   -0.60    1.34
A08A   206.0   60.5  0  0    0.04    0.53
A09A   263.6  100.2  0  0    0.00    0.00
A11A   228.7   96.2  0  0   -0.87    1.33
A13A   165.9  105.4  0  0    0.00    0.00
             340  16   8   8 1
AEC1   156.2   86.6 -1 -1    0.00    0.00
A05A    98.5   58.0  1  1    0.00    0.00
A06A   298.6   59.9  1 -1    0.00    0.00
A07A   252.5   80.2  1  1    0.00    0.00
A08A   204.1   58.5  1  1    0.00    0.00
A09A   263.1   97.2  1  1    0.00    0.00
A10A   116.2   92.4 -1 -1    0.00    0.00
A11A   228.0   94.3  1  1    0.00    0.00
AEC1   156.2   86.6  0  0   -0.12    1.55
A05A    98.5   58.0  0  0    0.39    2.35
A06A   298.6   59.9  0  0   -0.18    0.92
A07A   252.5   80.2  0  0   -0.05    1.24
A08A   204.1   58.5  0  0   -0.26    0.46
A09A   263.1   97.2  0  0    0.00    0.00
A10A   116.2   92.4  0  0   -0.65    2.12
A11A   228.0   94.3  0  0   -0.47    1.44
             341  13   8   5 1
ACC1   200.1   80.7 -1 -1    0.00    0.00
AEC1   157.3   87.9  1 -1    0.00    0.00
A05A   104.8   58.5  1  1    0.00    0.00
A06A   292.8   57.7  1  1    0.00    0.00
A07A   249.2   80.7  1  1    0.00    0.00
A09A   261.3   97.0  1  1    0.00    0.00
A10A   118.3   92.6 -1  1    0.00    0.00
A11A   226.4   94.5  1 -1    0.00    0.00
A05A   104.8   58.5  0  0   -0.05    1.27
A06A   292.8   57.7  0  0   -0.74    1.01
A07A   249.2   80.7  0  0   -0.65    1.27
A10A   118.3   92.6  0  0   -0.85    2.09
A11A   226.4   94.5  0  0    0.00    0.00
             342  16   9   7 1
ACC1   203.1   77.0  1  1    0.00    0.00
AEC1   156.5   84.5  1  1    0.00    0.00
AEC2   156.8   92.7  1  1    0.00    0.00
A03A     7.4   67.1 -1 -1    0.00    0.00
A06A   300.0   60.4  1 -1    0.00    0.00
A07A   254.3   79.4  1  1    0.00    0.00
A08A   207.2   55.9  1  1    0.00    0.00
A10A   115.6   90.9 -1 -1    0.00    0.00
A11A   229.1   93.0  1  1    0.00    0.00
AEC1   156.5   84.5  0  0   -0.16    1.40
A03A     7.4   67.1  0  0    0.00    0.00
A06A   300.0   60.4  0  0   -0.45    0.82
A07A   254.3   79.4  0  0    0.23    1.20
A08A   207.2   55.9  0  0   -0.22    0.40
A10A   115.6   90.9  0  0   -0.97    2.51
A11A   229.1   93.0  0  0   -0.20    1.64
             343  16   9   7 1
ACC1   201.7   80.9 -1 -1    0.00    0.00
AEC1   155.9   88.6  1 -1    0.00    0.00
A05A    97.1   60.8  1  1    0.00    0.00
A06A   299.8   63.3  1  1    0.00    0.00
A07A   253.3   82.4  1  1    0.00    0.00
A08A   204.7   60.7  1 -1    0.00    0.00
A09A   263.6  100.7  1  1    0.00    0.00
A10A   115.8   94.2 -1  1    0.00    0.00
A11A   228.3   96.6  1  1    0.00    0.00
A05A    97.1   60.8  0  0    0.25    1.92
A06A   299.8   63.3  0  0   -0.11    0.87
A07A   253.3   82.4  0  0   -0.10    1.35
A08A   204.7   60.7  0  0   -0.38    0.53
A09A   263.6  100.7  0  0   -0.55    1.24
A10A   115.8   94.2  0  0   -0.65    1.66
A11A   228.3   96.6  0  0   -0.55    1.29
             344  18  10   8 1
ACC1   203.1   84.1  1  1    0.00    0.00
A03A     7.1   73.9  1 -1    0.00    0.00
A05A    97.4   62.5  1  1    0.00    0.00
A06A   298.6   68.0  1 -1    0.00    0.00
A07A   253.7   85.8  1  1    0.00    0.00
A08A   206.9   64.7  1  1    0.00    0.00
A09A   263.6  103.6  1  1    0.00    0.00
A10A   116.2   95.9 -1 -1    0.00    0.00
A11A   228.9   99.2  1  1    0.00    0.00
A13A   166.1  108.1 -1 -1    0.00    0.00
A03A     7.1   73.9  0  0   -0.66    0.90
A05A    97.4   62.5  0  0    0.14    3.05
A06A   298.6   68.0  0  0   -0.04    0.96
A07A   253.7   85.8  0  0   -0.49    1.67
A08A   206.9   64.7  0  0    0.03    0.65
A09A   263.6  103.6  0  0    0.00    0.00
A11A   228.9   99.2  0  0    0.00    0.00
A13A   166.1  108.1  0  0    0.00    0.00
             345  15   8   7 1
A03A    17.0   50.8 -1 -1    0.00    0.00
A05A   114.1   57.5  1  1    0.00    0.00
A06A   281.6   46.4  1  1    0.00    0.00
A07A   242.2   74.8 -1  1    0.00    0.00
A08A   194.9   61.5 -1 -1    0.00    0.00
A09A   257.6   91.6  1  1    0.00    0.00
A10A   121.3   87.8 -1  1    0.00    0.00
A11A   222.7   90.1  1 -1    0.00    0.00
A03A    17.0   50.8  0  0   -0.39    0.14
A05A   114.1   57.5  0  0    0.18    0.84
A06A   281.6   46.4  0  0   -0.57    1.21
A07A   242.2   74.8  0  0    0.26    1.04
A08A   194.9   61.5  0  0   -0.12    0.54
A10A   121.3   87.8  0  0    0.00    0.00
A11A   222.7   90.1  0  0    0.00    0.00
             346  14   8   6 1
AEC1   157.0  100.2  1  1    0.00    0.00
AEC2   157.1  106.0 -1  1    0.00    0.00
AEC3   163.1  106.7  1  1    0.00    0.00
A05A   100.8   75.0  1  1    0.00    0.00
A06A   296.3   77.2  1  1    0.00    0.00
A08A   204.1   77.5 -1 -1    0.00    0.00
A10A   117.1  104.3 -1  1    0.00    0.00
A11A   227.7  106.0 -1 -1    0.00    0.00
AEC1   157.0  100.2  0  0   -0.34    1.17
A05A   100.8   75.0  0  0    0.35    1.20
A06A   296.3   77.2  0  0   -0.88    1.12
A08A   204.1   77.5  0  0    0.03    1.06
A10A   117.1  104.3  0  0   -0.99    1.06
A11A   227.7  106.0  0  0   -0.28    0.91
             347  14   9   5 1
ACC1   256.6   61.6 -1  1    0.00    0.00
AEC1   143.0   50.0  1 -1    0.00    0.00
AEC2   150.3   75.8 -1 -1    0.00    0.00
AEC3   161.9   78.9 -1 -1    0.00    0.00
A05A    24.7   70.2 -1 -1    0.00    0.00
A07A   291.2   88.2  1  1    0.00    0.00
A08A   299.4   56.4  1  1    0.00    0.00
A10A    85.0   84.3 -1  1    0.00    0.00
A11A   256.5   92.5  1  1    0.00    0.00
AEC1   143.0   50.0  0  0   -0.25    0.41
AEC3   161.9   78.9  0  0   -0.07    1.08
A05A    24.7   70.2  0  0   -0.24    0.79
A07A   291.2   88.2  0  0   -0.15    2.33
A08A   299.4   56.4  0  0   -0.21    0.77
             348  17   9   8 1
AEC1   157.0   89.7  1  1    0.00    0.00
A03A    16.0   58.1 -1 -1    0.00    0.00
A05A   111.2   62.0  1  1    0.00    0.00
A06A   285.7   51.8  1  1    0.00    0.00
A07A   243.9   79.8 -1 -1    0.00    0.00
A08A   195.7   65.0 -1 -1    0.00    0.00
A09A   258.6   95.6  1  1    0.00    0.00
A10A   120.2   92.8 -1  1    0.00    0.00
A11A   223.4   94.0  1 -1    0.00    0.00
A03A    16.0   58.1  0  0   -0.18    0.39
A05A   111.2   62.0  0  0    0.23    1.14
A06A   285.7   51.8  0  0   -0.56    1.46
A07A   243.9   79.8  0  0    0.30    1.21
A08A   195.7   65.0  0  0    0.00    0.00
A09A   258.6   95.6  0  0    0.00    0.00
A10A   120.2   92.8  0  0    0.00    0.00
A11A   223.4   94.0  0  0   -0.31    1.47
             349  13   8   5 1
AAS1   224.3   42.0  1  1    0.00    0.00
AAS2   249.5   67.0  1  1    0.00    0.00
ACC1   318.4   70.7  1  1    0.00    0.00
AEC1    37.2   52.4 -1 -1    0.00    0.00
AEC2    91.7   50.3 -1 -1    0.00    0.00
AEC3   115.8   42.1  1 -1    0.00    0.00
A10A    53.9   89.5 -1  1    0.00    0.00
A12A   221.7   88.4  1  1    0.00    0.00
AAS2   249.5   67.0  0  0   -0.02    0.89
AEC1    37.2   52.4  0  0   -0.27    0.39
AEC3   115.8   42.1  0  0   -0.66    0.99
A10A    53.9   89.5  0  0   -0.65    2.25
A12A   221.7   88.4  0  0   -0.16    2.03
             350  16   8   8 1
AAS2   246.7   66.9  1 -1    0.00    0.00
AEC2    96.7   49.1  1  1    0.00    0.00
AEC3   121.7   42.5 -1  1    0.00    0.00
AID1   151.3   65.1  1  1    0.00    0.00
A07A   315.4   90.8  1  1    0.00    0.00
A08A   336.5   78.4  1  1    0.00    0.00
A10A    55.2   87.7 -1 -1    0.00    0.00
A12A   220.8   87.6  1 -1    0.00    0.00
AAS2   246.7   66.9  0  0   -0.40    0.96
AEC2    96.7   49.1  0  0   -0.67    1.32
AEC3   121.7   42.5  0  0   -0.22    0.74
AID1   151.3   65.1  0  0   -0.06    0.63
A07A   315.4   90.8  0  0   -0.16    1.89
A08A   336.5   78.4  0  0   -0.54    1.10
A10A    55.2   87.7  0  0   -0.58    1.61
A12A   220.8   87.6  0  0   -0.17    2.02
             351  14   8   6 1
AAS1   221.3   47.7 -1 -1    0.00    0.00
AAS2   248.1   72.6 -1 -1    0.00    0.00
ACC1   318.5   75.6 -1  1    0.00    0.00
AEC1    39.5   58.3 -1  1    0.00    0.00
AEC2    93.2   57.5  1  1    0.00    0.00
AEC3   116.8   49.5  1  1    0.00    0.00
A08A   338.0   85.1 -1 -1    0.00    0.00
A10A    54.7   93.7  1 -1    0.00    0.00
AAS1   221.3   47.7  0  0   -0.27    0.45
AAS2   248.1   72.6  0  0   -0.08    0.99
AEC1    39.5   58.3  0  0   -0.07    0.50
AEC2    93.2   57.5  0  0   -1.00    3.18
AEC3   116.8   49.5  0  0   -0.74    0.89
A08A   338.0   85.1  0  0   -0.41    1.53
             352  15   8   7 1
ACC1   256.1   55.7 -1  1    0.00    0.00
AEC1   140.6   47.2 -1 -1    0.00    0.00
AEC2   149.0   72.0 -1 -1    0.00    0.00
AEC3   160.5   74.9 -1 -1    0.00    0.00
A05A    26.4   66.4 -1 -1    0.00    0.00
A07A   291.6   83.4  1  1    0.00    0.00
A08A   300.8   50.6  1  1    0.00    0.00
A10A    85.2   80.8 -1  1    0.00    0.00
AEC1   140.6   47.2  0  0    0.14    0.44
AEC2   149.0   72.0  0  0   -0.44    0.84
AEC3   160.5   74.9  0  0   -0.24    0.93
A05A    26.4   66.4  0  0   -0.09    0.68
A07A   291.6   83.4  0  0   -0.05    1.42
A08A   300.8   50.6  0  0   -0.16    0.74
A10A    85.2   80.8  0  0   -0.56    1.57
             353  13   8   5 1
ACC1   257.3   45.3 -1  1    0.00    0.00
AEC1   138.9   37.6  1  1    0.00    0.00
AEC2   148.2   61.0  1  1    0.00    0.00
AEC3   160.0   63.9  1  1    0.00    0.00
A05A    26.3   56.5 -1 -1    0.00    0.00
A07A   292.3   72.9  1  1    0.00    0.00
A08A   302.4   41.4  1  1    0.00    0.00
A10A    84.5   70.4 -1  1    0.00    0.00
AEC1   138.9   37.6  0  0   -0.16    0.71
A05A    26.3   56.5  0  0    0.07    0.35
A07A   292.3   72.9  0  0   -0.69    1.14
A08A   302.4   41.4  0  0   -0.32    0.95
A10A    84.5   70.4  0  0   -0.64    1.08
             354  15   9   6 1
ACC1   173.7   91.3 -1 -1    0.00    0.00
AEC1   150.0   96.3  1  1    0.00    0.00
AEC2   151.3   99.0  1  1    0.00    0.00
A01A    13.4   83.7 -1 -1    0.00    0.00
A02A   311.3   56.5  1  1    0.00    0.00
A03A    85.9   61.8  1  1    0.00    0.00
A08A   165.5   84.0  1 -1    0.00    0.00
A11A   202.0   94.9  1 -1    0.00    0.00
A14A   176.9  105.1 -1 -1    0.00    0.00
A01A    13.4   83.7  0  0   -0.08    1.34
A02A   311.3   56.5  0  0   -0.16    0.69
A03A    85.9   61.8  0  0   -0.37    1.23
A08A   165.5   84.0  0  0   -0.06    1.35
A11A   202.0   94.9  0  0    0.00    0.00
A14A   176.9  105.1  0  0    0.00    0.00
             355  16   9   7 1
ACC1   250.3   55.9 -1 -1    0.00    0.00
AEC1   147.8   47.9 -1 -1    0.00    0.00
AEC2   152.4   71.1  1 -1    0.00    0.00
A03A   355.3   83.4 -1  1    0.00    0.00
A05A    27.2   60.0  1  1    0.00    0.00
A07A   288.3   80.4  1 -1    0.00    0.00
A08A   292.4   47.5  1  1    0.00    0.00
A09A   282.3   94.0 -1 -1    0.00    0.00
A10A    88.6   77.2 -1 -1    0.00    0.00
AEC1   147.8   47.9  0  0   -0.41    0.36
A03A   355.3   83.4  0  0    0.00    0.00
A05A    27.2   60.0  0  0   -0.02    0.49
A07A   288.3   80.4  0  0   -0.08    1.28
A08A   292.4   47.5  0  0   -0.46    0.96
A09A   282.3   94.0  0  0    0.11    1.48
A10A    88.6   77.2  0  0   -0.76    1.68
             356  14   8   6 1
ACC1   254.3   48.1  1  1    0.00    0.00
AEC1   143.1   40.1 -1 -1    0.00    0.00
AEC2   150.2   63.5  1 -1    0.00    0.00
AEC3   161.4   66.4  1 -1    0.00    0.00
A05A    26.4   56.2  1  1    0.00    0.00
A07A   290.6   74.4  1  1    0.00    0.00
A08A   298.2   42.4  1  1    0.00    0.00
A10A    86.2   71.4 -1 -1    0.00    0.00
AEC1   143.1   40.1  0  0   -0.37    0.52
AEC3   161.4   66.4  0  0   -0.38    0.67
A05A    26.4   56.2  0  0   -0.22    0.37
A07A   290.6   74.4  0  0    0.37    1.10
A08A   298.2   42.4  0  0   -0.16    0.90
A10A    86.2   71.4  0  0   -0.42    1.40
             357  21  11  10 1
ACC1   250.6   51.1 -1 -1    0.00    0.00
AEC1   148.8   42.6 -1 -1    0.00    0.00
AEC2   152.9   65.5  1  1    0.00    0.00
AEC3   163.6   68.6  1  1    0.00    0.00
A03A   354.9   78.4  1  1    0.00    0.00
A05A    26.4   54.3  1  1    0.00    0.00
A07A   288.1   75.4  1 -1    0.00    0.00
A08A   291.9   43.2  1  1    0.00    0.00
A09A   282.3   90.4 -1 -1    0.00    0.00
A10A    88.6   71.5 -1 -1    0.00    0.00
A11A   254.1   81.0  1 -1    0.00    0.00
AEC1   148.8   42.6  0  0   -0.32    0.37
AEC2   152.9   65.5  0  0   -0.31    0.65
AEC3   163.6   68.6  0  0   -0.22    0.73
A03A   354.9   78.4  0  0    0.00    0.00
A05A    26.4   54.3  0  0   -0.07    0.33
A07A   288.1   75.4  0  0    0.10    1.13
A08A   291.9   43.2  0  0   -0.50    0.99
A09A   282.3   90.4  0  0    0.13    1.89
A10A    88.6   71.5  0  0   -0.83    1.78
A11A   254.1   81.0  0  0   -0.43    1.32
             358  18   9   9 1
ACC1   251.7   46.7 -1  1    0.00    0.00
AEC1   147.4   38.5 -1 -1    0.00    0.00
AEC2   152.3   61.0 -1 -1    0.00    0.00
AEC3   163.1   64.2 -1 -1    0.00    0.00
A03A   355.1   74.9  1  1    0.00    0.00
A05A    26.3   51.0  1  1    0.00    0.00
A07A   288.8   71.5  1  1    0.00    0.00
A08A   293.6   39.7  1  1    0.00    0.00
A10A    87.9   67.6 -1 -1    0.00    0.00
ACC1   251.7   46.7  0  0   -0.66    0.97
AEC1   147.4   38.5  0  0   -0.43    0.48
AEC2   152.3   61.0  0  0   -0.13    0.53
AEC3   163.1   64.2  0  0    0.16    0.60
A03A   355.1   74.9  0  0   -0.51    0.95
A05A    26.3   51.0  0  0   -0.02    0.23
A07A   288.8   71.5  0  0    0.02    1.07
A08A   293.6   39.7  0  0   -0.44    1.01
A10A    87.9   67.6  0  0   -0.89    1.55
             359  14   8   6 1
ACC1   251.7   46.3 -1 -1    0.00    0.00
AEC1   147.4   38.2 -1 -1    0.00    0.00
AEC2   152.3   60.6  1 -1    0.00    0.00
AEC3   163.1   63.8  1 -1    0.00    0.00
A05A    26.3   50.7  1  1    0.00    0.00
A07A   288.8   71.2  1  1    0.00    0.00
A08A   293.6   39.4  1  1    0.00    0.00
A10A    87.9   67.3 -1 -1    0.00    0.00
AEC1   147.4   38.2  0  0   -0.32    0.54
AEC3   163.1   63.8  0  0   -0.20    0.61
A05A    26.3   50.7  0  0   -0.11    0.20
A07A   288.8   71.2  0  0    0.24    1.13
A08A   293.6   39.4  0  0   -0.53    1.10
A10A    87.9   67.3  0  0   -0.74    1.30
             360  12   8   4 1
ACC1   254.2   47.8 -1  1    0.00    0.00
AEC1   142.6   40.3  1  1    0.00    0.00
AEC2   149.9   63.5  1  1    0.00    0.00
A05A    26.8   56.3 -1 -1    0.00    0.00
A07A   290.7   74.3  1  1    0.00    0.00
A08A   298.4   42.1  1  1    0.00    0.00
A10A    86.2   71.5 -1  1    0.00    0.00
A11A   255.6   79.5  1  1    0.00    0.00
AEC1   142.6   40.3  0  0   -0.05    0.62
A05A    26.8   56.3  0  0    0.00    0.00
A07A   290.7   74.3  0  0   -0.73    1.20
A08A   298.4   42.1  0  0    0.00    0.00
             361  15   8   7 1
AEC1   150.5   64.1 -1 -1    0.00    0.00
AEC2   152.9   78.1 -1 -1    0.00    0.00
AEC3   160.8   79.9  1 -1    0.00    0.00
A05A    57.9   48.5  1  1    0.00    0.00
A07A   274.0   70.9  1  1    0.00    0.00
A08A   246.1   31.7  1  1    0.00    0.00
A09A   274.2   89.2  1  1    0.00    0.00
A10A   102.8   78.4 -1  1    0.00    0.00
AEC1   150.5   64.1  0  0   -0.41    0.63
AEC3   160.8   79.9  0  0   -0.22    1.12
A05A    57.9   48.5  0  0    0.43    0.65
A07A   274.0   70.9  0  0   -0.09    2.13
A08A   246.1   31.7  0  0   -0.40    0.96
A09A   274.2   89.2  0  0   -0.03    2.54
A10A   102.8   78.4  0  0   -0.91    1.34
             362  14   8   6 1
ACC1   251.2   64.1  1  1    0.00    0.00
AEC1   148.4   54.6  1 -1    0.00    0.00
AEC2   152.7   78.5  1 -1    0.00    0.00
AEC3   163.5   81.5 -1 -1    0.00    0.00
A07A   288.4   88.6  1  1    0.00    0.00
A08A   292.7   55.9  1  1    0.00    0.00
A10A    88.2   84.5 -1  1    0.00    0.00
A11A   254.3   93.5  1  1    0.00    0.00
AEC1   148.4   54.6  0  0    0.04    0.45
AEC3   163.5   81.5  0  0   -0.22    1.20
A07A   288.4   88.6  0  0   -0.46    2.75
A08A   292.7   55.9  0  0   -0.43    1.00
A10A    88.2   84.5  0  0   -0.54    1.47
A11A   254.3   93.5  0  0   -0.69    1.50
             363  13   8   5 1
ACC1   219.9   63.7  1  1    0.00    0.00
AEC1   151.3   71.2  1  1    0.00    0.00
AEC2   153.5   85.6  1  1    0.00    0.00
AEC3   161.4   87.7  1  1    0.00    0.00
A05A    57.1   54.7  1 -1    0.00    0.00
A07A   273.9   78.9  1 -1    0.00    0.00
A08A   247.1   38.3  1  1    0.00    0.00
A10A   103.0   85.9 -1 -1    0.00    0.00
AEC1   151.3   71.2  0  0   -0.22    0.82
AEC3   161.4   87.7  0  0   -0.13    1.75
A05A    57.1   54.7  0  0    0.22    0.65
A07A   273.9   78.9  0  0    0.14    2.73
A08A   247.1   38.3  0  0   -0.23    0.92
             364  15   8   7 1
AAS1   310.6   67.2  1  1    0.00    0.00
AEC2    30.2   77.6 -1 -1    0.00    0.00
AEC3    25.3   64.8 -1 -1    0.00    0.00
AID1    87.5   36.2 -1 -1    0.00    0.00
A08A   341.3  102.2  1  1    0.00    0.00
A12A   248.0   92.9  1 -1    0.00    0.00
A13A   151.0   84.8  1  1    0.00    0.00
A14A   210.8   95.5  1 -1    0.00    0.00
AAS1   310.6   67.2  0  0   -0.24    0.81
AEC3    25.3   64.8  0  0   -0.27    0.62
AID1    87.5   36.2  0  0   -0.37    1.68
A08A   341.3  102.2  0  0    0.00    0.00
A12A   248.0   92.9  0  0   -0.01    1.55
A13A   151.0   84.8  0  0    0.13    1.39
A14A   210.8   95.5  0  0   -0.28    1.37
             365  15   8   7 1
AAS1   311.4   69.9  1  1    0.00    0.00
ACC1   331.6  100.8 -1  1    0.00    0.00
AEC3    27.6   69.3 -1 -1    0.00    0.00
AID1    89.4   42.0 -1 -1    0.00    0.00
A11A   303.0  105.8  1  1    0.00    0.00
A12A   247.3   96.2  1 -1    0.00    0.00
A13A   150.1   89.7  1  1    0.00    0.00
A14A   209.9   98.7 -1 -1    0.00    0.00
AAS1   311.4   69.9  0  0   -0.25    0.87
AEC3    27.6   69.3  0  0   -0.13    0.75
AID1    89.4   42.0  0  0   -0.06    1.83
A11A   303.0  105.8  0  0    0.00    0.00
A12A   247.3   96.2  0  0    0.11    1.29
A13A   150.1   89.7  0  0   -0.36    2.14
A14A   209.9   98.7  0  0   -0.25    1.18
             366  16   9   7 1
AAS1   312.0   68.1  1  1    0.00    0.00
AEC1    10.8   91.9  1 -1    0.00    0.00
AEC2    31.6   80.1 -1 -1    0.00    0.00
AEC3    27.3   67.5 -1 -1    0.00    0.00
AID1    87.7   40.3 -1 -1    0.00    0.00
A08A   341.9  103.3 -1  1    0.00    0.00
A12A   247.7   94.1  1 -1    0.00    0.00
A13A   149.8   87.3  1  1    0.00    0.00
A14A   210.1   96.8 -1 -1    0.00    0.00
AAS1   312.0   68.1  0  0   -0.21    0.82
AEC1    10.8   91.9  0  0   -0.03    1.94
AEC3    27.3   67.5  0  0   -0.11    0.70
AID1    87.7   40.3  0  0   -0.03    1.90
A12A   247.7   94.1  0  0    0.18    1.43
A13A   149.8   87.3  0  0   -0.10    1.61
A14A   210.1   96.8  0  0   -0.32    1.28
             367  14   8   6 1
AAS1   310.3   67.5  1  1    0.00    0.00
ACC1   331.1   98.5  1  1    0.00    0.00
AEC2    30.9   78.4 -1 -1    0.00    0.00
AEC3    26.1   65.5 -1 -1    0.00    0.00
AID1    89.3   37.6 -1 -1    0.00    0.00
A12A   247.6   93.7  1 -1    0.00    0.00
A13A   150.9   86.2  1  1    0.00    0.00
A14A   210.5   96.3 -1 -1    0.00    0.00
AAS1   310.3   67.5  0  0   -0.44    0.82
AEC3    26.1   65.5  0  0   -0.14    0.64
AID1    89.3   37.6  0  0   -0.21    1.85
A12A   247.6   93.7  0  0   -0.00    1.47
A13A   150.9   86.2  0  0   -0.44    1.51
A14A   210.5   96.3  0  0    0.18    1.31
             368  17   9   8 1
AAS1   311.0   68.5  1  1    0.00    0.00
ACC1   331.4   99.5 -1  1    0.00    0.00
AEC3    27.1   67.4 -1 -1    0.00    0.00
AID1    89.3   40.0 -1 -1    0.00    0.00
A07A   325.0  109.7  1  1    0.00    0.00
A08A   341.7  103.5  1  1    0.00    0.00
A12A   247.4   94.7  1 -1    0.00    0.00
A13A   150.4   87.9  1  1    0.00    0.00
A14A   210.1   97.3  1 -1    0.00    0.00
AAS1   311.0   68.5  0  0   -0.46    0.84
AEC3    27.1   67.4  0  0   -0.10    0.70
AID1    89.3   40.0  0  0   -0.54    1.83
A07A   325.0  109.7  0  0    0.19    0.79
A08A   341.7  103.5  0  0    0.00    0.00
A12A   247.4   94.7  0  0   -0.00    1.39
A13A   150.4   87.9  0  0   -0.03    1.72
A14A   210.1   97.3  0  0   -0.22    1.25
             369  16   9   7 1
AAS1   311.9   69.4  1  1    0.00    0.00
AEC1    11.8   94.4 -1 -1    0.00    0.00
AEC3    29.5   70.1 -1 -1    0.00    0.00
AID1    91.0   44.6 -1 -1    0.00    0.00
A05A     7.2  108.6  1 -1    0.00    0.00
A08A   342.2  105.1  1  1    0.00    0.00
A10A    36.6  106.0 -1 -1    0.00    0.00
A12A   246.7   96.7  1 -1    0.00    0.00
A14A   209.1   99.3  1 -1    0.00    0.00
AAS1   311.9   69.4  0  0   -0.44    0.88
AEC1    11.8   94.4  0  0    0.26    1.54
AEC3    29.5   70.1  0  0   -0.22    0.77
AID1    91.0   44.6  0  0   -0.61    1.42
A05A     7.2  108.6  0  0    0.00    0.00
A12A   246.7   96.7  0  0    0.09    1.26
A14A   209.1   99.3  0  0   -0.30    1.15
             370  17   9   8 1
AAS1   276.4   57.1  1  1    0.00    0.00
AAS2   274.3   75.3 -1  1    0.00    0.00
ACC1   316.0   81.7 -1 -1    0.00    0.00
AEC1   354.3   62.5 -1 -1    0.00    0.00
AEC2    16.7   35.2 -1 -1    0.00    0.00
A08A   329.5   86.3  1 -1    0.00    0.00
A12A   242.0   84.5  1  1    0.00    0.00
A13A   170.8   73.4 -1 -1    0.00    0.00
A14A   213.6   86.8 -1 -1    0.00    0.00
AAS1   276.4   57.1  0  0   -0.67    1.39
AAS2   274.3   75.3  0  0   -0.05    1.51
AEC1   354.3   62.5  0  0   -0.52    0.56
AEC2    16.7   35.2  0  0   -0.74    0.35
A08A   329.5   86.3  0  0   -0.14    1.70
A12A   242.0   84.5  0  0   -0.18    1.54
A13A   170.8   73.4  0  0   -0.94    0.88
A14A   213.6   86.8  0  0   -0.20    1.77
             371  13   8   5 1
AAS1   275.9   56.2  1 -1    0.00    0.00
ACC1   315.9   81.1  1  1    0.00    0.00
AEC1   354.7   61.6 -1  1    0.00    0.00
AEC2    17.8   34.4  1 -1    0.00    0.00
AEC3   348.8   18.7 -1 -1    0.00    0.00
A05A   359.4   89.3  1  1    0.00    0.00
A10A    33.9   83.3  1  1    0.00    0.00
A11A   292.2   91.1 -1  1    0.00    0.00
AEC1   354.7   61.6  0  0   -0.16    0.53
AEC3   348.8   18.7  0  0   -0.19    0.85
A05A   359.4   89.3  0  0    0.00    0.00
A10A    33.9   83.3  0  0   -0.50    1.30
A11A   292.2   91.1  0  0    0.00    0.00
             372  27  14  13 1
AAS1   267.6   54.7  1 -1    0.00    0.00
AAS2   269.1   73.8 -1 -1    0.00    0.00
ACC1   313.8   79.2 -1 -1    0.00    0.00
AEC1   356.0   56.6  1  1    0.00    0.00
AEC2    28.9   27.6  1  1    0.00    0.00
AEC3   353.0    8.8 -1  1    0.00    0.00
AID1   179.2   35.8  1  1    0.00    0.00
A02A   331.9   99.1 -1  1    0.00    0.00
A07A   314.2   92.4  1 -1    0.00    0.00
A08A   328.6   84.0  1  1    0.00    0.00
A10A    36.8   82.1 -1 -1    0.00    0.00
A12A   238.2   84.5  1 -1    0.00    0.00
A13A   170.1   76.0  1  1    0.00    0.00
A14A   210.9   87.2  1 -1    0.00    0.00
AAS1   267.6   54.7  0  0   -0.48    1.43
AAS2   269.1   73.8  0  0    0.06    1.49
AEC1   356.0   56.6  0  0   -0.14    0.36
AEC2    28.9   27.6  0  0   -0.82    0.64
AEC3   353.0    8.8  0  0   -0.42    1.21
AID1   179.2   35.8  0  0    0.10    0.24
A02A   331.9   99.1  0  0    0.00    0.00
A07A   314.2   92.4  0  0    0.00    0.00
A08A   328.6   84.0  0  0   -0.65    1.43
A10A    36.8   82.1  0  0   -0.98    1.23
A12A   238.2   84.5  0  0   -0.07    1.49
A13A   170.1   76.0  0  0    0.00    0.00
A14A   210.9   87.2  0  0    0.00    0.00
             373  21  11  10 1
AAS1   267.6   55.7  1  1    0.00    0.00
ACC1   314.3   81.0 -1  1    0.00    0.00
AEC1   357.3   58.5 -1 -1    0.00    0.00
AEC2    31.6   29.5 -1 -1    0.00    0.00
AEC3     3.5    9.2 -1 -1    0.00    0.00
AID1   176.8   37.3  1  1    0.00    0.00
A08A   329.1   86.0  1  1    0.00    0.00
A10A    37.3   84.5 -1 -1    0.00    0.00
A11A   290.1   92.0  1  1    0.00    0.00
A12A   237.9   86.3 -1 -1    0.00    0.00
A13A   169.4   78.2 -1  1    0.00    0.00
AAS1   267.6   55.7  0  0   -0.97    1.51
AEC1   357.3   58.5  0  0   -0.11    0.42
AEC2    31.6   29.5  0  0   -0.74    0.62
AEC3     3.5    9.2  0  0   -0.29    1.19
AID1   176.8   37.3  0  0    0.05    0.16
A08A   329.1   86.0  0  0   -0.42    1.62
A10A    37.3   84.5  0  0   -0.85    1.37
A11A   290.1   92.0  0  0    0.00    0.00
A12A   237.9   86.3  0  0   -0.04    1.70
A13A   169.4   78.2  0  0    0.11    1.06
             374  15   8   7 1
AAS1   279.0   55.1  1  1    0.00    0.00
AAS2   276.0   72.3 -1  1    0.00    0.00
AEC1   352.1   60.0 -1 -1    0.00    0.00
AEC2    10.0   34.2 -1 -1    0.00    0.00
AEC3   341.1   21.9 -1 -1    0.00    0.00
A10A    31.6   80.2 -1 -1    0.00    0.00
A11A   292.9   88.5 -1  1    0.00    0.00
A13A   172.4   67.9 -1 -1    0.00    0.00
AAS1   279.0   55.1  0  0   -0.44    2.33
AAS2   276.0   72.3  0  0    0.00    0.00
AEC1   352.1   60.0  0  0   -0.12    0.50
AEC3   341.1   21.9  0  0   -0.32    0.81
A10A    31.6   80.2  0  0   -0.46    1.12
A11A   292.9   88.5  0  0    0.00    0.00
A13A   172.4   67.9  0  0    0.00    0.00
             375  14   8   6 1
AAS1   270.2   54.5  1  1    0.00    0.00
ACC1   314.3   79.0 -1 -1    0.00    0.00
AEC1   354.9   57.3 -1 -1    0.00    0.00
AEC2    23.5   28.7  1 -1    0.00    0.00
AEC3   347.2   11.7 -1 -1    0.00    0.00
AID1   181.7   32.6  1  1    0.00    0.00
A10A    35.6   81.4 -1 -1    0.00    0.00
A12A   239.4   83.5  1  1    0.00    0.00
AAS1   270.2   54.5  0  0   -0.44    2.69
AEC1   354.9   57.3  0  0   -0.08    0.38
AEC3   347.2   11.7  0  0   -0.39    1.08
AID1   181.7   32.6  0  0    0.14    0.37
A10A    35.6   81.4  0  0   -0.80    1.18
A12A   239.4   83.5  0  0   -0.14    1.44
             376  15   8   7 1
AAS1   278.6   56.5  1  1    0.00    0.00
AAS2   275.7   73.9 -1 -1    0.00    0.00
ACC1   316.1   80.4 -1 -1    0.00    0.00
AEC1   352.7   61.6 -1 -1    0.00    0.00
AEC3   342.9   22.0 -1  1    0.00    0.00
A10A    32.1   81.9 -1 -1    0.00    0.00
A12A   243.4   82.6 -1 -1    0.00    0.00
A14A   214.9   84.6 -1 -1    0.00    0.00
AAS1   278.6   56.5  0  0   -0.79    1.55
AAS2   275.7   73.9  0  0   -0.10    1.88
AEC1   352.7   61.6  0  0    0.02    0.54
AEC3   342.9   22.0  0  0   -0.28    0.77
A10A    32.1   81.9  0  0   -0.77    1.23
A12A   243.4   82.6  0  0   -0.07    1.33
A14A   214.9   84.6  0  0   -0.22    1.46
             377  21  11  10 1
AAS1   270.9   53.8  1  1    0.00    0.00
ACC1   314.7   78.6  1  1    0.00    0.00
AEC1   355.4   57.2 -1 -1    0.00    0.00
AEC2    23.9   29.2 -1 -1    0.00    0.00
AEC3   350.3   12.2 -1 -1    0.00    0.00
AID1   180.9   31.7  1  1    0.00    0.00
A08A   329.0   83.3  1  1    0.00    0.00
A10A    35.6   81.1 -1 -1    0.00    0.00
A11A   290.8   89.4  1  1    0.00    0.00
A12A   239.6   82.9  1 -1    0.00    0.00
A14A   211.8   85.6  1 -1    0.00    0.00
AAS1   270.9   53.8  0  0   -0.51    1.34
AEC1   355.4   57.2  0  0   -0.29    0.39
AEC2    23.9   29.2  0  0   -0.75    0.54
AEC3   350.3   12.2  0  0   -0.09    1.08
AID1   180.9   31.7  0  0    0.02    0.42
A08A   329.0   83.3  0  0   -0.29    1.38
A10A    35.6   81.1  0  0   -0.89    1.18
A11A   290.8   89.4  0  0    0.00    0.00
A12A   239.6   82.9  0  0   -0.03    1.37
A14A   211.8   85.6  0  0   -0.20    1.57
             378  17  10   7 1
AAS1   272.2   55.2  1 -1    0.00    0.00
AAS2   271.8   74.3 -1 -1    0.00    0.00
ACC1   315.4   80.5  1  1    0.00    0.00
AEC1   356.3   59.8 -1  1    0.00    0.00
AEC2    24.5   32.0  1  1    0.00    0.00
AEC3   355.7   14.2 -1 -1    0.00    0.00
A08A   329.5   85.3  1  1    0.00    0.00
A10A    35.6   83.3  1  1    0.00    0.00
A11A   291.3   91.1 -1 -1    0.00    0.00
A12A   239.8   84.5  1  1    0.00    0.00
AAS1   272.2   55.2  0  0   -0.70    1.60
AAS2   271.8   74.3  0  0    0.00    1.50
AEC1   356.3   59.8  0  0   -0.55    0.47
AEC3   355.7   14.2  0  0   -0.10    0.99
A08A   329.5   85.3  0  0   -0.19    1.53
A10A    35.6   83.3  0  0   -0.70    1.30
A12A   239.8   84.5  0  0    0.05    1.47
             379  22  12  10 1
AAS1   270.2   54.5  1  1    0.00    0.00
AAS2   270.6   73.3 -1  1    0.00    0.00
ACC1   314.3   79.0  1  1    0.00    0.00
AEC1   354.9   57.3 -1 -1    0.00    0.00
AEC2    23.5   28.7 -1 -1    0.00    0.00
AEC3   347.2   11.7 -1 -1    0.00    0.00
AID1   181.7   32.6  1 -1    0.00    0.00
A08A   328.7   83.7  1  1    0.00    0.00
A10A    35.6   81.4 -1  1    0.00    0.00
A11A   290.5   89.9  1  1    0.00    0.00
A12A   239.4   83.5  1  1    0.00    0.00
A14A   211.8   86.1  1  1    0.00    0.00
AAS1   270.2   54.5  0  0   -0.24    1.37
AAS2   270.6   73.3  0  0    0.02    1.35
AEC1   354.9   57.3  0  0   -0.08    0.40
AEC3   347.2   11.7  0  0   -0.43    1.10
AID1   181.7   32.6  0  0    0.27    0.38
A08A   328.7   83.7  0  0   -0.29    1.41
A10A    35.6   81.4  0  0   -0.94    1.19
A11A   290.5   89.9  0  0    0.00    0.00
A12A   239.4   83.5  0  0    0.05    1.41
A14A   211.8   86.1  0  0   -0.09    1.63
             380  20  11   9 1
AAS1   270.2   54.5  1  1    0.00    0.00
AAS2   270.6   73.4 -1  1    0.00    0.00
ACC1   314.4   79.2 -1 -1    0.00    0.00
AEC1   355.4   57.6 -1 -1    0.00    0.00
AEC2    24.4   29.1  1  1    0.00    0.00
AEC3   349.7   11.7 -1  1    0.00    0.00
AID1   180.9   32.8  1  1    0.00    0.00
A05A   359.9   87.1 -1 -1    0.00    0.00
A10A    35.8   81.7 -1 -1    0.00    0.00
A11A   290.6   90.0 -1 -1    0.00    0.00
A12A   239.3   83.7  1 -1    0.00    0.00
AAS1   270.2   54.5  0  0   -0.53    3.00
AAS2   270.6   73.4  0  0    0.00    0.00
AEC1   355.4   57.6  0  0   -0.12    0.39
AEC3   349.7   11.7  0  0   -0.45    1.08
AID1   180.9   32.8  0  0    0.35    0.37
A05A   359.9   87.1  0  0    0.06    1.71
A10A    35.8   81.7  0  0   -0.97    1.21
A11A   290.6   90.0  0  0    0.00    0.00
A12A   239.3   83.7  0  0   -0.01    1.43
             381  24  12  12 1
AAS1   272.2   52.9  1  1    0.00    0.00
AAS2   271.8   72.3 -1  1    0.00    0.00
ACC1   315.7   78.7 -1  1    0.00    0.00
AEC1   357.1   58.1 -1 -1    0.00    0.00
AEC2    26.1   31.2 -1 -1    0.00    0.00
AEC3     0.0   13.6 -1 -1    0.00    0.00
AID1   177.2   30.7  1 -1    0.00    0.00
A07A   315.3   91.9  1  1    0.00    0.00
A08A   329.9   83.6  1  1    0.00    0.00
A10A    35.9   81.8  1  1    0.00    0.00
A11A   291.4   89.5  1  1    0.00    0.00
A12A   239.6   82.7  1  1    0.00    0.00
AAS1   272.2   52.9  0  0   -0.61    1.52
AAS2   271.8   72.3  0  0    0.16    1.43
ACC1   315.7   78.7  0  0    0.00    0.00
AEC1   357.1   58.1  0  0   -0.27    0.42
AEC2    26.1   31.2  0  0   -0.67    0.49
AEC3     0.0   13.6  0  0   -0.11    1.00
AID1   177.2   30.7  0  0   -0.22    0.47
A07A   315.3   91.9  0  0    0.00    0.00
A08A   329.9   83.6  0  0   -0.36    1.39
A10A    35.9   81.8  0  0   -0.66    1.21
A11A   291.4   89.5  0  0    0.00    0.00
A12A   239.6   82.7  0  0    0.04    1.35
             382  19  11   8 1
AAS1   277.5   56.3  1  1    0.00    0.00
AAS2   275.0   74.2 -1  1    0.00    0.00
ACC1   316.1   80.7  1  1    0.00    0.00
AEC1   353.7   61.7 -1 -1    0.00    0.00
AEC2    14.5   35.0 -1 -1    0.00    0.00
AEC3   345.8   20.6 -1 -1    0.00    0.00
A05A   359.0   88.9  1 -1    0.00    0.00
A06A   333.2   94.6  1  1    0.00    0.00
A10A    32.9   82.5 -1 -1    0.00    0.00
A12A   242.7   83.2  1  1    0.00    0.00
A14A   214.1   85.3 -1 -1    0.00    0.00
AAS1   277.5   56.3  0  0   -0.87    2.21
AAS2   275.0   74.2  0  0   -0.17    1.63
AEC1   353.7   61.7  0  0   -0.37    0.55
AEC3   345.8   20.6  0  0   -0.21    0.82
A05A   359.0   88.9  0  0    0.00    0.00
A10A    32.9   82.5  0  0   -0.74    1.25
A12A   242.7   83.2  0  0   -0.21    1.40
A14A   214.1   85.3  0  0   -0.28    1.55
             383  23  12  11 1
AAS1   268.9   54.4  1  1    0.00    0.00
AAS2   269.8   73.7 -1  1    0.00    0.00
ACC1   314.6   79.5 -1  1    0.00    0.00
AEC1   357.0   57.7 -1 -1    0.00    0.00
AEC2    29.3   29.3 -1 -1    0.00    0.00
AEC3     0.0   10.3 -1 -1    0.00    0.00
AID1   177.5   34.7  1  1    0.00    0.00
A07A   314.6   92.6  1  1    0.00    0.00
A08A   329.2   84.4  1 -1    0.00    0.00
A10A    36.8   82.6 -1  1    0.00    0.00
A12A   238.5   84.4  1  1    0.00    0.00
A14A   210.8   87.2  1  1    0.00    0.00
AAS1   268.9   54.4  0  0   -0.54    1.30
AAS2   269.8   73.7  0  0    0.01    1.32
AEC1   357.0   57.7  0  0    0.04    0.40
AEC2    29.3   29.3  0  0   -0.86    0.57
AEC3     0.0   10.3  0  0   -0.41    1.14
AID1   177.5   34.7  0  0    0.19    0.31
A07A   314.6   92.6  0  0    0.00    0.00
A08A   329.2   84.4  0  0   -0.52    1.47
A10A    36.8   82.6  0  0   -1.05    1.25
A12A   238.5   84.4  0  0    0.01    1.49
A14A   210.8   87.2  0  0    0.00    0.00
             384  18  10   8 1
AAS1   277.0   57.4  1  1    0.00    0.00
AAS2   274.7   75.6 -1  1    0.00    0.00
ACC1   316.2   82.2 -1  1    0.00    0.00
AEC1   354.4   63.1 -1 -1    0.00    0.00
AEC2    16.3   36.0 -1 -1    0.00    0.00
A06A   333.4   96.0  1 -1    0.00    0.00
A10A    33.4   84.2 -1 -1    0.00    0.00
A12A   242.3   84.8  1  1    0.00    0.00
A13A   170.7   73.5 -1 -1    0.00    0.00
A14A   213.7   87.0 -1 -1    0.00    0.00
AAS1   277.0   57.4  0  0   -0.86    2.10
AAS2   274.7   75.6  0  0   -0.16    1.62
AEC1   354.4   63.1  0  0   -0.31    0.59
AEC2    16.3   36.0  0  0   -0.67    0.25
A10A    33.4   84.2  0  0   -0.96    1.34
A12A   242.3   84.8  0  0   -0.07    1.56
A13A   170.7   73.5  0  0   -0.62    0.88
A14A   213.7   87.0  0  0   -0.36    1.80
             385  19  10   9 1
AAS1   267.0   53.8  1  1    0.00    0.00
AAS2   268.7   72.7 -1  1    0.00    0.00
ACC1   313.3   77.8  1  1    0.00    0.00
AEC1   355.1   54.8 -1 -1    0.00    0.00
AEC2    27.7   25.7 -1 -1    0.00    0.00
AEC3   344.9    8.0 -1 -1    0.00    0.00
AID1   180.8   35.2  1 -1    0.00    0.00
A10A    36.7   80.4 -1 -1    0.00    0.00
A11A   289.6   89.2  1  1    0.00    0.00
A12A   238.2   83.3  1  1    0.00    0.00
AAS1   267.0   53.8  0  0   -0.35    1.22
AAS2   268.7   72.7  0  0    0.18    1.26
AEC1   355.1   54.8  0  0   -0.10    0.30
AEC2    27.7   25.7  0  0   -0.28    0.66
AEC3   344.9    8.0  0  0    0.03    1.29
AID1   180.8   35.2  0  0    0.23    0.27
A10A    36.7   80.4  0  0   -0.84    1.14
A11A   289.6   89.2  0  0    0.00    0.00
A12A   238.2   83.3  0  0   -0.04    1.40
             386  18  10   8 1
AAS1   274.7   52.5  1 -1    0.00    0.00
AAS2   273.2   71.1 -1 -1    0.00    0.00
ACC1   315.8   77.7 -1 -1    0.00    0.00
AEC1   355.3   57.6 -1 -1    0.00    0.00
AEC2    20.1   31.2 -1 -1    0.00    0.00
AEC3   351.1   15.8 -1 -1    0.00    0.00
AID1   182.0   26.8  1  1    0.00    0.00
A08A   329.6   82.4  1 -1    0.00    0.00
A10A    34.5   80.2  1  1    0.00    0.00
A11A   291.9   88.0 -1 -1    0.00    0.00
AAS1   274.7   52.5  0  0   -0.67    1.94
AAS2   273.2   71.1  0  0   -0.11    1.65
AEC1   355.3   57.6  0  0   -0.12    0.40
AEC3   351.1   15.8  0  0   -0.24    0.94
AID1   182.0   26.8  0  0    0.05    0.57
A08A   329.6   82.4  0  0   -0.28    1.33
A10A    34.5   80.2  0  0   -0.64    1.12
A11A   291.9   88.0  0  0    0.00    0.00
             387  17   9   8 1
AAS1   273.4   52.9  1  1    0.00    0.00
AAS2   272.5   71.6 -1  1    0.00    0.00
ACC1   315.4   77.9 -1 -1    0.00    0.00
AEC1   355.2   57.4 -1 -1    0.00    0.00
AEC2    21.0   30.4 -1 -1    0.00    0.00
AEC3   350.3   14.7 -1 -1    0.00    0.00
AID1   181.9   28.4  1  1    0.00    0.00
A10A    34.8   80.4 -1  1    0.00    0.00
A11A   291.5   88.4 -1 -1    0.00    0.00
AAS1   273.4   52.9  0  0   -0.77    1.69
AAS2   272.5   71.6  0  0    0.00    0.00
AEC1   355.2   57.4  0  0   -0.15    0.40
AEC2    21.0   30.4  0  0   -0.80    0.49
AEC3   350.3   14.7  0  0   -0.32    0.98
AID1   181.9   28.4  0  0    0.00    0.00
A10A    34.8   80.4  0  0   -0.98    1.13
A11A   291.5   88.4  0  0   -0.34    2.80
             388  14   8   6 1
AAS1   284.6   67.2  1 -1    0.00    0.00
ACC1   304.8   77.2 -1 -1    0.00    0.00
AEC1   316.8   64.0 -1 -1    0.00    0.00
AEC2   308.3   52.9  1 -1    0.00    0.00
AEC3   297.8   54.0 -1 -1    0.00    0.00
AID1   275.1   49.4 -1 -1    0.00    0.00
A10A   354.2   65.1 -1  1    0.00    0.00
A11A   291.5   84.3 -1 -1    0.00    0.00
AAS1   284.6   67.2  0  0   -0.54    1.35
AEC1   316.8   64.0  0  0   -0.14    0.74
AEC3   297.8   54.0  0  0   -0.60    0.94
AID1   275.1   49.4  0  0    0.21    1.91
A10A   354.2   65.1  0  0    0.00    0.00
A11A   291.5   84.3  0  0   -0.03    1.52
             389  23  12  11 1
AAS1   270.2   56.3  1  1    0.00    0.00
AAS2   270.6   75.4 -1  1    0.00    0.00
ACC1   314.6   81.2  1  1    0.00    0.00
AEC1   355.8   59.6 -1 -1    0.00    0.00
AEC2    25.3   30.7  1 -1    0.00    0.00
AEC3   352.2   12.2 -1 -1    0.00    0.00
AID1   180.0   34.3  1 -1    0.00    0.00
A07A   314.6   93.7  1  1    0.00    0.00
A08A   329.0   85.9  1  1    0.00    0.00
A10A    36.0   84.0  1  1    0.00    0.00
A12A   239.2   85.7  1  1    0.00    0.00
A14A   211.5   88.2  1  1    0.00    0.00
AAS1   270.2   56.3  0  0   -0.62    1.61
AAS2   270.6   75.4  0  0    0.16    1.59
AEC1   355.8   59.6  0  0   -0.18    0.46
AEC2    25.3   30.7  0  0   -0.95    0.53
AEC3   352.2   12.2  0  0   -0.52    1.06
AID1   180.0   34.3  0  0    0.20    0.30
A07A   314.6   93.7  0  0    0.00    0.00
A08A   329.0   85.9  0  0   -0.48    1.59
A10A    36.0   84.0  0  0   -1.10    1.35
A12A   239.2   85.7  0  0   -0.05    1.59
A14A   211.5   88.2  0  0    0.05    1.99
             390  21  11  10 1
AAS1   272.1   58.9  1  1    0.00    0.00
ACC1   314.7   83.6 -1 -1    0.00    0.00
AEC1   354.3   62.3 -1 -1    0.00    0.00
AEC2    20.3   32.9 -1 -1    0.00    0.00
AID1   183.6   33.5  1  1    0.00    0.00
A07A   314.6   95.2  1 -1    0.00    0.00
A08A   328.8   88.0  1 -1    0.00    0.00
A10A    34.8   85.8 -1  1    0.00    0.00
A11A   291.0   93.2  1  1    0.00    0.00
A12A   240.3   87.4  1  1    0.00    0.00
A14A   212.5   89.5  1  1    0.00    0.00
AAS1   272.1   58.9  0  0   -0.56    1.49
AEC1   354.3   62.3  0  0   -0.13    0.56
AEC2    20.3   32.9  0  0   -0.73    0.40
AID1   183.6   33.5  0  0   -0.13    0.33
A07A   314.6   95.2  0  0    0.00    0.00
A08A   328.8   88.0  0  0   -0.36    2.09
A10A    34.8   85.8  0  0   -1.08    1.47
A11A   291.0   93.2  0  0    0.00    0.00
A12A   240.3   87.4  0  0    0.04    2.01
A14A   212.5   89.5  0  0    0.00    0.00
             391  16   9   7 1
AAS1   270.2   55.7  1  1    0.00    0.00
ACC1   314.9   81.1  1  1    0.00    0.00
AEC1   356.6   59.6 -1 -1    0.00    0.00
AEC2    27.1   31.1 -1 -1    0.00    0.00
AEC3   357.4   12.1 -1 -1    0.00    0.00
AID1   178.3   34.3  1  1    0.00    0.00
A10A    36.3   84.1 -1 -1    0.00    0.00
A11A   290.8   91.7  1  1    0.00    0.00
A14A   211.2   88.1  1 -1    0.00    0.00
AAS1   270.2   55.7  0  0   -0.41    1.31
AEC1   356.6   59.6  0  0   -0.14    0.47
AEC3   357.4   12.1  0  0   -0.61    1.06
AID1   178.3   34.3  0  0    0.17    0.33
A10A    36.3   84.1  0  0   -1.10    1.34
A11A   290.8   91.7  0  0    0.00    0.00
A14A   211.2   88.1  0  0   -0.11    2.05
             392  17   9   8 1
AAS1   267.0   55.0  1  1    0.00    0.00
AAS2   268.7   74.1 -1  1    0.00    0.00
ACC1   313.6   79.3  1  1    0.00    0.00
AEC1   356.0   56.5 -1 -1    0.00    0.00
AEC2    29.6   27.1 -1 -1    0.00    0.00
AEC3   352.3    8.1 -1 -1    0.00    0.00
AID1   179.2   36.6  1 -1    0.00    0.00
A10A    37.0   82.2 -1 -1    0.00    0.00
A14A   210.8   87.5  1 -1    0.00    0.00
AAS1   267.0   55.0  0  0   -0.50    1.19
AAS2   268.7   74.1  0  0    0.10    1.25
AEC1   356.0   56.5  0  0   -0.03    0.36
AEC2    29.6   27.1  0  0   -0.47    0.63
AEC3   352.3    8.1  0  0   -0.23    1.26
AID1   179.2   36.6  0  0    0.30    0.22
A10A    37.0   82.2  0  0   -1.08    1.23
A14A   210.8   87.5  0  0   -0.02    1.86
             393  17  10   7 1
AAS1   270.9   56.6  1 -1    0.00    0.00
AAS2   271.0   75.6 -1 -1    0.00    0.00
ACC1   314.7   81.4 -1 -1    0.00    0.00
AEC1   355.4   60.0 -1  1    0.00    0.00
AEC2    23.9   31.1  1 -1    0.00    0.00
AEC3   350.3   13.1 -1 -1    0.00    0.00
A10A    35.6   84.0  1  1    0.00    0.00
A11A   290.8   91.9 -1 -1    0.00    0.00
A12A   239.6   85.7  1  1    0.00    0.00
A13A   170.3   76.4  1  1    0.00    0.00
AAS1   270.9   56.6  0  0   -0.75    1.46
AAS2   271.0   75.6  0  0   -0.02    1.44
AEC1   355.4   60.0  0  0   -0.55    0.48
AEC3   350.3   13.1  0  0   -0.20    1.04
A10A    35.6   84.0  0  0   -0.78    1.34
A12A   239.6   85.7  0  0    0.14    1.63
A13A   170.3   76.4  0  0   -0.41    0.99
             394  20  10  10 1
AAS1   272.8   54.6  1  1    0.00    0.00
AAS2   272.1   73.4 -1 -1    0.00    0.00
ACC1   315.3   79.6  1  1    0.00    0.00
AEC1   355.5   59.0 -1 -1    0.00    0.00
AEC2    22.3   31.4 -1 -1    0.00    0.00
AID1   180.9   30.3  1  1    0.00    0.00
A08A   329.4   84.3  1  1    0.00    0.00
A11A   291.4   90.1 -1 -1    0.00    0.00
A12A   240.3   83.4  1 -1    0.00    0.00
A13A   170.1   73.6  1  1    0.00    0.00
AAS1   272.8   54.6  0  0   -0.60    1.52
AAS2   272.1   73.4  0  0    0.12    1.52
ACC1   315.3   79.6  0  0    0.00    0.00
AEC1   355.5   59.0  0  0    0.04    0.43
AEC2    22.3   31.4  0  0   -0.67    0.54
AID1   180.9   30.3  0  0   -0.08    0.46
A08A   329.4   84.3  0  0   -0.37    1.43
A11A   291.4   90.1  0  0    0.00    0.00
A12A   240.3   83.4  0  0    0.15    1.39
A13A   170.1   73.6  0  0   -0.21    0.89
             395  23  12  11 1
AAS1   268.9   54.4  1 -1    0.00    0.00
AAS2   269.9   73.7 -1 -1    0.00    0.00
ACC1   314.4   79.4 -1 -1    0.00    0.00
AEC1   356.5   57.4  1  1    0.00    0.00
AEC2    28.4   29.0  1  1    0.00    0.00
AEC3   357.0   10.2 -1  1    0.00    0.00
AID1   178.3   34.5  1  1    0.00    0.00
A08A   329.0   84.2  1  1    0.00    0.00
A10A    36.6   82.3 -1 -1    0.00    0.00
A11A   290.4   90.5 -1 -1    0.00    0.00
A12A   238.6   84.3  1 -1    0.00    0.00
A14A   211.0   87.0  1 -1    0.00    0.00
AAS1   268.9   54.4  0  0   -0.77    1.50
AAS2   269.9   73.7  0  0    0.09    1.52
AEC1   356.5   57.4  0  0   -0.08    0.39
AEC2    28.4   29.0  0  0   -0.73    0.59
AEC3   357.0   10.2  0  0   -0.49    1.14
AID1   178.3   34.5  0  0    0.15    0.30
A08A   329.0   84.2  0  0   -0.52    1.45
A10A    36.6   82.3  0  0   -1.11    1.24
A11A   290.4   90.5  0  0    0.00    0.00
A12A   238.6   84.3  0  0   -0.12    1.47
A14A   211.0   87.0  0  0    0.00    0.00
             396  24  12  12 1
AAS1   266.3   53.5  1 -1    0.00    0.00
AAS2   268.3   72.6 -1 -1    0.00    0.00
AEC1   355.9   54.6 -1 -1    0.00    0.00
AEC2    30.4   25.7 -1 -1    0.00    0.00
A05A     0.2   86.2  1  1    0.00    0.00
A07A   313.9   91.4  1  1    0.00    0.00
A08A   328.3   82.7  1  1    0.00    0.00
A09A   301.8   97.1  1  1    0.00    0.00
A10A    37.2   80.7 -1  1    0.00    0.00
A11A   289.5   89.3 -1 -1    0.00    0.00
A12A   237.8   83.5  1  1    0.00    0.00
A14A   210.6   86.3  1  1    0.00    0.00
AAS1   266.3   53.5  0  0   -0.59    1.42
AAS2   268.3   72.6  0  0    0.17    1.51
AEC1   355.9   54.6  0  0   -0.14    0.26
AEC2    30.4   25.7  0  0   -1.07    0.70
A05A     0.2   86.2  0  0   -0.11    1.58
A07A   313.9   91.4  0  0    0.00    0.00
A08A   328.3   82.7  0  0   -0.52    1.31
A09A   301.8   97.1  0  0    0.00    0.00
A10A    37.2   80.7  0  0   -0.94    1.16
A11A   289.5   89.3  0  0    0.00    0.00
A12A   237.8   83.5  0  0   -0.06    1.38
A14A   210.6   86.3  0  0   -0.15    1.63
             397  16   9   7 1
AAS1   265.6   52.6  1  1    0.00    0.00
AAS2   267.9   71.7 -1  1    0.00    0.00
ACC1   313.3   76.9 -1  1    0.00    0.00
AEC1   356.3   53.5 -1 -1    0.00    0.00
AEC2    32.2   24.9  1 -1    0.00    0.00
AEC3   355.2    6.2 -1 -1    0.00    0.00
A08A   328.3   81.9  1 -1    0.00    0.00
A10A    37.5   79.9 -1 -1    0.00    0.00
A12A   237.4   82.8  1  1    0.00    0.00
AAS1   265.6   52.6  0  0   -0.63    1.17
AAS2   267.9   71.7  0  0   -0.14    1.23
AEC1   356.3   53.5  0  0   -0.05    0.24
AEC3   355.2    6.2  0  0   -0.71    1.38
A08A   328.3   81.9  0  0   -0.31    1.29
A10A    37.5   79.9  0  0   -0.87    1.12
A12A   237.4   82.8  0  0   -0.02    1.36
             398  17   9   8 1
AAS1   267.7   54.1  1  1    0.00    0.00
AAS2   269.1   72.8 -1  1    0.00    0.00
ACC1   313.4   78.1  1  1    0.00    0.00
AEC1   354.7   55.3 -1 -1    0.00    0.00
AEC2    26.0   26.0  1 -1    0.00    0.00
AEC3   343.0    8.8 -1 -1    0.00    0.00
A10A    36.3   80.5 -1  1    0.00    0.00
A11A   289.8   89.3  1  1    0.00    0.00
A12A   238.5   83.3  1  1    0.00    0.00
AAS1   267.7   54.1  0  0   -0.64    1.25
AAS2   269.1   72.8  0  0    0.00    0.00
AEC1   354.7   55.3  0  0   -0.23    0.32
AEC2    26.0   26.0  0  0   -0.84    0.64
AEC3   343.0    8.8  0  0   -0.62    1.25
A10A    36.3   80.5  0  0   -1.02    1.15
A11A   289.8   89.3  0  0    0.00    0.00
A12A   238.5   83.3  0  0    0.16    1.40
             399  22  11  11 1
AAS1   267.0   52.8  1  1    0.00    0.00
AAS2   268.7   71.9 -1  1    0.00    0.00
AEC1   356.0   54.3 -1 -1    0.00    0.00
AEC2    29.6   25.8  1 -1    0.00    0.00
A07A   314.0   91.0  1  1    0.00    0.00
A08A   328.4   82.1  1  1    0.00    0.00
A09A   301.9   96.7 -1  1    0.00    0.00
A10A    37.0   80.1 -1  1    0.00    0.00
A11A   289.7   88.7  1  1    0.00    0.00
A12A   238.0   82.7  1  1    0.00    0.00
A14A   210.8   85.6  1  1    0.00    0.00
AAS1   267.0   52.8  0  0   -0.78    1.22
AAS2   268.7   71.9  0  0    0.07    1.26
AEC1   356.0   54.3  0  0   -0.17    0.28
AEC2    29.6   25.8  0  0   -0.88    0.67
A07A   314.0   91.0  0  0    0.00    0.00
A08A   328.4   82.1  0  0   -0.10    1.30
A09A   301.9   96.7  0  0    0.00    0.00
A10A    37.0   80.1  0  0   -0.94    1.13
A11A   289.7   88.7  0  0    0.00    0.00
A12A   238.0   82.7  0  0    0.06    1.35
A14A   210.8   85.6  0  0    0.15    1.57
             400  17   9   8 1
ACC1   340.8   98.4  1  1    0.00    0.00
AEC1    17.5   94.4 -1  1    0.00    0.00
AEC3    33.8   78.4  1  1    0.00    0.00
AID1    67.8   60.8  1  1    0.00    0.00
A06A   346.1  109.6  1  1    0.00    0.00
A11A   310.5  102.9  1  1    0.00    0.00
A12A   252.9   86.0  1  1    0.00    0.00
A13A   133.8   83.5  1  1    0.00    0.00
A14A   206.0   88.8  1  1    0.00    0.00
AEC1    17.5   94.4  0  0   -0.03    1.54
AEC3    33.8   78.4  0  0   -0.22    1.06
AID1    67.8   60.8  0  0   -0.33    0.78
A06A   346.1  109.6  0  0   -0.60    0.79
A11A   310.5  102.9  0  0   -0.07    1.03
A12A   252.9   86.0  0  0   -0.30    1.66
A13A   133.8   83.5  0  0    0.25    1.30
A14A   206.0   88.8  0  0    0.04    2.24
             401  21  11  10 1
AAS1   267.7   53.3  1  1    0.00    0.00
AAS2   269.1   72.2 -1  1    0.00    0.00
ACC1   313.5   77.5 -1 -1    0.00    0.00
AEC1   355.2   54.7 -1 -1    0.00    0.00
AEC2    27.0   25.9  1 -1    0.00    0.00
AEC3   346.2    8.6 -1 -1    0.00    0.00
A08A   328.3   82.3  1 -1    0.00    0.00
A10A    36.5   80.1 -1  1    0.00    0.00
A12A   238.4   82.8  1  1    0.00    0.00
A13A   170.6   74.0  1  1    0.00    0.00
A14A   211.2   85.6  1  1    0.00    0.00
AAS1   267.7   53.3  0  0   -0.63    1.46
AAS2   269.1   72.2  0  0    0.09    1.51
AEC1   355.2   54.7  0  0   -0.20    0.27
AEC2    27.0   25.9  0  0   -1.03    0.67
AEC3   346.2    8.6  0  0   -0.63    1.24
A08A   328.3   82.3  0  0   -0.65    1.29
A10A    36.5   80.1  0  0   -1.20    1.14
A12A   238.4   82.8  0  0    0.01    1.33
A13A   170.6   74.0  0  0    0.00    0.00
A14A   211.2   85.6  0  0    0.07    1.54
             402  13   8   5 1
AAS1   267.5   56.3  1  1    0.00    0.00
ACC1   314.5   81.9  1  1    0.00    0.00
AEC1   357.8   59.4 -1 -1    0.00    0.00
AEC2    32.5   30.4 -1 -1    0.00    0.00
AEC3     7.0    9.4 -1 -1    0.00    0.00
A08A   329.2   87.0  1  1    0.00    0.00
A10A    37.5   85.6 -1 -1    0.00    0.00
A11A   290.1   92.6  1  1    0.00    0.00
AAS1   267.5   56.3  0  0   -0.40    1.58
AEC1   357.8   59.4  0  0   -0.06    0.45
AEC3     7.0    9.4  0  0   -0.12    1.18
A08A   329.2   87.0  0  0   -0.16    1.76
A11A   290.1   92.6  0  0   -0.46    1.63
             403  20  10  10 1
AAS1   268.2   55.2  1  1    0.00    0.00
AAS2   269.5   74.8 -1  1    0.00    0.00
ACC1   314.5   80.5 -1  1    0.00    0.00
AEC1   357.3   58.4 -1 -1    0.00    0.00
AEC2    30.8   29.7 -1 -1    0.00    0.00
AEC3     3.2    9.8 -1 -1    0.00    0.00
A07A   314.6   93.4  1  1    0.00    0.00
A08A   329.2   85.5  1  1    0.00    0.00
A10A    37.1   83.9 -1 -1    0.00    0.00
A12A   238.1   85.6  1  1    0.00    0.00
AAS1   268.2   55.2  0  0   -0.72    1.25
AAS2   269.5   74.8  0  0    0.04    1.30
ACC1   314.5   80.5  0  0    0.00    0.00
AEC1   357.3   58.4  0  0   -0.23    0.43
AEC2    30.8   29.7  0  0   -0.67    0.57
AEC3     3.2    9.8  0  0   -0.29    1.16
A07A   314.6   93.4  0  0    0.00    0.00
A08A   329.2   85.5  0  0   -0.29    1.57
A10A    37.1   83.9  0  0   -1.08    1.33
A12A   238.1   85.6  0  0    0.14    1.62
             404  20  11   9 1
AAS1   272.1   53.6  1  1    0.00    0.00
AAS2   271.7   72.3 -1 -1    0.00    0.00
ACC1   314.9   78.4 -1 -1    0.00    0.00
AEC1   355.1   57.4 -1 -1    0.00    0.00
AEC2    21.9   29.8 -1 -1    0.00    0.00
AEC3   349.2   13.6 -1  1    0.00    0.00
AID1   181.8   30.1  1  1    0.00    0.00
A10A    35.1   80.9 -1 -1    0.00    0.00
A11A   291.1   89.0 -1 -1    0.00    0.00
A12A   240.1   82.4 -1 -1    0.00    0.00
A13A   170.4   72.6  1  1    0.00    0.00
AAS1   272.1   53.6  0  0   -0.88    2.10
AAS2   271.7   72.3  0  0    0.00    0.00
AEC1   355.1   57.4  0  0   -0.26    0.38
AEC3   349.2   13.6  0  0   -0.54    1.01
AID1   181.8   30.1  0  0    0.12    0.46
A10A    35.1   80.9  0  0   -0.82    1.18
A11A   291.1   89.0  0  0    0.00    0.00
A12A   240.1   82.4  0  0   -0.07    1.30
A13A   170.4   72.6  0  0    0.00    0.00
             405  17   9   8 1
AAS1   266.2   55.5  1  1    0.00    0.00
ACC1   313.8   80.5  1  1    0.00    0.00
AEC1   357.3   57.4 -1 -1    0.00    0.00
AEC2    33.2   28.2 -1 -1    0.00    0.00
AID1   177.0   38.4  1  1    0.00    0.00
A08A   328.8   85.5  1  1    0.00    0.00
A09A   302.0   98.9 -1  1    0.00    0.00
A10A    37.7   83.9 -1 -1    0.00    0.00
A12A   237.5   86.1  1 -1    0.00    0.00
AAS1   266.2   55.5  0  0   -0.85    1.14
AEC1   357.3   57.4  0  0   -0.06    0.40
AEC2    33.2   28.2  0  0   -0.79    0.62
AID1   177.0   38.4  0  0    0.00    0.16
A08A   328.8   85.5  0  0   -0.48    1.57
A09A   302.0   98.9  0  0    0.00    0.00
A10A    37.7   83.9  0  0   -0.63    1.33
A12A   237.5   86.1  0  0   -0.18    1.68
             406  18  10   8 1
AAS1   270.9   53.6  1 -1    0.00    0.00
AAS2   271.0   72.3 -1 -1    0.00    0.00
ACC1   314.5   78.2 -1 -1    0.00    0.00
AEC1   355.0   56.7 -1  1    0.00    0.00
AEC2    23.0   28.7  1  1    0.00    0.00
AEC3   348.0   12.2 -1  1    0.00    0.00
AID1   181.8   31.3 -1  1    0.00    0.00
A10A    35.5   80.6 -1 -1    0.00    0.00
A11A   290.7   89.0 -1 -1    0.00    0.00
A12A   239.7   82.6 -1 -1    0.00    0.00
AAS1   270.9   53.6  0  0   -0.73    1.73
AAS2   271.0   72.3  0  0    0.00    0.00
AEC1   355.0   56.7  0  0   -0.44    0.36
AEC3   348.0   12.2  0  0   -0.61    1.07
AID1   181.8   31.3  0  0    0.05    0.42
A10A    35.5   80.6  0  0   -1.00    1.16
A11A   290.7   89.0  0  0   -0.55    2.76
A12A   239.7   82.6  0  0   -0.20    1.33
             407  18  10   8 1
AAS1   270.9   53.8  1 -1    0.00    0.00
AAS2   271.0   72.6 -1 -1    0.00    0.00
ACC1   314.5   78.4  1  1    0.00    0.00
AEC1   355.0   57.0 -1 -1    0.00    0.00
AEC2    23.0   28.8  1  1    0.00    0.00
AEC3   348.0   12.2 -1  1    0.00    0.00
AID1   181.8   31.5  1  1    0.00    0.00
A10A    35.5   80.9 -1 -1    0.00    0.00
A11A   290.7   89.2 -1 -1    0.00    0.00
A12A   239.7   82.8 -1 -1    0.00    0.00
AAS1   270.9   53.8  0  0   -0.75    1.79
AAS2   271.0   72.6  0  0    0.00    0.00
AEC1   355.0   57.0  0  0   -0.46    0.37
AEC3   348.0   12.2  0  0   -0.65    1.07
AID1   181.8   31.5  0  0    0.06    0.42
A10A    35.5   80.9  0  0   -0.88    1.17
A11A   290.7   89.2  0  0    0.00    0.00
A12A   239.7   82.8  0  0   -0.18    1.34
             408  21  11  10 1
AAS1   271.5   53.6  1 -1    0.00    0.00
AAS2   271.4   72.1 -1 -1    0.00    0.00
AEC1   354.3   56.6 -1  1    0.00    0.00
AEC2    20.7   28.6  1  1    0.00    0.00
AEC3   344.5   12.9 -1  1    0.00    0.00
AID1   183.5   30.4  1  1    0.00    0.00
A08A   328.6   82.7  1  1    0.00    0.00
A10A    35.0   80.2 -1 -1    0.00    0.00
A11A   290.8   88.7 -1 -1    0.00    0.00
A12A   240.1   82.2 -1 -1    0.00    0.00
A13A   171.0   72.2 -1  1    0.00    0.00
AAS1   271.5   53.6  0  0   -0.61    1.84
AAS2   271.4   72.1  0  0   -0.09    1.75
AEC1   354.3   56.6  0  0   -0.47    0.36
AEC3   344.5   12.9  0  0   -0.60    1.05
AID1   183.5   30.4  0  0    0.09    0.45
A08A   328.6   82.7  0  0    0.06    1.32
A10A    35.0   80.2  0  0   -0.99    1.14
A11A   290.8   88.7  0  0   -0.54    2.45
A12A   240.1   82.2  0  0   -0.16    1.31
A13A   171.0   72.2  0  0    0.00    0.00
             409  19  10   9 1
AAS1   266.4   52.0  1  1    0.00    0.00
AAS2   268.3   70.6 -1  1    0.00    0.00
ACC1   312.9   75.7  1  1    0.00    0.00
AEC1   354.6   52.3 -1 -1    0.00    0.00
AEC2    27.4   23.6  1 -1    0.00    0.00
AEC3   339.6    7.0 -1 -1    0.00    0.00
A08A   327.8   80.6  1  1    0.00    0.00
A10A    36.7   78.2 -1 -1    0.00    0.00
A11A   289.4   87.2 -1  1    0.00    0.00
A12A   238.1   81.4  1  1    0.00    0.00
AAS1   266.4   52.0  0  0   -0.55    1.19
AAS2   268.3   70.6  0  0    0.00    0.00
AEC1   354.6   52.3  0  0    0.10    0.20
AEC2    27.4   23.6  0  0   -1.06    0.72
AEC3   339.6    7.0  0  0   -0.67    1.37
A08A   327.8   80.6  0  0   -0.38    1.21
A10A    36.7   78.2  0  0   -0.89    1.05
A11A   289.4   87.2  0  0   -0.29    1.90
A12A   238.1   81.4  0  0   -0.11    1.27
             410  15   8   7 1
AAS1   269.6   51.6  1  1    0.00    0.00
AAS2   270.2   70.4 -1  1    0.00    0.00
AEC1   355.3   54.2 -1 -1    0.00    0.00
AEC2    25.0   26.6  1 -1    0.00    0.00
AEC3   349.0   10.2 -1 -1    0.00    0.00
AID1   180.8   31.2 -1 -1    0.00    0.00
A10A    36.0   78.9 -1 -1    0.00    0.00
A11A   290.4   87.3  1  1    0.00    0.00
AAS1   269.6   51.6  0  0   -0.79    1.31
AAS2   270.2   70.4  0  0    0.00    0.00
AEC1   355.3   54.2  0  0   -0.54    0.28
AEC3   349.0   10.2  0  0   -0.79    1.17
AID1   180.8   31.2  0  0    0.13    0.43
A10A    36.0   78.9  0  0   -0.63    1.07
A11A   290.4   87.3  0  0    0.00    0.00
             411  17  10   7 1
AAS1   270.2   52.9  1 -1    0.00    0.00
AAS2   270.6   71.6 -1 -1    0.00    0.00
ACC1   314.3   77.4 -1 -1    0.00    0.00
AEC1   354.9   55.6 -1  1    0.00    0.00
AEC2    23.5   27.6  1  1    0.00    0.00
AEC3   347.2   11.3 -1  1    0.00    0.00
AID1   181.7   31.4  1  1    0.00    0.00
A10A    35.6   79.8 -1 -1    0.00    0.00
A11A   290.5   88.3 -1 -1    0.00    0.00
A12A   239.4   81.9 -1 -1    0.00    0.00
AAS1   270.2   52.9  0  0   -0.69    1.66
AAS2   270.6   71.6  0  0    0.00    0.00
AEC1   354.9   55.6  0  0   -0.39    0.32
AEC3   347.2   11.3  0  0   -0.57    1.11
AID1   181.7   31.4  0  0    0.12    0.42
A10A    35.6   79.8  0  0   -0.76    1.12
A12A   239.4   81.9  0  0   -0.01    1.29
             412  16   9   7 1
AAS1   265.6   52.3  1 -1    0.00    0.00
AAS2   267.9   71.5 -1 -1    0.00    0.00
ACC1   313.3   76.6 -1 -1    0.00    0.00
AEC1   356.3   53.2 -1  1    0.00    0.00
AEC2    32.2   24.8  1  1    0.00    0.00
AEC3   355.2    6.2 -1  1    0.00    0.00
AID1   178.5   35.9  1  1    0.00    0.00
A10A    37.5   79.7 -1 -1    0.00    0.00
A11A   289.4   88.3 -1 -1    0.00    0.00
AAS1   265.6   52.3  0  0   -0.57    1.32
AAS2   267.9   71.5  0  0    0.02    1.40
AEC1   356.3   53.2  0  0   -0.29    0.21
AEC3   355.2    6.2  0  0   -0.57    1.37
AID1   178.5   35.9  0  0   -0.09    0.24
A10A    37.5   79.7  0  0   -0.98    1.11
A11A   289.4   88.3  0  0    0.00    0.00
             413  16   9   7 1
AAS1   269.6   51.6  1 -1    0.00    0.00
AAS2   270.2   70.5 -1 -1    0.00    0.00
ACC1   314.4   76.3 -1 -1    0.00    0.00
AEC1   355.7   54.4 -1 -1    0.00    0.00
AEC2    25.9   26.9  1 -1    0.00    0.00
AEC3   351.7   10.2 -1 -1    0.00    0.00
AID1   180.0   31.4  1  1    0.00    0.00
A10A    36.1   79.1 -1  1    0.00    0.00
A14A   211.4   84.1  1  1    0.00    0.00
AAS1   269.6   51.6  0  0   -0.81    1.41
AAS2   270.2   70.5  0  0   -0.02    1.39
AEC1   355.7   54.4  0  0   -0.35    0.28
AEC3   351.7   10.2  0  0   -0.87    1.16
AID1   180.0   31.4  0  0    0.13    0.42
A10A    36.1   79.1  0  0   -0.89    1.08
A14A   211.4   84.1  0  0   -0.02    1.44
             414  19  10   9 1
AAS1   267.6   52.3  1  1    0.00    0.00
AAS2   269.1   71.3 -1  1    0.00    0.00
AEC1   355.6   54.0 -1 -1    0.00    0.00
AEC2    27.9   25.7 -1 -1    0.00    0.00
AEC3   349.6    8.3 -1 -1    0.00    0.00
A05A     0.0   85.1  1 -1    0.00    0.00
A08A   328.4   81.6  1  1    0.00    0.00
A10A    36.7   79.5 -1 -1    0.00    0.00
A11A   289.9   88.1  1  1    0.00    0.00
A12A   238.3   82.1  1  1    0.00    0.00
AAS1   267.6   52.3  0  0   -0.76    1.25
AAS2   269.1   71.3  0  0    0.04    1.27
AEC1   355.6   54.0  0  0   -0.38    0.27
AEC3   349.6    8.3  0  0   -0.74    1.26
A05A     0.0   85.1  0  0    0.00    0.00
A08A   328.4   81.6  0  0   -0.42    1.27
A10A    36.7   79.5  0  0   -0.91    1.10
A11A   289.9   88.1  0  0    0.00    0.00
A12A   238.3   82.1  0  0    0.00    1.31
             415  22  12  10 1
AAS1   270.2   58.3  1  1    0.00    0.00
AAS2   270.6   76.8 -1  1    0.00    0.00
ACC1   313.8   82.3  1  1    0.00    0.00
AEC1   353.7   60.4 -1 -1    0.00    0.00
AEC2    20.8   30.1 -1 -1    0.00    0.00
AEC3   340.2   13.1 -1 -1    0.00    0.00
AID1   184.2   34.8 -1 -1    0.00    0.00
A08A   328.2   86.8  1  1    0.00    0.00
A10A    35.2   84.4 -1  1    0.00    0.00
A12A   239.7   86.7  1  1    0.00    0.00
A13A   171.4   77.1  1 -1    0.00    0.00
A14A   212.2   88.9  1  1    0.00    0.00
AAS1   270.2   58.3  0  0   -0.50    1.60
AAS2   270.6   76.8  0  0   -0.01    1.60
AEC1   353.7   60.4  0  0   -0.54    0.49
AEC3   340.2   13.1  0  0   -0.57    1.06
AID1   184.2   34.8  0  0   -0.01    0.27
A08A   328.2   86.8  0  0   -0.52    1.71
A10A    35.2   84.4  0  0   -1.11    1.38
A12A   239.7   86.7  0  0   -0.26    1.73
A13A   171.4   77.1  0  0    0.00    0.00
A14A   212.2   88.9  0  0    0.00    2.29
             416  23  12  11 1
AAS1   272.1   57.1  1  1    0.00    0.00
AAS2   271.7   75.4 -1  1    0.00    0.00
ACC1   314.4   81.1  1  1    0.00    0.00
AEC1   353.5   60.0 -1 -1    0.00    0.00
AEC2    18.5   30.9 -1 -1    0.00    0.00
AEC3   341.3   14.9 -1 -1    0.00    0.00
AID1   185.4   31.9 -1 -1    0.00    0.00
A08A   328.5   85.6  1  1    0.00    0.00
A10A    34.5   82.9 -1  1    0.00    0.00
A11A   290.9   91.5 -1  1    0.00    0.00
A12A   240.5   85.0  1  1    0.00    0.00
A13A   171.4   74.9  1  1    0.00    0.00
AAS1   272.1   57.1  0  0   -0.49    2.91
AAS2   271.7   75.4  0  0    0.06    3.01
ACC1   314.4   81.1  0  0    0.00    0.00
AEC1   353.5   60.0  0  0   -0.44    0.48
AEC3   341.3   14.9  0  0   -0.61    0.98
AID1   185.4   31.9  0  0    0.02    0.40
A08A   328.5   85.6  0  0   -0.32    1.56
A10A    34.5   82.9  0  0   -1.04    1.28
A11A   290.9   91.5  0  0    0.00    0.00
A12A   240.5   85.0  0  0   -0.22    1.53
A13A   171.4   74.9  0  0    0.00    0.00
             417  16   8   8 1
AAS1   278.5   59.5  1  1    0.00    0.00
AAS2   275.6   76.9 -1 -1    0.00    0.00
AEC1   352.4   64.5 -1 -1    0.00    0.00
AEC3   341.7   23.6  1  1    0.00    0.00
A10A    32.0   84.6 -1 -1    0.00    0.00
A11A   292.7   92.3 -1 -1    0.00    0.00
A12A   243.5   85.4 -1 -1    0.00    0.00
A14A   215.0   87.3  1 -1    0.00    0.00
AAS1   278.5   59.5  0  0   -0.89    1.34
AAS2   275.6   76.9  0  0    0.00    0.00
AEC1   352.4   64.5  0  0   -0.04    0.62
AEC3   341.7   23.6  0  0   -0.50    0.71
A10A    32.0   84.6  0  0   -0.79    1.39
A11A   292.7   92.3  0  0    0.00    0.00
A12A   243.5   85.4  0  0   -0.19    1.57
A14A   215.0   87.3  0  0   -0.40    1.80
             418  23  12  11 1
AAS1   357.3   31.6  1 -1    0.00    0.00
ACC1   348.3   60.9 -1 -1    0.00    0.00
AEC1    22.5   57.6 -1 -1    0.00    0.00
AEC2    38.7   50.1  1 -1    0.00    0.00
AEC3    37.9   43.5 -1 -1    0.00    0.00
AID1    62.7   32.9 -1 -1    0.00    0.00
A05A    14.1   75.7 -1 -1    0.00    0.00
A08A   354.5   68.3  1 -1    0.00    0.00
A10A    38.7   73.4 -1 -1    0.00    0.00
A11A   317.3   65.5 -1 -1    0.00    0.00
A12A   259.2   34.5  1  1    0.00    0.00
A14A   199.4   39.4  1  1    0.00    0.00
AAS1   357.3   31.6  0  0   -0.69    0.41
AEC1    22.5   57.6  0  0   -0.33    0.41
AEC2    38.7   50.1  0  0   -1.02    0.43
AEC3    37.9   43.5  0  0   -0.71    0.44
AID1    62.7   32.9  0  0   -0.11    0.96
A05A    14.1   75.7  0  0    0.60    0.96
A08A   354.5   68.3  0  0   -0.33    0.74
A10A    38.7   73.4  0  0   -0.98    0.88
A11A   317.3   65.5  0  0    0.00    0.00
A12A   259.2   34.5  0  0   -0.13    1.36
A14A   199.4   39.4  0  0    0.16    0.25
             419  20  10  10 1
AAS1   258.1   73.1  1  1    0.00    0.00
AAS2   260.5   78.8 -1  1    0.00    0.00
ACC1   282.0   77.1  1  1    0.00    0.00
AEC1   280.7   61.8 -1 -1    0.00    0.00
AEC2   262.8   56.9 -1  1    0.00    0.00
AID1   241.0   64.5  1  1    0.00    0.00
A08A   292.5   77.1  1  1    0.00    0.00
A10A   324.2   45.7 -1 -1    0.00    0.00
A12A   245.8   83.2  1  1    0.00    0.00
A13A   217.5   71.3  1  1    0.00    0.00
AAS1   258.1   73.1  0  0   -0.89    1.04
AAS2   260.5   78.8  0  0   -0.03    1.19
ACC1   282.0   77.1  0  0    0.00    0.00
AEC1   280.7   61.8  0  0    0.07    1.74
AEC2   262.8   56.9  0  0   -0.89    1.07
AID1   241.0   64.5  0  0    0.16    0.76
A08A   292.5   77.1  0  0   -0.31    1.17
A10A   324.2   45.7  0  0   -0.63    0.53
A12A   245.8   83.2  0  0   -0.10    1.38
A13A   217.5   71.3  0  0    0.10    0.85
             420  17   9   8 1
AAS1   272.7   58.3  1  1    0.00    0.00
AAS2   272.1   76.6 -1  1    0.00    0.00
ACC1   314.6   82.5  1  1    0.00    0.00
AEC2    18.1   32.4  1 -1    0.00    0.00
AEC3   342.2   16.1 -1 -1    0.00    0.00
A08A   328.6   86.9 -1  1    0.00    0.00
A10A    34.3   84.4 -1 -1    0.00    0.00
A12A   240.7   86.2  1 -1    0.00    0.00
A13A   171.4   76.0  1  1    0.00    0.00
AAS1   272.7   58.3  0  0   -0.74    1.44
AAS2   272.1   76.6  0  0    0.12    1.39
AEC2    18.1   32.4  0  0   -0.53    0.40
AEC3   342.2   16.1  0  0   -0.66    0.97
A08A   328.6   86.9  0  0   -0.11    1.79
A10A    34.3   84.4  0  0   -0.97    1.37
A12A   240.7   86.2  0  0   -0.21    1.71
A13A   171.4   76.0  0  0    0.00    0.00
             421  17   9   8 1
AAS1   263.7   54.8  1  1    0.00    0.00
ACC1   312.6   78.6  1  1    0.00    0.00
AEC1   356.2   54.5 -1 -1    0.00    0.00
AEC2    35.0   24.6 -1 -1    0.00    0.00
AEC3   352.6    4.3 -1 -1    0.00    0.00
AID1   178.6   39.5  1 -1    0.00    0.00
A10A    38.1   81.7  1  1    0.00    0.00
A12A   236.8   85.0  1  1    0.00    0.00
A13A   170.2   77.4 -1  1    0.00    0.00
AAS1   263.7   54.8  0  0   -0.47    1.22
AEC1   356.2   54.5  0  0   -0.32    0.26
AEC2    35.0   24.6  0  0   -0.74    0.76
AEC3   352.6    4.3  0  0   -0.35    1.54
AID1   178.6   39.5  0  0    0.07    0.03
A10A    38.1   81.7  0  0   -0.46    1.22
A12A   236.8   85.0  0  0    0.13    1.51
A13A   170.2   77.4  0  0    0.04    1.03
             422  26  13  13 1
AAS1   270.2   58.6  1 -1    0.00    0.00
AAS2   270.6   76.9 -1  1    0.00    0.00
ACC1   313.7   82.4 -1 -1    0.00    0.00
AEC1   353.3   60.4 -1 -1    0.00    0.00
AEC2    19.9   30.0 -1 -1    0.00    0.00
AEC3   338.0   13.3 -1 -1    0.00    0.00
AID1   185.1   34.9  1  1    0.00    0.00
A05A   359.1   89.5  1  1    0.00    0.00
A07A   314.1   94.4  1  1    0.00    0.00
A08A   328.0   86.8  1  1    0.00    0.00
A10A    35.0   84.3 -1  1    0.00    0.00
A12A   239.8   86.8  1  1    0.00    0.00
A14A   212.4   88.9  1  1    0.00    0.00
AAS1   270.2   58.6  0  0   -0.56    1.41
AAS2   270.6   76.9  0  0   -0.03    1.42
ACC1   313.7   82.4  0  0    0.00    0.00
AEC1   353.3   60.4  0  0   -0.25    0.50
AEC2    19.9   30.0  0  0   -1.01    0.50
AEC3   338.0   13.3  0  0   -0.63    1.08
AID1   185.1   34.9  0  0    0.07    0.27
A05A   359.1   89.5  0  0   -0.10    2.62
A07A   314.1   94.4  0  0    0.00    0.00
A08A   328.0   86.8  0  0   -0.60    1.76
A10A    35.0   84.3  0  0   -0.88    1.37
A12A   239.8   86.8  0  0   -0.09    1.79
A14A   212.4   88.9  0  0   -0.10    2.41
             423  21  12   9 1
AAS1   275.2   58.4  1  1    0.00    0.00
AAS2   273.6   76.8 -1  1    0.00    0.00
ACC1   315.6   83.2 -1 -1    0.00    0.00
AEC1   354.2   63.2  1  1    0.00    0.00
AEC2    17.4   35.1 -1 -1    0.00    0.00
AEC3   346.7   19.0 -1 -1    0.00    0.00
AID1   185.1   29.5 -1 -1    0.00    0.00
A05A   359.3   90.7  1  1    0.00    0.00
A10A    33.9   85.3 -1  1    0.00    0.00
A11A   291.9   92.7 -1 -1    0.00    0.00
A12A   241.6   86.2  1  1    0.00    0.00
A13A   170.9   75.4 -1 -1    0.00    0.00
AAS1   275.2   58.4  0  0   -0.58    2.00
AAS2   273.6   76.8  0  0   -0.09    1.67
AEC1   354.2   63.2  0  0   -0.24    0.59
AEC3   346.7   19.0  0  0   -0.46    0.85
AID1   185.1   29.5  0  0   -0.19    0.48
A10A    33.9   85.3  0  0   -1.08    1.45
A11A   291.9   92.7  0  0    0.00    0.00
A12A   241.6   86.2  0  0   -0.04    1.68
A13A   170.9   75.4  0  0    0.00    0.00
             424  20  11   9 1
AAS1   272.1   58.0  1 -1    0.00    0.00
AAS2   271.7   76.8 -1 -1    0.00    0.00
ACC1   314.8   82.8 -1 -1    0.00    0.00
AEC1   354.7   61.7 -1 -1    0.00    0.00
AEC2    21.1   32.6 -1 -1    0.00    0.00
AEC3   347.2   15.1 -1 -1    0.00    0.00
AID1   182.8   33.1  1  1    0.00    0.00
A08A   328.9   87.3  1  1    0.00    0.00
A10A    35.0   85.2 -1  1    0.00    0.00
A11A   291.1   92.7 -1 -1    0.00    0.00
A13A   170.7   76.9  1  1    0.00    0.00
AAS1   272.1   58.0  0  0   -0.52    1.61
AAS2   271.7   76.8  0  0    0.31    1.54
AEC1   354.7   61.7  0  0   -0.43    0.54
AEC3   347.2   15.1  0  0   -0.00    0.97
AID1   182.8   33.1  0  0    0.01    0.35
A08A   328.9   87.3  0  0   -0.29    1.90
A10A    35.0   85.2  0  0   -0.66    1.41
A11A   291.1   92.7  0  0    0.00    0.00
A13A   170.7   76.9  0  0   -0.20    1.00
             425  14   8   6 1
AAS1   273.9   59.5  1  1    0.00    0.00
ACC1   315.0   84.1  1 -1    0.00    0.00
AEC1   353.7   63.4 -1 -1    0.00    0.00
AEC2    17.3   34.4 -1 -1    0.00    0.00
AEC3   343.8   18.0 -1 -1    0.00    0.00
AID1   185.8   31.6  1  1    0.00    0.00
A05A   359.1   91.1 -1 -1    0.00    0.00
A11A   291.5   93.4 -1  1    0.00    0.00
AAS1   273.9   59.5  0  0   -0.62    1.63
AEC1   353.7   63.4  0  0   -0.48    0.60
AEC3   343.8   18.0  0  0    0.06    0.90
AID1   185.8   31.6  0  0    0.00    0.00
A05A   359.1   91.1  0  0    0.00    0.00
A11A   291.5   93.4  0  0    0.00    0.00
             426  20  11   9 1
AAS1   272.1   59.2  1 -1    0.00    0.00
AAS2   271.7   78.0 -1 -1    0.00    0.00
ACC1   314.8   84.1 -1 -1    0.00    0.00
AEC1   354.7   62.8 -1 -1    0.00    0.00
AEC2    21.1   33.4 -1 -1    0.00    0.00
AEC3   347.2   15.5 -1 -1    0.00    0.00
AID1   182.8   33.9  1  1    0.00    0.00
A08A   328.9   88.6 -1 -1    0.00    0.00
A10A    35.0   86.6 -1  1    0.00    0.00
A11A   291.1   93.6 -1 -1    0.00    0.00
A13A   170.7   78.1  1  1    0.00    0.00
AAS1   272.1   59.2  0  0   -0.43    1.76
AAS2   271.7   78.0  0  0    0.29    1.78
AEC1   354.7   62.8  0  0   -0.39    0.57
AEC3   347.2   15.5  0  0    0.02    0.94
AID1   182.8   33.9  0  0    0.04    0.32
A08A   328.9   88.6  0  0   -0.24    2.37
A10A    35.0   86.6  0  0   -0.64    1.53
A11A   291.1   93.6  0  0    0.00    0.00
A13A   170.7   78.1  0  0    0.00    0.00
             427  18   9   9 1
AAS1   276.5   56.8  1  1    0.00    0.00
AAS2   274.3   75.3 -1  1    0.00    0.00
AEC1   355.0   62.7 -1 -1    0.00    0.00
AEC2    18.1   35.7 -1 -1    0.00    0.00
AEC3   350.6   19.7 -1 -1    0.00    0.00
AID1   183.3   27.4  1  1    0.00    0.00
A10A    33.9   84.2 -1  1    0.00    0.00
A11A   292.4   91.8 -1 -1    0.00    0.00
A12A   241.9   84.7  1  1    0.00    0.00
AAS1   276.5   56.8  0  0   -0.62    2.36
AAS2   274.3   75.3  0  0    0.00    0.00
AEC1   355.0   62.7  0  0   -0.21    0.57
AEC2    18.1   35.7  0  0   -0.86    0.28
AEC3   350.6   19.7  0  0   -0.54    0.82
AID1   183.3   27.4  0  0   -0.09    0.56
A10A    33.9   84.2  0  0   -0.88    1.34
A11A   292.4   91.8  0  0    0.00    0.00
A12A   241.9   84.7  0  0   -0.09    1.55
             428  17   9   8 1
AAS1   278.9   59.3  1 -1    0.00    0.00
AAS2   275.8   77.5 -1 -1    0.00    0.00
ACC1   316.8   84.6 -1 -1    0.00    0.00
AEC2    15.4   39.2 -1 -1    0.00    0.00
AEC3   349.3   23.6 -1 -1    0.00    0.00
AID1   186.0   25.8 -1  1    0.00    0.00
A10A    32.9   86.5 -1  1    0.00    0.00
A11A   293.1   93.3 -1 -1    0.00    0.00
A12A   243.0   86.6  1  1    0.00    0.00
AAS1   278.9   59.3  0  0    0.13    1.99
AAS2   275.8   77.5  0  0    0.00    0.00
AEC2    15.4   39.2  0  0    0.50    0.07
AEC3   349.3   23.6  0  0    0.31    0.71
AID1   186.0   25.8  0  0    0.43    0.61
A10A    32.9   86.5  0  0   -0.21    1.55
A11A   293.1   93.3  0  0    0.00    0.00
A12A   243.0   86.6  0  0   -0.07    1.79
             429  22  11  11 1
AAS1   275.9   58.5  1  1    0.00    0.00
AAS2   274.0   77.2 -1  1    0.00    0.00
ACC1   316.1   83.9  1  1    0.00    0.00
AEC1   355.0   64.1 -1 -1    0.00    0.00
AEC2    18.5   36.4 -1 -1    0.00    0.00
AID1   183.2   29.2 -1 -1    0.00    0.00
A07A   315.5   95.2  1  1    0.00    0.00
A10A    34.0   86.2 -1  1    0.00    0.00
A11A   292.2   93.1  1  1    0.00    0.00
A12A   241.6   86.7  1  1    0.00    0.00
A14A   213.1   88.8  1  1    0.00    0.00
AAS1   275.9   58.5  0  0   -0.73    1.94
AAS2   274.0   77.2  0  0    0.21    1.61
ACC1   316.1   83.9  0  0    0.00    0.00
AEC1   355.0   64.1  0  0    0.04    0.62
AEC2    18.5   36.4  0  0   -0.61    0.25
AID1   183.2   29.2  0  0   -0.10    0.50
A07A   315.5   95.2  0  0    0.00    0.00
A10A    34.0   86.2  0  0   -0.76    1.53
A11A   292.2   93.1  0  0    0.00    0.00
A12A   241.6   86.7  0  0   -0.04    1.77
A14A   213.1   88.8  0  0   -0.03    2.31
             430  20  11   9 1
AAS1   275.2   57.6  1  1    0.00    0.00
AAS2   273.6   76.1 -1  1    0.00    0.00
ACC1   315.7   82.5  1 -1    0.00    0.00
AEC1   354.6   62.6 -1 -1    0.00    0.00
AEC2    18.2   34.8 -1 -1    0.00    0.00
AEC3   348.3   18.6 -1 -1    0.00    0.00
AID1   184.1   29.1  1  1    0.00    0.00
A05A   359.4   90.3 -1 -1    0.00    0.00
A08A   329.4   86.9  1 -1    0.00    0.00
A11A   292.0   92.2  1  1    0.00    0.00
A12A   241.5   85.5  1  1    0.00    0.00
AAS1   275.2   57.6  0  0   -0.61    1.80
AAS2   273.6   76.1  0  0    0.26    1.56
AEC1   354.6   62.6  0  0   -0.27    0.57
AEC3   348.3   18.6  0  0   -0.06    0.86
AID1   184.1   29.1  0  0    0.08    0.50
A05A   359.4   90.3  0  0   -0.38    2.56
A08A   329.4   86.9  0  0   -0.22    1.82
A11A   292.0   92.2  0  0    0.00    0.00
A12A   241.5   85.5  0  0    0.08    1.65
             431  21  11  10 1
AAS1   275.3   56.7  1 -1    0.00    0.00
AAS2   273.6   75.3 -1 -1    0.00    0.00
ACC1   315.9   81.7  1  1    0.00    0.00
AEC1   355.0   62.0 -1 -1    0.00    0.00
AEC2    18.9   34.5 -1 -1    0.00    0.00
AEC3   349.8   18.2 -1 -1    0.00    0.00
AID1   183.1   28.7  1  1    0.00    0.00
A05A   359.6   89.8  1  1    0.00    0.00
A08A   329.6   86.3  1  1    0.00    0.00
A10A    34.2   84.0 -1 -1    0.00    0.00
A11A   292.0   91.7 -1 -1    0.00    0.00
AAS1   275.3   56.7  0  0   -0.57    1.34
AAS2   273.6   75.3  0  0    0.30    1.41
AEC1   355.0   62.0  0  0   -0.47    0.54
AEC2    18.9   34.5  0  0   -0.90    0.42
AEC3   349.8   18.2  0  0   -0.05    0.84
AID1   183.1   28.7  0  0    0.04    0.52
A05A   359.6   89.8  0  0    0.00    0.00
A08A   329.6   86.3  0  0   -0.28    1.64
A10A    34.2   84.0  0  0   -0.64    1.35
A11A   292.0   91.7  0  0    0.00    0.00
             432  15   8   7 1
AAS1   278.6   57.9  1 -1    0.00    0.00
AEC1   352.7   63.1  1  1    0.00    0.00
AEC3   342.9   22.7 -1 -1    0.00    0.00
A06A   333.1   95.5  1  1    0.00    0.00
A10A    32.1   83.3 -1  1    0.00    0.00
A11A   292.8   91.2 -1  1    0.00    0.00
A13A   171.9   71.6  1  1    0.00    0.00
A14A   214.9   86.0  1  1    0.00    0.00
AAS1   278.6   57.9  0  0    0.00    0.00
AEC1   352.7   63.1  0  0   -0.34    0.59
AEC3   342.9   22.7  0  0   -0.57    0.76
A06A   333.1   95.5  0  0    0.00    0.00
A10A    32.1   83.3  0  0   -0.38    1.31
A11A   292.8   91.2  0  0    0.00    0.00
A13A   171.9   71.6  0  0    0.00    0.00
             433  15   8   7 1
AAS1   269.0   57.2  1  1    0.00    0.00
AEC1   354.4   58.9 -1 -1    0.00    0.00
AEC2    23.8   28.8 -1 -1    0.00    0.00
AEC3   342.6   11.1 -1 -1    0.00    0.00
AID1   182.5   35.6  1  1    0.00    0.00
A10A    35.8   83.6 -1  1    0.00    0.00
A11A   290.1   91.9 -1  1    0.00    0.00
A12A   239.1   86.0  1  1    0.00    0.00
AAS1   269.0   57.2  0  0   -0.26    1.31
AEC1   354.4   58.9  0  0   -0.49    0.45
AEC3   342.6   11.1  0  0   -0.61    1.15
AID1   182.5   35.6  0  0   -0.00    0.24
A10A    35.8   83.6  0  0   -0.78    1.30
A11A   290.1   91.9  0  0    0.00    0.00
A12A   239.1   86.0  0  0   -0.13    1.72
             434  17   9   8 1
AAS1   274.9   61.0  1  1    0.00    0.00
AEC1   357.6   68.0 -1 -1    0.00    0.00
AEC2    24.8   40.1  1 -1    0.00    0.00
AEC3     1.8   20.0 -1  1    0.00    0.00
AID1   176.0   33.8  1  1    0.00    0.00
A05A     0.7   95.0 -1 -1    0.00    0.00
A08A   330.5   92.4 -1 -1    0.00    0.00
A10A    35.5   91.2 -1 -1    0.00    0.00
A11A   292.2   96.7 -1  1    0.00    0.00
AAS1   274.9   61.0  0  0   -0.63    1.51
AEC1   357.6   68.0  0  0   -0.31    0.72
AEC3     1.8   20.0  0  0   -0.05    0.78
AID1   176.0   33.8  0  0    0.00    0.00
A05A     0.7   95.0  0  0    0.12    1.46
A08A   330.5   92.4  0  0   -0.17    1.68
A10A    35.5   91.2  0  0   -0.56    2.43
A11A   292.2   96.7  0  0    0.00    0.00
             435  23  12  11 1
AAS1   273.4   57.8  1 -1    0.00    0.00
AAS2   272.5   76.5 -1 -1    0.00    0.00
ACC1   315.2   82.7  1  1    0.00    0.00
AEC1   354.8   62.1 -1 -1    0.00    0.00
AEC2    20.1   33.6 -1 -1    0.00    0.00
AEC3   348.4   16.5  1  1    0.00    0.00
AID1   182.9   31.5  1  1    0.00    0.00
A03A   350.0   97.9  1  1    0.00    0.00
A08A   329.2   87.2  1  1    0.00    0.00
A10A    34.6   85.0 -1 -1    0.00    0.00
A11A   291.5   92.5 -1 -1    0.00    0.00
A13A   170.6   76.1 -1  1    0.00    0.00
AAS1   273.4   57.8  0  0   -0.39    2.64
AAS2   272.5   76.5  0  0    0.34    2.06
AEC1   354.8   62.1  0  0   -0.38    0.55
AEC2    20.1   33.6  0  0   -0.44    0.40
AEC3   348.4   16.5  0  0    0.06    0.91
AID1   182.9   31.5  0  0    0.10    0.41
A03A   350.0   97.9  0  0    0.00    0.00
A08A   329.2   87.2  0  0   -0.26    1.81
A10A    34.6   85.0  0  0   -0.65    1.43
A11A   291.5   92.5  0  0    0.00    0.00
A13A   170.6   76.1  0  0    0.00    0.00
             436  14   8   6 1
AAS1   269.0   57.7  1  1    0.00    0.00
AAS2   269.9   75.8 -1  1    0.00    0.00
AEC1   352.8   58.4 -1 -1    0.00    0.00
AEC2    19.9   27.7  1 -1    0.00    0.00
AEC3   332.6   11.7 -1 -1    0.00    0.00
AID1   185.7   35.3 -1 -1    0.00    0.00
A10A    35.2   82.6 -1  1    0.00    0.00
A12A   239.4   85.7  1  1    0.00    0.00
AAS1   269.0   57.7  0  0   -0.39    1.29
AAS2   269.9   75.8  0  0    0.00    0.00
AEC1   352.8   58.4  0  0   -0.42    0.44
AEC3   332.6   11.7  0  0   -0.44    1.17
AID1   185.7   35.3  0  0    0.15    0.25
A12A   239.4   85.7  0  0   -0.31    1.63
             437  21  11  10 1
AAS1   281.2   58.5  1  1    0.00    0.00
AAS2   277.4   75.4 -1 -1    0.00    0.00
ACC1   316.6   82.1  1  1    0.00    0.00
AEC1   352.0   64.3  1  1    0.00    0.00
AEC2     8.6   38.7 -1  1    0.00    0.00
AEC3   342.1   26.1 -1  1    0.00    0.00
A05A   358.1   89.6  1  1    0.00    0.00
A10A    30.9   83.2 -1 -1    0.00    0.00
A11A   293.5   91.1 -1 -1    0.00    0.00
A12A   244.9   83.5 -1 -1    0.00    0.00
A14A   216.0   85.2 -1 -1    0.00    0.00
AAS1   281.2   58.5  0  0   -1.06    1.21
AAS2   277.4   75.4  0  0    0.00    0.00
AEC1   352.0   64.3  0  0   -0.12    0.62
AEC2     8.6   38.7  0  0   -0.30    0.09
AEC3   342.1   26.1  0  0   -0.31    0.64
A05A   358.1   89.6  0  0    0.00    0.00
A10A    30.9   83.2  0  0   -0.89    1.30
A11A   293.5   91.1  0  0    0.00    0.00
A12A   244.9   83.5  0  0   -0.34    1.41
A14A   216.0   85.2  0  0   -0.25    1.53
             438  17  10   7 1
AAS1   282.6   59.9  1 -1    0.00    0.00
AAS2   278.3   76.3 -1  1    0.00    0.00
ACC1   316.7   82.9 -1 -1    0.00    0.00
AEC1   350.9   65.6 -1 -1    0.00    0.00
AEC2     5.5   40.4 -1 -1    0.00    0.00
AEC3   339.6   28.7 -1 -1    0.00    0.00
A10A    29.9   83.6 -1  1    0.00    0.00
A11A   293.9   91.5 -1 -1    0.00    0.00
A12A   246.0   83.9  1  1    0.00    0.00
A14A   217.0   85.3  1  1    0.00    0.00
AAS1   282.6   59.9  0  0   -0.87    1.51
AAS2   278.3   76.3  0  0    0.00    0.00
AEC1   350.9   65.6  0  0   -0.08    0.67
AEC3   339.6   28.7  0  0   -0.23    0.63
A11A   293.9   91.5  0  0    0.00    0.00
A12A   246.0   83.9  0  0    0.02    1.48
A14A   217.0   85.3  0  0   -0.38    1.57
             439  25  13  12 1
AAS1   271.5   55.4  1  1    0.00    0.00
AAS2   271.3   73.7 -1  1    0.00    0.00
ACC1   314.3   79.5  1  1    0.00    0.00
AEC1   353.9   58.1 -1 -1    0.00    0.00
AEC2    19.8   29.4 -1 -1    0.00    0.00
AEC3   342.4   13.5 -1 -1    0.00    0.00
AID1   184.4   31.5  1 -1    0.00    0.00
A08A   328.5   84.1  1  1    0.00    0.00
A10A    34.8   81.5 -1  1    0.00    0.00
A11A   290.8   90.1 -1  1    0.00    0.00
A12A   240.2   83.6  1  1    0.00    0.00
A13A   171.2   73.7 -1  1    0.00    0.00
A14A   212.5   86.1  1  1    0.00    0.00
AAS1   271.5   55.4  0  0   -0.66    1.44
AAS2   271.3   73.7  0  0   -0.10    1.39
ACC1   314.3   79.5  0  0    0.00    0.00
AEC1   353.9   58.1  0  0   -0.24    0.43
AEC3   342.4   13.5  0  0   -0.48    1.05
AID1   184.4   31.5  0  0   -0.18    0.42
A08A   328.5   84.1  0  0   -0.38    1.43
A10A    34.8   81.5  0  0   -1.08    1.20
A11A   290.8   90.1  0  0    0.00    0.00
A12A   240.2   83.6  0  0   -0.29    1.42
A13A   171.2   73.7  0  0    0.00    0.00
A14A   212.5   86.1  0  0   -0.33    1.62
             440  27  14  13 1
AAS1   275.3   57.9  1  1    0.00    0.00
AAS2   273.6   76.5 -1  1    0.00    0.00
ACC1   315.9   83.1 -1  1    0.00    0.00
AEC1   355.0   63.2 -1 -1    0.00    0.00
AEC2    18.9   35.4 -1 -1    0.00    0.00
AEC3   349.8   18.8 -1 -1    0.00    0.00
AID1   183.1   29.5  1  1    0.00    0.00
A03A   350.1   98.0  1 -1    0.00    0.00
A05A   359.6   90.7 -1 -1    0.00    0.00
A08A   329.6   87.5  1 -1    0.00    0.00
A09A   303.2   99.5  1  1    0.00    0.00
A10A    34.2   85.4 -1 -1    0.00    0.00
A11A   292.0   92.6  1  1    0.00    0.00
A12A   241.4   86.1  1  1    0.00    0.00
AAS1   275.3   57.9  0  0   -0.37    1.77
AAS2   273.6   76.5  0  0    0.21    1.54
AEC1   355.0   63.2  0  0   -0.33    0.59
AEC2    18.9   35.4  0  0   -0.73    0.29
AEC3   349.8   18.8  0  0   -0.09    0.86
AID1   183.1   29.5  0  0    0.06    0.49
A03A   350.1   98.0  0  0    0.00    0.00
A05A   359.6   90.7  0  0   -0.51    2.23
A08A   329.6   87.5  0  0   -0.21    1.94
A09A   303.2   99.5  0  0    0.00    0.00
A10A    34.2   85.4  0  0   -0.31    1.44
A11A   292.0   92.6  0  0    0.00    0.00
A12A   241.4   86.1  0  0   -0.00    1.72
             441  19  11   8 1
AAS1   278.8   58.1  1 -1    0.00    0.00
AAS2   275.8   76.1 -1 -1    0.00    0.00
ACC1   316.7   82.9  1  1    0.00    0.00
AEC1   354.2   64.4  1  1    0.00    0.00
AEC2    14.7   37.9  1  1    0.00    0.00
AEC3   348.0   22.9 -1  1    0.00    0.00
A05A   359.1   91.2 -1 -1    0.00    0.00
A10A    32.8   84.8 -1 -1    0.00    0.00
A11A   293.0   92.2 -1 -1    0.00    0.00
A12A   243.1   85.0 -1 -1    0.00    0.00
A14A   214.3   87.1 -1 -1    0.00    0.00
AAS1   278.8   58.1  0  0   -0.49    1.32
AAS2   275.8   76.1  0  0    0.00    0.00
AEC1   354.2   64.4  0  0   -0.39    0.62
AEC3   348.0   22.9  0  0   -0.42    0.71
A05A   359.1   91.2  0  0    0.00    0.00
A11A   293.0   92.2  0  0    0.00    0.00
A12A   243.1   85.0  0  0   -0.17    1.52
A14A   214.3   87.1  0  0    0.00    0.00
             442  17   9   8 1
AAS1   267.0   56.1  1  1    0.00    0.00
AEC1   355.1   57.1 -1 -1    0.00    0.00
AEC2    27.7   27.0 -1 -1    0.00    0.00
AEC3   344.9    8.4 -1 -1    0.00    0.00
A05A   359.9   88.0 -1 -1    0.00    0.00
A10A    36.7   82.6 -1 -1    0.00    0.00
A11A   289.6   91.3 -1  1    0.00    0.00
A12A   238.2   85.5 -1 -1    0.00    0.00
A13A   170.7   77.0  1  1    0.00    0.00
AAS1   267.0   56.1  0  0   -0.53    1.17
AEC1   355.1   57.1  0  0   -0.32    0.39
AEC3   344.9    8.4  0  0   -0.40    1.27
A05A   359.9   88.0  0  0    0.00    0.00
A10A    36.7   82.6  0  0   -0.73    1.25
A11A   289.6   91.3  0  0   -0.44    1.80
A12A   238.2   85.5  0  0   -0.11    1.60
A13A   170.7   77.0  0  0    0.00    0.00
             443  15   8   7 1
AAS1   276.5   59.1  1  1    0.00    0.00
ACC1   316.3   84.7  1  1    0.00    0.00
AEC1   355.0   65.1 -1 -1    0.00    0.00
AEC2    18.1   37.5  1 -1    0.00    0.00
AEC3   350.6   20.8 -1 -1    0.00    0.00
AID1   183.3   28.8 -1 -1    0.00    0.00
A10A    33.9   86.9 -1 -1    0.00    0.00
A11A   292.4   93.6  1  1    0.00    0.00
AAS1   276.5   59.1  0  0   -0.58    1.95
AEC1   355.0   65.1  0  0   -0.15    0.64
AEC2    18.1   37.5  0  0   -0.70    0.19
AEC3   350.6   20.8  0  0   -0.42    0.79
AID1   183.3   28.8  0  0    0.00    0.51
A10A    33.9   86.9  0  0   -1.04    1.61
A11A   292.4   93.6  0  0    0.00    0.00
             444  21  11  10 1
AAS1   269.0   56.9  1 -1    0.00    0.00
AAS2   269.9   75.1 -1 -1    0.00    0.00
ACC1   313.2   80.3  1  1    0.00    0.00
AEC1   353.2   57.9 -1  1    0.00    0.00
AEC2    20.9   27.6  1  1    0.00    0.00
AEC3   335.1   11.3 -1  1    0.00    0.00
AID1   184.9   34.8  1  1    0.00    0.00
A10A    35.3   82.1 -1 -1    0.00    0.00
A11A   290.0   91.1 -1 -1    0.00    0.00
A12A   239.3   85.1 -1 -1    0.00    0.00
A14A   212.1   87.5  1 -1    0.00    0.00
AAS1   269.0   56.9  0  0   -0.66    1.54
AAS2   269.9   75.1  0  0    0.00    0.00
AEC1   353.2   57.9  0  0   -0.04    0.41
AEC2    20.9   27.6  0  0   -0.80    0.59
AEC3   335.1   11.3  0  0   -0.38    1.15
AID1   184.9   34.8  0  0    0.25    0.28
A10A    35.3   82.1  0  0   -1.00    1.24
A11A   290.0   91.1  0  0   -0.66    1.90
A12A   239.3   85.1  0  0   -0.36    1.53
A14A   212.1   87.5  0  0   -0.19    1.82
             445  27  14  13 1
AAS1   269.0   58.0  1 -1    0.00    0.00
AAS2   269.9   76.1 -1 -1    0.00    0.00
ACC1   313.1   81.3 -1 -1    0.00    0.00
AEC1   352.8   58.7 -1 -1    0.00    0.00
AEC2    19.9   27.9  1  1    0.00    0.00
AEC3   332.6   11.8 -1  1    0.00    0.00
AID1   185.7   35.5  1  1    0.00    0.00
A06A   332.2   95.5  1  1    0.00    0.00
A07A   313.7   93.7  1  1    0.00    0.00
A08A   327.6   85.7  1  1    0.00    0.00
A10A    35.2   83.0 -1 -1    0.00    0.00
A11A   289.9   91.8 -1 -1    0.00    0.00
A12A   239.4   86.0  1 -1    0.00    0.00
A14A   212.3   88.3  1 -1    0.00    0.00
AAS1   269.0   58.0  0  0   -0.40    1.53
AAS2   269.9   76.1  0  0   -0.12    1.57
AEC1   352.8   58.7  0  0   -0.19    0.44
AEC2    19.9   27.9  0  0   -0.71    0.58
AEC3   332.6   11.8  0  0   -0.49    1.14
AID1   185.7   35.5  0  0    0.31    0.25
A06A   332.2   95.5  0  0    0.00    0.00
A07A   313.7   93.7  0  0    0.00    0.00
A08A   327.6   85.7  0  0   -0.63    1.59
A10A    35.2   83.0  0  0   -0.96    1.28
A11A   289.9   91.8  0  0    0.00    0.00
A12A   239.4   86.0  0  0   -0.25    1.65
A14A   212.3   88.3  0  0   -0.18    2.04
             446  23  12  11 1
AAS1   269.6   56.9  1  1    0.00    0.00
AAS2   270.2   74.9 -1  1    0.00    0.00
ACC1   313.2   80.1 -1 -1    0.00    0.00
AEC1   352.4   57.9 -1 -1    0.00    0.00
AEC2    18.4   27.6  1 -1    0.00    0.00
AEC3   332.1   12.3 -1 -1    0.00    0.00
AID1   186.6   33.9  1  1    0.00    0.00
A06A   332.1   94.7  1  1    0.00    0.00
A08A   327.6   84.6  1  1    0.00    0.00
A10A    34.8   81.7 -1  1    0.00    0.00
A12A   239.7   84.7  1  1    0.00    0.00
A14A   212.5   87.0  1  1    0.00    0.00
AAS1   269.6   56.9  0  0   -0.40    1.66
AAS2   270.2   74.9  0  0   -0.05    1.68
AEC1   352.4   57.9  0  0   -0.14    0.40
AEC2    18.4   27.6  0  0   -0.85    0.58
AEC3   332.1   12.3  0  0   -0.49    1.12
AID1   186.6   33.9  0  0    0.24    0.32
A06A   332.1   94.7  0  0    0.00    0.00
A08A   327.6   84.6  0  0   -0.48    1.44
A10A    34.8   81.7  0  0   -0.94    1.22
A12A   239.7   84.7  0  0   -0.20    1.46
A14A   212.5   87.0  0  0   -0.14    1.71
             447  15   8   7 1
AAS1   272.6   58.0  1 -1    0.00    0.00
ACC1   314.3   81.6  1  1    0.00    0.00
AEC2    16.3   31.4  1  1    0.00    0.00
AEC3   338.5   16.1  1  1    0.00    0.00
AID1   187.4   31.6  1  1    0.00    0.00
A10A    34.0   83.3 -1 -1    0.00    0.00
A11A   291.0   91.8 -1 -1    0.00    0.00
A12A   240.9   85.4  1 -1    0.00    0.00
AAS1   272.6   58.0  0  0   -0.36    1.99
AEC2    16.3   31.4  0  0   -0.34    0.47
AEC3   338.5   16.1  0  0   -0.24    0.95
AID1   187.4   31.6  0  0    0.05    0.42
A10A    34.0   83.3  0  0   -0.76    1.30
A11A   291.0   91.8  0  0    0.00    0.00
A12A   240.9   85.4  0  0    0.03    1.56
             448  18  10   8 1
AAS1   273.2   56.8  1 -1    0.00    0.00
AAS2   272.4   74.6 -1 -1    0.00    0.00
ACC1   314.3   80.3 -1 -1    0.00    0.00
AEC2    15.0   30.9  1 -1    0.00    0.00
AEC3   337.8   16.4 -1 -1    0.00    0.00
AID1   188.5   30.0  1  1    0.00    0.00
A10A    33.7   81.8 -1  1    0.00    0.00
A11A   291.2   90.5 -1 -1    0.00    0.00
A12A   241.2   84.0  1  1    0.00    0.00
A14A   213.5   86.2  1  1    0.00    0.00
AAS1   273.2   56.8  0  0   -0.49    1.63
AAS2   272.4   74.6  0  0    0.00    0.00
AEC3   337.8   16.4  0  0   -0.22    0.98
AID1   188.5   30.0  0  0    0.08    0.47
A10A    33.7   81.8  0  0   -0.95    1.21
A11A   291.2   90.5  0  0    0.00    0.00
A12A   241.2   84.0  0  0   -0.14    1.47
A14A   213.5   86.2  0  0   -0.07    1.66
             449  13   8   5 1
AAS1   273.1   58.6  1 -1    0.00    0.00
ACC1   313.7   81.3 -1 -1    0.00    0.00
AEC2    11.4   31.0  1  1    0.00    0.00
AEC3   331.4   17.5  1  1    0.00    0.00
AID1   192.3   30.8  1  1    0.00    0.00
A10A    33.0   82.3 -1 -1    0.00    0.00
A11A   290.9   91.4 -1 -1    0.00    0.00
A12A   241.6   85.0  1 -1    0.00    0.00
AEC2    11.4   31.0  0  0   -0.40    0.45
AEC3   331.4   17.5  0  0   -0.11    0.94
AID1   192.3   30.8  0  0   -0.16    0.47
A10A    33.0   82.3  0  0   -0.73    1.24
A12A   241.6   85.0  0  0   -0.21    1.53
             450  20  11   9 1
AAS1   267.7   56.3  1  1    0.00    0.00
AAS2   269.1   74.8 -1  1    0.00    0.00
ACC1   313.1   79.9 -1 -1    0.00    0.00
AEC1   353.9   57.0 -1 -1    0.00    0.00
AEC2    24.1   26.7  1 -1    0.00    0.00
AEC3   337.0    9.5 -1 -1    0.00    0.00
AID1   183.1   36.0  1  1    0.00    0.00
A10A    36.0   82.0 -1  1    0.00    0.00
A11A   289.7   91.0 -1 -1    0.00    0.00
A12A   238.7   85.1  1  1    0.00    0.00
A14A   211.6   87.6  1  1    0.00    0.00
AAS1   267.7   56.3  0  0   -0.51    1.26
AAS2   269.1   74.8  0  0    0.00    0.00
AEC1   353.9   57.0  0  0   -0.38    0.39
AEC3   337.0    9.5  0  0   -0.51    1.24
AID1   183.1   36.0  0  0    0.09    0.22
A10A    36.0   82.0  0  0   -0.82    1.21
A11A   289.7   91.0  0  0    0.00    0.00
A12A   238.7   85.1  0  0   -0.30    1.60
A14A   211.6   87.6  0  0    0.00    0.00
             451  21  11  10 1
AAS1   269.6   58.0  1 -1    0.00    0.00
AAS2   270.2   75.8 -1 -1    0.00    0.00
ACC1   313.0   80.9  1 -1    0.00    0.00
AEC1   352.0   58.6 -1 -1    0.00    0.00
AEC2    17.4   27.9  1 -1    0.00    0.00
AEC3   330.0   12.8 -1 -1    0.00    0.00
AID1   187.5   34.5  1  1    0.00    0.00
A10A    34.6   82.3 -1  1    0.00    0.00
A11A   290.0   91.5 -1 -1    0.00    0.00
A12A   239.8   85.5  1  1    0.00    0.00
A14A   212.7   87.7  1  1    0.00    0.00
AAS1   269.6   58.0  0  0   -0.53    1.36
AAS2   270.2   75.8  0  0    0.00    0.00
AEC1   352.0   58.6  0  0   -0.06    0.45
AEC2    17.4   27.9  0  0   -0.68    0.56
AEC3   330.0   12.8  0  0   -0.40    1.14
AID1   187.5   34.5  0  0    0.22    0.29
A10A    34.6   82.3  0  0   -0.97    1.23
A11A   290.0   91.5  0  0    0.00    0.00
A12A   239.8   85.5  0  0   -0.10    1.63
A14A   212.7   87.7  0  0   -0.01    1.95
             452  15   8   7 1
AAS1   270.8   57.5  1 -1    0.00    0.00
AAS2   271.0   75.3 -1 -1    0.00    0.00
ACC1   313.5   80.6  1  1    0.00    0.00
AEC2    16.5   28.9  1  1    0.00    0.00
AID1   187.8   33.0  1  1    0.00    0.00
A10A    34.3   82.1 -1 -1    0.00    0.00
A12A   240.3   84.9  1 -1    0.00    0.00
A14A   212.9   87.1  1 -1    0.00    0.00
AAS1   270.8   57.5  0  0   -0.40    1.75
AAS2   271.0   75.3  0  0   -0.05    1.71
AEC2    16.5   28.9  0  0   -0.33    0.53
AID1   187.8   33.0  0  0    0.23    0.36
A10A    34.3   82.1  0  0   -1.03    1.23
A12A   240.3   84.9  0  0   -0.19    1.53
A14A   212.9   87.1  0  0   -0.18    1.78
             453  14   8   6 1
AAS1   285.4   59.1  1  1    0.00    0.00
AAS2   279.8   76.6  1  1    0.00    0.00
ACC1   319.0   84.3 -1  1    0.00    0.00
AEC1   355.0   68.1  1 -1    0.00    0.00
AEC3   352.2   30.5 -1 -1    0.00    0.00
A08A   331.4   88.4  1  1    0.00    0.00
A10A    31.4   86.3 -1 -1    0.00    0.00
A11A   295.1   92.6 -1  1    0.00    0.00
AAS1   285.4   59.1  0  0   -0.81    1.40
AAS2   279.8   76.6  0  0    0.00    0.00
AEC1   355.0   68.1  0  0   -0.15    0.74
AEC3   352.2   30.5  0  0   -0.51    0.51
A10A    31.4   86.3  0  0   -0.46    1.52
A11A   295.1   92.6  0  0    0.00    0.00
             454  17   9   8 1
AAS1   283.2   60.2  1 -1    0.00    0.00
AAS2   278.4   78.2 -1 -1    0.00    0.00
ACC1   318.4   86.0 -1  1    0.00    0.00
AEC3   352.4   28.9 -1 -1    0.00    0.00
A05A   359.4   92.8  1  1    0.00    0.00
A08A   331.0   89.8  1  1    0.00    0.00
A10A    32.1   87.9 -1  1    0.00    0.00
A11A   294.4   93.9 -1 -1    0.00    0.00
A12A   244.7   86.9 -1 -1    0.00    0.00
AAS1   283.2   60.2  0  0   -0.81    1.06
AAS2   278.4   78.2  0  0   -0.21    1.29
AEC3   352.4   28.9  0  0   -0.70    0.51
A05A   359.4   92.8  0  0    0.00    0.00
A08A   331.0   89.8  0  0   -0.60    2.50
A10A    32.1   87.9  0  0   -0.97    1.71
A11A   294.4   93.9  0  0    0.00    0.00
A12A   244.7   86.9  0  0   -0.25    1.89
             455  24  12  12 1
AAS1   111.0   62.6  1  1    0.00    0.00
AAS2   149.0   31.0 -1 -1    0.00    0.00
AEC2    88.1   89.4  1  1    0.00    0.00
AEC3    95.4   86.1  1  1    0.00    0.00
AID1   114.8   89.4 -1  1    0.00    0.00
A02A   353.0  102.9 -1 -1    0.00    0.00
A05A    38.2   98.6  1 -1    0.00    0.00
A06A     3.8   98.0 -1 -1    0.00    0.00
A07A   345.2   89.9 -1 -1    0.00    0.00
A09A   316.4   98.1  1  1    0.00    0.00
A11A   306.7   71.8 -1  1    0.00    0.00
A14A   169.1   95.2 -1 -1    0.00    0.00
AAS1   111.0   62.6  0  0   -0.30    1.03
AAS2   149.0   31.0  0  0    0.00    0.00
AEC2    88.1   89.4  0  0   -0.36    1.88
AEC3    95.4   86.1  0  0    0.16    3.03
AID1   114.8   89.4  0  0    0.16    1.87
A02A   353.0  102.9  0  0    0.00    0.00
A05A    38.2   98.6  0  0    0.04    1.26
A06A     3.8   98.0  0  0   -0.05    1.25
A07A   345.2   89.9  0  0    0.35    2.71
A09A   316.4   98.1  0  0   -0.78    1.20
A11A   306.7   71.8  0  0    0.63    0.94
A14A   169.1   95.2  0  0   -0.47    1.47
             456  14   9   5 1
ACC1   230.6   48.5  1  1    0.00    0.00
AEC1   146.4   54.9 -1 -1    0.00    0.00
AEC2   150.7   72.0  1 -1    0.00    0.00
AEC3   159.7   74.1 -1 -1    0.00    0.00
A05A    44.6   50.7  1  1    0.00    0.00
A06A   322.9   67.6 -1  1    0.00    0.00
A07A   282.0   70.2  1  1    0.00    0.00
A08A   273.5   30.1  1  1    0.00    0.00
A10A    96.3   74.9 -1 -1    0.00    0.00
AEC1   146.4   54.9  0  0   -0.51    0.45
A05A    44.6   50.7  0  0    0.40    0.48
A06A   322.9   67.6  0  0   -0.42    0.77
A07A   282.0   70.2  0  0   -0.29    1.24
A08A   273.5   30.1  0  0   -0.47    2.44
             457  13   8   5 1
AAS1    49.5   35.7  1  1    0.00    0.00
AAS2   309.4   37.9  1  1    0.00    0.00
ACC1   356.0   83.9  1 -1    0.00    0.00
AEC2    65.4   83.2  1 -1    0.00    0.00
A08A     2.1   93.2 -1 -1    0.00    0.00
A11A   311.4   90.0  1  1    0.00    0.00
A12A   217.6   71.6  1 -1    0.00    0.00
A14A   181.7   88.8 -1 -1    0.00    0.00
AAS1    49.5   35.7  0  0   -0.44    0.68
AAS2   309.4   37.9  0  0   -0.28    0.77
A11A   311.4   90.0  0  0    0.53    2.18
A12A   217.6   71.6  0  0   -0.47    0.87
A14A   181.7   88.8  0  0   -0.36    2.05
             458  17   9   8 1
AAS1   109.6   63.1  1  1    0.00    0.00
ACC1    22.2   71.1 -1 -1    0.00    0.00
AEC3    94.6   86.6  1  1    0.00    0.00
A02A   353.1  103.6 -1 -1    0.00    0.00
A05A    38.0   99.5  1 -1    0.00    0.00
A06A     3.9   98.9 -1 -1    0.00    0.00
A07A   345.6   90.5 -1 -1    0.00    0.00
A09A   316.8   98.8  1  1    0.00    0.00
A14A   168.8   95.5 -1 -1    0.00    0.00
AAS1   109.6   63.1  0  0   -0.19    1.00
AEC3    94.6   86.6  0  0   -0.10    1.91
A02A   353.1  103.6  0  0    0.00    0.00
A05A    38.0   99.5  0  0    0.18    1.21
A06A     3.9   98.9  0  0   -0.13    1.20
A07A   345.6   90.5  0  0    0.53    2.20
A09A   316.8   98.8  0  0   -0.90    1.16
A14A   168.8   95.5  0  0   -0.35    1.45
             459  11   8   3 1
AAS1   106.8   68.9  1  1    0.00    0.00
AAS2   139.8   32.2  1  1    0.00    0.00
ACC1    22.1   78.0  1 -1    0.00    0.00
AEC2    86.3   94.0  1  1    0.00    0.00
AEC3    93.3   91.2  1  1    0.00    0.00
A09A   317.6  103.1  1  1    0.00    0.00
A11A   309.8   78.4  1  1    0.00    0.00
A14A   168.3   99.1 -1 -1    0.00    0.00
AAS2   139.8   32.2  0  0    0.00    0.70
A11A   309.8   78.4  0  0    0.74    1.12
A14A   168.3   99.1  0  0   -0.36    1.21
             460  15   8   7 1
AAS1   106.4   65.8  1  1    0.00    0.00
AAS2   137.0   30.8  1  1    0.00    0.00
ACC1    23.1   74.4 -1 -1    0.00    0.00
AEC3    93.2   88.6  1  1    0.00    0.00
A06A     4.6  101.3 -1 -1    0.00    0.00
A07A   346.9   91.8  1 -1    0.00    0.00
A09A   317.9  100.8  1  1    0.00    0.00
A11A   310.5   74.1  1  1    0.00    0.00
AAS1   106.4   65.8  0  0   -0.34    1.10
AAS2   137.0   30.8  0  0   -0.03    0.77
AEC3    93.2   88.6  0  0   -0.34    3.04
A06A     4.6  101.3  0  0    0.00    0.00
A07A   346.9   91.8  0  0    0.52    1.81
A09A   317.9  100.8  0  0   -0.57    1.07
A11A   310.5   74.1  0  0    0.76    0.99
             461  16   9   7 1
AAS1   107.6   70.0  1  1    0.00    0.00
AAS2   139.3   34.9 -1 -1    0.00    0.00
ACC1    23.5   77.7  1 -1    0.00    0.00
AEC2    87.0   94.2  1  1    0.00    0.00
AEC3    93.9   91.7  1  1    0.00    0.00
A09A   317.6  102.8  1  1    0.00    0.00
A11A   309.7   77.6  1  1    0.00    0.00
A13A   132.2  103.0 -1  1    0.00    0.00
A14A   167.9   99.3 -1  1    0.00    0.00
AAS1   107.6   70.0  0  0   -0.20    1.05
AAS2   139.3   34.9  0  0    0.00    0.00
AEC3    93.9   91.7  0  0   -0.28    2.22
A09A   317.6  102.8  0  0   -0.66    1.02
A11A   309.7   77.6  0  0    0.85    1.08
A13A   132.2  103.0  0  0    0.00    0.00
A14A   167.9   99.3  0  0    0.06    1.19
             462  15   9   6 1
AAS1   116.5   64.6  1 -1    0.00    0.00
AAS2   150.7   39.1 -1 -1    0.00    0.00
ACC1    28.1   64.6  1  1    0.00    0.00
AEC2    91.8   89.1  1 -1    0.00    0.00
AEC3    99.1   85.9 -1 -1    0.00    0.00
AID1   117.3   89.8 -1 -1    0.00    0.00
A09A   315.4   94.9 -1 -1    0.00    0.00
A11A   303.1   65.7 -1 -1    0.00    0.00
A14A   168.3   94.5 -1 -1    0.00    0.00
AAS1   116.5   64.6  0  0    0.07    0.90
AAS2   150.7   39.1  0  0    0.06    0.45
AEC3    99.1   85.9  0  0   -0.48    1.61
A09A   315.4   94.9  0  0   -0.02    1.39
A11A   303.1   65.7  0  0    0.45    0.85
A14A   168.3   94.5  0  0   -0.21    1.54
             463  17  10   7 1
ACC1   218.0   54.6  1  1    0.00    0.00
AEC1   150.1   63.3 -1 -1    0.00    0.00
AEC2   152.7   77.1  1 -1    0.00    0.00
AEC3   160.5   79.0 -1 -1    0.00    0.00
A03A     2.7   70.5  1 -1    0.00    0.00
A05A    59.1   47.7  1  1    0.00    0.00
A07A   273.7   69.3  1  1    0.00    0.00
A08A   244.3   30.3  1  1    0.00    0.00
A10A   103.0   77.5 -1  1    0.00    0.00
A11A   240.1   81.1  1  1    0.00    0.00
AEC1   150.1   63.3  0  0   -0.22    0.59
A03A     2.7   70.5  0  0   -0.39    0.80
A05A    59.1   47.7  0  0    0.27    0.77
A07A   273.7   69.3  0  0   -0.19    1.52
A08A   244.3   30.3  0  0   -0.51    1.06
A10A   103.0   77.5  0  0   -1.03    1.15
A11A   240.1   81.1  0  0   -0.64    1.27
             464  13   8   5 1
ACC1   212.3   54.7 -1  1    0.00    0.00
AEC1   149.1   65.4  1 -1    0.00    0.00
AEC2   151.8   78.1 -1 -1    0.00    0.00
AEC3   159.4   79.8 -1 -1    0.00    0.00
A05A    65.7   48.5  1  1    0.00    0.00
A07A   271.0   67.2  1  1    0.00    0.00
A08A   232.0   28.7  1  1    0.00    0.00
A10A   104.5   78.4 -1 -1    0.00    0.00
AEC1   149.1   65.4  0  0   -0.49    0.66
A05A    65.7   48.5  0  0    0.35    0.83
A07A   271.0   67.2  0  0   -0.28    2.03
A08A   232.0   28.7  0  0   -0.60    0.85
A10A   104.5   78.4  0  0   -0.88    1.21
             465  15   8   7 1
ACC1   172.9   83.1 -1 -1    0.00    0.00
A01A    18.9   65.3  1  1    0.00    0.00
A02A   293.2   34.5  1  1    0.00    0.00
A03A   103.4   53.2  1 -1    0.00    0.00
A05A   130.0   77.7  1 -1    0.00    0.00
A06A   173.3   46.5 -1 -1    0.00    0.00
A07A   198.5   72.3 -1 -1    0.00    0.00
A10A   128.3   91.7 -1 -1    0.00    0.00
A01A    18.9   65.3  0  0   -0.35    0.65
A02A   293.2   34.5  0  0   -0.07    1.02
A03A   103.4   53.2  0  0   -0.58    1.11
A05A   130.0   77.7  0  0   -0.12    1.05
A06A   173.3   46.5  0  0   -0.11   -0.35
A07A   198.5   72.3  0  0    0.00    0.00
A10A   128.3   91.7  0  0    0.00    0.00
             466  17   9   8 1
ACC1   172.9   81.7 -1 -1    0.00    0.00
A02A   295.5   34.4 -1  1    0.00    0.00
A03A   101.8   51.5  1 -1    0.00    0.00
A04A   251.2   63.7  1  1    0.00    0.00
A05A   129.5   76.2 -1 -1    0.00    0.00
A06A   173.5   44.0 -1 -1    0.00    0.00
A07A   199.0   70.6  1  1    0.00    0.00
A08A   165.7   75.0 -1 -1    0.00    0.00
A09A   231.5   81.1  1  1    0.00    0.00
A02A   295.5   34.4  0  0    0.30    1.08
A03A   101.8   51.5  0  0   -0.34    1.42
A04A   251.2   63.7  0  0    0.24    0.89
A05A   129.5   76.2  0  0    0.03    1.00
A06A   173.5   44.0  0  0   -0.17   -0.16
A07A   199.0   70.6  0  0    0.02    0.81
A08A   165.7   75.0  0  0   -0.31    0.94
A09A   231.5   81.1  0  0   -0.50    1.24
             467  19  10   9 1
ACC1   172.6   82.1  1 -1    0.00    0.00
A01A    18.6   65.9  1  1    0.00    0.00
A02A   297.9   34.8  1  1    0.00    0.00
A03A   100.5   52.5  1 -1    0.00    0.00
A04A   251.8   63.9  1  1    0.00    0.00
A05A   128.8   76.8  1 -1    0.00    0.00
A06A   172.3   43.9 -1 -1    0.00    0.00
A07A   198.8   70.7 -1 -1    0.00    0.00
A08A   165.1   75.4 -1 -1    0.00    0.00
A10A   127.6   91.5 -1 -1    0.00    0.00
A01A    18.6   65.9  0  0   -0.15    0.66
A02A   297.9   34.8  0  0   -0.16    0.93
A03A   100.5   52.5  0  0   -0.93    1.22
A04A   251.8   63.9  0  0    0.08    0.99
A05A   128.8   76.8  0  0   -0.15    1.02
A06A   172.3   43.9  0  0   -0.17   -0.30
A07A   198.8   70.7  0  0   -0.00    0.81
A08A   165.1   75.4  0  0   -0.19    0.96
A10A   127.6   91.5  0  0    0.00    0.00
             468  15   8   7 1
ACC1   173.3   78.7  1  1    0.00    0.00
A02A   292.4   31.3 -1 -1    0.00    0.00
A03A   103.6   47.3  1  1    0.00    0.00
A04A   250.2   60.1  1 -1    0.00    0.00
A05A   130.3   72.6  1  1    0.00    0.00
A07A   199.1   67.2  1  1    0.00    0.00
A08A   166.3   71.7 -1  1    0.00    0.00
A11A   199.0   83.3  1  1    0.00    0.00
A02A   292.4   31.3  0  0    0.14    1.23
A03A   103.6   47.3  0  0   -0.33    1.40
A04A   250.2   60.1  0  0    0.16    0.84
A05A   130.3   72.6  0  0    0.00    0.00
A07A   199.1   67.2  0  0   -0.46    0.71
A08A   166.3   71.7  0  0    0.00    0.00
A11A   199.0   83.3  0  0    0.00    0.00
             469  17   9   8 1
ACC1   173.3   80.4 -1 -1    0.00    0.00
A02A   297.2   35.0 -1 -1    0.00    0.00
A03A   100.3   49.4  1  1    0.00    0.00
A04A   252.6   62.7  1  1    0.00    0.00
A05A   129.2   74.6  1 -1    0.00    0.00
A07A   200.0   69.0  1  1    0.00    0.00
A08A   166.0   73.4 -1 -1    0.00    0.00
A09A   232.3   80.0  1  1    0.00    0.00
A11A   199.5   84.8  1  1    0.00    0.00
A02A   297.2   35.0  0  0    0.18    1.11
A03A   100.3   49.4  0  0   -0.18    1.92
A04A   252.6   62.7  0  0   -0.03    0.85
A05A   129.2   74.6  0  0    0.04    0.96
A07A   200.0   69.0  0  0    0.00    0.00
A08A   166.0   73.4  0  0    0.11    0.88
A09A   232.3   80.0  0  0    0.00    0.00
A11A   199.5   84.8  0  0    0.00    0.00
             470  18  10   8 1
ACC1   173.5   71.3 -1 -1    0.00    0.00
A01A    18.0   51.3  1  1    0.00    0.00
A02A   291.3   25.7 -1  1    0.00    0.00
A03A   104.3   39.6  1 -1    0.00    0.00
A04A   249.9   52.1  1  1    0.00    0.00
A05A   130.7   64.7  1 -1    0.00    0.00
A07A   199.2   59.3  1  1    0.00    0.00
A08A   166.5   63.8 -1 -1    0.00    0.00
A09A   231.0   70.6  1  1    0.00    0.00
A11A   199.0   76.2  1  1    0.00    0.00
A01A    18.0   51.3  0  0    0.00    0.00
A02A   291.3   25.7  0  0    0.00    0.00
A03A   104.3   39.6  0  0   -0.39    1.37
A04A   249.9   52.1  0  0   -0.06    0.86
A05A   130.7   64.7  0  0   -0.06    0.74
A07A   199.2   59.3  0  0   -0.49    0.47
A08A   166.5   63.8  0  0    0.16    0.60
A11A   199.0   76.2  0  0    0.00    0.00
             471  17   9   8 1
ACC1   173.8   82.5 -1 -1    0.00    0.00
A02A   295.6   37.8 -1 -1    0.00    0.00
A03A   101.1   51.2  1  1    0.00    0.00
A04A   252.5   65.8  1  1    0.00    0.00
A05A   129.8   76.7  1 -1    0.00    0.00
A07A   200.5   71.7  1  1    0.00    0.00
A08A   166.7   75.8 -1 -1    0.00    0.00
A09A   232.4   82.3  1  1    0.00    0.00
A11A   199.8   86.9  1  1    0.00    0.00
A02A   295.6   37.8  0  0    0.29    1.12
A03A   101.1   51.2  0  0   -0.40    1.78
A04A   252.5   65.8  0  0    0.01    0.88
A05A   129.8   76.7  0  0   -0.06    1.01
A07A   200.5   71.7  0  0   -0.43    0.85
A08A   166.7   75.8  0  0    0.05    0.96
A09A   232.4   82.3  0  0    0.00    0.00
A11A   199.8   86.9  0  0    0.00    0.00
             472  15   8   7 1
ACC1   173.0   81.8  1 -1    0.00    0.00
A01A    18.4   64.4  1 -1    0.00    0.00
A02A   294.7   34.2  1  1    0.00    0.00
A03A   102.3   51.6  1  1    0.00    0.00
A05A   129.7   76.3  1  1    0.00    0.00
A06A   173.6   44.4 -1 -1    0.00    0.00
A07A   198.9   70.7 -1 -1    0.00    0.00
A11A   198.9   86.0 -1 -1    0.00    0.00
A01A    18.4   64.4  0  0   -0.51    0.61
A02A   294.7   34.2  0  0   -0.06    0.99
A03A   102.3   51.6  0  0   -1.02    1.16
A05A   129.7   76.3  0  0   -0.32    0.98
A06A   173.6   44.4  0  0   -0.12   -0.49
A07A   198.9   70.7  0  0   -0.21    0.82
A11A   198.9   86.0  0  0    0.00    0.00
             473  15   8   7 1
ACC1   172.5   78.4 -1 -1    0.00    0.00
A01A    20.0   59.0  1  1    0.00    0.00
A02A   292.1   28.7  1 -1    0.00    0.00
A03A   104.2   48.1  1  1    0.00    0.00
A05A   130.0   72.7  1  1    0.00    0.00
A07A   197.6   66.7 -1 -1    0.00    0.00
A08A   165.3   71.5  1  1    0.00    0.00
A11A   198.1   82.8 -1 -1    0.00    0.00
A01A    20.0   59.0  0  0   -0.55    0.43
A02A   292.1   28.7  0  0   -0.06    1.24
A03A   104.2   48.1  0  0   -0.81    1.32
A05A   130.0   72.7  0  0   -0.17    0.89
A07A   197.6   66.7  0  0    0.00    0.00
A08A   165.3   71.5  0  0    0.00    0.00
A11A   198.1   82.8  0  0    0.00    0.00
             474  16   9   7 1
ACC1   173.8   82.3  1  1    0.00    0.00
A02A   297.1   38.2 -1 -1    0.00    0.00
A03A    99.9   51.0  1 -1    0.00    0.00
A04A   253.2   65.6  1 -1    0.00    0.00
A05A   129.3   76.5  1  1    0.00    0.00
A07A   200.8   71.4  1  1    0.00    0.00
A08A   166.6   75.5 -1  1    0.00    0.00
A09A   232.8   82.2  1  1    0.00    0.00
A11A   199.9   86.8  1  1    0.00    0.00
A02A   297.1   38.2  0  0    0.18    1.04
A03A    99.9   51.0  0  0   -0.27    1.70
A04A   253.2   65.6  0  0    0.12    0.91
A05A   129.3   76.5  0  0   -0.20    1.00
A07A   200.8   71.4  0  0   -0.62    0.84
A08A   166.6   75.5  0  0   -0.15    0.95
A11A   199.9   86.8  0  0    0.00    0.00
             475  17   9   8 1
AEC2   152.6   91.8 -1 -1    0.00    0.00
A02A   296.9   36.5 -1 -1    0.00    0.00
A03A   100.4   50.6  1  1    0.00    0.00
A04A   252.7   64.3  1  1    0.00    0.00
A05A   129.3   75.8  1 -1    0.00    0.00
A07A   200.2   70.4  1 -1    0.00    0.00
A08A   166.2   74.7 -1 -1    0.00    0.00
A09A   232.4   81.3  1  1    0.00    0.00
A14A   176.6   99.7  1 -1    0.00    0.00
A02A   296.9   36.5  0  0    0.25    1.11
A03A   100.4   50.6  0  0   -0.06    1.94
A04A   252.7   64.3  0  0    0.09    0.87
A05A   129.3   75.8  0  0   -0.02    0.99
A07A   200.2   70.4  0  0   -0.62    0.81
A08A   166.2   74.7  0  0   -0.08    0.93
A09A   232.4   81.3  0  0    0.00    0.00
A14A   176.6   99.7  0  0    0.00    0.00
             476  15   8   7 1
ACC1   173.1   79.8  1  1    0.00    0.00
A02A   293.5   32.3 -1 -1    0.00    0.00
A03A   103.0   48.8  1  1    0.00    0.00
A04A   250.5   61.4  1 -1    0.00    0.00
A05A   130.0   73.9  1  1    0.00    0.00
A07A   199.0   68.4  1  1    0.00    0.00
A08A   166.0   72.9 -1  1    0.00    0.00
A09A   231.2   79.1  1  1    0.00    0.00
A02A   293.5   32.3  0  0    0.36    1.19
A03A   103.0   48.8  0  0   -0.10    1.45
A04A   250.5   61.4  0  0    0.03    0.85
A05A   130.0   73.9  0  0   -0.14    0.93
A07A   199.0   68.4  0  0   -0.58    0.75
A08A   166.0   72.9  0  0   -0.02    0.87
A09A   231.2   79.1  0  0    0.00    0.00
             477  15   8   7 1
ACC1   173.2   73.1 -1 -1    0.00    0.00
A02A   288.2   25.3 -1  1    0.00    0.00
A03A   106.2   41.7  1 -1    0.00    0.00
A04A   248.2   53.4  1  1    0.00    0.00
A05A   131.1   66.7 -1 -1    0.00    0.00
A07A   198.2   61.2  1  1    0.00    0.00
A08A   166.2   65.9 -1 -1    0.00    0.00
A09A   230.0   72.0  1  1    0.00    0.00
A02A   288.2   25.3  0  0    0.24    1.23
A03A   106.2   41.7  0  0   -0.60    1.08
A04A   248.2   53.4  0  0    0.21    0.94
A05A   131.1   66.7  0  0    0.04    0.74
A07A   198.2   61.2  0  0    0.07    0.54
A08A   166.2   65.9  0  0    0.00    0.00
A09A   230.0   72.0  0  0   -0.40    0.90
             478  14   8   6 1
A01A    19.2   59.6  1  1    0.00    0.00
A02A   297.6   29.4  1  1    0.00    0.00
A03A   100.9   47.1  1 -1    0.00    0.00
A05A   128.8   71.4  1 -1    0.00    0.00
A06A   171.4   38.9 -1 -1    0.00    0.00
A07A   198.2   64.9 -1 -1    0.00    0.00
A11A   198.5   81.7  1  1    0.00    0.00
A13A   160.3   95.6  1  1    0.00    0.00
A01A    19.2   59.6  0  0   -0.61    0.46
A02A   297.6   29.4  0  0   -0.21    1.07
A03A   100.9   47.1  0  0   -0.75    1.40
A06A   171.4   38.9  0  0   -0.23    0.13
A07A   198.2   64.9  0  0   -0.18    0.65
A13A   160.3   95.6  0  0   -0.17    1.45
             479  14   8   6 1
ACC1   216.9   57.3 -1 -1    0.00    0.00
AEC2   148.9   84.8 -1 -1    0.00    0.00
A03A     5.7   80.7 -1  1    0.00    0.00
A05A    57.2   60.7  1  1    0.00    0.00
A07A   277.6   75.5 -1 -1    0.00    0.00
A08A   251.2   27.8  1  1    0.00    0.00
A10A    99.9   86.9 -1 -1    0.00    0.00
A11A   241.1   87.7  1 -1    0.00    0.00
A03A     5.7   80.7  0  0   -0.66    1.18
A05A    57.2   60.7  0  0    0.63    0.72
A07A   277.6   75.5  0  0   -0.03    1.42
A08A   251.2   27.8  0  0    0.00    0.00
A10A    99.9   86.9  0  0   -0.92    1.63
A11A   241.1   87.7  0  0   -0.46    1.92
             480  16   8   8 1
A03A    16.1   59.3 -1 -1    0.00    0.00
A05A   113.1   64.8  1  1    0.00    0.00
A06A   283.1   54.4  1  1    0.00    0.00
A07A   243.0   82.3  1  1    0.00    0.00
A08A   195.6   68.7 -1 -1    0.00    0.00
A09A   258.0   98.8  1  1    0.00    0.00
A10A   120.9   94.9 -1  1    0.00    0.00
A11A   223.1   96.7  1 -1    0.00    0.00
A03A    16.1   59.3  0  0   -0.36    0.45
A05A   113.1   64.8  0  0    0.06    0.87
A06A   283.1   54.4  0  0   -0.85    1.11
A07A   243.0   82.3  0  0   -0.45    1.36
A08A   195.6   68.7  0  0    0.11    0.76
A09A   258.0   98.8  0  0    0.00    0.00
A10A   120.9   94.9  0  0    0.00    0.00
A11A   223.1   96.7  0  0    0.00    0.00
             481  19  11   8 1
ACC1   193.9   71.6 -1  1    0.00    0.00
AEC1   158.2   78.0  1 -1    0.00    0.00
A01A   352.9   78.8 -1 -1    0.00    0.00
A02A   310.1   70.0 -1 -1    0.00    0.00
A03A    22.7   38.0  1 -1    0.00    0.00
A05A   120.2   52.5 -1 -1    0.00    0.00
A06A   270.6   37.1  1  1    0.00    0.00
A07A   237.4   67.4  1  1    0.00    0.00
A08A   191.9   57.1  1  1    0.00    0.00
A10A   123.5   81.6 -1 -1    0.00    0.00
A11A   220.3   83.4  1  1    0.00    0.00
AEC1   158.2   78.0  0  0   -0.07    1.04
A02A   310.1   70.0  0  0   -0.57    0.85
A03A    22.7   38.0  0  0   -0.66    0.34
A05A   120.2   52.5  0  0    0.12    0.73
A06A   270.6   37.1  0  0   -0.64    2.13
A07A   237.4   67.4  0  0   -0.41    0.85
A08A   191.9   57.1  0  0    0.00    0.39
A11A   220.3   83.4  0  0    0.00    0.00
             482  16   9   7 1
AEC2   157.2   96.0 -1 -1    0.00    0.00
A02A   313.3   86.5 -1 -1    0.00    0.00
A03A    17.8   57.4 -1 -1    0.00    0.00
A06A   282.7   51.4  1  1    0.00    0.00
A07A   242.3   80.6  1  1    0.00    0.00
A08A   194.3   67.1  1  1    0.00    0.00
A09A   257.7   96.6 -1  1    0.00    0.00
A10A   120.9   93.7 -1 -1    0.00    0.00
A11A   222.6   95.0 -1 -1    0.00    0.00
A02A   313.3   86.5  0  0    0.00    0.00
A03A    17.8   57.4  0  0   -0.44    0.39
A06A   282.7   51.4  0  0   -0.72    1.16
A07A   242.3   80.6  0  0   -0.35    1.25
A08A   194.3   67.1  0  0    0.00    0.00
A10A   120.9   93.7  0  0    0.00    0.00
A11A   222.6   95.0  0  0    0.00    0.00
             483  15   8   7 1
A03A    16.1   65.7  1  1    0.00    0.00
A05A   108.5   67.5  1  1    0.00    0.00
A06A   289.2   57.3  1  1    0.00    0.00
A07A   245.1   83.5  1  1    0.00    0.00
A08A   195.5   68.8 -1 -1    0.00    0.00
A09A   259.4  101.8  1  1    0.00    0.00
A10A   119.2   97.0 -1  1    0.00    0.00
A11A   223.8   98.7  1  1    0.00    0.00
A03A    16.1   65.7  0  0    0.00    0.00
A05A   108.5   67.5  0  0    0.33    1.00
A06A   289.2   57.3  0  0   -0.53    0.98
A07A   245.1   83.5  0  0   -0.08    1.42
A08A   195.5   68.8  0  0   -0.21    0.76
A10A   119.2   97.0  0  0    0.00    0.00
A11A   223.8   98.7  0  0   -0.47    1.18
             484  20  11   9 1
ACC1   194.5   70.9 -1 -1    0.00    0.00
AEC1   158.5   77.3  1 -1    0.00    0.00
AEC2   158.2   84.4 -1 -1    0.00    0.00
A03A    21.2   37.6 -1 -1    0.00    0.00
A06A   271.4   37.3  1  1    0.00    0.00
A07A   238.0   66.9  1  1    0.00    0.00
A08A   192.7   56.3 -1 -1    0.00    0.00
A09A   255.1   84.2  1  1    0.00    0.00
A10A   123.5   80.9 -1 -1    0.00    0.00
A11A   220.7   82.9  1  1    0.00    0.00
A13A   166.0   96.1  1 -1    0.00    0.00
AEC1   158.5   77.3  0  0    0.15    1.01
A03A    21.2   37.6  0  0   -0.17    0.33
A06A   271.4   37.3  0  0   -0.85    1.97
A07A   238.0   66.9  0  0   -0.38    0.84
A08A   192.7   56.3  0  0    0.01    0.36
A09A   255.1   84.2  0  0   -0.32    1.51
A10A   123.5   80.9  0  0   -1.29    1.16
A11A   220.7   82.9  0  0    0.00    0.00
A13A   166.0   96.1  0  0    0.00    0.00
             485  17   9   8 1
ACC1   194.4   70.1 -1 -1    0.00    0.00
A03A    20.4   43.5 -1 -1    0.00    0.00
A05A   114.2   51.8  1 -1    0.00    0.00
A06A   280.6   37.5  1  1    0.00    0.00
A07A   240.8   66.5  1  1    0.00    0.00
A08A   192.4   54.1 -1 -1    0.00    0.00
A09A   257.0   84.7  1  1    0.00    0.00
A10A   121.2   81.7 -1 -1    0.00    0.00
A11A   221.7   83.0  1  1    0.00    0.00
A03A    20.4   43.5  0  0   -0.39    0.00
A05A   114.2   51.8  0  0    0.40    0.97
A06A   280.6   37.5  0  0   -0.63    1.64
A07A   240.8   66.5  0  0   -0.09    0.81
A08A   192.4   54.1  0  0   -0.25    0.25
A09A   257.0   84.7  0  0   -0.31    1.52
A10A   121.2   81.7  0  0    0.00    0.00
A11A   221.7   83.0  0  0   -0.54    1.34
             486  24  13  11 1
AAS2   192.7   90.6 -1 -1    0.00    0.00
ACC1   195.1   74.6  1 -1    0.00    0.00
AEC1   156.3   81.7  1 -1    0.00    0.00
AEC2   156.6   89.3  1 -1    0.00    0.00
A01A   353.5   86.1 -1 -1    0.00    0.00
A03A    18.7   50.6  1  1    0.00    0.00
A06A   284.8   43.2  1  1    0.00    0.00
A07A   242.6   71.7  1  1    0.00    0.00
A08A   193.4   58.0 -1 -1    0.00    0.00
A09A   258.0   89.5  1  1    0.00    0.00
A10A   120.2   86.1 -1 -1    0.00    0.00
A11A   222.5   87.3  1  1    0.00    0.00
A12A   193.7   96.9  1 -1    0.00    0.00
AAS2   192.7   90.6  0  0   -0.11    2.24
AEC1   156.3   81.7  0  0   -0.27    1.21
A01A   353.5   86.1  0  0   -0.15    1.59
A03A    18.7   50.6  0  0   -0.39    0.08
A06A   284.8   43.2  0  0   -0.40    1.33
A07A   242.6   71.7  0  0   -0.10    0.93
A08A   193.4   58.0  0  0   -0.18    0.41
A09A   258.0   89.5  0  0   -0.70    2.34
A10A   120.2   86.1  0  0   -1.08    1.47
A11A   222.5   87.3  0  0   -0.56    1.89
A12A   193.7   96.9  0  0    0.00    0.00
             487  16  10   6 1
ACC1   194.6   68.0  1  1    0.00    0.00
AEC1   157.9   74.9  1  1    0.00    0.00
A03A    20.5   37.6  1 -1    0.00    0.00
A05A   117.9   48.7  1 -1    0.00    0.00
A06A   275.0   35.3  1  1    0.00    0.00
A07A   239.2   64.2  1  1    0.00    0.00
A08A   192.8   52.9 -1  1    0.00    0.00
A09A   255.9   82.5  1  1    0.00    0.00
A10A   122.6   79.0 -1 -1    0.00    0.00
A13A   165.7   94.6  1  1    0.00    0.00
A03A    20.5   37.6  0  0   -1.10    0.26
A05A   117.9   48.7  0  0   -0.03    0.88
A06A   275.0   35.3  0  0   -0.56    2.39
A07A   239.2   64.2  0  0   -0.51    0.76
A08A   192.8   52.9  0  0   -0.07    0.18
A13A   165.7   94.6  0  0    0.00    0.00
             488  25  13  12 1
AAS1   201.2   62.5  1  1    0.00    0.00
ACC1   270.7   47.8  1  1    0.00    0.00
AEC1   132.2   26.5 -1 -1    0.00    0.00
AEC2   147.3   53.8 -1 -1    0.00    0.00
AEC3   161.2   57.4 -1 -1    0.00    0.00
AID1   167.1   71.7  1  1    0.00    0.00
A03A   354.5   79.8  1  1    0.00    0.00
A05A    18.4   60.0  1  1    0.00    0.00
A07A   296.3   75.1  1  1    0.00    0.00
A08A   309.2   48.7  1  1    0.00    0.00
A10A    77.4   68.5 -1 -1    0.00    0.00
A11A   262.2   78.1 -1 -1    0.00    0.00
A12A   211.3   84.3  1  1    0.00    0.00
AAS1   201.2   62.5  0  0   -0.43    0.58
AEC1   132.2   26.5  0  0   -0.38    0.90
AEC2   147.3   53.8  0  0   -0.79    0.43
AEC3   161.2   57.4  0  0   -0.33    0.40
AID1   167.1   71.7  0  0    0.22    0.83
A03A   354.5   79.8  0  0    0.00    0.00
A05A    18.4   60.0  0  0    0.36    0.47
A07A   296.3   75.1  0  0    0.05    1.07
A08A   309.2   48.7  0  0   -0.35    0.68
A10A    77.4   68.5  0  0   -0.84    1.04
A11A   262.2   78.1  0  0   -0.54    1.28
A12A   211.3   84.3  0  0   -0.62    1.46
             489  18  10   8 1
AAS1   202.0   61.4  1 -1    0.00    0.00
ACC1   269.4   47.2 -1  1    0.00    0.00
AEC1   136.7   25.1 -1 -1    0.00    0.00
AEC2   149.1   52.1 -1 -1    0.00    0.00
AEC3   162.8   55.9  1 -1    0.00    0.00
A05A    17.5   57.4  1  1    0.00    0.00
A07A   295.5   73.7  1  1    0.00    0.00
A08A   307.2   47.3  1  1    0.00    0.00
A09A   286.9   87.7  1  1    0.00    0.00
A10A    77.9   66.0 -1 -1    0.00    0.00
AAS1   202.0   61.4  0  0   -0.11    0.55
AEC1   136.7   25.1  0  0   -0.34    0.88
AEC3   162.8   55.9  0  0   -0.28    0.35
A05A    17.5   57.4  0  0    0.32    0.38
A07A   295.5   73.7  0  0    0.00    1.03
A08A   307.2   47.3  0  0   -0.31    0.71
A09A   286.9   87.7  0  0    0.00    0.00
A10A    77.9   66.0  0  0   -0.83    1.05
             490  14   8   6 1
ACC1   268.8   49.5 -1  1    0.00    0.00
AEC1   136.9   27.4 -1 -1    0.00    0.00
AEC2   149.1   55.2  1 -1    0.00    0.00
AEC3   162.7   58.9 -1 -1    0.00    0.00
A05A    17.9   59.9  1  1    0.00    0.00
A07A   295.3   76.0  1  1    0.00    0.00
A08A   306.9   49.5  1  1    0.00    0.00
A10A    78.3   68.7 -1 -1    0.00    0.00
AEC1   136.9   27.4  0  0   -0.05    0.86
AEC3   162.7   58.9  0  0   -0.35    0.47
A05A    17.9   59.9  0  0    0.27    0.47
A07A   295.3   76.0  0  0   -0.13    1.08
A08A   306.9   49.5  0  0   -0.33    0.75
A10A    78.3   68.7  0  0   -0.46    1.01
             491  15   8   7 1
AAS1   201.6   62.8  1 -1    0.00    0.00
ACC1   270.1   48.4  1  1    0.00    0.00
AEC1   134.4   26.4 -1 -1    0.00    0.00
AEC2   148.2   53.9 -1 -1    0.00    0.00
AEC3   162.0   57.5 -1 -1    0.00    0.00
A05A    18.0   59.6 -1  1    0.00    0.00
A08A   308.2   48.9  1  1    0.00    0.00
A10A    77.6   68.1 -1 -1    0.00    0.00
AAS1   201.6   62.8  0  0    0.00    0.00
AEC1   134.4   26.4  0  0   -0.56    0.91
AEC2   148.2   53.9  0  0   -0.71    0.46
AEC3   162.0   57.5  0  0   -0.12    0.43
A05A    18.0   59.6  0  0    0.37    0.47
A08A   308.2   48.9  0  0   -0.27    0.73
A10A    77.6   68.1  0  0   -0.63    1.00
             492  13   8   5 1
ACC1   270.7   46.8  1  1    0.00    0.00
AEC1   133.5   25.0 -1 -1    0.00    0.00
AEC2   147.9   52.0 -1 -1    0.00    0.00
AEC3   161.9   55.6  1 -1    0.00    0.00
A05A    17.8   58.3  1  1    0.00    0.00
A08A   308.7   47.6  1  1    0.00    0.00
A10A    77.3   66.6 -1 -1    0.00    0.00
A11A   262.3   76.9  1  1    0.00    0.00
AEC1   133.5   25.0  0  0   -0.32    0.91
A05A    17.8   58.3  0  0    0.02    0.41
A08A   308.7   47.6  0  0   -0.27    0.68
A10A    77.3   66.6  0  0   -0.58    1.05
A11A   262.3   76.9  0  0   -0.19    1.27
             493  20  11   9 1
AAS1   202.2   60.8  1  1    0.00    0.00
ACC1   271.3   47.1  1  1    0.00    0.00
AEC1   133.1   24.3 -1 -1    0.00    0.00
AEC2   148.0   51.6  1  1    0.00    0.00
AEC3   162.1   55.3  1  1    0.00    0.00
A05A    17.4   58.5  1  1    0.00    0.00
A07A   296.3   74.0  1  1    0.00    0.00
A08A   308.9   48.0  1  1    0.00    0.00
A10A    76.9   66.5 -1 -1    0.00    0.00
A11A   262.6   77.0 -1 -1    0.00    0.00
A12A   211.8   83.1  1  1    0.00    0.00
AAS1   202.2   60.8  0  0   -0.41    0.53
ACC1   271.3   47.1  0  0   -0.94    2.00
AEC1   133.1   24.3  0  0   -0.09    0.93
AEC3   162.1   55.3  0  0   -0.30    0.33
A05A    17.4   58.5  0  0    0.16    0.42
A07A   296.3   74.0  0  0   -0.11    1.04
A08A   308.9   48.0  0  0   -0.44    0.69
A10A    76.9   66.5  0  0   -0.73    1.02
A11A   262.6   77.0  0  0   -0.41    1.26
             494  22  11  11 1
AAS1   201.9   60.9  1  1    0.00    0.00
AEC1   132.5   24.7 -1 -1    0.00    0.00
AEC2   147.6   51.9 -1 -1    0.00    0.00
AEC3   161.7   55.5  1 -1    0.00    0.00
A03A   354.2   78.7  1  1    0.00    0.00
A05A    17.7   58.7  1  1    0.00    0.00
A07A   296.4   74.0  1 -1    0.00    0.00
A08A   309.2   48.0  1  1    0.00    0.00
A10A    76.9   66.8 -1 -1    0.00    0.00
A11A   262.6   77.0 -1 -1    0.00    0.00
A12A   211.7   83.2  1  1    0.00    0.00
AAS1   201.9   60.9  0  0   -0.43    0.54
AEC1   132.5   24.7  0  0   -0.32    0.94
AEC2   147.6   51.9  0  0   -0.67    0.40
AEC3   161.7   55.5  0  0   -0.15    0.34
A03A   354.2   78.7  0  0   -0.26    1.10
A05A    17.7   58.7  0  0    0.30    0.42
A07A   296.4   74.0  0  0   -0.14    1.04
A08A   309.2   48.0  0  0   -0.36    0.69
A10A    76.9   66.8  0  0   -0.74    1.01
A11A   262.6   77.0  0  0   -0.47    1.26
A12A   211.7   83.2  0  0   -0.66    1.38
             495  19  11   8 1
AAS1   202.4   60.6  1  1    0.00    0.00
ACC1   271.9   47.1 -1 -1    0.00    0.00
AEC1   132.1   23.9 -1 -1    0.00    0.00
AEC2   147.7   51.3 -1 -1    0.00    0.00
AEC3   161.9   55.0  1  1    0.00    0.00
A05A    17.3   58.8 -1  1    0.00    0.00
A07A   296.6   74.0  1 -1    0.00    0.00
A08A   309.4   48.2  1  1    0.00    0.00
A10A    76.5   66.5 -1 -1    0.00    0.00
A11A   262.8   76.9 -1 -1    0.00    0.00
A12A   211.9   83.0  1  1    0.00    0.00
AEC1   132.1   23.9  0  0   -0.42    0.96
AEC3   161.9   55.0  0  0   -0.36    0.33
A05A    17.3   58.8  0  0    0.58    0.43
A07A   296.6   74.0  0  0   -0.17    1.04
A08A   309.4   48.2  0  0   -0.31    0.68
A10A    76.5   66.5  0  0   -0.68    1.00
A11A   262.8   76.9  0  0   -0.43    1.26
A12A   211.9   83.0  0  0   -0.50    1.36
             496  17  10   7 1
AAS1   201.9   62.2  1  1    0.00    0.00
ACC1   271.3   48.2 -1  1    0.00    0.00
AEC1   132.5   25.5 -1 -1    0.00    0.00
AEC2   147.6   53.1 -1 -1    0.00    0.00
AEC3   161.7   56.7  1 -1    0.00    0.00
A05A    17.7   60.0 -1 -1    0.00    0.00
A07A   296.4   75.2  1  1    0.00    0.00
A08A   309.2   49.2  1  1    0.00    0.00
A10A    76.9   68.0 -1 -1    0.00    0.00
A12A   211.7   84.1  1  1    0.00    0.00
AAS1   201.9   62.2  0  0   -0.28    0.58
AEC1   132.5   25.5  0  0   -0.47    0.90
AEC3   161.7   56.7  0  0   -0.15    0.37
A05A    17.7   60.0  0  0    0.24    0.47
A07A   296.4   75.2  0  0   -0.02    1.06
A08A   309.2   49.2  0  0   -0.32    0.66
A10A    76.9   68.0  0  0   -0.67    1.06
             497  19  11   8 1
AAS1   202.1   61.0  1 -1    0.00    0.00
ACC1   270.7   47.1  1  1    0.00    0.00
AEC1   134.1   24.7 -1 -1    0.00    0.00
AEC2   148.2   51.8  1  1    0.00    0.00
AEC3   162.2   55.6  1  1    0.00    0.00
A05A    17.5   58.2 -1 -1    0.00    0.00
A07A   296.1   73.9  1  1    0.00    0.00
A08A   308.4   47.8  1  1    0.00    0.00
A10A    77.2   66.4 -1 -1    0.00    0.00
A11A   262.3   77.0  1  1    0.00    0.00
A12A   211.7   83.2  1 -1    0.00    0.00
AEC1   134.1   24.7  0  0   -0.34    0.98
AEC3   162.2   55.6  0  0   -0.29    0.38
A05A    17.5   58.2  0  0    0.22    0.40
A07A   296.1   73.9  0  0   -0.20    1.09
A08A   308.4   47.8  0  0   -0.41    0.79
A10A    77.2   66.4  0  0   -0.83    0.92
A11A   262.3   77.0  0  0    0.00    0.00
A12A   211.7   83.2  0  0   -0.51    1.36
             498  18  10   8 1
AAS1   202.7   62.3  1 -1    0.00    0.00
ACC1   271.9   48.9  1  1    0.00    0.00
AEC1   132.8   24.6 -1 -1    0.00    0.00
AEC2   148.0   52.7  1  1    0.00    0.00
AEC3   162.3   56.5  1  1    0.00    0.00
A05A    17.0   60.3 -1 -1    0.00    0.00
A07A   296.5   75.6  1  1    0.00    0.00
A08A   309.1   50.0  1  1    0.00    0.00
A10A    76.4   68.0 -1 -1    0.00    0.00
A11A   262.9   78.4 -1  1    0.00    0.00
AAS1   202.7   62.3  0  0    0.00    0.00
ACC1   271.9   48.9  0  0   -0.62    2.53
AEC1   132.8   24.6  0  0   -0.64    0.92
AEC3   162.3   56.5  0  0   -0.27    0.37
A05A    17.0   60.3  0  0    0.63    0.48
A07A   296.5   75.6  0  0   -0.03    1.08
A08A   309.1   50.0  0  0   -0.19    0.67
A10A    76.4   68.0  0  0   -0.48    1.03
             499  21  11  10 1
AAS1   201.9   60.9  1  1    0.00    0.00
ACC1   271.3   47.0  1  1    0.00    0.00
AEC1   132.5   24.7 -1 -1    0.00    0.00
AEC2   147.6   51.9 -1 -1    0.00    0.00
AEC3   161.7   55.5  1 -1    0.00    0.00
A05A    17.7   58.7  1  1    0.00    0.00
A07A   296.4   74.0  1  1    0.00    0.00
A08A   309.2   48.0  1  1    0.00    0.00
A10A    76.9   66.8 -1 -1    0.00    0.00
A11A   262.6   77.0 -1 -1    0.00    0.00
A12A   211.7   83.2  1  1    0.00    0.00
AAS1   201.9   60.9  0  0   -0.49    0.54
AEC1   132.5   24.7  0  0   -0.34    0.93
AEC2   147.6   51.9  0  0   -0.86    0.40
AEC3   161.7   55.5  0  0   -0.32    0.34
A05A    17.7   58.7  0  0    0.15    0.42
A07A   296.4   74.0  0  0    0.02    1.04
A08A   309.2   48.0  0  0   -0.38    0.68
A10A    76.9   66.8  0  0   -0.80    1.02
A11A   262.6   77.0  0  0   -0.75    1.26
A12A   211.7   83.2  0  0   -0.53    1.38
             500  27  14  13 1
AAS1   222.0   49.6  1 -1    0.00    0.00
AAS2   242.6   66.1 -1 -1    0.00    0.00
ACC1   303.5   61.2  1  1    0.00    0.00
AEC1    36.6   27.8 -1 -1    0.00    0.00
AEC2   117.7   35.9 -1 -1    0.00    0.00
AEC3   147.8   36.1  1 -1    0.00    0.00
A03A   354.2   89.3  1  1    0.00    0.00
A07A   309.2   84.0  1  1    0.00    0.00
A08A   327.0   68.8  1  1    0.00    0.00
A09A   296.7   93.2  1  1    0.00    0.00
A10A    56.6   75.7 -1 -1    0.00    0.00
A11A   278.5   82.6  1  1    0.00    0.00
A12A   221.2   82.9  1  1    0.00    0.00
A14A   199.1   87.7  1  1    0.00    0.00
AAS1   222.0   49.6  0  0   -0.53    0.47
AAS2   242.6   66.1  0  0   -0.14    0.84
AEC1    36.6   27.8  0  0   -0.31    0.70
AEC2   117.7   35.9  0  0   -0.61    0.97
AEC3   147.8   36.1  0  0   -0.38    0.53
A03A   354.2   89.3  0  0    0.00    0.00
A07A   309.2   84.0  0  0   -0.46    1.43
A08A   327.0   68.8  0  0   -0.13    0.78
A09A   296.7   93.2  0  0   -0.21    1.57
A10A    56.6   75.7  0  0   -1.30    0.98
A11A   278.5   82.6  0  0   -0.26    1.53
A12A   221.2   82.9  0  0   -0.46    1.34
A14A   199.1   87.7  0  0   -0.43    1.86
             501  20  10  10 1
AAS1   221.6   50.4  1  1    0.00    0.00
AAS2   242.3   66.8 -1  1    0.00    0.00
AEC1    37.5   27.6 -1 -1    0.00    0.00
AEC3   148.4   36.9  1  1    0.00    0.00
A07A   309.0   84.3  1  1    0.00    0.00
A08A   326.8   69.1  1  1    0.00    0.00
A10A    56.9   76.1 -1 -1    0.00    0.00
A11A   278.3   83.1  1  1    0.00    0.00
A12A   221.1   83.4  1  1    0.00    0.00
A14A   199.0   88.3  1  1    0.00    0.00
AAS1   221.6   50.4  0  0   -0.45    0.45
AAS2   242.3   66.8  0  0   -0.48    0.84
AEC1    37.5   27.6  0  0   -0.11    0.71
AEC3   148.4   36.9  0  0   -0.18    0.51
A07A   309.0   84.3  0  0   -0.43    1.46
A08A   326.8   69.1  0  0   -0.33    0.79
A10A    56.9   76.1  0  0   -0.92    0.99
A11A   278.3   83.1  0  0   -0.33    1.57
A12A   221.1   83.4  0  0   -0.41    1.37
A14A   199.0   88.3  0  0   -0.61    1.99
             502  19  10   9 1
AAS1   223.9   51.4  1 -1    0.00    0.00
AAS2   244.2   68.9 -1 -1    0.00    0.00
ACC1   305.1   65.2  1  1    0.00    0.00
AEC1    33.6   32.0 -1 -1    0.00    0.00
A07A   310.0   86.9  1  1    0.00    0.00
A08A   327.8   72.8  1  1    0.00    0.00
A10A    55.6   79.2 -1 -1    0.00    0.00
A11A   279.5   85.7  1  1    0.00    0.00
A12A   221.9   85.5  1  1    0.00    0.00
A14A   199.3   90.4  1  1    0.00    0.00
AAS1   223.9   51.4  0  0   -0.72    0.50
AAS2   244.2   68.9  0  0   -0.27    0.89
AEC1    33.6   32.0  0  0    0.04    0.58
A07A   310.0   86.9  0  0   -0.27    1.77
A08A   327.8   72.8  0  0   -0.39    0.90
A10A    55.6   79.2  0  0   -1.04    1.10
A11A   279.5   85.7  0  0   -0.52    1.67
A12A   221.9   85.5  0  0   -0.44    1.56
A14A   199.3   90.4  0  0   -0.61    2.37
             503  26  13  13 1
AAS1   201.5   61.9  1 -1    0.00    0.00
ACC1   270.7   47.5  1  1    0.00    0.00
AEC1   132.8   25.8 -1 -1    0.00    0.00
AEC2   147.6   53.1 -1 -1    0.00    0.00
AEC3   161.6   56.7 -1 -1    0.00    0.00
AID1   167.3   71.1  1 -1    0.00    0.00
A03A   354.4   79.3  1  1    0.00    0.00
A05A    18.1   59.3  1  1    0.00    0.00
A07A   296.2   74.6  1  1    0.00    0.00
A08A   309.0   48.3  1  1    0.00    0.00
A10A    77.3   67.7 -1 -1    0.00    0.00
A11A   262.3   77.6  1  1    0.00    0.00
A12A   211.5   83.9  1  1    0.00    0.00
AAS1   201.5   61.9  0  0   -0.43    0.57
ACC1   270.7   47.5  0  0   -0.71    2.07
AEC1   132.8   25.8  0  0   -0.43    0.90
AEC2   147.6   53.1  0  0   -0.83    0.40
AEC3   161.6   56.7  0  0   -0.29    0.38
AID1   167.3   71.1  0  0    0.41    0.81
A03A   354.4   79.3  0  0   -0.55    1.12
A05A    18.1   59.3  0  0    0.33    0.45
A07A   296.2   74.6  0  0    0.20    1.05
A08A   309.0   48.3  0  0   -0.27    0.67
A10A    77.3   67.7  0  0   -0.77    1.05
A11A   262.3   77.6  0  0   -0.73    1.29
A12A   211.5   83.9  0  0   -0.49    1.43
             504  16   9   7 1
AAS1   201.7   66.4  1 -1    0.00    0.00
ACC1   269.4   51.7  1  1    0.00    0.00
AEC1   136.0   28.5 -1 -1    0.00    0.00
AEC2   148.8   57.2 -1 -1    0.00    0.00
AEC3   162.5   61.0  1 -1    0.00    0.00
A05A    17.8   62.5  1  1    0.00    0.00
A07A   295.5   78.2  1  1    0.00    0.00
A08A   307.4   52.0  1  1    0.00    0.00
A10A    77.9   71.1 -1 -1    0.00    0.00
AAS1   201.7   66.4  0  0    0.00    0.00
AEC1   136.0   28.5  0  0   -0.47    0.81
AEC2   148.8   57.2  0  0   -0.57    0.47
AEC3   162.5   61.0  0  0   -0.24    0.51
A05A    17.8   62.5  0  0    0.24    0.55
A07A   295.5   78.2  0  0    0.06    1.17
A08A   307.4   52.0  0  0   -0.39    0.69
             505  13   8   5 1
ACC1   269.4   53.3 -1  1    0.00    0.00
AEC1   138.8   27.7 -1 -1    0.00    0.00
AEC2   150.1   57.2 -1 -1    0.00    0.00
AEC3   163.8   61.3 -1 -1    0.00    0.00
A05A    16.6   62.8  1  1    0.00    0.00
A08A   306.4   53.3  1  1    0.00    0.00
A10A    77.7   71.0 -1 -1    0.00    0.00
A11A   261.9   82.0 -1 -1    0.00    0.00
AEC1   138.8   27.7  0  0   -0.08    0.80
AEC3   163.8   61.3  0  0   -0.33    0.52
A05A    16.6   62.8  0  0    0.24    0.56
A08A   306.4   53.3  0  0   -0.44    0.71
A10A    77.7   71.0  0  0   -0.68    1.06
             506  20  10  10 1
AAS1   200.7   64.8  1 -1    0.00    0.00
ACC1   269.4   49.4  1  1    0.00    0.00
AEC1   133.5   28.8 -1 -1    0.00    0.00
AEC2   147.5   56.5 -1 -1    0.00    0.00
AEC3   161.2   60.0 -1 -1    0.00    0.00
A03A   354.7   81.2  1  1    0.00    0.00
A05A    19.0   61.5  1  1    0.00    0.00
A08A   308.5   49.9  1  1    0.00    0.00
A10A    78.1   70.4 -1 -1    0.00    0.00
A11A   261.7   79.8  1  1    0.00    0.00
AAS1   200.7   64.8  0  0   -0.40    0.65
ACC1   269.4   49.4  0  0   -0.63    1.79
AEC1   133.5   28.8  0  0   -0.62    0.84
AEC2   147.5   56.5  0  0   -0.54    0.46
AEC3   161.2   60.0  0  0   -0.04    0.48
A03A   354.7   81.2  0  0   -0.34    1.21
A05A    19.0   61.5  0  0    0.15    0.52
A08A   308.5   49.9  0  0   -0.24    0.68
A10A    78.1   70.4  0  0   -0.90    1.08
A11A   261.7   79.8  0  0   -0.46    1.33
             507  13   8   5 1
AAS1   202.0   64.5  1  1    0.00    0.00
ACC1   269.4   50.1 -1  1    0.00    0.00
AEC1   136.7   27.0 -1 -1    0.00    0.00
AEC2   149.1   55.2 -1 -1    0.00    0.00
AEC3   162.8   59.0  1  1    0.00    0.00
A05A    17.5   60.5 -1  1    0.00    0.00
A08A   307.2   50.3  1  1    0.00    0.00
A10A    77.9   69.1 -1 -1    0.00    0.00
AEC1   136.7   27.0  0  0   -0.63    0.83
AEC3   162.8   59.0  0  0   -0.24    0.45
A05A    17.5   60.5  0  0    0.43    0.48
A08A   307.2   50.3  0  0   -0.15    0.70
A10A    77.9   69.1  0  0   -0.68    1.06
             508  14   8   6 1
ACC1   303.0   32.7  1  1    0.00    0.00
AEC1    54.1   14.7  1  1    0.00    0.00
AEC2   119.6   22.8  1  1    0.00    0.00
AEC3   144.1   22.7  1  1    0.00    0.00
A05A    13.7   50.5  1  1    0.00    0.00
A08A   328.9   40.1  1  1    0.00    0.00
A10A    60.5   51.2 -1  1    0.00    0.00
A13A   162.9   60.1  1  1    0.00    0.00
AEC1    54.1   14.7  0  0   -0.00    1.17
AEC3   144.1   22.7  0  0   -0.24    0.88
A05A    13.7   50.5  0  0    0.04    0.03
A08A   328.9   40.1  0  0   -0.33    0.47
A10A    60.5   51.2  0  0   -0.50    0.69
A13A   162.9   60.1  0  0    0.00    0.00
             509  14   8   6 1
ACC1   268.8   48.2  1  1    0.00    0.00
AEC1   135.0   27.9 -1 -1    0.00    0.00
AEC2   148.1   55.1 -1 -1    0.00    0.00
AEC3   161.7   58.7 -1 -1    0.00    0.00
A05A    18.9   59.6  1  1    0.00    0.00
A08A   307.7   48.4  1  1    0.00    0.00
A10A    78.4   68.8 -1 -1    0.00    0.00
A11A   261.5   78.5  1  1    0.00    0.00
AEC1   135.0   27.9  0  0   -0.47    0.83
AEC3   161.7   58.7  0  0   -0.36    0.44
A05A    18.9   59.6  0  0    0.05    0.46
A08A   307.7   48.4  0  0   -0.40    0.68
A10A    78.4   68.8  0  0   -0.82    1.10
A11A   261.5   78.5  0  0   -0.25    1.30
             510  14   8   6 1
AAS2   221.1   75.1 -1 -1    0.00    0.00
ACC1   267.5   53.0 -1  1    0.00    0.00
AEC1   138.6   30.7 -1 -1    0.00    0.00
AEC2   149.6   59.4 -1 -1    0.00    0.00
AEC3   162.9   63.1 -1 -1    0.00    0.00
A05A    18.2   63.0  1  1    0.00    0.00
A08A   305.9   52.5  1  1    0.00    0.00
A10A    79.0   72.2 -1 -1    0.00    0.00
AAS2   221.1   75.1  0  0    0.07    0.99
AEC1   138.6   30.7  0  0   -0.58    0.75
AEC3   162.9   63.1  0  0   -0.04    0.57
A05A    18.2   63.0  0  0    0.13    0.56
A08A   305.9   52.5  0  0   -0.31    0.72
A10A    79.0   72.2  0  0   -0.68    1.10
             511  15   8   7 1
AEC1   147.6   67.9 -1 -1    0.00    0.00
A05A    66.8   52.0  1  1    0.00    0.00
A06A   320.4   60.8 -1 -1    0.00    0.00
A07A   271.0   68.1  1  1    0.00    0.00
A08A   228.5   28.1  1  1    0.00    0.00
A09A   272.7   88.3 -1  1    0.00    0.00
A10A   104.3   80.8 -1 -1    0.00    0.00
A11A   237.0   81.7  1  1    0.00    0.00
AEC1   147.6   67.9  0  0   -0.24    0.72
A05A    66.8   52.0  0  0    0.35    0.90
A06A   320.4   60.8  0  0    0.00    0.00
A07A   271.0   68.1  0  0   -0.24    1.86
A08A   228.5   28.1  0  0   -0.48    0.86
A09A   272.7   88.3  0  0    0.00    0.00
A11A   237.0   81.7  0  0   -0.87    1.30
             512  15   9   6 1
ACC1   215.3   55.5 -1  1    0.00    0.00
AEC1   149.5   65.2  1 -1    0.00    0.00
AEC2   152.2   78.5 -1 -1    0.00    0.00
A05A    62.1   49.0  1  1    0.00    0.00
A07A   272.6   69.2  1  1    0.00    0.00
A08A   238.9   29.9  1  1    0.00    0.00
A09A   273.5   88.2 -1  1    0.00    0.00
A10A   103.7   78.8 -1 -1    0.00    0.00
A11A   239.0   81.6  1  1    0.00    0.00
AEC1   149.5   65.2  0  0   -0.11    0.65
A05A    62.1   49.0  0  0    0.20    0.82
A07A   272.6   69.2  0  0   -0.24    1.63
A08A   238.9   29.9  0  0   -0.20    0.97
A09A   273.5   88.2  0  0    0.00    0.00
A11A   239.0   81.6  0  0   -0.57    1.28
             513  13   8   5 1
ACC1   214.0   57.0 -1  1    0.00    0.00
AEC1   149.4   67.2  1 -1    0.00    0.00
AEC3   159.7   81.7 -1 -1    0.00    0.00
A05A    63.8   50.4  1  1    0.00    0.00
A07A   271.8   70.1  1  1    0.00    0.00
A08A   235.7   30.7  1  1    0.00    0.00
A10A   104.1   80.3 -1  1    0.00    0.00
A11A   238.3   82.7  1  1    0.00    0.00
AEC1   149.4   67.2  0  0   -0.32    0.71
A05A    63.8   50.4  0  0    0.26    0.74
A07A   271.8   70.1  0  0   -0.25    1.69
A08A   235.7   30.7  0  0   -0.53    0.83
A11A   238.3   82.7  0  0   -0.52    1.36
             514  13   8   5 1
ACC1   205.2   72.2  1  1    0.00    0.00
AEC1   155.3   80.1  1  1    0.00    0.00
AEC2   156.0   89.7  1  1    0.00    0.00
A05A    88.2   52.2 -1 -1    0.00    0.00
A06A   305.1   60.5  1  1    0.00    0.00
A07A   258.2   76.5  1  1    0.00    0.00
A08A   211.4   49.5  1  1    0.00    0.00
A10A   113.2   87.8 -1 -1    0.00    0.00
AEC1   155.3   80.1  0  0   -0.32    1.12
A05A    88.2   52.2  0  0    0.38    1.34
A06A   305.1   60.5  0  0   -0.32    0.81
A07A   258.2   76.5  0  0    0.14    1.14
A08A   211.4   49.5  0  0   -0.08    0.27
             515  16   8   8 1
AAS2   299.2   87.5  1 -1    0.00    0.00
AEC3    38.1   78.9  1  1    0.00    0.00
AID1    84.4   61.8  1  1    0.00    0.00
A05A    10.5  110.1 -1 -1    0.00    0.00
A08A   346.7  106.3 -1 -1    0.00    0.00
A11A   306.4  106.7  1 -1    0.00    0.00
A12A   246.0   94.7  1  1    0.00    0.00
A14A   204.7   99.0  1  1    0.00    0.00
AAS2   299.2   87.5  0  0   -0.32    2.11
AEC3    38.1   78.9  0  0   -0.36    1.06
AID1    84.4   61.8  0  0   -0.43    1.23
A05A    10.5  110.1  0  0    0.00    0.00
A08A   346.7  106.3  0  0    0.00    0.00
A11A   306.4  106.7  0  0   -0.13    0.91
A12A   246.0   94.7  0  0   -0.33    1.38
A14A   204.7   99.0  0  0   -0.28    1.16
             516  17  10   7 1
ACC1   199.5   85.9 -1 -1    0.00    0.00
AEC1   157.9   92.2  1 -1    0.00    0.00
AEC2   157.8  100.0 -1 -1    0.00    0.00
AEC3   163.5  101.8  1 -1    0.00    0.00
A03A    10.7   67.0 -1 -1    0.00    0.00
A06A   289.4   62.4  1  1    0.00    0.00
A08A   200.5   69.4 -1 -1    0.00    0.00
A09A   260.3  103.2  1  1    0.00    0.00
A10A   119.5   96.6 -1  1    0.00    0.00
A11A   225.6   99.6  1  1    0.00    0.00
AEC1   157.9   92.2  0  0   -0.39    2.00
AEC3   163.5  101.8  0  0   -0.15    1.09
A03A    10.7   67.0  0  0   -0.64    0.69
A06A   289.4   62.4  0  0   -1.05    1.01
A08A   200.5   69.4  0  0   -0.35    0.78
A09A   260.3  103.2  0  0   -0.42    1.18
A11A   225.6   99.6  0  0    0.00    0.00
             517  17   9   8 1
AAS1   102.9   61.8  1  1    0.00    0.00
AAS2   132.4   24.0 -1 -1    0.00    0.00
ACC1    20.7   73.9  1 -1    0.00    0.00
AEC3    91.2   86.4  1  1    0.00    0.00
AID1   111.1   89.0  1  1    0.00    0.00
A02A   353.4  103.6 -1 -1    0.00    0.00
A06A     3.9   99.5 -1 -1    0.00    0.00
A11A   311.9   74.1  1  1    0.00    0.00
A14A   168.1   94.4 -1 -1    0.00    0.00
AAS1   102.9   61.8  0  0   -0.22    1.34
AAS2   132.4   24.0  0  0    0.21    0.97
AEC3    91.2   86.4  0  0    0.19    1.66
AID1   111.1   89.0  0  0    0.08    1.80
A02A   353.4  103.6  0  0    0.00    0.00
A06A     3.9   99.5  0  0    0.00    0.00
A11A   311.9   74.1  0  0    0.75    0.98
A14A   168.1   94.4  0  0   -0.29    1.56
             518  18   9   9 1
AAS1   109.3   61.7  1  1    0.00    0.00
AAS2   144.2   29.5 -1 -1    0.00    0.00
ACC1    22.9   69.3  1 -1    0.00    0.00
AEC3    94.6   85.3  1  1    0.00    0.00
AID1   113.9   88.6 -1  1    0.00    0.00
A05A    38.2   97.2  1 -1    0.00    0.00
A06A     4.2   96.6 -1 -1    0.00    0.00
A09A   317.0   96.4  1  1    0.00    0.00
A14A   168.5   93.9 -1 -1    0.00    0.00
AAS1   109.3   61.7  0  0   -0.16    1.09
AAS2   144.2   29.5  0  0    0.00    0.00
ACC1    22.9   69.3  0  0   -0.44    0.75
AEC3    94.6   85.3  0  0    0.13    2.16
AID1   113.9   88.6  0  0    0.12    1.73
A05A    38.2   97.2  0  0    0.00    0.00
A06A     4.2   96.6  0  0   -0.66    1.34
A09A   317.0   96.4  0  0   -0.53    1.29
A14A   168.5   93.9  0  0   -0.38    1.61
             519  14   8   6 1
AAS1   108.4   64.4  1  1    0.00    0.00
AAS2   141.3   31.3 -1 -1    0.00    0.00
ACC1    23.4   72.1  1 -1    0.00    0.00
AEC2    87.3   90.5  1  1    0.00    0.00
AEC3    94.2   87.4  1  1    0.00    0.00
A09A   317.4   99.0  1  1    0.00    0.00
A11A   309.1   72.3 -1  1    0.00    0.00
A14A   168.1   95.7 -1  1    0.00    0.00
AAS1   108.4   64.4  0  0   -0.17    1.11
AAS2   141.3   31.3  0  0    0.00    0.00
AEC3    94.2   87.4  0  0   -0.17    2.14
A09A   317.4   99.0  0  0   -0.51    1.17
A11A   309.1   72.3  0  0    0.44    0.93
A14A   168.1   95.7  0  0   -0.20    1.42
             520  17   9   8 1
AAS1   106.8   64.7  1  1    0.00    0.00
AAS2   137.2   30.8 -1 -1    0.00    0.00
ACC1    23.6   72.8  1 -1    0.00    0.00
AEC2    86.7   90.7 -1  1    0.00    0.00
AEC3    93.5   87.7  1  1    0.00    0.00
A02A   353.8  104.0  1  1    0.00    0.00
A05A    38.3  100.4  1  1    0.00    0.00
A09A   317.9   99.1 -1  1    0.00    0.00
A11A   310.4   72.4  1  1    0.00    0.00
AAS1   106.8   64.7  0  0   -0.35    1.14
AAS2   137.2   30.8  0  0    0.00    0.00
AEC2    86.7   90.7  0  0   -0.42    3.16
AEC3    93.5   87.7  0  0   -0.51    2.04
A02A   353.8  104.0  0  0    0.00    0.00
A05A    38.3  100.4  0  0    0.00    0.00
A09A   317.9   99.1  0  0   -0.50    1.17
A11A   310.4   72.4  0  0    0.58    0.93
             521  14   8   6 1
ACC1   283.1   50.3 -1  1    0.00    0.00
AEC1   107.5   17.2 -1 -1    0.00    0.00
AEC2   142.8   45.7 -1 -1    0.00    0.00
AEC3   160.4   49.4  1 -1    0.00    0.00
A05A    13.7   64.2  1  1    0.00    0.00
A07A   300.7   76.7  1  1    0.00    0.00
A08A   315.9   54.6  1  1    0.00    0.00
A10A    69.6   68.0 -1 -1    0.00    0.00
AEC1   107.5   17.2  0  0   -0.39    1.52
AEC3   160.4   49.4  0  0   -0.33    0.17
A05A    13.7   64.2  0  0    0.46    0.60
A07A   300.7   76.7  0  0   -0.44    1.09
A08A   315.9   54.6  0  0    0.02    0.59
A10A    69.6   68.0  0  0   -0.60    0.91
             522  16   9   7 1
AAS1   202.3   59.7  1 -1    0.00    0.00
ACC1   273.9   46.6  1  1    0.00    0.00
AEC1   127.6   23.5 -1 -1    0.00    0.00
AEC3   160.8   54.2 -1 -1    0.00    0.00
A05A    17.5   59.7  1  1    0.00    0.00
A07A   297.5   74.1  1  1    0.00    0.00
A08A   311.3   48.6  1  1    0.00    0.00
A10A    75.6   67.0 -1 -1    0.00    0.00
A14A   194.7   88.2  1  1    0.00    0.00
AEC1   127.6   23.5  0  0   -0.41    1.01
AEC3   160.8   54.2  0  0   -0.25    0.30
A05A    17.5   59.7  0  0    0.13    0.46
A07A   297.5   74.1  0  0    0.01    1.03
A08A   311.3   48.6  0  0   -0.10    0.64
A10A    75.6   67.0  0  0   -0.65    1.00
A14A   194.7   88.2  0  0    0.00    0.00
             523  17   9   8 1
AAS1   202.3   65.1  1 -1    0.00    0.00
ACC1   272.6   51.5  1  1    0.00    0.00
AEC1   130.4   26.8  1 -1    0.00    0.00
AEC2   147.0   55.9  1 -1    0.00    0.00
AEC3   161.4   59.6 -1 -1    0.00    0.00
A05A    17.4   64.0  1  1    0.00    0.00
A07A   296.9   78.5  1  1    0.00    0.00
A08A   310.1   53.0  1  1    0.00    0.00
A10A    76.2   71.5 -1 -1    0.00    0.00
AAS1   202.3   65.1  0  0    0.00    0.00
AEC1   130.4   26.8  0  0   -0.42    0.91
AEC2   147.0   55.9  0  0   -0.92    0.45
AEC3   161.4   59.6  0  0   -0.28    0.47
A05A    17.4   64.0  0  0    0.26    0.59
A07A   296.9   78.5  0  0   -0.07    1.17
A08A   310.1   53.0  0  0   -0.34    0.65
A10A    76.2   71.5  0  0   -0.55    1.04
             524  17   9   8 1
AAS1   202.4   62.3  1 -1    0.00    0.00
ACC1   275.2   49.4  1  1    0.00    0.00
AEC1   124.7   25.0 -1 -1    0.00    0.00
AEC2   145.1   53.3  1 -1    0.00    0.00
AEC3   160.1   56.8 -1 -1    0.00    0.00
A05A    17.5   63.4  1  1    0.00    0.00
A07A   298.1   77.0  1  1    0.00    0.00
A08A   312.5   51.9  1  1    0.00    0.00
A10A    75.0   70.3 -1 -1    0.00    0.00
AAS1   202.4   62.3  0  0   -0.14    0.58
AEC1   124.7   25.0  0  0   -0.45    1.02
AEC2   145.1   53.3  0  0   -0.84    0.44
AEC3   160.1   56.8  0  0   -0.39    0.39
A05A    17.5   63.4  0  0   -0.03    0.58
A07A   298.1   77.0  0  0   -0.20    1.11
A08A   312.5   51.9  0  0   -0.21    0.62
A10A    75.0   70.3  0  0   -0.71    1.01
             525  15   9   6 1
ACC1   194.2   73.8  1  1    0.00    0.00
AEC1   157.9   80.2  1  1    0.00    0.00
A03A    21.7   41.7 -1 -1    0.00    0.00
A05A   118.7   54.7  1 -1    0.00    0.00
A06A   273.3   39.5  1  1    0.00    0.00
A07A   238.4   69.8 -1  1    0.00    0.00
A09A   255.4   86.6  1  1    0.00    0.00
A10A   122.9   83.8 -1 -1    0.00    0.00
A11A   220.7   85.4  1  1    0.00    0.00
A03A    21.7   41.7  0  0   -0.51    0.13
A05A   118.7   54.7  0  0    0.60    0.85
A06A   273.3   39.5  0  0   -0.76    2.38
A07A   238.4   69.8  0  0    0.34    0.85
A10A   122.9   83.8  0  0    0.00    0.00
A11A   220.7   85.4  0  0    0.00    0.00
             526  20  11   9 1
ACC1   230.4   48.2  1  1    0.00    0.00
AEC1   147.0   54.2 -1 -1    0.00    0.00
AEC2   151.1   71.2 -1 -1    0.00    0.00
AEC3   160.1   73.4 -1 -1    0.00    0.00
A03A     0.3   72.9  1 -1    0.00    0.00
A05A    44.7   49.4  1  1    0.00    0.00
A07A   281.6   69.4  1  1    0.00    0.00
A08A   272.3   29.9  1  1    0.00    0.00
A09A   278.3   87.3  1  1    0.00    0.00
A10A    96.7   74.0 -1  1    0.00    0.00
A11A   246.2   78.7  1  1    0.00    0.00
AEC1   147.0   54.2  0  0   -0.41    0.46
AEC3   160.1   73.4  0  0   -0.49    0.88
A03A     0.3   72.9  0  0   -0.12    0.88
A05A    44.7   49.4  0  0    0.28    0.45
A07A   281.6   69.4  0  0    0.01    1.40
A08A   272.3   29.9  0  0   -0.34    1.99
A09A   278.3   87.3  0  0    0.00    0.00
A10A    96.7   74.0  0  0   -0.83    1.99
A11A   246.2   78.7  0  0   -0.60    1.16
             527  14   8   6 1
AAS1   100.9   61.2  1 -1    0.00    0.00
AAS2   127.1   22.2 -1 -1    0.00    0.00
ACC1    20.1   74.5  1  1    0.00    0.00
AEC2    83.6   89.8 -1 -1    0.00    0.00
AEC3    90.2   86.2 -1 -1    0.00    0.00
A10A    63.2  101.2 -1 -1    0.00    0.00
A11A   313.0   74.5 -1  1    0.00    0.00
A14A   168.0   93.8 -1  1    0.00    0.00
AAS1   100.9   61.2  0  0   -0.31    1.35
AAS2   127.1   22.2  0  0    0.15    1.05
AEC3    90.2   86.2  0  0   -0.12    1.72
A10A    63.2  101.2  0  0    0.00    0.00
A11A   313.0   74.5  0  0    0.68    0.99
A14A   168.0   93.8  0  0   -0.26    1.62
             528  21  11  10 1
AAS1   319.6   58.5  1 -1    0.00    0.00
AAS2   295.6   80.3 -1 -1    0.00    0.00
ACC1   335.0   95.2 -1 -1    0.00    0.00
AEC1    15.5   88.4 -1  1    0.00    0.00
AEC3    35.5   66.4  1  1    0.00    0.00
AID1    88.3   47.3  1  1    0.00    0.00
A06A   343.3  108.4  1  1    0.00    0.00
A11A   304.7  101.8 -1 -1    0.00    0.00
A12A   245.8   88.1  1  1    0.00    0.00
A13A   145.0   84.6  1 -1    0.00    0.00
A14A   206.4   92.5 -1  1    0.00    0.00
AAS1   319.6   58.5  0  0   -0.70    0.64
AAS2   295.6   80.3  0  0    0.00    0.00
AEC1    15.5   88.4  0  0   -0.01    1.91
AEC3    35.5   66.4  0  0   -0.05    0.68
AID1    88.3   47.3  0  0   -0.33    1.34
A06A   343.3  108.4  0  0    0.00    0.00
A11A   304.7  101.8  0  0    0.05    1.07
A12A   245.8   88.1  0  0    0.11    2.20
A13A   145.0   84.6  0  0    0.06    1.38
A14A   206.4   92.5  0  0   -0.12    1.70
             529  16   9   7 1
AAS1   111.7   70.2  1  1    0.00    0.00
AAS2   145.2   39.2  1  1    0.00    0.00
ACC1    25.4   74.6  1 -1    0.00    0.00
AEC2    89.1   93.5  1  1    0.00    0.00
AEC3    96.2   91.2  1  1    0.00    0.00
A06A     4.9  102.0  1  1    0.00    0.00
A09A   316.7  101.7  1  1    0.00    0.00
A11A   307.0   74.9  1  1    0.00    0.00
A14A   168.0   99.4 -1  1    0.00    0.00
AAS1   111.7   70.2  0  0   -0.25    1.03
AAS2   145.2   39.2  0  0    0.00    0.00
AEC3    96.2   91.2  0  0   -0.09    2.89
A06A     4.9  102.0  0  0    0.00    0.00
A09A   316.7  101.7  0  0   -0.64    1.05
A11A   307.0   74.9  0  0    0.82    1.01
A14A   168.0   99.4  0  0   -0.33    1.19
             530  13   8   5 1
ACC1   216.4   61.0  1  1    0.00    0.00
AEC1   147.8   71.9  1  1    0.00    0.00
AEC3   159.0   87.6  1  1    0.00    0.00
A03A     4.5   79.4  1  1    0.00    0.00
A05A    59.6   57.9  1 -1    0.00    0.00
A07A   274.6   76.7  1 -1    0.00    0.00
A08A   243.8   32.7  1  1    0.00    0.00
A10A   102.1   87.0 -1 -1    0.00    0.00
AEC1   147.8   71.9  0  0   -0.12    0.84
A05A    59.6   57.9  0  0    0.25    0.78
A07A   274.6   76.7  0  0   -0.34    1.39
A08A   243.8   32.7  0  0   -0.69    1.04
A10A   102.1   87.0  0  0   -0.68    1.57
             531  21  11  10 1
AAS1   184.3   85.7  1  1    0.00    0.00
AEC1   146.2   69.2 -1  1    0.00    0.00
AEC2   150.2   83.6  1  1    0.00    0.00
A03A     4.3   79.5 -1  1    0.00    0.00
A05A    56.2   58.1  1  1    0.00    0.00
A07A   277.0   75.6  1 -1    0.00    0.00
A08A   251.8   30.3 -1 -1    0.00    0.00
A10A   100.4   85.4 -1 -1    0.00    0.00
A12A   199.7   96.2  1  1    0.00    0.00
A13A   164.0   98.3  1  1    0.00    0.00
A14A   187.1   99.4 -1  1    0.00    0.00
AEC1   146.2   69.2  0  0   -0.14    0.78
AEC2   150.2   83.6  0  0   -0.58    1.32
A03A     4.3   79.5  0  0   -0.69    1.12
A05A    56.2   58.1  0  0   -0.09    0.62
A07A   277.0   75.6  0  0    0.14    3.04
A08A   251.8   30.3  0  0   -0.42    1.05
A10A   100.4   85.4  0  0   -0.76    1.69
A12A   199.7   96.2  0  0    0.00    0.00
A13A   164.0   98.3  0  0    0.00    0.00
A14A   187.1   99.4  0  0    0.00    0.00
             532  14   8   6 1
AAS1   109.9   69.1  1  1    0.00    0.00
AAS2   145.2   35.5  1  1    0.00    0.00
ACC1    23.1   76.0 -1 -1    0.00    0.00
AEC2    87.9   93.6 -1  1    0.00    0.00
AEC3    95.0   90.9  1  1    0.00    0.00
A02A   353.3  107.8 -1 -1    0.00    0.00
A06A     4.2  102.6 -1 -1    0.00    0.00
A14A   168.5   99.2 -1 -1    0.00    0.00
AAS1   109.9   69.1  0  0   -0.31    1.16
AAS2   145.2   35.5  0  0    0.00    0.00
AEC3    95.0   90.9  0  0   -0.19    2.49
A02A   353.3  107.8  0  0    0.00    0.00
A06A     4.2  102.6  0  0    0.00    0.00
A14A   168.5   99.2  0  0   -0.07    1.21
             533  17   9   8 1
ACC1   177.3   79.1  1 -1    0.00    0.00
A01A    10.2   63.1  1  1    0.00    0.00
A02A   294.1   41.9 -1 -1    0.00    0.00
A03A    99.7   41.7  1  1    0.00    0.00
A04A   255.9   65.4  1 -1    0.00    0.00
A05A   131.6   71.2  1 -1    0.00    0.00
A06A   187.9   39.3 -1 -1    0.00    0.00
A07A   205.8   68.7  1 -1    0.00    0.00
A08A   170.9   71.3 -1 -1    0.00    0.00
A01A    10.2   63.1  0  0    0.12    0.57
A02A   294.1   41.9  0  0    0.64    1.02
A03A    99.7   41.7  0  0   -0.07    1.58
A04A   255.9   65.4  0  0    0.17    0.99
A05A   131.6   71.2  0  0    0.36    0.85
A06A   187.9   39.3  0  0   -0.40    0.03
A07A   205.8   68.7  0  0   -0.16    0.77
A08A   170.9   71.3  0  0    0.00    0.00
             534  24  12  12 1
AAS2   182.6   92.7  1 -1    0.00    0.00
AEC1   154.2   88.7 -1 -1    0.00    0.00
A01A     7.3   71.2  1  1    0.00    0.00
A02A   298.8   51.8  1 -1    0.00    0.00
A03A    92.0   43.9  1 -1    0.00    0.00
A05A   130.3   74.9  1 -1    0.00    0.00
A08A   172.3   75.0 -1 -1    0.00    0.00
A09A   238.2   85.3  1  1    0.00    0.00
A10A   128.3   90.8 -1 -1    0.00    0.00
A11A   204.9   88.4  1  1    0.00    0.00
A12A   185.9   97.5 -1  1    0.00    0.00
A14A   178.9  101.2  1 -1    0.00    0.00
AAS2   182.6   92.7  0  0   -0.37    1.72
AEC1   154.2   88.7  0  0   -0.15    1.87
A01A     7.3   71.2  0  0    0.06    0.82
A02A   298.8   51.8  0  0    0.24    0.87
A03A    92.0   43.9  0  0   -0.59    1.93
A05A   130.3   74.9  0  0    0.32    0.94
A08A   172.3   75.0  0  0    0.06    0.94
A09A   238.2   85.3  0  0   -0.27    1.63
A10A   128.3   90.8  0  0    0.00    0.00
A11A   204.9   88.4  0  0    0.00    0.00
A12A   185.9   97.5  0  0    0.00    0.00
A14A   178.9  101.2  0  0    0.00    0.00
             535  20  10  10 1
AAS2   182.8   91.8  1  1    0.00    0.00
AID1   162.2   94.9 -1 -1    0.00    0.00
A01A     7.1   66.7  1  1    0.00    0.00
A03A    97.6   40.8  1 -1    0.00    0.00
A05A   132.3   72.6 -1 -1    0.00    0.00
A06A   194.5   40.8 -1 -1    0.00    0.00
A08A   173.0   73.3 -1 -1    0.00    0.00
A11A   204.6   86.6  1  1    0.00    0.00
A12A   186.0   96.9 -1  1    0.00    0.00
A14A   179.0   99.9  1  1    0.00    0.00
AAS2   182.8   91.8  0  0    0.00    0.00
AID1   162.2   94.9  0  0    0.00    0.00
A01A     7.1   66.7  0  0    0.04    0.68
A03A    97.6   40.8  0  0   -0.68    1.75
A05A   132.3   72.6  0  0    0.51    0.88
A06A   194.5   40.8  0  0   -0.32    0.04
A08A   173.0   73.3  0  0    0.00    0.00
A11A   204.6   86.6  0  0    0.00    0.00
A12A   186.0   96.9  0  0    0.00    0.00
A14A   179.0   99.9  0  0    0.00    0.00
             536  20  11   9 1
AAS1   308.8   51.9 -1 -1    0.00    0.00
AAS2   290.3   75.0 -1 -1    0.00    0.00
ACC1   331.5   90.1 -1 -1    0.00    0.00
AEC2    35.9   66.5 -1  1    0.00    0.00
AEC3    33.1   52.9  1  1    0.00    0.00
AID1    99.8   34.6  1  1    0.00    0.00
A07A   324.9  100.9  1 -1    0.00    0.00
A08A   342.1   95.1  1  1    0.00    0.00
A12A   244.5   84.6  1  1    0.00    0.00
A13A   150.3   78.1  1 -1    0.00    0.00
A14A   207.8   88.9  1  1    0.00    0.00
AAS1   308.8   51.9  0  0   -0.26    0.74
AAS2   290.3   75.0  0  0   -0.03    1.17
AEC2    35.9   66.5  0  0   -0.68    0.68
AEC3    33.1   52.9  0  0   -0.61    0.31
AID1    99.8   34.6  0  0    0.00    0.00
A07A   324.9  100.9  0  0    0.00    0.00
A12A   244.5   84.6  0  0   -0.37    1.50
A13A   150.3   78.1  0  0    0.00    0.00
A14A   207.8   88.9  0  0   -0.15    2.29
             537  15   8   7 1
AEC1   146.2   73.3 -1 -1    0.00    0.00
AEC2   150.1   87.6  1 -1    0.00    0.00
AEC3   158.1   89.4  1 -1    0.00    0.00
A07A   275.9   78.1  1  1    0.00    0.00
A08A   246.5   31.6  1  1    0.00    0.00
A10A   101.2   89.3 -1 -1    0.00    0.00
A12A   199.1   98.2  1  1    0.00    0.00
A14A   186.8  101.4 -1 -1    0.00    0.00
AEC1   146.2   73.3  0  0   -0.35    0.88
AEC3   158.1   89.4  0  0   -0.18    2.20
A07A   275.9   78.1  0  0   -0.04    1.39
A08A   246.5   31.6  0  0   -0.32    1.09
A10A   101.2   89.3  0  0   -1.27    1.96
A12A   199.1   98.2  0  0    0.00    0.00
A14A   186.8  101.4  0  0    0.00    0.00
             538  16   8   8 1
AAS1   109.3   63.8  1 -1    0.00    0.00
AAS2   141.5   32.1 -1 -1    0.00    0.00
ACC1    24.5   70.2  1  1    0.00    0.00
AEC2    87.9   89.9 -1 -1    0.00    0.00
A05A    38.8   98.3  1  1    0.00    0.00
A07A   346.8   89.5  1  1    0.00    0.00
A09A   317.3   97.2  1 -1    0.00    0.00
A14A   167.8   94.7 -1  1    0.00    0.00
AAS1   109.3   63.8  0  0   -0.03    1.03
AAS2   141.5   32.1  0  0    0.00    0.00
ACC1    24.5   70.2  0  0   -0.68    0.78
AEC2    87.9   89.9  0  0   -0.37    2.00
A05A    38.8   98.3  0  0    0.00    0.00
A07A   346.8   89.5  0  0    0.16    2.88
A09A   317.3   97.2  0  0   -0.14    1.25
A14A   167.8   94.7  0  0   -0.32    1.52
             539  24  12  12 1
AAS1   111.6   58.6  1  1    0.00    0.00
AAS2   149.9   28.8 -1  1    0.00    0.00
ACC1    22.5   65.4 -1 -1    0.00    0.00
AEC2    88.5   86.0 -1  1    0.00    0.00
AID1   115.0   86.0 -1  1    0.00    0.00
A05A    38.3   94.4  1 -1    0.00    0.00
A06A     3.8   94.0 -1 -1    0.00    0.00
A07A   345.2   86.4  1 -1    0.00    0.00
A09A   316.2   94.0  1  1    0.00    0.00
A11A   306.3   67.6 -1  1    0.00    0.00
A13A   133.6   94.2  1  1    0.00    0.00
A14A   169.1   91.7 -1 -1    0.00    0.00
AAS1   111.6   58.6  0  0   -0.03    1.11
AAS2   149.9   28.8  0  0    0.00    0.00
ACC1    22.5   65.4  0  0   -0.46    0.64
AEC2    88.5   86.0  0  0   -0.32    1.48
AID1   115.0   86.0  0  0    0.17    1.46
A05A    38.3   94.4  0  0    0.00    0.00
A06A     3.8   94.0  0  0   -0.05    1.56
A07A   345.2   86.4  0  0    0.19    1.66
A09A   316.2   94.0  0  0   -0.41    1.46
A11A   306.3   67.6  0  0    0.55    0.88
A13A   133.6   94.2  0  0    0.62    1.67
A14A   169.1   91.7  0  0   -0.55    2.04
             540  22  11  11 1
AAS1   102.9   63.0  1  1    0.00    0.00
AAS2   132.4   24.7 -1  1    0.00    0.00
AEC3    91.2   87.3  1  1    0.00    0.00
AID1   111.1   89.9  1  1    0.00    0.00
A02A   353.4  104.8 -1 -1    0.00    0.00
A06A     3.9  100.9 -1 -1    0.00    0.00
A08A    19.7   88.8  1 -1    0.00    0.00
A09A   318.3  100.5  1  1    0.00    0.00
A10A    63.6  102.8 -1 -1    0.00    0.00
A11A   311.9   75.2  1  1    0.00    0.00
A14A   168.1   95.2 -1 -1    0.00    0.00
AAS1   102.9   63.0  0  0   -0.26    1.22
AAS2   132.4   24.7  0  0    0.20    0.94
AEC3    91.2   87.3  0  0    0.21    1.96
AID1   111.1   89.9  0  0   -0.07    1.98
A02A   353.4  104.8  0  0    0.00    0.00
A06A     3.9  100.9  0  0    0.00    0.00
A08A    19.7   88.8  0  0    0.26    1.98
A09A   318.3  100.5  0  0   -0.67    1.08
A10A    63.6  102.8  0  0    0.00    0.00
A11A   311.9   75.2  0  0    0.90    1.02
A14A   168.1   95.2  0  0   -0.21    1.48
             541  16   8   8 1
AAS1   108.4   63.3  1 -1    0.00    0.00
AAS2   138.8   31.5 -1  1    0.00    0.00
ACC1    25.0   69.9  1  1    0.00    0.00
AEC2    87.6   89.6 -1 -1    0.00    0.00
A05A    38.9   97.4 -1  1    0.00    0.00
A09A   317.7   96.2  1 -1    0.00    0.00
A11A   309.6   69.1 -1 -1    0.00    0.00
A14A   167.5   94.0 -1 -1    0.00    0.00
AAS1   108.4   63.3  0  0   -0.07    1.02
AAS2   138.8   31.5  0  0    0.00    0.00
ACC1    25.0   69.9  0  0   -0.51    0.78
AEC2    87.6   89.6  0  0   -0.25    2.06
A05A    38.9   97.4  0  0    0.00    0.00
A09A   317.7   96.2  0  0   -0.16    1.32
A11A   309.6   69.1  0  0    0.61    0.84
A14A   167.5   94.0  0  0   -0.24    1.59
             542  20  10  10 1
AAS1   112.9   61.0  1 -1    0.00    0.00
AAS2   151.4   31.5 -1 -1    0.00    0.00
ACC1    22.9   66.8  1  1    0.00    0.00
AEC2    89.1   88.1 -1 -1    0.00    0.00
AID1   115.6   88.2 -1 -1    0.00    0.00
A05A    38.6   96.1  1  1    0.00    0.00
A06A     3.8   95.5 -1 -1    0.00    0.00
A09A   315.9   95.6  1 -1    0.00    0.00
A13A   133.9   96.1  1 -1    0.00    0.00
A14A   169.2   93.8 -1 -1    0.00    0.00
AAS1   112.9   61.0  0  0   -0.01    0.92
AAS2   151.4   31.5  0  0    0.00    0.00
ACC1    22.9   66.8  0  0   -0.29    0.68
AEC2    89.1   88.1  0  0   -0.11    1.83
AID1   115.6   88.2  0  0    0.08    1.73
A05A    38.6   96.1  0  0    0.00    0.00
A06A     3.8   95.5  0  0   -0.42    1.42
A09A   315.9   95.6  0  0   -0.38    1.35
A13A   133.9   96.1  0  0    0.69    1.43
A14A   169.2   93.8  0  0   -0.23    1.62
             543  20  10  10 1
AAS1   200.6   64.7  1  1    0.00    0.00
ACC1   265.6   48.7  1  1    0.00    0.00
AEC1   140.3   29.3 -1 -1    0.00    0.00
AEC2   150.1   56.0  1 -1    0.00    0.00
AEC3   163.0   59.7  1 -1    0.00    0.00
A05A    19.0   57.9  1 -1    0.00    0.00
A07A   294.0   75.0  1  1    0.00    0.00
A08A   304.6   47.5  1  1    0.00    0.00
A10A    80.1   68.0 -1 -1    0.00    0.00
A11A   260.2   78.6  1  1    0.00    0.00
AAS1   200.6   64.7  0  0    0.00    0.00
ACC1   265.6   48.7  0  0   -0.49    1.48
AEC1   140.3   29.3  0  0   -0.43    0.75
AEC2   150.1   56.0  0  0   -0.84    0.43
AEC3   163.0   59.7  0  0   -0.31    0.47
A05A    19.0   57.9  0  0   -0.05    0.40
A07A   294.0   75.0  0  0   -0.07    1.07
A08A   304.6   47.5  0  0   -0.38    0.74
A10A    80.1   68.0  0  0   -0.54    1.14
A11A   260.2   78.6  0  0   -0.13    1.27
             544  20  10  10 1
AAS1   112.9   61.9  1 -1    0.00    0.00
AAS2   151.4   32.1 -1 -1    0.00    0.00
AID1   115.6   88.8 -1 -1    0.00    0.00
A05A    38.6   97.1  1  1    0.00    0.00
A06A     3.8   96.5 -1 -1    0.00    0.00
A07A   345.0   88.6 -1 -1    0.00    0.00
A09A   315.9   96.6  1 -1    0.00    0.00
A11A   305.4   70.1 -1 -1    0.00    0.00
A13A   133.9   97.1  1 -1    0.00    0.00
A14A   169.2   94.5 -1 -1    0.00    0.00
AAS1   112.9   61.9  0  0   -0.13    0.91
AAS2   151.4   32.1  0  0    0.00    0.00
AID1   115.6   88.8  0  0    0.12    1.75
A05A    38.6   97.1  0  0   -0.00    1.36
A06A     3.8   96.5  0  0    0.00    0.00
A07A   345.0   88.6  0  0    0.41    2.23
A09A   315.9   96.6  0  0   -0.61    1.27
A11A   305.4   70.1  0  0    0.61    0.89
A13A   133.9   97.1  0  0    0.05    1.38
A14A   169.2   94.5  0  0   -0.40    1.55
             545  23  12  11 1
AAS1   200.6   62.4  1  1    0.00    0.00
ACC1   268.1   46.8 -1  1    0.00    0.00
AEC1   135.9   27.3 -1 -1    0.00    0.00
AEC2   148.4   53.9 -1 -1    0.00    0.00
AEC3   161.9   57.5  1 -1    0.00    0.00
A05A    19.0   57.9  1  1    0.00    0.00
A07A   295.3   73.8  1  1    0.00    0.00
A08A   307.2   46.7  1  1    0.00    0.00
A10A    78.8   67.2 -1 -1    0.00    0.00
A11A   261.2   77.3  1 -1    0.00    0.00
A12A   210.9   83.8  1  1    0.00    0.00
A13A   166.8   85.0  1  1    0.00    0.00
AAS1   200.6   62.4  0  0   -0.44    0.57
AEC1   135.9   27.3  0  0   -0.34    0.85
AEC2   148.4   53.9  0  0   -0.76    0.42
AEC3   161.9   57.5  0  0   -0.19    0.41
A05A    19.0   57.9  0  0    0.08    0.40
A07A   295.3   73.8  0  0    0.11    1.04
A08A   307.2   46.7  0  0   -0.21    0.72
A10A    78.8   67.2  0  0   -0.85    1.06
A11A   261.2   77.3  0  0   -0.18    1.23
A12A   210.9   83.8  0  0   -0.74    1.41
A13A   166.8   85.0  0  0    0.00    0.00
             546  19  10   9 1
ACC1   235.8   46.7 -1  1    0.00    0.00
AEC1   147.9   49.4 -1 -1    0.00    0.00
AEC3   161.1   70.1 -1 -1    0.00    0.00
A03A   358.5   72.2 -1 -1    0.00    0.00
A05A    39.5   47.9  1  1    0.00    0.00
A06A   322.2   66.6  1  1    0.00    0.00
A07A   283.2   68.9  1  1    0.00    0.00
A08A   278.4   31.8  1  1    0.00    0.00
A10A    94.9   71.0 -1  1    0.00    0.00
A11A   248.2   77.4  1  1    0.00    0.00
AEC1   147.9   49.4  0  0   -0.41    0.33
AEC3   161.1   70.1  0  0   -0.58    0.78
A03A   358.5   72.2  0  0   -0.73    0.85
A05A    39.5   47.9  0  0   -0.01    0.47
A06A   322.2   66.6  0  0    0.00    0.00
A07A   283.2   68.9  0  0    0.01    1.09
A08A   278.4   31.8  0  0   -0.31    1.47
A10A    94.9   71.0  0  0   -0.91    1.43
A11A   248.2   77.4  0  0   -0.58    1.13
             547  22  11  11 1
ACC1   215.7   51.8  1  1    0.00    0.00
AEC1   146.7   63.3  1  1    0.00    0.00
AEC3   158.3   78.7  1  1    0.00    0.00
A02A   325.6   84.2  1  1    0.00    0.00
A03A     5.2   71.0  1  1    0.00    0.00
A05A    59.7   50.6  1 -1    0.00    0.00
A07A   275.1   67.5  1 -1    0.00    0.00
A08A   243.8   25.6  1  1    0.00    0.00
A10A   101.7   78.2 -1 -1    0.00    0.00
A12A   199.0   91.1  1  1    0.00    0.00
A14A   186.7   95.0 -1  1    0.00    0.00
ACC1   215.7   51.8  0  0   -0.51    0.46
AEC1   146.7   63.3  0  0   -0.17    0.60
AEC3   158.3   78.7  0  0   -0.38    1.07
A02A   325.6   84.2  0  0   -0.38    1.44
A03A     5.2   71.0  0  0   -0.57    0.81
A05A    59.7   50.6  0  0    0.18    0.80
A07A   275.1   67.5  0  0   -0.35    1.33
A08A   243.8   25.6  0  0   -0.55    1.15
A10A   101.7   78.2  0  0   -1.23    1.17
A12A   199.0   91.1  0  0    0.00    0.00
A14A   186.7   95.0  0  0    0.00    0.00
             548  17   9   8 1
ACC1   214.3   57.8  1  1    0.00    0.00
AEC1   147.7   69.0  1 -1    0.00    0.00
AEC2   151.0   81.9  1 -1    0.00    0.00
A03A     5.3   74.8 -1 -1    0.00    0.00
A05A    62.0   54.4  1  1    0.00    0.00
A07A   273.4   72.2  1  1    0.00    0.00
A08A   238.7   29.8  1  1    0.00    0.00
A10A   102.9   82.7 -1  1    0.00    0.00
A11A   239.0   84.4  1  1    0.00    0.00
ACC1   214.3   57.8  0  0   -0.50    0.53
AEC1   147.7   69.0  0  0   -0.30    0.75
A03A     5.3   74.8  0  0    0.00    0.00
A05A    62.0   54.4  0  0    0.20    0.80
A07A   273.4   72.2  0  0   -0.38    1.54
A08A   238.7   29.8  0  0   -0.53    0.97
A10A   102.9   82.7  0  0   -0.65    1.29
A11A   239.0   84.4  0  0   -0.40    1.52
             549  13   8   5 1
ACC1   219.8   59.5 -1  1    0.00    0.00
AEC2   152.3   82.4 -1 -1    0.00    0.00
A05A    56.4   54.0  1  1    0.00    0.00
A07A   275.2   75.6  1  1    0.00    0.00
A08A   249.2   34.0  1  1    0.00    0.00
A10A   101.9   83.2 -1  1    0.00    0.00
A11A   241.2   86.6  1  1    0.00    0.00
A13A   165.0   97.9  1 -1    0.00    0.00
A05A    56.4   54.0  0  0    0.31    0.62
A07A   275.2   75.6  0  0   -0.38    2.92
A08A   249.2   34.0  0  0   -0.33    0.98
A11A   241.2   86.6  0  0   -0.57    1.80
A13A   165.0   97.9  0  0    0.00    0.00
             550  16   8   8 1
AAS1   113.6   70.9  1  1    0.00    0.00
AAS2   148.3   41.5 -1  1    0.00    0.00
AEC2    90.0   93.8 -1  1    0.00    0.00
AID1   115.9   94.0  1  1    0.00    0.00
A02A   353.5  107.7 -1 -1    0.00    0.00
A09A   316.2  101.8  1  1    0.00    0.00
A11A   305.4   75.0 -1  1    0.00    0.00
A13A   133.8  103.6  1  1    0.00    0.00
AAS1   113.6   70.9  0  0   -0.09    1.01
AAS2   148.3   41.5  0  0    0.02    0.47
AEC2    90.0   93.8  0  0   -0.59    1.84
AID1   115.9   94.0  0  0    0.17    1.76
A02A   353.5  107.7  0  0    0.00    0.00
A09A   316.2  101.8  0  0   -0.49    1.04
A11A   305.4   75.0  0  0    0.71    1.04
A13A   133.8  103.6  0  0    0.00    0.00
             551  15   8   7 1
AAS2   157.8   64.0  1  1    0.00    0.00
AEC1    98.4   76.7  1  1    0.00    0.00
AEC2   111.9   81.9 -1  1    0.00    0.00
AEC3   118.9   80.9  1  1    0.00    0.00
A06A    16.3   73.9 -1  1    0.00    0.00
A08A    56.9   56.5  1  1    0.00    0.00
A09A   303.2   74.2 -1  1    0.00    0.00
A11A   242.7   37.5 -1 -1    0.00    0.00
AAS2   157.8   64.0  0  0   -0.00    0.61
AEC1    98.4   76.7  0  0   -0.27    1.66
AEC3   118.9   80.9  0  0   -0.05    1.17
A06A    16.3   73.9  0  0   -0.38    0.90
A08A    56.9   56.5  0  0   -0.09    0.64
A09A   303.2   74.2  0  0    0.03    1.01
A11A   242.7   37.5  0  0    0.46    0.83
             552  15   9   6 1
AAS2   157.7   64.7  1 -1    0.00    0.00
ACC1    85.1   43.3  1  1    0.00    0.00
AEC1    97.3   78.1  1  1    0.00    0.00
AEC2   111.2   83.1  1  1    0.00    0.00
A03A    30.3   87.0 -1 -1    0.00    0.00
A06A    15.5   76.2 -1 -1    0.00    0.00
A08A    54.7   58.6  1  1    0.00    0.00
A09A   304.0   76.5 -1  1    0.00    0.00
A11A   246.6   38.7 -1 -1    0.00    0.00
AAS2   157.7   64.7  0  0    0.17    0.63
AEC1    97.3   78.1  0  0   -0.18    1.87
A06A    15.5   76.2  0  0   -0.16    0.98
A08A    54.7   58.6  0  0    0.00    0.62
A09A   304.0   76.5  0  0   -0.02    1.08
A11A   246.6   38.7  0  0    0.51    0.88
             553  18   9   9 1
AAS1   102.0   58.0  1 -1    0.00    0.00
AAS2   127.8   22.2 -1 -1    0.00    0.00
ACC1    21.4   70.0 -1 -1    0.00    0.00
AEC2    84.3   86.5 -1 -1    0.00    0.00
AEC3    90.9   82.7 -1 -1    0.00    0.00
A06A     4.3   94.7 -1  1    0.00    0.00
A07A   347.2   88.0  1  1    0.00    0.00
A09A   318.8   94.3  1  1    0.00    0.00
A11A   312.9   69.3 -1  1    0.00    0.00
AAS1   102.0   58.0  0  0   -0.08    1.30
AAS2   127.8   22.2  0  0    0.08    1.04
ACC1    21.4   70.0  0  0   -0.47    0.77
AEC2    84.3   86.5  0  0   -0.39    1.55
AEC3    90.9   82.7  0  0   -0.26    1.78
A06A     4.3   94.7  0  0   -0.06    1.49
A07A   347.2   88.0  0  0   -0.09    1.92
A09A   318.8   94.3  0  0   -0.96    1.46
A11A   312.9   69.3  0  0    0.84    0.84
             554  17   9   8 1
AAS1   103.3   62.1  1  1    0.00    0.00
AAS2   135.7   23.4 -1  1    0.00    0.00
ACC1    19.7   74.8 -1 -1    0.00    0.00
AEC3    91.2   86.9 -1  1    0.00    0.00
A05A    36.5  101.3 -1 -1    0.00    0.00
A09A   318.0  100.7  1  1    0.00    0.00
A11A   311.2   75.7  1  1    0.00    0.00
A13A   131.7   99.0  1  1    0.00    0.00
A14A   168.6   95.1 -1 -1    0.00    0.00
AAS1   103.3   62.1  0  0   -0.15    1.22
AAS2   135.7   23.4  0  0    0.00    0.00
AEC3    91.2   86.9  0  0    0.06    1.91
A05A    36.5  101.3  0  0   -0.23    1.13
A09A   318.0  100.7  0  0   -0.38    1.08
A11A   311.2   75.7  0  0    0.62    1.04
A13A   131.7   99.0  0  0    0.00    0.00
A14A   168.6   95.1  0  0   -0.33    1.49
             555  20  11   9 1
AAS1   321.7   61.5 -1 -1    0.00    0.00
ACC1   335.6   97.2 -1 -1    0.00    0.00
AEC1    15.8   91.0 -1  1    0.00    0.00
AEC3    35.5   70.1  1  1    0.00    0.00
AID1    86.0   50.7  1  1    0.00    0.00
A03A   358.2  110.8  1  1    0.00    0.00
A08A   345.2  102.0  1  1    0.00    0.00
A11A   305.2  103.0  1 -1    0.00    0.00
A12A   246.3   90.0  1  1    0.00    0.00
A13A   144.0   87.0 -1 -1    0.00    0.00
A14A   206.3   94.0  1  1    0.00    0.00
AAS1   321.7   61.5  0  0    0.05    0.66
AEC1    15.8   91.0  0  0    0.15    2.24
AEC3    35.5   70.1  0  0   -0.27    0.78
AID1    86.0   50.7  0  0   -0.29    1.21
A08A   345.2  102.0  0  0   -0.59    1.05
A11A   305.2  103.0  0  0   -0.12    1.04
A12A   246.3   90.0  0  0   -0.46    2.24
A13A   144.0   87.0  0  0    0.00    0.00
A14A   206.3   94.0  0  0   -0.29    1.52
             556  15   9   6 1
AAS1    99.5   59.0  1  1    0.00    0.00
AAS2   122.1   20.5 -1  1    0.00    0.00
ACC1    20.1   73.0  1 -1    0.00    0.00
AEC2    83.0   88.6  1  1    0.00    0.00
AEC3    89.5   84.6  1  1    0.00    0.00
A09A   319.1   96.3  1 -1    0.00    0.00
A10A    62.9   98.7 -1  1    0.00    0.00
A11A   313.9   72.6 -1 -1    0.00    0.00
A14A   167.7   92.1 -1 -1    0.00    0.00
AAS1    99.5   59.0  0  0   -0.24    1.41
AAS2   122.1   20.5  0  0    0.04    1.15
AEC3    89.5   84.6  0  0   -0.15    1.70
A10A    62.9   98.7  0  0    0.00    0.00
A11A   313.9   72.6  0  0    0.68    0.92
A14A   167.7   92.1  0  0   -0.28    1.90
             557  13   8   5 1
AAS1   111.7   69.2  1  1    0.00    0.00
AAS2   145.2   38.4 -1 -1    0.00    0.00
ACC1    25.4   73.6  1 -1    0.00    0.00
AEC2    89.1   92.8 -1  1    0.00    0.00
AEC3    96.2   90.4  1  1    0.00    0.00
A03A    19.1  106.0 -1 -1    0.00    0.00
A09A   316.7  101.3  1  1    0.00    0.00
A11A   307.0   73.9  1  1    0.00    0.00
AAS2   145.2   38.4  0  0    0.00    0.00
AEC3    96.2   90.4  0  0   -0.26    2.52
A03A    19.1  106.0  0  0    0.22    0.92
A09A   316.7  101.3  0  0   -0.23    1.07
A11A   307.0   73.9  0  0    0.83    0.98
             558  24  12  12 1
AAS1   112.3   59.4  1 -1    0.00    0.00
AAS2   150.7   29.8 -1 -1    0.00    0.00
ACC1    22.7   65.7  1  1    0.00    0.00
AEC2    88.8   86.7 -1 -1    0.00    0.00
AID1   115.3   86.7 -1 -1    0.00    0.00
A01A     6.4  103.2 -1  1    0.00    0.00
A05A    38.4   94.8  1  1    0.00    0.00
A06A     3.8   94.3 -1  1    0.00    0.00
A07A   345.1   86.8  1  1    0.00    0.00
A09A   316.1   94.4  1  1    0.00    0.00
A13A   133.8   94.7  1  1    0.00    0.00
A14A   169.1   92.4 -1  1    0.00    0.00
AAS1   112.3   59.4  0  0   -0.01    0.96
AAS2   150.7   29.8  0  0    0.00    0.00
ACC1    22.7   65.7  0  0   -0.38    0.65
AEC2    88.8   86.7  0  0   -0.13    1.65
AID1   115.3   86.7  0  0    0.00    1.53
A01A     6.4  103.2  0  0    0.00    0.00
A05A    38.4   94.8  0  0    0.00    0.00
A06A     3.8   94.3  0  0   -0.47    1.53
A07A   345.1   86.8  0  0    0.25    1.71
A09A   316.1   94.4  0  0   -0.45    1.44
A13A   133.8   94.7  0  0    0.64    1.57
A14A   169.1   92.4  0  0   -0.48    1.84
             559  14   8   6 1
ACC1   203.0   78.9 -1 -1    0.00    0.00
AEC1   156.2   86.5  1 -1    0.00    0.00
A05A    95.0   57.9  1  1    0.00    0.00
A06A   300.8   63.0  1  1    0.00    0.00
A07A   254.6   81.3  1  1    0.00    0.00
A08A   207.0   58.0  1 -1    0.00    0.00
A09A   264.2   98.8  1  1    0.00    0.00
A10A   115.3   92.7 -1  1    0.00    0.00
AEC1   156.2   86.5  0  0   -0.10    1.54
A05A    95.0   57.9  0  0    0.33    2.75
A06A   300.8   63.0  0  0   -0.13    0.86
A07A   254.6   81.3  0  0   -0.44    1.31
A08A   207.0   58.0  0  0    0.02    0.46
A09A   264.2   98.8  0  0    0.00    0.00
             560  16   8   8 1
AAS1   113.0   67.1  1  1    0.00    0.00
AAS2   152.3   36.0 -1  1    0.00    0.00
ACC1    22.6   72.8  1  1    0.00    0.00
AEC2    89.1   92.3 -1 -1    0.00    0.00
AEC3    96.4   89.2  1  1    0.00    0.00
A09A   315.8  101.8  1  1    0.00    0.00
A10A    65.9  104.9 -1 -1    0.00    0.00
A11A   305.2   75.4 -1  1    0.00    0.00
AAS1   113.0   67.1  0  0   -0.16    1.01
AAS2   152.3   36.0  0  0    0.01    0.52
ACC1    22.6   72.8  0  0   -0.26    0.86
AEC2    89.1   92.3  0  0   -0.16    2.07
AEC3    96.4   89.2  0  0    0.17    2.62
A09A   315.8  101.8  0  0   -0.22    1.05
A10A    65.9  104.9  0  0    0.00    0.00
A11A   305.2   75.4  0  0    0.39    1.04
             561  22  11  11 1
AAS1   228.8   45.3  1  1    0.00    0.00
AAS2   249.0   66.4 -1  1    0.00    0.00
AEC1    30.6   41.1 -1  1    0.00    0.00
AEC3   129.8   33.0 -1 -1    0.00    0.00
A03A   355.6   93.4 -1 -1    0.00    0.00
A07A   313.3   87.8 -1 -1    0.00    0.00
A08A   332.3   75.3 -1 -1    0.00    0.00
A09A   299.6   96.5 -1 -1    0.00    0.00
A10A    53.1   81.6 -1  1    0.00    0.00
A12A   223.3   84.1  1  1    0.00    0.00
A14A   199.2   90.3 -1  1    0.00    0.00
AAS1   228.8   45.3  0  0   -0.79    0.63
AAS2   249.0   66.4  0  0   -0.30    0.97
AEC1    30.6   41.1  0  0   -0.16    0.39
AEC3   129.8   33.0  0  0   -0.18    0.76
A03A   355.6   93.4  0  0    0.00    0.00
A07A   313.3   87.8  0  0   -0.32    2.01
A08A   332.3   75.3  0  0   -0.66    0.98
A09A   299.6   96.5  0  0   -0.14    1.29
A10A    53.1   81.6  0  0   -0.96    1.19
A12A   223.3   84.1  0  0   -0.08    1.45
A14A   199.2   90.3  0  0   -0.47    2.37
             562  18  10   8 1
ACC1   253.1   45.3 -1 -1    0.00    0.00
AEC1   147.0   36.3  1  1    0.00    0.00
AEC2   152.1   59.0  1  1    0.00    0.00
AEC3   163.1   62.2  1  1    0.00    0.00
A05A    25.4   50.1  1 -1    0.00    0.00
A07A   289.3   70.4  1  1    0.00    0.00
A08A   294.8   39.1  1  1    0.00    0.00
A09A   283.0   86.0  1  1    0.00    0.00
A10A    87.1   66.1 -1 -1    0.00    0.00
A13A   167.0   85.9  1  1    0.00    0.00
AEC1   147.0   36.3  0  0   -0.19    0.54
AEC3   163.1   62.2  0  0   -0.40    0.55
A05A    25.4   50.1  0  0   -0.21    0.20
A07A   289.3   70.4  0  0   -0.16    1.06
A08A   294.8   39.1  0  0   -0.47    1.01
A09A   283.0   86.0  0  0    0.00    0.00
A10A    87.1   66.1  0  0   -1.06    1.44
A13A   167.0   85.9  0  0    0.00    0.00
             563  18  10   8 1
AAS2   299.7   85.6  1  1    0.00    0.00
ACC1   337.7  100.4 -1 -1    0.00    0.00
AEC2    38.8   87.2 -1  1    0.00    0.00
AEC3    37.7   77.2  1  1    0.00    0.00
AID1    83.4   59.7  1  1    0.00    0.00
A07A   328.8  109.9 -1 -1    0.00    0.00
A08A   346.8  104.6 -1 -1    0.00    0.00
A11A   306.6  105.0  1 -1    0.00    0.00
A12A   246.4   92.7  1  1    0.00    0.00
A14A   204.8   96.7  1 -1    0.00    0.00
AAS2   299.7   85.6  0  0   -0.13    1.69
AEC3    37.7   77.2  0  0   -0.48    1.00
AID1    83.4   59.7  0  0   -0.49    1.16
A07A   328.8  109.9  0  0    0.00    0.00
A08A   346.8  104.6  0  0   -0.55    0.95
A11A   306.6  105.0  0  0    0.00    0.00
A12A   246.4   92.7  0  0   -0.39    1.55
A14A   204.8   96.7  0  0   -0.37    1.29
             564  15   9   6 1
AAS2   299.3   84.8  1  1    0.00    0.00
ACC1   337.3   99.5  1 -1    0.00    0.00
AEC2    38.3   85.8  1  1    0.00    0.00
AEC3    36.9   75.6  1  1    0.00    0.00
AID1    83.2   57.6  1  1    0.00    0.00
A08A   346.5  103.8 -1 -1    0.00    0.00
A11A   306.4  104.2  1  1    0.00    0.00
A12A   246.6   91.7  1  1    0.00    0.00
A14A   205.2   95.6  1  1    0.00    0.00
AAS2   299.3   84.8  0  0   -0.16    1.54
AEC3    36.9   75.6  0  0   -0.51    0.95
AID1    83.2   57.6  0  0   -0.48    1.19
A11A   306.4  104.2  0  0    0.00    0.00
A12A   246.6   91.7  0  0   -0.29    1.74
A14A   205.2   95.6  0  0   -0.27    1.38
             565  15   8   7 1
A01A    40.5   78.6  1 -1    0.00    0.00
A02A   255.2    4.3  1  1    0.00    0.00
A03A   107.8   80.7  1 -1    0.00    0.00
A05A   127.2   94.2  1 -1    0.00    0.00
A06A   151.4   72.4 -1 -1    0.00    0.00
A08A   155.9   92.6 -1 -1    0.00    0.00
A09A   218.4   91.8 -1 -1    0.00    0.00
A13A   157.1  106.4 -1 -1    0.00    0.00
A01A    40.5   78.6  0  0   -0.12    1.07
A02A   255.2    4.3  0  0    0.19    2.13
A03A   107.8   80.7  0  0   -0.71    1.20
A06A   151.4   72.4  0  0   -0.43    0.85
A08A   155.9   92.6  0  0   -0.03    1.82
A09A   218.4   91.8  0  0   -0.43    1.81
A13A   157.1  106.4  0  0    0.00    0.00
             566  24  12  12 1
AAS1   305.8   59.5  1  1    0.00    0.00
AAS2   290.3   79.4 -1  1    0.00    0.00
AEC2    28.9   67.0 -1 -1    0.00    0.00
AEC3    22.8   53.4 -1 -1    0.00    0.00
AID1    95.5   26.0 -1 -1    0.00    0.00
A06A   340.0  104.2  1  1    0.00    0.00
A07A   323.7  102.7  1  1    0.00    0.00
A08A   339.9   97.0  1  1    0.00    0.00
A10A    35.1   97.9 -1 -1    0.00    0.00
A12A   247.4   87.5  1 -1    0.00    0.00
A13A   153.9   77.0  1  1    0.00    0.00
A14A   211.5   90.2 -1 -1    0.00    0.00
AAS1   305.8   59.5  0  0   -0.61    0.82
AAS2   290.3   79.4  0  0    0.10    1.31
AEC2    28.9   67.0  0  0   -0.28    0.68
AEC3    22.8   53.4  0  0   -0.01    0.21
AID1    95.5   26.0  0  0    0.00    0.00
A06A   340.0  104.2  0  0    0.00    0.00
A07A   323.7  102.7  0  0   -0.56    1.01
A08A   339.9   97.0  0  0   -0.19    1.27
A10A    35.1   97.9  0  0   -0.44    1.30
A12A   247.4   87.5  0  0    0.12    2.05
A13A   153.9   77.0  0  0    0.00    0.00
A14A   211.5   90.2  0  0   -0.16    2.26
             567  13   8   5 1
AAS1   105.3   64.7  1  1    0.00    0.00
AAS2   136.3   28.4 -1 -1    0.00    0.00
ACC1    22.0   74.5  1  1    0.00    0.00
AEC1    65.9   89.9  1  1    0.00    0.00
AEC2    85.7   91.2  1  1    0.00    0.00
AEC3    92.6   88.1  1  1    0.00    0.00
A11A   310.8   74.6 -1 -1    0.00    0.00
A14A   168.0   96.1 -1 -1    0.00    0.00
AAS1   105.3   64.7  0  0   -0.10    1.33
AAS2   136.3   28.4  0  0    0.10    0.87
AEC1    65.9   89.9  0  0   -0.21    2.32
AEC3    92.6   88.1  0  0   -0.22    1.79
A11A   310.8   74.6  0  0    0.44    0.99
             568  13   8   5 1
AAS1   106.8   65.3  1  1    0.00    0.00
AAS2   139.8   29.7 -1  1    0.00    0.00
ACC1    22.1   74.4 -1 -1    0.00    0.00
AEC2    86.3   91.4 -1 -1    0.00    0.00
AEC3    93.3   88.4 -1 -1    0.00    0.00
A09A   317.6  101.3  1  1    0.00    0.00
A11A   309.8   74.9 -1  1    0.00    0.00
A14A   168.3   96.7  1  1    0.00    0.00
AAS2   139.8   29.7  0  0    0.10    0.79
AEC3    93.3   88.4  0  0   -0.02    1.83
A09A   317.6  101.3  0  0   -0.37    1.05
A11A   309.8   74.9  0  0    0.33    1.02
A14A   168.3   96.7  0  0   -0.30    1.36
             569  15   9   6 1
AAS1   104.4   59.4  1  1    0.00    0.00
AAS2   136.6   23.4 -1 -1    0.00    0.00
ACC1    20.7   71.0  1 -1    0.00    0.00
AEC2    85.1   88.3  1  1    0.00    0.00
AEC3    91.9   84.5  1  1    0.00    0.00
A03A    17.7   99.9  1 -1    0.00    0.00
A09A   317.9   96.3  1  1    0.00    0.00
A13A   131.8   95.5  1  1    0.00    0.00
A14A   168.4   92.9 -1 -1    0.00    0.00
AAS1   104.4   59.4  0  0   -0.12    1.26
AAS2   136.6   23.4  0  0    0.00    0.00
AEC3    91.9   84.5  0  0   -0.11    1.70
A03A    17.7   99.9  0  0    0.00    0.00
A13A   131.8   95.5  0  0    0.00    0.00
A14A   168.4   92.9  0  0   -0.14    1.76
             570  14   8   6 1
AAS1   117.4   65.9  1 -1    0.00    0.00
AAS2   151.1   41.1 -1 -1    0.00    0.00
ACC1    29.1   64.6  1  1    0.00    0.00
AEC2    92.4   89.6  1 -1    0.00    0.00
AEC3    99.7   86.5 -1 -1    0.00    0.00
AID1   117.7   90.3 -1 -1    0.00    0.00
A09A   315.2   95.3 -1 -1    0.00    0.00
A14A   168.3   95.2 -1  1    0.00    0.00
AAS1   117.4   65.9  0  0   -0.02    0.86
AAS2   151.1   41.1  0  0    0.12    0.38
AEC3    99.7   86.5  0  0   -0.30    1.56
AID1   117.7   90.3  0  0    0.05    2.26
A09A   315.2   95.3  0  0   -0.11    1.37
A14A   168.3   95.2  0  0   -0.25    1.47
             571  15   9   6 1
AAS1   110.4   65.1  1 -1    0.00    0.00
AAS2   148.1   32.2 -1  1    0.00    0.00
ACC1    22.1   72.6 -1 -1    0.00    0.00
AEC2    87.8   91.2 -1 -1    0.00    0.00
AEC3    95.0   88.0 -1 -1    0.00    0.00
A09A   316.5  101.1  1 -1    0.00    0.00
A11A   307.1   74.5 -1 -1    0.00    0.00
A12A   185.9   82.3  1  1    0.00    0.00
A14A   169.0   97.2 -1  1    0.00    0.00
AAS1   110.4   65.1  0  0   -0.08    0.90
AAS2   148.1   32.2  0  0    0.02    0.57
AEC2    87.8   91.2  0  0   -0.27    2.87
AEC3    95.0   88.0  0  0   -0.11    1.73
A11A   307.1   74.5  0  0    0.51    0.98
A12A   185.9   82.3  0  0   -0.03    1.27
             572  15   9   6 1
ACC1   335.8  104.0 -1 -1    0.00    0.00
AEC1    10.6   99.0  1  1    0.00    0.00
AEC2    27.2   90.6 -1  1    0.00    0.00
AEC3    22.6   81.9  1  1    0.00    0.00
A08A   344.4  106.7 -1 -1    0.00    0.00
A11A   308.0  107.3  1 -1    0.00    0.00
A12A   256.0   95.2  1  1    0.00    0.00
A13A   140.9   84.8 -1 -1    0.00    0.00
A14A   213.4   96.1  1  1    0.00    0.00
AEC3    22.6   81.9  0  0   -0.04    1.22
A08A   344.4  106.7  0  0    0.00    0.00
A11A   308.0  107.3  0  0   -0.44    0.90
A12A   256.0   95.2  0  0   -0.10    1.37
A13A   140.9   84.8  0  0    0.00    0.00
A14A   213.4   96.1  0  0   -0.37    1.32
             573  16   9   7 1
AAS1   177.7  106.7  1  1    0.00    0.00
ACC1   187.1   96.7  1  1    0.00    0.00
AEC1   158.8  102.0 -1  1    0.00    0.00
A01A   356.0   91.4  1  1    0.00    0.00
A03A    70.3   42.3 -1 -1    0.00    0.00
A07A   221.6   91.1  1  1    0.00    0.00
A10A   129.6  104.2 -1 -1    0.00    0.00
A11A   212.1  104.6  1  1    0.00    0.00
A14A   182.2  110.9 -1  1    0.00    0.00
AEC1   158.8  102.0  0  0   -0.32    1.08
A01A   356.0   91.4  0  0   -0.36    1.98
A03A    70.3   42.3  0  0   -0.47    0.94
A07A   221.6   91.1  0  0   -0.62    1.90
A10A   129.6  104.2  0  0    0.00    0.00
A11A   212.1  104.6  0  0    0.00    0.00
A14A   182.2  110.9  0  0    0.00    0.00
             574  15   8   7 1
AEC1   145.1   80.1 -1 -1    0.00    0.00
AEC2   149.5   93.0  1 -1    0.00    0.00
A07A   277.8   85.7 -1 -1    0.00    0.00
A08A   254.1   37.4  1  1    0.00    0.00
A09A   276.2  103.9 -1 -1    0.00    0.00
A10A    99.7   94.3 -1 -1    0.00    0.00
A11A   241.7   95.7  1 -1    0.00    0.00
A14A   187.0  108.3 -1  1    0.00    0.00
AEC1   145.1   80.1  0  0   -0.25    1.13
A07A   277.8   85.7  0  0    0.37    1.69
A08A   254.1   37.4  0  0   -0.63    1.12
A09A   276.2  103.9  0  0    0.00    0.00
A10A    99.7   94.3  0  0   -0.65    1.68
A11A   241.7   95.7  0  0   -0.08    1.35
A14A   187.0  108.3  0  0    0.00    0.00
             575  20  10  10 1
ACC1   290.4   54.3 -1 -1    0.00    0.00
AEC1    80.8   18.4 -1 -1    0.00    0.00
AEC3   156.9   47.6  1  1    0.00    0.00
A05A    12.8   70.1 -1 -1    0.00    0.00
A07A   303.8   80.2  1  1    0.00    0.00
A09A   292.6   91.4 -1  1    0.00    0.00
A10A    65.5   72.0 -1 -1    0.00    0.00
A11A   271.2   80.6  1  1    0.00    0.00
A12A   216.4   83.8  1  1    0.00    0.00
A13A   165.9   84.2  1  1    0.00    0.00
ACC1   290.4   54.3  0  0   -0.82    1.01
AEC1    80.8   18.4  0  0   -0.16    1.57
AEC3   156.9   47.6  0  0   -0.41    0.24
A05A    12.8   70.1  0  0    0.50    0.79
A07A   303.8   80.2  0  0   -0.29    1.19
A09A   292.6   91.4  0  0    0.00    0.00
A10A    65.5   72.0  0  0   -0.83    0.93
A11A   271.2   80.6  0  0   -0.37    1.85
A12A   216.4   83.8  0  0   -0.23    1.38
A13A   165.9   84.2  0  0    0.00    0.00
             576  15   8   7 1
AAS1   209.0   57.8 -1 -1    0.00    0.00
ACC1   291.7   55.6 -1  1    0.00    0.00
AEC1    80.0   21.9  1  1    0.00    0.00
AEC3   154.4   50.1  1  1    0.00    0.00
A05A    14.0   72.8 -1 -1    0.00    0.00
A07A   304.5   82.0  1  1    0.00    0.00
A10A    65.7   75.0 -1 -1    0.00    0.00
A11A   271.5   82.2  1  1    0.00    0.00
AAS1   209.0   57.8  0  0    0.00    0.00
AEC1    80.0   21.9  0  0   -0.33    1.47
AEC3   154.4   50.1  0  0   -0.39    0.29
A05A    14.0   72.8  0  0   -0.33    0.87
A07A   304.5   82.0  0  0   -0.44    1.32
A10A    65.7   75.0  0  0   -0.47    0.98
A11A   271.5   82.2  0  0   -0.26    1.97
             577  17   9   8 1
ACC1   290.6   55.9 -1  1    0.00    0.00
AEC2   136.1   46.4 -1 -1    0.00    0.00
AEC3   156.5   49.5  1 -1    0.00    0.00
A05A    13.1   72.0  1  1    0.00    0.00
A07A   303.9   81.8  1  1    0.00    0.00
A10A    65.6   73.9 -1  1    0.00    0.00
A11A   271.2   82.1  1  1    0.00    0.00
A12A   216.2   85.3  1  1    0.00    0.00
A13A   165.8   85.8 -1 -1    0.00    0.00
AEC2   136.1   46.4  0  0   -0.62    0.59
AEC3   156.5   49.5  0  0   -0.44    0.27
A05A    13.1   72.0  0  0    0.34    0.84
A07A   303.9   81.8  0  0   -0.48    1.30
A10A    65.6   73.9  0  0   -0.65    0.95
A11A   271.2   82.1  0  0   -0.04    1.70
A12A   216.2   85.3  0  0   -0.34    1.54
A13A   165.8   85.8  0  0    0.00    0.00
             578  14   8   6 1
ACC1   237.1   56.0 -1  1    0.00    0.00
AEC1   147.6   58.2 -1 -1    0.00    0.00
AEC2   151.7   77.1 -1 -1    0.00    0.00
A05A    38.4   57.9  1  1    0.00    0.00
A07A   283.8   78.9  1  1    0.00    0.00
A08A   280.3   40.1  1  1    0.00    0.00
A10A    94.3   80.6 -1  1    0.00    0.00
A11A   248.8   86.5  1  1    0.00    0.00
AEC1   147.6   58.2  0  0   -0.30    0.51
A05A    38.4   57.9  0  0    0.14    0.48
A07A   283.8   78.9  0  0    0.34    1.33
A08A   280.3   40.1  0  0    0.00    0.00
A10A    94.3   80.6  0  0   -0.65    2.54
A11A   248.8   86.5  0  0   -0.43    1.80
             579  21  11  10 1
AAS1   311.5   53.2 -1 -1    0.00    0.00
AAS2   291.4   76.5 -1 -1    0.00    0.00
AEC2    37.2   70.3  1  1    0.00    0.00
AEC3    35.1   57.0  1  1    0.00    0.00
AID1    97.6   39.3  1  1    0.00    0.00
A03A   357.1  106.2 -1 -1    0.00    0.00
A06A   342.1  105.3  1 -1    0.00    0.00
A07A   325.5  103.7  1  1    0.00    0.00
A11A   302.7   99.5  1  1    0.00    0.00
A12A   244.3   85.8  1  1    0.00    0.00
A14A   207.0   90.4  1  1    0.00    0.00
AAS1   311.5   53.2  0  0   -0.33    0.70
AAS2   291.4   76.5  0  0    0.07    1.17
AEC3    35.1   57.0  0  0   -0.57    0.44
AID1    97.6   39.3  0  0   -0.49    3.29
A03A   357.1  106.2  0  0    0.00    0.00
A06A   342.1  105.3  0  0    0.00    0.00
A07A   325.5  103.7  0  0    0.00    0.00
A11A   302.7   99.5  0  0   -0.39    1.19
A12A   244.3   85.8  0  0   -0.36    1.56
A14A   207.0   90.4  0  0    0.04    2.45
             580  19  10   9 1
ACC1   218.2   59.8  1  1    0.00    0.00
AEC1   147.6   70.3 -1  1    0.00    0.00
AEC2   151.0   84.6  1  1    0.00    0.00
AEC3   159.1   86.5  1  1    0.00    0.00
A03A     3.9   79.4  1  1    0.00    0.00
A05A    57.4   57.5  1 -1    0.00    0.00
A07A   275.7   76.5  1 -1    0.00    0.00
A08A   248.4   32.4  1  1    0.00    0.00
A10A   101.4   85.9 -1 -1    0.00    0.00
A13A   164.3   98.7  1  1    0.00    0.00
ACC1   218.2   59.8  0  0   -0.33    0.56
AEC1   147.6   70.3  0  0   -0.37    0.80
AEC3   159.1   86.5  0  0   -0.21    1.56
A03A     3.9   79.4  0  0   -0.48    1.12
A05A    57.4   57.5  0  0    0.30    0.66
A07A   275.7   76.5  0  0   -0.19    1.93
A08A   248.4   32.4  0  0    0.00    0.00
A10A   101.4   85.9  0  0   -0.64    1.53
A13A   164.3   98.7  0  0    0.00    0.00
             581  17   9   8 1
ACC1   214.6   53.8 -1 -1    0.00    0.00
AEC1   149.9   63.4  1 -1    0.00    0.00
A03A     4.1   67.8 -1 -1    0.00    0.00
A05A    63.4   46.5  1  1    0.00    0.00
A06A   318.2   59.8  1  1    0.00    0.00
A07A   271.8   66.9  1  1    0.00    0.00
A08A   236.7   28.9  1 -1    0.00    0.00
A09A   273.1   86.3  1  1    0.00    0.00
A10A   104.2   76.8 -1  1    0.00    0.00
AEC1   149.9   63.4  0  0   -0.52    0.62
A03A     4.1   67.8  0  0    0.00    0.00
A05A    63.4   46.5  0  0    0.43    0.75
A06A   318.2   59.8  0  0   -0.18    0.65
A07A   271.8   66.9  0  0   -0.10    1.64
A08A   236.7   28.9  0  0   -0.47    0.86
A09A   273.1   86.3  0  0    0.00    0.00
A10A   104.2   76.8  0  0   -0.95    1.28
             582  16   8   8 1
ACC1   215.3   53.0  1  1    0.00    0.00
AEC1   149.0   63.0 -1 -1    0.00    0.00
AEC3   159.6   78.2 -1 -1    0.00    0.00
A02A   324.4   83.0  1 -1    0.00    0.00
A06A   319.4   60.6  1 -1    0.00    0.00
A07A   273.0   67.0  1  1    0.00    0.00
A08A   239.5   27.9  1  1    0.00    0.00
A10A   103.3   77.0 -1 -1    0.00    0.00
ACC1   215.3   53.0  0  0   -0.34    0.45
AEC1   149.0   63.0  0  0   -0.20    0.60
AEC3   159.6   78.2  0  0   -0.16    1.06
A02A   324.4   83.0  0  0    0.23    1.34
A06A   319.4   60.6  0  0   -0.24    0.60
A07A   273.0   67.0  0  0   -0.01    1.60
A08A   239.5   27.9  0  0   -0.28    1.01
A10A   103.3   77.0  0  0   -1.04    1.15
             583  20  10  10 1
ACC1   215.0   53.1 -1  1    0.00    0.00
AEC1   149.7   62.7 -1 -1    0.00    0.00
AEC3   160.0   77.9 -1 -1    0.00    0.00
A02A   324.0   82.4  1 -1    0.00    0.00
A03A     4.1   67.6 -1 -1    0.00    0.00
A06A   318.5   59.6  1  1    0.00    0.00
A07A   272.2   66.5  1  1    0.00    0.00
A08A   237.8   28.3  1  1    0.00    0.00
A09A   273.3   86.0  1  1    0.00    0.00
A10A   104.0   76.3 -1 -1    0.00    0.00
ACC1   215.0   53.1  0  0   -0.31    0.45
AEC1   149.7   62.7  0  0   -0.33    0.59
AEC3   160.0   77.9  0  0   -0.14    1.04
A02A   324.0   82.4  0  0    0.13    1.30
A03A     4.1   67.6  0  0   -0.41    0.71
A06A   318.5   59.6  0  0   -0.19    0.59
A07A   272.2   66.5  0  0   -0.06    1.72
A08A   237.8   28.3  0  0   -0.31    0.97
A09A   273.3   86.0  0  0    0.00    0.00
A10A   104.0   76.3  0  0   -1.14    1.13
             584  21  11  10 1
ACC1   214.3   53.6  1  1    0.00    0.00
AEC1   149.7   63.5  1  1    0.00    0.00
AEC2   152.2   76.7  1  1    0.00    0.00
AEC3   159.9   78.4  1  1    0.00    0.00
A02A   324.0   82.6 -1 -1    0.00    0.00
A05A    63.6   46.7  1 -1    0.00    0.00
A06A   318.4   59.7 -1 -1    0.00    0.00
A07A   271.8   66.8  1  1    0.00    0.00
A08A   236.2   28.6  1  1    0.00    0.00
A09A   273.1   86.3  1 -1    0.00    0.00
A10A   104.2   76.9 -1 -1    0.00    0.00
ACC1   214.3   53.6  0  0   -0.22    0.39
AEC1   149.7   63.5  0  0   -0.51    0.63
AEC3   159.9   78.4  0  0   -0.28    1.08
A02A   324.0   82.6  0  0    0.00    0.00
A05A    63.6   46.7  0  0    0.42    0.78
A06A   318.4   59.7  0  0   -0.02    0.62
A07A   271.8   66.8  0  0   -0.02    1.90
A08A   236.2   28.6  0  0   -0.43    0.88
A09A   273.1   86.3  0  0    0.00    0.00
A10A   104.2   76.9  0  0   -1.08    1.24
             585  18   9   9 1
ACC1   214.6   53.8  1  1    0.00    0.00
AEC1   149.4   63.7 -1 -1    0.00    0.00
AEC3   159.8   78.7 -1 -1    0.00    0.00
A02A   324.1   83.0  1 -1    0.00    0.00
A03A     4.4   68.5 -1 -1    0.00    0.00
A06A   318.8   60.3  1 -1    0.00    0.00
A07A   272.2   67.2  1  1    0.00    0.00
A08A   237.3   28.6  1  1    0.00    0.00
A10A   103.9   77.2 -1 -1    0.00    0.00
ACC1   214.6   53.8  0  0   -0.32    0.46
AEC1   149.4   63.7  0  0   -0.23    0.61
AEC3   159.8   78.7  0  0   -0.04    1.07
A02A   324.1   83.0  0  0    0.06    1.35
A03A     4.4   68.5  0  0   -0.34    0.74
A06A   318.8   60.3  0  0    0.05    0.61
A07A   272.2   67.2  0  0    0.27    1.71
A08A   237.3   28.6  0  0   -0.27    0.96
A10A   103.9   77.2  0  0   -1.00    1.14
             586  15   9   6 1
ACC1   213.7   53.6  1  1    0.00    0.00
AEC1   150.1   63.3  1  1    0.00    0.00
AEC2   152.5   76.3  1  1    0.00    0.00
A03A     4.5   66.7  1 -1    0.00    0.00
A05A    64.8   45.8  1 -1    0.00    0.00
A06A   317.8   58.5 -1 -1    0.00    0.00
A07A   271.0   66.1  1  1    0.00    0.00
A08A   234.2   28.8  1  1    0.00    0.00
A10A   104.8   76.4 -1 -1    0.00    0.00
AEC1   150.1   63.3  0  0   -0.49    0.62
A03A     4.5   66.7  0  0   -0.32    0.68
A05A    64.8   45.8  0  0    0.43    0.81
A06A   317.8   58.5  0  0   -0.18    0.60
A07A   271.0   66.1  0  0   -0.12    1.81
A08A   234.2   28.8  0  0   -0.47    0.86
             587  14   8   6 1
ACC1   213.3   53.0  1  1    0.00    0.00
AEC1   149.8   62.9  1  1    0.00    0.00
AEC2   152.3   76.0  1  1    0.00    0.00
A05A    65.1   45.6  1 -1    0.00    0.00
A07A   271.0   65.5  1  1    0.00    0.00
A08A   233.7   28.2  1  1    0.00    0.00
A10A   104.7   76.1 -1 -1    0.00    0.00
A13A   164.6   92.4  1  1    0.00    0.00
AEC1   149.8   62.9  0  0   -0.45    0.59
A05A    65.1   45.6  0  0    0.35    0.86
A07A   271.0   65.5  0  0   -0.05    2.88
A08A   233.7   28.2  0  0   -0.45    0.89
A10A   104.7   76.1  0  0   -0.79    1.14
A13A   164.6   92.4  0  0    0.00    0.00
             588  24  12  12 1
ACC1   214.3   52.8  1  1    0.00    0.00
AEC1   150.1   62.3  1  1    0.00    0.00
AEC2   152.6   75.6  1  1    0.00    0.00
AEC3   160.2   77.3  1  1    0.00    0.00
A02A   323.7   81.4  1  1    0.00    0.00
A03A     4.1   66.3  1  1    0.00    0.00
A05A    64.0   45.1  1 -1    0.00    0.00
A06A   317.9   58.3  1  1    0.00    0.00
A07A   271.4   65.6  1 -1    0.00    0.00
A08A   235.7   28.4  1  1    0.00    0.00
A10A   104.5   75.6 -1 -1    0.00    0.00
A11A   238.3   78.6  1 -1    0.00    0.00
ACC1   214.3   52.8  0  0   -0.27    0.39
AEC1   150.1   62.3  0  0   -0.51    0.59
AEC2   152.6   75.6  0  0   -0.10    0.95
AEC3   160.2   77.3  0  0   -0.22    1.02
A02A   323.7   81.4  0  0   -0.24    1.26
A03A     4.1   66.3  0  0   -0.38    0.67
A05A    64.0   45.1  0  0    0.48    0.80
A06A   317.9   58.3  0  0   -0.24    0.61
A07A   271.4   65.6  0  0   -0.05    1.87
A08A   235.7   28.4  0  0   -0.41    0.88
A10A   104.5   75.6  0  0   -1.14    1.20
A11A   238.3   78.6  0  0   -0.42    1.14
             589  26  13  13 1
AAS1   184.4   79.2 -1  1    0.00    0.00
AAS2   200.4   80.8  1  1    0.00    0.00
ACC1   213.7   54.7  1  1    0.00    0.00
AEC1   150.6   64.1  1  1    0.00    0.00
AEC2   152.8   77.0  1  1    0.00    0.00
AEC3   160.4   78.8  1  1    0.00    0.00
A02A   323.4   82.4  1  1    0.00    0.00
A03A     4.2   67.1  1  1    0.00    0.00
A06A   317.2   59.1 -1  1    0.00    0.00
A07A   270.6   66.9  1 -1    0.00    0.00
A08A   233.7   29.9  1  1    0.00    0.00
A09A   272.5   86.3 -1 -1    0.00    0.00
A10A   105.1   76.9 -1 -1    0.00    0.00
AAS1   184.4   79.2  0  0    0.00    0.00
AAS2   200.4   80.8  0  0    0.22    1.20
ACC1   213.7   54.7  0  0   -0.30    0.48
AEC1   150.6   64.1  0  0   -0.50    0.61
AEC2   152.8   77.0  0  0   -0.11    1.00
AEC3   160.4   78.8  0  0   -0.29    1.07
A02A   323.4   82.4  0  0    0.23    1.32
A03A     4.2   67.1  0  0   -0.45    0.69
A06A   317.2   59.1  0  0   -0.23    0.59
A07A   270.6   66.9  0  0   -0.05    1.72
A08A   233.7   29.9  0  0   -0.55    0.91
A09A   272.5   86.3  0  0    0.00    0.00
A10A   105.1   76.9  0  0   -1.18    1.10
             590  15   8   7 1
ACC1   213.7   62.1  1  1    0.00    0.00
AEC1   151.5   71.0  1  1    0.00    0.00
A03A     3.7   73.3  1  1    0.00    0.00
A05A    66.2   51.2 -1 -1    0.00    0.00
A06A   316.0   65.6 -1 -1    0.00    0.00
A07A   269.8   73.9  1 -1    0.00    0.00
A08A   232.8   36.1  1  1    0.00    0.00
A10A   105.8   83.1 -1 -1    0.00    0.00
AEC1   151.5   71.0  0  0   -0.29    0.81
A03A     3.7   73.3  0  0   -0.50    0.89
A05A    66.2   51.2  0  0    0.50    0.91
A06A   316.0   65.6  0  0   -0.04    0.73
A07A   269.8   73.9  0  0   -0.06    1.92
A08A   232.8   36.1  0  0   -0.54    0.81
A10A   105.8   83.1  0  0   -0.76    1.29
             591  15   8   7 1
ACC1   214.3   56.1  1  1    0.00    0.00
AEC1   150.6   65.3  1 -1    0.00    0.00
AEC2   152.9   78.3 -1 -1    0.00    0.00
A03A     3.9   68.9 -1 -1    0.00    0.00
A05A    64.4   47.3 -1 -1    0.00    0.00
A07A   271.0   68.6  1  1    0.00    0.00
A08A   235.2   31.0  1  1    0.00    0.00
A10A   104.9   78.2 -1  1    0.00    0.00
ACC1   214.3   56.1  0  0   -0.19    0.49
AEC1   150.6   65.3  0  0   -0.48    0.65
A03A     3.9   68.9  0  0   -0.17    0.75
A05A    64.4   47.3  0  0    0.52    0.85
A07A   271.0   68.6  0  0    0.04    2.34
A08A   235.2   31.0  0  0   -0.57    0.88
A10A   104.9   78.2  0  0   -0.78    1.15
             592  22  11  11 1
AAS2   200.0   79.5  1  1    0.00    0.00
AEC1   150.3   63.0  1  1    0.00    0.00
AEC3   160.1   77.6  1  1    0.00    0.00
A02A   323.6   80.9  1 -1    0.00    0.00
A03A     4.8   65.4  1  1    0.00    0.00
A06A   317.4   57.1 -1 -1    0.00    0.00
A07A   270.2   65.1  1 -1    0.00    0.00
A08A   231.7   28.6  1  1    0.00    0.00
A10A   105.3   75.7 -1 -1    0.00    0.00
A13A   164.7   92.3 -1  1    0.00    0.00
A14A   186.8   94.3  1  1    0.00    0.00
AAS2   200.0   79.5  0  0   -0.05    1.15
AEC1   150.3   63.0  0  0   -0.27    0.58
AEC3   160.1   77.6  0  0   -0.38    1.02
A02A   323.6   80.9  0  0    0.03    1.24
A03A     4.8   65.4  0  0   -0.42    0.64
A06A   317.4   57.1  0  0   -0.12    0.56
A07A   270.2   65.1  0  0    0.05    1.88
A08A   231.7   28.6  0  0   -0.59    0.90
A10A   105.3   75.7  0  0   -1.11    1.07
A13A   164.7   92.3  0  0    0.00    0.00
A14A   186.8   94.3  0  0    0.00    0.00
             593  22  11  11 1
AAS2   199.6   85.5  1  1    0.00    0.00
AEC1   150.6   70.0  1  1    0.00    0.00
AEC3   160.2   83.7  1  1    0.00    0.00
A03A     5.2   71.0 -1  1    0.00    0.00
A06A   316.6   62.5 -1 -1    0.00    0.00
A07A   269.0   71.2  1 -1    0.00    0.00
A08A   228.4   33.8  1  1    0.00    0.00
A09A   271.7   90.3 -1 -1    0.00    0.00
A10A   106.0   81.8 -1 -1    0.00    0.00
A13A   164.7   96.5 -1  1    0.00    0.00
A14A   186.7   97.6  1  1    0.00    0.00
AAS2   199.6   85.5  0  0   -0.07    1.54
AEC1   150.6   70.0  0  0   -0.56    0.78
AEC3   160.2   83.7  0  0   -0.21    1.33
A03A     5.2   71.0  0  0   -0.69    0.81
A06A   316.6   62.5  0  0   -0.26    0.66
A07A   269.0   71.2  0  0   -0.09    2.36
A08A   228.4   33.8  0  0   -0.75    0.77
A09A   271.7   90.3  0  0    0.00    0.00
A10A   106.0   81.8  0  0   -1.19    1.23
A13A   164.7   96.5  0  0    0.00    0.00
A14A   186.7   97.6  0  0    0.00    0.00
             594  21  11  10 1
ACC1   215.0   53.4  1  1    0.00    0.00
AEC1   147.7   64.4  1  1    0.00    0.00
AEC2   151.0   77.8  1  1    0.00    0.00
AEC3   158.8   79.5  1  1    0.00    0.00
A03A     5.0   70.8  1  1    0.00    0.00
A05A    61.2   50.3  1 -1    0.00    0.00
A06A   320.8   62.2  1  1    0.00    0.00
A07A   273.8   68.1  1 -1    0.00    0.00
A08A   240.4   27.2  1  1    0.00    0.00
A09A   274.1   87.6 -1 -1    0.00    0.00
A10A   102.6   78.7 -1 -1    0.00    0.00
AEC1   147.7   64.4  0  0   -0.42    0.63
AEC2   151.0   77.8  0  0   -0.37    1.03
AEC3   158.8   79.5  0  0   -0.35    1.10
A03A     5.0   70.8  0  0   -0.37    0.81
A05A    61.2   50.3  0  0    0.17    0.83
A06A   320.8   62.2  0  0   -0.31    0.63
A07A   273.8   68.1  0  0   -0.25    1.40
A08A   240.4   27.2  0  0   -0.50    1.06
A09A   274.1   87.6  0  0    0.00    0.00
A10A   102.6   78.7  0  0   -1.07    1.16
             595  16   9   7 1
ACC1   212.9   56.1 -1 -1    0.00    0.00
AEC1   148.6   66.9  1  1    0.00    0.00
AEC2   151.5   79.7  1  1    0.00    0.00
AEC3   159.2   81.3  1  1    0.00    0.00
A03A     5.5   70.9  1  1    0.00    0.00
A05A    64.4   50.7  1  1    0.00    0.00
A07A   271.8   69.2  1 -1    0.00    0.00
A08A   234.1   29.3  1 -1    0.00    0.00
A10A   104.0   80.1 -1 -1    0.00    0.00
AEC1   148.6   66.9  0  0   -0.42    0.71
AEC3   159.2   81.3  0  0   -0.23    1.19
A03A     5.5   70.9  0  0   -0.28    0.81
A05A    64.4   50.7  0  0    0.39    0.72
A07A   271.8   69.2  0  0   -0.15    1.51
A08A   234.1   29.3  0  0   -0.48    0.81
A10A   104.0   80.1  0  0   -1.02    1.38
             596  15   8   7 1
ACC1   211.4   58.1 -1  1    0.00    0.00
AEC1   149.7   68.5  1  1    0.00    0.00
AEC3   159.6   82.4  1  1    0.00    0.00
A03A     5.7   70.3 -1 -1    0.00    0.00
A05A    67.6   50.3  1 -1    0.00    0.00
A07A   269.8   69.6  1 -1    0.00    0.00
A08A   229.1   31.5  1  1    0.00    0.00
A10A   105.4   80.7 -1 -1    0.00    0.00
AEC1   149.7   68.5  0  0   -0.27    0.74
AEC3   159.6   82.4  0  0   -0.19    1.26
A03A     5.7   70.3  0  0   -0.54    0.79
A05A    67.6   50.3  0  0    0.49    0.96
A07A   269.8   69.6  0  0   -0.10    1.85
A08A   229.1   31.5  0  0   -0.70    0.82
A10A   105.4   80.7  0  0   -0.86    1.21
             597  15   8   7 1
ACC1   211.3   58.0 -1  1    0.00    0.00
AEC1   151.3   67.4  1  1    0.00    0.00
A03A     5.0   67.5  1  1    0.00    0.00
A05A    69.7   47.2 -1 -1    0.00    0.00
A06A   315.6   59.2 -1 -1    0.00    0.00
A07A   268.2   68.4  1 -1    0.00    0.00
A08A   227.2   32.7  1  1    0.00    0.00
A10A   106.7   79.0 -1 -1    0.00    0.00
AEC1   151.3   67.4  0  0   -0.42    0.70
A03A     5.0   67.5  0  0   -0.59    0.71
A05A    69.7   47.2  0  0    0.44    1.02
A06A   315.6   59.2  0  0   -0.28    0.61
A07A   268.2   68.4  0  0   -0.12    2.62
A08A   227.2   32.7  0  0   -0.46    0.78
A10A   106.7   79.0  0  0   -0.96    1.13
             598  26  13  13 1
ACC1   209.7   61.6 -1 -1    0.00    0.00
AEC1   152.9   70.3  1  1    0.00    0.00
AEC2   154.3   81.7  1  1    0.00    0.00
AEC3   161.3   83.3  1  1    0.00    0.00
A02A   321.6   84.0  1  1    0.00    0.00
A03A     4.9   67.2  1  1    0.00    0.00
A05A    74.5   47.3  1 -1    0.00    0.00
A06A   312.7   59.2  1  1    0.00    0.00
A07A   265.4   70.1  1 -1    0.00    0.00
A08A   222.4   37.0  1 -1    0.00    0.00
A09A   269.8   89.0 -1 -1    0.00    0.00
A10A   108.6   80.6 -1 -1    0.00    0.00
A11A   234.9   83.6  1 -1    0.00    0.00
ACC1   209.7   61.6  0  0    0.02    0.57
AEC1   152.9   70.3  0  0   -0.41    0.79
AEC2   154.3   81.7  0  0   -0.08    1.20
AEC3   161.3   83.3  0  0   -0.30    1.30
A02A   321.6   84.0  0  0   -0.08    1.45
A03A     4.9   67.2  0  0   -0.56    0.70
A05A    74.5   47.3  0  0    0.27    0.93
A06A   312.7   59.2  0  0   -0.40    0.71
A07A   265.4   70.1  0  0   -0.05    1.18
A08A   222.4   37.0  0  0   -0.35    0.53
A09A   269.8   89.0  0  0    0.00    0.00
A10A   108.6   80.6  0  0   -1.17    1.25
A11A   234.9   83.6  0  0    0.00    0.00
             599  16   8   8 1
ACC1   212.2   60.4 -1  1    0.00    0.00
AEC1   151.6   69.5  1  1    0.00    0.00
AEC3   160.8   83.3  1  1    0.00    0.00
A05A    68.6   49.1 -1 -1    0.00    0.00
A06A   315.5   62.3 -1 -1    0.00    0.00
A07A   268.6   71.2  1 -1    0.00    0.00
A08A   229.1   34.8  1  1    0.00    0.00
A10A   106.5   81.1 -1 -1    0.00    0.00
ACC1   212.2   60.4  0  0   -0.09    0.58
AEC1   151.6   69.5  0  0   -0.29    0.76
AEC3   160.8   83.3  0  0   -0.24    1.30
A05A    68.6   49.1  0  0    0.52    0.99
A06A   315.5   62.3  0  0   -0.25    0.66
A07A   268.6   71.2  0  0    0.07    2.26
A08A   229.1   34.8  0  0   -0.57    0.77
A10A   106.5   81.1  0  0   -0.89    1.20
             600  16   8   8 1
ACC1   212.2   58.1 -1  1    0.00    0.00
AEC1   152.1   66.9  1  1    0.00    0.00
A05A    69.1   46.1 -1 -1    0.00    0.00
A06A   314.8   59.5 -1 -1    0.00    0.00
A07A   268.2   68.6  1 -1    0.00    0.00
A08A   228.8   33.4  1  1    0.00    0.00
A10A   106.8   78.5 -1 -1    0.00    0.00
A13A   165.2   94.2  1  1    0.00    0.00
ACC1   212.2   58.1  0  0   -0.23    0.52
AEC1   152.1   66.9  0  0   -0.15    0.69
A05A    69.1   46.1  0  0    0.43    1.01
A06A   314.8   59.5  0  0   -0.19    0.61
A07A   268.2   68.6  0  0    0.08    2.75
A08A   228.8   33.4  0  0   -0.60    0.79
A10A   106.8   78.5  0  0   -0.86    1.13
A13A   165.2   94.2  0  0    0.00    0.00
             601  22  11  11 1
ACC1   211.2   57.6 -1  1    0.00    0.00
AEC1   150.4   67.6  1 -1    0.00    0.00
AEC3   160.0   81.5  1 -1    0.00    0.00
A03A     5.5   68.6 -1 -1    0.00    0.00
A07A   269.0   68.6  1  1    0.00    0.00
A08A   227.8   31.7  1  1    0.00    0.00
A09A   271.7   88.0 -1 -1    0.00    0.00
A10A   106.0   79.6 -1 -1    0.00    0.00
A11A   236.6   81.9  1  1    0.00    0.00
A13A   164.6   94.7 -1 -1    0.00    0.00
A14A   186.6   96.3 -1 -1    0.00    0.00
ACC1   211.2   57.6  0  0   -0.34    0.50
AEC1   150.4   67.6  0  0   -0.43    0.72
AEC3   160.0   81.5  0  0   -0.18    1.20
A03A     5.5   68.6  0  0   -0.72    0.74
A07A   269.0   68.6  0  0   -0.27    3.20
A08A   227.8   31.7  0  0   -0.59    0.79
A09A   271.7   88.0  0  0    0.00    0.00
A10A   106.0   79.6  0  0   -1.12    1.17
A11A   236.6   81.9  0  0   -0.17    1.29
A13A   164.6   94.7  0  0    0.00    0.00
A14A   186.6   96.3  0  0    0.00    0.00
             602  16   8   8 1
AAS1   308.1   52.5  1 -1    0.00    0.00
AAS2   289.6   76.3 -1 -1    0.00    0.00
AEC2    37.3   68.3  1  1    0.00    0.00
AEC3    35.1   54.4  1  1    0.00    0.00
AID1   102.2   37.6  1  1    0.00    0.00
A10A    38.2   98.7 -1  1    0.00    0.00
A12A   243.7   86.0  1  1    0.00    0.00
A14A   207.2   90.5  1  1    0.00    0.00
AAS1   308.1   52.5  0  0   -0.35    0.75
AAS2   289.6   76.3  0  0    0.00    0.00
AEC2    37.3   68.3  0  0   -0.59    0.73
AEC3    35.1   54.4  0  0   -0.45    0.36
AID1   102.2   37.6  0  0   -0.23    1.71
A10A    38.2   98.7  0  0   -0.35    1.24
A12A   243.7   86.0  0  0   -0.59    1.66
A14A   207.2   90.5  0  0   -0.34    2.22
             603  14   8   6 1
ACC1   209.9   57.5 -1 -1    0.00    0.00
AEC1   150.3   67.8  1 -1    0.00    0.00
AEC2   152.6   79.8 -1 -1    0.00    0.00
A03A     6.1   67.6  1  1    0.00    0.00
A05A    70.4   48.3  1  1    0.00    0.00
A07A   268.1   67.7  1 -1    0.00    0.00
A08A   224.9   31.6  1 -1    0.00    0.00
A10A   106.4   79.4 -1 -1    0.00    0.00
AEC1   150.3   67.8  0  0   -0.24    0.71
A03A     6.1   67.6  0  0    0.03    0.71
A05A    70.4   48.3  0  0    0.23    0.92
A07A   268.1   67.7  0  0   -0.03    1.57
A08A   224.9   31.6  0  0   -0.33    0.71
A10A   106.4   79.4  0  0   -0.43    1.19
             604  16   8   8 1
AAS1   242.1   47.0  1 -1    0.00    0.00
AEC2    79.8   46.9 -1 -1    0.00    0.00
AEC3   107.8   33.6  1 -1    0.00    0.00
A05A    10.0   93.6 -1  1    0.00    0.00
A07A   316.3   96.9  1  1    0.00    0.00
A08A   335.3   87.1  1  1    0.00    0.00
A10A    49.2   91.9  1  1    0.00    0.00
A11A   287.7   94.3  1  1    0.00    0.00
AAS1   242.1   47.0  0  0   -0.73    0.76
AEC2    79.8   46.9  0  0   -0.68    1.17
AEC3   107.8   33.6  0  0   -0.50    1.25
A05A    10.0   93.6  0  0   -0.22    1.62
A07A   316.3   96.9  0  0    0.00    0.00
A08A   335.3   87.1  0  0   -0.42    1.75
A10A    49.2   91.9  0  0   -1.13    2.04
A11A   287.7   94.3  0  0    0.00    0.00
             605  14   8   6 1
ACC1   227.1   66.9 -1  1    0.00    0.00
AEC2   153.7   87.5 -1 -1    0.00    0.00
AEC3   162.1   89.6 -1 -1    0.00    0.00
A05A    48.0   60.2  1  1    0.00    0.00
A07A   277.8   84.5  1  1    0.00    0.00
A08A   261.0   44.4  1  1    0.00    0.00
A10A   100.0   88.5 -1  1    0.00    0.00
A11A   244.1   93.7  1  1    0.00    0.00
AEC3   162.1   89.6  0  0   -0.36    2.21
A05A    48.0   60.2  0  0    0.25    0.59
A07A   277.8   84.5  0  0   -0.14    1.81
A08A   261.0   44.4  0  0   -0.22    1.16
A10A   100.0   88.5  0  0   -0.69    1.76
A11A   244.1   93.7  0  0   -0.29    1.47
             606  17   9   8 1
AEC2   155.4   89.1 -1 -1    0.00    0.00
A01A     2.7   70.2  1  1    0.00    0.00
A02A   303.6   54.3  1  1    0.00    0.00
A03A    76.6   35.4  1  1    0.00    0.00
A05A   128.3   66.7  1 -1    0.00    0.00
A06A   212.0   31.0 -1 -1    0.00    0.00
A07A   216.1   67.4  1 -1    0.00    0.00
A08A   175.7   67.2 -1 -1    0.00    0.00
A10A   127.1   85.8 -1 -1    0.00    0.00
A01A     2.7   70.2  0  0   -0.30    0.79
A02A   303.6   54.3  0  0    0.39    0.76
A03A    76.6   35.4  0  0   -0.62    1.16
A05A   128.3   66.7  0  0    0.15    0.77
A06A   212.0   31.0  0  0   -0.36    0.58
A07A   216.1   67.4  0  0    0.01    0.75
A08A   175.7   67.2  0  0   -0.25    0.69
A10A   127.1   85.8  0  0    0.00    0.00
             607  19  10   9 1
ACC1   182.0   76.4  1 -1    0.00    0.00
A01A     2.4   70.9  1  1    0.00    0.00
A02A   305.1   55.2  1  1    0.00    0.00
A03A    72.8   35.6  1  1    0.00    0.00
A05A   127.3   66.0  1  1    0.00    0.00
A06A   215.0   29.4 -1 -1    0.00    0.00
A07A   217.2   66.8  1 -1    0.00    0.00
A08A   175.9   66.4 -1 -1    0.00    0.00
A09A   243.7   81.9 -1 -1    0.00    0.00
A10A   126.6   85.6 -1  1    0.00    0.00
A01A     2.4   70.9  0  0   -0.37    0.81
A02A   305.1   55.2  0  0    0.31    0.78
A03A    72.8   35.6  0  0   -0.63    1.01
A05A   127.3   66.0  0  0    0.13    0.80
A06A   215.0   29.4  0  0   -0.32    0.62
A07A   217.2   66.8  0  0    0.09    0.72
A08A   175.9   66.4  0  0   -0.21    0.67
A09A   243.7   81.9  0  0    0.00    0.00
A10A   126.6   85.6  0  0    0.00    0.00
             608  16   8   8 1
A01A     2.0   70.9  1 -1    0.00    0.00
A02A   304.3   55.6  1  1    0.00    0.00
A03A    73.4   34.9  1  1    0.00    0.00
A05A   127.9   66.1  1  1    0.00    0.00
A06A   215.7   30.5 -1 -1    0.00    0.00
A07A   217.4   67.3  1 -1    0.00    0.00
A08A   176.4   66.8 -1 -1    0.00    0.00
A10A   126.9   85.7 -1  1    0.00    0.00
A01A     2.0   70.9  0  0   -0.26    0.81
A02A   304.3   55.6  0  0    0.28    0.75
A03A    73.4   34.9  0  0   -0.47    1.09
A05A   127.9   66.1  0  0    0.18    0.77
A06A   215.7   30.5  0  0   -0.24    0.63
A07A   217.4   67.3  0  0    0.06    0.75
A08A   176.4   66.8  0  0   -0.40    0.68
A10A   126.9   85.7  0  0    0.00    0.00
             609  22  11  11 1
AAS2   185.1   90.0  1  1    0.00    0.00
A01A     2.0   71.1  1  1    0.00    0.00
A02A   304.3   55.8  1  1    0.00    0.00
A03A    73.4   35.1  1  1    0.00    0.00
A06A   215.7   30.6 -1 -1    0.00    0.00
A07A   217.4   67.6  1 -1    0.00    0.00
A08A   176.4   67.0 -1 -1    0.00    0.00
A09A   243.6   82.4 -1 -1    0.00    0.00
A10A   126.9   85.9 -1  1    0.00    0.00
A12A   187.9   95.6 -1  1    0.00    0.00
A14A   180.3   99.1  1  1    0.00    0.00
AAS2   185.1   90.0  0  0   -0.55    4.15
A01A     2.0   71.1  0  0   -0.38    0.82
A02A   304.3   55.8  0  0    0.34    0.79
A03A    73.4   35.1  0  0   -0.62    1.02
A06A   215.7   30.6  0  0   -0.32    0.59
A07A   217.4   67.6  0  0    0.00    0.00
A08A   176.4   67.0  0  0   -0.30    0.69
A09A   243.6   82.4  0  0    0.00    0.00
A10A   126.9   85.9  0  0    0.00    0.00
A12A   187.9   95.6  0  0    0.00    0.00
A14A   180.3   99.1  0  0    0.00    0.00
             610  21  11  10 1
ACC1   181.6   76.8  1 -1    0.00    0.00
A01A     2.9   70.4  1  1    0.00    0.00
A02A   304.3   54.3  1  1    0.00    0.00
A03A    75.8   35.8  1  1    0.00    0.00
A05A   127.8   66.7  1 -1    0.00    0.00
A06A   211.9   30.4 -1 -1    0.00    0.00
A07A   216.1   67.1  1 -1    0.00    0.00
A08A   175.4   67.0 -1 -1    0.00    0.00
A09A   242.9   81.9 -1 -1    0.00    0.00
A10A   126.9   85.8 -1  1    0.00    0.00
A14A   180.0   98.9  1  1    0.00    0.00
A01A     2.9   70.4  0  0   -0.35    0.79
A02A   304.3   54.3  0  0    0.35    0.79
A03A    75.8   35.8  0  0   -0.56    1.07
A05A   127.8   66.7  0  0    0.16    0.82
A06A   211.9   30.4  0  0   -0.36    0.57
A07A   216.1   67.1  0  0    0.04    0.72
A08A   175.4   67.0  0  0   -0.29    0.69
A09A   242.9   81.9  0  0    0.00    0.00
A10A   126.9   85.8  0  0    0.00    0.00
A14A   180.0   98.9  0  0    0.00    0.00
             611  28  14  14 1
ACC1   208.2   64.9  1  1    0.00    0.00
AEC1   153.5   73.4 -1  1    0.00    0.00
AEC2   154.7   84.2  1  1    0.00    0.00
AEC3   161.6   85.8  1  1    0.00    0.00
A02A   321.0   85.3  1  1    0.00    0.00
A03A     5.4   67.9 -1 -1    0.00    0.00
A05A    78.3   48.9  1 -1    0.00    0.00
A06A   310.9   59.9  1  1    0.00    0.00
A07A   263.4   72.1  1  1    0.00    0.00
A08A   218.6   40.4  1  1    0.00    0.00
A09A   268.8   90.8  1  1    0.00    0.00
A10A   109.9   82.7 -1 -1    0.00    0.00
A11A   233.8   85.7  1  1    0.00    0.00
A14A   186.6   98.4  1  1    0.00    0.00
ACC1   208.2   64.9  0  0   -0.39    0.66
AEC1   153.5   73.4  0  0   -0.12    0.88
AEC2   154.7   84.2  0  0    0.13    1.34
AEC3   161.6   85.8  0  0   -0.06    1.48
A02A   321.0   85.3  0  0   -0.25    1.59
A03A     5.4   67.9  0  0   -0.57    0.72
A05A    78.3   48.9  0  0    0.33    0.99
A06A   310.9   59.9  0  0    0.36    0.74
A07A   263.4   72.1  0  0   -0.27    1.12
A08A   218.6   40.4  0  0   -0.28    0.41
A09A   268.8   90.8  0  0    0.00    0.00
A10A   109.9   82.7  0  0   -0.97    1.30
A11A   233.8   85.7  0  0    0.00    0.00
A14A   186.6   98.4  0  0    0.00    0.00
             612  24  12  12 1
AAS2   185.0   91.1  1  1    0.00    0.00
A01A     2.2   74.2  1  1    0.00    0.00
A02A   305.3   58.8  1  1    0.00    0.00
A03A    71.8   38.0  1 -1    0.00    0.00
A06A   216.4   31.5 -1 -1    0.00    0.00
A07A   217.6   69.9  1  1    0.00    0.00
A08A   176.1   69.3 -1  1    0.00    0.00
A09A   243.9   84.5 -1 -1    0.00    0.00
A10A   126.5   88.1 -1 -1    0.00    0.00
A11A   209.3   86.1  1  1    0.00    0.00
A12A   187.9   96.5 -1  1    0.00    0.00
A14A   180.3  100.2  1  1    0.00    0.00
AAS2   185.0   91.1  0  0   -0.29    2.10
A01A     2.2   74.2  0  0   -0.37    0.92
A02A   305.3   58.8  0  0    0.28    0.75
A03A    71.8   38.0  0  0   -0.65    1.03
A06A   216.4   31.5  0  0   -0.31    0.61
A07A   217.6   69.9  0  0    0.00    0.00
A08A   176.1   69.3  0  0    0.00    0.00
A09A   243.9   84.5  0  0   -0.19    1.53
A10A   126.5   88.1  0  0    0.00    0.00
A11A   209.3   86.1  0  0    0.00    0.00
A12A   187.9   96.5  0  0    0.00    0.00
A14A   180.3  100.2  0  0    0.00    0.00
             613  15   8   7 1
ACC1   182.1   81.2 -1 -1    0.00    0.00
A01A     2.3   74.2  1 -1    0.00    0.00
A02A   302.3   58.9  1  1    0.00    0.00
A03A    78.1   38.2  1  1    0.00    0.00
A05A   129.2   71.2  1  1    0.00    0.00
A06A   212.1   35.7 -1 -1    0.00    0.00
A08A   176.3   72.1 -1 -1    0.00    0.00
A10A   127.6   89.6 -1  1    0.00    0.00
A01A     2.3   74.2  0  0   -0.24    0.92
A02A   302.3   58.9  0  0    0.25    0.82
A03A    78.1   38.2  0  0   -0.56    1.12
A05A   129.2   71.2  0  0    0.19    0.86
A06A   212.1   35.7  0  0   -0.33    0.45
A08A   176.3   72.1  0  0    0.13    0.85
A10A   127.6   89.6  0  0   -0.06    1.96
             614  17   9   8 1
ACC1   182.3   77.5 -1 -1    0.00    0.00
A01A     2.0   71.8  1  1    0.00    0.00
A02A   304.3   56.5  1 -1    0.00    0.00
A03A    73.4   35.6  1  1    0.00    0.00
A05A   127.9   67.0  1  1    0.00    0.00
A06A   215.7   31.1 -1 -1    0.00    0.00
A07A   217.4   68.2  1 -1    0.00    0.00
A08A   176.4   67.6 -1 -1    0.00    0.00
A10A   126.9   86.4 -1  1    0.00    0.00
A01A     2.0   71.8  0  0   -0.20    0.84
A02A   304.3   56.5  0  0    0.30    0.71
A03A    73.4   35.6  0  0   -0.57    1.14
A05A   127.9   67.0  0  0    0.02    0.78
A06A   215.7   31.1  0  0   -0.33    0.64
A07A   217.4   68.2  0  0    0.10    0.76
A08A   176.4   67.6  0  0   -0.27    0.71
A10A   126.9   86.4  0  0    0.00    0.00
             615  15   8   7 1
ACC1   181.7   77.0  1 -1    0.00    0.00
A01A     2.7   71.0  1  1    0.00    0.00
A02A   304.5   55.1  1  1    0.00    0.00
A03A    74.8   36.0  1  1    0.00    0.00
A06A   213.1   30.4 -1 -1    0.00    0.00
A07A   216.5   67.4  1 -1    0.00    0.00
A08A   175.7   67.2 -1 -1    0.00    0.00
A10A   126.8   86.1 -1 -1    0.00    0.00
A01A     2.7   71.0  0  0   -0.34    0.81
A02A   304.5   55.1  0  0    0.30    0.69
A03A    74.8   36.0  0  0   -0.63    1.20
A06A   213.1   30.4  0  0   -0.33    0.64
A07A   216.5   67.4  0  0    0.15    0.74
A08A   175.7   67.2  0  0   -0.21    0.70
A10A   126.8   86.1  0  0    0.00    0.00
             616  19  10   9 1
ACC1   181.6   77.2 -1 -1    0.00    0.00
A01A     2.9   71.2  1  1    0.00    0.00
A02A   304.7   55.1  1  1    0.00    0.00
A03A    74.9   36.5  1  1    0.00    0.00
A05A   127.6   67.2  1 -1    0.00    0.00
A06A   212.5   30.4 -1 -1    0.00    0.00
A07A   216.3   67.6  1 -1    0.00    0.00
A08A   175.4   67.5 -1 -1    0.00    0.00
A09A   243.1   82.4 -1 -1    0.00    0.00
A10A   126.7   86.3 -1 -1    0.00    0.00
A01A     2.9   71.2  0  0   -0.30    0.82
A02A   304.7   55.1  0  0    0.37    0.69
A03A    74.9   36.5  0  0   -0.58    1.20
A05A   127.6   67.2  0  0    0.14    0.79
A06A   212.5   30.4  0  0   -0.33    0.63
A07A   216.3   67.6  0  0    0.07    0.74
A08A   175.4   67.5  0  0   -0.16    0.71
A09A   243.1   82.4  0  0    0.00    0.00
A10A   126.7   86.3  0  0    0.00    0.00
             617  23  12  11 1
ACC1   208.8   65.8  1  1    0.00    0.00
AEC1   154.0   74.0 -1 -1    0.00    0.00
AEC2   155.0   84.8  1 -1    0.00    0.00
AEC3   161.9   86.4  1 -1    0.00    0.00
A02A   320.7   86.1  1 -1    0.00    0.00
A03A     4.8   68.6 -1 -1    0.00    0.00
A05A    78.0   48.9  1  1    0.00    0.00
A06A   310.4   61.0  1 -1    0.00    0.00
A07A   263.4   73.1  1  1    0.00    0.00
A08A   219.7   41.5  1  1    0.00    0.00
A09A   268.8   91.5  1  1    0.00    0.00
A10A   110.0   83.2 -1 -1    0.00    0.00
ACC1   208.8   65.8  0  0   -0.28    0.70
AEC1   154.0   74.0  0  0   -0.18    0.89
AEC2   155.0   84.8  0  0    0.25    1.38
AEC3   161.9   86.4  0  0   -0.04    1.55
A02A   320.7   86.1  0  0    0.00    1.70
A03A     4.8   68.6  0  0   -0.32    0.74
A05A    78.0   48.9  0  0    0.40    1.24
A06A   310.4   61.0  0  0    0.02    0.68
A07A   263.4   73.1  0  0    0.17    1.45
A08A   219.7   41.5  0  0   -0.24    0.53
A10A   110.0   83.2  0  0   -0.75    1.27
             618  16   8   8 1
A01A     2.2   71.3  1  1    0.00    0.00
A02A   304.5   55.9  1  1    0.00    0.00
A03A    73.5   35.6  1  1    0.00    0.00
A05A   127.7   66.7  1 -1    0.00    0.00
A06A   215.0   30.6 -1 -1    0.00    0.00
A07A   217.2   67.7  1 -1    0.00    0.00
A08A   176.2   67.2 -1 -1    0.00    0.00
A10A   126.8   86.1 -1 -1    0.00    0.00
A01A     2.2   71.3  0  0   -0.42    0.82
A02A   304.5   55.9  0  0    0.27    0.74
A03A    73.5   35.6  0  0   -0.64    1.10
A05A   127.7   66.7  0  0    0.10    0.77
A06A   215.0   30.6  0  0   -0.32    0.62
A07A   217.2   67.7  0  0    0.08    0.76
A08A   176.2   67.2  0  0   -0.18    0.69
A10A   126.8   86.1  0  0    0.00    0.00
             619  21  11  10 1
ACC1   208.7   64.7 -1  1    0.00    0.00
AEC1   153.6   73.1 -1 -1    0.00    0.00
AEC2   154.8   84.0  1 -1    0.00    0.00
A02A   321.0   85.5 -1 -1    0.00    0.00
A03A     5.1   68.2 -1 -1    0.00    0.00
A05A    77.4   48.7  1  1    0.00    0.00
A06A   311.0   60.3  1 -1    0.00    0.00
A07A   263.8   72.2  1  1    0.00    0.00
A08A   219.8   40.2  1  1    0.00    0.00
A09A   269.0   90.8  1  1    0.00    0.00
A10A   109.7   82.6 -1  1    0.00    0.00
AEC1   153.6   73.1  0  0   -0.21    0.87
AEC2   154.8   84.0  0  0    0.12    1.34
A02A   321.0   85.5  0  0    0.16    1.60
A03A     5.1   68.2  0  0    0.14    0.73
A05A    77.4   48.7  0  0    0.32    1.21
A06A   311.0   60.3  0  0    0.52    0.66
A07A   263.8   72.2  0  0   -0.04    1.48
A08A   219.8   40.2  0  0   -0.46    0.55
A09A   269.0   90.8  0  0    0.00    0.00
A10A   109.7   82.6  0  0   -0.75    1.25
             620  20  11   9 1
ACC1   209.3   63.8  1  1    0.00    0.00
AEC1   153.6   72.1 -1 -1    0.00    0.00
AEC2   154.8   83.2  1 -1    0.00    0.00
A02A   321.0   84.9 -1 -1    0.00    0.00
A03A     4.7   67.7  1 -1    0.00    0.00
A05A    76.5   47.8  1 -1    0.00    0.00
A06A   311.2   60.0  1 -1    0.00    0.00
A07A   264.2   71.6  1  1    0.00    0.00
A08A   220.9   39.5  1  1    0.00    0.00
A09A   269.2   90.2 -1 -1    0.00    0.00
A10A   109.5   81.8 -1 -1    0.00    0.00
AEC1   153.6   72.1  0  0   -0.39    0.84
A02A   321.0   84.9  0  0   -0.13    1.52
A03A     4.7   67.7  0  0   -0.55    0.71
A05A    76.5   47.8  0  0    0.32    1.08
A06A   311.2   60.0  0  0   -0.04    0.68
A07A   264.2   71.6  0  0   -0.01    1.30
A08A   220.9   39.5  0  0   -0.52    0.53
A09A   269.2   90.2  0  0    0.00    0.00
A10A   109.5   81.8  0  0   -0.88    1.24
             621  21  12   9 1
ACC1   209.3   64.0  1  1    0.00    0.00
AEC1   153.6   72.3 -1 -1    0.00    0.00
AEC2   154.8   83.4  1 -1    0.00    0.00
A02A   321.0   85.2  1 -1    0.00    0.00
A03A     4.7   67.9 -1 -1    0.00    0.00
A05A    76.5   48.0  1  1    0.00    0.00
A06A   311.2   60.2  1 -1    0.00    0.00
A07A   264.2   71.9  1  1    0.00    0.00
A08A   220.9   39.7  1  1    0.00    0.00
A09A   269.2   90.4  1  1    0.00    0.00
A10A   109.5   82.0 -1 -1    0.00    0.00
A11A   234.4   85.3  1  1    0.00    0.00
AEC1   153.6   72.3  0  0   -0.13    0.84
A02A   321.0   85.2  0  0   -0.09    1.57
A03A     4.7   67.9  0  0   -0.55    0.72
A05A    76.5   48.0  0  0    0.32    1.19
A06A   311.2   60.2  0  0   -0.31    0.66
A07A   264.2   71.9  0  0    0.13    1.52
A08A   220.9   39.7  0  0   -0.38    0.58
A10A   109.5   82.0  0  0   -0.76    1.21
A11A   234.4   85.3  0  0   -0.40    1.62
             622  21  11  10 1
AEC1   153.6   72.1 -1 -1    0.00    0.00
A02A   321.0   84.9 -1 -1    0.00    0.00
A03A     4.7   67.7 -1 -1    0.00    0.00
A05A    76.5   47.8  1  1    0.00    0.00
A06A   311.2   60.0  1 -1    0.00    0.00
A07A   264.2   71.6  1  1    0.00    0.00
A08A   220.9   39.5  1  1    0.00    0.00
A09A   269.2   90.2  1  1    0.00    0.00
A10A   109.5   81.8 -1  1    0.00    0.00
A11A   234.4   85.1  1  1    0.00    0.00
A14A   186.8   97.9 -1 -1    0.00    0.00
AEC1   153.6   72.1  0  0   -0.45    0.83
A02A   321.0   84.9  0  0   -0.10    1.55
A03A     4.7   67.7  0  0   -0.34    0.71
A05A    76.5   47.8  0  0    0.45    1.18
A06A   311.2   60.0  0  0   -0.06    0.66
A07A   264.2   71.6  0  0    0.08    1.51
A08A   220.9   39.5  0  0   -0.25    0.58
A09A   269.2   90.2  0  0    0.00    0.00
A10A   109.5   81.8  0  0   -1.06    1.21
A14A   186.8   97.9  0  0    0.00    0.00
             623  18  10   8 1
ACC1   209.6   65.8 -1 -1    0.00    0.00
AEC1   154.3   73.7 -1 -1    0.00    0.00
AEC3   162.1   86.2  1 -1    0.00    0.00
A03A     4.1   68.9 -1 -1    0.00    0.00
A05A    77.1   48.3  1  1    0.00    0.00
A07A   263.9   73.4  1  1    0.00    0.00
A08A   221.3   41.6  1  1    0.00    0.00
A09A   269.0   91.6  1  1    0.00    0.00
A10A   109.9   83.0 -1  1    0.00    0.00
A11A   234.4   86.6  1  1    0.00    0.00
AEC1   154.3   73.7  0  0   -0.05    0.88
AEC3   162.1   86.2  0  0   -0.11    1.53
A03A     4.1   68.9  0  0   -0.48    0.75
A05A    77.1   48.3  0  0    0.36    1.20
A07A   263.9   73.4  0  0    0.14    1.49
A08A   221.3   41.6  0  0   -0.30    0.56
A09A   269.0   91.6  0  0    0.00    0.00
A10A   109.9   83.0  0  0   -0.79    1.25
             624  17   9   8 1
ACC1   209.3   62.9  1  1    0.00    0.00
AEC1   154.1   71.0 -1 -1    0.00    0.00
A02A   320.7   83.8 -1 -1    0.00    0.00
A03A     4.5   66.1 -1 -1    0.00    0.00
A05A    77.2   46.2  1  1    0.00    0.00
A07A   263.8   70.6  1  1    0.00    0.00
A08A   220.8   39.1  1  1    0.00    0.00
A10A   109.8   80.6 -1 -1    0.00    0.00
A11A   234.3   84.1  1  1    0.00    0.00
AEC1   154.1   71.0  0  0   -0.01    0.80
A02A   320.7   83.8  0  0   -0.06    1.43
A03A     4.5   66.1  0  0   -0.55    0.66
A05A    77.2   46.2  0  0    0.35    1.22
A07A   263.8   70.6  0  0    0.15    1.48
A08A   220.8   39.1  0  0   -0.28    0.58
A10A   109.8   80.6  0  0   -0.72    1.16
A11A   234.3   84.1  0  0   -0.51    1.48
             625  15   8   7 1
ACC1   208.9   74.0  1  1    0.00    0.00
AEC1   153.0   82.4 -1 -1    0.00    0.00
A03A     5.3   78.5  1  1    0.00    0.00
A05A    76.1   59.0  1  1    0.00    0.00
A06A   312.1   70.6  1 -1    0.00    0.00
A07A   264.6   81.7  1  1    0.00    0.00
A10A   109.1   92.1 -1 -1    0.00    0.00
A11A   234.4   94.7  1  1    0.00    0.00
AEC1   153.0   82.4  0  0   -0.21    1.24
A03A     5.3   78.5  0  0   -0.18    1.08
A05A    76.1   59.0  0  0    0.21    1.03
A06A   312.1   70.6  0  0    0.08    0.87
A07A   264.6   81.7  0  0    0.03    1.46
A10A   109.1   92.1  0  0   -0.42    2.18
A11A   234.4   94.7  0  0    0.00    0.00
             626  17   9   8 1
ACC1   196.0  116.1  1  1    0.00    0.00
AEC1   172.7  117.2 -1  1    0.00    0.00
A03A   194.8   76.8  1  1    0.00    0.00
A05A   164.0  108.0  1 -1    0.00    0.00
A06A   222.1  105.5  1  1    0.00    0.00
A07A   220.5  114.7  1  1    0.00    0.00
A08A   195.6  113.4  1  1    0.00    0.00
A10A   146.7  116.2 -1 -1    0.00    0.00
A11A   213.6  120.3  1  1    0.00    0.00
AEC1   172.7  117.2  0  0   -0.37    0.58
A03A   194.8   76.8  0  0   -0.66    1.02
A05A   164.0  108.0  0  0    0.00    0.00
A06A   222.1  105.5  0  0   -0.43    0.91
A07A   220.5  114.7  0  0   -0.02    0.65
A08A   195.6  113.4  0  0   -0.43    0.67
A10A   146.7  116.2  0  0   -0.46    0.68
A11A   213.6  120.3  0  0    0.00    0.00
             627  25  13  12 1
ACC1   209.3   63.5  1  1    0.00    0.00
AEC1   153.6   71.9 -1 -1    0.00    0.00
AEC2   154.8   82.9  1 -1    0.00    0.00
AEC3   161.7   84.6 -1 -1    0.00    0.00
A02A   321.0   84.7  1 -1    0.00    0.00
A03A     4.7   67.4  1 -1    0.00    0.00
A05A    76.5   47.5  1  1    0.00    0.00
A06A   311.2   59.7  1 -1    0.00    0.00
A07A   264.2   71.4  1  1    0.00    0.00
A08A   220.9   39.2  1  1    0.00    0.00
A09A   269.2   90.0 -1 -1    0.00    0.00
A10A   109.5   81.5 -1 -1    0.00    0.00
A13A   165.5   96.5 -1 -1    0.00    0.00
AEC1   153.6   71.9  0  0   -0.51    0.84
AEC2   154.8   82.9  0  0   -0.07    1.29
AEC3   161.7   84.6  0  0   -0.48    1.40
A02A   321.0   84.7  0  0   -0.12    1.48
A03A     4.7   67.4  0  0   -0.35    0.70
A05A    76.5   47.5  0  0    0.34    1.18
A06A   311.2   59.7  0  0   -0.19    0.65
A07A   264.2   71.4  0  0   -0.14    1.49
A08A   220.9   39.2  0  0   -0.37    0.57
A09A   269.2   90.0  0  0    0.00    0.00
A10A   109.5   81.5  0  0   -0.99    1.23
A13A   165.5   96.5  0  0    0.00    0.00
             628  26  13  13 1
ACC1   209.8   66.5  1  1    0.00    0.00
AEC1   153.3   75.0  1  1    0.00    0.00
AEC2   154.6   86.3  1  1    0.00    0.00
AEC3   161.6   87.8  1  1    0.00    0.00
A02A   321.3   88.3 -1  1    0.00    0.00
A03A     4.7   71.5  1  1    0.00    0.00
A05A    75.1   51.0  1 -1    0.00    0.00
A06A   312.0   63.7  1  1    0.00    0.00
A07A   265.0   74.9  1 -1    0.00    0.00
A08A   222.2   41.3  1  1    0.00    0.00
A09A   269.6   92.9 -1 -1    0.00    0.00
A10A   109.0   85.1 -1 -1    0.00    0.00
A11A   234.8   88.1  1  1    0.00    0.00
ACC1   209.8   66.5  0  0   -0.03    0.70
AEC1   153.3   75.0  0  0   -0.33    0.94
AEC2   154.6   86.3  0  0   -0.00    1.55
AEC3   161.6   87.8  0  0   -0.27    1.76
A02A   321.3   88.3  0  0   -0.12    2.08
A03A     4.7   71.5  0  0   -0.51    0.83
A05A    75.1   51.0  0  0    0.33    0.99
A06A   312.0   63.7  0  0   -0.18    0.74
A07A   265.0   74.9  0  0   -0.01    1.29
A08A   222.2   41.3  0  0   -0.43    0.50
A09A   269.6   92.9  0  0    0.00    0.00
A10A   109.0   85.1  0  0   -0.94    1.43
A11A   234.8   88.1  0  0    0.43    2.06
             629  14   8   6 1
ACC1   268.3   53.7  1  1    0.00    0.00
AEC1   143.4   27.2 -1 -1    0.00    0.00
AEC2   152.0   56.7  1 -1    0.00    0.00
AEC3   165.4   60.9 -1 -1    0.00    0.00
A05A    15.6   61.3  1  1    0.00    0.00
A08A   304.5   53.0  1  1    0.00    0.00
A10A    78.2   69.6 -1 -1    0.00    0.00
A13A   168.3   88.2  1  1    0.00    0.00
AEC1   143.4   27.2  0  0   -0.54    0.76
AEC3   165.4   60.9  0  0   -0.24    0.50
A05A    15.6   61.3  0  0    0.17    0.51
A08A   304.5   53.0  0  0   -0.44    0.74
A10A    78.2   69.6  0  0   -0.51    1.07
A13A   168.3   88.2  0  0    0.00    0.00
             630  16   9   7 1
ACC1   207.4   73.1 -1  1    0.00    0.00
AEC1   155.0   81.1 -1 -1    0.00    0.00
AEC3   162.3   92.5 -1 -1    0.00    0.00
A05A    82.7   53.6  1  1    0.00    0.00
A07A   261.1   79.2  1  1    0.00    0.00
A08A   216.3   49.2  1  1    0.00    0.00
A10A   111.6   90.1 -1 -1    0.00    0.00
A11A   232.8   92.4 -1  1    0.00    0.00
A13A   165.7  101.4 -1 -1    0.00    0.00
AEC1   155.0   81.1  0  0   -0.18    1.16
AEC3   162.3   92.5  0  0   -0.37    1.89
A05A    82.7   53.6  0  0    0.29    1.06
A07A   261.1   79.2  0  0    0.23    1.24
A08A   216.3   49.2  0  0   -0.51    0.32
A11A   232.8   92.4  0  0    0.00    0.00
A13A   165.7  101.4  0  0    0.00    0.00
             631  15   8   7 1
AEC1   153.2   73.5  1 -1    0.00    0.00
AEC2   154.5   84.4 -1 -1    0.00    0.00
A05A    76.8   49.6  1 -1    0.00    0.00
A06A   311.7   60.8  1  1    0.00    0.00
A07A   264.2   72.5  1  1    0.00    0.00
A08A   219.9   40.0  1  1    0.00    0.00
A10A   109.4   83.1 -1 -1    0.00    0.00
A13A   165.3   97.5  1 -1    0.00    0.00
AEC1   153.2   73.5  0  0   -0.75    0.89
A05A    76.8   49.6  0  0    0.19    1.21
A06A   311.7   60.8  0  0   -0.43    0.65
A07A   264.2   72.5  0  0    0.09    1.55
A08A   219.9   40.0  0  0   -0.29    0.56
A10A   109.4   83.1  0  0   -0.80    1.31
A13A   165.3   97.5  0  0    0.00    0.00
             632  28  14  14 1
AAS1   184.0   85.1 -1 -1    0.00    0.00
ACC1   208.8   63.8  1  1    0.00    0.00
AEC1   154.0   72.0 -1 -1    0.00    0.00
AEC2   155.0   82.9  1 -1    0.00    0.00
AEC3   161.9   84.6  1 -1    0.00    0.00
A02A   320.7   84.3 -1 -1    0.00    0.00
A03A     4.8   66.6 -1 -1    0.00    0.00
A05A    78.0   47.1  1  1    0.00    0.00
A06A   310.4   59.0  1 -1    0.00    0.00
A07A   263.4   71.2  1  1    0.00    0.00
A08A   219.7   39.9  1  1    0.00    0.00
A09A   268.8   89.8 -1  1    0.00    0.00
A10A   110.0   81.4 -1 -1    0.00    0.00
A11A   234.0   84.7  1  1    0.00    0.00
AAS1   184.0   85.1  0  0    0.00    0.00
ACC1   208.8   63.8  0  0   -0.39    0.64
AEC1   154.0   72.0  0  0   -0.31    0.84
AEC2   155.0   82.9  0  0    0.09    1.27
AEC3   161.9   84.6  0  0   -0.29    1.39
A02A   320.7   84.3  0  0   -0.08    1.47
A03A     4.8   66.6  0  0   -0.57    0.68
A05A    78.0   47.1  0  0    0.32    1.25
A06A   310.4   59.0  0  0   -0.03    0.65
A07A   263.4   71.2  0  0    0.01    1.45
A08A   219.7   39.9  0  0   -0.48    0.55
A09A   268.8   89.8  0  0    0.00    0.00
A10A   110.0   81.4  0  0   -0.83    1.20
A11A   234.0   84.7  0  0   -0.45    1.53
             633  17  10   7 1
ACC1   209.1   65.4 -1 -1    0.00    0.00
AEC1   154.2   73.4  1  1    0.00    0.00
AEC2   155.2   84.3 -1  1    0.00    0.00
AEC3   162.1   85.9  1  1    0.00    0.00
A03A     4.5   68.1  1  1    0.00    0.00
A05A    77.9   48.1  1  1    0.00    0.00
A06A   310.1   60.7  1  1    0.00    0.00
A07A   263.5   72.8  1 -1    0.00    0.00
A08A   220.2   41.4  1 -1    0.00    0.00
A10A   110.1   82.7 -1 -1    0.00    0.00
AEC1   154.2   73.4  0  0   -0.80    0.89
A03A     4.5   68.1  0  0   -0.39    0.72
A05A    77.9   48.1  0  0    0.35    1.18
A06A   310.1   60.7  0  0   -0.43    0.68
A07A   263.5   72.8  0  0   -0.06    1.35
A08A   220.2   41.4  0  0   -0.51    0.52
A10A   110.1   82.7  0  0   -0.84    1.28
             634  15   8   7 1
AEC1   153.1   72.3  1 -1    0.00    0.00
AEC2   154.4   83.2 -1 -1    0.00    0.00
A05A    77.6   48.4  1 -1    0.00    0.00
A06A   311.6   58.9  1 -1    0.00    0.00
A07A   263.7   70.9  1  1    0.00    0.00
A08A   218.7   38.9  1  1    0.00    0.00
A10A   109.6   81.9 -1 -1    0.00    0.00
A11A   233.9   84.7  1  1    0.00    0.00
AEC1   153.1   72.3  0  0   -0.64    0.85
A05A    77.6   48.4  0  0    0.24    1.23
A06A   311.6   58.9  0  0   -0.27    0.64
A07A   263.7   70.9  0  0   -0.08    1.48
A08A   218.7   38.9  0  0   -0.42    0.55
A10A   109.6   81.9  0  0   -0.84    1.23
A11A   233.9   84.7  0  0    0.00    0.00
             635  20  11   9 1
ACC1   208.7   64.5  1  1    0.00    0.00
AEC1   153.6   72.9 -1  1    0.00    0.00
AEC2   154.8   83.8  1  1    0.00    0.00
A02A   321.0   85.2  1  1    0.00    0.00
A03A     5.1   67.9  1  1    0.00    0.00
A05A    77.4   48.4  1 -1    0.00    0.00
A06A   311.0   60.0  1  1    0.00    0.00
A07A   263.8   72.0  1 -1    0.00    0.00
A08A   219.8   40.0  1  1    0.00    0.00
A09A   269.0   90.6 -1 -1    0.00    0.00
A10A   109.7   82.4 -1 -1    0.00    0.00
AEC1   153.6   72.9  0  0   -0.35    0.87
A02A   321.0   85.2  0  0   -0.04    1.56
A03A     5.1   67.9  0  0   -0.42    0.72
A05A    77.4   48.4  0  0    0.32    1.07
A06A   311.0   60.0  0  0   -0.09    0.70
A07A   263.8   72.0  0  0   -0.04    1.24
A08A   219.8   40.0  0  0   -0.48    0.49
A09A   269.0   90.6  0  0    0.00    0.00
A10A   109.7   82.4  0  0   -0.95    1.26
             636  14   8   6 1
ACC1   207.7   66.5 -1 -1    0.00    0.00
AEC1   153.8   74.9 -1 -1    0.00    0.00
AEC2   154.9   85.4 -1 -1    0.00    0.00
A03A     5.5   68.4 -1 -1    0.00    0.00
A05A    79.8   49.7  1  1    0.00    0.00
A07A   262.6   73.2  1  1    0.00    0.00
A08A   217.4   42.2  1  1    0.00    0.00
A10A   110.4   83.8 -1  1    0.00    0.00
AEC1   153.8   74.9  0  0   -0.40    0.92
A03A     5.5   68.4  0  0   -0.25    0.73
A05A    79.8   49.7  0  0    0.30    1.30
A07A   262.6   73.2  0  0   -0.04    1.39
A08A   217.4   42.2  0  0   -0.25    0.49
A10A   110.4   83.8  0  0   -0.72    1.30
             637  15   9   6 1
ACC1   210.0   62.2  1  1    0.00    0.00
AEC1   153.1   70.7 -1 -1    0.00    0.00
AEC2   154.5   82.2  1 -1    0.00    0.00
A05A    74.3   47.5  1  1    0.00    0.00
A06A   312.4   59.9  1 -1    0.00    0.00
A07A   265.4   70.8  1  1    0.00    0.00
A08A   222.9   37.6  1  1    0.00    0.00
A10A   108.7   80.9 -1 -1    0.00    0.00
A13A   165.3   96.1  1 -1    0.00    0.00
AEC1   153.1   70.7  0  0   -0.53    0.80
A05A    74.3   47.5  0  0    0.16    1.12
A06A   312.4   59.9  0  0   -0.14    0.65
A07A   265.4   70.8  0  0   -0.18    1.67
A08A   222.9   37.6  0  0   -0.36    0.63
A13A   165.3   96.1  0  0    0.00    0.00
             638  15   8   7 1
ACC1   209.3   63.3 -1 -1    0.00    0.00
AEC1   153.6   71.6 -1 -1    0.00    0.00
AEC3   161.7   84.3  1 -1    0.00    0.00
A05A    76.5   47.3  1  1    0.00    0.00
A06A   311.2   59.5  1  1    0.00    0.00
A07A   264.2   71.1  1  1    0.00    0.00
A08A   220.9   39.0  1 -1    0.00    0.00
A10A   109.5   81.3 -1  1    0.00    0.00
AEC1   153.6   71.6  0  0   -0.51    0.83
AEC3   161.7   84.3  0  0   -0.12    1.37
A05A    76.5   47.3  0  0    0.18    1.01
A06A   311.2   59.5  0  0    0.06    0.71
A07A   264.2   71.1  0  0   -0.15    1.19
A08A   220.9   39.0  0  0   -0.32    0.49
A10A   109.5   81.3  0  0   -0.73    1.24
             639  20  10  10 1
AAS1   109.4   60.3  1  1    0.00    0.00
AAS2   142.4   29.5  1  1    0.00    0.00
ACC1    24.2   67.0  1  1    0.00    0.00
AEC2    87.9   87.2 -1 -1    0.00    0.00
A05A    38.7   94.9 -1 -1    0.00    0.00
A06A     4.7   94.3 -1 -1    0.00    0.00
A07A   346.5   86.9  1 -1    0.00    0.00
A09A   317.2   94.1  1 -1    0.00    0.00
A13A   132.7   94.6 -1 -1    0.00    0.00
A14A   168.0   91.9 -1 -1    0.00    0.00
AAS1   109.4   60.3  0  0   -0.03    0.99
AAS2   142.4   29.5  0  0   -0.03    0.72
ACC1    24.2   67.0  0  0   -0.53    0.70
AEC2    87.9   87.2  0  0   -0.38    1.76
A05A    38.7   94.9  0  0    0.00    0.00
A06A     4.7   94.3  0  0   -0.07    1.53
A07A   346.5   86.9  0  0    0.06    1.68
A09A   317.2   94.1  0  0   -0.27    1.52
A13A   132.7   94.6  0  0    0.48    1.53
A14A   168.0   91.9  0  0   -0.13    1.90
             640  18   9   9 1
AAS1    10.9   63.0 -1 -1    0.00    0.00
AAS2   316.5   75.9  1  1    0.00    0.00
AEC3    54.7   91.5 -1 -1    0.00    0.00
A06A   351.5  114.7 -1  1    0.00    0.00
A08A   357.1  107.3  1 -1    0.00    0.00
A11A   313.5  105.9  1  1    0.00    0.00
A12A   236.4   86.3  1 -1    0.00    0.00
A13A   128.8  100.5  1  1    0.00    0.00
A14A   189.4   98.4 -1 -1    0.00    0.00
AAS1    10.9   63.0  0  0   -0.18    0.56
AAS2   316.5   75.9  0  0   -0.36    1.04
AEC3    54.7   91.5  0  0   -0.13    2.49
A06A   351.5  114.7  0  0    0.00    0.00
A08A   357.1  107.3  0  0   -0.31    0.86
A11A   313.5  105.9  0  0    0.24    0.93
A12A   236.4   86.3  0  0   -0.20    1.75
A13A   128.8  100.5  0  0    0.03    1.20
A14A   189.4   98.4  0  0   -0.10    1.22
             641  15   8   7 1
AEC1   146.7   66.1 -1 -1    0.00    0.00
AEC2   150.4   79.9  1 -1    0.00    0.00
AEC3   158.5   81.5 -1 -1    0.00    0.00
A03A     4.6   74.8  1 -1    0.00    0.00
A05A    58.1   53.9  1  1    0.00    0.00
A07A   275.8   71.4  1  1    0.00    0.00
A08A   247.3   28.1  1  1    0.00    0.00
A10A   101.2   81.2 -1  1    0.00    0.00
AEC1   146.7   66.1  0  0   -0.34    0.67
AEC3   158.5   81.5  0  0   -0.38    1.20
A03A     4.6   74.8  0  0   -0.61    0.94
A05A    58.1   53.9  0  0    0.31    0.73
A07A   275.8   71.4  0  0   -0.18    1.38
A08A   247.3   28.1  0  0   -0.31    1.15
A10A   101.2   81.2  0  0   -0.88    1.26
             642  16   9   7 1
ACC1   216.8   54.5  1  1    0.00    0.00
AEC1   146.5   66.0 -1 -1    0.00    0.00
AEC2   150.2   79.7 -1 -1    0.00    0.00
AEC3   158.3   81.3 -1 -1    0.00    0.00
A03A     4.9   74.6  1 -1    0.00    0.00
A05A    58.4   53.9  1  1    0.00    0.00
A07A   275.8   71.0  1 -1    0.00    0.00
A08A   246.9   27.5  1  1    0.00    0.00
A10A   101.2   81.1 -1 -1    0.00    0.00
AEC1   146.5   66.0  0  0   -0.28    0.68
AEC3   158.3   81.3  0  0   -0.27    1.20
A03A     4.9   74.6  0  0   -0.82    0.93
A05A    58.4   53.9  0  0    0.25    0.74
A07A   275.8   71.0  0  0   -0.18    1.39
A08A   246.9   27.5  0  0   -0.36    1.14
A10A   101.2   81.1  0  0   -0.89    1.28
             643  12   8   4 1
ACC1   215.3   62.0 -1 -1    0.00    0.00
AEC1   149.0   72.2  1 -1    0.00    0.00
AEC2   151.8   85.7 -1 -1    0.00    0.00
AEC3   159.6   87.3  1 -1    0.00    0.00
A05A    61.7   56.2  1  1    0.00    0.00
A07A   273.0   76.2  1 -1    0.00    0.00
A08A   239.5   34.1  1  1    0.00    0.00
A10A   103.3   86.3 -1 -1    0.00    0.00
AEC1   149.0   72.2  0  0   -0.36    0.85
A05A    61.7   56.2  0  0    0.38    0.78
A07A   273.0   76.2  0  0    0.00    0.00
A08A   239.5   34.1  0  0   -0.54    0.91
             644  16   9   7 1
ACC1   208.4   81.3  1  1    0.00    0.00
AEC1   152.9   88.9 -1  1    0.00    0.00
AEC2   154.3   98.3 -1  1    0.00    0.00
AEC3   161.2   99.8  1  1    0.00    0.00
A03A     5.7   85.6  1  1    0.00    0.00
A05A    76.9   66.7 -1 -1    0.00    0.00
A07A   264.1   88.0 -1 -1    0.00    0.00
A08A   219.3   55.3  1  1    0.00    0.00
A09A   269.2  104.5 -1 -1    0.00    0.00
AEC1   152.9   88.9  0  0   -0.57    1.95
AEC3   161.2   99.8  0  0   -0.07    1.18
A03A     5.7   85.6  0  0   -0.72    1.51
A05A    76.9   66.7  0  0    0.11    1.01
A07A   264.1   88.0  0  0   -0.26    2.20
A08A   219.3   55.3  0  0   -0.29    0.48
A09A   269.2  104.5  0  0    0.00    0.00
             645  14   8   6 1
AAS1   115.1   67.6  1  1    0.00    0.00
AAS2   149.6   40.4 -1  1    0.00    0.00
ACC1    26.9   69.3  1 -1    0.00    0.00
AEC2    90.9   91.2  1  1    0.00    0.00
AEC3    98.2   88.7  1  1    0.00    0.00
A09A   315.8   98.9  1  1    0.00    0.00
A11A   304.3   70.3  1  1    0.00    0.00
A14A   168.3   97.7 -1 -1    0.00    0.00
AAS1   115.1   67.6  0  0   -0.19    0.91
AAS2   149.6   40.4  0  0    0.00    0.00
AEC3    98.2   88.7  0  0   -0.25    1.77
A09A   315.8   98.9  0  0   -0.67    1.16
A11A   304.3   70.3  0  0    0.00    0.00
A14A   168.3   97.7  0  0   -0.13    1.30
             646  16   9   7 1
AAS1   105.3   63.5  1  1    0.00    0.00
AAS2   136.3   27.7 -1  1    0.00    0.00
ACC1    22.0   73.4 -1 -1    0.00    0.00
AEC2    85.7   90.5  1  1    0.00    0.00
AEC3    92.6   87.2 -1  1    0.00    0.00
A09A   318.0   99.4  1 -1    0.00    0.00
A11A   310.8   73.5 -1 -1    0.00    0.00
A13A   131.8   98.9 -1 -1    0.00    0.00
A14A   168.0   95.2 -1 -1    0.00    0.00
AAS1   105.3   63.5  0  0   -0.07    1.11
AAS2   136.3   27.7  0  0    0.00    0.00
AEC3    92.6   87.2  0  0    0.03    2.65
A09A   318.0   99.4  0  0   -0.23    1.14
A11A   310.8   73.5  0  0    0.64    0.96
A13A   131.8   98.9  0  0    0.00    0.00
A14A   168.0   95.2  0  0   -0.23    1.48
             647  14   8   6 1
AAS1   101.0   57.1  1 -1    0.00    0.00
AAS2   128.1   19.8 -1 -1    0.00    0.00
ACC1    19.8   70.8  1  1    0.00    0.00
AEC2    83.6   86.7 -1 -1    0.00    0.00
AEC3    90.2   82.8 -1 -1    0.00    0.00
A09A   318.6   95.0  1  1    0.00    0.00
A10A    63.1   97.5  1 -1    0.00    0.00
A14A   168.1   90.8 -1  1    0.00    0.00
AAS1   101.0   57.1  0  0   -0.36    1.36
AAS2   128.1   19.8  0  0    0.24    1.09
AEC2    83.6   86.7  0  0   -0.20    1.55
AEC3    90.2   82.8  0  0   -0.20    1.69
A09A   318.6   95.0  0  0   -0.19    1.39
A14A   168.1   90.8  0  0   -0.19    2.43
             648  15   8   7 1
AAS1   329.3   68.4  1 -1    0.00    0.00
AAS2   300.8   88.1 -1 -1    0.00    0.00
AEC1    17.8   98.6 -1  1    0.00    0.00
AEC3    37.3   80.4  1  1    0.00    0.00
AID1    81.4   62.9  1  1    0.00    0.00
A12A   247.1   94.8  1  1    0.00    0.00
A13A   140.2   93.2  1 -1    0.00    0.00
A14A   204.9   99.0  1  1    0.00    0.00
AAS1   329.3   68.4  0  0   -0.03    0.78
AAS2   300.8   88.1  0  0   -0.14    2.30
AEC3    37.3   80.4  0  0   -0.15    1.13
AID1    81.4   62.9  0  0   -0.64    1.20
A12A   247.1   94.8  0  0   -0.13    1.40
A13A   140.2   93.2  0  0    0.25    1.80
A14A   204.9   99.0  0  0   -0.23    1.17
             649  16   8   8 1
A03A     7.8   54.5 -1 -1    0.00    0.00
A06A   299.7   48.1  1 -1    0.00    0.00
A07A   253.9   66.8  1  1    0.00    0.00
A08A   206.4   44.7  1  1    0.00    0.00
A10A   115.8   78.8 -1 -1    0.00    0.00
A11A   228.8   82.0  1  1    0.00    0.00
A12A   196.4   92.6 -1 -1    0.00    0.00
A14A   186.0   96.4  1 -1    0.00    0.00
A03A     7.8   54.5  0  0   -0.26    0.25
A06A   299.7   48.1  0  0   -0.27    0.78
A07A   253.9   66.8  0  0   -0.31    1.05
A08A   206.4   44.7  0  0   -0.13    0.28
A10A   115.8   78.8  0  0   -1.04    1.08
A11A   228.8   82.0  0  0    0.00    0.00
A12A   196.4   92.6  0  0    0.00    0.00
A14A   186.0   96.4  0  0    0.00    0.00
             650  16   9   7 1
ACC1   206.2   64.4  1  1    0.00    0.00
AEC1   154.6   72.6  1 -1    0.00    0.00
A03A     6.1   63.1 -1 -1    0.00    0.00
A06A   307.5   55.4  1 -1    0.00    0.00
A08A   213.7   41.6  1  1    0.00    0.00
A10A   111.9   81.0 -1 -1    0.00    0.00
A11A   232.1   84.0  1  1    0.00    0.00
A13A   165.5   95.9 -1 -1    0.00    0.00
A14A   186.4   97.4  1  1    0.00    0.00
AEC1   154.6   72.6  0  0   -0.05    0.85
A06A   307.5   55.4  0  0   -0.15    0.65
A08A   213.7   41.6  0  0   -0.10    0.45
A10A   111.9   81.0  0  0   -0.48    1.17
A11A   232.1   84.0  0  0   -0.37    1.47
A13A   165.5   95.9  0  0    0.00    0.00
A14A   186.4   97.4  0  0    0.00    0.00
             651  14   9   5 1
ACC1   207.7   64.3  1  1    0.00    0.00
AEC1   153.4   72.9 -1 -1    0.00    0.00
AEC2   154.7   83.6 -1 -1    0.00    0.00
AEC3   161.5   85.2  1 -1    0.00    0.00
A03A     5.8   66.9 -1 -1    0.00    0.00
A06A   310.7   58.7  1 -1    0.00    0.00
A08A   217.5   40.0  1  1    0.00    0.00
A10A   110.1   82.2 -1 -1    0.00    0.00
A11A   233.5   85.1  1  1    0.00    0.00
AEC1   153.4   72.9  0  0   -0.16    0.86
A03A     5.8   66.9  0  0   -0.22    0.69
A06A   310.7   58.7  0  0   -0.54    0.65
A08A   217.5   40.0  0  0   -0.20    0.52
A11A   233.5   85.1  0  0   -0.33    1.56
             652  15   9   6 1
ACC1   207.0   65.6  1  1    0.00    0.00
AEC1   153.9   74.0  1 -1    0.00    0.00
AEC2   155.0   84.4 -1 -1    0.00    0.00
AEC3   161.7   85.9  1 -1    0.00    0.00
A03A     5.9   66.5  1  1    0.00    0.00
A06A   309.4   58.5  1 -1    0.00    0.00
A08A   215.8   41.7  1  1    0.00    0.00
A10A   110.9   82.8 -1 -1    0.00    0.00
A11A   232.9   85.7  1  1    0.00    0.00
ACC1   207.0   65.6  0  0    0.03    0.69
AEC1   153.9   74.0  0  0   -0.51    0.89
A03A     5.9   66.5  0  0   -0.38    0.67
A06A   309.4   58.5  0  0   -0.42    0.65
A08A   215.8   41.7  0  0   -0.26    0.49
A11A   232.9   85.7  0  0   -0.21    1.67
             653  14   8   6 1
ACC1   207.2   66.9  1  1    0.00    0.00
AEC1   155.1   74.6  1  1    0.00    0.00
AEC2   155.8   84.9 -1  1    0.00    0.00
AEC3   162.4   86.4  1  1    0.00    0.00
A03A     5.1   65.9  1  1    0.00    0.00
A06A   307.3   58.7  1 -1    0.00    0.00
A08A   215.8   43.9  1  1    0.00    0.00
A10A   111.9   82.9 -1 -1    0.00    0.00
AEC1   155.1   74.6  0  0   -0.34    0.92
AEC3   162.4   86.4  0  0   -0.19    1.55
A03A     5.1   65.9  0  0   -0.62    0.66
A06A   307.3   58.7  0  0   -0.32    0.67
A08A   215.8   43.9  0  0   -0.35    0.47
A10A   111.9   82.9  0  0   -1.07    1.25
             654  15   9   6 1
AAS1   105.2   62.4  1  1    0.00    0.00
AAS2   135.3   27.1 -1  1    0.00    0.00
ACC1    22.4   72.2 -1 -1    0.00    0.00
AEC2    85.8   89.7 -1  1    0.00    0.00
AEC3    92.6   86.2  1  1    0.00    0.00
A06A     4.4   98.1 -1 -1    0.00    0.00
A08A    20.8   86.7 -1 -1    0.00    0.00
A10A    64.4  100.5 -1  1    0.00    0.00
A14A   167.8   94.1 -1 -1    0.00    0.00
AAS1   105.2   62.4  0  0   -0.16    1.13
AAS2   135.3   27.1  0  0    0.00    0.00
AEC3    92.6   86.2  0  0    0.14    2.87
A06A     4.4   98.1  0  0   -0.30    1.24
A08A    20.8   86.7  0  0    0.00    0.00
A14A   167.8   94.1  0  0   -0.40    1.60
             655  12   8   4 1
ACC1   205.9   63.0 -1 -1    0.00    0.00
AEC1   155.7   70.7 -1 -1    0.00    0.00
AEC3   162.6   82.6 -1 -1    0.00    0.00
A06A   305.1   52.3  1  1    0.00    0.00
A07A   258.7   67.6  1  1    0.00    0.00
A08A   212.9   41.3  1 -1    0.00    0.00
A09A   266.3   86.4  1  1    0.00    0.00
A10A   113.1   78.6 -1  1    0.00    0.00
A06A   305.1   52.3  0  0   -0.17    0.67
A07A   258.7   67.6  0  0    0.33    1.20
A08A   212.9   41.3  0  0   -0.22    0.43
A10A   113.1   78.6  0  0   -0.49    1.10
             656  20  10  10 1
ACC1   206.9   65.0  1  1    0.00    0.00
AEC1   154.5   73.1  1  1    0.00    0.00
AEC3   162.0   85.0  1  1    0.00    0.00
A02A   320.0   83.4  1  1    0.00    0.00
A03A     5.7   64.7  1  1    0.00    0.00
A06A   308.2   57.0  1  1    0.00    0.00
A07A   261.0   70.8  1 -1    0.00    0.00
A08A   215.3   41.8  1  1    0.00    0.00
A10A   111.5   81.7 -1 -1    0.00    0.00
A11A   232.6   84.8  1 -1    0.00    0.00
ACC1   206.9   65.0  0  0   -0.08    0.66
AEC1   154.5   73.1  0  0   -0.40    0.87
AEC3   162.0   85.0  0  0   -0.43    1.43
A02A   320.0   83.4  0  0    0.20    1.39
A03A     5.7   64.7  0  0   -0.62    0.62
A06A   308.2   57.0  0  0   -0.28    0.70
A07A   261.0   70.8  0  0    0.13    1.15
A08A   215.3   41.8  0  0   -0.34    0.39
A10A   111.5   81.7  0  0   -1.10    1.23
A11A   232.6   84.8  0  0   -0.55    1.53
             657  16  10   6 1
ACC1   207.7   70.2  1  1    0.00    0.00
AEC1   154.8   78.1 -1  1    0.00    0.00
AEC2   155.6   88.5  1  1    0.00    0.00
AEC3   162.3   89.8  1  1    0.00    0.00
A06A   308.2   62.8  1  1    0.00    0.00
A07A   261.5   76.4  1 -1    0.00    0.00
A08A   216.8   46.3  1  1    0.00    0.00
A09A   267.8   93.8 -1 -1    0.00    0.00
A10A   111.4   86.9 -1 -1    0.00    0.00
A11A   233.0   89.7 -1 -1    0.00    0.00
AEC1   154.8   78.1  0  0   -0.41    1.05
A06A   308.2   62.8  0  0   -0.33    0.75
A07A   261.5   76.4  0  0    0.13    1.21
A08A   216.8   46.3  0  0   -0.15    0.38
A10A   111.4   86.9  0  0   -0.85    1.56
A11A   233.0   89.7  0  0   -0.26    2.37
             658  16   9   7 1
AAS1   108.8   64.2  1  1    0.00    0.00
AAS2   144.2   30.7 -1 -1    0.00    0.00
ACC1    22.4   72.4  1  1    0.00    0.00
AEC2    87.2   90.6 -1 -1    0.00    0.00
AEC3    94.3   87.4  1  1    0.00    0.00
A09A   317.1   99.8  1  1    0.00    0.00
A10A    65.1  102.6 -1 -1    0.00    0.00
A11A   308.4   73.4 -1  1    0.00    0.00
A14A   168.6   96.1 -1  1    0.00    0.00
AAS1   108.8   64.2  0  0    0.04    1.11
AAS2   144.2   30.7  0  0    0.03    0.72
AEC3    94.3   87.4  0  0   -0.02    1.97
A09A   317.1   99.8  0  0   -0.33    1.13
A10A    65.1  102.6  0  0   -0.32    1.09
A11A   308.4   73.4  0  0    0.51    0.97
A14A   168.6   96.1  0  0   -0.37    1.39
             659  13   8   5 1
ACC1   210.7   62.7  1 -1    0.00    0.00
AEC1   152.1   71.7  1  1    0.00    0.00
AEC2   153.8   83.3  1  1    0.00    0.00
A05A    71.6   49.9  1 -1    0.00    0.00
A06A   314.2   62.5  1  1    0.00    0.00
A07A   267.0   72.3  1  1    0.00    0.00
A08A   225.3   37.1 -1 -1    0.00    0.00
A10A   107.5   82.5 -1  1    0.00    0.00
A05A    71.6   49.9  0  0   -0.21    0.95
A06A   314.2   62.5  0  0   -0.34    0.69
A07A   267.0   72.3  0  0   -0.29    1.49
A08A   225.3   37.1  0  0   -0.41    0.63
A10A   107.5   82.5  0  0   -0.52    1.28
             660  20  11   9 1
ACC1   209.9   61.9  1  1    0.00    0.00
AEC1   152.2   71.0  1  1    0.00    0.00
AEC2   153.9   82.4  1  1    0.00    0.00
AEC3   161.0   84.0  1  1    0.00    0.00
A05A    73.2   48.8  1 -1    0.00    0.00
A06A   313.7   60.6  1  1    0.00    0.00
A07A   266.2   70.9  1 -1    0.00    0.00
A08A   223.3   36.7 -1 -1    0.00    0.00
A09A   270.2   89.9 -1 -1    0.00    0.00
A10A   108.0   81.5 -1 -1    0.00    0.00
A13A   165.1   96.3 -1  1    0.00    0.00
AEC1   152.2   71.0  0  0   -0.49    0.80
AEC3   161.0   84.0  0  0   -0.18    1.35
A05A    73.2   48.8  0  0   -0.27    0.96
A06A   313.7   60.6  0  0   -0.30    0.69
A07A   266.2   70.9  0  0   -0.18    1.33
A08A   223.3   36.7  0  0   -0.50    0.59
A09A   270.2   89.9  0  0   -0.22    2.06
A10A   108.0   81.5  0  0   -0.61    1.24
A13A   165.1   96.3  0  0    0.00    0.00
             661  18  10   8 1
ACC1   209.1   62.4 -1  1    0.00    0.00
AEC1   152.4   71.4  1  1    0.00    0.00
AEC2   154.0   82.7 -1  1    0.00    0.00
AEC3   161.0   84.3  1  1    0.00    0.00
A05A    74.7   48.8  1 -1    0.00    0.00
A06A   313.2   59.9  1  1    0.00    0.00
A07A   265.3   70.8  1 -1    0.00    0.00
A08A   221.3   37.3  1  1    0.00    0.00
A09A   269.8   89.8 -1 -1    0.00    0.00
A10A   108.5   81.7 -1 -1    0.00    0.00
ACC1   209.1   62.4  0  0   -0.09    0.59
AEC1   152.4   71.4  0  0   -0.79    0.82
AEC3   161.0   84.3  0  0   -0.33    1.37
A05A    74.7   48.8  0  0    0.15    1.00
A06A   313.2   59.9  0  0   -0.53    0.68
A07A   265.3   70.8  0  0   -0.17    1.30
A08A   221.3   37.3  0  0   -0.35    0.55
A09A   269.8   89.8  0  0    0.00    0.00
             662  17  10   7 1
ACC1   209.7   62.7 -1 -1    0.00    0.00
AEC1   152.4   71.7  1  1    0.00    0.00
AEC2   154.0   83.0  1  1    0.00    0.00
AEC3   161.1   84.6  1  1    0.00    0.00
A03A     5.2   69.0  1  1    0.00    0.00
A05A    73.9   49.1  1 -1    0.00    0.00
A06A   313.3   60.8  1  1    0.00    0.00
A07A   265.8   71.5  1 -1    0.00    0.00
A08A   222.6   37.5  1 -1    0.00    0.00
A10A   108.3   82.0 -1 -1    0.00    0.00
AEC1   152.4   71.7  0  0   -0.66    0.83
A03A     5.2   69.0  0  0   -0.66    0.75
A05A    73.9   49.1  0  0    0.12    0.90
A06A   313.3   60.8  0  0   -0.47    0.71
A07A   265.8   71.5  0  0   -0.26    1.19
A08A   222.6   37.5  0  0   -0.44    0.52
A10A   108.3   82.0  0  0   -0.95    1.31
             663  18  11   7 1
ACC1   209.1   63.0 -1 -1    0.00    0.00
AEC1   152.8   71.8  1  1    0.00    0.00
AEC2   154.2   83.0  1  1    0.00    0.00
AEC3   161.2   84.6  1  1    0.00    0.00
A03A     5.3   68.2 -1 -1    0.00    0.00
A05A    75.3   48.6  1 -1    0.00    0.00
A06A   312.5   60.1  1  1    0.00    0.00
A07A   265.0   71.2  1  1    0.00    0.00
A08A   221.2   38.1  1  1    0.00    0.00
A10A   108.8   81.9 -1  1    0.00    0.00
A11A   234.6   84.8  1 -1    0.00    0.00
AEC3   161.2   84.6  0  0   -0.30    1.39
A03A     5.3   68.2  0  0   -0.66    0.73
A05A    75.3   48.6  0  0    0.06    1.05
A06A   312.5   60.1  0  0   -0.46    0.68
A07A   265.0   71.2  0  0   -0.23    1.35
A08A   221.2   38.1  0  0   -0.34    0.55
A11A   234.6   84.8  0  0   -0.42    1.56
             664  16   9   7 1
AAS1   101.4   67.3  1  1    0.00    0.00
AAS2   127.0   26.7  1  1    0.00    0.00
ACC1    20.9   79.3 -1 -1    0.00    0.00
AEC2    83.9   93.4  1  1    0.00    0.00
A08A    19.9   92.0 -1 -1    0.00    0.00
A09A   318.8  103.3  1  1    0.00    0.00
A10A    63.4  105.9  1  1    0.00    0.00
A11A   313.1   78.9  1 -1    0.00    0.00
A14A   167.7   97.6 -1 -1    0.00    0.00
AAS1   101.4   67.3  0  0   -0.38    1.27
AAS2   127.0   26.7  0  0    0.10    0.96
A08A    19.9   92.0  0  0    0.00    0.00
A09A   318.8  103.3  0  0   -0.24    0.99
A10A    63.4  105.9  0  0   -0.44    1.00
A11A   313.1   78.9  0  0    0.81    1.14
A14A   167.7   97.6  0  0   -0.34    1.29
             665  16   9   7 1
ACC1   215.7   55.9  1  1    0.00    0.00
AEC1   146.7   67.6  1 -1    0.00    0.00
AEC2   150.4   81.0  1 -1    0.00    0.00
AEC3   158.3   82.5 -1 -1    0.00    0.00
A05A    59.7   54.7  1  1    0.00    0.00
A07A   275.1   71.7  1  1    0.00    0.00
A08A   243.8   28.2  1  1    0.00    0.00
A10A   101.7   82.1 -1  1    0.00    0.00
A11A   239.9   83.7  1  1    0.00    0.00
AEC1   146.7   67.6  0  0   -0.43    0.71
AEC3   158.3   82.5  0  0   -0.36    1.25
A05A    59.7   54.7  0  0    0.38    0.76
A07A   275.1   71.7  0  0   -0.07    1.41
A08A   243.8   28.2  0  0   -0.24    1.08
A10A   101.7   82.1  0  0   -1.03    1.28
A11A   239.9   83.7  0  0   -0.54    1.44
             666  14   8   6 1
AAS1   104.3   63.4  1  1    0.00    0.00
AAS2   132.1   27.8 -1  1    0.00    0.00
ACC1    22.8   73.2 -1 -1    0.00    0.00
AEC2    85.5   90.3 -1  1    0.00    0.00
AEC3    92.2   87.0 -1  1    0.00    0.00
A09A   318.5   98.4  1  1    0.00    0.00
A11A   311.9   72.4  1  1    0.00    0.00
A14A   167.4   94.5 -1  1    0.00    0.00
AAS1   104.3   63.4  0  0   -0.06    1.29
AAS2   132.1   27.8  0  0    0.00    0.00
AEC3    92.2   87.0  0  0   -0.14    1.71
A09A   318.5   98.4  0  0   -0.38    1.18
A11A   311.9   72.4  0  0    0.40    0.94
A14A   167.4   94.5  0  0   -0.44    1.55
             667  14   8   6 1
AAS1   103.2   63.5  1  1    0.00    0.00
AAS2   130.1   26.6 -1 -1    0.00    0.00
ACC1    22.1   74.2  1 -1    0.00    0.00
AEC1    65.2   89.3  1  1    0.00    0.00
AEC2    84.9   90.5  1  1    0.00    0.00
A09A   318.6   99.2  1  1    0.00    0.00
A11A   312.5   73.5  1  1    0.00    0.00
A14A   167.5   94.7 -1  1    0.00    0.00
AAS1   103.2   63.5  0  0   -0.05    1.32
AAS2   130.1   26.6  0  0    0.00    0.00
AEC1    65.2   89.3  0  0   -0.02    1.99
A09A   318.6   99.2  0  0   -0.09    1.16
A11A   312.5   73.5  0  0    0.45    0.95
A14A   167.5   94.7  0  0    0.00    1.51
             668  20  11   9 1
ACC1   210.1   63.0 -1 -1    0.00    0.00
AEC1   151.6   72.4  1  1    0.00    0.00
AEC2   153.5   83.8  1  1    0.00    0.00
AEC3   160.6   85.4  1  1    0.00    0.00
A05A    71.9   51.0  1 -1    0.00    0.00
A06A   314.8   62.6  1  1    0.00    0.00
A07A   266.9   72.5  1  1    0.00    0.00
A08A   224.3   36.9 -1 -1    0.00    0.00
A09A   270.6   91.4  1  1    0.00    0.00
A10A   107.4   83.1 -1  1    0.00    0.00
A14A   186.6   98.5  1  1    0.00    0.00
AEC1   151.6   72.4  0  0   -0.58    0.86
AEC2   153.5   83.8  0  0   -0.32    1.34
AEC3   160.6   85.4  0  0   -0.41    1.47
A05A    71.9   51.0  0  0   -0.26    0.88
A06A   314.8   62.6  0  0   -0.40    0.71
A07A   266.9   72.5  0  0    0.12    1.28
A08A   224.3   36.9  0  0   -0.61    0.57
A10A   107.4   83.1  0  0   -0.71    1.35
A14A   186.6   98.5  0  0    0.00    0.00
             669  18  10   8 1
ACC1   207.1   64.3 -1 -1    0.00    0.00
AEC1   153.0   73.3  1  1    0.00    0.00
A03A     6.4   67.2  1  1    0.00    0.00
A05A    79.3   49.3 -1 -1    0.00    0.00
A06A   311.2   58.6  1  1    0.00    0.00
A07A   262.9   71.1  1 -1    0.00    0.00
A08A   216.4   39.7  1 -1    0.00    0.00
A10A   110.0   82.6 -1 -1    0.00    0.00
A11A   233.3   85.1 -1 -1    0.00    0.00
A13A   165.1   97.0  1  1    0.00    0.00
AEC1   153.0   73.3  0  0   -0.48    0.87
A03A     6.4   67.2  0  0    0.00    0.00
A05A    79.3   49.3  0  0    0.15    1.21
A06A   311.2   58.6  0  0   -0.34    0.66
A07A   262.9   71.1  0  0    0.20    1.31
A08A   216.4   39.7  0  0   -0.47    0.49
A11A   233.3   85.1  0  0   -0.04    1.59
A13A   165.1   97.0  0  0    0.00    0.00
             670  15   8   7 1
AAS1   107.2   59.6  1  1    0.00    0.00
AAS2   143.0   25.5 -1  1    0.00    0.00
ACC1    21.1   69.8 -1 -1    0.00    0.00
AEC2    86.3   88.1 -1  1    0.00    0.00
A05A    37.4   96.6  1 -1    0.00    0.00
A06A     3.7   96.2 -1 -1    0.00    0.00
A09A   317.3   96.1  1 -1    0.00    0.00
A14A   168.8   93.1 -1 -1    0.00    0.00
AAS1   107.2   59.6  0  0   -0.14    1.06
AAS2   143.0   25.5  0  0    0.00    0.00
AEC2    86.3   88.1  0  0   -0.29    1.70
A05A    37.4   96.6  0  0    0.00    0.00
A06A     3.7   96.2  0  0   -0.12    1.36
A09A   317.3   96.1  0  0   -0.60    1.30
A14A   168.8   93.1  0  0   -0.45    1.73
             671  16   8   8 1
AAS1   308.5   52.4  1 -1    0.00    0.00
AAS2   289.8   76.3 -1 -1    0.00    0.00
AEC2    37.7   68.7  1  1    0.00    0.00
AEC3    35.6   54.9  1  1    0.00    0.00
AID1   102.0   38.4  1  1    0.00    0.00
A10A    38.3   99.1 -1  1    0.00    0.00
A12A   243.6   86.1  1  1    0.00    0.00
A14A   207.0   90.7  1  1    0.00    0.00
AAS1   308.5   52.4  0  0   -0.32    0.75
AAS2   289.8   76.3  0  0    0.00    0.00
AEC2    37.7   68.7  0  0   -0.50    0.75
AEC3    35.6   54.9  0  0   -0.61    0.38
AID1   102.0   38.4  0  0   -0.49    1.72
A10A    38.3   99.1  0  0   -0.61    1.22
A12A   243.6   86.1  0  0   -0.44    1.68
A14A   207.0   90.7  0  0   -0.32    2.14
             672  15   8   7 1
AEC1   150.7   73.6 -1  1    0.00    0.00
AEC2   152.8   85.2  1  1    0.00    0.00
AEC3   160.0   86.6  1  1    0.00    0.00
A03A     6.2   72.5  1  1    0.00    0.00
A05A    71.7   53.1  1 -1    0.00    0.00
A07A   267.3   73.2  1 -1    0.00    0.00
A08A   223.3   36.4  1  1    0.00    0.00
A10A   107.0   84.7 -1 -1    0.00    0.00
AEC1   150.7   73.6  0  0   -0.59    0.88
AEC3   160.0   86.6  0  0   -0.56    1.58
A03A     6.2   72.5  0  0   -0.53    0.86
A05A    71.7   53.1  0  0    0.41    1.05
A07A   267.3   73.2  0  0    0.18    2.62
A08A   223.3   36.4  0  0   -0.44    0.67
A10A   107.0   84.7  0  0   -1.17    1.36
             673  20  10  10 1
AAS1   109.9   59.7  1  1    0.00    0.00
AAS2   145.2   28.8  1 -1    0.00    0.00
ACC1    23.1   67.0  1  1    0.00    0.00
AEC2    87.9   87.1 -1 -1    0.00    0.00
A05A    38.4   95.0  1  1    0.00    0.00
A06A     4.2   94.5 -1  1    0.00    0.00
A07A   345.9   87.3  1  1    0.00    0.00
A09A   316.9   94.4  1  1    0.00    0.00
A13A   133.0   94.7  1  1    0.00    0.00
A14A   168.5   92.2 -1  1    0.00    0.00
AAS1   109.9   59.7  0  0   -0.05    1.10
AAS2   145.2   28.8  0  0   -0.08    0.75
ACC1    23.1   67.0  0  0   -0.03    0.69
AEC2    87.9   87.1  0  0   -0.30    1.61
A05A    38.4   95.0  0  0    0.00    0.00
A06A     4.2   94.5  0  0    0.02    1.50
A07A   345.9   87.3  0  0    0.11    1.79
A09A   316.9   94.4  0  0   -0.32    1.44
A13A   133.0   94.7  0  0    0.55    1.58
A14A   168.5   92.2  0  0   -0.13    1.89
             674  19  10   9 1
ACC1   232.8   45.5 -1  1    0.00    0.00
AEC1   147.1   50.2 -1 -1    0.00    0.00
AEC2   151.2   67.8 -1 -1    0.00    0.00
AEC3   160.4   70.1 -1 -1    0.00    0.00
A03A   359.6   70.8  1 -1    0.00    0.00
A05A    42.4   47.0  1  1    0.00    0.00
A07A   282.5   67.2  1  1    0.00    0.00
A08A   275.6   29.2  1  1    0.00    0.00
A10A    95.8   70.9 -1 -1    0.00    0.00
A11A   247.1   76.3  1  1    0.00    0.00
AEC1   147.1   50.2  0  0   -0.39    0.35
AEC2   151.2   67.8  0  0   -0.46    0.73
AEC3   160.4   70.1  0  0   -0.38    0.79
A03A   359.6   70.8  0  0   -0.51    0.81
A05A    42.4   47.0  0  0    0.02    0.51
A07A   282.5   67.2  0  0   -0.09    1.11
A08A   275.6   29.2  0  0   -0.31    1.67
A10A    95.8   70.9  0  0   -0.80    1.38
A11A   247.1   76.3  0  0   -0.83    1.08
             675  14   8   6 1
ACC1   233.3   44.1 -1  1    0.00    0.00
AEC1   147.8   48.0  1  1    0.00    0.00
AEC2   151.6   65.7  1  1    0.00    0.00
A05A    41.8   44.8  1 -1    0.00    0.00
A07A   282.4   65.6  1  1    0.00    0.00
A08A   275.4   28.5  1  1    0.00    0.00
A10A    95.8   68.7 -1 -1    0.00    0.00
A11A   247.3   74.7  1  1    0.00    0.00
AEC1   147.8   48.0  0  0   -0.16    0.34
A05A    41.8   44.8  0  0    0.22    0.49
A07A   282.4   65.6  0  0   -0.08    1.16
A08A   275.4   28.5  0  0   -0.19    1.80
A10A    95.8   68.7  0  0   -0.54    1.49
A11A   247.3   74.7  0  0   -0.19    1.06
             676  16   9   7 1
ACC1   231.5   47.8  1  1    0.00    0.00
AEC1   148.4   52.4  1 -1    0.00    0.00
AEC2   151.9   69.7 -1 -1    0.00    0.00
AEC3   160.9   72.0  1 -1    0.00    0.00
A05A    43.4   47.5  1 -1    0.00    0.00
A07A   281.4   68.7  1  1    0.00    0.00
A08A   272.1   30.5  1  1    0.00    0.00
A10A    96.8   72.3 -1 -1    0.00    0.00
A11A   246.5   77.9  1  1    0.00    0.00
AEC1   148.4   52.4  0  0   -0.46    0.36
AEC3   160.9   72.0  0  0   -0.39    0.84
A05A    43.4   47.5  0  0    0.02    0.53
A07A   281.4   68.7  0  0   -0.30    1.13
A08A   272.1   30.5  0  0   -0.42    1.94
A10A    96.8   72.3  0  0   -0.61    1.31
A11A   246.5   77.9  0  0   -0.40    1.13
             677  18  10   8 1
ACC1   235.0   53.3  1  1    0.00    0.00
AEC1   146.8   57.3  1  1    0.00    0.00
AEC2   151.1   75.4  1  1    0.00    0.00
AEC3   160.5   77.7  1  1    0.00    0.00
A02A   325.7   90.5  1  1    0.00    0.00
A05A    40.5   55.8  1 -1    0.00    0.00
A07A   283.4   76.0  1 -1    0.00    0.00
A08A   278.7   36.4  1  1    0.00    0.00
A10A    94.9   78.8 -1 -1    0.00    0.00
A11A   248.0   84.0  1 -1    0.00    0.00
ACC1   235.0   53.3  0  0   -0.47    0.72
AEC1   146.8   57.3  0  0   -0.47    0.46
A02A   325.7   90.5  0  0    0.00    0.00
A05A    40.5   55.8  0  0    0.04    0.54
A07A   283.4   76.0  0  0    0.00    0.00
A08A   278.7   36.4  0  0   -0.51    1.34
A10A    94.9   78.8  0  0   -0.53    1.37
A11A   248.0   84.0  0  0    0.00    0.00
             678  14   8   6 1
ACC1   232.4   53.3  1  1    0.00    0.00
AEC1   150.4   56.3 -1  1    0.00    0.00
AEC2   153.2   73.7  1  1    0.00    0.00
AEC3   162.1   76.1  1  1    0.00    0.00
A05A    42.2   50.2  1 -1    0.00    0.00
A07A   280.8   73.6  1  1    0.00    0.00
A08A   270.9   35.6  1  1    0.00    0.00
A10A    97.2   75.8 -1 -1    0.00    0.00
ACC1   232.4   53.3  0  0   -0.24    0.59
AEC1   150.4   56.3  0  0   -0.59    0.47
A05A    42.2   50.2  0  0    0.22    0.44
A07A   280.8   73.6  0  0   -0.55    1.38
A08A   270.9   35.6  0  0    0.00    0.00
A10A    97.2   75.8  0  0   -0.43    1.69
             679  16   9   7 1
AEC1   148.6   69.6 -1 -1    0.00    0.00
AEC2   151.6   82.3 -1 -1    0.00    0.00
AEC3   159.2   83.9 -1 -1    0.00    0.00
A03A     5.2   74.1  1 -1    0.00    0.00
A05A    63.6   53.5  1  1    0.00    0.00
A07A   272.2   72.3  1  1    0.00    0.00
A08A   235.8   31.3  1  1    0.00    0.00
A10A   103.8   82.7 -1  1    0.00    0.00
A11A   238.4   84.7  1  1    0.00    0.00
AEC1   148.6   69.6  0  0   -0.46    0.77
AEC3   159.2   83.9  0  0   -0.42    1.33
A03A     5.2   74.1  0  0   -0.54    0.91
A05A    63.6   53.5  0  0    0.23    0.83
A07A   272.2   72.3  0  0    0.04    1.68
A08A   235.8   31.3  0  0   -0.11    0.90
A11A   238.4   84.7  0  0   -0.23    1.54
             680  20  10  10 1
AEC1   148.4   70.0 -1 -1    0.00    0.00
AEC2   151.4   82.9  1 -1    0.00    0.00
AEC3   159.1   84.4 -1 -1    0.00    0.00
A02A   324.7   88.2  1 -1    0.00    0.00
A03A     5.1   75.0  1 -1    0.00    0.00
A05A    63.0   54.3  1  1    0.00    0.00
A07A   272.6   72.9  1  1    0.00    0.00
A08A   236.9   31.4  1  1    0.00    0.00
A10A   103.5   83.4 -1  1    0.00    0.00
A14A   186.7   98.4 -1 -1    0.00    0.00
AEC1   148.4   70.0  0  0   -0.35    0.78
AEC2   151.4   82.9  0  0   -0.57    1.27
AEC3   159.1   84.4  0  0   -0.38    1.38
A02A   324.7   88.2  0  0    0.17    2.13
A03A     5.1   75.0  0  0   -0.43    0.94
A05A    63.0   54.3  0  0    0.35    0.81
A07A   272.6   72.9  0  0   -0.08    1.65
A08A   236.9   31.4  0  0   -0.08    0.91
A10A   103.5   83.4  0  0   -1.15    1.32
A14A   186.7   98.4  0  0    0.00    0.00
             681  15   9   6 1
ACC1   213.9   61.7  1  1    0.00    0.00
AEC1   147.4   73.4 -1 -1    0.00    0.00
AEC2   150.8   86.9  1 -1    0.00    0.00
A03A     5.6   79.2  1 -1    0.00    0.00
A05A    62.2   58.7  1  1    0.00    0.00
A07A   273.4   76.3  1  1    0.00    0.00
A08A   238.2   32.2  1  1    0.00    0.00
A10A   102.8   87.7 -1  1    0.00    0.00
A11A   238.9   89.0  1  1    0.00    0.00
AEC1   147.4   73.4  0  0   -0.25    0.87
A03A     5.6   79.2  0  0   -0.24    1.10
A05A    62.2   58.7  0  0    0.30    0.80
A07A   273.4   76.3  0  0   -0.09    1.53
A08A   238.2   32.2  0  0   -0.13    0.93
A11A   238.9   89.0  0  0   -0.54    2.92
             682  15   8   7 1
ACC1   213.0   61.7  1  1    0.00    0.00
AEC1   149.6   72.0 -1 -1    0.00    0.00
AEC3   159.7   86.2 -1 -1    0.00    0.00
A03A     5.0   75.3  1 -1    0.00    0.00
A05A    65.3   54.3  1  1    0.00    0.00
A07A   271.0   74.3  1  1    0.00    0.00
A10A   104.6   84.8 -1  1    0.00    0.00
A11A   237.8   86.9  1  1    0.00    0.00
AEC1   149.6   72.0  0  0   -0.39    0.83
AEC3   159.7   86.2  0  0   -0.06    1.52
A03A     5.0   75.3  0  0   -0.57    0.95
A05A    65.3   54.3  0  0    0.35    0.86
A07A   271.0   74.3  0  0   -0.04    1.85
A10A   104.6   84.8  0  0   -0.76    1.37
A11A   237.8   86.9  0  0   -0.21    1.90
             683  18   9   9 1
ACC1   230.5   50.1 -1  1    0.00    0.00
AEC1   148.0   55.5  1 -1    0.00    0.00
AEC3   160.6   74.7  1 -1    0.00    0.00
A03A   359.8   74.0 -1 -1    0.00    0.00
A05A    44.5   50.0  1  1    0.00    0.00
A07A   281.1   70.9  1  1    0.00    0.00
A08A   271.0   31.6  1  1    0.00    0.00
A10A    97.0   75.0 -1  1    0.00    0.00
A11A   246.1   80.1  1  1    0.00    0.00
ACC1   230.5   50.1  0  0   -0.32    0.64
AEC1   148.0   55.5  0  0   -0.43    0.41
AEC3   160.6   74.7  0  0   -0.39    0.92
A03A   359.8   74.0  0  0   -0.33    0.91
A05A    44.5   50.0  0  0    0.05    0.54
A07A   281.1   70.9  0  0    0.05    1.15
A08A   271.0   31.6  0  0   -0.25    2.09
A10A    97.0   75.0  0  0   -0.87    1.30
A11A   246.1   80.1  0  0   -0.40    1.23
             684  18  10   8 1
ACC1   195.1   75.6  1  1    0.00    0.00
AEC1   156.7   82.4 -1  1    0.00    0.00
AEC2   156.9   89.9  1  1    0.00    0.00
A03A    18.7   50.2 -1 -1    0.00    0.00
A05A   112.8   56.9  1 -1    0.00    0.00
A06A   282.9   43.7  1  1    0.00    0.00
A07A   242.1   72.5  1  1    0.00    0.00
A08A   193.5   59.3  1  1    0.00    0.00
A10A   120.7   86.6 -1 -1    0.00    0.00
A11A   222.3   88.1  1  1    0.00    0.00
AEC1   156.7   82.4  0  0   -0.04    1.27
A03A    18.7   50.2  0  0   -0.70    0.10
A05A   112.8   56.9  0  0    0.31    0.97
A06A   282.9   43.7  0  0   -0.92    1.38
A07A   242.1   72.5  0  0    0.59    0.93
A08A   193.5   59.3  0  0    0.12    0.45
A10A   120.7   86.6  0  0    0.00    0.00
A11A   222.3   88.1  0  0    0.00    0.00
             685  14   8   6 1
ACC1   196.8   77.3  1  1    0.00    0.00
AEC2   157.6   91.4  1  1    0.00    0.00
A03A    15.4   52.2 -1 -1    0.00    0.00
A05A   112.7   56.8  1 -1    0.00    0.00
A06A   283.8   47.7  1  1    0.00    0.00
A07A   243.5   75.1  1  1    0.00    0.00
A08A   196.1   60.8  1  1    0.00    0.00
A10A   120.8   87.9 -1 -1    0.00    0.00
A03A    15.4   52.2  0  0    0.09    0.16
A05A   112.7   56.8  0  0    0.44    0.97
A06A   283.8   47.7  0  0    0.12    1.31
A07A   243.5   75.1  0  0    0.61    1.00
A08A   196.1   60.8  0  0    0.36    0.51
A10A   120.8   87.9  0  0    0.00    0.00
             686  14   8   6 1
A03A    15.7   65.0 -1  1    0.00    0.00
A05A   108.7   66.7  1 -1    0.00    0.00
A06A   289.0   57.1  1 -1    0.00    0.00
A07A   245.2   83.2  1  1    0.00    0.00
A08A   195.9   68.3  1  1    0.00    0.00
A09A   259.4  101.3 -1 -1    0.00    0.00
A10A   119.3   96.5 -1 -1    0.00    0.00
A11A   224.0   98.2  1  1    0.00    0.00
A03A    15.7   65.0  0  0   -0.64    0.63
A05A   108.7   66.7  0  0    0.52    1.07
A06A   289.0   57.1  0  0   -1.03    1.07
A07A   245.2   83.2  0  0    0.55    1.39
A08A   195.9   68.3  0  0    0.08    0.74
A11A   224.0   98.2  0  0   -0.12    1.20
             687  20  10  10 1
AAS2   192.8   88.2  1  1    0.00    0.00
AEC1   157.2   79.0  1  1    0.00    0.00
AEC3   162.7   87.2  1  1    0.00    0.00
A03A    18.9   44.9 -1 -1    0.00    0.00
A05A   114.7   52.9  1  1    0.00    0.00
A06A   280.2   40.1  1 -1    0.00    0.00
A07A   241.2   68.8  1 -1    0.00    0.00
A08A   193.5   56.2  1  1    0.00    0.00
A10A   121.4   83.1 -1  1    0.00    0.00
A14A   184.4   97.9  1  1    0.00    0.00
AAS2   192.8   88.2  0  0   -0.17    1.95
AEC1   157.2   79.0  0  0   -0.07    1.08
AEC3   162.7   87.2  0  0   -0.10    1.66
A03A    18.9   44.9  0  0   -0.52   -0.12
A05A   114.7   52.9  0  0    0.56    0.98
A06A   280.2   40.1  0  0   -0.85    1.73
A07A   241.2   68.8  0  0    0.51    0.85
A08A   193.5   56.2  0  0    0.07    0.34
A10A   121.4   83.1  0  0   -0.77    1.28
A14A   184.4   97.9  0  0    0.00    0.00
             688  18   9   9 1
AAS2   193.4   90.1  1 -1    0.00    0.00
AEC1   157.8   81.0 -1 -1    0.00    0.00
A01A   352.4   85.0 -1 -1    0.00    0.00
A03A    16.5   47.9 -1 -1    0.00    0.00
A05A   114.3   54.3  1 -1    0.00    0.00
A06A   281.5   44.0  1  1    0.00    0.00
A07A   242.3   71.8  1  1    0.00    0.00
A08A   195.3   58.5  1 -1    0.00    0.00
A10A   121.4   85.1 -1  1    0.00    0.00
AAS2   193.4   90.1  0  0   -0.17    2.58
AEC1   157.8   81.0  0  0    0.06    1.17
A01A   352.4   85.0  0  0    0.01    1.48
A03A    16.5   47.9  0  0   -0.58    0.03
A05A   114.3   54.3  0  0    0.65    0.84
A06A   281.5   44.0  0  0   -0.95    1.24
A07A   242.3   71.8  0  0    0.61    0.96
A08A   195.3   58.5  0  0    0.16    0.45
A10A   121.4   85.1  0  0    0.00    0.00
             689  16  10   6 1
ACC1   196.1   83.8 -1  1    0.00    0.00
AEC1   156.1   91.1  1 -1    0.00    0.00
A03A    16.8   63.0 -1  1    0.00    0.00
A05A   109.0   65.6  1  1    0.00    0.00
A06A   288.6   54.4 -1 -1    0.00    0.00
A07A   244.7   81.6  1  1    0.00    0.00
A08A   194.9   66.8  1  1    0.00    0.00
A09A   259.1   99.1  1  1    0.00    0.00
A10A   119.3   95.3 -1 -1    0.00    0.00
A11A   223.6   96.6  1  1    0.00    0.00
A03A    16.8   63.0  0  0   -0.65    0.57
A05A   109.0   65.6  0  0    0.40    1.15
A06A   288.6   54.4  0  0   -0.72    1.20
A07A   244.7   81.6  0  0    0.46    1.28
A08A   194.9   66.8  0  0    0.15    0.69
A11A   223.6   96.6  0  0   -0.59    1.30
             690  15   8   7 1
ACC1   163.7   95.0 -1 -1    0.00    0.00
A01A    39.3   78.3  1  1    0.00    0.00
A02A   297.7    5.2 -1  1    0.00    0.00
A03A   106.5   79.3 -1 -1    0.00    0.00
A05A   126.6   93.5  1 -1    0.00    0.00
A06A   150.8   70.4 -1 -1    0.00    0.00
A08A   155.6   91.4  1 -1    0.00    0.00
A09A   219.2   90.7 -1  1    0.00    0.00
A01A    39.3   78.3  0  0    0.08    1.04
A02A   297.7    5.2  0  0   -0.04    1.79
A03A   106.5   79.3  0  0   -0.71    1.17
A05A   126.6   93.5  0  0   -0.48    1.83
A06A   150.8   70.4  0  0   -0.48    0.78
A08A   155.6   91.4  0  0   -0.45    2.34
A09A   219.2   90.7  0  0   -0.18    1.96
             691  16   8   8 1
AEC1   155.8   80.8  1 -1    0.00    0.00
A03A    21.1   48.8 -1 -1    0.00    0.00
A05A   112.1   56.1  1  1    0.00    0.00
A06A   283.7   40.2  1  1    0.00    0.00
A07A   241.4   69.8  1  1    0.00    0.00
A08A   191.6   57.0  1 -1    0.00    0.00
A09A   257.5   88.0  1  1    0.00    0.00
A10A   120.3   85.2 -1 -1    0.00    0.00
AEC1   155.8   80.8  0  0   -0.31    1.15
A03A    21.1   48.8  0  0   -0.52    0.15
A05A   112.1   56.1  0  0    0.32    0.88
A06A   283.7   40.2  0  0   -0.75    1.19
A07A   241.4   69.8  0  0    0.22    0.92
A08A   191.6   57.0  0  0    0.12    0.39
A09A   257.5   88.0  0  0   -0.35    2.41
A10A   120.3   85.2  0  0    0.00    0.00
             692  20  10  10 1
AAS1   103.5   60.2  1 -1    0.00    0.00
AAS2   133.0   23.8 -1  1    0.00    0.00
ACC1    21.2   71.8 -1 -1    0.00    0.00
AEC2    84.8   88.8 -1 -1    0.00    0.00
AEC3    91.6   85.0 -1 -1    0.00    0.00
A06A     4.1   97.0 -1 -1    0.00    0.00
A07A   346.6   90.4  1 -1    0.00    0.00
A09A   318.3   96.6  1 -1    0.00    0.00
A11A   311.7   71.8 -1 -1    0.00    0.00
A14A   168.0   93.0 -1 -1    0.00    0.00
AAS1   103.5   60.2  0  0   -0.08    1.08
AAS2   133.0   23.8  0  0    0.09    0.91
ACC1    21.2   71.8  0  0   -0.41    0.83
AEC2    84.8   88.8  0  0   -0.36    1.88
AEC3    91.6   85.0  0  0   -0.16    1.87
A06A     4.1   97.0  0  0    0.00    0.00
A07A   346.6   90.4  0  0    0.35    2.39
A09A   318.3   96.6  0  0   -0.82    1.30
A11A   311.7   71.8  0  0    0.66    0.90
A14A   168.0   93.0  0  0   -0.31    1.71
             693  16   8   8 1
AAS1   102.6   66.3  1  1    0.00    0.00
AAS2   129.5   27.5 -1  1    0.00    0.00
AEC2    84.6   92.3 -1  1    0.00    0.00
AEC3    91.2   89.5  1  1    0.00    0.00
A06A     4.3  103.2 -1 -1    0.00    0.00
A09A   318.7  102.6  1  1    0.00    0.00
A11A   312.6   76.8  1  1    0.00    0.00
A14A   167.6   96.8 -1 -1    0.00    0.00
AAS1   102.6   66.3  0  0   -0.29    1.59
AAS2   129.5   27.5  0  0   -0.01    0.99
AEC2    84.6   92.3  0  0   -0.17    2.04
AEC3    91.2   89.5  0  0   -0.21    1.99
A06A     4.3  103.2  0  0    0.00    0.00
A09A   318.7  102.6  0  0   -0.70    1.02
A11A   312.6   76.8  0  0    0.85    1.07
A14A   167.6   96.8  0  0    0.00    1.34
             694  19  10   9 1
AAS1   103.5   61.4  1 -1    0.00    0.00
AAS2   133.0   24.5 -1  1    0.00    0.00
ACC1    21.2   72.9 -1 -1    0.00    0.00
AEC2    84.8   89.5 -1 -1    0.00    0.00
AEC3    91.6   85.9 -1 -1    0.00    0.00
A06A     4.1   98.4 -1 -1    0.00    0.00
A09A   318.3   98.0  1 -1    0.00    0.00
A10A    63.8  100.5 -1 -1    0.00    0.00
A11A   311.7   72.9 -1 -1    0.00    0.00
A14A   168.0   93.9 -1 -1    0.00    0.00
AAS1   103.5   61.4  0  0   -0.15    1.07
AAS2   133.0   24.5  0  0    0.12    0.89
AEC2    84.8   89.5  0  0   -0.32    2.07
AEC3    91.6   85.9  0  0    0.16    1.85
A06A     4.1   98.4  0  0    0.03    1.23
A09A   318.3   98.0  0  0   -0.68    1.22
A10A    63.8  100.5  0  0    0.00    0.00
A11A   311.7   72.9  0  0    0.75    0.92
A14A   168.0   93.9  0  0   -0.40    1.60
             695  19  10   9 1
AAS1   110.9   67.7  1 -1    0.00    0.00
AAS2   143.5   36.8  1 -1    0.00    0.00
ACC1    25.5   72.5  1  1    0.00    0.00
AEC2    88.8   91.8 -1  1    0.00    0.00
AEC3    95.8   89.3  1  1    0.00    0.00
A02A   353.8  105.6 -1 -1    0.00    0.00
A05A    39.3  101.9  1  1    0.00    0.00
A09A   317.0  100.3 -1 -1    0.00    0.00
A11A   307.7   72.4 -1 -1    0.00    0.00
A14A   167.8   97.7 -1 -1    0.00    0.00
AAS1   110.9   67.7  0  0   -0.32    0.97
AAS2   143.5   36.8  0  0    0.00    0.00
ACC1    25.5   72.5  0  0   -0.28    0.85
AEC3    95.8   89.3  0  0   -0.08    1.92
A02A   353.8  105.6  0  0    0.00    0.00
A05A    39.3  101.9  0  0    0.09    1.10
A09A   317.0  100.3  0  0   -0.48    1.10
A11A   307.7   72.4  0  0    0.84    0.94
A14A   167.8   97.7  0  0   -0.51    1.29
             696  19  10   9 1
AAS1   105.7   66.6  1  1    0.00    0.00
AAS2   135.7   30.7 -1 -1    0.00    0.00
ACC1    22.9   75.5 -1 -1    0.00    0.00
AEC3    92.9   89.3  1  1    0.00    0.00
A05A    37.9  103.3  1 -1    0.00    0.00
A06A     4.6  102.5 -1 -1    0.00    0.00
A07A   347.0   92.4  1 -1    0.00    0.00
A09A   318.1  101.9  1  1    0.00    0.00
A11A   310.9   75.2  1  1    0.00    0.00
A14A   167.7   97.1 -1 -1    0.00    0.00
AAS1   105.7   66.6  0  0   -0.38    1.20
AAS2   135.7   30.7  0  0    0.00    0.00
AEC3    92.9   89.3  0  0   -0.37    1.96
A05A    37.9  103.3  0  0    0.00    0.00
A06A     4.6  102.5  0  0    0.00    0.00
A07A   347.0   92.4  0  0    0.49    1.72
A09A   318.1  101.9  0  0   -0.29    1.04
A11A   310.9   75.2  0  0    0.51    1.02
A14A   167.7   97.1  0  0   -0.37    1.33
             697  19  10   9 1
AAS1   329.2   68.7  1  1    0.00    0.00
ACC1   337.0   96.5 -1 -1    0.00    0.00
AEC1    11.2   90.9 -1 -1    0.00    0.00
AEC3    23.0   72.6 -1 -1    0.00    0.00
AID1    53.1   47.7 -1 -1    0.00    0.00
A05A     7.4  105.2 -1 -1    0.00    0.00
A08A   345.3  102.3 -1 -1    0.00    0.00
A11A   309.1  103.0  1  1    0.00    0.00
A12A   257.7   84.2  1  1    0.00    0.00
A14A   213.5   84.9 -1 -1    0.00    0.00
AAS1   329.2   68.7  0  0   -0.02    0.80
AEC1    11.2   90.9  0  0   -0.00    2.27
AEC3    23.0   72.6  0  0   -0.11    0.85
AID1    53.1   47.7  0  0   -0.15    0.52
A05A     7.4  105.2  0  0    0.00    0.00
A08A   345.3  102.3  0  0   -0.21    1.03
A11A   309.1  103.0  0  0   -0.11    1.01
A12A   257.7   84.2  0  0   -0.16    1.53
A14A   213.5   84.9  0  0   -0.40    1.52
             698  18   9   9 1
AAS1   103.1   68.0  1  1    0.00    0.00
AAS2   129.2   29.7 -1 -1    0.00    0.00
AEC2    84.9   93.2  1  1    0.00    0.00
AEC3    91.5   90.6  1  1    0.00    0.00
A06A     4.6  103.4 -1 -1    0.00    0.00
A07A   347.4   94.0  1  1    0.00    0.00
A09A   318.7  102.7  1  1    0.00    0.00
A11A   312.7   77.3  1  1    0.00    0.00
A14A   167.3   97.7 -1 -1    0.00    0.00
AAS1   103.1   68.0  0  0   -0.46    1.52
AAS2   129.2   29.7  0  0    0.00    0.00
AEC2    84.9   93.2  0  0   -0.23    1.80
AEC3    91.5   90.6  0  0   -0.14    2.75
A06A     4.6  103.4  0  0    0.00    0.00
A07A   347.4   94.0  0  0    0.00    0.00
A09A   318.7  102.7  0  0   -0.78    1.02
A11A   312.7   77.3  0  0    0.80    1.08
A14A   167.3   97.7  0  0   -0.23    1.29
             699  15   8   7 1
AAS1   310.0   64.8  1  1    0.00    0.00
ACC1   330.9   96.3  1  1    0.00    0.00
AEC2    30.5   75.3 -1 -1    0.00    0.00
AEC3    25.6   62.3 -1 -1    0.00    0.00
AID1    89.3   34.7 -1 -1    0.00    0.00
A11A   302.6  103.3  1  1    0.00    0.00
A12A   247.7   91.3  1 -1    0.00    0.00
A14A   210.7   94.1 -1 -1    0.00    0.00
AAS1   310.0   64.8  0  0   -0.30    0.76
AEC2    30.5   75.3  0  0   -0.11    0.94
AEC3    25.6   62.3  0  0   -0.14    0.56
AID1    89.3   34.7  0  0    0.00    0.00
A11A   302.6  103.3  0  0    0.00    0.00
A12A   247.7   91.3  0  0    0.04    1.75
A14A   210.7   94.1  0  0   -0.22    1.48
             700  21  11  10 1
AAS1   307.6   60.3  1  1    0.00    0.00
AAS2   291.5   79.7 -1  1    0.00    0.00
ACC1   329.7   92.4 -1  1    0.00    0.00
AEC1     7.9   82.5 -1 -1    0.00    0.00
AEC2    28.0   68.0 -1 -1    0.00    0.00
AEC3    21.8   54.9 -1 -1    0.00    0.00
AID1    89.2   25.9 -1 -1    0.00    0.00
A07A   324.0  102.8  1  1    0.00    0.00
A08A   340.1   97.3  1  1    0.00    0.00
A12A   248.3   87.3  1  1    0.00    0.00
A14A   212.0   89.8 -1 -1    0.00    0.00
AAS1   307.6   60.3  0  0   -0.36    0.80
AAS2   291.5   79.7  0  0    0.10    1.29
AEC1     7.9   82.5  0  0   -0.20    1.28
AEC2    28.0   68.0  0  0   -0.13    0.71
AEC3    21.8   54.9  0  0   -0.23    0.28
AID1    89.2   25.9  0  0   -0.22    1.55
A07A   324.0  102.8  0  0    0.22    1.01
A08A   340.1   97.3  0  0    0.00    0.00
A12A   248.3   87.3  0  0    0.08    1.97
A14A   212.0   89.8  0  0   -0.36    2.52
             701  17   9   8 1
AAS1   184.1   81.0  1 -1    0.00    0.00
AAS2   201.5   82.8 -1 -1    0.00    0.00
A03A     4.5   75.4 -1 -1    0.00    0.00
A05A    56.0   54.6  1  1    0.00    0.00
A07A   277.4   71.2  1  1    0.00    0.00
A08A   252.9   27.0  1  1    0.00    0.00
A10A   100.1   80.9 -1  1    0.00    0.00
A12A   199.6   93.2  1 -1    0.00    0.00
A14A   187.0   96.8 -1 -1    0.00    0.00
AAS1   184.1   81.0  0  0    0.07    1.20
AAS2   201.5   82.8  0  0    0.08    1.32
A03A     4.5   75.4  0  0   -0.32    0.96
A05A    56.0   54.6  0  0    0.57    0.69
A07A   277.4   71.2  0  0    0.00    1.31
A08A   252.9   27.0  0  0   -0.48    1.29
A10A   100.1   80.9  0  0   -0.89    1.28
A14A   187.0   96.8  0  0    0.00    0.00
             702  16   9   7 1
AAS1   104.4   62.3  1  1    0.00    0.00
AAS2   136.6   25.1 -1  1    0.00    0.00
ACC1    20.7   73.8 -1 -1    0.00    0.00
AEC2    85.1   90.2  1  1    0.00    0.00
A06A     3.8  100.0 -1 -1    0.00    0.00
A09A   317.9   99.7  1 -1    0.00    0.00
A10A    63.9  102.1 -1  1    0.00    0.00
A13A   131.8   98.6 -1 -1    0.00    0.00
A14A   168.4   95.0 -1 -1    0.00    0.00
AAS1   104.4   62.3  0  0   -0.15    1.44
AAS2   136.6   25.1  0  0    0.11    0.94
AEC2    85.1   90.2  0  0   -0.17    2.20
A06A     3.8  100.0  0  0    0.00    0.00
A10A    63.9  102.1  0  0   -0.68    1.12
A13A   131.8   98.6  0  0    0.00    0.00
A14A   168.4   95.0  0  0   -0.31    1.49
             703  21  11  10 1
AAS1   312.1   50.5 -1 -1    0.00    0.00
AAS2   291.3   74.5 -1 -1    0.00    0.00
AEC2    38.5   69.0  1  1    0.00    0.00
AEC3    37.0   55.7  1  1    0.00    0.00
AID1    98.6   39.7  1  1    0.00    0.00
A06A   342.4  103.6  1 -1    0.00    0.00
A07A   325.7  102.1  1 -1    0.00    0.00
A08A   343.4   95.9 -1 -1    0.00    0.00
A12A   243.7   84.4  1  1    0.00    0.00
A13A   148.2   79.8 -1 -1    0.00    0.00
A14A   206.3   89.3  1  1    0.00    0.00
AAS1   312.1   50.5  0  0   -0.44    0.61
AAS2   291.3   74.5  0  0   -0.14    1.07
AEC3    37.0   55.7  0  0   -0.35    0.46
AID1    98.6   39.7  0  0   -0.52    1.52
A06A   342.4  103.6  0  0    0.00    0.00
A07A   325.7  102.1  0  0    0.00    0.00
A08A   343.4   95.9  0  0    0.00    0.00
A12A   243.7   84.4  0  0   -0.09    1.49
A13A   148.2   79.8  0  0   -0.05    1.11
A14A   206.3   89.3  0  0    0.35    2.67
             704  15   8   7 1
ACC1   256.6   49.0 -1  1    0.00    0.00
AEC1   143.0   38.6  1  1    0.00    0.00
AEC2   150.3   62.9 -1  1    0.00    0.00
AEC3   161.9   66.0  1  1    0.00    0.00
A05A    24.7   57.3 -1 -1    0.00    0.00
A07A   291.2   75.3  1  1    0.00    0.00
A08A   299.4   44.3  1 -1    0.00    0.00
A10A    85.0   71.5 -1 -1    0.00    0.00
AEC1   143.0   38.6  0  0   -0.22    0.55
AEC2   150.3   62.9  0  0   -0.80    0.60
AEC3   161.9   66.0  0  0   -0.07    0.66
A05A    24.7   57.3  0  0   -0.30    0.40
A07A   291.2   75.3  0  0   -0.36    1.10
A08A   299.4   44.3  0  0   -0.18    0.87
A10A    85.0   71.5  0  0    0.00    0.00
             705  18  10   8 1
AAS1   103.8   59.8  1  1    0.00    0.00
AAS2   136.2   22.9 -1 -1    0.00    0.00
ACC1    20.2   72.1 -1 -1    0.00    0.00
AEC2    84.8   88.8  1  1    0.00    0.00
AEC3    91.6   85.0 -1  1    0.00    0.00
A07A   346.0   90.7  1  1    0.00    0.00
A09A   318.0   97.4  1  1    0.00    0.00
A10A    63.7   99.8 -1  1    0.00    0.00
A13A   131.7   96.3  1  1    0.00    0.00
A14A   168.5   93.4 -1  1    0.00    0.00
AAS1   103.8   59.8  0  0   -0.08    1.29
AAS2   136.2   22.9  0  0    0.09    0.95
AEC2    84.8   88.8  0  0   -0.35    1.84
AEC3    91.6   85.0  0  0   -0.17    1.68
A07A   346.0   90.7  0  0    0.00    0.00
A09A   318.0   97.4  0  0   -0.54    1.25
A13A   131.7   96.3  0  0    0.00    0.00
A14A   168.5   93.4  0  0   -0.34    1.66
             706  20  11   9 1
AAS1   202.6   62.4  1  1    0.00    0.00
ACC1   270.7   48.8 -1  1    0.00    0.00
AEC1   135.5   24.9 -1 -1    0.00    0.00
AEC2   148.9   52.8 -1 -1    0.00    0.00
AEC3   162.9   56.6  1  1    0.00    0.00
A03A   353.7   79.5  1  1    0.00    0.00
A07A   295.9   75.2  1  1    0.00    0.00
A08A   307.9   49.3  1  1    0.00    0.00
A10A    77.1   67.3 -1 -1    0.00    0.00
A12A   212.0   84.2  1  1    0.00    0.00
A13A   167.3   85.1 -1  1    0.00    0.00
AAS1   202.6   62.4  0  0   -0.15    0.58
AEC1   135.5   24.9  0  0   -0.46    0.90
AEC3   162.9   56.6  0  0   -0.24    0.38
A03A   353.7   79.5  0  0   -0.29    1.13
A07A   295.9   75.2  0  0   -0.21    1.07
A08A   307.9   49.3  0  0   -0.32    0.70
A10A    77.1   67.3  0  0   -0.56    1.02
A12A   212.0   84.2  0  0   -0.31    1.44
A13A   167.3   85.1  0  0    0.00    0.00
             707  19  10   9 1
ACC1   193.3   72.5 -1 -1    0.00    0.00
AEC1   157.7   79.1 -1 -1    0.00    0.00
A03A    24.3   39.3 -1 -1    0.00    0.00
A05A   119.6   54.2  1 -1    0.00    0.00
A06A   270.6   37.0  1  1    0.00    0.00
A07A   237.0   68.1  1  1    0.00    0.00
A08A   190.9   58.1 -1 -1    0.00    0.00
A09A   254.7   85.2  1  1    0.00    0.00
A10A   123.3   82.7 -1 -1    0.00    0.00
A11A   219.9   84.1 -1  1    0.00    0.00
AEC1   157.7   79.1  0  0   -0.03    1.09
A03A    24.3   39.3  0  0   -0.50    0.32
A05A   119.6   54.2  0  0   -0.07    0.74
A06A   270.6   37.0  0  0   -0.89    2.23
A07A   237.0   68.1  0  0   -0.41    0.85
A08A   190.9   58.1  0  0    0.45    0.42
A09A   254.7   85.2  0  0   -0.08    1.59
A10A   123.3   82.7  0  0    0.00    0.00
A11A   219.9   84.1  0  0    0.00    0.00
             708  14   8   6 1
ACC1   194.7   75.6  1 -1    0.00    0.00
AEC2   159.0   87.7 -1 -1    0.00    0.00
A01A   351.8   81.2  1 -1    0.00    0.00
A03A    21.1   38.2 -1 -1    0.00    0.00
A06A   267.1   41.6  1  1    0.00    0.00
A08A   193.1   61.9 -1 -1    0.00    0.00
A10A   124.8   84.3 -1  1    0.00    0.00
A11A   220.3   86.5 -1 -1    0.00    0.00
A01A   351.8   81.2  0  0   -0.31    1.22
A03A    21.1   38.2  0  0   -0.55    0.30
A06A   267.1   41.6  0  0   -1.14    1.96
A08A   193.1   61.9  0  0    0.09    0.55
A10A   124.8   84.3  0  0    0.00    0.00
A11A   220.3   86.5  0  0    0.00    0.00
             709  18  10   8 1
AAS1   240.3   44.0  1  1    0.00    0.00
ACC1   318.9   77.2  1  1    0.00    0.00
AEC2    80.4   47.8 -1 -1    0.00    0.00
AEC3   106.3   35.3  1 -1    0.00    0.00
A03A   356.5   99.9 -1 -1    0.00    0.00
A05A    10.9   92.9  1  1    0.00    0.00
A08A   336.3   85.9 -1  1    0.00    0.00
A10A    49.8   91.5  1  1    0.00    0.00
A11A   288.0   93.2  1  1    0.00    0.00
A13A   159.2   89.9  1  1    0.00    0.00
AAS1   240.3   44.0  0  0   -0.65    0.68
AEC2    80.4   47.8  0  0   -0.48    1.04
AEC3   106.3   35.3  0  0   -0.08    1.46
A03A   356.5   99.9  0  0    0.00    0.00
A08A   336.3   85.9  0  0   -0.39    1.61
A10A    49.8   91.5  0  0   -1.20    2.33
A11A   288.0   93.2  0  0   -0.03    1.56
A13A   159.2   89.9  0  0    0.00    0.00
             710  13   8   5 1
AAS1   236.2   52.5  1  1    0.00    0.00
ACC1   316.5   81.5  1 -1    0.00    0.00
AEC2    86.0   51.6 -1  1    0.00    0.00
AEC3   115.1   40.1  1  1    0.00    0.00
A08A   334.8   89.2 -1 -1    0.00    0.00
A10A    50.7   94.2  1  1    0.00    0.00
A13A   160.4   93.7 -1 -1    0.00    0.00
A14A   199.7   99.7 -1 -1    0.00    0.00
AAS1   236.2   52.5  0  0   -0.44    0.71
AEC3   115.1   40.1  0  0   -0.24    0.92
A08A   334.8   89.2  0  0   -0.36    2.71
A13A   160.4   93.7  0  0    0.00    0.00
A14A   199.7   99.7  0  0   -0.35    1.14
             711  13   8   5 1
ACC1   260.3   44.2 -1  1    0.00    0.00
AEC1   137.9   34.0  1  1    0.00    0.00
AEC2   148.1   58.0 -1  1    0.00    0.00
AEC3   160.2   61.1  1  1    0.00    0.00
A05A    24.4   55.6 -1 -1    0.00    0.00
A07A   293.2   71.9  1  1    0.00    0.00
A08A   304.1   41.6  1  1    0.00    0.00
A10A    83.0   68.4 -1 -1    0.00    0.00
AEC1   137.9   34.0  0  0   -0.33    0.78
AEC3   160.2   61.1  0  0   -0.12    0.54
A05A    24.4   55.6  0  0   -0.30    0.32
A07A   293.2   71.9  0  0   -0.59    1.11
A08A   304.1   41.6  0  0   -0.37    0.92
             712  13   8   5 1
ACC1   259.9   45.4  1  1    0.00    0.00
AEC1   140.1   33.9  1 -1    0.00    0.00
AEC2   149.2   58.2 -1 -1    0.00    0.00
AEC3   161.2   61.3  1 -1    0.00    0.00
A05A    23.7   55.3 -1 -1    0.00    0.00
A07A   292.7   72.4  1  1    0.00    0.00
A08A   302.7   42.3  1  1    0.00    0.00
A10A    83.3   68.2 -1 -1    0.00    0.00
AEC1   140.1   33.9  0  0   -0.17    0.66
AEC3   161.2   61.3  0  0    0.05    0.52
A05A    23.7   55.3  0  0   -0.17    0.33
A07A   292.7   72.4  0  0   -0.55    1.03
A08A   302.7   42.3  0  0   -0.36    0.81
             713  13   8   5 1
ACC1   259.5   46.5  1  1    0.00    0.00
AEC1   142.3   33.8  1 -1    0.00    0.00
AEC2   150.2   58.3 -1 -1    0.00    0.00
AEC3   162.2   61.6 -1 -1    0.00    0.00
A05A    22.9   54.9 -1  1    0.00    0.00
A07A   292.1   72.9  1  1    0.00    0.00
A08A   301.2   43.0  1  1    0.00    0.00
A10A    83.6   68.0 -1 -1    0.00    0.00
AEC1   142.3   33.8  0  0   -0.35    0.68
AEC3   162.2   61.6  0  0   -0.19    0.55
A05A    22.9   54.9  0  0   -0.26    0.31
A07A   292.1   72.9  0  0   -0.30    1.07
A08A   301.2   43.0  0  0   -0.45    0.89
             714  15   9   6 1
ACC1   259.7   45.0  1  1    0.00    0.00
AEC1   139.1   34.5  1 -1    0.00    0.00
AEC2   148.6   58.6  1  1    0.00    0.00
AEC3   160.6   61.7  1  1    0.00    0.00
A05A    24.3   55.7 -1 -1    0.00    0.00
A06A   326.0   72.8  1  1    0.00    0.00
A07A   292.8   72.4  1  1    0.00    0.00
A08A   303.2   42.0  1  1    0.00    0.00
A10A    83.4   68.7 -1 -1    0.00    0.00
AEC1   139.1   34.5  0  0   -0.42    0.75
A05A    24.3   55.7  0  0   -0.16    0.31
A06A   326.0   72.8  0  0    0.00    0.00
A07A   292.8   72.4  0  0   -0.41    1.12
A08A   303.2   42.0  0  0   -0.40    0.92
A10A    83.4   68.7  0  0   -0.60    1.05
             715  13   8   5 1
ACC1   261.1   45.7 -1  1    0.00    0.00
AEC1   137.8   34.4  1  1    0.00    0.00
AEC2   148.1   59.0  1  1    0.00    0.00
AEC3   160.3   62.0  1  1    0.00    0.00
A05A    23.9   57.1 -1 -1    0.00    0.00
A07A   293.4   73.3  1  1    0.00    0.00
A08A   304.5   43.3  1  1    0.00    0.00
A10A    82.7   69.6 -1 -1    0.00    0.00
AEC1   137.8   34.4  0  0   -0.40    0.77
AEC3   160.3   62.0  0  0   -0.14    0.57
A05A    23.9   57.1  0  0   -0.22    0.37
A07A   293.4   73.3  0  0   -0.55    1.13
A08A   304.5   43.3  0  0   -0.24    0.90
             716  19  10   9 1
AEC1   146.2   74.3 -1 -1    0.00    0.00
AEC2   150.1   88.4 -1 -1    0.00    0.00
AEC3   158.2   90.3 -1 -1    0.00    0.00
A02A   325.9   94.9  1 -1    0.00    0.00
A03A     4.8   83.4 -1 -1    0.00    0.00
A07A   276.2   79.5  1 -1    0.00    0.00
A09A   275.4   97.4 -1 -1    0.00    0.00
A10A   100.9   90.1 -1 -1    0.00    0.00
A12A   199.3   99.7  1 -1    0.00    0.00
A14A   186.9  102.6 -1 -1    0.00    0.00
AEC1   146.2   74.3  0  0   -0.25    0.92
AEC3   158.2   90.3  0  0   -0.61    3.15
A02A   325.9   94.9  0  0    0.00    0.00
A03A     4.8   83.4  0  0   -0.76    1.33
A07A   276.2   79.5  0  0    0.32    1.63
A09A   275.4   97.4  0  0    0.00    0.00
A10A   100.9   90.1  0  0   -0.80    2.31
A12A   199.3   99.7  0  0    0.00    0.00
A14A   186.9  102.6  0  0    0.00    0.00
             717  15   8   7 1
AAS1   103.2   63.5  1  1    0.00    0.00
AAS2   130.1   26.6 -1  1    0.00    0.00
ACC1    22.1   74.2 -1 -1    0.00    0.00
AEC3    91.5   87.2  1  1    0.00    0.00
A06A     4.5   99.8 -1 -1    0.00    0.00
A07A   347.2   91.5  1 -1    0.00    0.00
A10A    64.0  101.9 -1  1    0.00    0.00
A14A   167.5   94.7 -1 -1    0.00    0.00
AAS1   103.2   63.5  0  0   -0.11    1.19
AAS2   130.1   26.6  0  0    0.00    0.00
ACC1    22.1   74.2  0  0   -0.14    0.91
AEC3    91.5   87.2  0  0   -0.21    2.21
A06A     4.5   99.8  0  0    0.00    0.00
A07A   347.2   91.5  0  0    0.42    1.86
A14A   167.5   94.7  0  0   -0.11    1.53
             718  12   8   4 1
AAS1   106.5   63.8  1  1    0.00    0.00
AAS2   137.9   29.2 -1 -1    0.00    0.00
ACC1    22.8   72.7  1  1    0.00    0.00
AEC1    66.5   88.8  1  1    0.00    0.00
AEC2    86.4   90.4  1  1    0.00    0.00
AEC3    93.2   87.1  1  1    0.00    0.00
A11A   310.3   72.6  1  1    0.00    0.00
A14A   167.9   95.2  1 -1    0.00    0.00
AAS2   137.9   29.2  0  0    0.00    0.00
AEC1    66.5   88.8  0  0    0.07    1.88
AEC3    93.2   87.1  0  0   -0.11    2.03
A11A   310.3   72.6  0  0    0.77    0.93
             719  13   8   5 1
AAS2   304.0   80.6  1  1    0.00    0.00
ACC1   339.0   96.7  1  1    0.00    0.00
AEC2    36.7   83.5 -1  1    0.00    0.00
AEC3    35.0   74.1  1  1    0.00    0.00
AID1    74.7   55.7  1  1    0.00    0.00
A05A    10.4  106.8 -1 -1    0.00    0.00
A08A   347.6  101.8  1  1    0.00    0.00
A12A   249.7   86.1  1  1    0.00    0.00
AAS2   304.0   80.6  0  0   -0.07    1.22
AEC3    35.0   74.1  0  0   -0.54    0.91
AID1    74.7   55.7  0  0   -0.46    1.01
A05A    10.4  106.8  0  0    0.00    0.00
A12A   249.7   86.1  0  0   -0.34    1.66
             720  16   9   7 1
AAS2   302.9   86.9  1  1    0.00    0.00
ACC1   339.1  102.0 -1 -1    0.00    0.00
AEC2    38.6   90.3 -1  1    0.00    0.00
AEC3    37.5   80.9  1  1    0.00    0.00
AID1    79.0   64.0  1  1    0.00    0.00
A07A   329.8  110.9 -1 -1    0.00    0.00
A08A   347.8  106.0  1 -1    0.00    0.00
A10A    38.7  107.8 -1 -1    0.00    0.00
A12A   247.8   93.3  1  1    0.00    0.00
AAS2   302.9   86.9  0  0    0.02    1.83
AEC3    37.5   80.9  0  0   -0.51    1.16
AID1    79.0   64.0  0  0   -0.47    1.03
A07A   329.8  110.9  0  0    0.00    0.00
A08A   347.8  106.0  0  0    0.00    0.00
A10A    38.7  107.8  0  0    0.00    0.00
A12A   247.8   93.3  0  0   -0.38    1.53
             721  17   9   8 1
AAS2   302.6   85.0 -1 -1    0.00    0.00
ACC1   339.5  100.8 -1 -1    0.00    0.00
AEC2    40.0   89.3 -1  1    0.00    0.00
AEC3    39.3   79.8  1  1    0.00    0.00
AID1    81.2   64.0  1  1    0.00    0.00
A07A   329.9  110.1 -1 -1    0.00    0.00
A08A   348.2  105.0  1 -1    0.00    0.00
A10A    39.3  107.0 -1  1    0.00    0.00
A12A   246.6   92.2  1  1    0.00    0.00
AAS2   302.6   85.0  0  0   -0.03    1.57
AEC2    40.0   89.3  0  0   -0.59    2.02
AEC3    39.3   79.8  0  0   -0.48    1.11
AID1    81.2   64.0  0  0   -0.50    1.01
A07A   329.9  110.1  0  0    0.00    0.00
A08A   348.2  105.0  0  0    0.00    0.00
A10A    39.3  107.0  0  0    0.00    0.00
A12A   246.6   92.2  0  0   -0.38    1.65
             722  16   8   8 1
AAS2   303.2   86.0  1  1    0.00    0.00
ACC1   339.8  101.8 -1 -1    0.00    0.00
AEC2    39.9   90.6 -1  1    0.00    0.00
AEC3    39.2   81.3  1  1    0.00    0.00
AID1    80.4   65.7  1  1    0.00    0.00
A08A   348.4  105.9  1 -1    0.00    0.00
A10A    39.2  107.9 -1  1    0.00    0.00
A12A   246.9   93.0  1  1    0.00    0.00
AAS2   303.2   86.0  0  0   -0.03    1.67
ACC1   339.8  101.8  0  0   -0.52    1.05
AEC2    39.9   90.6  0  0   -0.66    3.33
AEC3    39.2   81.3  0  0   -0.46    1.18
AID1    80.4   65.7  0  0   -0.50    1.07
A08A   348.4  105.9  0  0    0.00    0.00
A10A    39.2  107.9  0  0    0.00    0.00
A12A   246.9   93.0  0  0   -0.43    1.57
             723  14   8   6 1
AAS1   331.3   64.3 -1 -1    0.00    0.00
AAS2   304.5   80.8  1  1    0.00    0.00
AEC1    15.5   91.2 -1 -1    0.00    0.00
AEC2    34.1   82.2 -1 -1    0.00    0.00
AEC3    31.6   73.0  1 -1    0.00    0.00
AID1    69.6   52.4  1 -1    0.00    0.00
A08A   346.8  101.7  1 -1    0.00    0.00
A12A   251.9   85.1  1  1    0.00    0.00
AAS1   331.3   64.3  0  0   -0.13    0.68
AAS2   304.5   80.8  0  0   -0.06    1.27
AEC1    15.5   91.2  0  0   -0.03    2.17
AEC3    31.6   73.0  0  0   -0.53    0.86
AID1    69.6   52.4  0  0   -0.44    0.77
A12A   251.9   85.1  0  0   -0.47    1.61
             724  14   8   6 1
ACC1   339.3  100.8 -1 -1    0.00    0.00
AEC2    36.7   89.5  1  1    0.00    0.00
AEC3    35.0   80.1  1  1    0.00    0.00
AID1    74.0   61.7  1  1    0.00    0.00
A05A    10.5  109.8  1 -1    0.00    0.00
A10A    37.8  106.6 -1  1    0.00    0.00
A12A   250.0   91.4  1  1    0.00    0.00
A13A   137.3   89.2  1 -1    0.00    0.00
AEC3    35.0   80.1  0  0   -0.44    1.13
AID1    74.0   61.7  0  0   -0.37    0.92
A05A    10.5  109.8  0  0    0.00    0.00
A10A    37.8  106.6  0  0    0.00    0.00
A12A   250.0   91.4  0  0   -0.45    1.77
A13A   137.3   89.2  0  0    0.00    0.00
             725  16   8   8 1
AEC1   148.3  100.3 -1  1    0.00    0.00
A01A    44.9   75.9  1 -1    0.00    0.00
A03A   113.8   82.3  1  1    0.00    0.00
A05A   130.2   95.3  1  1    0.00    0.00
A06A   155.3   77.0 -1  1    0.00    0.00
A08A   157.7   94.2  1  1    0.00    0.00
A09A   216.2   93.3 -1 -1    0.00    0.00
A14A   172.3  107.6 -1 -1    0.00    0.00
AEC1   148.3  100.3  0  0    0.00    0.00
A01A    44.9   75.9  0  0   -0.14    0.96
A03A   113.8   82.3  0  0   -0.31    1.27
A05A   130.2   95.3  0  0   -0.24    1.53
A06A   155.3   77.0  0  0    0.00    1.00
A08A   157.7   94.2  0  0    0.00    0.00
A09A   216.2   93.3  0  0   -0.19    1.56
A14A   172.3  107.6  0  0    0.00    0.00
             726  16   8   8 1
AAS1   118.1   63.6  1 -1    0.00    0.00
AAS2   155.0   38.6  1  1    0.00    0.00
ACC1    26.5   63.6 -1 -1    0.00    0.00
AID1   118.0   89.4 -1 -1    0.00    0.00
A02A   353.1  100.3 -1 -1    0.00    0.00
A05A    40.3   95.6  1  1    0.00    0.00
A09A   314.7   95.0 -1 -1    0.00    0.00
A14A   169.2   94.6 -1 -1    0.00    0.00
AAS1   118.1   63.6  0  0    0.04    0.80
AAS2   155.0   38.6  0  0    0.05    0.33
ACC1    26.5   63.6  0  0   -0.13    0.60
AID1   118.0   89.4  0  0    0.09    2.01
A02A   353.1  100.3  0  0    0.00    0.00
A05A    40.3   95.6  0  0    0.00    0.00
A09A   314.7   95.0  0  0   -0.29    1.41
A14A   169.2   94.6  0  0   -0.03    1.52
             727  20  10  10 1
AAS1   101.3   60.5  1  1    0.00    0.00
AAS2   126.0   23.1 -1  1    0.00    0.00
ACC1    21.3   72.9 -1 -1    0.00    0.00
AEC2    84.0   89.1 -1  1    0.00    0.00
AEC3    90.5   85.3 -1  1    0.00    0.00
AID1   110.3   87.8  1  1    0.00    0.00
A06A     4.3   97.2 -1 -1    0.00    0.00
A09A   318.9   96.8  1  1    0.00    0.00
A11A   313.3   72.2 -1  1    0.00    0.00
A14A   167.5   92.8 -1 -1    0.00    0.00
AAS1   101.3   60.5  0  0   -0.12    1.80
AAS2   126.0   23.1  0  0    0.20    1.13
ACC1    21.3   72.9  0  0   -0.30    0.86
AEC2    84.0   89.1  0  0   -0.23    1.83
AEC3    90.5   85.3  0  0   -0.01    1.47
AID1   110.3   87.8  0  0    0.04    1.63
A06A     4.3   97.2  0  0   -0.55    1.29
A09A   318.9   96.8  0  0   -0.84    1.27
A11A   313.3   72.2  0  0    0.72    0.93
A14A   167.5   92.8  0  0   -0.32    1.79
             728  16   8   8 1
AAS2   232.8   69.8  1  1    0.00    0.00
ACC1   289.8   56.8  1  1    0.00    0.00
AEC1    79.5   16.8 -1 -1    0.00    0.00
AEC2   138.4   44.6 -1 -1    0.00    0.00
AEC3   159.1   48.3 -1 -1    0.00    0.00
A03A   353.5   86.4 -1 -1    0.00    0.00
A05A    11.6   71.3  1 -1    0.00    0.00
A10A    65.0   72.7 -1  1    0.00    0.00
AAS2   232.8   69.8  0  0    0.00    0.00
ACC1   289.8   56.8  0  0   -0.60    1.07
AEC1    79.5   16.8  0  0   -0.57    1.52
AEC2   138.4   44.6  0  0   -0.62    0.58
AEC3   159.1   48.3  0  0   -0.44    0.23
A03A   353.5   86.4  0  0   -0.16    1.63
A05A    11.6   71.3  0  0    0.43    0.82
A10A    65.0   72.7  0  0   -0.74    0.92
             729  17   9   8 1
ACC1   259.7   53.1 -1 -1    0.00    0.00
AEC1   143.9   38.0  1  1    0.00    0.00
AEC2   151.1   64.2  1  1    0.00    0.00
AEC3   163.0   67.6  1  1    0.00    0.00
A03A   354.5   82.5  1  1    0.00    0.00
A05A    21.9   60.8 -1 -1    0.00    0.00
A07A   291.9   78.9  1  1    0.00    0.00
A08A   300.5   49.4  1  1    0.00    0.00
A10A    83.5   73.5 -1 -1    0.00    0.00
AEC1   143.9   38.0  0  0   -0.30    0.47
AEC2   151.1   64.2  0  0   -1.17    0.61
AEC3   163.0   67.6  0  0   -0.44    0.70
A03A   354.5   82.5  0  0    0.00    0.00
A05A    21.9   60.8  0  0   -0.59    0.52
A07A   291.9   78.9  0  0   -0.60    1.17
A08A   300.5   49.4  0  0   -0.55    0.72
A10A    83.5   73.5  0  0    0.00    0.00
             730  14   8   6 1
ACC1   261.6   50.5  1  1    0.00    0.00
AEC1   142.1   34.8  1 -1    0.00    0.00
AEC2   150.4   60.9  1 -1    0.00    0.00
AEC3   162.6   64.4 -1 -1    0.00    0.00
A07A   292.7   76.8  1  1    0.00    0.00
A08A   302.3   47.8  1  1    0.00    0.00
A10A    82.4   71.2 -1 -1    0.00    0.00
A14A   193.6   92.0  1  1    0.00    0.00
AEC1   142.1   34.8  0  0   -0.25    0.62
AEC3   162.6   64.4  0  0   -0.19    0.61
A07A   292.7   76.8  0  0   -0.29    1.13
A08A   302.3   47.8  0  0   -0.37    0.78
A10A    82.4   71.2  0  0   -0.55    1.22
A14A   193.6   92.0  0  0    0.00    0.00
             731  17   9   8 1
AAS1   104.3   67.7  1  1    0.00    0.00
AAS2   132.1   30.6 -1  1    0.00    0.00
AEC2    85.5   92.8  1  1    0.00    0.00
AEC3    92.2   90.2  1  1    0.00    0.00
A02A   353.9  107.0 -1 -1    0.00    0.00
A06A     4.7  103.1 -1 -1    0.00    0.00
A07A   347.3   93.4  1 -1    0.00    0.00
A09A   318.5  102.4  1 -1    0.00    0.00
A14A   167.4   97.5 -1 -1    0.00    0.00
AAS1   104.3   67.7  0  0   -0.41    1.14
AAS2   132.1   30.6  0  0    0.00    0.00
AEC3    92.2   90.2  0  0   -0.13    2.98
A02A   353.9  107.0  0  0    0.00    0.00
A06A     4.7  103.1  0  0    0.00    0.00
A07A   347.3   93.4  0  0    0.31    1.58
A09A   318.5  102.4  0  0   -0.72    1.01
A14A   167.4   97.5  0  0   -0.31    1.30
             732  15   8   7 1
AAS1   106.2   70.5  1  1    0.00    0.00
AAS2   136.1   34.4 -1  1    0.00    0.00
ACC1    23.4   78.8 -1 -1    0.00    0.00
AEC3    93.2   92.2  1  1    0.00    0.00
A06A     4.7  103.6 -1 -1    0.00    0.00
A09A   318.0  103.0  1  1    0.00    0.00
A13A   131.8  103.1  1  1    0.00    0.00
A14A   167.6   99.4 -1 -1    0.00    0.00
AAS1   106.2   70.5  0  0   -0.41    1.33
AAS2   136.1   34.4  0  0    0.00    0.00
AEC3    93.2   92.2  0  0   -0.07    2.21
A06A     4.7  103.6  0  0    0.00    0.00
A09A   318.0  103.0  0  0   -0.20    1.00
A13A   131.8  103.1  0  0    0.93    1.08
A14A   167.6   99.4  0  0   -0.12    1.19
             733  24  13  11 1
AAS1   196.7   63.0 -1 -1    0.00    0.00
ACC1   261.1   43.4  1  1    0.00    0.00
AEC1   137.8   32.6  1 -1    0.00    0.00
AEC2   148.1   56.6 -1 -1    0.00    0.00
AEC3   160.3   59.6  1 -1    0.00    0.00
A02A   327.5   85.8 -1 -1    0.00    0.00
A03A   356.0   76.0 -1 -1    0.00    0.00
A05A    23.9   54.7 -1 -1    0.00    0.00
A07A   293.4   71.1  1  1    0.00    0.00
A08A   304.5   41.1  1  1    0.00    0.00
A09A   285.4   86.3  1  1    0.00    0.00
A10A    82.7   67.2 -1  1    0.00    0.00
A13A   166.0   85.2  1 -1    0.00    0.00
ACC1   261.1   43.4  0  0   -0.37    1.41
AEC1   137.8   32.6  0  0   -0.28    0.68
AEC2   148.1   56.6  0  0   -0.86    0.44
AEC3   160.3   59.6  0  0   -0.14    0.47
A03A   356.0   76.0  0  0   -1.01    0.99
A05A    23.9   54.7  0  0   -0.33    0.34
A07A   293.4   71.1  0  0   -0.74    0.97
A08A   304.5   41.1  0  0   -0.20    0.75
A09A   285.4   86.3  0  0    0.00    0.00
A10A    82.7   67.2  0  0   -0.89    1.38
A13A   166.0   85.2  0  0    0.00    0.00
             734  16   9   7 1
ACC1   258.7   60.5  1 -1    0.00    0.00
AEC1   141.8   47.2  1  1    0.00    0.00
AEC2   149.9   73.9  1  1    0.00    0.00
AEC3   161.8   77.1  1  1    0.00    0.00
A05A    23.8   69.9 -1 -1    0.00    0.00
A07A   292.0   87.8  1  1    0.00    0.00
A08A   301.1   56.3  1  1    0.00    0.00
A10A    84.0   83.4 -1 -1    0.00    0.00
A11A   257.4   91.8  1 -1    0.00    0.00
AEC1   141.8   47.2  0  0   -0.28    0.48
AEC2   149.9   73.9  0  0   -0.90    0.90
AEC3   161.8   77.1  0  0   -0.12    1.01
A05A    23.8   69.9  0  0   -0.06    0.77
A07A   292.0   87.8  0  0   -0.69    2.11
A08A   301.1   56.3  0  0   -0.33    0.79
A11A   257.4   91.8  0  0   -0.25    1.70
             735  17   9   8 1
AAS1   328.3   65.8  1  1    0.00    0.00
AAS2   300.2   86.1  1  1    0.00    0.00
ACC1   337.8  100.8 -1 -1    0.00    0.00
AEC1    17.6   96.2  1 -1    0.00    0.00
AEC3    37.3   77.8 -1 -1    0.00    0.00
AID1    82.3   60.1  1  1    0.00    0.00
A08A   346.8  104.9  1 -1    0.00    0.00
A12A   246.8   93.0  1  1    0.00    0.00
A14A   204.9   96.9 -1 -1    0.00    0.00
AAS1   328.3   65.8  0  0   -0.18    0.72
AAS2   300.2   86.1  0  0   -0.40    1.76
AEC1    17.6   96.2  0  0   -0.22    1.40
AEC3    37.3   77.8  0  0   -0.13    1.02
AID1    82.3   60.1  0  0   -0.23    1.10
A08A   346.8  104.9  0  0   -0.26    0.94
A12A   246.8   93.0  0  0   -0.14    1.53
A14A   204.9   96.9  0  0   -0.24    1.28
             736  16   9   7 1
AAS1   311.3  106.3  1 -1    0.00    0.00
AAS2   302.8  109.2 -1 -1    0.00    0.00
ACC1   322.8  114.4 -1 -1    0.00    0.00
AEC2   341.7  103.6 -1 -1    0.00    0.00
AEC3   333.6  102.3  1 -1    0.00    0.00
AID1   321.9   93.6 -1 -1    0.00    0.00
A05A   348.8  115.6  1 -1    0.00    0.00
A11A   306.0  115.8 -1 -1    0.00    0.00
A12A   278.1  108.8  1 -1    0.00    0.00
AAS1   311.3  106.3  0  0   -0.23    0.91
AAS2   302.8  109.2  0  0    0.00    0.00
AEC3   333.6  102.3  0  0   -0.23    1.02
AID1   321.9   93.6  0  0   -0.16    1.51
A05A   348.8  115.6  0  0    0.08    0.61
A11A   306.0  115.8  0  0    0.00    0.00
A12A   278.1  108.8  0  0   -0.19    1.44
             737  21  11  10 1
AAS1   310.3   65.4  1  1    0.00    0.00
AAS2   294.3   82.0 -1  1    0.00    0.00
ACC1   329.6   93.8  1  1    0.00    0.00
AEC3    14.5   59.0 -1 -1    0.00    0.00
AID1    63.6   22.5 -1 -1    0.00    0.00
A07A   324.1  103.2  1  1    0.00    0.00
A08A   339.6   98.6  1  1    0.00    0.00
A10A    32.3   98.7 -1 -1    0.00    0.00
A12A   252.3   87.8  1 -1    0.00    0.00
A13A   153.8   72.7  1  1    0.00    0.00
A14A   215.4   89.1  1 -1    0.00    0.00
AAS1   310.3   65.4  0  0   -0.48    0.77
AAS2   294.3   82.0  0  0   -0.27    1.34
AEC3    14.5   59.0  0  0   -0.41    0.43
AID1    63.6   22.5  0  0   -0.21    1.12
A07A   324.1  103.2  0  0    0.00    0.00
A08A   339.6   98.6  0  0   -0.47    1.19
A10A    32.3   98.7  0  0    0.00    0.00
A12A   252.3   87.8  0  0   -0.47    2.15
A13A   153.8   72.7  0  0    0.00    0.00
A14A   215.4   89.1  0  0   -0.50    2.84
             738  16   8   8 1
AEC1   157.2   88.8  1  1    0.00    0.00
A03A    13.2   60.1 -1 -1    0.00    0.00
A05A   108.8   60.2  1  1    0.00    0.00
A06A   288.8   54.0  1 -1    0.00    0.00
A08A   198.1   63.4  1  1    0.00    0.00
A09A   259.7   95.7  1  1    0.00    0.00
A10A   119.5   92.5 -1  1    0.00    0.00
A11A   224.7   93.9  1 -1    0.00    0.00
AEC1   157.2   88.8  0  0   -0.07    1.91
A03A    13.2   60.1  0  0   -0.34    0.47
A05A   108.8   60.2  0  0    0.36    1.10
A06A   288.8   54.0  0  0   -0.52    1.13
A08A   198.1   63.4  0  0   -0.15    0.60
A09A   259.7   95.7  0  0   -0.26    1.34
A10A   119.5   92.5  0  0    0.00    0.00
A11A   224.7   93.9  0  0    0.00    0.00
             739  14   8   6 1
AAS1   332.2   61.4  1 -1    0.00    0.00
AAS2   304.8   78.0 -1 -1    0.00    0.00
ACC1   338.7   94.5 -1 -1    0.00    0.00
AEC2    34.6   79.8  1 -1    0.00    0.00
AEC3    32.3   70.7 -1 -1    0.00    0.00
AID1    70.1   50.9  1  1    0.00    0.00
A08A   347.1  100.5  1 -1    0.00    0.00
A14A   207.3   85.8 -1 -1    0.00    0.00
AAS1   332.2   61.4  0  0   -0.03    0.58
AAS2   304.8   78.0  0  0   -0.20    1.11
AEC3    32.3   70.7  0  0   -0.24    0.81
AID1    70.1   50.9  0  0   -0.26    0.90
A08A   347.1  100.5  0  0   -0.07    1.11
A14A   207.3   85.8  0  0   -0.37    1.57
             740  16   8   8 1
AAS1   335.5   71.6  1 -1    0.00    0.00
AAS2   305.6   88.3 -1 -1    0.00    0.00
AEC1    18.0   99.6  1  1    0.00    0.00
AEC2    37.2   92.4  1  1    0.00    0.00
AEC3    35.7   83.6 -1  1    0.00    0.00
AID1    73.6   66.2  1  1    0.00    0.00
A08A   348.3  106.9 -1 -1    0.00    0.00
A13A   136.3   91.7  1 -1    0.00    0.00
AAS1   335.5   71.6  0  0    0.10    0.86
AAS2   305.6   88.3  0  0   -0.01    2.47
AEC1    18.0   99.6  0  0   -0.21    1.18
AEC2    37.2   92.4  0  0   -0.23    1.96
AEC3    35.7   83.6  0  0   -0.23    1.31
AID1    73.6   66.2  0  0   -0.22    0.98
A08A   348.3  106.9  0  0   -0.39    0.87
A13A   136.3   91.7  0  0    0.01    2.34
             741  16   9   7 1
AAS1   333.9   69.6  1  1    0.00    0.00
AAS2   305.0   86.5 -1  1    0.00    0.00
ACC1   339.4  101.2  1  1    0.00    0.00
AEC2    36.4   90.0  1 -1    0.00    0.00
AEC3    34.7   80.8 -1 -1    0.00    0.00
AID1    73.0   62.3  1 -1    0.00    0.00
A11A   308.9  105.0 -1  1    0.00    0.00
A13A   137.0   89.2  1  1    0.00    0.00
A14A   205.8   94.5 -1 -1    0.00    0.00
AAS1   333.9   69.6  0  0   -0.07    0.81
AAS2   305.0   86.5  0  0   -0.21    1.82
AEC3    34.7   80.8  0  0   -0.24    1.15
AID1    73.0   62.3  0  0   -0.31    0.87
A11A   308.9  105.0  0  0   -0.20    0.95
A13A   137.0   89.2  0  0    0.22    1.89
A14A   205.8   94.5  0  0   -0.38    1.46
             742  15   8   7 1
AAS1   309.4   57.4  1 -1    0.00    0.00
AAS2   291.0   79.4 -1 -1    0.00    0.00
ACC1   331.4   92.9  1 -1    0.00    0.00
AEC2    34.5   71.1  1  1    0.00    0.00
AEC3    31.2   57.6  1  1    0.00    0.00
AID1    97.1   36.5  1  1    0.00    0.00
A12A   245.4   87.8  1  1    0.00    0.00
A14A   208.5   91.8  1  1    0.00    0.00
AAS1   309.4   57.4  0  0   -0.51    0.74
AAS2   291.0   79.4  0  0    0.00    0.00
AEC2    34.5   71.1  0  0   -0.47    0.81
AEC3    31.2   57.6  0  0   -0.30    0.42
AID1    97.1   36.5  0  0    0.00    0.00
A12A   245.4   87.8  0  0   -0.36    2.07
A14A   208.5   91.8  0  0   -0.02    1.82
             743  16   8   8 1
AEC1   155.7   89.3  1 -1    0.00    0.00
A03A    18.3   59.3  1 -1    0.00    0.00
A05A   109.1   63.0  1  1    0.00    0.00
A06A   288.3   49.8  1  1    0.00    0.00
A07A   243.9   78.4  1  1    0.00    0.00
A08A   193.6   63.5 -1 -1    0.00    0.00
A09A   258.9   95.1  1  1    0.00    0.00
A10A   119.3   92.7 -1  1    0.00    0.00
AEC1   155.7   89.3  0  0   -0.27    2.04
A03A    18.3   59.3  0  0   -0.62    0.44
A05A   109.1   63.0  0  0    0.34    1.08
A06A   288.3   49.8  0  0   -0.44    1.17
A07A   243.9   78.4  0  0   -0.30    1.15
A08A   193.6   63.5  0  0   -0.02    0.60
A09A   258.9   95.1  0  0   -0.70    1.37
A10A   119.3   92.7  0  0    0.00    0.00
             744  19  10   9 1
AAS2   191.6   84.2 -1 -1    0.00    0.00
AEC1   155.5   74.8  1 -1    0.00    0.00
AEC2   156.0   82.5  1 -1    0.00    0.00
A01A   354.6   78.3 -1 -1    0.00    0.00
A03A    23.0   41.9  1  1    0.00    0.00
A06A   282.2   33.3  1  1    0.00    0.00
A07A   240.3   62.6  1  1    0.00    0.00
A08A   190.2   50.7 -1 -1    0.00    0.00
A10A   120.5   79.6 -1 -1    0.00    0.00
A12A   192.9   92.4  1 -1    0.00    0.00
AAS2   191.6   84.2  0  0   -0.02    1.40
AEC1   155.5   74.8  0  0   -0.20    0.93
A01A   354.6   78.3  0  0   -0.23    1.07
A03A    23.0   41.9  0  0   -0.45    0.23
A06A   282.2   33.3  0  0   -0.39    1.32
A07A   240.3   62.6  0  0   -0.24    0.80
A08A   190.2   50.7  0  0   -0.19    0.09
A10A   120.5   79.6  0  0    0.00    0.00
A12A   192.9   92.4  0  0    0.00    0.00
             745  16   8   8 1
AEC1   156.3   81.0  1 -1    0.00    0.00
A03A    19.4   49.4  1 -1    0.00    0.00
A05A   112.0   55.7  1 -1    0.00    0.00
A06A   284.1   41.9  1  1    0.00    0.00
A07A   242.2   70.6  1  1    0.00    0.00
A08A   192.9   57.3 -1 -1    0.00    0.00
A09A   257.8   88.5  1  1    0.00    0.00
A10A   120.3   85.4 -1 -1    0.00    0.00
AEC1   156.3   81.0  0  0   -0.16    1.17
A03A    19.4   49.4  0  0    0.00    0.00
A05A   112.0   55.7  0  0    0.05    1.01
A06A   284.1   41.9  0  0   -0.24    1.39
A07A   242.2   70.6  0  0   -0.22    0.90
A08A   192.9   57.3  0  0    0.00    0.00
A09A   257.8   88.5  0  0   -0.66    2.65
A10A   120.3   85.4  0  0    0.00    0.00
             746  17   9   8 1
AAS2   191.5   83.8 -1 -1    0.00    0.00
ACC1   192.8   66.6 -1 -1    0.00    0.00
AEC1   155.9   74.4  1 -1    0.00    0.00
AEC3   161.6   83.4  1 -1    0.00    0.00
A03A    23.9   40.0 -1 -1    0.00    0.00
A06A   279.4   32.3  1  1    0.00    0.00
A07A   239.3   62.1  1  1    0.00    0.00
A08A   189.9   50.8 -1 -1    0.00    0.00
A10A   121.1   79.0 -1 -1    0.00    0.00
AAS2   191.5   83.8  0  0    0.11    1.38
AEC1   155.9   74.4  0  0   -0.14    0.91
AEC3   161.6   83.4  0  0   -0.22    1.31
A03A    23.9   40.0  0  0   -0.38    0.30
A06A   279.4   32.3  0  0   -0.29    1.43
A07A   239.3   62.1  0  0   -0.17    0.79
A08A   189.9   50.8  0  0   -0.04    0.10
A10A   121.1   79.0  0  0    0.00    0.00
             747  20  10  10 1
AAS2   191.6   83.8 -1 -1    0.00    0.00
AEC1   155.5   74.3  1 -1    0.00    0.00
AID1   164.4   89.4 -1 -1    0.00    0.00
A01A   354.6   77.9 -1 -1    0.00    0.00
A06A   282.2   32.8  1  1    0.00    0.00
A07A   240.3   62.1  1  1    0.00    0.00
A08A   190.2   50.1 -1 -1    0.00    0.00
A10A   120.5   79.1 -1 -1    0.00    0.00
A12A   192.9   92.2  1 -1    0.00    0.00
A14A   183.6   95.5 -1 -1    0.00    0.00
AAS2   191.6   83.8  0  0   -0.07    1.38
AEC1   155.5   74.3  0  0    0.07    0.91
AID1   164.4   89.4  0  0    0.00    0.00
A01A   354.6   77.9  0  0   -0.20    1.06
A06A   282.2   32.8  0  0   -0.16    1.31
A07A   240.3   62.1  0  0   -0.16    0.80
A08A   190.2   50.1  0  0    0.45    0.06
A10A   120.5   79.1  0  0   -1.30    1.10
A12A   192.9   92.2  0  0    0.00    0.00
A14A   183.6   95.5  0  0    0.00    0.00
             748  15   8   7 1
AEC1   156.4   74.8  1 -1    0.00    0.00
A03A    19.6   42.6 -1 -1    0.00    0.00
A05A   112.5   49.1  1 -1    0.00    0.00
A06A   283.2   35.9  1  1    0.00    0.00
A07A   241.8   63.8  1  1    0.00    0.00
A08A   192.8   50.8  1  1    0.00    0.00
A09A   257.6   82.9  1  1    0.00    0.00
A10A   120.5   79.5 -1 -1    0.00    0.00
AEC1   156.4   74.8  0  0   -0.20    0.94
A03A    19.6   42.6  0  0   -0.63    0.04
A05A   112.5   49.1  0  0    0.12    1.01
A06A   283.2   35.9  0  0   -0.33    1.45
A07A   241.8   63.8  0  0   -0.11    0.78
A08A   192.8   50.8  0  0    0.00    0.00
A09A   257.6   82.9  0  0    0.00    0.00
             749  16   9   7 1
ACC1   193.1   65.2 -1  1    0.00    0.00
AEC1   156.9   72.7  1  1    0.00    0.00
A03A    24.0   35.5 -1 -1    0.00    0.00
A06A   274.4   31.1  1  1    0.00    0.00
A07A   238.0   60.6  1  1    0.00    0.00
A08A   190.6   50.1  1  1    0.00    0.00
A09A   255.4   79.8  1  1    0.00    0.00
A10A   122.3   77.0 -1 -1    0.00    0.00
A13A   165.3   92.4  1  1    0.00    0.00
AEC1   156.9   72.7  0  0   -0.04    0.85
A03A    24.0   35.5  0  0   -0.39    0.34
A06A   274.4   31.1  0  0   -0.29    2.05
A07A   238.0   60.6  0  0   -0.37    0.70
A08A   190.6   50.1  0  0    0.03   -0.01
A10A   122.3   77.0  0  0    0.00    0.00
A13A   165.3   92.4  0  0    0.00    0.00
             750  22  11  11 1
AAS2   191.3   84.5 -1 -1    0.00    0.00
AEC1   155.3   75.3  1 -1    0.00    0.00
AID1   164.2   90.7 -1 -1    0.00    0.00
A01A   354.9   78.5 -1 -1    0.00    0.00
A03A    24.2   42.1  1  1    0.00    0.00
A06A   281.6   32.8  1  1    0.00    0.00
A07A   239.7   62.8  1  1    0.00    0.00
A08A   189.4   51.3 -1 -1    0.00    0.00
A10A   120.5   80.1 -1 -1    0.00    0.00
A12A   192.7   92.5  1 -1    0.00    0.00
A14A   183.5   96.4 -1 -1    0.00    0.00
AAS2   191.3   84.5  0  0   -0.14    1.43
AEC1   155.3   75.3  0  0   -0.04    0.95
AID1   164.2   90.7  0  0    0.24    2.45
A01A   354.9   78.5  0  0   -0.38    1.08
A03A    24.2   42.1  0  0   -0.45    0.25
A06A   281.6   32.8  0  0   -0.21    1.35
A07A   239.7   62.8  0  0   -0.25    0.80
A08A   189.4   51.3  0  0    0.46    0.11
A10A   120.5   80.1  0  0    0.00    0.00
A12A   192.7   92.5  0  0    0.00    0.00
A14A   183.5   96.4  0  0    0.00    0.00
             751  22  11  11 1
AAS2   191.7   87.2 -1 -1    0.00    0.00
AEC1   155.3   78.4  1 -1    0.00    0.00
A01A   354.7   82.1 -1 -1    0.00    0.00
A03A    22.4   46.5  1 -1    0.00    0.00
A06A   284.1   36.8  1  1    0.00    0.00
A07A   241.0   66.5  1  1    0.00    0.00
A09A   257.4   85.3  1  1    0.00    0.00
A10A   120.0   83.0 -1 -1    0.00    0.00
A11A   221.4   83.6  1  1    0.00    0.00
A12A   193.0   94.3  1 -1    0.00    0.00
A14A   183.7   97.6 -1 -1    0.00    0.00
AAS2   191.7   87.2  0  0   -0.27    1.75
AEC1   155.3   78.4  0  0    0.05    1.05
A01A   354.7   82.1  0  0   -0.24    1.26
A03A    22.4   46.5  0  0   -0.21    0.16
A06A   284.1   36.8  0  0   -0.17    1.20
A07A   241.0   66.5  0  0   -0.23    0.86
A09A   257.4   85.3  0  0   -0.69    1.62
A10A   120.0   83.0  0  0    0.00    0.00
A11A   221.4   83.6  0  0    0.00    0.00
A12A   193.0   94.3  0  0    0.00    0.00
A14A   183.7   97.6  0  0    0.00    0.00
             752  24  12  12 1
AAS2   191.3   88.7 -1 -1    0.00    0.00
AEC1   154.9   80.3  1 -1    0.00    0.00
AEC3   160.9   88.3 -1 -1    0.00    0.00
A01A   355.2   83.6 -1 -1    0.00    0.00
A03A    24.1   48.2  1 -1    0.00    0.00
A06A   283.7   37.1  1  1    0.00    0.00
A07A   240.2   68.1  1  1    0.00    0.00
A08A   189.2   56.1 -1 -1    0.00    0.00
A09A   257.1   86.8  1  1    0.00    0.00
A10A   120.0   84.8 -1 -1    0.00    0.00
A12A   192.7   95.4  1 -1    0.00    0.00
A14A   183.4   98.4 -1 -1    0.00    0.00
AAS2   191.3   88.7  0  0   -0.04    2.12
AEC1   154.9   80.3  0  0   -0.25    1.14
AEC3   160.9   88.3  0  0   -0.03    1.85
A01A   355.2   83.6  0  0   -0.24    1.36
A03A    24.1   48.2  0  0   -0.21    0.21
A06A   283.7   37.1  0  0   -0.46    1.21
A07A   240.2   68.1  0  0   -0.22    0.88
A08A   189.2   56.1  0  0    0.05    0.34
A09A   257.1   86.8  0  0   -0.73    1.83
A10A   120.0   84.8  0  0   -1.07    1.38
A12A   192.7   95.4  0  0    0.00    0.00
A14A   183.4   98.4  0  0    0.00    0.00
             753  25  13  12 1
AAS2   191.9   84.4 -1 -1    0.00    0.00
ACC1   193.5   67.4  1 -1    0.00    0.00
AEC1   156.4   74.9  1  1    0.00    0.00
AEC2   156.7   82.6  1  1    0.00    0.00
AEC3   162.0   83.8  1  1    0.00    0.00
A01A   354.0   77.8 -1 -1    0.00    0.00
A03A    22.4   40.3 -1 -1    0.00    0.00
A06A   279.1   33.9  1  1    0.00    0.00
A07A   239.7   63.2  1  1    0.00    0.00
A08A   191.1   51.6 -1 -1    0.00    0.00
A09A   256.5   82.2  1  1    0.00    0.00
A10A   121.3   79.4 -1  1    0.00    0.00
A14A   183.9   96.0 -1 -1    0.00    0.00
AAS2   191.9   84.4  0  0    0.20    1.42
AEC1   156.4   74.9  0  0   -0.18    0.93
AEC2   156.7   82.6  0  0   -0.09    1.25
AEC3   162.0   83.8  0  0   -0.33    1.34
A01A   354.0   77.8  0  0   -0.06    1.06
A03A    22.4   40.3  0  0   -0.42    0.11
A06A   279.1   33.9  0  0   -0.56    2.57
A07A   239.7   63.2  0  0   -0.24    0.73
A08A   191.1   51.6  0  0   -0.01    0.09
A09A   256.5   82.2  0  0   -0.86    1.35
A10A   121.3   79.4  0  0    0.00    0.00
A14A   183.9   96.0  0  0    0.00    0.00
             754  17   9   8 1
AEC1   156.3   75.2  1 -1    0.00    0.00
AEC2   156.6   82.8  1 -1    0.00    0.00
A03A    23.2   40.2 -1 -1    0.00    0.00
A06A   278.3   33.6  1  1    0.00    0.00
A07A   239.2   63.4  1  1    0.00    0.00
A08A   190.6   52.1 -1 -1    0.00    0.00
A09A   256.2   82.3  1  1    0.00    0.00
A10A   121.4   79.7 -1 -1    0.00    0.00
A14A   183.8   96.2 -1 -1    0.00    0.00
AEC1   156.3   75.2  0  0    0.03    0.94
A03A    23.2   40.2  0  0   -0.17    0.28
A06A   278.3   33.6  0  0   -0.34    1.46
A07A   239.2   63.4  0  0   -0.20    0.81
A08A   190.6   52.1  0  0   -0.02    0.17
A09A   256.2   82.3  0  0   -0.83    1.39
A10A   121.4   79.7  0  0    0.00    0.00
A14A   183.8   96.2  0  0    0.00    0.00
             755  21  11  10 1
ACC1   192.8   69.2  1  1    0.00    0.00
AEC1   156.5   76.5  1 -1    0.00    0.00
AEC3   162.0   85.0 -1 -1    0.00    0.00
A01A   354.3   78.2 -1 -1    0.00    0.00
A03A    24.7   39.9 -1 -1    0.00    0.00
A06A   275.5   33.8  1  1    0.00    0.00
A07A   238.1   64.6  1  1    0.00    0.00
A08A   189.9   54.0  1  1    0.00    0.00
A09A   255.6   83.1  1  1    0.00    0.00
A10A   121.9   80.7 -1 -1    0.00    0.00
A11A   220.2   81.7  1  1    0.00    0.00
AEC1   156.5   76.5  0  0    0.04    0.98
AEC3   162.0   85.0  0  0   -0.23    1.42
A01A   354.3   78.2  0  0   -0.13    1.08
A03A    24.7   39.9  0  0   -0.36    0.31
A06A   275.5   33.8  0  0   -0.77    1.64
A07A   238.1   64.6  0  0   -0.23    0.81
A08A   189.9   54.0  0  0    0.32    0.26
A09A   255.6   83.1  0  0   -0.73    1.45
A10A   121.9   80.7  0  0    0.00    0.00
A11A   220.2   81.7  0  0    0.00    0.00
             756  15   8   7 1
ACC1   195.1   66.8 -1 -1    0.00    0.00
AEC1   157.2   74.1  1 -1    0.00    0.00
A03A    18.9   40.1  1  1    0.00    0.00
A06A   280.2   35.6  1  1    0.00    0.00
A07A   241.2   63.5 -1 -1    0.00    0.00
A08A   193.5   50.9  1 -1    0.00    0.00
A09A   257.1   82.3  1 -1    0.00    0.00
A10A   121.4   78.6 -1 -1    0.00    0.00
AEC1   157.2   74.1  0  0   -0.28    0.90
A03A    18.9   40.1  0  0   -0.33    0.17
A06A   280.2   35.6  0  0   -0.34    1.44
A07A   241.2   63.5  0  0   -0.26    0.80
A08A   193.5   50.9  0  0    0.18    0.12
A09A   257.1   82.3  0  0   -0.64    1.37
A10A   121.4   78.6  0  0   -0.77    1.08
             757  17   9   8 1
ACC1   226.7   53.6 -1 -1    0.00    0.00
A03A     3.2   82.2  1  1    0.00    0.00
A05A    48.1   61.2  1  1    0.00    0.00
A06A   325.6   74.8  1  1    0.00    0.00
A07A   282.6   76.7 -1 -1    0.00    0.00
A08A   274.3   30.5  1 -1    0.00    0.00
A10A    96.0   84.6 -1 -1    0.00    0.00
A13A   163.6   97.5 -1  1    0.00    0.00
A14A   187.7   98.9 -1  1    0.00    0.00
A03A     3.2   82.2  0  0   -0.43    1.26
A05A    48.1   61.2  0  0    0.49    0.60
A06A   325.6   74.8  0  0   -0.21    0.97
A07A   282.6   76.7  0  0   -0.13    1.46
A08A   274.3   30.5  0  0   -0.51    2.01
A10A    96.0   84.6  0  0   -0.98    2.21
A13A   163.6   97.5  0  0    0.00    0.00
A14A   187.7   98.9  0  0    0.44    1.20
             758  15   8   7 1
AAS1   234.3   43.7  1 -1    0.00    0.00
AAS2   252.9   67.4 -1 -1    0.00    0.00
ACC1   315.4   70.7  1 -1    0.00    0.00
AEC3   119.2   32.1  1  1    0.00    0.00
A08A   334.2   79.2 -1  1    0.00    0.00
A10A    51.2   85.1 -1 -1    0.00    0.00
A11A   285.6   88.2 -1 -1    0.00    0.00
A12A   224.8   85.7  1 -1    0.00    0.00
AAS1   234.3   43.7  0  0   -0.88    0.65
AAS2   252.9   67.4  0  0   -0.42    0.95
AEC3   119.2   32.1  0  0   -0.07    1.02
A08A   334.2   79.2  0  0   -0.25    1.13
A10A    51.2   85.1  0  0   -0.89    1.41
A11A   285.6   88.2  0  0   -0.46    2.23
A12A   224.8   85.7  0  0   -0.37    1.59
             759  16   8   8 1
AAS1   237.3   43.6  1  1    0.00    0.00
AAS2   254.5   67.9 -1  1    0.00    0.00
AEC2    85.8   40.6 -1 -1    0.00    0.00
A07A   315.3   91.3 -1 -1    0.00    0.00
A08A   334.2   80.1 -1 -1    0.00    0.00
A10A    50.3   85.6 -1  1    0.00    0.00
A11A   286.2   88.7  1 -1    0.00    0.00
A12A   225.7   85.9  1  1    0.00    0.00
AAS1   237.3   43.6  0  0   -0.84    0.79
AAS2   254.5   67.9  0  0   -0.35    1.09
AEC2    85.8   40.6  0  0   -0.49    1.89
A07A   315.3   91.3  0  0   -0.16    1.84
A08A   334.2   80.1  0  0   -0.56    1.18
A10A    50.3   85.6  0  0   -1.12    1.44
A11A   286.2   88.7  0  0   -0.59    2.78
A12A   225.7   85.9  0  0   -0.25    1.64
             760  17   9   8 1
AAS1   236.9   44.5  1  1    0.00    0.00
AAS2   254.1   68.5 -1  1    0.00    0.00
AEC2    86.8   40.4 -1 -1    0.00    0.00
AEC3   118.1   30.6 -1 -1    0.00    0.00
A05A     9.9   87.5 -1 -1    0.00    0.00
A08A   333.8   80.3 -1 -1    0.00    0.00
A10A    50.4   85.8 -1  1    0.00    0.00
A11A   285.9   89.0  1  1    0.00    0.00
A12A   225.6   86.4  1  1    0.00    0.00
AAS1   236.9   44.5  0  0   -0.73    0.63
AAS2   254.1   68.5  0  0   -0.25    0.94
AEC2    86.8   40.4  0  0   -0.48    1.31
AEC3   118.1   30.6  0  0   -0.06    1.13
A05A     9.9   87.5  0  0    0.00    0.00
A08A   333.8   80.3  0  0   -0.70    1.20
A11A   285.9   89.0  0  0   -0.35    2.80
A12A   225.6   86.4  0  0   -0.11    1.71
             761  16   8   8 1
AAS1   236.1   45.6  1  1    0.00    0.00
AAS2   253.6   69.5 -1  1    0.00    0.00
AEC3   119.4   31.5 -1 -1    0.00    0.00
A07A   314.8   92.1 -1 -1    0.00    0.00
A08A   333.7   81.1 -1 -1    0.00    0.00
A10A    50.6   86.7 -1  1    0.00    0.00
A12A   225.4   87.5  1  1    0.00    0.00
A13A   161.4   86.8 -1 -1    0.00    0.00
AAS1   236.1   45.6  0  0   -0.88    0.65
AAS2   253.6   69.5  0  0   -0.27    0.98
AEC3   119.4   31.5  0  0   -0.06    1.04
A07A   314.8   92.1  0  0    0.06    1.69
A08A   333.7   81.1  0  0   -0.46    1.23
A10A    50.6   86.7  0  0   -0.95    1.54
A12A   225.4   87.5  0  0   -0.33    1.93
A13A   161.4   86.8  0  0    0.00    0.00
             762  15   8   7 1
AAS1   236.6   43.4  1 -1    0.00    0.00
AAS2   254.0   67.4 -1 -1    0.00    0.00
ACC1   315.5   71.1 -1 -1    0.00    0.00
AEC1    26.0   48.0  1  1    0.00    0.00
AEC3   117.7   30.4  1  1    0.00    0.00
A10A    50.6   84.8 -1 -1    0.00    0.00
A11A   286.0   88.1  1 -1    0.00    0.00
A12A   225.5   85.3  1 -1    0.00    0.00
AAS1   236.6   43.4  0  0   -0.84    0.68
AAS2   254.0   67.4  0  0   -0.40    0.96
AEC1    26.0   48.0  0  0   -0.01    0.14
AEC3   117.7   30.4  0  0   -0.31    1.08
A10A    50.6   84.8  0  0   -0.93    1.38
A11A   286.0   88.1  0  0   -0.64    2.26
A12A   225.5   85.3  0  0   -0.45    1.56
             763  14   8   6 1
AAS1   237.0   46.6  1  1    0.00    0.00
AAS2   254.4   71.6 -1  1    0.00    0.00
ACC1   316.1   75.7  1  1    0.00    0.00
AEC2    85.9   44.2 -1 -1    0.00    0.00
AEC3   115.9   33.5 -1 -1    0.00    0.00
A07A   315.4   94.3 -1 -1    0.00    0.00
A10A    50.5   90.2 -1  1    0.00    0.00
A12A   225.5   90.3  1  1    0.00    0.00
AAS1   237.0   46.6  0  0   -0.67    0.66
AAS2   254.4   71.6  0  0   -0.15    1.01
AEC3   115.9   33.5  0  0    0.03    1.08
A07A   315.4   94.3  0  0   -0.24    1.49
A10A    50.5   90.2  0  0   -0.72    2.73
A12A   225.5   90.3  0  0   -0.13    2.31
             764  20  10  10 1
AAS1   119.4   65.9  1  1    0.00    0.00
AAS2   154.1   42.5  1  1    0.00    0.00
AEC3   100.8   86.4  1  1    0.00    0.00
AID1   118.7   90.3 -1  1    0.00    0.00
A02A   353.4  100.8 -1 -1    0.00    0.00
A05A    41.3   96.1  1 -1    0.00    0.00
A06A     5.2   95.1 -1 -1    0.00    0.00
A09A   314.5   95.2  1  1    0.00    0.00
A11A   300.3   65.5  1  1    0.00    0.00
A14A   168.7   95.4 -1 -1    0.00    0.00
AAS1   119.4   65.9  0  0   -0.06    0.84
AAS2   154.1   42.5  0  0    0.03    0.31
AEC3   100.8   86.4  0  0   -0.23    1.53
AID1   118.7   90.3  0  0    0.11    2.16
A02A   353.4  100.8  0  0    0.00    0.00
A05A    41.3   96.1  0  0    0.00    0.00
A06A     5.2   95.1  0  0   -0.52    1.45
A09A   314.5   95.2  0  0   -0.25    1.36
A11A   300.3   65.5  0  0    0.46    0.86
A14A   168.7   95.4  0  0   -0.14    1.46
             765  19  10   9 1
AAS1   327.3   64.4  1  1    0.00    0.00
AAS2   299.5   85.2 -1  1    0.00    0.00
ACC1   337.5   99.9 -1  1    0.00    0.00
AEC2    38.6   86.4 -1 -1    0.00    0.00
AEC3    37.3   76.3 -1 -1    0.00    0.00
AID1    83.3   58.5 -1 -1    0.00    0.00
A05A    10.3  108.6 -1 -1    0.00    0.00
A08A   346.6  104.0  1  1    0.00    0.00
A12A   246.5   92.1  1 -1    0.00    0.00
A14A   205.0   96.0  1 -1    0.00    0.00
AAS1   327.3   64.4  0  0   -0.47    0.67
AAS2   299.5   85.2  0  0   -0.05    1.60
AEC2    38.6   86.4  0  0   -0.32    1.52
AEC3    37.3   76.3  0  0    0.12    0.97
AID1    83.3   58.5  0  0   -0.34    1.37
A05A    10.3  108.6  0  0    0.00    0.00
A08A   346.6  104.0  0  0   -0.27    0.97
A12A   246.5   92.1  0  0   -0.25    1.65
A14A   205.0   96.0  0  0   -0.36    1.35
             766  14   8   6 1
ACC1   266.9   47.4 -1  1    0.00    0.00
AEC1   140.1   26.7 -1 -1    0.00    0.00
AEC2   150.2   53.5 -1 -1    0.00    0.00
A03A   353.7   77.7  1  1    0.00    0.00
A05A    18.1   56.5  1  1    0.00    0.00
A07A   294.4   73.6  1  1    0.00    0.00
A08A   305.1   46.6  1  1    0.00    0.00
A10A    79.3   66.0 -1 -1    0.00    0.00
AEC1   140.1   26.7  0  0   -0.25    0.83
A03A   353.7   77.7  0  0    0.00    0.00
A05A    18.1   56.5  0  0    0.24    0.35
A07A   294.4   73.6  0  0    0.17    1.05
A08A   305.1   46.6  0  0   -0.53    0.79
A10A    79.3   66.0  0  0   -0.65    1.03
             767  16   8   8 1
AAS1   308.8   52.2  1 -1    0.00    0.00
AAS2   290.3   75.2 -1 -1    0.00    0.00
AEC2    35.9   66.8  1  1    0.00    0.00
AEC3    33.1   53.2  1  1    0.00    0.00
AID1    99.8   34.8  1  1    0.00    0.00
A06A   341.5  102.7  1 -1    0.00    0.00
A12A   244.5   84.8  1  1    0.00    0.00
A14A   207.8   89.1  1  1    0.00    0.00
AAS1   308.8   52.2  0  0   -0.38    0.74
AAS2   290.3   75.2  0  0    0.05    1.18
AEC2    35.9   66.8  0  0   -0.64    0.69
AEC3    33.1   53.2  0  0   -0.57    0.31
AID1    99.8   34.8  0  0    0.00    0.00
A06A   341.5  102.7  0  0    0.00    0.00
A12A   244.5   84.8  0  0   -0.44    1.53
A14A   207.8   89.1  0  0   -0.02    2.46
             768  17   9   8 1
AAS1   307.2   54.9 -1 -1    0.00    0.00
ACC1   330.4   90.8  1  1    0.00    0.00
AEC3    28.1   52.3  1  1    0.00    0.00
AID1    98.0   30.0  1 -1    0.00    0.00
A06A   340.8  102.5  1  1    0.00    0.00
A07A   324.3  101.0  1  1    0.00    0.00
A08A   341.0   95.4  1  1    0.00    0.00
A11A   301.8   97.7  1  1    0.00    0.00
A14A   209.7   89.0  1  1    0.00    0.00
AAS1   307.2   54.9  0  0   -0.41    0.75
AEC3    28.1   52.3  0  0   -0.36    0.25
AID1    98.0   30.0  0  0   -0.46    2.28
A06A   340.8  102.5  0  0    0.00    0.00
A07A   324.3  101.0  0  0    0.00    0.00
A08A   341.0   95.4  0  0    0.00    0.00
A11A   301.8   97.7  0  0    0.00    0.00
A14A   209.7   89.0  0  0    0.09    2.38
             769  15   8   7 1
AAS1   308.9   54.7 -1 -1    0.00    0.00
ACC1   331.0   90.9  1  1    0.00    0.00
AEC3    29.2   53.6  1  1    0.00    0.00
AID1    95.9   31.7  1  1    0.00    0.00
A06A   341.1  102.8  1  1    0.00    0.00
A07A   324.7  101.3  1  1    0.00    0.00
A11A   302.2   97.9  1  1    0.00    0.00
A13A   151.0   77.2 -1  1    0.00    0.00
AAS1   308.9   54.7  0  0   -0.30    0.70
AEC3    29.2   53.6  0  0   -0.43    0.30
AID1    95.9   31.7  0  0   -0.37    2.28
A06A   341.1  102.8  0  0    0.00    0.00
A07A   324.7  101.3  0  0    0.00    0.00
A11A   302.2   97.9  0  0   -0.23    1.20
A13A   151.0   77.2  0  0    0.00    0.00
             770  14   8   6 1
AAS1   336.1  101.5  1  1    0.00    0.00
ACC1   339.2  114.6 -1  1    0.00    0.00
AEC1     7.2  111.9  1  1    0.00    0.00
AEC3    13.5  102.8  1  1    0.00    0.00
A10A    28.3  117.0  1  1    0.00    0.00
A12A   274.7  104.2  1 -1    0.00    0.00
A13A   118.2   84.3 -1 -1    0.00    0.00
A14A   227.9   98.7  1  1    0.00    0.00
AAS1   336.1  101.5  0  0   -0.13    1.05
AEC1     7.2  111.9  0  0   -0.15    0.73
AEC3    13.5  102.8  0  0   -0.08    1.04
A12A   274.7  104.2  0  0   -0.70    1.39
A13A   118.2   84.3  0  0    0.23    1.32
A14A   227.9   98.7  0  0   -0.05    1.16
             771  17   9   8 1
AAS1   312.2   56.7 -1 -1    0.00    0.00
AAS2   291.8   79.6 -1 -1    0.00    0.00
ACC1   332.7   93.8 -1 -1    0.00    0.00
AEC2    36.9   73.7  1  1    0.00    0.00
AEC3    34.6   60.6  1  1    0.00    0.00
AID1    96.3   41.8  1  1    0.00    0.00
A07A   325.6  105.6  1 -1    0.00    0.00
A08A   343.1   99.2 -1 -1    0.00    0.00
A12A   244.7   88.2  1  1    0.00    0.00
AAS1   312.2   56.7  0  0   -0.28    0.64
AAS2   291.8   79.6  0  0   -0.11    1.23
AEC2    36.9   73.7  0  0   -0.45    0.89
AEC3    34.6   60.6  0  0   -0.14    0.54
AID1    96.3   41.8  0  0    0.00    0.00
A07A   325.6  105.6  0  0    0.00    0.00
A08A   343.1   99.2  0  0   -0.46    1.16
A12A   244.7   88.2  0  0    0.10    2.34
             772  17   9   8 1
AAS1   300.7   67.4 -1 -1    0.00    0.00
ACC1   325.6   94.1 -1  1    0.00    0.00
AEC1     1.3   82.9  1  1    0.00    0.00
AEC2    18.6   66.1  1  1    0.00    0.00
AEC3     7.7   53.0 -1  1    0.00    0.00
AID1    93.4   10.7 -1 -1    0.00    0.00
A10A    31.6   98.1 -1  1    0.00    0.00
A12A   250.0   90.9  1  1    0.00    0.00
A14A   216.1   91.8  1  1    0.00    0.00
AAS1   300.7   67.4  0  0   -0.13    0.88
AEC1     1.3   82.9  0  0   -0.23    1.31
AEC2    18.6   66.1  0  0   -0.50    0.66
AEC3     7.7   53.0  0  0   -0.08    0.16
AID1    93.4   10.7  0  0   -0.69    3.56
A10A    31.6   98.1  0  0    0.00    0.00
A12A   250.0   90.9  0  0   -0.12    1.90
A14A   216.1   91.8  0  0   -0.64    1.79
             773  17   9   8 1
AEC1   157.9   75.7  1 -1    0.00    0.00
A03A    17.7   40.9 -1 -1    0.00    0.00
A05A   115.8   48.8  1 -1    0.00    0.00
A06A   279.1   37.9  1  1    0.00    0.00
A07A   241.2   65.8 -1  1    0.00    0.00
A08A   194.5   53.1 -1 -1    0.00    0.00
A09A   257.0   83.8  1  1    0.00    0.00
A10A   121.9   79.9 -1 -1    0.00    0.00
A11A   222.2   82.0  1  1    0.00    0.00
AEC1   157.9   75.7  0  0   -0.15    0.95
A03A    17.7   40.9  0  0   -0.34    0.16
A05A   115.8   48.8  0  0    0.23    0.83
A06A   279.1   37.9  0  0   -0.59    1.37
A07A   241.2   65.8  0  0    0.27    0.86
A08A   194.5   53.1  0  0    0.15    0.25
A09A   257.0   83.8  0  0   -0.43    1.50
A10A   121.9   79.9  0  0    0.00    0.00
             774  14   8   6 1
ACC1   214.9   61.6  1  1    0.00    0.00
AEC1   157.0   67.1  1  1    0.00    0.00
AEC2   157.2   79.4 -1  1    0.00    0.00
AEC3   164.2   81.2  1  1    0.00    0.00
A05A    70.8   40.4 -1 -1    0.00    0.00
A07A   266.1   71.1  1 -1    0.00    0.00
A08A   230.9   39.8  1  1    0.00    0.00
A10A   109.5   77.2 -1 -1    0.00    0.00
AEC1   157.0   67.1  0  0   -0.29    0.70
AEC3   164.2   81.2  0  0   -0.19    1.19
A05A    70.8   40.4  0  0    0.00    0.96
A07A   266.1   71.1  0  0    0.15    1.31
A08A   230.9   39.8  0  0   -0.37    0.64
A10A   109.5   77.2  0  0   -0.94    1.14
             775  16   8   8 1
ACC1   164.5   97.7 -1 -1    0.00    0.00
A01A    41.2   78.8  1 -1    0.00    0.00
A02A   227.0    8.3  1  1    0.00    0.00
A03A   109.8   82.0  1 -1    0.00    0.00
A05A   128.3   95.6  1 -1    0.00    0.00
A06A   153.3   74.8 -1 -1    0.00    0.00
A08A   156.8   94.2 -1 -1    0.00    0.00
A09A   218.0   93.4 -1 -1    0.00    0.00
ACC1   164.5   97.7  0  0    0.00    0.00
A01A    41.2   78.8  0  0   -0.26    1.08
A02A   227.0    8.3  0  0   -0.07    1.38
A03A   109.8   82.0  0  0   -0.51    1.26
A05A   128.3   95.6  0  0   -0.70    1.47
A06A   153.3   74.8  0  0   -0.05    0.93
A08A   156.8   94.2  0  0   -0.10    1.57
A09A   218.0   93.4  0  0   -0.64    1.58
             776  19  10   9 1
AEC1   149.7   35.9 -1 -1    0.00    0.00
AEC2   153.7   59.8 -1 -1    0.00    0.00
A03A   353.7   76.0  1  1    0.00    0.00
A05A    22.5   51.9  1  1    0.00    0.00
A07A   289.4   73.0  1  1    0.00    0.00
A08A   294.7   43.0  1  1    0.00    0.00
A09A   283.1   87.7 -1 -1    0.00    0.00
A10A    86.3   66.9 -1 -1    0.00    0.00
A11A   255.9   78.3  1 -1    0.00    0.00
A13A   167.8   86.9  1  1    0.00    0.00
AEC1   149.7   35.9  0  0   -0.41    0.51
A03A   353.7   76.0  0  0   -0.43    0.99
A05A    22.5   51.9  0  0    0.04    0.20
A07A   289.4   73.0  0  0    0.31    1.09
A08A   294.7   43.0  0  0   -0.15    0.97
A09A   283.1   87.7  0  0    0.00    0.00
A10A    86.3   66.9  0  0   -0.80    1.40
A11A   255.9   78.3  0  0   -0.14    1.21
A13A   167.8   86.9  0  0    0.00    0.00
             777  16   9   7 1
AAS1   237.4   58.7  1  1    0.00    0.00
AAS2   252.6   78.9 -1  1    0.00    0.00
ACC1   309.6   79.7 -1 -1    0.00    0.00
AEC1    17.9   49.0 -1 -1    0.00    0.00
AEC3   138.1   31.7  1  1    0.00    0.00
A05A     7.0   92.6 -1 -1    0.00    0.00
A08A   329.1   86.6 -1 -1    0.00    0.00
A10A    49.8   90.0  1  1    0.00    0.00
A11A   283.5   96.0  1  1    0.00    0.00
AAS1   237.4   58.7  0  0   -0.52    0.75
AAS2   252.6   78.9  0  0   -0.30    1.23
AEC1    17.9   49.0  0  0   -0.50    0.09
AEC3   138.1   31.7  0  0   -0.06    0.70
A05A     7.0   92.6  0  0    0.14    1.76
A08A   329.1   86.6  0  0    0.10    1.76
A10A    49.8   90.0  0  0   -0.73    2.12
             778  18  10   8 1
ACC1   210.2   76.7  1  1    0.00    0.00
AEC1   154.4   83.9  1  1    0.00    0.00
AEC2   155.3   94.3  1  1    0.00    0.00
AEC3   162.2   96.0  1  1    0.00    0.00
A03A     3.8   80.0 -1  1    0.00    0.00
A05A    76.2   59.2 -1 -1    0.00    0.00
A06A   310.5   73.3 -1  1    0.00    0.00
A07A   264.3   84.0 -1 -1    0.00    0.00
A09A   269.2  103.1 -1 -1    0.00    0.00
A10A   109.7   92.8 -1 -1    0.00    0.00
AEC1   154.4   83.9  0  0   -0.46    1.32
AEC3   162.2   96.0  0  0   -0.63    1.42
A03A     3.8   80.0  0  0   -0.33    1.14
A05A    76.2   59.2  0  0   -0.02    0.98
A06A   310.5   73.3  0  0   -0.32    0.96
A07A   264.3   84.0  0  0   -0.37    1.55
A09A   269.2  103.1  0  0    0.00    0.00
A10A   109.7   92.8  0  0   -0.71    2.01
             779  15   8   7 1
AAS1   300.5   65.2  1  1    0.00    0.00
AAS2   288.4   82.7  1  1    0.00    0.00
ACC1   325.9   93.2 -1 -1    0.00    0.00
AEC3    10.6   51.2  1  1    0.00    0.00
A10A    32.4   97.3 -1  1    0.00    0.00
A11A   300.0  101.6 -1 -1    0.00    0.00
A12A   249.1   90.0  1  1    0.00    0.00
A14A   215.0   91.3  1  1    0.00    0.00
AAS1   300.5   65.2  0  0   -0.59    0.86
AAS2   288.4   82.7  0  0    0.00    0.00
AEC3    10.6   51.2  0  0   -0.34    0.06
A10A    32.4   97.3  0  0   -0.61    1.32
A11A   300.0  101.6  0  0    0.00    0.00
A12A   249.1   90.0  0  0   -0.38    2.27
A14A   215.0   91.3  0  0   -0.71    1.91
             780  17  10   7 1
AAS1   208.6   61.5 -1 -1    0.00    0.00
ACC1   283.4   55.4 -1  1    0.00    0.00
AEC1   106.8   17.7 -1 -1    0.00    0.00
AEC2   143.5   48.9 -1 -1    0.00    0.00
AEC3   161.3   53.1  1 -1    0.00    0.00
A05A    12.8   68.7  1  1    0.00    0.00
A07A   300.7   80.9  1  1    0.00    0.00
A08A   315.5   59.6  1  1    0.00    0.00
A10A    69.0   71.9 -1 -1    0.00    0.00
A13A   167.1   86.3 -1  1    0.00    0.00
AEC1   106.8   17.7  0  0   -0.22    1.63
AEC3   161.3   53.1  0  0   -0.32    0.31
A05A    12.8   68.7  0  0    0.38    0.74
A07A   300.7   80.9  0  0   -0.28    1.23
A08A   315.5   59.6  0  0    0.13    0.66
A10A    69.0   71.9  0  0   -0.68    0.94
A13A   167.1   86.3  0  0    0.00    0.00
             781  15   9   6 1
AAS1   209.1   57.7 -1 -1    0.00    0.00
ACC1   284.5   52.3 -1  1    0.00    0.00
AEC1   102.5   16.0 -1 -1    0.00    0.00
AEC2   142.7   45.2 -1 -1    0.00    0.00
AEC3   160.9   49.1  1 -1    0.00    0.00
A05A    12.6   65.9  1  1    0.00    0.00
A07A   301.2   78.1  1  1    0.00    0.00
A08A   316.2   56.8  1  1    0.00    0.00
A10A    68.4   68.8 -1 -1    0.00    0.00
AEC1   102.5   16.0  0  0   -0.37    1.72
AEC3   160.9   49.1  0  0   -0.45    0.16
A05A    12.6   65.9  0  0    0.78    0.65
A07A   301.2   78.1  0  0   -0.38    1.14
A08A   316.2   56.8  0  0   -0.10    0.60
A10A    68.4   68.8  0  0   -0.77    0.90
             782  16   9   7 1
AAS1   209.2   56.8 -1 -1    0.00    0.00
ACC1   285.7   52.0  1  1    0.00    0.00
AEC1    97.8   16.1 -1 -1    0.00    0.00
AEC3   160.1   48.3  1 -1    0.00    0.00
A03A   353.6   82.9  1  1    0.00    0.00
A05A    12.7   66.2  1  1    0.00    0.00
A08A   317.1   56.9  1  1    0.00    0.00
A10A    67.8   68.9 -1 -1    0.00    0.00
A14A   196.8   87.9  1  1    0.00    0.00
AAS1   209.2   56.8  0  0   -0.38    0.42
AEC1    97.8   16.1  0  0   -0.27    2.41
AEC3   160.1   48.3  0  0   -0.39    0.24
A03A   353.6   82.9  0  0    0.00    0.00
A05A    12.7   66.2  0  0    0.52    0.67
A08A   317.1   56.9  0  0   -0.08    0.62
A14A   196.8   87.9  0  0    0.00    0.00
             783  20  11   9 1
AAS1   194.6   65.5 -1 -1    0.00    0.00
ACC1   253.9   43.5 -1  1    0.00    0.00
AEC1   141.7   37.3  1  1    0.00    0.00
AEC2   149.4   59.8  1  1    0.00    0.00
AEC3   160.6   62.7 -1  1    0.00    0.00
A03A   356.6   74.9 -1 -1    0.00    0.00
A05A    27.4   52.6 -1 -1    0.00    0.00
A07A   290.8   70.3  1  1    0.00    0.00
A08A   299.0   38.1  1  1    0.00    0.00
A09A   283.7   86.1  1  1    0.00    0.00
A10A    86.2   68.0 -1  1    0.00    0.00
AAS1   194.6   65.5  0  0    0.00    0.00
AEC1   141.7   37.3  0  0    0.26    0.67
AEC3   160.6   62.7  0  0   -0.00    0.58
A03A   356.6   74.9  0  0   -0.94    0.95
A05A    27.4   52.6  0  0   -0.24    0.22
A07A   290.8   70.3  0  0   -0.62    1.16
A08A   299.0   38.1  0  0   -0.08    1.06
A09A   283.7   86.1  0  0    0.00    0.00
A10A    86.2   68.0  0  0   -0.89    1.12
             784  14   8   6 1
ACC1   250.2   58.9 -1 -1    0.00    0.00
AEC1   145.1   52.8  1  1    0.00    0.00
AEC2   150.9   76.2  1  1    0.00    0.00
AEC3   161.7   79.1  1  1    0.00    0.00
A07A   288.9   85.1  1 -1    0.00    0.00
A08A   294.3   50.3  1 -1    0.00    0.00
A10A    88.3   82.9 -1 -1    0.00    0.00
A11A   254.0   90.5  1 -1    0.00    0.00
AEC1   145.1   52.8  0  0    0.10    0.37
AEC3   161.7   79.1  0  0   -0.33    1.09
A07A   288.9   85.1  0  0   -0.56    1.62
A08A   294.3   50.3  0  0   -0.67    0.83
A10A    88.3   82.9  0  0   -0.74    2.54
A11A   254.0   90.5  0  0   -0.68    1.88
             785  18  10   8 1
ACC1   247.7   57.6 -1  1    0.00    0.00
AEC1   146.8   52.6 -1 -1    0.00    0.00
AEC2   151.7   75.0 -1 -1    0.00    0.00
AEC3   162.1   77.9 -1 -1    0.00    0.00
A03A   356.2   86.2 -1 -1    0.00    0.00
A05A    29.8   62.3  1  1    0.00    0.00
A07A   287.7   82.6  1  1    0.00    0.00
A08A   291.1   47.7  1  1    0.00    0.00
A10A    89.6   80.6 -1  1    0.00    0.00
A11A   253.0   88.4  1  1    0.00    0.00
AEC1   146.8   52.6  0  0   -0.18    0.44
AEC3   162.1   77.9  0  0   -0.58    1.04
A03A   356.2   86.2  0  0   -0.29    1.59
A05A    29.8   62.3  0  0   -0.11    0.56
A07A   287.7   82.6  0  0    0.23    1.40
A08A   291.1   47.7  0  0   -0.24    1.08
A10A    89.6   80.6  0  0    0.00    0.00
A11A   253.0   88.4  0  0   -0.90    2.45
             786  13   8   5 1
ACC1   255.2   45.0 -1 -1    0.00    0.00
AEC1   137.4   40.7 -1 -1    0.00    0.00
AEC2   147.1   63.4 -1 -1    0.00    0.00
AEC3   158.7   66.1  1 -1    0.00    0.00
A05A    28.6   57.8  1  1    0.00    0.00
A08A   302.9   40.4  1  1    0.00    0.00
A09A   284.5   88.9  1  1    0.00    0.00
A10A    85.3   72.5 -1 -1    0.00    0.00
ACC1   255.2   45.0  0  0    0.00    0.00
AEC1   137.4   40.7  0  0   -0.59    0.60
A05A    28.6   57.8  0  0    0.05    0.43
A08A   302.9   40.4  0  0   -0.15    0.84
A09A   284.5   88.9  0  0    0.00    0.00
             787  17   9   8 1
AAS1   309.2   52.4  1 -1    0.00    0.00
AAS2   290.4   75.6 -1 -1    0.00    0.00
ACC1   331.7   90.6 -1 -1    0.00    0.00
AEC2    36.3   67.6  1  1    0.00    0.00
AEC3    33.6   53.9  1  1    0.00    0.00
AID1    99.6   35.8  1  1    0.00    0.00
A12A   244.4   85.1  1  1    0.00    0.00
A13A   150.0   78.9  1 -1    0.00    0.00
A14A   207.7   89.5  1  1    0.00    0.00
AAS1   309.2   52.4  0  0   -0.24    0.74
AAS2   290.4   75.6  0  0    0.00    0.00
AEC2    36.3   67.6  0  0   -0.52    0.71
AEC3    33.6   53.9  0  0   -0.54    0.33
AID1    99.6   35.8  0  0   -0.47    2.09
A12A   244.4   85.1  0  0   -0.50    1.55
A13A   150.0   78.9  0  0    0.00    0.00
A14A   207.7   89.5  0  0   -0.19    2.91
             788  20  10  10 1
AAS1   255.1   55.1  1  1    0.00    0.00
ACC1   313.1   81.3 -1 -1    0.00    0.00
AEC1     5.6   55.3 -1 -1    0.00    0.00
AEC2    62.1   30.3  1  1    0.00    0.00
AEC3   110.0   11.7 -1  1    0.00    0.00
AID1   167.6   50.8 -1  1    0.00    0.00
A02A   332.5  102.6 -1 -1    0.00    0.00
A09A   301.2  100.8  1  1    0.00    0.00
A10A    43.0   88.4 -1 -1    0.00    0.00
A11A   287.6   93.8  1  1    0.00    0.00
AAS1   255.1   55.1  0  0   -0.82    0.99
ACC1   313.1   81.3  0  0   -0.30    1.25
AEC1     5.6   55.3  0  0   -0.34    0.28
AEC2    62.1   30.3  0  0   -0.75    0.95
AEC3   110.0   11.7  0  0   -0.34    1.64
AID1   167.6   50.8  0  0   -0.08    0.13
A02A   332.5  102.6  0  0    0.00    0.00
A09A   301.2  100.8  0  0    0.00    0.00
A10A    43.0   88.4  0  0   -1.15    1.86
A11A   287.6   93.8  0  0    0.00    0.00
             789  17   9   8 1
AAS1   254.7   55.2  1  1    0.00    0.00
ACC1   313.7   82.1 -1  1    0.00    0.00
AEC1     7.1   56.5 -1 -1    0.00    0.00
AEC2    63.5   32.5  1 -1    0.00    0.00
AEC3   107.4   13.7 -1 -1    0.00    0.00
AID1   165.9   52.2 -1 -1    0.00    0.00
A08A   330.2   88.7  1  1    0.00    0.00
A10A    43.4   89.7 -1 -1    0.00    0.00
A11A   287.7   94.7  1  1    0.00    0.00
AAS1   254.7   55.2  0  0   -0.67    1.01
AEC1     7.1   56.5  0  0   -0.31    0.33
AEC2    63.5   32.5  0  0   -0.50    0.96
AEC3   107.4   13.7  0  0   -0.31    1.60
AID1   165.9   52.2  0  0   -0.02    0.18
A08A   330.2   88.7  0  0   -0.41    2.29
A10A    43.4   89.7  0  0   -1.21    2.10
A11A   287.7   94.7  0  0    0.00    0.00
             790  17   9   8 1
AAS1   257.2   53.8  1  1    0.00    0.00
ACC1   314.1   81.1 -1  1    0.00    0.00
AEC1     5.9   56.2 -1 -1    0.00    0.00
AEC2    58.6   31.5  1 -1    0.00    0.00
AEC3    96.8   11.5 -1 -1    0.00    0.00
A09A   301.6  100.5  1  1    0.00    0.00
A10A    42.5   88.1  1 -1    0.00    0.00
A11A   288.3   93.3  1  1    0.00    0.00
A13A   166.1   84.6  1  1    0.00    0.00
AAS1   257.2   53.8  0  0   -0.71    0.92
ACC1   314.1   81.1  0  0   -0.10    1.26
AEC1     5.9   56.2  0  0   -0.02    0.32
AEC2    58.6   31.5  0  0   -0.73    0.81
AEC3    96.8   11.5  0  0   -0.64    2.78
A10A    42.5   88.1  0  0   -1.36    1.75
A11A   288.3   93.3  0  0    0.00    0.00
A13A   166.1   84.6  0  0    0.00    0.00
             791  23  12  11 1
AAS1   224.8   50.8  1 -1    0.00    0.00
AAS2   244.7   68.5 -1 -1    0.00    0.00
ACC1   305.3   65.0 -1 -1    0.00    0.00
AEC1    32.1   31.9 -1 -1    0.00    0.00
AEC2   113.2   36.5  1  1    0.00    0.00
AEC3   145.5   35.6  1  1    0.00    0.00
A07A   310.0   86.6  1  1    0.00    0.00
A08A   327.8   72.6  1  1    0.00    0.00
A10A    55.2   78.7 -1 -1    0.00    0.00
A12A   222.2   85.0  1 -1    0.00    0.00
A13A   164.7   84.3  1  1    0.00    0.00
A14A   199.6   89.9  1  1    0.00    0.00
AAS1   224.8   50.8  0  0   -0.55    0.47
AAS2   244.7   68.5  0  0   -0.48    0.87
ACC1   305.3   65.0  0  0   -0.39    0.84
AEC1    32.1   31.9  0  0   -0.21    0.53
AEC2   113.2   36.5  0  0   -0.66    1.14
AEC3   145.5   35.6  0  0   -0.05    0.61
A08A   327.8   72.6  0  0   -0.02    0.91
A10A    55.2   78.7  0  0   -0.63    1.06
A12A   222.2   85.0  0  0   -0.29    1.55
A13A   164.7   84.3  0  0    0.60    1.37
A14A   199.6   89.9  0  0   -0.29    2.76
             792  20  10  10 1
AAS1   317.3   59.4  1  1    0.00    0.00
AAS2   294.1   82.1 -1  1    0.00    0.00
AEC1    15.6   89.6 -1 -1    0.00    0.00
AEC3    36.4   67.0 -1 -1    0.00    0.00
AID1    92.0   48.6  1 -1    0.00    0.00
A06A   343.0  109.5  1  1    0.00    0.00
A08A   344.4  101.4  1  1    0.00    0.00
A12A   244.9   90.2  1 -1    0.00    0.00
A13A   146.0   87.1  1  1    0.00    0.00
A14A   206.2   94.6 -1 -1    0.00    0.00
AAS1   317.3   59.4  0  0   -0.77    0.69
AAS2   294.1   82.1  0  0   -0.32    1.38
AEC1    15.6   89.6  0  0   -0.46    2.38
AEC3    36.4   67.0  0  0    0.00    0.69
AID1    92.0   48.6  0  0   -0.37    1.44
A06A   343.0  109.5  0  0    0.00    0.00
A08A   344.4  101.4  0  0   -0.34    1.06
A12A   244.9   90.2  0  0    0.11    1.98
A13A   146.0   87.1  0  0   -0.04    1.57
A14A   206.2   94.6  0  0    0.02    1.45
             793  15   9   6 1
ACC1   229.3   49.7 -1 -1    0.00    0.00
AEC1   150.1   54.2  1  1    0.00    0.00
AEC2   152.9   70.9  1  1    0.00    0.00
AEC3   161.6   73.2  1  1    0.00    0.00
A05A    45.5   46.2  1  1    0.00    0.00
A07A   279.5   69.1  1 -1    0.00    0.00
A08A   266.5   31.2  1 -1    0.00    0.00
A10A    98.4   72.7 -1 -1    0.00    0.00
A11A   245.3   78.6  1 -1    0.00    0.00
AEC1   150.1   54.2  0  0   -0.44    0.44
AEC3   161.6   73.2  0  0   -0.45    0.88
A05A    45.5   46.2  0  0    0.16    0.44
A07A   279.5   69.1  0  0   -0.77    1.75
A08A   266.5   31.2  0  0   -0.57    1.43
A11A   245.3   78.6  0  0    0.00    0.00
             794  15   9   6 1
ACC1   231.1   48.9 -1  1    0.00    0.00
AEC1   149.6   53.0  1 -1    0.00    0.00
AEC2   152.7   70.1 -1 -1    0.00    0.00
AEC3   161.5   72.5  1 -1    0.00    0.00
A05A    43.7   46.7  1  1    0.00    0.00
A07A   280.6   69.1  1  1    0.00    0.00
A08A   269.9   31.4  1  1    0.00    0.00
A10A    97.5   72.3 -1 -1    0.00    0.00
A11A   246.1   78.4  1  1    0.00    0.00
AEC1   149.6   53.0  0  0   -0.42    0.36
AEC3   161.5   72.5  0  0   -0.30    0.86
A05A    43.7   46.7  0  0    0.16    0.53
A07A   280.6   69.1  0  0   -0.53    1.18
A08A   269.9   31.4  0  0   -0.52    2.79
A11A   246.1   78.4  0  0    0.00    0.00
             795  20  10  10 1
ACC1   231.6   51.0 -1  1    0.00    0.00
AEC1   150.3   54.4 -1 -1    0.00    0.00
AEC2   153.1   71.7 -1 -1    0.00    0.00
AEC3   162.0   74.0 -1 -1    0.00    0.00
A03A   358.5   73.2 -1 -1    0.00    0.00
A05A    43.0   47.9  1  1    0.00    0.00
A07A   280.5   71.1  1  1    0.00    0.00
A08A   269.9   33.4  1  1    0.00    0.00
A10A    97.5   73.7 -1  1    0.00    0.00
A11A   246.3   80.1  1  1    0.00    0.00
ACC1   231.6   51.0  0  0   -0.79    0.65
AEC1   150.3   54.4  0  0   -0.47    0.37
AEC2   153.1   71.7  0  0   -0.31    0.83
AEC3   162.0   74.0  0  0   -0.38    0.90
A03A   358.5   73.2  0  0   -0.58    0.89
A05A    43.0   47.9  0  0    0.28    0.52
A07A   280.5   71.1  0  0    0.27    1.18
A08A   269.9   33.4  0  0   -0.44    2.43
A10A    97.5   73.7  0  0   -0.82    1.28
A11A   246.3   80.1  0  0   -0.40    1.23
             796  16   9   7 1
ACC1   230.1   48.6 -1  1    0.00    0.00
AEC1   150.2   52.7 -1 -1    0.00    0.00
AEC2   153.0   69.6 -1 -1    0.00    0.00
AEC3   161.7   72.0  1 -1    0.00    0.00
A05A    44.6   45.3  1 -1    0.00    0.00
A07A   279.9   68.2  1  1    0.00    0.00
A08A   267.7   30.8  1  1    0.00    0.00
A10A    98.1   71.5 -1 -1    0.00    0.00
A11A   245.6   77.7  1  1    0.00    0.00
AEC1   150.2   52.7  0  0   -0.54    0.34
AEC3   161.7   72.0  0  0   -0.21    0.84
A05A    44.6   45.3  0  0    0.03    0.56
A07A   279.9   68.2  0  0    0.10    1.18
A08A   267.7   30.8  0  0   -0.62    2.40
A10A    98.1   71.5  0  0   -0.94    1.25
A11A   245.6   77.7  0  0   -0.45    1.12
             797  16   9   7 1
ACC1   231.6   48.7 -1  1    0.00    0.00
AEC1   149.3   52.7 -1 -1    0.00    0.00
AEC2   152.5   70.0 -1 -1    0.00    0.00
AEC3   161.4   72.3 -1 -1    0.00    0.00
A03A   358.9   71.7 -1 -1    0.00    0.00
A05A    43.2   47.0  1  1    0.00    0.00
A07A   280.9   69.2  1  1    0.00    0.00
A08A   271.0   31.4  1  1    0.00    0.00
A10A    97.1   72.3 -1  1    0.00    0.00
AEC1   149.3   52.7  0  0   -0.60    0.41
AEC3   161.4   72.3  0  0   -0.16    0.85
A03A   358.9   71.7  0  0   -0.54    0.84
A05A    43.2   47.0  0  0    0.18    0.43
A07A   280.9   69.2  0  0    0.07    1.44
A08A   271.0   31.4  0  0   -0.67    1.82
A10A    97.1   72.3  0  0   -0.88    1.88
             798  15   8   7 1
AAS1   330.8   65.7  1  1    0.00    0.00
AAS2   300.1   87.4  1  1    0.00    0.00
ACC1   338.8  103.1  1 -1    0.00    0.00
AID1    85.8   66.5  1  1    0.00    0.00
A05A    11.4  110.9 -1 -1    0.00    0.00
A08A   347.8  107.3  1 -1    0.00    0.00
A12A   244.8   95.3  1  1    0.00    0.00
A13A   139.9   95.1 -1  1    0.00    0.00
AAS1   330.8   65.7  0  0   -0.13    0.71
AAS2   300.1   87.4  0  0   -0.12    1.98
AID1    85.8   66.5  0  0   -0.17    1.24
A05A    11.4  110.9  0  0   -0.31    0.76
A08A   347.8  107.3  0  0   -0.43    0.86
A12A   244.8   95.3  0  0    0.03    1.35
A13A   139.9   95.1  0  0    0.00    0.00
             799  15   8   7 1
ACC1   196.9   75.2 -1 -1    0.00    0.00
AEC1   157.5   81.8  1 -1    0.00    0.00
A03A    15.2   50.9 -1 -1    0.00    0.00
A05A   112.1   54.8  1  1    0.00    0.00
A06A   284.6   46.1  1  1    0.00    0.00
A08A   196.3   58.6 -1 -1    0.00    0.00
A09A   258.5   90.3  1  1    0.00    0.00
A10A   120.6   86.1 -1  1    0.00    0.00
AEC1   157.5   81.8  0  0   -0.27    1.21
A03A    15.2   50.9  0  0   -0.61    0.13
A05A   112.1   54.8  0  0    0.28    0.88
A06A   284.6   46.1  0  0   -1.16    1.11
A08A   196.3   58.6  0  0   -0.14    0.46
A09A   258.5   90.3  0  0   -0.49    1.96
A10A   120.6   86.1  0  0    0.00    0.00
             800  15   8   7 1
AAS1   328.0   68.4  1 -1    0.00    0.00
AAS2   301.7   86.6 -1 -1    0.00    0.00
AEC2    35.2   87.0  1  1    0.00    0.00
AEC3    32.9   77.3  1  1    0.00    0.00
AID1    75.2   56.5  1  1    0.00    0.00
A08A   346.2  104.2  1 -1    0.00    0.00
A12A   249.7   91.7  1  1    0.00    0.00
A14A   207.2   94.7 -1  1    0.00    0.00
AAS1   328.0   68.4  0  0   -0.07    0.79
AAS2   301.7   86.6  0  0   -0.13    1.80
AEC3    32.9   77.3  0  0   -0.23    1.01
AID1    75.2   56.5  0  0   -0.74    0.88
A08A   346.2  104.2  0  0    0.00    0.00
A12A   249.7   91.7  0  0   -0.12    1.72
A14A   207.2   94.7  0  0   -0.27    1.44
             801  17   9   8 1
AAS1   327.1   69.5  1 -1    0.00    0.00
AAS2   300.6   88.4 -1 -1    0.00    0.00
ACC1   337.2  102.2  1  1    0.00    0.00
AEC2    36.3   88.8  1  1    0.00    0.00
AEC3    34.3   79.0  1  1    0.00    0.00
AID1    78.6   59.0  1  1    0.00    0.00
A08A   346.2  106.0  1  1    0.00    0.00
A12A   248.5   94.3  1  1    0.00    0.00
A14A   206.5   97.9 -1  1    0.00    0.00
AAS1   327.1   69.5  0  0    0.11    0.81
AAS2   300.6   88.4  0  0    0.05    2.29
AEC2    36.3   88.8  0  0   -0.15    1.94
AEC3    34.3   79.0  0  0   -0.14    1.08
AID1    78.6   59.0  0  0   -0.49    0.96
A08A   346.2  106.0  0  0    0.03    0.90
A12A   248.5   94.3  0  0   -0.03    1.46
A14A   206.5   97.9  0  0   -0.17    1.24
             802  15   8   7 1
AAS1   325.7   61.5  1  1    0.00    0.00
AAS2   300.3   80.4 -1  1    0.00    0.00
AEC1    15.1   89.5 -1 -1    0.00    0.00
AEC3    32.4   69.5  1 -1    0.00    0.00
AID1    76.8   48.4  1  1    0.00    0.00
A08A   345.6  100.9  1 -1    0.00    0.00
A12A   249.2   86.3  1 -1    0.00    0.00
A14A   207.6   89.7 -1 -1    0.00    0.00
AAS1   325.7   61.5  0  0    0.00    0.64
AAS2   300.3   80.4  0  0   -0.08    1.25
AEC1    15.1   89.5  0  0   -0.26    2.23
AEC3    32.4   69.5  0  0   -0.26    0.76
AID1    76.8   48.4  0  0    0.00    0.00
A12A   249.2   86.3  0  0   -0.13    1.79
A14A   207.6   89.7  0  0   -0.41    2.62
             803  15   8   7 1
ACC1   165.3   99.8 -1 -1    0.00    0.00
A01A    38.2   80.5  1 -1    0.00    0.00
A02A   264.3   11.7  1  1    0.00    0.00
A03A   108.7   82.0  1 -1    0.00    0.00
A05A   128.2   97.1  1 -1    0.00    0.00
A06A   154.6   74.7 -1 -1    0.00    0.00
A08A   157.5   95.3 -1 -1    0.00    0.00
A09A   219.9   95.0 -1 -1    0.00    0.00
A01A    38.2   80.5  0  0   -0.48    1.15
A02A   264.3   11.7  0  0    0.10    2.14
A03A   108.7   82.0  0  0   -0.59    1.25
A05A   128.2   97.1  0  0    0.00    0.00
A06A   154.6   74.7  0  0    0.11    0.93
A08A   157.5   95.3  0  0   -0.47    1.46
A09A   219.9   95.0  0  0   -0.50    1.42
             804  15   8   7 1
AAS1   333.8   76.3  1  1    0.00    0.00
ACC1   339.3  106.3  1  1    0.00    0.00
A07A   330.1  113.6 -1 -1    0.00    0.00
A08A   347.7  109.9 -1  1    0.00    0.00
A11A   308.9  110.0 -1 -1    0.00    0.00
A12A   250.9   96.7  1 -1    0.00    0.00
A13A   136.9   94.0  1  1    0.00    0.00
A14A   206.2  100.5 -1 -1    0.00    0.00
AAS1   333.8   76.3  0  0   -0.25    1.02
A07A   330.1  113.6  0  0    0.00    0.00
A08A   347.7  109.9  0  0    0.00    0.00
A11A   308.9  110.0  0  0    0.13    0.82
A12A   250.9   96.7  0  0    0.31    1.27
A13A   136.9   94.0  0  0    0.09    1.70
A14A   206.2  100.5  0  0   -0.59    1.10
             805  14   8   6 1
ACC1   254.9   57.3  1  1    0.00    0.00
AEC2   153.1   69.5 -1 -1    0.00    0.00
AEC3   164.2   72.8  1 -1    0.00    0.00
A05A    23.2   61.5  1  1    0.00    0.00
A07A   289.5   81.8  1  1    0.00    0.00
A08A   295.1   51.1  1  1    0.00    0.00
A10A    86.3   76.5 -1  1    0.00    0.00
A11A   255.8   86.6  1  1    0.00    0.00
AEC3   164.2   72.8  0  0   -0.25    0.86
A05A    23.2   61.5  0  0   -0.09    0.52
A07A   289.5   81.8  0  0    0.21    1.35
A08A   295.1   51.1  0  0   -0.36    0.96
A10A    86.3   76.5  0  0   -0.53    1.29
A11A   255.8   86.6  0  0   -0.58    1.79
             806  16   9   7 1
AAS2   131.9   27.5 -1 -1    0.00    0.00
ACC1    25.1   66.7  1  1    0.00    0.00
AEC2    86.5   85.1 -1  1    0.00    0.00
AEC3    93.1   81.7  1  1    0.00    0.00
AID1   112.1   84.5  1  1    0.00    0.00
A06A     5.4   92.9  1  1    0.00    0.00
A09A   318.6   92.5  1  1    0.00    0.00
A11A   312.0   64.8  1  1    0.00    0.00
A14A   166.7   89.3 -1  1    0.00    0.00
AAS2   131.9   27.5  0  0    0.00    0.00
AEC3    93.1   81.7  0  0   -0.56    2.32
AID1   112.1   84.5  0  0    0.00    0.00
A06A     5.4   92.9  0  0    0.00    0.00
A09A   318.6   92.5  0  0   -0.29    1.67
A11A   312.0   64.8  0  0    0.70    0.75
A14A   166.7   89.3  0  0   -0.18    2.22
             807  15   8   7 1
AAS1   309.7   62.7  1  1    0.00    0.00
ACC1   331.6   97.0 -1  1    0.00    0.00
AEC1    12.4   89.2 -1 -1    0.00    0.00
AEC2    34.9   76.8  1 -1    0.00    0.00
AEC3    31.7   63.4  1 -1    0.00    0.00
AID1    97.0   41.5  1  1    0.00    0.00
A07A   325.0  107.8  1  1    0.00    0.00
A13A   150.1   87.2  1  1    0.00    0.00
AAS1   309.7   62.7  0  0   -0.53    0.74
AEC1    12.4   89.2  0  0    0.01    2.18
AEC2    34.9   76.8  0  0   -0.25    0.99
AEC3    31.7   63.4  0  0   -0.18    0.60
AID1    97.0   41.5  0  0   -0.40    1.75
A07A   325.0  107.8  0  0    0.00    0.00
A13A   150.1   87.2  0  0   -0.62    1.61
             808  18   9   9 1
AAS1   312.3   57.2 -1 -1    0.00    0.00
AAS2   291.6   80.6 -1 -1    0.00    0.00
AEC2    37.8   75.2 -1  1    0.00    0.00
AEC3    36.0   62.1  1  1    0.00    0.00
AID1    97.4   44.4  1  1    0.00    0.00
A05A     8.6  105.3  1  1    0.00    0.00
A11A   302.8  101.8 -1 -1    0.00    0.00
A12A   244.1   89.4  1  1    0.00    0.00
A13A   148.2   85.3  1 -1    0.00    0.00
AAS1   312.3   57.2  0  0   -0.25    0.64
AAS2   291.6   80.6  0  0    0.00    0.00
AEC2    37.8   75.2  0  0   -0.48    0.94
AEC3    36.0   62.1  0  0   -0.45    0.58
AID1    97.4   44.4  0  0   -0.54    1.56
A05A     8.6  105.3  0  0    0.00    0.00
A11A   302.8  101.8  0  0   -0.11    1.05
A12A   244.1   89.4  0  0   -0.11    2.41
A13A   148.2   85.3  0  0    0.04    1.42
             809  16   8   8 1
AAS1    98.3   69.3  1  1    0.00    0.00
AAS2   131.3   17.9 -1 -1    0.00    0.00
A01A     5.3  114.3  1  1    0.00    0.00
A03A    16.1  111.2  1  1    0.00    0.00
A07A   344.8  100.8 -1  1    0.00    0.00
A09A   318.1  106.6  1  1    0.00    0.00
A12A   190.1   87.4 -1  1    0.00    0.00
A14A   169.9  101.5  1  1    0.00    0.00
AAS1    98.3   69.3  0  0   -0.56    1.83
AAS2   131.3   17.9  0  0   -0.46    1.14
A01A     5.3  114.3  0  0    0.00    0.00
A03A    16.1  111.2  0  0    0.00    0.00
A07A   344.8  100.8  0  0    0.27    1.10
A09A   318.1  106.6  0  0   -0.17    0.90
A12A   190.1   87.4  0  0    0.10    1.77
A14A   169.9  101.5  0  0   -0.52    1.09
             810  16   8   8 1
A01A    38.6   68.8  1 -1    0.00    0.00
A03A   108.6   70.4  1  1    0.00    0.00
A05A   128.0   86.5  1  1    0.00    0.00
A06A   154.0   62.7 -1  1    0.00    0.00
A08A   157.2   84.5  1  1    0.00    0.00
A09A   219.6   83.9 -1 -1    0.00    0.00
A11A   189.8   91.3  1 -1    0.00    0.00
A14A   172.5  103.0 -1 -1    0.00    0.00
A01A    38.6   68.8  0  0   -0.31    0.75
A03A   108.6   70.4  0  0   -0.58    1.05
A05A   128.0   86.5  0  0   -0.96    1.52
A06A   154.0   62.7  0  0    0.23    0.58
A08A   157.2   84.5  0  0    0.00    0.00
A09A   219.6   83.9  0  0   -0.53    1.42
A11A   189.8   91.3  0  0    0.00    0.00
A14A   172.5  103.0  0  0    0.00    0.00
             811  16   9   7 1
AAS1   327.9   66.2  1 -1    0.00    0.00
AAS2   299.4   87.3 -1 -1    0.00    0.00
ACC1   337.7  102.1 -1 -1    0.00    0.00
AEC2    39.4   89.1 -1  1    0.00    0.00
AEC3    38.5   79.1  1  1    0.00    0.00
AID1    84.5   62.3  1  1    0.00    0.00
A05A    10.6  110.1 -1 -1    0.00    0.00
A08A   346.9  106.3  1 -1    0.00    0.00
A12A   245.9   94.6  1  1    0.00    0.00
AAS1   327.9   66.2  0  0   -0.15    0.72
AAS2   299.4   87.3  0  0   -0.02    1.97
AEC3    38.5   79.1  0  0    0.01    1.08
AID1    84.5   62.3  0  0   -0.31    1.34
A05A    10.6  110.1  0  0    0.00    0.00
A08A   346.9  106.3  0  0    0.00    0.00
A12A   245.9   94.6  0  0   -0.26    1.41
             812  14   8   6 1
ACC1   236.3   41.6 -1 -1    0.00    0.00
AEC1   140.9   48.8  1  1    0.00    0.00
AEC2   147.7   66.9  1  1    0.00    0.00
AEC3   157.4   69.1  1  1    0.00    0.00
A07A   286.5   67.0  1 -1    0.00    0.00
A08A   288.5   27.7  1 -1    0.00    0.00
A10A    92.5   72.2 -1 -1    0.00    0.00
A11A   249.1   75.5  1 -1    0.00    0.00
AEC1   140.9   48.8  0  0   -0.09    0.41
AEC3   157.4   69.1  0  0   -0.27    0.74
A07A   286.5   67.0  0  0    0.00    1.00
A08A   288.5   27.7  0  0   -0.80    1.17
A10A    92.5   72.2  0  0   -0.49    1.54
A11A   249.1   75.5  0  0   -0.15    1.11
             813  17   9   8 1
AAS2   298.0   74.9  1 -1    0.00    0.00
ACC1   336.9   92.2 -1 -1    0.00    0.00
AEC2    39.2   75.7 -1  1    0.00    0.00
AEC3    38.2   64.8  1  1    0.00    0.00
AID1    86.4   48.3  1  1    0.00    0.00
A07A   328.3  104.4 -1 -1    0.00    0.00
A08A   346.3   98.3 -1 -1    0.00    0.00
A12A   245.5   83.3  1  1    0.00    0.00
A14A   204.8   88.4  1  1    0.00    0.00
AAS2   298.0   74.9  0  0   -0.08    1.08
AEC2    39.2   75.7  0  0   -0.37    0.95
AEC3    38.2   64.8  0  0   -0.30    0.64
AID1    86.4   48.3  0  0   -0.45    1.23
A07A   328.3  104.4  0  0    0.00    0.00
A08A   346.3   98.3  0  0    0.00    0.00
A12A   245.5   83.3  0  0   -0.24    1.40
A14A   204.8   88.4  0  0   -0.22    2.07
             814  23  12  11 1
AAS1   120.0   67.0  1  1    0.00    0.00
AAS2   153.7   44.4 -1 -1    0.00    0.00
ACC1    30.6   63.1 -1 -1    0.00    0.00
AEC2    93.9   89.8  1  1    0.00    0.00
AEC3   101.3   86.9 -1  1    0.00    0.00
AID1   119.0   90.8 -1  1    0.00    0.00
A03A    20.2  100.1  1 -1    0.00    0.00
A05A    41.8   96.4  1 -1    0.00    0.00
A06A     5.5   95.2 -1 -1    0.00    0.00
A09A   314.4   95.3  1  1    0.00    0.00
A11A   299.7   64.9  1  1    0.00    0.00
A14A   168.5   95.9 -1 -1    0.00    0.00
AAS1   120.0   67.0  0  0    0.05    0.88
AAS2   153.7   44.4  0  0    0.00    0.00
AEC2    93.9   89.8  0  0   -0.21    2.08
AEC3   101.3   86.9  0  0   -0.24    1.61
AID1   119.0   90.8  0  0    0.09    2.42
A03A    20.2  100.1  0  0    0.00    0.00
A05A    41.8   96.4  0  0    0.00    0.00
A06A     5.5   95.2  0  0   -0.60    1.45
A09A   314.4   95.3  0  0   -0.13    1.36
A11A   299.7   64.9  0  0    0.46    0.89
A14A   168.5   95.9  0  0    0.02    1.42
             815  21  11  10 1
AAS1   276.3   51.5  1 -1    0.00    0.00
AAS2   274.0   73.1 -1 -1    0.00    0.00
ACC1   319.2   81.4 -1  1    0.00    0.00
AID1   162.0   30.8  1  1    0.00    0.00
A02A   333.9  100.4  1  1    0.00    0.00
A06A   335.6   96.1 -1  1    0.00    0.00
A07A   317.4   94.0  1  1    0.00    0.00
A08A   332.9   86.7  1  1    0.00    0.00
A09A   304.3   99.0  1  1    0.00    0.00
A10A    37.4   86.4 -1 -1    0.00    0.00
A11A   293.2   91.9 -1 -1    0.00    0.00
AAS1   276.3   51.5  0  0   -0.49    1.34
AAS2   274.0   73.1  0  0   -0.17    1.42
AID1   162.0   30.8  0  0   -0.15    0.49
A02A   333.9  100.4  0  0    0.00    0.00
A06A   335.6   96.1  0  0   -0.31    1.33
A07A   317.4   94.0  0  0    0.00    0.00
A08A   332.9   86.7  0  0   -0.41    1.73
A09A   304.3   99.0  0  0    0.00    0.00
A10A    37.4   86.4  0  0   -0.81    1.52
A11A   293.2   91.9  0  0    0.00    0.00
             816  16   8   8 1
ACC1   253.3   42.3  1  1    0.00    0.00
AEC1   142.2   36.4  1 -1    0.00    0.00
AEC3   160.8   61.4 -1 -1    0.00    0.00
A05A    27.7   50.9 -1 -1    0.00    0.00
A07A   290.5   68.8  1  1    0.00    0.00
A08A   298.3   36.6  1  1    0.00    0.00
A09A   283.6   85.1  1  1    0.00    0.00
A10A    86.5   66.5 -1 -1    0.00    0.00
ACC1   253.3   42.3  0  0   -0.29    0.98
AEC1   142.2   36.4  0  0    0.05    0.63
AEC3   160.8   61.4  0  0    0.05    0.55
A05A    27.7   50.9  0  0   -0.15    0.24
A07A   290.5   68.8  0  0   -0.55    1.05
A08A   298.3   36.6  0  0   -0.27    1.00
A09A   283.6   85.1  0  0    0.00    0.00
A10A    86.5   66.5  0  0   -0.74    1.29
             817  20  10  10 1
ACC1   253.9   43.2 -1 -1    0.00    0.00
AEC1   141.7   37.0  1  1    0.00    0.00
AEC2   149.4   59.4  1  1    0.00    0.00
AEC3   160.6   62.3  1  1    0.00    0.00
A05A    27.4   52.3 -1 -1    0.00    0.00
A07A   290.8   69.9  1  1    0.00    0.00
A08A   299.0   37.8  1 -1    0.00    0.00
A09A   283.7   85.8  1  1    0.00    0.00
A10A    86.2   67.6 -1  1    0.00    0.00
A11A   255.5   75.5  1  1    0.00    0.00
ACC1   253.9   43.2  0  0   -0.43    0.91
AEC1   141.7   37.0  0  0   -0.27    0.68
AEC2   149.4   59.4  0  0   -0.78    0.56
AEC3   160.6   62.3  0  0   -0.08    0.57
A05A    27.4   52.3  0  0    0.17    0.22
A07A   290.8   69.9  0  0   -0.76    1.15
A08A   299.0   37.8  0  0   -0.46    1.05
A09A   283.7   85.8  0  0   -0.58    1.71
A10A    86.2   67.6  0  0   -0.92    1.13
A11A   255.5   75.5  0  0   -0.34    1.06
             818  24  12  12 1
AAS1   195.6   66.9 -1 -1    0.00    0.00
ACC1   257.5   45.9  1  1    0.00    0.00
AEC1   139.9   37.1  1 -1    0.00    0.00
AEC2   148.8   60.8 -1 -1    0.00    0.00
AEC3   160.5   63.8  1 -1    0.00    0.00
A03A   356.3   77.8 -1 -1    0.00    0.00
A05A    25.6   56.3 -1 -1    0.00    0.00
A07A   292.1   73.2  1  1    0.00    0.00
A08A   301.9   41.9  1  1    0.00    0.00
A09A   284.6   88.3  1  1    0.00    0.00
A10A    84.4   70.2 -1  1    0.00    0.00
A11A   256.9   78.1  1  1    0.00    0.00
AAS1   195.6   66.9  0  0   -0.47    0.70
ACC1   257.5   45.9  0  0   -0.36    1.23
AEC1   139.9   37.1  0  0   -0.26    0.57
AEC2   148.8   60.8  0  0   -0.75    0.54
AEC3   160.5   63.8  0  0    0.06    0.59
A03A   356.3   77.8  0  0   -0.91    1.06
A05A    25.6   56.3  0  0   -0.17    0.40
A07A   292.1   73.2  0  0   -0.61    1.02
A08A   301.9   41.9  0  0   -0.33    0.78
A09A   284.6   88.3  0  0   -0.80    2.37
A10A    84.4   70.2  0  0   -1.19    1.50
A11A   256.9   78.1  0  0   -0.01    1.24
             819  20  10  10 1
ACC1   165.0   99.2  1  1    0.00    0.00
AEC1   147.4  102.2 -1  1    0.00    0.00
A01A    37.7   80.9  1 -1    0.00    0.00
A02A   278.8   11.0  1  1    0.00    0.00
A03A   107.6   81.7  1  1    0.00    0.00
A05A   127.6   96.7  1  1    0.00    0.00
A06A   153.7   73.6 -1  1    0.00    0.00
A08A   157.1   94.9 -1  1    0.00    0.00
A09A   220.2   94.6 -1 -1    0.00    0.00
A14A   172.5  108.5  1 -1    0.00    0.00
ACC1   165.0   99.2  0  0    0.00    0.00
AEC1   147.4  102.2  0  0   -0.36    1.08
A01A    37.7   80.9  0  0   -0.19    1.16
A02A   278.8   11.0  0  0    0.31    1.94
A03A   107.6   81.7  0  0   -0.55    1.23
A05A   127.6   96.7  0  0    0.00    0.00
A06A   153.7   73.6  0  0    0.06    0.89
A08A   157.1   94.9  0  0    0.00    0.00
A09A   220.2   94.6  0  0   -0.42    1.44
A14A   172.5  108.5  0  0    0.00    0.00
             820  16   8   8 1
AAS1   297.6   44.6  1 -1    0.00    0.00
AEC2    17.7   41.5 -1 -1    0.00    0.00
AEC3     5.5   30.6 -1 -1    0.00    0.00
AID1   121.0    5.1 -1 -1    0.00    0.00
A02A   335.1   93.9 -1 -1    0.00    0.00
A08A   335.5   78.3 -1 -1    0.00    0.00
A12A   249.1   69.6  1  1    0.00    0.00
A14A   216.0   71.2  1  1    0.00    0.00
AAS1   297.6   44.6  0  0   -0.23    1.00
AEC2    17.7   41.5  0  0   -0.26   -0.04
AEC3     5.5   30.6  0  0   -0.24    0.45
AID1   121.0    5.1  0  0   -0.28    1.85
A02A   335.1   93.9  0  0    0.00    0.00
A08A   335.5   78.3  0  0    0.00    0.00
A12A   249.1   69.6  0  0   -0.03    0.91
A14A   216.0   71.2  0  0   -0.01    0.85
             821  15   9   6 1
AAS2   299.5   86.2  1  1    0.00    0.00
ACC1   337.5  100.8  1  1    0.00    0.00
AEC1    17.5   95.9 -1 -1    0.00    0.00
AEC2    38.6   87.4 -1 -1    0.00    0.00
AEC3    37.3   77.3 -1 -1    0.00    0.00
AID1    83.3   59.6  1  1    0.00    0.00
A05A    10.3  109.2 -1 -1    0.00    0.00
A12A   246.5   93.1  1 -1    0.00    0.00
A14A   205.0   97.1  1 -1    0.00    0.00
AAS2   299.5   86.2  0  0   -0.25    1.76
AEC3    37.3   77.3  0  0   -0.48    1.01
AID1    83.3   59.6  0  0   -0.44    1.24
A05A    10.3  109.2  0  0    0.00    0.00
A12A   246.5   93.1  0  0   -0.23    1.53
A14A   205.0   97.1  0  0   -0.07    1.28
             822  14   8   6 1
AAS2   299.8   86.5  1  1    0.00    0.00
ACC1   337.4  100.9  1 -1    0.00    0.00
AEC3    36.5   77.5  1  1    0.00    0.00
AID1    82.1   59.2  1  1    0.00    0.00
A07A   328.7  110.3 -1 -1    0.00    0.00
A08A   346.5  105.0 -1 -1    0.00    0.00
A12A   247.0   93.1  1  1    0.00    0.00
A14A   205.4   97.0  1  1    0.00    0.00
AAS2   299.8   86.5  0  0   -0.26    1.73
AEC3    36.5   77.5  0  0   -0.49    1.02
AID1    82.1   59.2  0  0   -0.45    1.15
A07A   328.7  110.3  0  0    0.00    0.00
A12A   247.0   93.1  0  0   -0.32    1.57
A14A   205.4   97.0  0  0   -0.21    1.29
             823  13   8   5 1
ACC1   211.3   80.5  1  1    0.00    0.00
AEC1   154.9   86.9  1  1    0.00    0.00
AEC2   155.7   96.8 -1  1    0.00    0.00
AEC3   162.7   98.4  1  1    0.00    0.00
A05A    75.0   62.1 -1 -1    0.00    0.00
A07A   264.8   87.7 -1 -1    0.00    0.00
A09A   269.4  104.6 -1 -1    0.00    0.00
A10A   109.6   95.2 -1 -1    0.00    0.00
AEC1   154.9   86.9  0  0   -0.32    1.59
AEC3   162.7   98.4  0  0   -0.57    1.25
A05A    75.0   62.1  0  0   -0.16    0.96
A07A   264.8   87.7  0  0   -0.65    2.23
A09A   269.4  104.6  0  0    0.00    0.00
             824  22  12  10 1
AAS2   298.7   79.9  1  1    0.00    0.00
ACC1   337.0   95.7  1 -1    0.00    0.00
AEC2    38.3   80.5 -1  1    0.00    0.00
AEC3    37.0   69.9  1  1    0.00    0.00
AID1    84.2   52.2  1  1    0.00    0.00
A03A   358.8  109.6 -1 -1    0.00    0.00
A07A   328.4  106.8 -1 -1    0.00    0.00
A08A   346.2  101.0 -1 -1    0.00    0.00
A11A   306.1  101.8  1  1    0.00    0.00
A12A   246.4   87.3  1  1    0.00    0.00
A13A   142.0   85.2  1  1    0.00    0.00
A14A   205.3   91.7  1  1    0.00    0.00
AAS2   298.7   79.9  0  0    0.14    1.21
AEC3    37.0   69.9  0  0   -0.30    0.78
AID1    84.2   52.2  0  0   -0.48    1.25
A03A   358.8  109.6  0  0    0.00    0.00
A07A   328.4  106.8  0  0    0.00    0.00
A08A   346.2  101.0  0  0    0.00    0.00
A11A   306.1  101.8  0  0    0.00    0.00
A12A   246.4   87.3  0  0   -0.25    1.91
A13A   142.0   85.2  0  0    0.07    1.43
A14A   205.3   91.7  0  0   -0.40    1.85
             825  19  10   9 1
AAS2   297.5   81.8  1 -1    0.00    0.00
ACC1   336.8   97.3 -1 -1    0.00    0.00
AEC2    39.6   82.4 -1  1    0.00    0.00
AEC3    38.6   71.6  1  1    0.00    0.00
AID1    87.5   54.9  1  1    0.00    0.00
A07A   328.2  107.8 -1 -1    0.00    0.00
A08A   346.2  102.2 -1 -1    0.00    0.00
A11A   305.7  102.8  1 -1    0.00    0.00
A12A   245.2   89.7  1  1    0.00    0.00
A14A   204.7   94.2  1  1    0.00    0.00
AAS2   297.5   81.8  0  0   -0.22    1.33
ACC1   336.8   97.3  0  0   -0.03    1.26
AEC3    38.6   71.6  0  0   -0.43    0.83
AID1    87.5   54.9  0  0   -0.40    1.61
A07A   328.2  107.8  0  0    0.00    0.00
A08A   346.2  102.2  0  0    0.00    0.00
A11A   305.7  102.8  0  0   -0.03    1.01
A12A   245.2   89.7  0  0   -0.39    2.21
A14A   204.7   94.2  0  0   -0.42    1.49
             826  16   8   8 1
AAS1   235.9   48.1  1  1    0.00    0.00
AEC3   112.7   38.8 -1 -1    0.00    0.00
A05A    11.1   94.1 -1  1    0.00    0.00
A08A   335.6   86.9  1  1    0.00    0.00
A09A   301.7  103.9 -1 -1    0.00    0.00
A10A    50.9   92.6  1  1    0.00    0.00
A11A   286.8   94.9  1 -1    0.00    0.00
A12A   225.0   91.9  1  1    0.00    0.00
AAS1   235.9   48.1  0  0   -0.41    0.65
AEC3   112.7   38.8  0  0   -0.30    1.08
A05A    11.1   94.1  0  0    0.18    1.56
A08A   335.6   86.9  0  0   -0.51    1.72
A09A   301.7  103.9  0  0    0.00    0.00
A10A    50.9   92.6  0  0   -1.03    1.86
A11A   286.8   94.9  0  0   -0.07    1.45
A12A   225.0   91.9  0  0   -0.19    1.77
             827  25  14  11 1
AAS1   309.8   52.0 -1 -1    0.00    0.00
AAS2   290.1   76.3 -1 -1    0.00    0.00
ACC1   332.3   91.4 -1 -1    0.00    0.00
AEC2    38.6   69.8  1  1    0.00    0.00
AEC3    37.0   56.2  1  1    0.00    0.00
AID1   101.5   40.5  1  1    0.00    0.00
A05A     8.5  103.4 -1  1    0.00    0.00
A07A   325.3  104.0  1 -1    0.00    0.00
A08A   342.9   97.0  1  1    0.00    0.00
A09A   310.2  106.7 -1 -1    0.00    0.00
A11A   302.2   99.5  1 -1    0.00    0.00
A12A   243.2   86.1  1  1    0.00    0.00
A13A   149.2   81.5  1 -1    0.00    0.00
A14A   206.4   91.0  1  1    0.00    0.00
AAS1   309.8   52.0  0  0   -0.23    0.72
AAS2   290.1   76.3  0  0    0.06    1.20
AEC2    38.6   69.8  0  0   -0.69    0.78
AEC3    37.0   56.2  0  0   -0.53    0.42
AID1   101.5   40.5  0  0    0.00    0.00
A05A     8.5  103.4  0  0    0.00    0.00
A07A   325.3  104.0  0  0    0.00    0.00
A09A   310.2  106.7  0  0   -0.31    0.92
A12A   243.2   86.1  0  0   -0.23    1.69
A13A   149.2   81.5  0  0    0.00    0.00
A14A   206.4   91.0  0  0    0.02    2.03
             828  18   9   9 1
AEC1   147.6   98.9 -1 -1    0.00    0.00
A01A    44.0   74.4  1 -1    0.00    0.00
A02A   196.3   11.4  1  1    0.00    0.00
A03A   111.9   79.5  1  1    0.00    0.00
A05A   129.1   93.1  1  1    0.00    0.00
A06A   153.6   73.3 -1  1    0.00    0.00
A08A   156.8   91.8  1 -1    0.00    0.00
A09A   216.5   90.4 -1 -1    0.00    0.00
A14A   172.0  106.3 -1 -1    0.00    0.00
AEC1   147.6   98.9  0  0    0.00    0.00
A01A    44.0   74.4  0  0   -0.52    0.93
A02A   196.3   11.4  0  0   -0.22    1.10
A03A   111.9   79.5  0  0   -0.60    1.17
A05A   129.1   93.1  0  0    0.00    0.00
A06A   153.6   73.3  0  0   -0.10    0.89
A08A   156.8   91.8  0  0    0.00    0.00
A09A   216.5   90.4  0  0   -0.48    2.30
A14A   172.0  106.3  0  0    0.00    0.00
             829  15   8   7 1
AEC1   156.1   85.1  1 -1    0.00    0.00
A05A   101.7   57.1  1 -1    0.00    0.00
A06A   296.3   55.1  1 -1    0.00    0.00
A07A   250.3   77.5  1  1    0.00    0.00
A08A   201.0   57.6  1  1    0.00    0.00
A09A   262.0   94.5  1  1    0.00    0.00
A10A   117.1   90.5 -1 -1    0.00    0.00
A11A   226.7   92.0  1  1    0.00    0.00
AEC1   156.1   85.1  0  0   -0.24    1.42
A05A   101.7   57.1  0  0    0.10    1.13
A06A   296.3   55.1  0  0   -0.26    0.80
A07A   250.3   77.5  0  0   -0.16    1.17
A08A   201.0   57.6  0  0   -0.23    0.45
A09A   262.0   94.5  0  0    0.00    0.00
A11A   226.7   92.0  0  0   -0.28    1.68
             830  21  11  10 1
AAS2   172.5  106.4 -1  1    0.00    0.00
AEC2   148.2  106.9  1  1    0.00    0.00
A01A    35.6   84.9  1 -1    0.00    0.00
A02A   313.1   16.0  1 -1    0.00    0.00
A03A   104.2   83.7  1  1    0.00    0.00
A05A   125.9   99.1  1  1    0.00    0.00
A06A   151.6   74.2 -1  1    0.00    0.00
A08A   156.2   96.5  1  1    0.00    0.00
A09A   221.7   96.2 -1 -1    0.00    0.00
A11A   190.3  103.9  1  1    0.00    0.00
A14A   172.4  110.8  1  1    0.00    0.00
AAS2   172.5  106.4  0  0    0.00    0.91
A01A    35.6   84.9  0  0   -0.23    1.41
A02A   313.1   16.0  0  0   -0.01    1.17
A03A   104.2   83.7  0  0   -0.73    1.43
A05A   125.9   99.1  0  0    0.00    0.00
A06A   151.6   74.2  0  0   -0.02    0.91
A08A   156.2   96.5  0  0   -0.16    1.37
A09A   221.7   96.2  0  0   -0.27    1.33
A11A   190.3  103.9  0  0    0.00    0.00
A14A   172.4  110.8  0  0    0.00    0.00
             831  12   8   4 1
ACC1   249.5   43.4  1  1    0.00    0.00
AEC1   145.5   38.4 -1 -1    0.00    0.00
AEC2   151.1   59.8 -1 -1    0.00    0.00
AEC3   161.8   62.7 -1 -1    0.00    0.00
A05A    28.9   49.0  1  1    0.00    0.00
A07A   288.6   68.6  1  1    0.00    0.00
A08A   293.5   35.8  1  1    0.00    0.00
A10A    88.6   66.3 -1  1    0.00    0.00
AEC1   145.5   38.4  0  0   -0.27    0.56
A05A    28.9   49.0  0  0   -0.19    0.20
A07A   288.6   68.6  0  0    0.02    1.11
A08A   293.5   35.8  0  0   -0.23    1.13
             832  14   8   6 1
ACC1   325.5   91.2  1  1    0.00    0.00
AEC1     4.5   78.5  1 -1    0.00    0.00
AEC3    16.9   44.8 -1 -1    0.00    0.00
A07A   321.3  101.4  1  1    0.00    0.00
A10A    34.4   95.5 -1 -1    0.00    0.00
A11A   298.8   99.0  1  1    0.00    0.00
A12A   246.0   88.9 -1 -1    0.00    0.00
A14A   212.5   91.2  1 -1    0.00    0.00
AEC1     4.5   78.5  0  0   -0.23    1.08
AEC3    16.9   44.8  0  0   -0.46   -0.09
A10A    34.4   95.5  0  0   -0.85    1.47
A11A   298.8   99.0  0  0   -0.27    1.17
A12A   246.0   88.9  0  0   -0.01    3.59
A14A   212.5   91.2  0  0   -0.49    1.91
             833  18  10   8 1
AAS2   301.1   76.2  1 -1    0.00    0.00
ACC1   338.7   93.8  1  1    0.00    0.00
AEC2    39.9   79.5 -1  1    0.00    0.00
AEC3    39.1   69.5  1  1    0.00    0.00
AID1    82.8   53.6  1  1    0.00    0.00
A07A   329.4  105.4 -1 -1    0.00    0.00
A08A   347.6   99.7  1  1    0.00    0.00
A10A    39.2  103.6 -1  1    0.00    0.00
A13A   139.5   83.0 -1 -1    0.00    0.00
A14A   203.8   88.8  1  1    0.00    0.00
AAS2   301.1   76.2  0  0   -0.07    1.08
AEC3    39.1   69.5  0  0   -0.41    0.77
AID1    82.8   53.6  0  0    0.00    0.00
A07A   329.4  105.4  0  0    0.00    0.00
A08A   347.6   99.7  0  0    0.00    0.00
A10A    39.2  103.6  0  0    0.00    0.00
A13A   139.5   83.0  0  0    0.27    1.27
A14A   203.8   88.8  0  0   -0.20    2.22
             834  13   8   5 1
ACC1   214.6   58.0 -1 -1    0.00    0.00
AEC1   145.9   70.5 -1 -1    0.00    0.00
AEC2   149.8   84.0 -1 -1    0.00    0.00
A03A     6.0   77.9  1  1    0.00    0.00
A07A   275.1   73.9  1 -1    0.00    0.00
A08A   242.4   28.6  1  1    0.00    0.00
A10A   101.6   85.3 -1 -1    0.00    0.00
A11A   239.6   86.3 -1 -1    0.00    0.00
AEC1   145.9   70.5  0  0   -0.15    0.80
A03A     6.0   77.9  0  0   -0.35    1.05
A07A   275.1   73.9  0  0   -0.10    1.65
A08A   242.4   28.6  0  0   -0.23    1.00
A11A   239.6   86.3  0  0    0.00    0.00
             835  15   8   7 1
AAS1   324.7   61.2  1 -1    0.00    0.00
AAS2   297.2   84.0 -1 -1    0.00    0.00
ACC1   336.9   99.0  1  1    0.00    0.00
AEC2    40.2   84.8 -1  1    0.00    0.00
AID1    88.5   57.8  1  1    0.00    0.00
A08A   346.3  103.5  1  1    0.00    0.00
A12A   244.7   92.0  1  1    0.00    0.00
A14A   204.3   96.3  1  1    0.00    0.00
AAS1   324.7   61.2  0  0   -0.52    0.63
AAS2   297.2   84.0  0  0   -0.08    1.46
AEC2    40.2   84.8  0  0   -0.28    1.40
AID1    88.5   57.8  0  0   -0.14    1.31
A08A   346.3  103.5  0  0   -0.48    0.99
A12A   244.7   92.0  0  0   -0.24    1.72
A14A   204.3   96.3  0  0   -0.30    1.33
             836  15   8   7 1
AAS1   307.5   62.4  1  1    0.00    0.00
ACC1   330.3   95.1 -1  1    0.00    0.00
AEC2    31.8   72.9 -1 -1    0.00    0.00
AID1    96.4   34.2 -1 -1    0.00    0.00
A05A     6.4  105.2 -1 -1    0.00    0.00
A11A   301.9  102.7  1  1    0.00    0.00
A12A   246.4   90.8  1 -1    0.00    0.00
A14A   210.0   93.8 -1 -1    0.00    0.00
AAS1   307.5   62.4  0  0   -0.24    0.73
AEC2    31.8   72.9  0  0   -0.06    0.86
AID1    96.4   34.2  0  0   -0.14    1.63
A05A     6.4  105.2  0  0    0.00    0.00
A11A   301.9  102.7  0  0   -0.06    1.02
A12A   246.4   90.8  0  0   -0.14    1.84
A14A   210.0   93.8  0  0   -0.23    1.51
             837  19  10   9 1
AAS1   339.2  102.2  1 -1    0.00    0.00
ACC1   340.8  115.3 -1 -1    0.00    0.00
AEC1     9.0  112.8 -1 -1    0.00    0.00
AEC2    20.3  108.1  1 -1    0.00    0.00
AEC3    16.0  104.1 -1 -1    0.00    0.00
AID1    28.7   91.3 -1 -1    0.00    0.00
A10A    29.2  117.9  1 -1    0.00    0.00
A12A   275.8  103.7  1  1    0.00    0.00
A13A   114.3   87.8  1  1    0.00    0.00
A14A   226.3   98.1 -1 -1    0.00    0.00
AAS1   339.2  102.2  0  0    0.06    1.03
AEC1     9.0  112.8  0  0   -0.43    0.70
AEC2    20.3  108.1  0  0   -0.42    0.86
AEC3    16.0  104.1  0  0   -0.29    0.99
AID1    28.7   91.3  0  0   -0.16    2.28
A10A    29.2  117.9  0  0    0.00    0.00
A12A   275.8  103.7  0  0   -0.05    3.27
A13A   114.3   87.8  0  0    0.38    1.63
A14A   226.3   98.1  0  0   -0.14    1.20
             838  17   9   8 1
AAS1   339.3  102.1  1  1    0.00    0.00
ACC1   340.8  115.1  1  1    0.00    0.00
AEC2    19.9  108.0  1 -1    0.00    0.00
AEC3    15.5  104.0 -1 -1    0.00    0.00
AID1    27.7   91.2 -1 -1    0.00    0.00
A05A     6.4  120.3 -1 -1    0.00    0.00
A12A   276.5  103.5  1  1    0.00    0.00
A13A   113.2   86.5  1  1    0.00    0.00
A14A   227.2   97.5 -1 -1    0.00    0.00
AAS1   339.3  102.1  0  0   -0.13    1.03
AEC2    19.9  108.0  0  0   -0.22    0.86
AEC3    15.5  104.0  0  0   -0.07    0.99
AID1    27.7   91.2  0  0   -0.19    2.44
A05A     6.4  120.3  0  0    0.02    0.46
A12A   276.5  103.5  0  0    0.18    2.33
A13A   113.2   86.5  0  0    0.69    1.49
A14A   227.2   97.5  0  0   -0.32    1.22
             839  19  10   9 1
AAS1   339.1  103.1  1 -1    0.00    0.00
ACC1   340.7  116.1 -1 -1    0.00    0.00
AEC1     8.8  113.6 -1 -1    0.00    0.00
AEC2    20.0  108.9  1 -1    0.00    0.00
AEC3    15.6  104.9 -1 -1    0.00    0.00
AID1    28.0   92.7 -1 -1    0.00    0.00
A10A    29.0  118.5  1 -1    0.00    0.00
A12A   276.1  104.5  1  1    0.00    0.00
A13A   113.9   88.9  1  1    0.00    0.00
A14A   226.9   99.0 -1 -1    0.00    0.00
AAS1   339.1  103.1  0  0   -0.17    1.00
AEC1     8.8  113.6  0  0   -0.19    0.68
AEC2    20.0  108.9  0  0   -0.27    0.83
AEC3    15.6  104.9  0  0   -0.11    0.96
AID1    28.0   92.7  0  0   -0.30    1.84
A10A    29.0  118.5  0  0    0.00    0.00
A12A   276.1  104.5  0  0    0.04    2.77
A13A   113.9   88.9  0  0    0.64    1.79
A14A   226.9   99.0  0  0   -0.14    1.16
             840  16  10   6 1
AAS1   339.1  104.2 -1 -1    0.00    0.00
ACC1   340.7  116.9 -1 -1    0.00    0.00
AEC1     8.5  114.4 -1 -1    0.00    0.00
AEC2    19.6  109.8  1 -1    0.00    0.00
AEC3    15.1  105.8 -1 -1    0.00    0.00
AID1    27.0   94.2 -1 -1    0.00    0.00
A05A     6.2  121.8 -1 -1    0.00    0.00
A12A   276.9  105.4  1  1    0.00    0.00
A13A   112.6   90.0  1  1    0.00    0.00
A14A   227.9   99.7 -1 -1    0.00    0.00
AEC3    15.1  105.8  0  0   -0.19    0.93
AID1    27.0   94.2  0  0    0.03    1.61
A05A     6.2  121.8  0  0    0.00    0.00
A12A   276.9  105.4  0  0   -0.26    2.04
A13A   112.6   90.0  0  0    0.21    1.99
A14A   227.9   99.7  0  0    0.11    1.12
             841  17   9   8 1
ACC1   340.6  115.4 -1 -1    0.00    0.00
AEC1     8.5  112.9 -1 -1    0.00    0.00
AEC2    19.7  108.3  1 -1    0.00    0.00
AEC3    15.2  104.3 -1 -1    0.00    0.00
AID1    27.3   91.7 -1 -1    0.00    0.00
A10A    28.8  118.0  1 -1    0.00    0.00
A12A   276.5  104.0  1  1    0.00    0.00
A13A   113.4   87.1  1  1    0.00    0.00
A14A   227.5   98.1 -1 -1    0.00    0.00
AEC1     8.5  112.9  0  0   -0.44    0.70
AEC2    19.7  108.3  0  0   -0.47    0.85
AEC3    15.2  104.3  0  0   -0.30    0.98
AID1    27.3   91.7  0  0   -0.28    2.12
A10A    28.8  118.0  0  0    0.00    0.00
A12A   276.5  104.0  0  0   -0.22    2.33
A13A   113.4   87.1  0  0    0.37    1.55
A14A   227.5   98.1  0  0   -0.18    1.20
             842  16   8   8 1
AEC1     8.6  113.8 -1 -1    0.00    0.00
AEC2    19.6  109.4  1 -1    0.00    0.00
AEC3    15.2  105.5 -1 -1    0.00    0.00
AID1    26.8   93.6 -1 -1    0.00    0.00
A05A     6.3  121.2 -1 -1    0.00    0.00
A12A   277.7  104.6  1  1    0.00    0.00
A13A   111.0   88.4  1  1    0.00    0.00
A14A   228.4   98.4 -1 -1    0.00    0.00
AEC1     8.6  113.8  0  0   -0.46    0.67
AEC2    19.6  109.4  0  0   -0.49    0.82
AEC3    15.2  105.5  0  0   -0.29    0.94
AID1    26.8   93.6  0  0   -0.26    1.69
A05A     6.3  121.2  0  0    0.00    0.00
A12A   277.7  104.6  0  0   -0.49    1.80
A13A   111.0   88.4  0  0    0.32    1.68
A14A   228.4   98.4  0  0   -0.17    1.18
             843  22  11  11 1
AAS1   338.7  101.8  1 -1    0.00    0.00
ACC1   340.5  114.7 -1 -1    0.00    0.00
AEC1     8.4  112.2 -1 -1    0.00    0.00
AEC2    19.4  107.6  1 -1    0.00    0.00
AEC3    15.0  103.6 -1 -1    0.00    0.00
AID1    26.8   90.4 -1 -1    0.00    0.00
A08A   347.1  116.9 -1 -1    0.00    0.00
A10A    28.7  117.4  1 -1    0.00    0.00
A12A   276.5  103.4  1  1    0.00    0.00
A13A   113.6   85.3  1  1    0.00    0.00
A14A   227.7   97.3 -1 -1    0.00    0.00
AAS1   338.7  101.8  0  0    0.35    1.05
ACC1   340.5  114.7  0  0    0.20    0.64
AEC1     8.4  112.2  0  0   -0.04    0.72
AEC2    19.4  107.6  0  0   -0.28    0.87
AEC3    15.0  103.6  0  0   -0.22    1.01
AID1    26.8   90.4  0  0   -0.29    3.14
A08A   347.1  116.9  0  0    0.00    0.00
A10A    28.7  117.4  0  0    0.00    0.00
A12A   276.5  103.4  0  0   -0.04    1.37
A13A   113.6   85.3  0  0    0.49    1.41
A14A   227.7   97.3  0  0   -0.21    1.25
             844  13   8   5 1
ACC1   340.8  115.2 -1 -1    0.00    0.00
AEC1     8.4  112.7 -1 -1    0.00    0.00
AEC2    19.3  108.3  1 -1    0.00    0.00
AEC3    14.9  104.5 -1 -1    0.00    0.00
AID1    26.4   91.8 -1 -1    0.00    0.00
A12A   277.7  103.7  1  1    0.00    0.00
A13A   111.2   85.9  1  1    0.00    0.00
A14A   228.6   97.2 -1 -1    0.00    0.00
AEC3    14.9  104.5  0  0   -0.33    0.97
AID1    26.4   91.8  0  0   -0.15    2.04
A12A   277.7  103.7  0  0   -0.48    1.52
A13A   111.2   85.9  0  0    0.40    1.43
A14A   228.6   97.2  0  0   -0.22    1.24
             845  21  11  10 1
AAS1   339.2  103.4  1  1    0.00    0.00
ACC1   340.8  116.3  1  1    0.00    0.00
AEC1     9.0  113.9 -1 -1    0.00    0.00
AEC2    20.3  109.1  1 -1    0.00    0.00
AEC3    16.0  105.1 -1 -1    0.00    0.00
AID1    28.7   93.1  1 -1    0.00    0.00
A10A    29.2  118.7 -1 -1    0.00    0.00
A11A   315.7  117.9  1  1    0.00    0.00
A12A   275.8  104.7  1  1    0.00    0.00
A13A   114.3   89.9  1  1    0.00    0.00
A14A   226.3   99.5 -1 -1    0.00    0.00
AAS1   339.2  103.4  0  0    0.15    0.98
AEC1     9.0  113.9  0  0   -0.19    0.67
AEC2    20.3  109.1  0  0   -0.37    0.83
AEC3    16.0  105.1  0  0   -0.33    0.95
AID1    28.7   93.1  0  0   -0.27    1.76
A10A    29.2  118.7  0  0    0.00    0.00
A11A   315.7  117.9  0  0    0.35    0.65
A12A   275.8  104.7  0  0    0.10    1.76
A13A   114.3   89.9  0  0    0.48    1.99
A14A   226.3   99.5  0  0   -0.14    1.13
             846  15   8   7 1
AEC1     8.8  112.4 -1 -1    0.00    0.00
AEC2    19.8  108.0  1 -1    0.00    0.00
AEC3    15.5  104.2 -1 -1    0.00    0.00
AID1    27.2   91.5 -1 -1    0.00    0.00
A10A    28.8  117.7 -1 -1    0.00    0.00
A12A   277.8  103.1  1  1    0.00    0.00
A13A   110.8   85.6  1  1    0.00    0.00
A14A   228.1   96.5 -1 -1    0.00    0.00
AEC2    19.8  108.0  0  0   -0.46    0.86
AEC3    15.5  104.2  0  0   -0.42    0.99
AID1    27.2   91.5  0  0   -0.07    2.24
A10A    28.8  117.7  0  0    0.00    0.00
A12A   277.8  103.1  0  0   -0.57    1.85
A13A   110.8   85.6  0  0    0.40    1.42
A14A   228.1   96.5  0  0   -0.04    1.28
             847  13   8   5 1
ACC1   340.5  115.5  1  1    0.00    0.00
AEC1     8.1  113.0 -1 -1    0.00    0.00
AEC2    19.0  108.4  1 -1    0.00    0.00
AEC3    14.5  104.6 -1 -1    0.00    0.00
AID1    25.9   92.0  1 -1    0.00    0.00
A10A    28.4  118.1 -1 -1    0.00    0.00
A12A   277.2  104.2  1  1    0.00    0.00
A14A   228.7   98.0 -1 -1    0.00    0.00
AEC3    14.5  104.6  0  0   -0.34    0.97
AID1    25.9   92.0  0  0    0.00    0.00
A10A    28.4  118.1  0  0    0.00    0.00
A12A   277.2  104.2  0  0   -0.19    1.57
A14A   228.7   98.0  0  0   -0.23    1.20
             848  14   8   6 1
ACC1   340.7  117.1  1 -1    0.00    0.00
AEC1     8.8  114.6 -1 -1    0.00    0.00
AEC2    20.0  109.9  1 -1    0.00    0.00
AEC3    15.6  105.9 -1 -1    0.00    0.00
AID1    28.0   94.5 -1 -1    0.00    0.00
A12A   276.1  105.6  1  1    0.00    0.00
A13A   113.9   91.1  1  1    0.00    0.00
A14A   226.9  100.3 -1 -1    0.00    0.00
AEC1     8.8  114.6  0  0    0.02    0.65
AEC3    15.6  105.9  0  0   -0.11    0.93
AID1    28.0   94.5  0  0    0.08    1.58
A12A   276.1  105.6  0  0   -0.20    2.63
A13A   113.9   91.1  0  0    0.50    2.76
A14A   226.9  100.3  0  0   -0.14    1.09
             849  15   8   7 1
AAS1   339.7  114.0 -1 -1    0.00    0.00
AEC1     9.1  122.3 -1 -1    0.00    0.00
AEC2    20.4  118.2  1 -1    0.00    0.00
AEC3    16.1  115.3 -1 -1    0.00    0.00
AID1    28.7  105.1 -1 -1    0.00    0.00
A05A     6.6  128.3 -1 -1    0.00    0.00
A12A   276.2  114.8  1  1    0.00    0.00
A14A   226.4  111.5 -1  1    0.00    0.00
AAS1   339.7  114.0  0  0    0.16    0.65
AEC1     9.1  122.3  0  0   -0.08    0.39
AEC3    16.1  115.3  0  0   -0.03    0.64
AID1    28.7  105.1  0  0    0.17    0.97
A05A     6.6  128.3  0  0    0.36    0.10
A12A   276.2  114.8  0  0   -0.20    1.73
A14A   226.4  111.5  0  0    0.19    0.76
             850  17   9   8 1
ACC1   340.8  115.2  1 -1    0.00    0.00
AEC1     8.5  112.7 -1 -1    0.00    0.00
AEC2    19.4  108.2  1 -1    0.00    0.00
AEC3    15.0  104.3 -1 -1    0.00    0.00
AID1    26.7   91.6 -1 -1    0.00    0.00
A11A   316.0  116.8  1  1    0.00    0.00
A12A   277.3  103.7  1  1    0.00    0.00
A13A   111.9   86.0  1  1    0.00    0.00
A14A   228.2   97.3 -1 -1    0.00    0.00
AEC1     8.5  112.7  0  0    0.08    0.70
AEC2    19.4  108.2  0  0   -0.21    0.85
AEC3    15.0  104.3  0  0   -0.16    0.98
AID1    26.7   91.6  0  0   -0.36    2.14
A11A   316.0  116.8  0  0    0.07    0.66
A12A   277.3  103.7  0  0   -0.20    1.55
A13A   111.9   86.0  0  0    0.33    1.44
A14A   228.2   97.3  0  0   -0.05    1.24
             851  20  11   9 1
AAS2   319.1  107.3  1  1    0.00    0.00
ACC1   340.8  115.0 -1 -1    0.00    0.00
AEC1     8.9  112.5 -1 -1    0.00    0.00
AEC2    20.2  107.9  1 -1    0.00    0.00
AEC3    15.9  103.9 -1 -1    0.00    0.00
AID1    28.4   91.0 -1 -1    0.00    0.00
A03A   357.6  121.7  1 -1    0.00    0.00
A10A    29.1  117.7  1 -1    0.00    0.00
A12A   276.2  103.4  1  1    0.00    0.00
A13A   113.7   86.9  1  1    0.00    0.00
A14A   226.6   97.5 -1 -1    0.00    0.00
AAS2   319.1  107.3  0  0   -0.10    0.86
AEC1     8.9  112.5  0  0   -0.40    0.71
AEC3    15.9  103.9  0  0   -0.40    1.00
AID1    28.4   91.0  0  0   -0.28    2.65
A03A   357.6  121.7  0  0    0.00    0.00
A10A    29.1  117.7  0  0    0.00    0.00
A12A   276.2  103.4  0  0   -0.24    1.39
A13A   113.7   86.9  0  0    0.26    1.51
A14A   226.6   97.5  0  0   -0.27    1.22
             852  15   8   7 1
A03A    10.8   68.6  1  1    0.00    0.00
A05A   101.1   61.9  1  1    0.00    0.00
A06A   296.7   60.8  1 -1    0.00    0.00
A07A   250.8   82.2  1  1    0.00    0.00
A08A   201.6   62.6  1  1    0.00    0.00
A09A   262.3  100.2  1  1    0.00    0.00
A10A   116.9   94.5 -1  1    0.00    0.00
A11A   226.9   96.6  1  1    0.00    0.00
A03A    10.8   68.6  0  0   -0.48    0.74
A05A   101.1   61.9  0  0    0.12    1.36
A06A   296.7   60.8  0  0   -0.20    0.89
A07A   250.8   82.2  0  0   -0.50    1.32
A08A   201.6   62.6  0  0   -0.08    0.58
A09A   262.3  100.2  0  0    0.00    0.00
A11A   226.9   96.6  0  0   -0.52    1.30
             853  14   8   6 1
AEC1   156.3   90.6 -1 -1    0.00    0.00
A03A    10.9   69.6  1 -1    0.00    0.00
A05A   101.8   63.5  1  1    0.00    0.00
A06A   296.1   62.1  1  1    0.00    0.00
A07A   250.4   83.4  1  1    0.00    0.00
A08A   201.4   64.5  1 -1    0.00    0.00
A09A   262.1  101.9  1  1    0.00    0.00
A10A   117.2   95.5 -1  1    0.00    0.00
A03A    10.9   69.6  0  0   -0.63    0.77
A05A   101.8   63.5  0  0    0.10    1.68
A06A   296.1   62.1  0  0   -0.29    0.99
A07A   250.4   83.4  0  0   -0.47    1.45
A08A   201.4   64.5  0  0   -0.36    0.63
A09A   262.1  101.9  0  0    0.00    0.00
             854  18   9   9 1
AEC2   148.9   89.5 -1 -1    0.00    0.00
AEC3   157.3   90.9 -1 -1    0.00    0.00
A02A   326.8   97.3  1 -1    0.00    0.00
A05A    55.7   66.5  1  1    0.00    0.00
A07A   278.3   81.3  1  1    0.00    0.00
A08A   255.0   32.4  1  1    0.00    0.00
A09A   276.4  100.1 -1  1    0.00    0.00
A10A    99.4   91.4 -1  1    0.00    0.00
A11A   241.7   92.4  1  1    0.00    0.00
AEC2   148.9   89.5  0  0   -0.68    2.05
AEC3   157.3   90.9  0  0   -0.49    2.64
A02A   326.8   97.3  0  0   -0.42    1.24
A05A    55.7   66.5  0  0    0.45    0.78
A07A   278.3   81.3  0  0    0.46    1.40
A08A   255.0   32.4  0  0   -0.42    1.29
A09A   276.4  100.1  0  0   -0.61    1.36
A10A    99.4   91.4  0  0   -0.74    3.51
A11A   241.7   92.4  0  0   -0.23    1.61
             855  19  10   9 1
AAS1   332.1   73.9  1  1    0.00    0.00
AAS2   304.0   90.7 -1  1    0.00    0.00
ACC1   338.7  104.7 -1 -1    0.00    0.00
AEC1    16.7  101.1 -1 -1    0.00    0.00
AEC3    34.0   84.1 -1 -1    0.00    0.00
AID1    73.4   65.0  1  1    0.00    0.00
A11A   308.4  108.5 -1  1    0.00    0.00
A12A   250.3   95.6  1  1    0.00    0.00
A13A   138.1   92.6  1  1    0.00    0.00
A14A   206.4   99.2 -1 -1    0.00    0.00
AAS1   332.1   73.9  0  0   -0.49    0.94
AAS2   304.0   90.7  0  0   -0.06    1.89
AEC1    16.7  101.1  0  0    0.11    1.11
AEC3    34.0   84.1  0  0    0.04    1.34
AID1    73.4   65.0  0  0    0.00    0.00
A11A   308.4  108.5  0  0   -0.19    0.87
A12A   250.3   95.6  0  0    0.07    1.33
A13A   138.1   92.6  0  0    0.13    1.95
A14A   206.4   99.2  0  0   -0.34    1.16
             856  17   9   8 1
AAS1   294.0   68.4  1  1    0.00    0.00
AAS2   285.1   84.6  1  1    0.00    0.00
ACC1   322.2   93.3  1  1    0.00    0.00
AEC1   357.0   80.2  1  1    0.00    0.00
A08A   333.6   97.4  1  1    0.00    0.00
A10A    30.3   95.7 -1 -1    0.00    0.00
A11A   297.9  101.5  1  1    0.00    0.00
A12A   249.1   91.5 -1 -1    0.00    0.00
A14A   217.3   92.5  1 -1    0.00    0.00
AAS1   294.0   68.4  0  0   -0.51    0.94
AAS2   285.1   84.6  0  0    0.00    0.00
AEC1   357.0   80.2  0  0   -0.20    1.16
A08A   333.6   97.4  0  0   -0.40    1.24
A10A    30.3   95.7  0  0   -0.89    1.46
A11A   297.9  101.5  0  0    0.00    0.00
A12A   249.1   91.5  0  0   -0.20    1.71
A14A   217.3   92.5  0  0   -0.51    1.63
