               1 2022 10  4  6 21 56.030 L 1.000 X  46.00267 -130.02950   1.590 X  -9.000   0.300   0.200  -9.000    -18   -9   -9   78  42  -72   41 55  11 47 D  31 48   9 127 1  84 55
               2 2022 10  5 10 23  1.500 L 1.000 X  45.95917 -129.98883   1.360 X  -9.000   0.300   0.200  -9.000    -18   -9   -9  218  62  -66   39 43   8  5 C  55 45   5 168 1 140 52
               3 2022 10  6  0 57 34.110 L 1.000 X  45.92050 -129.97517   1.500 X  -9.000   0.300   0.200  -9.000    -18   -9   -9  218  81  179   33 28   9  9 B  72 53   8 111 1 142 53
               4 2022 10  6 11 12 52.820 L 1.000 X  45.92700 -129.98917   0.980 X  -9.000   0.300   0.200  -9.000    -18   -9   -9  279  54 -174   35 34   8 37 B  67 48   7 156 1 123 53
               5 2022 10  7 13 25 16.960 L 1.000 X  45.99967 -130.02467   1.960 X  -9.000   0.300   0.200  -9.000    -18   -9   -9   69  42  -79   26 25   9 19 B  79 43   8 180 1 185 45
               6 2022 10  7 13 29 49.860 L 1.000 X  45.95467 -129.98784   1.890 X  -9.000   0.300   0.200  -9.000    -18   -9   -9    4  61 -174   39 24  11 36 B  70 67  10 100 1  69 28
               7 2022 10  7 13 49 57.810 L 1.000 X  45.95500 -129.98816   1.960 X  -9.000   0.300   0.200  -9.000    -18   -9   -9  358  85 -170   27 29  12 24 B  80 66  11 108 1  71 28
               8 2022 10  7 14 13 32.170 L 1.000 X  45.95517 -129.98784   1.970 X  -9.000   0.300   0.200  -9.000    -18   -9   -9   34  76  148   44 40   8 16 D  36 69   5  94 1 106 28
               9 2022 10  7 14 37 57.090 L 1.000 X  45.95500 -129.98750   2.020 X  -9.000   0.300   0.200  -9.000    -18   -9   -9   45  48  154   32 26  10 21 B  74 64   8 112 1 111 26
              10 2022 10  8  4  5  7.380 L 1.000 X  45.92500 -129.99117   0.900 X  -9.000   0.300   0.200  -9.000    -18   -9   -9  313  38 -101   23 37  12 41 B  69 49  11 157 1 100 62
              11 2022 10 11  8 28 15.340 L 1.000 X  45.92400 -129.98334   1.040 X  -9.000   0.300   0.200  -9.000    -18   -9   -9  275  43  -83   38 38   8  0 D  48 51   7 134 1 157 39
              12 2022 10 11 18 56 49.040 L 1.000 X  45.93983 -130.01801   1.340 X  -9.000   0.300   0.200  -9.000    -18   -9   -9  151  48 -113   36 35  13 29 C  52 50  13 123 1  68 34
              13 2022 10 11 23 31 25.880 L 1.000 X  46.00117 -130.02750   1.370 X  -9.000   0.300   0.200  -9.000    -18   -9   -9  173  74  179   28 39  10 33 B  77 45   9 179 1  77 71
              14 2022 10 13  5  4 47.820 L 1.000 X  45.95984 -129.98816   1.440 X  -9.000   0.300   0.200  -9.000    -18   -9   -9  352  66 -148   39 46   9 24 C  65 52   6 136 1  95 51
              15 2022 10 14  6 24 36.370 L 1.000 X  45.92533 -129.98933   0.980 X  -9.000   0.300   0.200  -9.000    -18   -9   -9  118  65 -117   34 33  11 11 C  57 43  10 166 1 100 53
              16 2022 10 14 17 13  0.760 L 1.000 X  46.00017 -130.02716   1.560 X  -9.000   0.300   0.200  -9.000    -18   -9   -9  348  71  163   19 23  14 29 A  92 43  12 191 1  68 57
              17 2022 10 14 23 35 14.520 L 1.000 X  45.99300 -129.98033   0.500 X  -9.000   0.300   0.200  -9.000    -18   -9   -9  218  20 -173   40 41  10 15 D  49 73   9 135 1 184 50
              18 2022 10 15  0  4 45.600 L 1.000 X  45.96900 -129.97350   0.500 X  -9.000   0.300   0.200  -9.000    -18   -9   -9  305   9 -109   27 30  11 20 B  86 66  10  80 1 187 51
              19 2022 10 15  0 21 45.910 L 1.000 X  45.99467 -129.98300   0.500 X  -9.000   0.300   0.200  -9.000    -18   -9   -9  340   5  -61   38 36  13 12 C  58 81  12  63 1 173 49
              20 2022 10 15  0 22 16.180 L 1.000 X  45.97000 -129.97383   0.500 X  -9.000   0.300   0.200  -9.000    -18   -9   -9   69  11   27   28 34  12 29 B  77 65  11 143 1 190 51
              21 2022 10 15  0 32 46.280 L 1.000 X  45.99633 -129.98283   0.500 X  -9.000   0.300   0.200  -9.000    -18   -9   -9  299  89   86   37 43  12 16 C  51 80  11  71 1  97 51
              22 2022 10 15  0 33 16.780 L 1.000 X  45.98950 -130.01601   0.500 X  -9.000   0.300   0.200  -9.000    -18   -9   -9  113  86 -103   33 32  10 17 B  71 75  10  68 1 169 49
              23 2022 10 15  0 47 16.750 L 1.000 X  45.99733 -129.98267   0.500 X  -9.000   0.300   0.200  -9.000    -18   -9   -9   47  88 -127   43 47   8 13 D  33 95   6  50 1 328 49
              24 2022 10 15  0 53 17.240 L 1.000 X  45.97133 -129.97450   0.630 X  -9.000   0.300   0.200  -9.000    -18   -9   -9  172  89  -81   36 34  16 20 B  64 68  14  93 1 146 41
              25 2022 10 15  0 53 46.920 L 1.000 X  45.99933 -129.98134   0.560 X  -9.000   0.300   0.200  -9.000    -18   -9   -9  129  80  -86   44 45  13 24 D  44 84  11  65 1 277 52
              26 2022 10 15  0 54 47.000 L 1.000 X  45.99800 -129.98233   0.540 X  -9.000   0.300   0.200  -9.000    -18   -9   -9  102  53 -108   43 40  12 18 D  37 77  10 123 1 156 51
              27 2022 10 15  0 57 47.120 L 1.000 X  45.99650 -129.98351   0.500 X  -9.000   0.300   0.200  -9.000    -18   -9   -9  225  69  140   46 45   9 14 D  35 88   7  23 1 176 49
              28 2022 10 15  1 12 47.210 L 1.000 X  45.99783 -129.98550   0.500 X  -9.000   0.300   0.200  -9.000    -18   -9   -9   84  86 -127   49 51  10 21 D  33 84   9  44 1 147 49
              29 2022 10 15  1 15 17.120 L 1.000 X  45.99667 -129.98584   0.500 X  -9.000   0.300   0.200  -9.000    -18   -9   -9  113  89  -93   47 49   8 24 D  47 85   8  47 1 176 49
              30 2022 10 15  1 16 17.040 L 1.000 X  45.99883 -129.98517   0.530 X  -9.000   0.300   0.200  -9.000    -18   -9   -9  308   9  -68   39 38   8 23 C  52 83   7  40 1 144 51
              31 2022 10 15  1 18 16.970 L 1.000 X  45.99567 -129.98784   0.500 X  -9.000   0.300   0.200  -9.000    -18   -9   -9  115  81  -87   35 31  12  9 B  66 85  10  48 1 261 49
              32 2022 10 15  1 19 17.140 L 1.000 X  45.97250 -129.97533   0.630 X  -9.000   0.300   0.200  -9.000    -18   -9   -9  326  20  -91   35 36  10 24 C  62 66   8  87 1 208 29
              33 2022 10 15  1 22 16.680 L 1.000 X  45.99683 -129.98734   0.500 X  -9.000   0.300   0.200  -9.000    -18   -9   -9  100  87 -102   38 37  10 27 C  51 91   8  27 1 271 49
              34 2022 10 15  1 23 46.520 L 1.000 X  45.99900 -129.98416   0.580 X  -9.000   0.300   0.200  -9.000    -18   -9   -9   66  82 -142   28 33  11 29 B  70 84   9  60 1 147 53
              35 2022 10 15  1 24 16.630 L 1.000 X  45.99300 -129.99083   0.610 X  -9.000   0.300   0.200  -9.000    -18   -9   -9  101  78  -91   37 37   9 13 C  56 81   8  78 1 263 55
              36 2022 10 15  1 25 16.390 L 1.000 X  45.99967 -129.98500   0.590 X  -9.000   0.300   0.200  -9.000    -18   -9   -9  124  83  -98   47 46   9 17 D  45 77   8  78 1 109 55
              37 2022 10 15  1 31 16.240 L 1.000 X  45.97183 -129.97600   0.530 X  -9.000   0.300   0.200  -9.000    -18   -9   -9   54   8   10   53 67  12 22 D  37 64  11 110 1 193 36
              38 2022 10 15  1 31 45.930 L 1.000 X  45.99866 -129.98466   0.510 X  -9.000   0.300   0.200  -9.000    -18   -9   -9  105  82 -102   37 39  12  9 C  53 85  11  60 1 147 50
              39 2022 10 15  1 32 15.900 L 1.000 X  45.98750 -129.96899   0.860 X  -9.000   0.300   0.200  -9.000    -18   -9   -9  298  53 -150   32 23  10 45 B  81 69   9  96 1 155 62
              40 2022 10 15  1 38 45.400 L 1.000 X  45.99866 -129.98567   0.500 X  -9.000   0.300   0.200  -9.000    -18   -9   -9  127  84  -85   37 36  10 22 C  54 86   9  50 1 270 49
              41 2022 10 15  1 42 45.090 L 1.000 X  45.99933 -129.98483   0.510 X  -9.000   0.300   0.200  -9.000    -18   -9   -9  332   5  -56   26 26  13 16 B  81 87  12  33 1 251 50
              42 2022 10 15  1 50 44.510 L 1.000 X  45.99733 -129.98683   0.500 X  -9.000   0.300   0.200  -9.000    -18   -9   -9  349   9  -32   36 36  11 19 C  53 88  10  31 1 246 49
              43 2022 10 15  1 53 14.330 L 1.000 X  45.99883 -129.98750   0.500 X  -9.000   0.300   0.200  -9.000    -18   -9   -9  259   9 -123   28 31  11 17 B  77 88   9  60 1 135 49
              44 2022 10 15  2  6 13.320 L 1.000 X  45.99900 -129.98466   0.500 X  -9.000   0.300   0.200  -9.000    -18   -9   -9  350  14  -32   36 35  11 16 C  54 89  10  34 1 275 49
              45 2022 10 15  2 45 10.440 L 1.000 X  46.00300 -129.98550   0.930 X  -9.000   0.300   0.200  -9.000    -18   -9   -9  115  63  -89   40 43  10 11 D  45 77   9 100 1 280 63
              46 2022 10 15  2 58  9.530 L 1.000 X  45.99700 -129.99117   0.500 X  -9.000   0.300   0.200  -9.000    -18   -9   -9  188  29  163   40 38   8 13 D  48 91   6  27 1 275 49
              47 2022 10 15  3  6 38.690 L 1.000 X  46.00400 -129.98517   0.500 X  -9.000   0.300   0.200  -9.000    -18   -9   -9  105  86 -108   39 39   9 12 D  47 90   7  26 1 294 49
              48 2022 10 15  5 19 11.620 L 1.000 X  45.92683 -129.98833   1.200 X  -9.000   0.300   0.200  -9.000    -18   -9   -9  356  78 -179   54 47  15 33 D  41 46  14 154 1  63 40
              49 2022 10 15  6 36 39.580 L 1.000 X  45.95167 -130.02467   1.610 X  -9.000   0.300   0.200  -9.000    -18   -9   -9  321  21 -109   34 32   8 16 B  62 44   8 117 1 114 42
              50 2022 10 15  9  1 41.610 L 1.000 X  45.99933 -130.03517   0.500 X  -9.000   0.300   0.200  -9.000    -18   -9   -9  198  57  162   46 47   8  9 D  30 88   6  55 1 281 50
              51 2022 10 15  9  4 41.400 L 1.000 X  45.98867 -130.01266   0.500 X  -9.000   0.300   0.200  -9.000    -18   -9   -9  143  82 -100   44 44   8 30 D  39 79   8  89 1 139 53
              52 2022 10 15  9  6 41.480 L 1.000 X  45.98817 -130.01350   0.500 X  -9.000   0.300   0.200  -9.000    -18   -9   -9  268  17 -103   44 43   9 13 D  43 82   8  67 1 143 50
              53 2022 10 15  9 10 41.530 L 1.000 X  45.98933 -130.01250   0.500 X  -9.000   0.300   0.200  -9.000    -18   -9   -9  332  18  -46   40 40   9 12 D  49 77   7  76 1 101 50
              54 2022 10 15  9 18 12.220 L 1.000 X  45.99400 -130.01717   2.710 X  -9.000   0.300   0.200  -9.000    -18   -9   -9   33  82  165   47 50   8 23 D  31 68   6  56 1 171 49
              55 2022 10 15  9 19 41.760 L 1.000 X  45.98883 -130.01450   0.500 X  -9.000   0.300   0.200  -9.000    -18   -9   -9  282  13 -119   45 46   9 38 D  37 81   8  80 1 238 50
              56 2022 10 15  9 22 11.800 L 1.000 X  45.98917 -130.01401   0.500 X  -9.000   0.300   0.200  -9.000    -18   -9   -9  200  28 -168   48 49   8 11 D  30 81   8  79 1 239 49
              57 2022 10 15 14 27 27.730 L 1.000 X  45.97250 -129.99451   1.090 X  -9.000   0.300   0.200  -9.000    -18   -9   -9   41  82 -174   27 35  10 19 B  73 35   8 186 1  77 63
              58 2022 10 15 14 53 11.260 L 1.000 X  46.01100 -130.02634   0.710 X  -9.000   0.300   0.200  -9.000    -18   -9   -9  195  37 -167   45 47  11 27 D  30 82   9  77 1 273 57
              59 2022 10 15 20 12 59.640 L 1.000 X  45.99700 -130.04683   0.500 X  -9.000   0.300   0.200  -9.000    -18   -9   -9  201  80  147   50 56   8  0 D  24 80   6 103 1 207 50
              60 2022 10 16  5 45 17.690 L 1.000 X  45.92400 -129.98883   0.900 X  -9.000   0.300   0.200  -9.000    -18   -9   -9  178  83  157   24 26  12 21 B  85 51  10 144 1 106 55
              61 2022 10 17  0 55 46.380 L 1.000 X  45.93417 -129.98033   1.540 X  -9.000   0.300   0.200  -9.000    -18   -9   -9  114  37 -118   36 36   8  7 C  71 52   7 169 1 197 21
              62 2022 10 17 10 17 26.740 L 1.000 X  45.93950 -130.01817   1.340 X  -9.000   0.300   0.200  -9.000    -18   -9   -9   91  68 -155   18 19  11 19 A  98 48  10 131 1  95 33
              63 2022 10 17 11 31 31.920 L 1.000 X  45.93383 -129.98083   1.450 X  -9.000   0.300   0.200  -9.000    -18   -9   -9  135  36 -116   34 25   8 20 B  73 56   7 153 1 126 22
              64 2022 10 18 13 36 15.430 L 1.000 X  45.93217 -129.97717   1.500 X  -9.000   0.300   0.200  -9.000    -18   -9   -9  154  43  -92   37 44  11 26 C  77 45   9 198 1 137 23
              65 2022 10 18 22 10  4.080 L 1.000 X  45.92233 -129.99017   0.980 X  -9.000   0.300   0.200  -9.000    -18   -9   -9  328  37 -106   38 44   8 30 C  55 41   6 148 1 122 59
              66 2022 10 19  0 19 27.640 L 1.000 X  45.98800 -130.03833   1.390 X  -9.000   0.300   0.200  -9.000    -18   -9   -9  153  73  -89   38 40   8  7 C  57 48   7 123 1  80 35
              67 2022 10 21 11 51 48.420 L 1.000 X  45.92700 -129.98767   1.260 X  -9.000   0.300   0.200  -9.000    -18   -9   -9  143  55  -93   38 39  16 29 D  33 49  15 152 1  64 37
              68 2022 10 21 11 52  2.440 L 1.000 X  45.92683 -129.98750   1.220 X  -9.000   0.300   0.200  -9.000    -18   -9   -9  311  33 -119   17 18  15 20 A  97 48  14 153 1  63 37
              69 2022 10 22  9  0 24.520 L 1.000 X  45.92484 -129.99133   0.920 X  -9.000   0.300   0.200  -9.000    -18   -9   -9  112  51  -96   26 20  13 11 A  87 48  11 159 1  80 62
              70 2022 10 23  0 16  5.470 L 1.000 X  45.92367 -129.98883   0.890 X  -9.000   0.300   0.200  -9.000    -18   -9   -9  178  86  156   35 34   8 25 B  72 44   7 151 1 129 56
              71 2022 10 23  9 31 25.020 L 1.000 X  45.92583 -129.98750   1.100 X  -9.000   0.300   0.200  -9.000    -18   -9   -9  112  52  -88   35 29  10 34 B  67 48   9 145 1  96 41
              72 2022 10 24  1 29 52.660 L 1.000 X  46.00250 -130.02983   1.660 X  -9.000   0.300   0.200  -9.000    -18   -9   -9  346  74  164   40 46  12 23 D  48 50  10 117 1 127 60
              73 2022 10 24  1 30 13.480 L 1.000 X  46.00217 -130.02916   1.540 X  -9.000   0.300   0.200  -9.000    -18   -9   -9  139  80 -118   30 32  10  8 B  82 48   7 120 1  82 66
              74 2022 10 24  4 42  0.460 L 1.000 X  45.92117 -129.98967   0.850 X  -9.000   0.300   0.200  -9.000    -18   -9   -9  274  83  173   36 33   9 33 B  62 48   7 127 1 116 64
              75 2022 10 24  4 42  2.720 L 1.000 X  45.92050 -129.98866   0.980 X  -9.000   0.300   0.200  -9.000    -18   -9   -9   14  70 -180   39 40  10 26 D  41 57   8 124 1 170 59
              76 2022 10 24 15  0 17.040 L 1.000 X  46.00383 -130.02884   1.370 X  -9.000   0.300   0.200  -9.000    -18   -9   -9  358  79  170   38 36  10 17 C  70 48   9 141 1  87 56
              77 2022 10 25  4 43 30.490 L 1.000 X  45.98900 -130.00833   1.910 X  -9.000   0.300   0.200  -9.000    -18   -9   -9  194  23   17   39 45   9 23 D  45 67   9  87 1  91 26
              78 2022 10 25  4 43 37.160 L 1.000 X  45.98917 -130.00800   1.950 X  -9.000   0.300   0.200  -9.000    -18   -9   -9   56  81  147   28 31  15 35 B  73 54  12  88 1  63 27
              79 2022 10 25  4 48 20.180 L 1.000 X  45.98883 -130.00734   1.580 X  -9.000   0.300   0.200  -9.000    -18   -9   -9  294  49  138   27 22  12  0 A  88 51  11 115 1  57 33
              80 2022 10 25  4 48 37.610 L 1.000 X  45.98883 -130.00734   1.560 X  -9.000   0.300   0.200  -9.000    -18   -9   -9  205  37 -124   49 55   8 49 D  37 50   8 129 1 145 33
              81 2022 10 25  4 49 43.930 L 1.000 X  45.98933 -130.00867   1.690 X  -9.000   0.300   0.200  -9.000    -18   -9   -9  318  84  -67   38 47  15 41 D  37 50  12 125 1  81 30
              82 2022 10 25  4 50 22.970 L 1.000 X  45.98917 -130.00816   1.710 X  -9.000   0.300   0.200  -9.000    -18   -9   -9  269  84 -166   36 34  14 17 C  55 53  12 114 1 103 30
              83 2022 10 25  4 54  1.200 L 1.000 X  45.98900 -130.00816   1.760 X  -9.000   0.300   0.200  -9.000    -18   -9   -9  192  38  129   44 46  13 24 D  35 54  11 122 1  65 29
              84 2022 10 25  4 54 49.230 L 1.000 X  45.98883 -130.00766   1.800 X  -9.000   0.300   0.200  -9.000    -18   -9   -9   60  76  174   39 34  12 26 D  49 54  10 128 1  63 28
              85 2022 10 25  4 54 55.280 L 1.000 X  45.98933 -130.00850   1.660 X  -9.000   0.300   0.200  -9.000    -18   -9   -9  250  75 -146   37 29  11 17 D  47 57  10 105 1 101 31
              86 2022 10 25  4 55 40.060 L 1.000 X  45.98883 -130.00783   1.790 X  -9.000   0.300   0.200  -9.000    -18   -9   -9  142  88  157   44 47  10 30 D  41 53  10 129 1  65 28
              87 2022 10 25  4 56 27.570 L 1.000 X  45.98950 -130.00900   1.730 X  -9.000   0.300   0.200  -9.000    -18   -9   -9   17  76  121   44 39  16 23 C  52 50  13 137 1  66 30
              88 2022 10 25  4 56 36.840 L 1.000 X  45.98967 -130.00951   1.690 X  -9.000   0.300   0.200  -9.000    -18   -9   -9  100  89  163   32 29  16 26 B  69 50  14 124 1  68 30
              89 2022 10 25  4 58 29.050 L 1.000 X  45.98917 -130.00934   1.790 X  -9.000   0.300   0.200  -9.000    -18   -9   -9   48  73  118   34 48  12 26 C  51 53  10 135 1  66 27
              90 2022 10 25  4 59 53.780 L 1.000 X  45.98500 -130.00450   1.350 X  -9.000   0.300   0.200  -9.000    -18   -9   -9  336  86  128   52 66   8 30 D  25 54   7 131 1  74 36
              91 2022 10 25  5  0 35.600 L 1.000 X  45.98917 -130.00816   1.700 X  -9.000   0.300   0.200  -9.000    -18   -9   -9  314  42  143   44 48   8 19 D  50 65   8  99 1  91 30
              92 2022 10 25  5  2 22.300 L 1.000 X  45.98850 -130.00734   1.980 X  -9.000   0.300   0.200  -9.000    -18   -9   -9   70  67  146   33 37  11 31 C  57 64  11  86 1  63 26
              93 2022 10 25  5  4 34.120 L 1.000 X  45.98883 -130.00717   1.620 X  -9.000   0.300   0.200  -9.000    -18   -9   -9  290  45  134   43 43  14 21 D  47 49  12 103 1 114 32
              94 2022 10 25  5  5  2.660 L 1.000 X  45.98917 -130.00717   1.860 X  -9.000   0.300   0.200  -9.000    -18   -9   -9  127  71  169   46 51   8 21 D  26 60   8  85 1  91 29
              95 2022 10 25  5  5 38.020 L 1.000 X  45.98883 -130.00751   1.760 X  -9.000   0.300   0.200  -9.000    -18   -9   -9   51  64 -165   36 31  13 22 B  75 55  12 128 1  63 29
              96 2022 10 25  5  5 56.950 L 1.000 X  45.98850 -130.00717   1.750 X  -9.000   0.300   0.200  -9.000    -18   -9   -9  100  71  128   42 46  13 32 D  36 51  12 141 1  61 29
              97 2022 10 25  5  7 29.750 L 1.000 X  45.98850 -130.00751   1.780 X  -9.000   0.300   0.200  -9.000    -18   -9   -9  259  75  157   33 34  14 38 B  66 52  13 143 1  58 28
              98 2022 10 25  5  8 49.850 L 1.000 X  45.98867 -130.00684   1.800 X  -9.000   0.300   0.200  -9.000    -18   -9   -9   88  89  175   43 44   9 30 D  48 61   9  97 1  64 29
              99 2022 10 25  5  8 58.900 L 1.000 X  45.98850 -130.00734   1.730 X  -9.000   0.300   0.200  -9.000    -18   -9   -9  255  67 -162   45 38  13 44 D  44 54  12 122 1  61 29
             100 2022 10 25  5 10 32.880 L 1.000 X  45.98833 -130.00667   1.850 X  -9.000   0.300   0.200  -9.000    -18   -9   -9  309  87 -131   38 45   9 27 D  39 60   9 106 1  85 28
             101 2022 10 25  5 15 45.960 L 1.000 X  45.98933 -130.00734   1.810 X  -9.000   0.300   0.200  -9.000    -18   -9   -9  120  10  -58   57 55   8 30 D  31 64   8  90 1 123 30
             102 2022 10 25  5 21 20.040 L 1.000 X  45.98750 -130.00700   1.690 X  -9.000   0.300   0.200  -9.000    -18   -9   -9  252  34 -155   55 58  10 43 D  26 59  10 105 1  77 28
             103 2022 10 25  5 24 40.440 L 1.000 X  45.98734 -130.00616   1.670 X  -9.000   0.300   0.200  -9.000    -18   -9   -9   90  29 -164   49 37  16 31 C  52 48  15 118 1  95 29
             104 2022 10 25  5 24 51.330 L 1.000 X  45.98700 -130.00566   1.690 X  -9.000   0.300   0.200  -9.000    -18   -9   -9  232  17  177   43 41  10 17 C  61 57   9 102 1  74 29
             105 2022 10 25  5 31 17.510 L 1.000 X  45.98750 -130.00616   1.750 X  -9.000   0.300   0.200  -9.000    -18   -9   -9  197  29 -122   33 43  19 43 C  54 48  17 145 1  65 28
             106 2022 10 25  5 32 21.490 L 1.000 X  45.98867 -130.00650   1.880 X  -9.000   0.300   0.200  -9.000    -18   -9   -9   56  63  177   43 39   9 29 C  50 57   8 107 1  91 29
             107 2022 10 25  5 32 28.610 L 1.000 X  45.98750 -130.00583   1.790 X  -9.000   0.300   0.200  -9.000    -18   -9   -9  225  45 -122   48 46   9 28 D  52 63   8 122 1  77 28
             108 2022 10 25  5 32 45.050 L 1.000 X  45.98800 -130.00633   1.920 X  -9.000   0.300   0.200  -9.000    -18   -9   -9  137  17 -103   46 49   8 52 D  35 62   7 134 1  89 27
             109 2022 10 25  5 33  4.100 L 1.000 X  45.98817 -130.00650   1.910 X  -9.000   0.300   0.200  -9.000    -18   -9   -9  145  85  142   49 45  10 15 D  62 55   9 154 1  62 27
             110 2022 10 25  5 33 16.460 L 1.000 X  45.98783 -130.00616   1.840 X  -9.000   0.300   0.200  -9.000    -18   -9   -9  295  59   88   39 39  14 24 C  55 55  12 119 1  63 28
             111 2022 10 25  5 34 14.450 L 1.000 X  45.98900 -130.00717   1.920 X  -9.000   0.300   0.200  -9.000    -18   -9   -9  103  88  -81   53 52   9 28 D  37 66   9  87 1  66 28
             112 2022 10 25  5 34 25.050 L 1.000 X  45.98833 -130.00684   1.770 X  -9.000   0.300   0.200  -9.000    -18   -9   -9  150  88  135   41 48  11 38 D  42 54  10 133 1  60 29
             113 2022 10 25  5 36 55.740 L 1.000 X  45.98717 -130.00549   1.810 X  -9.000   0.300   0.200  -9.000    -18   -9   -9  190  80  123   36 40  16 43 C  70 48  13 150 1  67 28
             114 2022 10 25  5 37 52.230 L 1.000 X  45.98817 -130.00633   1.880 X  -9.000   0.300   0.200  -9.000    -18   -9   -9  139  87  131   52 54   8 27 D  44 66   7 114 1 124 32
             115 2022 10 25  5 38  4.920 L 1.000 X  45.98767 -130.00583   1.920 X  -9.000   0.300   0.200  -9.000    -18   -9   -9   24  64  -96   38 34  13 21 D  37 56  11 140 1  65 27
             116 2022 10 25  5 38 38.530 L 1.000 X  45.98833 -130.00684   1.740 X  -9.000   0.300   0.200  -9.000    -18   -9   -9   90  35 -141   32 35  14 12 B  65 53  11 113 1  60 29
             117 2022 10 25  5 39 47.040 L 1.000 X  45.98833 -130.00650   1.690 X  -9.000   0.300   0.200  -9.000    -18   -9   -9   52  48 -165   32 34   8 21 B  75 51   7 137 1  90 31
             118 2022 10 25  5 46 16.580 L 1.000 X  45.98750 -130.00633   1.810 X  -9.000   0.300   0.200  -9.000    -18   -9   -9  233  62  120   32 27  18 38 B  68 48  18 154 1  64 27
             119 2022 10 25  5 47 51.670 L 1.000 X  45.98700 -130.00616   1.710 X  -9.000   0.300   0.200  -9.000    -18   -9   -9  106  62  133   41 37  15 31 D  39 51  13 136 1  66 28
             120 2022 10 25  5 48  1.320 L 1.000 X  45.98850 -130.00534   2.090 X  -9.000   0.300   0.200  -9.000    -18   -9   -9   52  62 -159   39 25  11 23 B  61 63  10 143 1  63 27
             121 2022 10 25  5 48 19.130 L 1.000 X  45.98767 -130.00583   1.650 X  -9.000   0.300   0.200  -9.000    -18   -9   -9  243  17 -168   17 22  14 23 A  96 52  11 127 1  94 31
             122 2022 10 25  5 48 43.710 L 1.000 X  45.98683 -130.00500   1.780 X  -9.000   0.300   0.200  -9.000    -18   -9   -9   51  68 -174   47 25  17 38 C  62 45  16 168 1  70 29
             123 2022 10 25  5 48 55.790 L 1.000 X  45.98734 -130.00500   1.900 X  -9.000   0.300   0.200  -9.000    -18   -9   -9   61  48  110   41 45  12 18 C  55 49  12 161 1  86 28
             124 2022 10 25  5 49  6.500 L 1.000 X  45.98717 -130.00484   1.840 X  -9.000   0.300   0.200  -9.000    -18   -9   -9   43  52 -124   28 31  18 37 C  59 44  18 193 1  69 29
             125 2022 10 25  5 49 55.850 L 1.000 X  45.98767 -130.00667   1.820 X  -9.000   0.300   0.200  -9.000    -18   -9   -9   67  51 -179   44 39  10 26 D  50 57   8 189 1 114 27
             126 2022 10 25  5 49 58.260 L 1.000 X  45.98683 -130.00450   1.790 X  -9.000   0.300   0.200  -9.000    -18   -9   -9   53  86  178   51 48  15 43 D  32 44  14 159 1  71 31
             127 2022 10 25  5 50 28.540 L 1.000 X  45.98734 -130.00301   0.500 X  -9.000   0.300   0.200  -9.000    -18   -9   -9  265  78 -148   52 57   8 43 D  29 80   6 112 1 131 49
             128 2022 10 25  5 51 11.190 L 1.000 X  45.98717 -130.00517   1.790 X  -9.000   0.300   0.200  -9.000    -18   -9   -9  124  86  157   30 32  14 37 B  62 51  11 145 1  68 29
             129 2022 10 25  5 51 26.270 L 1.000 X  45.98734 -130.00566   1.810 X  -9.000   0.300   0.200  -9.000    -18   -9   -9  238  64  135   53 42  14 13 D  40 49  13 151 1  66 28
             130 2022 10 25  5 51 44.720 L 1.000 X  45.98800 -130.00734   1.990 X  -9.000   0.300   0.200  -9.000    -18   -9   -9  210  25  160   50 54   8 14 D  29 66   6  81 1 137 26
             131 2022 10 25  5 51 47.570 L 1.000 X  45.98800 -130.00433   1.350 X  -9.000   0.300   0.200  -9.000    -18   -9   -9  275  37 -127   29 27  16 34 B  82 47  14 141 1 113 42
             132 2022 10 25  5 51 54.060 L 1.000 X  45.98800 -130.00484   1.290 X  -9.000   0.300   0.200  -9.000    -18   -9   -9  313  84 -134   39 41  14 38 D  49 46  13 159 1 119 42
             133 2022 10 25  5 52  7.350 L 1.000 X  45.98783 -130.00417   1.450 X  -9.000   0.300   0.200  -9.000    -18   -9   -9    4  73 -108   20 22  16 32 A  93 46  14 168 1 123 39
             134 2022 10 25  5 52 43.620 L 1.000 X  45.98583 -130.00433   1.720 X  -9.000   0.300   0.200  -9.000    -18   -9   -9  319  83 -127   38 47  11 38 D  46 53  10 144 1  75 30
             135 2022 10 25  5 54 47.640 L 1.000 X  45.98683 -130.00534   1.780 X  -9.000   0.300   0.200  -9.000    -18   -9   -9  216  79  114   46 37  15 28 C  54 50  13 153 1  69 28
             136 2022 10 25  5 55  5.960 L 1.000 X  45.98717 -130.00549   1.760 X  -9.000   0.300   0.200  -9.000    -18   -9   -9   73  48  101   53 50  10 33 D  24 54  10 136 1  67 29
             137 2022 10 25  5 55  9.220 L 1.000 X  45.98617 -130.00400   1.980 X  -9.000   0.300   0.200  -9.000    -18   -9   -9   85  44  126   54 59   8 29 D  19 60   6  92 1 159 27
             138 2022 10 25  5 55 22.200 L 1.000 X  45.98667 -130.00500   2.000 X  -9.000   0.300   0.200  -9.000    -18   -9   -9  218  71  122   36 27  18 34 B  67 52  16 137 1  70 25
             139 2022 10 25  5 56  8.200 L 1.000 X  45.98683 -130.00517   1.740 X  -9.000   0.300   0.200  -9.000    -18   -9   -9  239  64  138   31 26  18 24 B  75 47  15 154 1  69 29
             140 2022 10 25  5 56 30.610 L 1.000 X  45.98734 -130.00650   1.750 X  -9.000   0.300   0.200  -9.000    -18   -9   -9  237  42   92   53 58  15 29 D  32 51  11 134 1  64 27
             141 2022 10 25  5 56 37.740 L 1.000 X  45.98700 -130.00583   1.660 X  -9.000   0.300   0.200  -9.000    -18   -9   -9   22  79 -118   31 36  11 24 B  60 58   9 119 1  97 29
             142 2022 10 25  5 57 41.730 L 1.000 X  45.98633 -130.00366   1.910 X  -9.000   0.300   0.200  -9.000    -18   -9   -9  309  76 -144   35 31   9 17 B  63 59   8 156 1  94 29
             143 2022 10 25  5 58 40.390 L 1.000 X  45.98900 -130.00783   1.750 X  -9.000   0.300   0.200  -9.000    -18   -9   -9   46  71 -167   43 52  15 38 D  45 53  13 129 1  61 29
             144 2022 10 25  6  1  7.560 L 1.000 X  45.98550 -130.00284   1.770 X  -9.000   0.300   0.200  -9.000    -18   -9   -9  342  66  129   51 63  14 35 D  38 49  10 130 1  89 32
             145 2022 10 25  6  1 23.110 L 1.000 X  45.98633 -130.00366   2.090 X  -9.000   0.300   0.200  -9.000    -18   -9   -9   81  33  167   31 34   8 38 B  66 65   7 140 1 100 26
             146 2022 10 25  6  1 33.020 L 1.000 X  45.98734 -130.00500   1.790 X  -9.000   0.300   0.200  -9.000    -18   -9   -9  172  75 -106   56 61   8 37 D  16 62   7 110 1 181 30
             147 2022 10 25  6  3 20.950 L 1.000 X  45.98850 -130.00700   1.910 X  -9.000   0.300   0.200  -9.000    -18   -9   -9   85  56  136   40 40  11 23 D  45 60  10 110 1  63 27
             148 2022 10 25  6  5 27.530 L 1.000 X  45.98850 -130.00751   1.680 X  -9.000   0.300   0.200  -9.000    -18   -9   -9  247  39  100   30 33  12 17 B  70 54  11 112 1  61 30
             149 2022 10 25  6  7  2.100 L 1.000 X  45.98633 -130.00166   1.810 X  -9.000   0.300   0.200  -9.000    -18   -9   -9   82  38 -146   51 63   8 47 D  36 61   7 133 1  82 34
             150 2022 10 25  6  9  1.050 L 1.000 X  45.98933 -130.00751   1.630 X  -9.000   0.300   0.200  -9.000    -18   -9   -9  165  78  134   31 31  15 24 B  74 47  13 138 1 104 33
             151 2022 10 25  6 10 47.520 L 1.000 X  45.98800 -130.00684   1.670 X  -9.000   0.300   0.200  -9.000    -18   -9   -9  117  53  138   37 32  13 26 B  65 45  11 140 1 145 34
             152 2022 10 25  6 32 29.850 L 1.000 X  45.98750 -130.00600   1.840 X  -9.000   0.300   0.200  -9.000    -18   -9   -9  109  16 -133   35 32  10 27 B  76 54   8 141 1 110 27
             153 2022 10 25  7  2 51.440 L 1.000 X  45.98734 -130.00549   1.780 X  -9.000   0.300   0.200  -9.000    -18   -9   -9   50  53 -120   41 32  16 45 C  55 49  13 165 1  67 29
             154 2022 10 25  7 12  8.090 L 1.000 X  45.98833 -130.00734   1.760 X  -9.000   0.300   0.200  -9.000    -18   -9   -9   42  62 -115   41 38  10 42 D  49 57   9 126 1  63 28
             155 2022 10 25  7 48 12.300 L 1.000 X  46.00067 -130.02684   1.450 X  -9.000   0.300   0.200  -9.000    -18   -9   -9  337  64  153   26 30  10 33 B  81 48   9 158 1 113 69
             156 2022 10 25  8  5 10.820 L 1.000 X  45.98633 -130.00517   1.790 X  -9.000   0.300   0.200  -9.000    -18   -9   -9   21  84  -98   50 41  18 23 D  37 48  17 142 1  71 27
             157 2022 10 25  8  5 40.670 L 1.000 X  45.98633 -130.00500   1.750 X  -9.000   0.300   0.200  -9.000    -18   -9   -9   60  59  172   33 37   9 31 B  61 57   7 124 1 172 37
             158 2022 10 25  8 12 51.170 L 1.000 X  45.98717 -130.00549   1.740 X  -9.000   0.300   0.200  -9.000    -18   -9   -9   47  52 -151   50 50  15 34 D  35 52  13 140 1  67 29
             159 2022 10 25  8 13 17.740 L 1.000 X  45.98633 -130.01033   2.060 X  -9.000   0.300   0.200  -9.000    -18   -9   -9  221  21  172   16 17  18 27 A  95 51  14 133 1  60 28
             160 2022 10 25  8 13 21.080 L 1.000 X  45.98700 -130.00549   1.770 X  -9.000   0.300   0.200  -9.000    -18   -9   -9   13  82 -109   41 39  17 29 D  48 47  16 169 1  68 28
             161 2022 10 25  8 13 56.010 L 1.000 X  45.98700 -130.00517   1.690 X  -9.000   0.300   0.200  -9.000    -18   -9   -9    2  80  -76   46 57  11 38 D  34 52  11 121 1  69 30
             162 2022 10 25  8 15 14.220 L 1.000 X  45.98700 -130.00433   1.940 X  -9.000   0.300   0.200  -9.000    -18   -9   -9   53  52 -114   60 76  11 45 D  27 56  10 162 1  71 28
             163 2022 10 25 10 40  9.970 L 1.000 X  45.98633 -130.00166   1.690 X  -9.000   0.300   0.200  -9.000    -18   -9   -9   84  65  158   23 22  10  5 A  94 52   8 131 1 130 37
             164 2022 10 25 11 23 10.290 L 1.000 X  45.99950 -130.02733   1.200 X  -9.000   0.300   0.200  -9.000    -18   -9   -9  353  89 -176   32 37   9 26 C  59 43   8 135 1  82 63
             165 2022 10 25 17  0  4.800 L 1.000 X  45.97100 -129.99583   1.620 X  -9.000   0.300   0.200  -9.000    -18   -9   -9   47  52  -94   35 33  12 33 B  64 54  10 145 1  69 38
             166 2022 10 25 17 11 54.640 L 1.000 X  45.97033 -129.99550   1.350 X  -9.000   0.300   0.200  -9.000    -18   -9   -9  210  40 -106   33 27   9 23 B  66 42   7 194 1  80 57
             167 2022 10 25 17 17 23.600 L 1.000 X  45.97066 -129.99567   1.520 X  -9.000   0.300   0.200  -9.000    -18   -9   -9   16  57 -117   35 39  10 46 C  57 47   8 150 1  68 39
             168 2022 10 25 19 47 20.320 L 1.000 X  45.97100 -129.99567   1.520 X  -9.000   0.300   0.200  -9.000    -18   -9   -9  144  58 -140   31 36  11 23 B  63 43   7 161 1 121 40
             169 2022 10 25 19 48 59.080 L 1.000 X  45.97133 -129.99583   1.660 X  -9.000   0.300   0.200  -9.000    -18   -9   -9   15  52 -118   26 28  11 15 B  81 50  11 159 1  70 38
             170 2022 10 25 19 57 53.860 L 1.000 X  45.97100 -129.99567   1.560 X  -9.000   0.300   0.200  -9.000    -18   -9   -9   25  60 -120   32 36  12  5 B  62 45   8 151 1  69 51
             171 2022 10 26  1 23 29.910 L 1.000 X  45.98734 -130.00116   1.290 X  -9.000   0.300   0.200  -9.000    -18   -9   -9  193  82 -159   35 38   9 25 C  50 58   8 125 1 115 42
             172 2022 10 26  4 23 45.620 L 1.000 X  45.96650 -129.99533   1.520 X  -9.000   0.300   0.200  -9.000    -18   -9   -9  359  48 -117   31 33  10 31 B  74 44   7 160 1  87 56
             173 2022 10 26  6 21  6.210 L 1.000 X  45.99333 -130.00900   1.530 X  -9.000   0.300   0.200  -9.000    -18   -9   -9  232  84 -132   49 36  13 20 D  37 51   9  96 1  81 46
             174 2022 10 26  6 23 46.570 L 1.000 X  45.99350 -130.00900   1.390 X  -9.000   0.300   0.200  -9.000    -18   -9   -9  286  56 -106   45 40  11 28 D  45 51   8  93 1 148 50
             175 2022 10 26 16  5 37.140 L 1.000 X  46.00000 -130.02600   1.260 X  -9.000   0.300   0.200  -9.000    -18   -9   -9  353  86 -173   44 38  16 20 C  50 48  13 150 1  79 56
             176 2022 10 27  1  7 40.250 L 1.000 X  45.92067 -129.97517   1.510 X  -9.000   0.300   0.200  -9.000    -18   -9   -9  204  67  157   29 27   9  5 B  81 60   9 120 1 166 27
             177 2022 10 27  2 39 35.490 L 1.000 X  45.98883 -130.00566   1.560 X  -9.000   0.300   0.200  -9.000    -18   -9   -9  311  81  154   27 26  13 27 B  84 47  13 135 1 112 36
             178 2022 10 27  5 52 30.310 L 1.000 X  45.92567 -129.98500   1.100 X  -9.000   0.300   0.200  -9.000    -18   -9   -9   60  88 -178   34 40   8 45 C  66 46   8 139 1 202 32
             179 2022 10 28 20 20 51.200 L 1.000 X  45.91567 -129.99001   0.810 X  -9.000   0.300   0.200  -9.000    -18   -9   -9  358  35  -87   30 31   9 16 B  70 49   7 136 1 185 66
             180 2022 10 29  4 15  9.740 L 1.000 X  45.99750 -130.01666   2.230 X  -9.000   0.300   0.200  -9.000    -18   -9   -9  101  29 -164   37 36   9 22 C  68 65   8  96 1 175 28
             181 2022 10 29  6 39 11.100 L 1.000 X  45.99717 -130.00366   0.500 X  -9.000   0.300   0.200  -9.000    -18   -9   -9  133  85 -116   56 57  11 36 D  35 79   9  86 1 163 49
             182 2022 10 29  6 41 40.330 L 1.000 X  45.99567 -130.01601   1.840 X  -9.000   0.300   0.200  -9.000    -18   -9   -9  218  80 -124   42 50  13 31 D  50 49  13 124 1 100 38
             183 2022 10 29  6 42 48.230 L 1.000 X  45.99567 -130.01616   1.810 X  -9.000   0.300   0.200  -9.000    -18   -9   -9  221  82 -127   44 46  12 21 D  52 51  12 114 1 100 38
             184 2022 10 29  6 43 17.000 L 1.000 X  45.99667 -130.01649   1.700 X  -9.000   0.300   0.200  -9.000    -18   -9   -9  118  37  170   42 39   8 25 D  50 58   7  95 1 168 38
             185 2022 10 29  6 44 22.510 L 1.000 X  45.99500 -130.01550   1.820 X  -9.000   0.300   0.200  -9.000    -18   -9   -9  299  72  -86   47 49   9 16 D  32 55   7 101 1 121 40
             186 2022 10 29  6 46 52.550 L 1.000 X  45.95133 -130.02583   1.600 X  -9.000   0.300   0.200  -9.000    -18   -9   -9  307  41 -117   28 24   9 34 B  86 44   7 128 1 114 48
             187 2022 10 29  6 48  9.470 L 1.000 X  46.00217 -130.01100   2.620 X  -9.000   0.300   0.200  -9.000    -18   -9   -9   83  55  146   42 33   8 22 C  59 67   6  87 1 270 32
             188 2022 10 29  8 20 33.730 L 1.000 X  45.93567 -129.98134   1.530 X  -9.000   0.300   0.200  -9.000    -18   -9   -9  111  41 -116   23 24  12 16 A  86 50  10 144 1  87 20
             189 2022 10 29  8 24 11.620 L 1.000 X  45.93550 -129.98183   1.460 X  -9.000   0.300   0.200  -9.000    -18   -9   -9  143  33 -122   27 30   9 25 B  79 44   8 165 1  88 22
             190 2022 10 29  8 27 49.070 L 1.000 X  45.93567 -129.98134   1.580 X  -9.000   0.300   0.200  -9.000    -18   -9   -9  344  90 -148   23 33  13  9 B  80 43  12 161 1  49 40
             191 2022 10 29  8 38 40.480 L 1.000 X  45.93567 -129.98183   1.510 X  -9.000   0.300   0.200  -9.000    -18   -9   -9  359  66  -81   40 37   8 42 D  48 59   6 109 1  84 20
             192 2022 10 29  8 40  2.750 L 1.000 X  45.93567 -129.98183   1.550 X  -9.000   0.300   0.200  -9.000    -18   -9   -9  106  81  137   37 37  10 33 C  71 49   8 141 1  68 19
             193 2022 10 29  8 42 33.370 L 1.000 X  45.93567 -129.98183   1.580 X  -9.000   0.300   0.200  -9.000    -18   -9   -9   96  41  -99   37 42  14 28 C  57 45  13 153 1  54 22
             194 2022 10 29  8 46 57.850 L 1.000 X  45.93583 -129.98167   1.480 X  -9.000   0.300   0.200  -9.000    -18   -9   -9  345  63  -97   24 19  10 28 A  93 53   8 127 1  81 20
             195 2022 10 29  8 47 40.400 L 1.000 X  45.93500 -129.98100   1.580 X  -9.000   0.300   0.200  -9.000    -18   -9   -9  331  64 -108   33 24  11 23 B  78 52   9 135 1  95 20
             196 2022 10 29  9  7 44.980 L 1.000 X  45.93517 -129.98151   1.580 X  -9.000   0.300   0.200  -9.000    -18   -9   -9  354  75 -138   22 26  17 31 A  88 49  16 156 1  55 20
             197 2022 10 29  9 25 19.430 L 1.000 X  45.93517 -129.98199   1.460 X  -9.000   0.300   0.200  -9.000    -18   -9   -9  157  31 -109   30 32  11 18 B  69 49   9 149 1  93 21
             198 2022 10 29  9 26  3.420 L 1.000 X  45.93483 -129.98151   1.480 X  -9.000   0.300   0.200  -9.000    -18   -9   -9  359  60  -96   27 26  11 32 B  80 52   8 137 1 105 21
             199 2022 10 29  9 29 23.480 L 1.000 X  45.93383 -129.98083   1.450 X  -9.000   0.300   0.200  -9.000    -18   -9   -9  117  47 -121   24 20  11 36 A  94 46  10 170 1  93 22
             200 2022 10 29  9 34 56.910 L 1.000 X  45.93483 -129.98183   1.460 X  -9.000   0.300   0.200  -9.000    -18   -9   -9  359  63  -82   34 45   9 39 C  60 55   7 130 1 101 21
             201 2022 10 29  9 39 48.060 L 1.000 X  45.93433 -129.98151   1.500 X  -9.000   0.300   0.200  -9.000    -18   -9   -9  308  77 -141   37 32  10 14 C  58 47   8 157 1 115 21
             202 2022 10 29 23 56 10.880 L 1.000 X  45.93450 -129.98134   1.370 X  -9.000   0.300   0.200  -9.000    -18   -9   -9  151  31 -101   27 29   9 29 B  76 51   9 149 1 109 23
             203 2022 10 29 23 57  4.120 L 1.000 X  45.93467 -129.98100   1.380 X  -9.000   0.300   0.200  -9.000    -18   -9   -9  349  54  -73   29 29   9 41 B  77 49   7 174 1 111 23
             204 2022 10 29 23 58 44.940 L 1.000 X  45.93400 -129.98033   1.430 X  -9.000   0.300   0.200  -9.000    -18   -9   -9  111  50 -134   26 31  12 33 B  85 45  10 158 1 128 22
             205 2022 10 29 23 58 58.040 L 1.000 X  45.93483 -129.98117   1.400 X  -9.000   0.300   0.200  -9.000    -18   -9   -9  137  38 -111   42 46   8 10 D  37 61   5 121 1 109 23
             206 2022 10 30  0  2 45.280 L 1.000 X  45.93467 -129.98134   1.420 X  -9.000   0.300   0.200  -9.000    -18   -9   -9  132  40 -112   25 19  10  0 A  93 49   9 155 1 110 22
             207 2022 10 30  0 18 36.340 L 1.000 X  45.93433 -129.98100   1.440 X  -9.000   0.300   0.200  -9.000    -18   -9   -9  133  36 -129   33 27  11  5 B  76 48   8 145 1 121 22
             208 2022 10 30  0 18 45.580 L 1.000 X  45.93383 -129.98050   1.480 X  -9.000   0.300   0.200  -9.000    -18   -9   -9  121  45 -125   28 26   9  0 B  81 55   7 157 1 127 21
             209 2022 10 30  0 20 12.210 L 1.000 X  45.93417 -129.98083   1.530 X  -9.000   0.300   0.200  -9.000    -18   -9   -9   64  36 -144   53 52   8 11 D  37 66   8  93 1  95 23
             210 2022 10 30  1  3  8.950 L 1.000 X  45.93400 -129.98134   1.450 X  -9.000   0.300   0.200  -9.000    -18   -9   -9  334  65 -103   29 24   9 39 B  82 55   7 125 1 120 22
             211 2022 10 30  1 52 48.910 L 1.000 X  45.93467 -129.98100   1.400 X  -9.000   0.300   0.200  -9.000    -18   -9   -9  340  65 -100   26 38   8  0 B  65 57   7 146 1 115 23
             212 2022 10 30  3  8  0.560 L 1.000 X  45.93400 -129.97983   1.360 X  -9.000   0.300   0.200  -9.000    -18   -9   -9  316  73 -124   53 53   8 25 D  25 59   6 130 1  92 23
             213 2022 10 30  4 13 58.010 L 1.000 X  46.00033 -130.02733   1.400 X  -9.000   0.300   0.200  -9.000    -18   -9   -9  347  67  162   34 36   9  0 C  59 47   8 131 1  79 62
             214 2022 10 30  4 17 57.650 L 1.000 X  45.93567 -129.98300   1.460 X  -9.000   0.300   0.200  -9.000    -18   -9   -9  235  13  -77   42 50   8 18 D  38 55   6 138 1 104 19
             215 2022 10 30  4 27 44.040 L 1.000 X  45.99650 -130.01517   1.900 X  -9.000   0.300   0.200  -9.000    -18   -9   -9  191  71 -156   36 42  12 34 C  55 57  12  79 1  86 37
             216 2022 10 30  4 28  6.960 L 1.000 X  45.99633 -130.01517   1.800 X  -9.000   0.300   0.200  -9.000    -18   -9   -9  166  73 -178   29 36  11 30 B  73 58  10  82 1  85 39
             217 2022 10 30  4 37 54.380 L 1.000 X  45.93400 -129.98083   1.480 X  -9.000   0.300   0.200  -9.000    -18   -9   -9  348  78 -161   40 41  12 48 C  63 43  10 172 1  95 21
             218 2022 10 30  4 40 57.820 L 1.000 X  45.93367 -129.98016   1.490 X  -9.000   0.300   0.200  -9.000    -18   -9   -9  338  56  -99   41 49   9 50 D  36 58   7 151 1 128 21
             219 2022 10 30  4 42  8.160 L 1.000 X  45.93300 -129.97983   1.500 X  -9.000   0.300   0.200  -9.000    -18   -9   -9  334  47  -67   18 26  10  6 A  91 50   7 171 1  74 20
             220 2022 10 30  5  1 19.870 L 1.000 X  45.93450 -129.98100   1.430 X  -9.000   0.300   0.200  -9.000    -18   -9   -9  114  46 -120   20 22  13 17 A  95 42  11 182 1 118 22
             221 2022 10 30  5  1 29.620 L 1.000 X  45.93400 -129.98100   1.440 X  -9.000   0.300   0.200  -9.000    -18   -9   -9  258  36 -123   45 45   8 28 D  33 64   6 114 1 124 22
             222 2022 10 30  5 30 49.860 L 1.000 X  45.93383 -129.98050   1.680 X  -9.000   0.300   0.200  -9.000    -18   -9   -9  189  22  -54   51 54   8 33 D  27 67   6 140 1 127 19
             223 2022 10 30  5 32 19.120 L 1.000 X  45.93483 -129.98151   1.420 X  -9.000   0.300   0.200  -9.000    -18   -9   -9  332  60 -102   27 30   8 23 B  77 44   6 181 1 175 22
             224 2022 10 30  5 34 12.760 L 1.000 X  45.93467 -129.98199   1.440 X  -9.000   0.300   0.200  -9.000    -18   -9   -9  347  58  -70   33 32   8 23 C  59 48   5 167 1 175 21
             225 2022 10 30  7  1 26.170 L 1.000 X  45.93500 -129.98183   1.560 X  -9.000   0.300   0.200  -9.000    -18   -9   -9  344  71 -101   22 34   8 34 B  77 57   7 157 1 100 20
             226 2022 10 30  7 36 24.690 L 1.000 X  45.93467 -129.98151   1.500 X  -9.000   0.300   0.200  -9.000    -18   -9   -9  111  53 -126   21 16  12 26 A  98 46   9 158 1 108 21
             227 2022 10 30  8 42 52.330 L 1.000 X  45.93550 -129.98117   1.470 X  -9.000   0.300   0.200  -9.000    -18   -9   -9  320  78 -139   29 39   8  8 B  63 47   6 169 1 110 21
             228 2022 10 30  8 56 49.450 L 1.000 X  45.93583 -129.98033   1.580 X  -9.000   0.300   0.200  -9.000    -18   -9   -9  162  36  -86   19 25  11 27 A  91 50   9 139 1  62 20
             229 2022 10 30  9  8 27.050 L 1.000 X  45.93683 -129.98134   1.610 X  -9.000   0.300   0.200  -9.000    -18   -9   -9  203  32  -23   36 37   8  0 C  55 58   6 117 1  87 29
             230 2022 10 30  9  9  9.000 L 1.000 X  45.93583 -129.98050   1.500 X  -9.000   0.300   0.200  -9.000    -18   -9   -9  165  32  -82   40 35  10 19 C  58 49   9 163 1  89 21
             231 2022 10 30 10 13 29.000 L 1.000 X  46.00000 -130.02617   1.370 X  -9.000   0.300   0.200  -9.000    -18   -9   -9  206  63 -143   38 37  14 20 D  42 46  12 142 1  70 59
             232 2022 10 30 18 39 55.300 L 1.000 X  45.93667 -129.98199   1.380 X  -9.000   0.300   0.200  -9.000    -18   -9   -9  308  81 -129   43 44   8  6 D  36 54   6 136 1 111 29
             233 2022 10 31 14  8 15.950 L 1.000 X  46.00000 -130.02699   1.340 X  -9.000   0.300   0.200  -9.000    -18   -9   -9  351  85  166   34 37   8 25 C  56 43   8 154 1  80 62
             234 2022 10 31 23 59  5.920 L 1.000 X  45.96700 -129.99600   1.560 X  -9.000   0.300   0.200  -9.000    -18   -9   -9  207  32  -93   35 32  10 19 B  78 38  10 177 1 119 56
             235 2022 11  1 11 32 27.870 L 1.000 X  46.00383 -130.02933   1.740 X  -9.000   0.300   0.200  -9.000    -18   -9   -9  155  73 -112   53 61   8 26 D  31 59   7 111 1 122 49
             236 2022 11  1 12 24  9.080 L 1.000 X  46.00450 -130.03000   1.790 X  -9.000   0.300   0.200  -9.000    -18   -9   -9  317  80  131   36 39  10  8 C  67 58   9 108 1 118 46
             237 2022 11  2 11 28 46.400 L 1.000 X  45.93117 -129.97749   1.280 X  -9.000   0.300   0.200  -9.000    -18   -9   -9   57  49 -108   50 54   8 51 D  27 54   5  59 1 103 35
             238 2022 11  2 11 32 41.610 L 1.000 X  45.93100 -129.97734   1.460 X  -9.000   0.300   0.200  -9.000    -18   -9   -9   54  70  -98   51 60   8 42 D  35 61   5 117 1 150 25
             239 2022 11  3  9 10 20.940 L 1.000 X  45.97700 -129.99683   1.560 X  -9.000   0.300   0.200  -9.000    -18   -9   -9  269  79  -90   40 32   9  5 C  55 55   7 131 1 107 53
             240 2022 11  3  9 11 41.680 L 1.000 X  45.93133 -129.97816   1.570 X  -9.000   0.300   0.200  -9.000    -18   -9   -9  226  80 -151   48 54  10  5 D  59 51   9 160 1 134 30
             241 2022 11  3  9 11 49.700 L 1.000 X  45.97667 -129.99651   1.640 X  -9.000   0.300   0.200  -9.000    -18   -9   -9  345  71 -129   45 45  11 39 D  42 50   8 149 1 107 51
             242 2022 11  3  9 12 12.420 L 1.000 X  45.97683 -129.99683   1.820 X  -9.000   0.300   0.200  -9.000    -18   -9   -9  110  10 -114   49 43  10 16 D  52 61   7 106 1 106 47
             243 2022 11  3  9 14 51.700 L 1.000 X  45.97717 -129.99699   1.680 X  -9.000   0.300   0.200  -9.000    -18   -9   -9  351  55 -136   42 45  10 38 C  56 54   8 119 1  91 49
             244 2022 11  3  9 15  4.240 L 1.000 X  45.97667 -129.99683   1.500 X  -9.000   0.300   0.200  -9.000    -18   -9   -9  358  59 -130   19 18  13 21 A  95 40  11 166 1 101 55
             245 2022 11  3  9 15 11.370 L 1.000 X  45.97717 -129.99651   1.690 X  -9.000   0.300   0.200  -9.000    -18   -9   -9   51  72 -154   42 31  11 12 D  46 49   9 148 1 108 50
             246 2022 11  3  9 18 27.310 L 1.000 X  45.97783 -129.99667   1.810 X  -9.000   0.300   0.200  -9.000    -18   -9   -9  234  42  -68   31 24  12  5 B  78 57  10 126 1 108 46
             247 2022 11  3  9 19 34.060 L 1.000 X  45.97766 -129.99733   1.870 X  -9.000   0.300   0.200  -9.000    -18   -9   -9   22  54 -112   17 26  12 30 A  89 60  11 106 1 106 44
             248 2022 11  3  9 21 29.700 L 1.000 X  45.97800 -129.99667   1.830 X  -9.000   0.300   0.200  -9.000    -18   -9   -9    8  56 -123   23 27  12 20 B  87 52  10 147 1 108 45
             249 2022 11  3  9 57 25.040 L 1.000 X  45.97600 -129.99651   1.750 X  -9.000   0.300   0.200  -9.000    -18   -9   -9  346  71 -134   37 44   9  3 D  47 61   6 102 1  88 47
             250 2022 11  3 10  4 10.000 L 1.000 X  45.97567 -129.99550   1.090 X  -9.000   0.300   0.200  -9.000    -18   -9   -9  236  82 -159   38 34   8 13 C  57 44   6 161 1 124 68
             251 2022 11  3 10 15 54.740 L 1.000 X  45.97633 -129.99699   1.560 X  -9.000   0.300   0.200  -9.000    -18   -9   -9  296  64  -80   45 49   9 34 D  29 59   5  93 1 106 52
             252 2022 11  3 10 28 27.930 L 1.000 X  45.97600 -129.99667   1.440 X  -9.000   0.300   0.200  -9.000    -18   -9   -9  289  58 -147   43 47  11 40 D  36 43   8 159 1  69 55
             253 2022 11  3 10 37 25.470 L 1.000 X  45.97650 -129.99651   1.690 X  -9.000   0.300   0.200  -9.000    -18   -9   -9  337  81  -77   39 43  11 15 D  47 50   9 137 1  90 48
             254 2022 11  3 10 39 35.010 L 1.000 X  45.97650 -129.99651   1.460 X  -9.000   0.300   0.200  -9.000    -18   -9   -9    6  62 -137   43 38  12 15 C  51 46  11 149 1  92 56
             255 2022 11  3 10 40  0.760 L 1.000 X  45.97633 -129.99667   1.600 X  -9.000   0.300   0.200  -9.000    -18   -9   -9  242  87 -171   35 30  13 20 C  58 46  10 151 1 100 51
             256 2022 11  3 10 40 10.130 L 1.000 X  45.97600 -129.99716   1.570 X  -9.000   0.300   0.200  -9.000    -18   -9   -9   52  90  167   33 37  11 22 B  65 50  11 143 1  99 51
             257 2022 11  3 10 40 54.390 L 1.000 X  45.97600 -129.99651   1.200 X  -9.000   0.300   0.200  -9.000    -18   -9   -9  289  46 -155   44 38   8  0 C  50 47   6 174 1 104 62
             258 2022 11  3 10 42 42.550 L 1.000 X  45.97650 -129.99667   1.520 X  -9.000   0.300   0.200  -9.000    -18   -9   -9  321  71 -143   45 46   8 22 D  30 43   5 135 1  73 53
             259 2022 11  3 10 45 46.840 L 1.000 X  45.97567 -129.99667   1.710 X  -9.000   0.300   0.200  -9.000    -18   -9   -9   84  41 -129   33 28  13 17 B  72 53  11 144 1  99 47
             260 2022 11  3 10 54 15.470 L 1.000 X  45.97583 -129.99634   1.170 X  -9.000   0.300   0.200  -9.000    -18   -9   -9  166  41 -102   37 42   8 24 D  44 45   7 155 1 109 63
             261 2022 11  3 13 55 41.510 L 1.000 X  45.97667 -129.99716   0.920 X  -9.000   0.300   0.200  -9.000    -18   -9   -9  138  55  -93   36 30   9 10 B  65 44   5 148 1 187 72
             262 2022 11  3 14  1 14.470 L 1.000 X  45.97700 -129.99750   1.190 X  -9.000   0.300   0.200  -9.000    -18   -9   -9  295  39  -96   44 46   8 17 D  34 40   5 163 1  91 62
             263 2022 11  3 14 13 43.510 L 1.000 X  45.97167 -129.99567   1.380 X  -9.000   0.300   0.200  -9.000    -18   -9   -9  300  78  163   34 36   8 34 B  73 47   6 130 1  75 55
             264 2022 11  3 14 40 20.450 L 1.000 X  45.97233 -129.99567   1.400 X  -9.000   0.300   0.200  -9.000    -18   -9   -9  293  71 -161   30 36   9 27 B  63 52   7 122 1  73 47
             265 2022 11  3 15  8 49.420 L 1.000 X  45.97233 -129.99583   1.620 X  -9.000   0.300   0.200  -9.000    -18   -9   -9  327  48 -131   41 46  10 38 D  42 56   8 123 1  74 41
             266 2022 11  3 15 15 47.740 L 1.000 X  45.97233 -129.99567   1.650 X  -9.000   0.300   0.200  -9.000    -18   -9   -9  280  82 -177   40 45   9 17 C  60 52   7 125 1 130 41
             267 2022 11  3 20 52 45.400 L 1.000 X  46.00134 -130.02766   1.340 X  -9.000   0.300   0.200  -9.000    -18   -9   -9  123  62  139   43 46  10  7 D  34 47  10 137 1  98 64
             268 2022 11  5  4  3 32.590 L 1.000 X  45.92333 -129.99083   0.790 X  -9.000   0.300   0.200  -9.000    -18   -9   -9    2  85 -173   26 31   8 22 B  87 46   7 139 1 161 67
             269 2022 11  5  5 39  9.760 L 1.000 X  45.97783 -129.99716   1.270 X  -9.000   0.300   0.200  -9.000    -18   -9   -9  101  56 -153   57 54   9 26 D  26 40   8 179 1 144 59
             270 2022 11  6 17  4 43.360 L 1.000 X  46.00167 -130.03050   1.690 X  -9.000   0.300   0.200  -9.000    -18   -9   -9  352  78  152   31 33   9 25 B  65 49   8 111 1 118 54
             271 2022 11  6 17 13  1.120 L 1.000 X  46.00134 -130.03050   1.710 X  -9.000   0.300   0.200  -9.000    -18   -9   -9  337  65  143   45 40   9 43 C  57 55   9 115 1 111 54
             272 2022 11  7 18 28 13.680 L 1.000 X  45.92517 -129.99049   0.970 X  -9.000   0.300   0.200  -9.000    -18   -9   -9  283  44 -116   17 29  13  3 A  88 46  11 161 1 100 57
             273 2022 11  8  2 37 58.980 L 1.000 X  45.95917 -129.98883   1.390 X  -9.000   0.300   0.200  -9.000    -18   -9   -9  259  66 -112   49 55   8 30 D  34 52   5 110 1 140 52
             274 2022 11  8  3 26 11.880 L 1.000 X  45.95900 -129.98866   1.320 X  -9.000   0.300   0.200  -9.000    -18   -9   -9  130  65 -153   40 39   8 19 C  54 47   7 149 1  90 53
             275 2022 11  8  6 57 44.080 L 1.000 X  45.92550 -129.98584   1.010 X  -9.000   0.300   0.200  -9.000    -18   -9   -9   21  54 -127   31 32  12 26 B  75 45  10 152 1  77 39
             276 2022 11  8  8  7  7.350 L 1.000 X  45.96500 -129.99466   1.480 X  -9.000   0.300   0.200  -9.000    -18   -9   -9  126  73  179   42 44   9 29 C  55 50   7 120 1  83 32
             277 2022 11  8 19  8 36.040 L 1.000 X  45.92050 -129.97566   1.460 X  -9.000   0.300   0.200  -9.000    -18   -9   -9  298  44  -91   38 42   9 45 D  47 51   6 127 1 119 34
             278 2022 11 11  4 29 44.900 L 1.000 X  45.92267 -129.99100   0.880 X  -9.000   0.300   0.200  -9.000    -18   -9   -9    8  82 -168   31 37   9 25 B  68 47   7 137 1 117 64
             279 2022 11 11 11 18 11.390 L 1.000 X  45.99866 -130.02901   1.420 X  -9.000   0.300   0.200  -9.000    -18   -9   -9  107  48  -98   41 47   8 38 C  58 44   6 148 1 157 59
             280 2022 11 11 11 18 46.690 L 1.000 X  45.99900 -130.02867   1.540 X  -9.000   0.300   0.200  -9.000    -18   -9   -9  358  85  164   37 54   8 21 D  65 50   6 150 1 109 54
             281 2022 11 11 11 19 10.410 L 1.000 X  45.99950 -130.02901   1.650 X  -9.000   0.300   0.200  -9.000    -18   -9   -9  358  73  155   37 36   8  1 C  56 53   7 113 1 111 54
             282 2022 11 11 11 20  7.350 L 1.000 X  45.99933 -130.02817   1.110 X  -9.000   0.300   0.200  -9.000    -18   -9   -9  201  80 -174   43 40   8 24 D  46 49   5 150 1 156 66
             283 2022 11 11 11 20 46.420 L 1.000 X  46.00000 -130.02950   1.620 X  -9.000   0.300   0.200  -9.000    -18   -9   -9  300  49  -97   55 65   8 23 D  36 44   7 134 1  76 57
             284 2022 11 11 15 22 30.300 L 1.000 X  46.00050 -130.02850   1.680 X  -9.000   0.300   0.200  -9.000    -18   -9   -9  356  75  151   32 31  10 38 B  67 49   8 134 1  66 58
             285 2022 11 11 15 34 32.720 L 1.000 X  46.00017 -130.02850   1.700 X  -9.000   0.300   0.200  -9.000    -18   -9   -9  344  75  157   19 27  15 10 A  88 49  12 130 1  80 56
             286 2022 11 11 15 48 17.520 L 1.000 X  46.00083 -130.02884   1.920 X  -9.000   0.300   0.200  -9.000    -18   -9   -9  265  61  -94   52 46   8  4 D  36 54   7 122 1 165 54
             287 2022 11 11 15 50 12.260 L 1.000 X  46.00067 -130.02834   1.660 X  -9.000   0.300   0.200  -9.000    -18   -9   -9  355  82  169   31 40   9 37 C  58 48   8 141 1  77 58
             288 2022 11 12  5 30 23.160 L 1.000 X  45.95900 -129.99234   1.260 X  -9.000   0.300   0.200  -9.000    -18   -9   -9  128  60 -160   50 49   9 25 D  33 43   7 148 1 103 50
             289 2022 11 14  6 37 29.100 L 1.000 X  46.00050 -130.02850   1.230 X  -9.000   0.300   0.200  -9.000    -18   -9   -9  150  65 -154   25 42  11  8 C  60 44  11 192 1 176 65
             290 2022 11 15 13 30 23.450 L 1.000 X  45.92083 -129.98801   1.140 X  -9.000   0.300   0.200  -9.000    -18   -9   -9  202  38 -176   37 38   9  6 C  59 50   7 128 1  83 49
             291 2022 11 15 13 33 25.460 L 1.000 X  45.92083 -129.98933   0.900 X  -9.000   0.300   0.200  -9.000    -18   -9   -9  243  88 -175   38 41   9 24 D  46 49   8 152 1 116 62
             292 2022 11 17  2 58 17.710 L 1.000 X  46.00134 -130.02733   1.250 X  -9.000   0.300   0.200  -9.000    -18   -9   -9  180  84 -156   42 49   8 26 D  46 46   8 127 1  75 66
             293 2022 11 19  2 55 53.530 L 1.000 X  45.94267 -130.01733   1.340 X  -9.000   0.300   0.200  -9.000    -18   -9   -9  159  65 -141   26 30  10 10 B  77 46   9 128 1 111 45
             294 2022 11 19  9 57 55.740 L 1.000 X  46.00283 -130.02916   1.490 X  -9.000   0.300   0.200  -9.000    -18   -9   -9  172  74  180   32 32   8 20 B  74 43   7 134 1  85 57
             295 2022 11 20  0 19 28.070 L 1.000 X  45.92450 -129.99100   0.960 X  -9.000   0.300   0.200  -9.000    -18   -9   -9  329  32 -106   45 37  10 26 D  44 48   9 134 1 102 60
             296 2022 11 26  0 33 33.600 L 1.000 X  45.99233 -130.01350   1.650 X  -9.000   0.300   0.200  -9.000    -18   -9   -9  309  48  -84   39 40  12 41 C  68 54   9 111 1 155 38
             297 2022 11 26  4 10  1.090 L 1.000 X  45.92717 -130.00433   0.800 X  -9.000   0.300   0.200  -9.000    -18   -9   -9   73  80 -167   34 33  10 14 B  64 51   8 137 1 103 56
             298 2022 11 26  7  6 59.520 L 1.000 X  45.94217 -130.01833   1.360 X  -9.000   0.300   0.200  -9.000    -18   -9   -9  155  67 -150   37 39  11 30 C  61 42   9 124 1  87 43
             299 2022 11 27 15 18 57.510 L 1.000 X  46.00033 -130.02699   1.370 X  -9.000   0.300   0.200  -9.000    -18   -9   -9  229  53 -121   35 39  16 22 C  56 48  13 156 1  69 62
             300 2022 11 27 17 50 22.400 L 1.000 X  45.96283 -129.99516   1.380 X  -9.000   0.300   0.200  -9.000    -18   -9   -9  208  44 -106   35 46  11 57 C  54 43   9 173 1  82 33
             301 2022 11 29  5  3 30.950 L 1.000 X  45.91900 -129.98100   1.240 X  -9.000   0.300   0.200  -9.000    -18   -9   -9  236  75  151   35 37   8 20 C  59 53   7 146 1 132 38
             302 2022 11 29  9 56 37.440 L 1.000 X  45.92667 -129.98666   1.080 X  -9.000   0.300   0.200  -9.000    -18   -9   -9  234  17 -109   44 45   8  5 C  52 54   5 149 1  91 39
             303 2022 12  7  5 30  0.200 L 1.000 X  46.00217 -130.02834   1.370 X  -9.000   0.300   0.200  -9.000    -18   -9   -9  346  64  155   43 41   9 27 C  53 43   9 154 1  82 63
             304 2022 12  7 10 45 21.810 L 1.000 X  45.97000 -129.99617   1.660 X  -9.000   0.300   0.200  -9.000    -18   -9   -9  195  34 -118   56 73  11 19 D  35 46  11 164 1  65 34
             305 2022 12  7 10 47  4.150 L 1.000 X  45.97017 -129.99634   1.470 X  -9.000   0.300   0.200  -9.000    -18   -9   -9  181  44 -133   38 30   8  4 C  55 49   7 117 1 106 38
             306 2022 12 12  7 32 53.720 L 1.000 X  45.92117 -129.98700   1.220 X  -9.000   0.300   0.200  -9.000    -18   -9   -9   90  72 -175   46 59   8 35 D  55 51   8 147 1 231 71
             307 2022 12 17 19 41 23.320 L 1.000 X  45.92100 -129.98849   1.550 X  -9.000   0.300   0.200  -9.000    -18   -9   -9  185  85 -161   33 40   8 37 C  60 46   6 132 1 232 63
             308 2022 12 23  1 54 31.020 L 1.000 X  45.96800 -129.99550   1.860 X  -9.000   0.300   0.200  -9.000    -18   -9   -9  163  78   85   20 28   8 25 A  92 37   8 152 1 134 27
             309 2022 12 23  1 59 21.230 L 1.000 X  45.96833 -129.99434   1.870 X  -9.000   0.300   0.200  -9.000    -18   -9   -9  334  88 -142   43 38   8 21 C  58 52   8 128 1 134 30
             310 2022 12 23  3  7 42.260 L 1.000 X  45.96933 -129.99600   1.720 X  -9.000   0.300   0.200  -9.000    -18   -9   -9  334  89 -151   24 42  11 35 C  56 49  11 132 1 123 31
             311 2022 12 30  9 11 49.410 L 1.000 X  45.97017 -129.99651   1.500 X  -9.000   0.300   0.200  -9.000    -18   -9   -9  160  76 -162   32 39   9 47 C  52 43   9 151 1 105 37
             312 2023  1  1  6 23 42.890 L 1.000 X  46.00117 -130.02716   1.250 X  -9.000   0.300   0.200  -9.000    -18   -9   -9  278  47  -96   51 52   8 22 D  23 46   7 122 1  76 65
             313 2023  1  1 16 18 38.730 L 1.000 X  46.00333 -130.02434   1.440 X  -9.000   0.300   0.200  -9.000    -18   -9   -9  149  70  145   27 38  12 25 B  75 48  11 144 1  80 50
             314 2023  1  1 16 18 58.970 L 1.000 X  46.00350 -130.02467   1.500 X  -9.000   0.300   0.200  -9.000    -18   -9   -9  152  60  146   35 41  11 19 C  60 49   9 130 1  83 49
             315 2023  1  2 12 19 16.670 L 1.000 X  45.95833 -129.98883   1.770 X  -9.000   0.300   0.200  -9.000    -18   -9   -9    3  73 -156   39 42   9 10 C  54 65   7 116 1  87 40
             316 2023  1  5  7 43  4.940 L 1.000 X  45.93200 -129.97734   1.450 X  -9.000   0.300   0.200  -9.000    -18   -9   -9  112  53 -112   42 47   8 27 C  67 52   7 160 1 150 22
             317 2023  1  5 21 14 38.560 L 1.000 X  45.92583 -129.99033   1.080 X  -9.000   0.300   0.200  -9.000    -18   -9   -9  308  35 -108   37 37   9 28 C  53 41   7 178 1  99 52
             318 2023  1 10 22 26 20.560 L 1.000 X  45.92367 -129.97783   1.310 X  -9.000   0.300   0.200  -9.000    -18   -9   -9  131  61  170   37 50   9 36 D  40 48   9 146 1  89 45
             319 2023  1 10 23 18 17.960 L 1.000 X  45.96500 -129.99634   1.270 X  -9.000   0.300   0.200  -9.000    -18   -9   -9   32  80 -128   31 37  13 38 C  52 39  10 158 1  71 31
             320 2023  1 14 19  7 52.120 L 1.000 X  45.94050 -130.01666   1.340 X  -9.000   0.300   0.200  -9.000    -18   -9   -9  152  78 -162   42 46   8 29 C  51 56   7  98 1 117 36
             321 2023  1 15 23 43 32.320 L 1.000 X  46.00250 -130.02434   1.560 X  -9.000   0.300   0.200  -9.000    -18   -9   -9   86  71 -171   33 44  12 35 C  57 46  10 154 1  75 50
             322 2023  1 16 22 27 22.200 L 1.000 X  45.92283 -129.99150   0.930 X  -9.000   0.300   0.200  -9.000    -18   -9   -9  276  47 -122   32 41  11 18 C  68 44  10 149 1  88 63
             323 2023  1 19  5 15 11.050 L 1.000 X  45.92683 -129.98216   1.320 X  -9.000   0.300   0.200  -9.000    -18   -9   -9   30  75 -143   41 38  10  4 D  46 46   9 157 1  77 29
             324 2023  1 20  0 45 35.930 L 1.000 X  45.93983 -129.98666   0.860 X  -9.000   0.300   0.200  -9.000    -18   -9   -9  102  87  177   29 36   9  8 B  79 67   9 145 1 110 64
             325 2023  1 20  2  8  7.190 L 1.000 X  45.95467 -129.98683   1.750 X  -9.000   0.300   0.200  -9.000    -18   -9   -9  138  78  180   35 31   9 30 B  66 38   9 176 1  83 53
             326 2023  1 20  2 18 41.440 L 1.000 X  45.95417 -129.98700   1.660 X  -9.000   0.300   0.200  -9.000    -18   -9   -9  165  74  168   39 39   8  4 C  53 37   7 160 1  82 56
             327 2023  1 21  8  6 33.110 L 1.000 X  45.92567 -129.99049   1.030 X  -9.000   0.300   0.200  -9.000    -18   -9   -9  281  43 -131   31 39  11 32 C  59 46   9 165 1  98 55
             328 2023  1 23 16  0 38.020 L 1.000 X  45.96783 -129.99567   1.900 X  -9.000   0.300   0.200  -9.000    -18   -9   -9  336  89 -126   44 46  10 21 D  41 54  10 125 1  90 26
             329 2023  1 23 16  2  6.550 L 1.000 X  45.96800 -129.99516   1.740 X  -9.000   0.300   0.200  -9.000    -18   -9   -9   19  62  -98   33 24  11 30 B  76 48  11 137 1  89 30
             330 2023  1 23 16  2 45.770 L 1.000 X  45.96767 -129.99516   1.910 X  -9.000   0.300   0.200  -9.000    -18   -9   -9  338  85 -147   36 34   8  0 C  59 58   8 123 1  92 27
             331 2023  1 25  5 16  5.780 L 1.000 X  45.92550 -129.99100   0.970 X  -9.000   0.300   0.200  -9.000    -18   -9   -9  173  59 -156   46 53   8 35 D  24 42   7 139 1 208 59
             332 2023  1 25  5 17 16.430 L 1.000 X  45.92517 -129.99100   1.000 X  -9.000   0.300   0.200  -9.000    -18   -9   -9  290  40  -92   43 48  10 28 D  54 50   9 131 1 100 58
             333 2023  1 25  5 18 32.340 L 1.000 X  45.92533 -129.99083   1.070 X  -9.000   0.300   0.200  -9.000    -18   -9   -9   62  62 -125   52 49  10 11 D  35 43   8 160 1  69 54
             334 2023  1 25  5 24  1.810 L 1.000 X  45.92550 -129.99100   1.030 X  -9.000   0.300   0.200  -9.000    -18   -9   -9  280  44 -162   43 43   8 37 D  49 43   7 139 1 154 56
             335 2023  1 25 13 45 26.240 L 1.000 X  45.93967 -130.01750   1.430 X  -9.000   0.300   0.200  -9.000    -18   -9   -9  311  89  129   24 25  18 13 A  85 46  18 128 1  56 31
             336 2023  1 25 19 17 15.020 L 1.000 X  45.94950 -130.04066   2.260 X  -9.000   0.300   0.200  -9.000    -18   -9   -9  213  62  -91   24 34   8 22 B  76 57   8 104 1 193 51
             337 2023  1 25 20  9  1.000 L 1.000 X  45.93533 -130.01917   1.560 X  -9.000   0.300   0.200  -9.000    -18   -9   -9  150  58 -125   17 21  10 28 A  90 42   9 136 1 124 36
             338 2023  1 25 20 29 44.960 L 1.000 X  45.93717 -130.01750   1.270 X  -9.000   0.300   0.200  -9.000    -18   -9   -9  313  82  173   32 30   8 46 B  67 41   6 163 1 161 37
             339 2023  1 25 21  5 41.720 L 1.000 X  45.93767 -130.01866   1.330 X  -9.000   0.300   0.200  -9.000    -18   -9   -9    2  41  -73   32 33   8 12 B  62 39   6 147 1 207 34
             340 2023  1 26  1 27  1.080 L 1.000 X  45.93983 -130.01817   1.350 X  -9.000   0.300   0.200  -9.000    -18   -9   -9  272  51 -166   28 29  15 12 B  84 45  15 143 1  95 34
             341 2023  1 26  9  3 15.420 L 1.000 X  45.93933 -130.01849   1.350 X  -9.000   0.300   0.200  -9.000    -18   -9   -9  230  51 -111   33 22  12 22 B  85 45  11 137 1 130 33
             342 2023  1 27  8 13 30.210 L 1.000 X  45.92400 -129.98967   0.890 X  -9.000   0.300   0.200  -9.000    -18   -9   -9  125  54  -82   52 64   8 18 D  37 51   7 129 1 168 58
             343 2023  1 27  8 51 59.110 L 1.000 X  45.93950 -130.01767   1.230 X  -9.000   0.300   0.200  -9.000    -18   -9   -9  125  43 -113   35 40   8  0 D  44 39   6 175 1  87 35
             344 2023  1 27 15 51  9.190 L 1.000 X  45.99967 -130.02667   1.070 X  -9.000   0.300   0.200  -9.000    -18   -9   -9  272  40  -87   27 23   9 17 A  89 47   8 121 1 111 60
             345 2023  1 27 23 24 19.560 L 1.000 X  45.93933 -130.01801   1.450 X  -9.000   0.300   0.200  -9.000    -18   -9   -9  350  39  -75   32 32  12  0 B  64 46  12 122 1 131 30
             346 2023  1 28  1 24 46.710 L 1.000 X  45.93667 -130.01784   1.210 X  -9.000   0.300   0.200  -9.000    -18   -9   -9  214  72 -146   40 35  12 12 C  59 42   8 122 1  72 39
             347 2023  1 30 17 35 31.080 L 1.000 X  45.94017 -130.01817   1.150 X  -9.000   0.300   0.200  -9.000    -18   -9   -9   24  37  -82   40 38   8 33 D  50 45   6 189 1 114 41
             348 2023  1 31  6 35 49.950 L 1.000 X  45.92633 -129.98900   1.030 X  -9.000   0.300   0.200  -9.000    -18   -9   -9  294  83  153   35 27  10 20 B  68 48   9 152 1  97 50
             349 2023  1 31  8 47 31.280 L 1.000 X  45.93884 -130.01900   1.110 X  -9.000   0.300   0.200  -9.000    -18   -9   -9  200  84 -162   28 25  12 16 B  83 42  11 147 1  87 38
             350 2023  2  2  6  0  4.590 L 1.000 X  45.94650 -130.03900   1.870 X  -9.000   0.300   0.200  -9.000    -18   -9   -9  345  67  156   25 18   9 31 A  90 50   8 112 1 196 50
             351 2023  2  3 20 34 56.160 L 1.000 X  45.94150 -129.98750   1.550 X  -9.000   0.300   0.200  -9.000    -18   -9   -9  305  70   94   40 53   9 49 D  49 61   5 127 1  91 36
             352 2023  2  4 14  2 10.540 L 1.000 X  46.00217 -130.02817   1.490 X  -9.000   0.300   0.200  -9.000    -18   -9   -9  348  82  171   24 29  11 27 B  87 42  10 172 1  82 68
             353 2023  2  5  2 16 41.490 L 1.000 X  45.95000 -130.03984   2.410 X  -9.000   0.300   0.200  -9.000    -18   -9   -9  226  59 -150   35 23  11 24 B  68 64   7  74 1 191 50
             354 2023  2  5  4  5  8.250 L 1.000 X  45.92417 -129.98900   0.890 X  -9.000   0.300   0.200  -9.000    -18   -9   -9  344  85 -174   29 35  12 34 C  53 52   9 152 1 106 56
             355 2023  2  7  4 52 36.520 L 1.000 X  45.92300 -129.99150   0.840 X  -9.000   0.300   0.200  -9.000    -18   -9   -9  200  44 -102   33 32   9 52 B  66 43   7 148 1 101 67
             356 2023  2  7 17  6 59.260 L 1.000 X  45.99633 -130.01633   1.800 X  -9.000   0.300   0.200  -9.000    -18   -9   -9  161  73 -176   54 53   9 22 D  47 57   7 115 1  96 37
             357 2023  2  9 13 45 29.410 L 1.000 X  45.99217 -130.01584   1.830 X  -9.000   0.300   0.200  -9.000    -18   -9   -9   50  71 -105   43 40   8 21 C  52 66   7 101 1  76 34
             358 2023  2  9 13 45 32.930 L 1.000 X  45.99283 -130.01550   1.570 X  -9.000   0.300   0.200  -9.000    -18   -9   -9  196  70 -155   41 54   9 15 D  38 51   8 124 1  74 42
             359 2023  2  9 14  8 23.790 L 1.000 X  45.99233 -130.01517   1.580 X  -9.000   0.300   0.200  -9.000    -18   -9   -9  145  73 -166   29 34  12 27 B  76 50  11 123 1  66 40
             360 2023  2  9 15 37 28.550 L 1.000 X  45.92216 -129.98666   1.120 X  -9.000   0.300   0.200  -9.000    -18   -9   -9  258  79 -175   38 38   8 15 C  51 41   6 211 1 110 43
             361 2023  2 12  9 42 12.710 L 1.000 X  46.00333 -130.02916   1.480 X  -9.000   0.300   0.200  -9.000    -18   -9   -9  241  44 -110   47 44  11  9 D  23 45  10 153 1 126 59
             362 2023  2 13 13 53 15.660 L 1.000 X  45.92500 -129.99066   1.000 X  -9.000   0.300   0.200  -9.000    -18   -9   -9  271  51 -141   33 37  13 16 C  59 46  11 158 1  79 57
             363 2023  2 13 17 12 22.280 L 1.000 X  45.92617 -129.98466   1.080 X  -9.000   0.300   0.200  -9.000    -18   -9   -9  353  54  -94   29 31  10  0 B  72 48   8 137 1  77 31
             364 2023  2 13 22  2 41.940 L 1.000 X  45.97000 -129.99634   1.600 X  -9.000   0.300   0.200  -9.000    -18   -9   -9  130  20 -104   27 35  10 14 B  68 54   6 118 1  98 35
             365 2023  2 14 22 52 50.920 L 1.000 X  45.94250 -130.01967   1.410 X  -9.000   0.300   0.200  -9.000    -18   -9   -9   43  37  -93   25 23  16 34 A  89 43  14 126 1  66 44
             366 2023  2 15 13 44 25.380 L 1.000 X  45.99967 -130.02650   1.130 X  -9.000   0.300   0.200  -9.000    -18   -9   -9  179  88  178   22 23  12 23 A  94 49   9 158 1  81 67
             367 2023  2 16  4 32 24.670 L 1.000 X  45.96750 -129.99583   1.790 X  -9.000   0.300   0.200  -9.000    -18   -9   -9   20  68 -137   31 28  13 24 B  79 55  10 136 1  56 27
             368 2023  2 16  6  2  0.920 L 1.000 X  45.93850 -130.01900   1.260 X  -9.000   0.300   0.200  -9.000    -18   -9   -9  189  55  -87   36 37   8 27 C  61 35   5 227 1 115 32
             369 2023  2 16 23 23 15.840 L 1.000 X  45.93884 -130.01900   1.300 X  -9.000   0.300   0.200  -9.000    -18   -9   -9   37  41  -85   36 40  11  9 C  55 43   9 129 1  83 33
             370 2023  2 17 21 41 18.120 L 1.000 X  45.92700 -129.98767   1.180 X  -9.000   0.300   0.200  -9.000    -18   -9   -9  323  39  -62   48 48   8 36 D  30 49   7 153 1  94 39
             371 2023  2 18  0 22 34.520 L 1.000 X  45.97083 -129.99583   1.690 X  -9.000   0.300   0.200  -9.000    -18   -9   -9  198  51 -127   30 39  12  5 B  63 53  10 153 1  68 36
             372 2023  2 18  7 20  2.150 L 1.000 X  45.93233 -130.01401   1.460 X  -9.000   0.300   0.200  -9.000    -18   -9   -9  304  71 -175   39 38   9 32 D  42 37   8 146 1 119 38
             373 2023  2 19  4 18 39.980 L 1.000 X  45.93800 -130.01883   1.210 X  -9.000   0.300   0.200  -9.000    -18   -9   -9  211  52  -95   36 38   9 37 C  70 41   8 174 1 101 34
             374 2023  2 19 17 25 12.260 L 1.000 X  46.00134 -130.02783   1.390 X  -9.000   0.300   0.200  -9.000    -18   -9   -9  343  65  154   27 34  12 18 B  79 47  12 144 1  92 64
             375 2023  2 19 19 20 18.720 L 1.000 X  46.00150 -130.02800   1.360 X  -9.000   0.300   0.200  -9.000    -18   -9   -9  103  79 -171   33 33  10 22 B  72 45  10 149 1 108 65
             376 2023  2 20  1 43 51.420 L 1.000 X  45.93867 -129.97783   1.580 X  -9.000   0.300   0.200  -9.000    -18   -9   -9   88  58  -83   34 31  10 19 B  66 54   9 139 1  60 37
             377 2023  2 20  1 44  7.400 L 1.000 X  45.93850 -129.97717   1.610 X  -9.000   0.300   0.200  -9.000    -18   -9   -9   81  64  -87   32 31  11 14 B  73 59  10 123 1 105 33
             378 2023  2 20  1 57 13.310 L 1.000 X  45.92433 -129.99800   0.880 X  -9.000   0.300   0.200  -9.000    -18   -9   -9  296  44  -89   56 72  10 16 D  32 40   8 182 1  69 69
             379 2023  2 20  4 12 44.500 L 1.000 X  45.93800 -130.01900   1.290 X  -9.000   0.300   0.200  -9.000    -18   -9   -9  315  87  177   42 40  10 15 D  46 38   8 162 1 103 33
             380 2023  2 20  4 15 33.900 L 1.000 X  45.93950 -129.98466   1.190 X  -9.000   0.300   0.200  -9.000    -18   -9   -9  111  32 -104   47 45   9 18 D  38 46   8 167 1 140 55
             381 2023  2 20  6  5 15.450 L 1.000 X  45.93783 -130.01883   1.250 X  -9.000   0.300   0.200  -9.000    -18   -9   -9   35  79 -147   32 53  10 12 D  48 41   7 157 1 103 34
             382 2023  2 20  6 35 19.000 L 1.000 X  45.93817 -130.01883   1.230 X  -9.000   0.300   0.200  -9.000    -18   -9   -9  119  82 -172   38 33  11 12 C  60 42   8 144 1  60 33
             383 2023  2 21  9 58 53.700 L 1.000 X  46.00400 -130.02617   1.610 X  -9.000   0.300   0.200  -9.000    -18   -9   -9   50  37 -107   39 41  12 15 D  47 54   9  84 1  86 50
             384 2023  2 22 18  0 13.980 L 1.000 X  45.93867 -130.01933   1.350 X  -9.000   0.300   0.200  -9.000    -18   -9   -9  167  63 -129   37 39   9 21 C  51 43   7 136 1 123 31
             385 2023  2 23  4 25 19.470 L 1.000 X  45.92300 -129.99184   1.010 X  -9.000   0.300   0.200  -9.000    -18   -9   -9  278  46 -129   28 28   9  5 B  80 39   8 183 1 187 61
             386 2023  2 23 11  8  7.180 L 1.000 X  45.92500 -129.99066   1.000 X  -9.000   0.300   0.200  -9.000    -18   -9   -9  274  53 -144   35 34   9  5 C  53 43   6 171 1 101 57
             387 2023  2 24 18  2 27.480 L 1.000 X  45.97350 -129.99550   0.980 X  -9.000   0.300   0.200  -9.000    -18   -9   -9   25  48  -85   42 50   9 21 D  72 32   8 151 1 205 70
             388 2023  2 25  7  0 40.620 L 1.000 X  45.97667 -129.99600   1.370 X  -9.000   0.300   0.200  -9.000    -18   -9   -9  145  81 -169   48 46   8 38 D  43 43   7 160 1 163 56
             389 2023  2 25 12 59 57.190 L 1.000 X  45.93850 -130.01833   1.440 X  -9.000   0.300   0.200  -9.000    -18   -9   -9  236  45  -96   12 17  18 20 A  98 42  18 141 1  68 30
             390 2023  2 26  2 40 51.780 L 1.000 X  46.00017 -130.02766   1.600 X  -9.000   0.300   0.200  -9.000    -18   -9   -9  353  78  160   33 30  11 19 B  70 46   9 134 1  67 57
             391 2023  2 26  2 41  9.940 L 1.000 X  45.99983 -130.02699   1.260 X  -9.000   0.300   0.200  -9.000    -18   -9   -9   84  75 -152   38 35   9 32 C  67 42   8 152 1  81 73
             392 2023  2 26  5 13 41.540 L 1.000 X  45.93783 -130.01833   1.220 X  -9.000   0.300   0.200  -9.000    -18   -9   -9  177  49  -81   28 30   9 16 B  66 37   6 177 1  82 35
             393 2023  2 26 11 34 11.890 L 1.000 X  45.92067 -129.97600   1.480 X  -9.000   0.300   0.200  -9.000    -18   -9   -9  218  72  170   26 23  12 16 A  83 56  11 108 1 141 29
             394 2023  2 26 11 52 26.470 L 1.000 X  45.92083 -129.97600   1.460 X  -9.000   0.300   0.200  -9.000    -18   -9   -9  327  67 -167   24 26  10 41 B  91 46   8 129 1 118 35
             395 2023  2 26 11 54 47.660 L 1.000 X  45.92067 -129.97450   1.510 X  -9.000   0.300   0.200  -9.000    -18   -9   -9  329  59 -144   36 37   9 39 C  66 51   8 124 1 143 33
             396 2023  2 26 13 33 11.130 L 1.000 X  46.00183 -130.02950   1.880 X  -9.000   0.300   0.200  -9.000    -18   -9   -9  337  71  149   20 26  10 21 A  87 56   9 136 1 101 52
             397 2023  2 26 13 34 49.560 L 1.000 X  46.00167 -130.02916   1.710 X  -9.000   0.300   0.200  -9.000    -18   -9   -9  281  59   93   34 34   9 17 C  55 52   8 111 1 117 56
             398 2023  2 26 13 43 44.190 L 1.000 X  46.00067 -130.02750   1.410 X  -9.000   0.300   0.200  -9.000    -18   -9   -9  262  42  -95   40 37   8 32 C  51 37   8 167 1 143 63
             399 2023  2 26 21  4 17.320 L 1.000 X  45.93917 -130.01817   1.140 X  -9.000   0.300   0.200  -9.000    -18   -9   -9  148  85 -171   27 32  10 28 B  74 40   8 143 1  90 37
             400 2023  2 26 23 14  3.560 L 1.000 X  45.93817 -130.01917   1.160 X  -9.000   0.300   0.200  -9.000    -18   -9   -9  224  83 -146   22 26  15 31 A  90 40  15 176 1  84 34
             401 2023  2 27  2 17 22.500 L 1.000 X  45.97383 -129.99683   1.530 X  -9.000   0.300   0.200  -9.000    -18   -9   -9   71  71 -158   37 33   9 12 C  60 49   6 149 1 110 46
             402 2023  2 27  7 48 54.940 L 1.000 X  45.93833 -130.01866   1.200 X  -9.000   0.300   0.200  -9.000    -18   -9   -9  116  89  177   39 47   9 32 D  39 45   4 177 1  81 33
             403 2023  2 27 16 37 32.650 L 1.000 X  45.93767 -130.01833   1.370 X  -9.000   0.300   0.200  -9.000    -18   -9   -9   57  43  -88   48 50  14 27 D  42 49  13 122 1  64 34
             404 2023  2 27 22 10 26.000 L 1.000 X  45.93083 -129.97600   1.650 X  -9.000   0.300   0.200  -9.000    -18   -9   -9  349  56  179   28 36  14  6 B  77 54  13 147 1  81 23
             405 2023  2 27 22 18  3.400 L 1.000 X  45.92983 -129.97600   1.580 X  -9.000   0.300   0.200  -9.000    -18   -9   -9  350  42 -141   44 45   9 28 D  40 58   5  87 1  83 29
             406 2023  3  1  3 32 24.900 L 1.000 X  45.91933 -129.98083   1.380 X  -9.000   0.300   0.200  -9.000    -18   -9   -9  225  62  158   41 35   8 23 C  57 56   6 107 1 190 33
             407 2023  3  1 18 16 57.080 L 1.000 X  45.93833 -130.02000   1.340 X  -9.000   0.300   0.200  -9.000    -18   -9   -9  125  82  180   60 68  10 21 D  25 45   7 135 1  73 32
             408 2023  3  2  7 28 16.500 L 1.000 X  45.94117 -130.01933   1.350 X  -9.000   0.300   0.200  -9.000    -18   -9   -9  242  84  171   33 41  10 29 D  47 51  10 121 1 124 64
             409 2023  3  2 18 29 20.560 L 1.000 X  45.92200 -129.98816   0.910 X  -9.000   0.300   0.200  -9.000    -18   -9   -9  284  51 -163   48 44   9 35 D  41 43   7 135 1 116 56
             410 2023  3  3 12  5 23.520 L 1.000 X  45.97467 -129.99550   1.250 X  -9.000   0.300   0.200  -9.000    -18   -9   -9  287  75 -147   50 51   8 26 D  37 44   6 137 1 142 58
             411 2023  3  3 12 11  4.380 L 1.000 X  45.97483 -129.99600   1.420 X  -9.000   0.300   0.200  -9.000    -18   -9   -9  199  73  153   52 62   8 37 D  22 46   6 140 1  64 53
             412 2023  3  3 21 53 29.880 L 1.000 X  46.00250 -130.02834   1.440 X  -9.000   0.300   0.200  -9.000    -18   -9   -9  178  85  178   16 19  13 18 A  97 46  11 148 1  82 70
             413 2023  3  4  2  1 13.650 L 1.000 X  45.92417 -129.99933   0.930 X  -9.000   0.300   0.200  -9.000    -18   -9   -9  265  38  -91   29 32  10  6 B  77 49   8 141 1  81 62
             414 2023  3  4  8  8 51.070 L 1.000 X  45.94217 -130.01967   1.410 X  -9.000   0.300   0.200  -9.000    -18   -9   -9   79  70 -165   25 19  11 34 A  92 41   9 151 1 136 43
             415 2023  3  4  9 29 30.840 L 1.000 X  45.97283 -130.03551   1.720 X  -9.000   0.300   0.200  -9.000    -18   -9   -9  166  60 -107   29 28  10 13 B  83 44   8 122 1 103 36
             416 2023  3  4 18 44 50.960 L 1.000 X  45.92300 -129.99017   0.890 X  -9.000   0.300   0.200  -9.000    -18   -9   -9  350  83  166   24 28  14 31 B  80 54  13 133 1 112 61
             417 2023  3  5  2 25 26.940 L 1.000 X  45.93783 -130.01817   1.350 X  -9.000   0.300   0.200  -9.000    -18   -9   -9  340  36  -92   37 43   8  4 C  62 35   7 163 1 203 33
             418 2023  3  5  4  8 23.090 L 1.000 X  46.00067 -130.02750   1.590 X  -9.000   0.300   0.200  -9.000    -18   -9   -9    4  84  162   28 31   9 11 B  72 46   8 149 1  76 58
             419 2023  3  6  3  4 46.600 L 1.000 X  45.92367 -129.98833   0.940 X  -9.000   0.300   0.200  -9.000    -18   -9   -9   48  65 -137   38 38  10 24 C  60 51   6 126 1 106 52
             420 2023  3  6 21 29 23.760 L 1.000 X  45.92617 -129.98450   1.450 X  -9.000   0.300   0.200  -9.000    -18   -9   -9  258  84  167   44 40   9 26 C  51 52   5 155 1  66 25
             421 2023  3  7  0 15  5.550 L 1.000 X  45.92617 -130.00983   1.360 X  -9.000   0.300   0.200  -9.000    -18   -9   -9  294  59  118   50 65   8 37 D  39 43   6 177 1 114 49
             422 2023  3  9  5 19 56.900 L 1.000 X  46.00183 -130.02950   1.550 X  -9.000   0.300   0.200  -9.000    -18   -9   -9  355  80  171   33 35   8  0 C  59 46   8 134 1  96 59
             423 2023  3  9 12 19 54.630 L 1.000 X  45.96684 -129.99583   1.640 X  -9.000   0.300   0.200  -9.000    -18   -9   -9  114  82  166   38 42  10 20 C  54 55   8 143 1  96 28
             424 2023  3  9 13 49 48.970 L 1.000 X  45.96583 -129.99300   1.680 X  -9.000   0.300   0.200  -9.000    -18   -9   -9  127  85  157   34 33   8 16 B  69 53   7 129 1  83 33
             425 2023  3 10  4 28 51.640 L 1.000 X  45.92617 -129.98534   1.210 X  -9.000   0.300   0.200  -9.000    -18   -9   -9  358  63 -134   26 27  14 28 B  83 45  12 150 1  64 30
             426 2023  3 10 22 43 15.180 L 1.000 X  45.92267 -129.98816   0.870 X  -9.000   0.300   0.200  -9.000    -18   -9   -9  237  48 -115   37 36  11 15 C  62 51   8 128 1 114 56
             427 2023  3 10 23 30  5.600 L 1.000 X  45.97417 -129.99600   1.200 X  -9.000   0.300   0.200  -9.000    -18   -9   -9   95  53 -163   48 48   8 40 D  42 47   6  99 1  66 58
             428 2023  3 11  4 58  7.500 L 1.000 X  45.97883 -129.99683   0.940 X  -9.000   0.300   0.200  -9.000    -18   -9   -9  129  84 -174   40 41   8 11 D  40 50   7 144 1 180 65
             429 2023  3 11  5 12 43.700 L 1.000 X  45.96450 -129.99350   1.710 X  -9.000   0.300   0.200  -9.000    -18   -9   -9  126  63 -155   41 44   8 15 D  44 50   6 135 1 127 31
             430 2023  3 11  5 17  3.060 L 1.000 X  45.96500 -129.99350   1.810 X  -9.000   0.300   0.200  -9.000    -18   -9   -9  117  82  175   16 16  13 29 A  99 56  12 132 1  65 29
             431 2023  3 12 11 23 59.130 L 1.000 X  45.91917 -129.98083   1.360 X  -9.000   0.300   0.200  -9.000    -18   -9   -9  229  75  155   41 47   9 26 D  45 57   7 111 1 133 35
             432 2023  3 12 17 15 51.680 L 1.000 X  45.92700 -129.98767   1.220 X  -9.000   0.300   0.200  -9.000    -18   -9   -9  297  37 -106   40 31  11 25 C  55 46   7 163 1  66 38
             433 2023  3 12 18  8 47.340 L 1.000 X  45.92600 -129.98883   1.010 X  -9.000   0.300   0.200  -9.000    -18   -9   -9  168  87 -168   32 33   8 24 B  77 42   6 168 1 103 50
             434 2023  3 13 21 49 39.200 L 1.000 X  45.92533 -129.98967   0.990 X  -9.000   0.300   0.200  -9.000    -18   -9   -9   79  74 -136   46 45   9 18 D  39 50   7 135 1 106 54
             435 2023  3 13 21 50 37.420 L 1.000 X  45.92583 -129.98967   0.990 X  -9.000   0.300   0.200  -9.000    -18   -9   -9  164  63  -85   36 29  10 17 B  65 48   8 133 1 130 54
             436 2023  3 14 19 54 13.360 L 1.000 X  46.00850 -130.03250   1.580 X  -9.000   0.300   0.200  -9.000    -18   -9   -9  157  63 -151   19 22  10 18 A  93 52   8 120 1 120 35
             437 2023  3 15  1  9 21.480 L 1.000 X  45.94200 -130.02017   1.470 X  -9.000   0.300   0.200  -9.000    -18   -9   -9  153  68  177   39 42   9 23 C  61 57   4  77 1  99 42
             438 2023  3 15 22  6 21.440 L 1.000 X  46.00300 -130.02367   1.520 X  -9.000   0.300   0.200  -9.000    -18   -9   -9    0  54 -168   44 40   8 29 D  43 50   7 113 1  75 48
             439 2023  3 16  9 27  9.750 L 1.000 X  45.92433 -129.99167   0.960 X  -9.000   0.300   0.200  -9.000    -18   -9   -9  271  60 -160   34 36   9 26 B  66 43   8 132 1 133 62
             440 2023  3 16 12 24  3.280 L 1.000 X  45.95016 -130.04150   2.080 X  -9.000   0.300   0.200  -9.000    -18   -9   -9  348  55  180   24 25  10 28 A  87 53   8 127 1 122 56
             441 2023  3 16 13 28  2.970 L 1.000 X  45.92450 -129.99100   1.120 X  -9.000   0.300   0.200  -9.000    -18   -9   -9  157  79  175   28 40  10 25 B  68 44  10 147 1  80 52
             442 2023  3 16 23 21 18.280 L 1.000 X  45.95933 -129.98883   1.750 X  -9.000   0.300   0.200  -9.000    -18   -9   -9  130  38 -161   47 37   9 11 D  49 62   6 107 1  92 43
             443 2023  3 16 23 23 26.800 L 1.000 X  45.95883 -129.98883   1.830 X  -9.000   0.300   0.200  -9.000    -18   -9   -9  132   6  171   41 42   9 24 D  44 63   6 109 1  90 40
             444 2023  3 17  4 22 43.330 L 1.000 X  45.95867 -129.98883   2.090 X  -9.000   0.300   0.200  -9.000    -18   -9   -9  359  72 -157   46 45   8  0 D  48 69   5 106 1  91 35
             445 2023  3 17 14  3  5.690 L 1.000 X  46.00317 -130.02817   1.500 X  -9.000   0.300   0.200  -9.000    -18   -9   -9  357  64  154   41 34   9 33 C  61 49   7 136 1  85 56
             446 2023  3 17 14  5  3.270 L 1.000 X  45.92484 -129.99066   1.010 X  -9.000   0.300   0.200  -9.000    -18   -9   -9  275  48 -127   21 31  14 24 B  81 48  12 159 1  80 56
             447 2023  3 24 16 17 51.930 L 1.000 X  45.96300 -129.99200   1.870 X  -9.000   0.300   0.200  -9.000    -18   -9   -9  121  71 -171   30 27  10 39 B  78 55   8 162 1  75 32
             448 2023  3 24 20  5  9.600 L 1.000 X  45.92333 -129.97701   1.470 X  -9.000   0.300   0.200  -9.000    -18   -9   -9  341  73 -167   32 39  12 42 C  64 48  12 132 1 133 41
             449 2023  3 24 20  7 31.500 L 1.000 X  45.92333 -129.97701   1.410 X  -9.000   0.300   0.200  -9.000    -18   -9   -9  155  73  162   42 44  10 40 D  46 45   8 170 1 136 42
             450 2023  3 24 20 12 29.920 L 1.000 X  45.92300 -129.97650   1.490 X  -9.000   0.300   0.200  -9.000    -18   -9   -9  342  83 -166   30 30  13 45 B  80 48  12 138 1 134 39
             451 2023  3 24 20 27 39.840 L 1.000 X  45.92283 -129.97684   1.450 X  -9.000   0.300   0.200  -9.000    -18   -9   -9  333  71 -169   25 22  12 26 A  90 48  11 141 1 134 40
             452 2023  3 25 23  0  5.960 L 1.000 X  45.98800 -130.03917   1.460 X  -9.000   0.300   0.200  -9.000    -18   -9   -9  181  85 -145   41 42   9 49 C  53 41   8 159 1  60 31
             453 2023  3 26 14  2 40.200 L 1.000 X  45.92617 -129.98534   1.410 X  -9.000   0.300   0.200  -9.000    -18   -9   -9   94  56 -131   30 28   8  3 B  77 49   6 189 1 115 26
             454 2023  3 26 19  2 21.200 L 1.000 X  45.95400 -129.98650   2.090 X  -9.000   0.300   0.200  -9.000    -18   -9   -9  118  70 -138   61 66   8 43 D  22 68   6  97 1 109 24
             455 2023  3 27  6 47 48.260 L 1.000 X  45.92484 -129.99117   0.970 X  -9.000   0.300   0.200  -9.000    -18   -9   -9   61  85 -172   37 47  13 35 D  43 51  11 133 1  80 59
             456 2023  3 29 22 21 29.920 L 1.000 X  46.00267 -130.02884   1.470 X  -9.000   0.300   0.200  -9.000    -18   -9   -9  253  49 -116   55 54  11 21 D  30 50  10 123 1 126 73
             457 2023  3 30  1 48  9.740 L 1.000 X  46.00350 -130.02834   1.310 X  -9.000   0.300   0.200  -9.000    -18   -9   -9  182  68 -120   39 47  13 30 D  43 55  11 112 1 109 70
             458 2023  3 30 15 33 21.150 L 1.000 X  45.94150 -130.01950   1.330 X  -9.000   0.300   0.200  -9.000    -18   -9   -9  159  78 -158   28 28  11 24 B  75 42   9 136 1  88 43
             459 2023  3 30 19 53 10.520 L 1.000 X  45.92650 -129.98849   1.090 X  -9.000   0.300   0.200  -9.000    -18   -9   -9   93  53 -102   31 24  14 20 B  77 46  11 170 1  73 46
             460 2023  3 31 12 46 57.640 L 1.000 X  45.92500 -129.99100   0.940 X  -9.000   0.300   0.200  -9.000    -18   -9   -9  322  36 -101   29 34   9 19 B  68 44   8 152 1 112 60
             461 2023  4  1 10  1 12.370 L 1.000 X  46.00650 -130.02933   1.670 X  -9.000   0.300   0.200  -9.000    -18   -9   -9   84  88 -179   30 31   9 31 B  77 45   7 127 1  95 66
             462 2023  4  1 10 23 14.920 L 1.000 X  46.00600 -130.02817   1.740 X  -9.000   0.300   0.200  -9.000    -18   -9   -9  316  83  143   30 38  11 34 B  66 54   9  99 1 111 64
             463 2023  4  1 10 32  5.950 L 1.000 X  46.00600 -130.02834   1.670 X  -9.000   0.300   0.200  -9.000    -18   -9   -9  122  51 -108   31 25   9 19 B  76 55   8 108 1 126 42
             464 2023  4  1 10 36 28.610 L 1.000 X  46.00583 -130.02817   1.640 X  -9.000   0.300   0.200  -9.000    -18   -9   -9  342  65  151   43 46   8 31 D  46 60   7  97 1  90 43
             465 2023  4  1 22 33 30.200 L 1.000 X  45.96250 -129.99333   1.800 X  -9.000   0.300   0.200  -9.000    -18   -9   -9  340  71 -142   31 32   8  6 B  77 33   5 227 1 169 30
             466 2023  4  2  0  3 15.020 L 1.000 X  45.94800 -129.98616   1.990 X  -9.000   0.300   0.200  -9.000    -18   -9   -9  337  82  154   37 37  15  9 C  57 61  13 105 1  59 25
             467 2023  4  2  0  3 26.590 L 1.000 X  45.94867 -129.98700   1.750 X  -9.000   0.300   0.200  -9.000    -18   -9   -9    3  50 -120   28 36  16  6 B  62 56  15 119 1  59 25
             468 2023  4  2  0  6 20.220 L 1.000 X  45.97000 -129.99667   1.760 X  -9.000   0.300   0.200  -9.000    -18   -9   -9  205  40  -98   37 40   9 31 C  54 50   8 135 1 122 31
             469 2023  4  2  0  6 59.380 L 1.000 X  45.97066 -129.99617   1.650 X  -9.000   0.300   0.200  -9.000    -18   -9   -9  342  81 -112   40 37   9 16 C  53 52   6 135 1 135 36
             470 2023  4  2  2 29 18.300 L 1.000 X  46.00400 -130.02916   1.290 X  -9.000   0.300   0.200  -9.000    -18   -9   -9  285  59  139   41 42   8 30 D  41 56   6 149 1 174 70
             471 2023  4  2  2 34 37.360 L 1.000 X  46.00267 -130.02817   1.410 X  -9.000   0.300   0.200  -9.000    -18   -9   -9   82  59 -141   37 36   9  0 C  57 42   8 162 1  83 60
             472 2023  4  2  2 57 33.050 L 1.000 X  46.00317 -130.02834   1.410 X  -9.000   0.300   0.200  -9.000    -18   -9   -9   89  76 -153   34 35   8 20 B  61 52   7 123 1 112 58
             473 2023  4  3  1 35  7.460 L 1.000 X  45.96350 -129.99234   1.630 X  -9.000   0.300   0.200  -9.000    -18   -9   -9  255  71  156   35 40   8  0 C  52 52   4 103 1 120 35
             474 2023  4  3  1 37 20.370 L 1.000 X  45.96467 -129.99367   1.850 X  -9.000   0.300   0.200  -9.000    -18   -9   -9  213  65  -67   57 65   8 60 D  19 60   5 137 1 142 28
             475 2023  4  3  1 40 37.060 L 1.000 X  45.96483 -129.99283   1.760 X  -9.000   0.300   0.200  -9.000    -18   -9   -9  137  61 -128   47 41   8 46 D  40 47   6 145 1 127 32
             476 2023  4  3  6 39 20.970 L 1.000 X  45.94833 -129.99167   1.720 X  -9.000   0.300   0.200  -9.000    -18   -9   -9   88  54 -164   42 51   8 28 D  38 64   5 112 1  83 33
             477 2023  4  3 10 31 19.980 L 1.000 X  45.96917 -129.99651   1.470 X  -9.000   0.300   0.200  -9.000    -18   -9   -9  301  89 -158   50 50   8 10 D  33 51   5 138 1  96 35
             478 2023  4  3 11 51  3.530 L 1.000 X  45.96900 -129.99651   1.280 X  -9.000   0.300   0.200  -9.000    -18   -9   -9  196  48 -138   33 37  10 22 D  47 42   8 161 1  79 39
             479 2023  4  3 12 18 12.970 L 1.000 X  45.93616 -130.01917   1.260 X  -9.000   0.300   0.200  -9.000    -18   -9   -9   29  83  153   40 40   8 15 D  45 35   4 142 1 104 39
             480 2023  4  4  0 28 11.240 L 1.000 X  45.96733 -129.99634   1.590 X  -9.000   0.300   0.200  -9.000    -18   -9   -9  185  55 -122   30 31  12 18 B  75 46  12 154 1  56 28
             481 2023  4  4  2 21 33.210 L 1.000 X  45.92900 -130.00616   0.940 X  -9.000   0.300   0.200  -9.000    -18   -9   -9    4  82 -168   48 52   9 26 D  49 54   8 140 1  90 48
             482 2023  4  4  2 33 13.490 L 1.000 X  46.00217 -130.02884   1.560 X  -9.000   0.300   0.200  -9.000    -18   -9   -9  358  83  169   35 37   8 14 D  46 44   7 142 1  91 63
             483 2023  4  4  2 51 22.320 L 1.000 X  45.95417 -129.98666   2.000 X  -9.000   0.300   0.200  -9.000    -18   -9   -9   51  83  151   45 42  11 17 D  45 67   8  98 1  67 24
             484 2023  4  5 13 24 46.470 L 1.000 X  45.95417 -129.98633   1.940 X  -9.000   0.300   0.200  -9.000    -18   -9   -9   44  71 -144   24 23   9 14 A  89 72   7 112 1  68 26
             485 2023  4  5 14 16 36.230 L 1.000 X  45.93300 -129.97734   1.530 X  -9.000   0.300   0.200  -9.000    -18   -9   -9    8  57 -158   38 38  12 22 C  58 51  11 157 1 118 25
             486 2023  4  5 14 19 43.190 L 1.000 X  45.93283 -129.97667   1.550 X  -9.000   0.300   0.200  -9.000    -18   -9   -9    5  62 -173   44 46  12 18 C  56 46  10 169 1 137 26
             487 2023  4  5 14 19 49.470 L 1.000 X  45.93300 -129.97717   1.570 X  -9.000   0.300   0.200  -9.000    -18   -9   -9    5  52 -161   28 30  10 17 B  78 55   9 149 1 136 25
             488 2023  4  5 14 25 51.860 L 1.000 X  45.97850 -129.99867   1.340 X  -9.000   0.300   0.200  -9.000    -18   -9   -9   22  57  -68   44 43   8 27 D  32 44   5 140 1  90 53
             489 2023  4  5 16 27 55.120 L 1.000 X  45.92484 -129.99133   0.870 X  -9.000   0.300   0.200  -9.000    -18   -9   -9  277  39  -90   29 36  12 20 B  67 45  11 178 1  80 64
             490 2023  4  5 18 10  3.520 L 1.000 X  45.94133 -130.02066   1.400 X  -9.000   0.300   0.200  -9.000    -18   -9   -9  339  90  168   35 35   8 24 C  53 40   5 168 1 169 42
             491 2023  4  6  0 43 14.500 L 1.000 X  45.99367 -130.01334   1.310 X  -9.000   0.300   0.200  -9.000    -18   -9   -9  280  53 -104   38 28  14 19 B  64 44  12 145 1  53 51
             492 2023  4  6  0 43 41.720 L 1.000 X  45.99434 -130.01283   1.170 X  -9.000   0.300   0.200  -9.000    -18   -9   -9  197  44 -119   45 32   9  1 C  51 34   9 184 1 109 63
             493 2023  4  6  0 44 11.760 L 1.000 X  45.99417 -130.01317   1.190 X  -9.000   0.300   0.200  -9.000    -18   -9   -9   57  55  -53   43 47  11 30 D  41 43  10 168 1  88 57
             494 2023  4  6  0 44 40.250 L 1.000 X  45.99383 -130.01233   1.100 X  -9.000   0.300   0.200  -9.000    -18   -9   -9  150  81 -169   26 27   8 18 B  85 34   8 202 1  92 60
             495 2023  4  6  0 45  6.650 L 1.000 X  45.99434 -130.01334   1.110 X  -9.000   0.300   0.200  -9.000    -18   -9   -9  154  67 -171   20 21  10 14 A  96 36   9 240 1  87 61
             496 2023  4  6  0 45 40.230 L 1.000 X  45.99417 -130.01367   1.280 X  -9.000   0.300   0.200  -9.000    -18   -9   -9  156  73  178   24 24  12 28 A  85 45  10 142 1  73 54
             497 2023  4  6  0 49 17.110 L 1.000 X  45.99383 -130.01416   1.400 X  -9.000   0.300   0.200  -9.000    -18   -9   -9  197  83  152   32 41  10 32 C  59 49  10 135 1  99 49
             498 2023  4  6  0 49 41.690 L 1.000 X  45.99400 -130.01350   1.290 X  -9.000   0.300   0.200  -9.000    -18   -9   -9  161  69  173   28 28  10 14 B  83 45  10 139 1  73 53
             499 2023  4  6  0 50 46.100 L 1.000 X  45.99417 -130.01367   1.090 X  -9.000   0.300   0.200  -9.000    -18   -9   -9  312  76  163   32 28  11 38 B  77 43   9 190 1  86 62
             500 2023  4  6  1 44 53.030 L 1.000 X  45.99283 -130.01450   1.670 X  -9.000   0.300   0.200  -9.000    -18   -9   -9  142  70 -165   26 29  10 25 B  80 55  10 110 1  76 39
             501 2023  4  6  3 14 59.120 L 1.000 X  45.93133 -130.01616   1.380 X  -9.000   0.300   0.200  -9.000    -18   -9   -9  199  63  -39   29 33  10 35 B  68 36   9 147 1  80 38
             502 2023  4  6  3 16 25.430 L 1.000 X  45.93100 -130.01601   1.350 X  -9.000   0.300   0.200  -9.000    -18   -9   -9  189  68 -105   56 35   8 16 D  39 41   5  93 1 136 37
             503 2023  4  6  4  3  3.240 L 1.000 X  46.01266 -130.03551   1.780 X  -9.000   0.300   0.200  -9.000    -18   -9   -9  184  68 -125   46 36   8 51 D  45 55   7 109 1 113 46
             504 2023  4  6  4  5 55.020 L 1.000 X  45.99367 -130.01483   1.610 X  -9.000   0.300   0.200  -9.000    -18   -9   -9  143  79 -166   42 45   9 21 C  53 54   8 111 1  84 43
             505 2023  4  6 13 47 55.160 L 1.000 X  45.91567 -129.98967   0.760 X  -9.000   0.300   0.200  -9.000    -18   -9   -9  298  44 -131   39 35   8 19 C  56 47   5 145 1 186 65
             506 2023  4  6 14 26 36.210 L 1.000 X  46.00150 -130.02850   1.550 X  -9.000   0.300   0.200  -9.000    -18   -9   -9  172  85 -174   19 21   8 38 A  97 38   8 187 1  80 65
             507 2023  4  6 15 26  2.950 L 1.000 X  45.93900 -129.98734   1.520 X  -9.000   0.300   0.200  -9.000    -18   -9   -9  245  36 -173   29 32  10 37 B  76 52   8 134 1 121 31
             508 2023  4  6 15 26 21.230 L 1.000 X  45.93884 -129.98700   1.550 X  -9.000   0.300   0.200  -9.000    -18   -9   -9  106  76  179   27 29  10 15 B  79 53   6 117 1  85 29
             509 2023  4  6 15 36 50.210 L 1.000 X  45.93850 -129.98450   1.460 X  -9.000   0.300   0.200  -9.000    -18   -9   -9  104  77  -92   47 50   8 19 D  28 52   5 140 1 108 23
             510 2023  4  6 15 38 56.410 L 1.000 X  45.93867 -129.98483   1.480 X  -9.000   0.300   0.200  -9.000    -18   -9   -9    1  60  -90   49 45  10 38 D  49 47   7 135 1 107 24
             511 2023  4  6 15 44 59.420 L 1.000 X  45.93817 -129.98450   1.510 X  -9.000   0.300   0.200  -9.000    -18   -9   -9  181  25  -87   47 42   8 11 D  28 57   5 139 1 129 22
             512 2023  4  6 15 47 19.380 L 1.000 X  45.93884 -129.98466   1.540 X  -9.000   0.300   0.200  -9.000    -18   -9   -9   95  50 -105   20 23  13 25 A  91 48  12 153 1  57 23
             513 2023  4  7 16 20 41.800 L 1.000 X  45.92333 -129.99100   0.890 X  -9.000   0.300   0.200  -9.000    -18   -9   -9  175  89 -180   28 37  14 39 B  71 53  12 138 1  85 63
             514 2023  4  7 16 27 23.970 L 1.000 X  45.92267 -129.99083   0.880 X  -9.000   0.300   0.200  -9.000    -18   -9   -9    8  84 -173   29 30  10 11 B  77 48   8 133 1 116 64
             515 2023  4  7 16 31 40.830 L 1.000 X  45.92283 -129.99066   0.860 X  -9.000   0.300   0.200  -9.000    -18   -9   -9    4  39  142   30 30   9 14 B  73 52   5 123 1 116 64
             516 2023  4  7 16 42 55.690 L 1.000 X  45.92233 -129.99033   0.940 X  -9.000   0.300   0.200  -9.000    -18   -9   -9  177  87  173   25 31  14 15 B  82 52  12 122 1  88 61
             517 2023  4  7 16 49 27.080 L 1.000 X  45.92317 -129.99083   0.880 X  -9.000   0.300   0.200  -9.000    -18   -9   -9   42  48 -127   37 31  13 22 B  65 53  11 123 1 113 63
             518 2023  4  7 16 58 14.780 L 1.000 X  45.92317 -129.99100   0.890 X  -9.000   0.300   0.200  -9.000    -18   -9   -9  172  79  167   21 25  12 22 A  93 45   9 162 1 101 63
             519 2023  4  7 16 58 31.540 L 1.000 X  45.92233 -129.99100   0.860 X  -9.000   0.300   0.200  -9.000    -18   -9   -9  355  33 -134   49 49   8  9 D  29 47   4 140 1 118 65
             520 2023  4  7 17 56 46.340 L 1.000 X  45.92317 -129.99017   0.860 X  -9.000   0.300   0.200  -9.000    -18   -9   -9  133  57 -127   42 50   9 33 D  37 45   5 175 1 105 62
             521 2023  4  7 20 44 11.920 L 1.000 X  45.93817 -130.01917   1.180 X  -9.000   0.300   0.200  -9.000    -18   -9   -9  225  70 -117   29 28  10 16 B  79 39   9 179 1  80 34
             522 2023  4  7 21  5 18.200 L 1.000 X  45.98083 -129.99834   1.770 X  -9.000   0.300   0.200  -9.000    -18   -9   -9  332  71 -108   31 30   9 19 B  74 53   6 154 1 103 41
             523 2023  4  8 23 55 31.360 L 1.000 X  46.00417 -130.02600   1.580 X  -9.000   0.300   0.200  -9.000    -18   -9   -9   13  80  176   29 34   9 36 B  61 45   8 167 1 105 68
             524 2023  4  9 12 26 15.980 L 1.000 X  46.00200 -130.02817   1.500 X  -9.000   0.300   0.200  -9.000    -18   -9   -9  138  81 -104   41 29  13 28 C  70 47  11 135 1  80 68
             525 2023  4  9 12 28 26.340 L 1.000 X  46.00217 -130.02800   1.470 X  -9.000   0.300   0.200  -9.000    -18   -9   -9  183  78 -159   28 30   9 27 B  75 49   7 126 1  82 60
             526 2023  4  9 15 17 54.320 L 1.000 X  46.00350 -130.02617   1.400 X  -9.000   0.300   0.200  -9.000    -18   -9   -9  176  80 -163   40 47   9 25 D  42 47   6 125 1 153 75
             527 2023  4  9 18 14 46.300 L 1.000 X  46.00350 -130.02933   1.720 X  -9.000   0.300   0.200  -9.000    -18   -9   -9   45  33 -130   45 40  10 39 D  46 53   9 113 1  86 51
             528 2023  4 10  0 32 51.660 L 1.000 X  45.96583 -129.99567   1.640 X  -9.000   0.300   0.200  -9.000    -18   -9   -9   69  86  173   25 18  15 17 A  94 48  13 155 1  50 27
             529 2023  4 10 17 36 21.440 L 1.000 X  46.00350 -130.02901   1.500 X  -9.000   0.300   0.200  -9.000    -18   -9   -9  354  68  164   31 28  11 24 B  75 47   9 143 1  87 55
             530 2023  4 10 18 26  9.180 L 1.000 X  45.97133 -129.99466   1.170 X  -9.000   0.300   0.200  -9.000    -18   -9   -9  216  82  171   33 33  13 19 B  67 42   9 147 1  56 53
             531 2023  4 10 20 13  5.940 L 1.000 X  46.00083 -130.03017   1.630 X  -9.000   0.300   0.200  -9.000    -18   -9   -9  268  54  -93   38 37  10 11 C  57 45   9 124 1  79 57
             532 2023  4 10 20 18  9.040 L 1.000 X  46.00083 -130.02983   1.580 X  -9.000   0.300   0.200  -9.000    -18   -9   -9  352  85  163   31 31  10  0 B  67 44   9 127 1  79 60
             533 2023  4 11  0 56 34.960 L 1.000 X  45.92367 -129.98967   0.980 X  -9.000   0.300   0.200  -9.000    -18   -9   -9   90  51 -121   49 49   9 31 D  35 44   7 143 1 105 55
             534 2023  4 11 20 44 45.120 L 1.000 X  45.95533 -129.98801   1.970 X  -9.000   0.300   0.200  -9.000    -18   -9   -9    6  49  174   28 24  11 16 B  80 64   9 115 1  94 28
             535 2023  4 12 18  1 42.520 L 1.000 X  45.97766 -129.99651   1.770 X  -9.000   0.300   0.200  -9.000    -18   -9   -9  180  25  -71   27 27  12 16 B  84 52  10 132 1  94 47
             536 2023  4 12 18 11 29.240 L 1.000 X  45.97700 -129.99634   1.480 X  -9.000   0.300   0.200  -9.000    -18   -9   -9  201  39  -71   21 23  13 41 A  94 41  10 169 1  47 56
             537 2023  4 12 18 14 37.560 L 1.000 X  45.97850 -129.99651   1.820 X  -9.000   0.300   0.200  -9.000    -18   -9   -9   32  72  128   47 65   9 26 D  40 48   8 168 1 177 45
             538 2023  4 12 18 15 52.440 L 1.000 X  45.97683 -129.99600   1.410 X  -9.000   0.300   0.200  -9.000    -18   -9   -9  117  39 -161   41 41   9 47 D  45 49   7 115 1  70 55
             539 2023  4 12 18 17 13.440 L 1.000 X  45.97717 -129.99634   1.640 X  -9.000   0.300   0.200  -9.000    -18   -9   -9  116  57 -175   55 66   8 29 D  24 48   6 119 1 147 50
             540 2023  4 12 18 17 38.280 L 1.000 X  45.97633 -129.99600   1.330 X  -9.000   0.300   0.200  -9.000    -18   -9   -9  164  43  -63   37 45   9 31 D  46 41   5 121 1 110 57
             541 2023  4 12 18 31 47.720 L 1.000 X  45.97550 -129.99583   1.350 X  -9.000   0.300   0.200  -9.000    -18   -9   -9  180  37  -86   44 52   9  4 D  32 43   8 164 1 109 57
             542 2023  4 12 18 33 29.880 L 1.000 X  45.97650 -129.99634   1.710 X  -9.000   0.300   0.200  -9.000    -18   -9   -9  327  77 -125   37 36  11 26 C  59 53   9 123 1  90 48
             543 2023  4 12 18 42 48.740 L 1.000 X  45.97717 -129.99651   1.330 X  -9.000   0.300   0.200  -9.000    -18   -9   -9  281  77 -153   39 35   8 21 C  54 46   8 140 1 100 58
             544 2023  4 12 18 43  0.120 L 1.000 X  45.97683 -129.99617   1.350 X  -9.000   0.300   0.200  -9.000    -18   -9   -9   97  72  153   47 45   9 23 D  45 48   9 138 1  71 57
             545 2023  4 12 18 43 31.860 L 1.000 X  45.97550 -129.99617   1.550 X  -9.000   0.300   0.200  -9.000    -18   -9   -9   55  51  -84   23 45  14 25 C  59 44  13 170 1  67 51
             546 2023  4 12 18 43 49.060 L 1.000 X  45.97750 -129.99516   1.790 X  -9.000   0.300   0.200  -9.000    -18   -9   -9   25  77 -166   43 59   9 19 D  37 48   7 119 1 186 49
             547 2023  4 12 18 44  1.080 L 1.000 X  45.97600 -129.99533   1.840 X  -9.000   0.300   0.200  -9.000    -18   -9   -9  108  11 -117   32 53  14 22 C  55 56  13 114 1  91 43
             548 2023  4 12 18 44 12.840 L 1.000 X  45.97667 -129.99617   1.810 X  -9.000   0.300   0.200  -9.000    -18   -9   -9  321  78 -104   34 40  11 15 C  55 55  10 129 1  91 45
             549 2023  4 12 18 47 23.640 L 1.000 X  45.97600 -129.99667   1.290 X  -9.000   0.300   0.200  -9.000    -18   -9   -9  307  72 -153   52 59   8 46 D  28 41   6 135 1 108 59
             550 2023  4 12 18 48  2.440 L 1.000 X  45.97667 -129.99567   1.650 X  -9.000   0.300   0.200  -9.000    -18   -9   -9  200  16  -14   46 53   8 17 D  26 58   7  93 1  75 48
             551 2023  4 12 18 49 38.040 L 1.000 X  45.97683 -129.99651   1.440 X  -9.000   0.300   0.200  -9.000    -18   -9   -9  143  43  -99   33 36  11  1 B  61 45   7 143 1  48 57
             552 2023  4 12 19  5  2.600 L 1.000 X  45.99450 -129.99333   0.530 X  -9.000   0.300   0.200  -9.000    -18   -9   -9  108  76 -104   32 34   9 20 B  63 80   6  73 1 152 33
             553 2023  4 12 19 18 41.760 L 1.000 X  45.97633 -129.99651   1.240 X  -9.000   0.300   0.200  -9.000    -18   -9   -9  284  62 -154   40 46   9 40 D  46 44   8 159 1  70 61
             554 2023  4 12 19 19 46.120 L 1.000 X  45.97667 -129.99651   1.440 X  -9.000   0.300   0.200  -9.000    -18   -9   -9  268  78 -169   27 31  11 12 B  72 48   8 165 1  71 55
             555 2023  4 12 19 29 45.520 L 1.000 X  45.97233 -129.99550   1.550 X  -9.000   0.300   0.200  -9.000    -18   -9   -9  182  45 -120   37 42   9 20 D  49 54   5 106 1 131 43
             556 2023  4 12 19 33 27.940 L 1.000 X  45.97617 -129.99651   1.170 X  -9.000   0.300   0.200  -9.000    -18   -9   -9  335  42  -85   35 32   9  0 B  63 44   6 139 1 106 63
             557 2023  4 12 19 43 16.260 L 1.000 X  45.97717 -129.99651   1.670 X  -9.000   0.300   0.200  -9.000    -18   -9   -9    3  60 -118   28 25  10 53 B  81 57   8 118 1 108 50
             558 2023  4 12 19 43 43.420 L 1.000 X  45.97700 -129.99617   1.430 X  -9.000   0.300   0.200  -9.000    -18   -9   -9  112  72  171   37 36   9  2 C  58 48   8 147 1  70 55
             559 2023  4 12 19 44  3.120 L 1.000 X  45.97683 -129.99651   1.530 X  -9.000   0.300   0.200  -9.000    -18   -9   -9   25  47  -88   22 23  12 26 A  87 36  10 159 1  99 53
             560 2023  4 12 19 44 26.320 L 1.000 X  45.97667 -129.99634   1.310 X  -9.000   0.300   0.200  -9.000    -18   -9   -9  275  73 -160   44 39   8 17 C  58 40   7 150 1 110 58
             561 2023  4 12 19 44 46.240 L 1.000 X  45.97733 -129.99617   1.870 X  -9.000   0.300   0.200  -9.000    -18   -9   -9  309  76 -113   38 34  10  7 C  55 60   9 111 1 109 46
             562 2023  4 12 19 44 57.360 L 1.000 X  45.97650 -129.99617   1.750 X  -9.000   0.300   0.200  -9.000    -18   -9   -9  316  70 -107   39 39   9 13 D  42 46   6 122 1 170 46
             563 2023  4 12 19 49 45.200 L 1.000 X  45.95167 -130.02434   1.450 X  -9.000   0.300   0.200  -9.000    -18   -9   -9  243  62  170   25 32   8 18 B  78 34   6 135 1 114 47
             564 2023  4 12 19 51 55.680 L 1.000 X  45.97633 -129.99567   1.620 X  -9.000   0.300   0.200  -9.000    -18   -9   -9  138  15 -113   46 45  10 20 D  42 47   9 120 1 145 48
             565 2023  4 12 19 53  5.820 L 1.000 X  45.97583 -129.99583   1.280 X  -9.000   0.300   0.200  -9.000    -18   -9   -9  176  44 -108   22 33  10 37 B  79 39   8 157 1 109 58
             566 2023  4 12 19 53 54.440 L 1.000 X  45.97817 -129.99716   1.840 X  -9.000   0.300   0.200  -9.000    -18   -9   -9  121  13 -136   38 35   8  8 C  55 55   7  94 1 173 44
             567 2023  4 12 19 54 27.200 L 1.000 X  45.97700 -129.99699   1.560 X  -9.000   0.300   0.200  -9.000    -18   -9   -9  325  84  -98   38 36   8  6 C  60 56   6  87 1  73 52
             568 2023  4 12 19 55 14.200 L 1.000 X  45.97783 -129.99617   1.930 X  -9.000   0.300   0.200  -9.000    -18   -9   -9  336  74  -89   31 31  11 21 B  75 55   9 119 1  96 43
             569 2023  4 12 19 57 11.840 L 1.000 X  45.97683 -129.99634   1.340 X  -9.000   0.300   0.200  -9.000    -18   -9   -9  333  52 -100   30 27   9  8 B  81 42   6 126 1 110 58
             570 2023  4 12 19 58  0.840 L 1.000 X  45.97567 -129.99567   1.380 X  -9.000   0.300   0.200  -9.000    -18   -9   -9  281  83 -128   37 36   8  0 C  55 54   6  80 1 119 57
             571 2023  4 12 20  1 36.440 L 1.000 X  45.97750 -129.99699   1.190 X  -9.000   0.300   0.200  -9.000    -18   -9   -9  136  56 -149   41 47   8 43 D  40 51   7 118 1  98 63
             572 2023  4 12 20  2 10.080 L 1.000 X  45.97600 -129.99583   1.170 X  -9.000   0.300   0.200  -9.000    -18   -9   -9  156  63 -148   40 40  11 44 C  52 41   9 158 1  93 62
             573 2023  4 12 20  5 40.160 L 1.000 X  45.97700 -129.99683   1.450 X  -9.000   0.300   0.200  -9.000    -18   -9   -9   87  86  176   44 44   8 29 D  42 49   8 135 1 101 56
             574 2023  4 12 20  6 49.620 L 1.000 X  45.97733 -129.99683   1.740 X  -9.000   0.300   0.200  -9.000    -18   -9   -9  316  72 -120   35 33  11 28 B  67 50   8 144 1  92 48
             575 2023  4 12 20 10 54.240 L 1.000 X  45.97667 -129.99600   1.720 X  -9.000   0.300   0.200  -9.000    -18   -9   -9   10  64  -85   39 44  12 56 C  53 51   9 141 1  92 47
             576 2023  4 12 20 16 14.320 L 1.000 X  45.97783 -129.99583   1.230 X  -9.000   0.300   0.200  -9.000    -18   -9   -9  261  86 -175   49 42   8 23 D  43 41   6 129 1  98 61
             577 2023  4 12 20 16 28.400 L 1.000 X  45.97833 -129.99651   1.600 X  -9.000   0.300   0.200  -9.000    -18   -9   -9   97  28 -129   44 39   9 11 D  44 49   5 133 1 176 51
             578 2023  4 12 20 16 46.000 L 1.000 X  45.97650 -129.99667   1.440 X  -9.000   0.300   0.200  -9.000    -18   -9   -9  175  38 -100   33 43  11 24 C  51 40   7 154 1  71 55
             579 2023  4 12 20 17 21.460 L 1.000 X  45.97783 -129.99634   1.480 X  -9.000   0.300   0.200  -9.000    -18   -9   -9   11  67  161   35 40  10 21 C  59 48   9 127 1  46 54
             580 2023  4 12 20 24 33.320 L 1.000 X  45.97717 -129.99699   0.990 X  -9.000   0.300   0.200  -9.000    -18   -9   -9  143  65 -127   29 42   8 35 C  57 45   8 152 1  99 73
             581 2023  4 12 20 26 23.480 L 1.000 X  45.97717 -129.99683   1.180 X  -9.000   0.300   0.200  -9.000    -18   -9   -9  230  78 -156   53 62   8 33 D  27 35   8 190 1 148 64
             582 2023  4 12 20 26 54.560 L 1.000 X  45.97633 -129.99651   1.350 X  -9.000   0.300   0.200  -9.000    -18   -9   -9  181  41 -108   42 51  10 46 D  54 40  10 165 1  70 57
             583 2023  4 12 20 33  9.020 L 1.000 X  45.97766 -129.99683   1.140 X  -9.000   0.300   0.200  -9.000    -18   -9   -9  143  80 -171   38 39   8 26 D  49 41   7 173 1 145 65
             584 2023  4 12 20 35 13.740 L 1.000 X  45.97600 -129.99617   1.280 X  -9.000   0.300   0.200  -9.000    -18   -9   -9  320  53 -100   39 41   8 31 C  51 50   8 176 1 108 59
             585 2023  4 12 20 47 26.240 L 1.000 X  45.97217 -129.99516   1.300 X  -9.000   0.300   0.200  -9.000    -18   -9   -9  333  39 -115   42 39   8 26 D  44 48   6 116 1 104 50
             586 2023  4 12 21  3 21.620 L 1.000 X  45.97633 -129.99667   1.360 X  -9.000   0.300   0.200  -9.000    -18   -9   -9  281  81 -168   48 43   8 29 D  41 38   8 164 1 109 57
             587 2023  4 12 21  3 32.740 L 1.000 X  45.97783 -129.99667   1.370 X  -9.000   0.300   0.200  -9.000    -18   -9   -9   85  89  156   45 35   9 29 D  48 44   6 164 1 108 57
             588 2023  4 12 21  8 48.680 L 1.000 X  45.97567 -129.99600   1.410 X  -9.000   0.300   0.200  -9.000    -18   -9   -9  198  34  -87   42 38  10 20 D  49 43   8 170 1  60 54
             589 2023  4 12 21 10  6.820 L 1.000 X  45.97600 -129.99667   1.260 X  -9.000   0.300   0.200  -9.000    -18   -9   -9  315  47 -127   31 24  10 11 B  81 38   8 163 1 108 60
             590 2023  4 12 21 12 20.860 L 1.000 X  45.97600 -129.99583   1.170 X  -9.000   0.300   0.200  -9.000    -18   -9   -9  319  88  178   37 41  10 33 C  54 48   8 135 1 105 62
             591 2023  4 12 22 32 29.500 L 1.000 X  45.98067 -129.99817   1.580 X  -9.000   0.300   0.200  -9.000    -18   -9   -9  134  89  162   40 44   8 11 D  47 57   7  88 1  95 46
             592 2023  4 13  4 17 45.420 L 1.000 X  45.97683 -129.99634   0.930 X  -9.000   0.300   0.200  -9.000    -18   -9   -9  168  81  173   27 30   8 30 B  75 52   6 144 1 103 73
             593 2023  4 13 13 45  8.150 L 1.000 X  45.95800 -129.98883   1.350 X  -9.000   0.300   0.200  -9.000    -18   -9   -9  355  68 -153   36 40   9  7 C  67 52   5 133 1  94 50
             594 2023  4 13 18  2 57.720 L 1.000 X  45.97983 -129.99817   1.400 X  -9.000   0.300   0.200  -9.000    -18   -9   -9  334  64 -116   31 35   9  4 B  70 47   8 121 1  75 51
             595 2023  4 14  3 15  1.110 L 1.000 X  45.94000 -129.99017   1.440 X  -9.000   0.300   0.200  -9.000    -18   -9   -9  336  65  109   46 65   8 45 D  39 50   5 165 1 105 42
             596 2023  4 14  3 21 15.460 L 1.000 X  45.94100 -129.99001   1.480 X  -9.000   0.300   0.200  -9.000    -18   -9   -9  353  80  127   43 53   9 36 D  47 49   9 157 1  89 42
             597 2023  4 14  3 36 55.360 L 1.000 X  45.94033 -129.99066   1.230 X  -9.000   0.300   0.200  -9.000    -18   -9   -9  173  84 -117   37 43   8 27 C  53 54   6 148 1 104 47
             598 2023  4 14  7 29 49.290 L 1.000 X  45.92567 -129.98717   1.310 X  -9.000   0.300   0.200  -9.000    -18   -9   -9  252  39  -82   27 30  14 19 B  73 56  13 149 1  58 34
             599 2023  4 14  7 30  0.310 L 1.000 X  45.92533 -129.98683   1.390 X  -9.000   0.300   0.200  -9.000    -18   -9   -9   11  69 -133   47 45   8 35 D  50 61   8 129 1  98 31
             600 2023  4 14  7 59 46.350 L 1.000 X  45.93717 -129.98033   1.500 X  -9.000   0.300   0.200  -9.000    -18   -9   -9  339  60  -98   27 29   8 20 B  80 61   7 144 1  82 24
             601 2023  4 14 11  9  9.590 L 1.000 X  45.95800 -129.98967   1.500 X  -9.000   0.300   0.200  -9.000    -18   -9   -9    1  66 -163   30 35   8 15 B  73 60   7 113 1  95 47
             602 2023  4 14 11 24  1.240 L 1.000 X  45.95767 -129.98984   1.920 X  -9.000   0.300   0.200  -9.000    -18   -9   -9  346  67 -162   38 41   8  0 C  58 65   5 119 1  97 37
             603 2023  4 14 17 26 49.600 L 1.000 X  45.92317 -129.98917   0.920 X  -9.000   0.300   0.200  -9.000    -18   -9   -9   91  46  -95   34 25  10 14 B  72 46   9 142 1 132 56
             604 2023  4 14 19 40 41.880 L 1.000 X  45.99183 -130.01483   1.430 X  -9.000   0.300   0.200  -9.000    -18   -9   -9  225  90  158   41 43  11 19 D  45 44   8 138 1  96 56
             605 2023  4 14 21 21 39.620 L 1.000 X  45.95967 -129.98883   1.590 X  -9.000   0.300   0.200  -9.000    -18   -9   -9  244  78  164   24 30  10 15 B  80 55   8 124 1  87 47
             606 2023  4 14 21 27 39.760 L 1.000 X  45.95850 -129.98933   1.850 X  -9.000   0.300   0.200  -9.000    -18   -9   -9  117   7  159   46 38   8 16 D  38 66   6 105 1  92 40
             607 2023  4 14 21 33 59.840 L 1.000 X  45.95967 -129.98849   1.810 X  -9.000   0.300   0.200  -9.000    -18   -9   -9  148  23 -169   34 27  12 18 B  75 51  11 149 1  87 42
             608 2023  4 14 21 37 18.980 L 1.000 X  45.95933 -129.98866   2.000 X  -9.000   0.300   0.200  -9.000    -18   -9   -9   67   4  114   29 27  10 14 B  80 63  10 129 1  88 38
             609 2023  4 14 21 39 19.800 L 1.000 X  45.95933 -129.98866   2.020 X  -9.000   0.300   0.200  -9.000    -18   -9   -9  231  85   85   40 46   8 16 D  49 67   6 110 1  92 38
             610 2023  4 14 22 12 57.320 L 1.000 X  45.97066 -129.99600   1.420 X  -9.000   0.300   0.200  -9.000    -18   -9   -9   51  78 -176   48 51   8 35 D  42 48   6 137 1  67 41
             611 2023  4 14 22 14  1.240 L 1.000 X  45.95850 -129.98950   1.850 X  -9.000   0.300   0.200  -9.000    -18   -9   -9  163  27 -124   40 37   8 17 C  51 61   4 123 1 104 40
             612 2023  4 14 22 35 11.080 L 1.000 X  45.96733 -129.99417   1.730 X  -9.000   0.300   0.200  -9.000    -18   -9   -9  199  57 -101   43 41   9 33 C  54 51   8 154 1 143 31
             613 2023  4 15  3 39  8.130 L 1.000 X  45.93650 -130.01883   1.160 X  -9.000   0.300   0.200  -9.000    -18   -9   -9  179  43 -103   39 41   8 23 C  50 36   6 147 1 114 40
             614 2023  4 15  3 45 56.060 L 1.000 X  45.95950 -129.98849   1.320 X  -9.000   0.300   0.200  -9.000    -18   -9   -9  215  52  -74   31 33   8  0 B  67 42   6 174 1 141 54
             615 2023  4 15 10 18 41.970 L 1.000 X  45.96733 -129.99367   1.460 X  -9.000   0.300   0.200  -9.000    -18   -9   -9  117  79  172   32 35   9 22 B  66 50   6 120 1  87 38
             616 2023  4 15 12 14 56.170 L 1.000 X  45.95000 -130.02451   1.440 X  -9.000   0.300   0.200  -9.000    -18   -9   -9  160  44   86   52 50   9 34 D  46 31   8 170 1 116 46
             617 2023  4 15 13 36 38.790 L 1.000 X  45.94050 -130.01849   1.350 X  -9.000   0.300   0.200  -9.000    -18   -9   -9  221  49 -112   29 32  18 18 B  82 44  18 137 1  67 37
             618 2023  4 15 18 25 28.300 L 1.000 X  45.92550 -129.98567   1.070 X  -9.000   0.300   0.200  -9.000    -18   -9   -9   20  67 -146   43 29   9 21 C  54 45   8 162 1 120 36
             619 2023  4 15 18 39 32.120 L 1.000 X  45.92567 -129.98633   0.980 X  -9.000   0.300   0.200  -9.000    -18   -9   -9    3  82 -164   32 35   9 14 B  68 44   8 149 1 159 41
             620 2023  4 15 18 41 26.560 L 1.000 X  45.92550 -129.98633   1.030 X  -9.000   0.300   0.200  -9.000    -18   -9   -9   49  58 -124   40 33  10 33 C  63 44   8 144 1 102 40
             621 2023  4 15 18 55 50.800 L 1.000 X  45.92567 -129.98584   1.050 X  -9.000   0.300   0.200  -9.000    -18   -9   -9  115  68  144   45 55   9 37 D  34 41   7 163 1 141 37
             622 2023  4 15 19 40 14.840 L 1.000 X  45.92567 -129.98616   1.020 X  -9.000   0.300   0.200  -9.000    -18   -9   -9    2  77 -151   24 25  12 23 A  91 45  10 159 1  76 39
             623 2023  4 15 19 43  3.520 L 1.000 X  45.92583 -129.98683   0.960 X  -9.000   0.300   0.200  -9.000    -18   -9   -9  348  80 -130   33 42   9 28 C  65 55   7 138 1  95 44
             624 2023  4 15 21 35 28.040 L 1.000 X  45.92317 -129.98616   1.140 X  -9.000   0.300   0.200  -9.000    -18   -9   -9  227  40  -50   54 57   8 30 D  37 47   7 153 1  89 38
             625 2023  4 15 22 32  3.100 L 1.000 X  45.93184 -129.97717   1.600 X  -9.000   0.300   0.200  -9.000    -18   -9   -9  360  71 -164   35 42  10 29 C  76 48   9 173 1 137 35
             626 2023  4 15 22 32 54.020 L 1.000 X  45.93167 -129.97684   1.730 X  -9.000   0.300   0.200  -9.000    -18   -9   -9  326  60 -117   45 48   9 25 D  42 54   8 170 1 154 21
             627 2023  4 15 22 35  0.980 L 1.000 X  45.93367 -129.97850   1.600 X  -9.000   0.300   0.200  -9.000    -18   -9   -9  154  49  139   54 51   9 42 D  39 56   8 157 1 140 21
             628 2023  4 15 22 38  4.380 L 1.000 X  45.93200 -129.97734   1.620 X  -9.000   0.300   0.200  -9.000    -18   -9   -9  341  38  177   36 43   9  0 D  49 61   6  99 1  91 21
             629 2023  4 15 22 39 34.880 L 1.000 X  45.93417 -129.97816   1.620 X  -9.000   0.300   0.200  -9.000    -18   -9   -9  216  40  -68   27 23  16 28 A  87 52  14 142 1  97 18
             630 2023  4 15 22 39 44.320 L 1.000 X  45.93417 -129.97867   1.550 X  -9.000   0.300   0.200  -9.000    -18   -9   -9    7  57 -176   38 34  12 28 C  58 55  11 143 1  72 20
             631 2023  4 15 22 39 57.840 L 1.000 X  45.93100 -129.97600   1.770 X  -9.000   0.300   0.200  -9.000    -18   -9   -9  136  90  135   39 39   9 10 C  51 64   8 113 1 140 21
             632 2023  4 15 22 40  4.000 L 1.000 X  45.93350 -129.97766   1.660 X  -9.000   0.300   0.200  -9.000    -18   -9   -9  333  53 -103   46 41   8 26 C  51 63   6 126 1 146 21
             633 2023  4 15 22 40 22.360 L 1.000 X  45.93117 -129.97633   1.690 X  -9.000   0.300   0.200  -9.000    -18   -9   -9  150  75  141   39 41   9 28 D  50 54   8 136 1 159 32
             634 2023  4 15 22 40 26.880 L 1.000 X  45.93333 -129.97783   1.680 X  -9.000   0.300   0.200  -9.000    -18   -9   -9  352  67 -155   35 30  12  7 B  67 54  11 134 1 145 22
             635 2023  4 15 22 40 35.200 L 1.000 X  45.93300 -129.97816   1.600 X  -9.000   0.300   0.200  -9.000    -18   -9   -9  353  65 -175   34 37  11 14 C  51 52   8 139 1  75 23
             636 2023  4 15 22 41  3.220 L 1.000 X  45.93350 -129.97766   1.660 X  -9.000   0.300   0.200  -9.000    -18   -9   -9  352  69 -166   45 56  12 28 D  38 52  10 132 1 146 21
             637 2023  4 15 22 41 33.460 L 1.000 X  45.93350 -129.97783   1.650 X  -9.000   0.300   0.200  -9.000    -18   -9   -9  316  55 -107   30 29  12 22 B  75 53  10 133 1  74 21
             638 2023  4 15 22 42  0.660 L 1.000 X  45.93300 -129.97850   1.670 X  -9.000   0.300   0.200  -9.000    -18   -9   -9  339  59 -111   26 42  17 29 C  55 51  17 129 1  87 21
             639 2023  4 15 22 42 35.520 L 1.000 X  45.93150 -129.97684   1.660 X  -9.000   0.300   0.200  -9.000    -18   -9   -9  290  74 -141   38 29  13 14 B  65 47  10 188 1 120 21
             640 2023  4 15 22 42 50.840 L 1.000 X  45.93383 -129.97850   1.610 X  -9.000   0.300   0.200  -9.000    -18   -9   -9  190  35  -75   35 36  14 39 D  46 50  13 150 1  97 19
             641 2023  4 15 22 43 56.000 L 1.000 X  45.93167 -129.97717   1.590 X  -9.000   0.300   0.200  -9.000    -18   -9   -9  331  61  -99   42 52  12 33 D  46 49  10 170 1 119 26
             642 2023  4 15 22 44 39.660 L 1.000 X  45.93433 -129.97783   1.680 X  -9.000   0.300   0.200  -9.000    -18   -9   -9  312  87 -123   37 31  11 13 C  57 56  10 116 1 144 18
             643 2023  4 15 22 45  3.540 L 1.000 X  45.93233 -129.97766   1.750 X  -9.000   0.300   0.200  -9.000    -18   -9   -9  313  83 -131   41 38  10 23 D  50 55   8 139 1 147 21
             644 2023  4 15 22 46 12.520 L 1.000 X  45.93267 -129.97766   1.730 X  -9.000   0.300   0.200  -9.000    -18   -9   -9  242  84  102   51 48   9 39 D  30 53   8 192 1 147 22
             645 2023  4 15 22 47 23.800 L 1.000 X  45.92367 -129.94467   2.830 X  -9.000   0.300   0.200  -9.000    -18   -9   -9  201  17 -100   32 31   8 42 B  69 46   6 168 1 280 49
             646 2023  4 15 22 48  2.680 L 1.000 X  45.93350 -129.97800   1.570 X  -9.000   0.300   0.200  -9.000    -18   -9   -9  329  58 -110   32 37  13 39 B  61 52  12 152 1  98 21
             647 2023  4 15 22 48 17.540 L 1.000 X  45.93300 -129.97734   1.520 X  -9.000   0.300   0.200  -9.000    -18   -9   -9    8  76  178   45 36  11 34 D  36 48  10 162 1  76 32
             648 2023  4 15 22 48 25.480 L 1.000 X  45.93350 -129.97833   1.570 X  -9.000   0.300   0.200  -9.000    -18   -9   -9  144  37  -88   24 45  10 30 D  47 53   8 150 1  74 21
             649 2023  4 15 22 48 43.580 L 1.000 X  45.93433 -129.97816   1.610 X  -9.000   0.300   0.200  -9.000    -18   -9   -9  304  66 -115   33 40  11 30 C  55 55  10 130 1 142 19
             650 2023  4 15 22 49 55.080 L 1.000 X  45.93333 -129.97783   1.570 X  -9.000   0.300   0.200  -9.000    -18   -9   -9  255  44   48   27 25  12 33 B  83 49   9 158 1  75 22
             651 2023  4 15 22 50  5.300 L 1.000 X  45.93283 -129.97783   1.650 X  -9.000   0.300   0.200  -9.000    -18   -9   -9    6  57 -163   16 25  12 14 A  87 50  12 155 1  76 30
             652 2023  4 15 22 52 17.360 L 1.000 X  45.93383 -129.97833   1.620 X  -9.000   0.300   0.200  -9.000    -18   -9   -9   11  58  -88   29 27  12 40 B  75 51  11 154 1  73 19
             653 2023  4 15 22 53 34.100 L 1.000 X  45.93283 -129.97783   1.470 X  -9.000   0.300   0.200  -9.000    -18   -9   -9   22  86  139   43 38   9 37 D  41 51   8 180 1 135 24
             654 2023  4 15 22 53 40.060 L 1.000 X  45.93467 -129.97833   1.660 X  -9.000   0.300   0.200  -9.000    -18   -9   -9  106  82  155   39 41   8 10 D  42 57   7 147 1 115 26
             655 2023  4 15 22 53 55.980 L 1.000 X  45.93450 -129.97816   1.670 X  -9.000   0.300   0.200  -9.000    -18   -9   -9  353  73 -161   24 28  14 15 B  86 50  14 143 1  84 25
             656 2023  4 15 22 54 52.240 L 1.000 X  45.92183 -129.99300   1.050 X  -9.000   0.300   0.200  -9.000    -18   -9   -9  275  50 -138   15 12  11 32 A 100 42  10 168 1  75 63
             657 2023  4 15 22 57 37.100 L 1.000 X  45.93467 -129.97783   1.680 X  -9.000   0.300   0.200  -9.000    -18   -9   -9  348  49  -96   41 38   8 21 D  45 62   5 123 1 143 23
             658 2023  4 15 22 57 56.260 L 1.000 X  45.93467 -129.97833   1.700 X  -9.000   0.300   0.200  -9.000    -18   -9   -9  151  36 -103   28 23  11  0 B  82 54   9 138 1 140 18
             659 2023  4 15 22 58 21.680 L 1.000 X  45.93400 -129.97800   1.690 X  -9.000   0.300   0.200  -9.000    -18   -9   -9   21  59 -105   34 31   9 19 B  62 55   6 161 1 143 22
             660 2023  4 15 22 58 45.120 L 1.000 X  45.93467 -129.97766   1.720 X  -9.000   0.300   0.200  -9.000    -18   -9   -9  171  36  -80   42 48   8 19 D  43 65   6 127 1 144 23
             661 2023  4 15 22 59  7.780 L 1.000 X  45.93417 -129.97766   1.680 X  -9.000   0.300   0.200  -9.000    -18   -9   -9  294  76 -126   38 25  11 12 B  66 57  10 138 1 145 19
             662 2023  4 15 23  0 12.240 L 1.000 X  45.93433 -129.97816   1.700 X  -9.000   0.300   0.200  -9.000    -18   -9   -9  348  74 -158   23 37  13  6 B  67 52  12 127 1  84 25
             663 2023  4 15 23  0 30.460 L 1.000 X  45.94617 -129.99066   3.560 X  -9.000   0.300   0.200  -9.000    -18   -9   -9   39  73 -101   24 23   8 15 A  91 77   7 117 1 130 28
             664 2023  4 15 23  1 14.040 L 1.000 X  45.92167 -129.99234   1.090 X  -9.000   0.300   0.200  -9.000    -18   -9   -9  267  58 -135   15 24  12 25 A  94 46  11 144 1  85 60
             665 2023  4 15 23  2  9.280 L 1.000 X  45.93417 -129.97783   1.700 X  -9.000   0.300   0.200  -9.000    -18   -9   -9  166  34  -83   18 26  12 14 A  90 56  11 147 1 134 19
             666 2023  4 15 23  3 53.580 L 1.000 X  45.93417 -129.97884   1.520 X  -9.000   0.300   0.200  -9.000    -18   -9   -9  204  43  -62   31 37   9 28 C  54 55   6 129 1  91 22
             667 2023  4 15 23  4 45.060 L 1.000 X  45.93400 -129.97867   1.570 X  -9.000   0.300   0.200  -9.000    -18   -9   -9  348  70 -140   22 31  14 21 B  81 49  14 154 1  97 25
             668 2023  4 15 23  6 58.720 L 1.000 X  45.93300 -129.97766   1.700 X  -9.000   0.300   0.200  -9.000    -18   -9   -9  318  59 -111   29 21  11 23 B  80 58   9 139 1 135 23
             669 2023  4 15 23  7 19.680 L 1.000 X  45.93450 -129.97867   1.560 X  -9.000   0.300   0.200  -9.000    -18   -9   -9    2  54 -176   41 49  10 22 C  53 56   9 144 1  84 28
             670 2023  4 15 23  8 33.200 L 1.000 X  45.93333 -129.97766   1.700 X  -9.000   0.300   0.200  -9.000    -18   -9   -9  345  52  -95   32 24  11 17 B  79 53   9 175 1 146 22
             671 2023  4 15 23  9 14.240 L 1.000 X  45.93333 -129.97766   1.690 X  -9.000   0.300   0.200  -9.000    -18   -9   -9  182  34  -68   34 37  11 24 C  60 55   9 149 1 146 22
             672 2023  4 15 23  9 37.280 L 1.000 X  45.93317 -129.97734   1.720 X  -9.000   0.300   0.200  -9.000    -18   -9   -9  299  80 -140   32 31  12  0 B  71 52  11 182 1 135 23
             673 2023  4 15 23 11 45.280 L 1.000 X  45.93450 -129.97766   1.770 X  -9.000   0.300   0.200  -9.000    -18   -9   -9  352  53 -101   17 26  12 11 A  93 55  11 143 1 144 18
             674 2023  4 15 23 12  5.040 L 1.000 X  45.93233 -129.97766   1.570 X  -9.000   0.300   0.200  -9.000    -18   -9   -9  254  79 -130   45 44   8 24 D  48 58   7 127 1  92 22
             675 2023  4 15 23 12  9.520 L 1.000 X  45.93367 -129.97783   1.770 X  -9.000   0.300   0.200  -9.000    -18   -9   -9  187  27  -44   40 42   8  3 D  42 61   7 143 1 144 20
             676 2023  4 15 23 13  0.200 L 1.000 X  45.93350 -129.97766   1.730 X  -9.000   0.300   0.200  -9.000    -18   -9   -9  332  46  -82   34 30  11  6 B  69 57   8 133 1 146 21
             677 2023  4 15 23 13 10.480 L 1.000 X  45.93433 -129.97951   1.680 X  -9.000   0.300   0.200  -9.000    -18   -9   -9   98  71  120   46 50   8 22 D  48 58   6 134 1 134 26
             678 2023  4 15 23 13 20.320 L 1.000 X  45.93467 -129.97833   1.710 X  -9.000   0.300   0.200  -9.000    -18   -9   -9  188  32  -56   38 39   9 24 C  65 57   7 136 1 140 18
             679 2023  4 15 23 13 33.720 L 1.000 X  45.93367 -129.97800   1.760 X  -9.000   0.300   0.200  -9.000    -18   -9   -9  338  53  -89   41 50   9 13 D  33 60   7 142 1 143 20
             680 2023  4 15 23 14 12.600 L 1.000 X  45.93417 -129.97800   1.730 X  -9.000   0.300   0.200  -9.000    -18   -9   -9  357  61 -104   23 30  13 21 B  81 53  11 142 1  97 18
             681 2023  4 15 23 14 45.040 L 1.000 X  45.93350 -129.97717   1.550 X  -9.000   0.300   0.200  -9.000    -18   -9   -9  168  39  -96   37 40  13 33 C  72 47  11 174 1  99 23
             682 2023  4 15 23 14 59.440 L 1.000 X  45.93300 -129.97701   1.600 X  -9.000   0.300   0.200  -9.000    -18   -9   -9  356  72 -167   37 51  15 25 C  71 49  14 155 1  76 25
             683 2023  4 15 23 15 20.560 L 1.000 X  45.93117 -129.97617   1.580 X  -9.000   0.300   0.200  -9.000    -18   -9   -9  109  48 -123   39 38   9 28 C  59 46   9 175 1  80 34
             684 2023  4 15 23 15 27.740 L 1.000 X  45.91850 -129.99817   3.260 X  -9.000   0.300   0.200  -9.000    -18   -9   -9  180  81  108   38 40  12 21 C  52 79  11 103 1 136 31
             685 2023  4 15 23 16 24.000 L 1.000 X  45.94333 -129.93233   2.840 X  -9.000   0.300   0.200  -9.000    -18   -9   -9  279  58 -156   20 33  10 26 B  75 46  10 136 1 253 45
             686 2023  4 15 23 16 43.440 L 1.000 X  45.93367 -129.97734   1.800 X  -9.000   0.300   0.200  -9.000    -18   -9   -9  337  46 -111   41 35   9  0 C  51 63   7 126 1 147 20
             687 2023  4 15 23 18 38.520 L 1.000 X  45.93283 -129.97701   1.560 X  -9.000   0.300   0.200  -9.000    -18   -9   -9    2  58 -118   33 44  11 45 D  48 51  10 181 1 137 25
             688 2023  4 15 23 18 50.280 L 1.000 X  45.93500 -129.97816   1.610 X  -9.000   0.300   0.200  -9.000    -18   -9   -9  168  35  -79   26 26   9 38 B  78 57   8 128 1 141 19
             689 2023  4 15 23 19  5.280 L 1.000 X  45.93533 -129.98816   1.350 X  -9.000   0.300   0.200  -9.000    -18   -9   -9  349  76 -179   34 41   8 38 C  54 54   7 130 1  93 34
             690 2023  4 15 23 19 14.460 L 1.000 X  45.93517 -129.97833   1.610 X  -9.000   0.300   0.200  -9.000    -18   -9   -9  289  63 -106   37 43  11 16 C  56 57  10 121 1 132 20
             691 2023  4 15 23 19 44.440 L 1.000 X  45.89133 -130.00816   0.500 X  -9.000   0.300   0.200  -9.000    -18   -9   -9  125  29   76   46 20   8 26 C  60 93   7  75 1 307 50
             692 2023  4 15 23 21 23.920 L 1.000 X  45.93350 -129.97701   1.550 X  -9.000   0.300   0.200  -9.000    -18   -9   -9  319  52  -79   42 29  13 33 C  59 46  13 175 1  99 23
             693 2023  4 15 23 21 39.580 L 1.000 X  45.93467 -129.97783   1.620 X  -9.000   0.300   0.200  -9.000    -18   -9   -9  293  74 -129   43 45   8  6 D  42 61   6 107 1 143 23
             694 2023  4 15 23 23  7.840 L 1.000 X  45.93217 -129.97717   1.550 X  -9.000   0.300   0.200  -9.000    -18   -9   -9  123  48  -93   30 43  12 10 D  30 48   9 181 1  78 23
             695 2023  4 15 23 24 25.640 L 1.000 X  45.93300 -129.97749   1.540 X  -9.000   0.300   0.200  -9.000    -18   -9   -9  134  78  136   32 28  13 15 B  72 47  11 152 1  76 24
             696 2023  4 15 23 25 43.320 L 1.000 X  45.93233 -129.97749   1.500 X  -9.000   0.300   0.200  -9.000    -18   -9   -9  114  90  134   37 37   8 13 C  56 58   6 127 1  77 23
             697 2023  4 15 23 28  3.000 L 1.000 X  45.93133 -129.97701   1.570 X  -9.000   0.300   0.200  -9.000    -18   -9   -9  228  71  158   45 47   9 23 D  41 53   7 158 1  79 22
             698 2023  4 15 23 33  8.440 L 1.000 X  45.93250 -129.97701   1.520 X  -9.000   0.300   0.200  -9.000    -18   -9   -9  316  77 -133   33 39  10 14 C  56 50   8 165 1  77 25
             699 2023  4 15 23 33 26.720 L 1.000 X  45.93283 -129.97783   1.460 X  -9.000   0.300   0.200  -9.000    -18   -9   -9  349  52  -98   47 42   8 22 D  44 51   5 167 1 145 24
             700 2023  4 15 23 35 59.060 L 1.000 X  45.93300 -129.97749   1.500 X  -9.000   0.300   0.200  -9.000    -18   -9   -9  305  76 -129   37 44  14 31 D  42 43  11 166 1  76 25
             701 2023  4 15 23 40 46.800 L 1.000 X  45.93184 -129.97749   1.590 X  -9.000   0.300   0.200  -9.000    -18   -9   -9  353  56 -175   40 35  10  5 C  57 55  10 146 1  78 21
             702 2023  4 15 23 40 53.460 L 1.000 X  45.93117 -129.97717   1.530 X  -9.000   0.300   0.200  -9.000    -18   -9   -9  330  51  -96   41 43   9 18 C  58 50   8 109 1  80 23
             703 2023  4 15 23 41 34.800 L 1.000 X  45.93200 -129.97749   1.530 X  -9.000   0.300   0.200  -9.000    -18   -9   -9  335  81 -168   24 32  14  2 B  77 44  14 168 1  78 29
             704 2023  4 15 23 42 35.840 L 1.000 X  45.93217 -129.97734   1.570 X  -9.000   0.300   0.200  -9.000    -18   -9   -9  321  90 -149   26 29  13  7 B  76 45  11 159 1  77 22
             705 2023  4 15 23 43  6.600 L 1.000 X  45.93217 -129.97749   1.590 X  -9.000   0.300   0.200  -9.000    -18   -9   -9  314  88 -134   27 28  12 12 B  79 50  11 142 1  77 22
             706 2023  4 15 23 45 14.280 L 1.000 X  45.93117 -129.97633   1.630 X  -9.000   0.300   0.200  -9.000    -18   -9   -9   67  65 -120   44 35  10  8 D  40 64   8 110 1  80 22
             707 2023  4 15 23 45 37.380 L 1.000 X  45.93217 -129.97833   1.590 X  -9.000   0.300   0.200  -9.000    -18   -9   -9  138  52  114   42 37  10 26 C  59 54   9 147 1 142 20
             708 2023  4 15 23 47 16.200 L 1.000 X  45.93383 -129.97749   1.570 X  -9.000   0.300   0.200  -9.000    -18   -9   -9  307  66 -126   40 41   8  6 C  52 58   7 140 1  74 24
             709 2023  4 15 23 47 25.040 L 1.000 X  45.93233 -129.97867   1.370 X  -9.000   0.300   0.200  -9.000    -18   -9   -9   71  40 -133   39 42   9 17 C  53 50   8 177 1  87 20
             710 2023  4 15 23 51 56.180 L 1.000 X  45.93267 -129.97749   1.550 X  -9.000   0.300   0.200  -9.000    -18   -9   -9  347  54 -113   28 40  14 32 C  56 49  13 142 1  76 24
             711 2023  4 15 23 52 10.880 L 1.000 X  45.93383 -129.97684   1.590 X  -9.000   0.300   0.200  -9.000    -18   -9   -9   18  59  -79   47 48   9 26 D  33 54   7 144 1 150 22
             712 2023  4 15 23 54  9.300 L 1.000 X  45.93033 -129.97583   1.650 X  -9.000   0.300   0.200  -9.000    -18   -9   -9  137  73  140   45 49  13 43 D  44 57  12 132 1  82 21
             713 2023  4 15 23 55  3.060 L 1.000 X  45.92983 -129.97517   1.640 X  -9.000   0.300   0.200  -9.000    -18   -9   -9  166  38  -94   51 55  11 54 D  33 54   8 132 1  91 20
             714 2023  4 15 23 56 26.440 L 1.000 X  45.93317 -129.97717   1.660 X  -9.000   0.300   0.200  -9.000    -18   -9   -9  263  83 -125   54 51  13 39 D  41 52  12 159 1  75 23
             715 2023  4 15 23 57 42.680 L 1.000 X  45.93217 -129.97749   1.550 X  -9.000   0.300   0.200  -9.000    -18   -9   -9  299  85 -147   34 38  16 22 D  48 44  15 157 1  77 22
             716 2023  4 15 23 58 13.440 L 1.000 X  45.93117 -129.97701   1.580 X  -9.000   0.300   0.200  -9.000    -18   -9   -9   96  67 -131   42 47  12 17 D  39 52   9 129 1  80 22
             717 2023  4 15 23 58 23.020 L 1.000 X  45.93433 -129.97783   1.590 X  -9.000   0.300   0.200  -9.000    -18   -9   -9  335  52 -102   38 26  10 18 B  71 55   9 144 1  77 19
             718 2023  4 15 23 58 58.900 L 1.000 X  45.93184 -129.97749   1.510 X  -9.000   0.300   0.200  -9.000    -18   -9   -9  129  88  128   34 40   9  3 C  58 58   8 144 1  78 21
             719 2023  4 16  0 10 18.240 L 1.000 X  45.93383 -129.97701   1.610 X  -9.000   0.300   0.200  -9.000    -18   -9   -9  291  83 -124   28 37  11 17 B  74 52  10 157 1  74 22
             720 2023  4 16  0 19 40.340 L 1.000 X  45.93383 -129.97684   1.580 X  -9.000   0.300   0.200  -9.000    -18   -9   -9   21  56 -139   31 30  16  8 B  77 47  15 159 1  74 22
             721 2023  4 16  0 29 13.660 L 1.000 X  45.93367 -129.97667   1.630 X  -9.000   0.300   0.200  -9.000    -18   -9   -9   24  61 -131   23 29  14 19 B  85 48  13 156 1  98 23
             722 2023  4 16  0 45 52.580 L 1.000 X  45.93283 -129.97667   1.590 X  -9.000   0.300   0.200  -9.000    -18   -9   -9  307  69 -117   38 35   8 16 C  60 55   7 132 1  77 26
             723 2023  4 16  0 55  8.070 L 1.000 X  45.93267 -129.97650   1.650 X  -9.000   0.300   0.200  -9.000    -18   -9   -9  344  52  -77   31 35  10 27 B  84 48   8 152 1  77 25
             724 2023  4 16  0 56 35.950 L 1.000 X  45.93267 -129.97583   1.620 X  -9.000   0.300   0.200  -9.000    -18   -9   -9    0  46 -178   56 54   8 16 D  39 56   5 125 1  81 27
             725 2023  4 16  1  0 19.570 L 1.000 X  45.99817 -130.03166   1.580 X  -9.000   0.300   0.200  -9.000    -18   -9   -9  353  73  142   32 38   8 13 D  47 57   7 114 1 100 42
             726 2023  4 16  1  2 36.170 L 1.000 X  45.93417 -129.97734   1.610 X  -9.000   0.300   0.200  -9.000    -18   -9   -9  172  37  -77   35 37  11 28 C  68 53   9 140 1  73 20
             727 2023  4 16  1  5 58.790 L 1.000 X  45.93367 -129.97650   1.600 X  -9.000   0.300   0.200  -9.000    -18   -9   -9  110  45 -122   29 30  11 26 B  77 53  10 141 1  77 23
             728 2023  4 16  1  6 25.330 L 1.000 X  45.93333 -129.97650   1.620 X  -9.000   0.300   0.200  -9.000    -18   -9   -9  288  81 -142   40 42  10 30 C  56 52   9 141 1 153 28
             729 2023  4 16  1 21 21.080 L 1.000 X  45.93217 -129.97749   1.570 X  -9.000   0.300   0.200  -9.000    -18   -9   -9  157  72  137   43 41   8 19 D  43 53   7 142 1  92 28
             730 2023  4 16  2 20 41.930 L 1.000 X  45.93250 -129.97816   1.580 X  -9.000   0.300   0.200  -9.000    -18   -9   -9  308  80 -131   36 41  10 14 C  54 52  10 146 1 143 21
             731 2023  4 16  2 21 10.410 L 1.000 X  45.93184 -129.97684   1.790 X  -9.000   0.300   0.200  -9.000    -18   -9   -9  339  52  -86   44 43   8 36 C  60 52   8 149 1 154 21
             732 2023  4 16  2 27 18.390 L 1.000 X  45.93050 -129.97701   1.570 X  -9.000   0.300   0.200  -9.000    -18   -9   -9  130  44 -105   41 43   9 37 C  62 56   8 150 1  81 22
             733 2023  4 16  2 40  3.360 L 1.000 X  45.92933 -129.97717   1.570 X  -9.000   0.300   0.200  -9.000    -18   -9   -9   66  79  -83   44 43   9 22 D  42 54   6 145 1 164 30
             734 2023  4 16  2 58 32.630 L 1.000 X  45.93000 -129.97734   1.510 X  -9.000   0.300   0.200  -9.000    -18   -9   -9  230  47 -123   24 38  12 25 B  64 47  11 174 1  82 20
             735 2023  4 16  3 59 44.970 L 1.000 X  45.93867 -130.01833   1.310 X  -9.000   0.300   0.200  -9.000    -18   -9   -9  230  51  -98   23 25  18 25 A  86 41  18 158 1  88 31
             736 2023  4 16  5 35 15.930 L 1.000 X  45.93133 -129.97684   1.530 X  -9.000   0.300   0.200  -9.000    -18   -9   -9  237  55 -139   36 37   8 18 C  54 65   5 131 1 138 23
             737 2023  4 16  7 39  3.980 L 1.000 X  45.96367 -129.99316   1.830 X  -9.000   0.300   0.200  -9.000    -18   -9   -9   13  83  -99   45 46   9 33 D  34 59   5 130 1  81 30
             738 2023  4 16  7 51 10.280 L 1.000 X  45.93867 -130.02000   1.100 X  -9.000   0.300   0.200  -9.000    -18   -9   -9  340  65  161   23 19  11 22 A  92 39   9 149 1  83 40
             739 2023  4 16 15  1 29.040 L 1.000 X  45.94167 -129.98567   1.300 X  -9.000   0.300   0.200  -9.000    -18   -9   -9  350  56  -93   32 38   8  8 C  67 51   7 155 1  90 39
             740 2023  4 16 15  7 36.900 L 1.000 X  45.94200 -129.98584   1.220 X  -9.000   0.300   0.200  -9.000    -18   -9   -9    8  68 -165   44 54   9 19 D  40 51   7 159 1  88 42
             741 2023  4 17 11 25 30.700 L 1.000 X  45.91400 -129.98700   0.870 X  -9.000   0.300   0.200  -9.000    -18   -9   -9   38  71  166   44 40   8 30 D  39 44   5 139 1 188 71
             742 2023  4 18  0  8 38.940 L 1.000 X  45.92933 -130.00633   1.270 X  -9.000   0.300   0.200  -9.000    -18   -9   -9  322  79  135   38 40  10 10 C  52 47   6 143 1 110 35
             743 2023  4 18  1 26 23.670 L 1.000 X  45.93850 -130.01750   1.400 X  -9.000   0.300   0.200  -9.000    -18   -9   -9  318  83  175   19 20  15 31 A  97 43  15 140 1 126 58
             744 2023  4 18  1 26 53.670 L 1.000 X  45.93833 -130.01849   1.290 X  -9.000   0.300   0.200  -9.000    -18   -9   -9  215  70 -134   36 36  14 27 C  68 41  13 157 1 130 63
             745 2023  4 18  1 27  4.040 L 1.000 X  45.93967 -130.01933   1.060 X  -9.000   0.300   0.200  -9.000    -18   -9   -9  226  58 -104   27 39   8  4 B  68 38   6 196 1  87 45
             746 2023  4 18  1 28 50.760 L 1.000 X  45.93767 -130.01883   1.140 X  -9.000   0.300   0.200  -9.000    -18   -9   -9  343  71  153   52 48   8 21 D  26 49   3  89 1 126 36
             747 2023  4 18  1 58  8.980 L 1.000 X  45.93767 -130.01933   1.230 X  -9.000   0.300   0.200  -9.000    -18   -9   -9  223  64 -114   20 27  13  2 A  91 40  10 139 1  70 35
             748 2023  4 18 13 24 46.470 L 1.000 X  45.93800 -130.01933   1.140 X  -9.000   0.300   0.200  -9.000    -18   -9   -9  221  53  -89   27 34  11 19 B  72 43   8 144 1  84 35
             749 2023  4 18 15 59  3.100 L 1.000 X  45.94067 -130.01967   1.380 X  -9.000   0.300   0.200  -9.000    -18   -9   -9  202  44 -107   40 37  10  0 D  50 44   6 117 1  97 39
             750 2023  4 18 16  2 33.460 L 1.000 X  45.96750 -129.99451   1.780 X  -9.000   0.300   0.200  -9.000    -18   -9   -9  119  84  176   34 35  10 34 B  68 58   7 141 1  89 30
             751 2023  4 18 18 33  6.320 L 1.000 X  45.93616 -130.01849   1.260 X  -9.000   0.300   0.200  -9.000    -18   -9   -9  318  60  147   52 56  10 60 D  59 35   9 154 1 150 39
             752 2023  4 18 18 33 38.120 L 1.000 X  45.96867 -129.99617   1.800 X  -9.000   0.300   0.200  -9.000    -18   -9   -9   63  31  124   52 44  10 27 D  40 56   7 142 1 106 28
             753 2023  4 18 18 39  0.440 L 1.000 X  45.96850 -129.99583   1.680 X  -9.000   0.300   0.200  -9.000    -18   -9   -9  148  90  129   45 51   8 36 D  42 51   5 154 1 153 31
             754 2023  4 19  1 28 53.590 L 1.000 X  45.99683 -130.01649   1.910 X  -9.000   0.300   0.200  -9.000    -18   -9   -9  162  83  -90   46 56   9 22 D  40 60   8  96 1  84 34
             755 2023  4 19  1 30 44.100 L 1.000 X  45.99700 -130.01717   2.290 X  -9.000   0.300   0.200  -9.000    -18   -9   -9   97   1   78   30 39   8 12 B  66 72   6 103 1  86 27
             756 2023  4 19  1 33 25.800 L 1.000 X  45.99633 -130.01633   1.970 X  -9.000   0.300   0.200  -9.000    -18   -9   -9   88  41 -170   49 60  10 30 D  38 64   9  89 1  83 34
             757 2023  4 19  1 36 55.010 L 1.000 X  45.99600 -130.01666   1.940 X  -9.000   0.300   0.200  -9.000    -18   -9   -9  146  71  177   39 41  12 14 C  58 60  11 107 1  81 34
             758 2023  4 19  1 40 57.130 L 1.000 X  45.99683 -130.01601   2.190 X  -9.000   0.300   0.200  -9.000    -18   -9   -9   96  32   71   41 42  10 21 C  56 69   9  78 1  85 31
             759 2023  4 19  1 41 16.540 L 1.000 X  45.99583 -130.01584   2.030 X  -9.000   0.300   0.200  -9.000    -18   -9   -9  225  80 -107   46 48  11 27 D  55 63  10  77 1  83 35
             760 2023  4 19  1 41 42.190 L 1.000 X  45.99700 -130.01584   2.710 X  -9.000   0.300   0.200  -9.000    -18   -9   -9  223  84 -109   28 31  11 17 B  81 72   9  98 1  86 25
             761 2023  4 19  1 42 19.400 L 1.000 X  45.99617 -130.01601   2.240 X  -9.000   0.300   0.200  -9.000    -18   -9   -9  228  84 -105   44 49   8 28 D  47 67   8  92 1  83 31
             762 2023  4 19  1 45 21.810 L 1.000 X  45.99667 -130.01584   2.430 X  -9.000   0.300   0.200  -9.000    -18   -9   -9   66  21   -6   39 48   8 26 C  52 71   8  91 1  85 28
             763 2023  4 19  1 46 57.450 L 1.000 X  45.99600 -130.01534   1.910 X  -9.000   0.300   0.200  -9.000    -18   -9   -9  221  80 -119   28 34  12 19 B  77 58  11  92 1  84 37
             764 2023  4 19  1 48 19.610 L 1.000 X  45.99717 -130.01750   2.230 X  -9.000   0.300   0.200  -9.000    -18   -9   -9  227  81 -102   33 35   8 17 B  63 68   8  82 1  87 27
             765 2023  4 19  1 56 53.520 L 1.000 X  45.99650 -130.01633   1.970 X  -9.000   0.300   0.200  -9.000    -18   -9   -9  153  81  178   35 34  10 13 B  62 62   9 109 1  83 34
             766 2023  4 19  2  1 56.800 L 1.000 X  45.99583 -130.01534   1.770 X  -9.000   0.300   0.200  -9.000    -18   -9   -9  231  85 -125   50 51   9 23 D  36 57   8  91 1  84 40
             767 2023  4 19  2  3 20.180 L 1.000 X  45.99717 -130.01700   2.230 X  -9.000   0.300   0.200  -9.000    -18   -9   -9  339  87 -124   45 44   9 32 D  39 61   8 122 1  87 28
             768 2023  4 19  2  4  5.760 L 1.000 X  45.99567 -130.01534   1.910 X  -9.000   0.300   0.200  -9.000    -18   -9   -9   67  23 -173   54 58  11 13 D  25 62   9  93 1  83 38
             769 2023  4 19  2  4 14.730 L 1.000 X  45.99700 -130.01733   2.100 X  -9.000   0.300   0.200  -9.000    -18   -9   -9   83  41 -175   42 48   8 37 C  55 66   8  90 1  86 29
             770 2023  4 19  2  5 25.240 L 1.000 X  45.99583 -130.01567   1.960 X  -9.000   0.300   0.200  -9.000    -18   -9   -9  151  77 -175   23 23  13 29 A  88 56  12  99 1  83 36
             771 2023  4 19  2  5 38.640 L 1.000 X  45.99667 -130.01616   2.110 X  -9.000   0.300   0.200  -9.000    -18   -9   -9   63  43  167   44 46   9 30 D  38 66   8  88 1 169 32
             772 2023  4 19  2  7 42.780 L 1.000 X  45.99767 -130.01633   2.610 X  -9.000   0.300   0.200  -9.000    -18   -9   -9  212  81 -110   11 14   8 29 A 100 64   7 104 1 177 25
             773 2023  4 19  4 33 36.210 L 1.000 X  45.99617 -130.01700   2.270 X  -9.000   0.300   0.200  -9.000    -18   -9   -9   63  89   96   51 56   8 30 D  38 69   6 118 1  99 29
             774 2023  4 19  6 13 17.790 L 1.000 X  45.92417 -129.98233   1.120 X  -9.000   0.300   0.200  -9.000    -18   -9   -9  214  77 -171   46 45   8 41 D  34 51   7 159 1 153 41
             775 2023  4 19 12 29 36.450 L 1.000 X  45.94033 -130.01967   1.230 X  -9.000   0.300   0.200  -9.000    -18   -9   -9  177  51 -128   30 38   9 24 C  60 46   5 110 1  86 41
             776 2023  4 19 12 45 41.520 L 1.000 X  45.96600 -129.99667   1.480 X  -9.000   0.300   0.200  -9.000    -18   -9   -9  184  40 -104   25 24  11 30 A  88 45   9 159 1  68 29
             777 2023  4 19 14 15 23.730 L 1.000 X  45.98033 -129.99800   1.310 X  -9.000   0.300   0.200  -9.000    -18   -9   -9  169  30  -69   44 41   8 23 D  44 54   8 125 1  82 54
             778 2023  4 19 14 23 19.940 L 1.000 X  45.98283 -129.99884   1.930 X  -9.000   0.300   0.200  -9.000    -18   -9   -9   50  12 -132   29 43  11 26 C  57 64   8 120 1  97 37
             779 2023  4 19 14 54 18.800 L 1.000 X  45.98050 -129.99850   1.370 X  -9.000   0.300   0.200  -9.000    -18   -9   -9  156  10  -97   34 42   9 12 C  69 49   7 148 1 116 51
             780 2023  4 19 15  7 47.030 L 1.000 X  45.97917 -129.99850   1.210 X  -9.000   0.300   0.200  -9.000    -18   -9   -9  256  85 -173   45 42   8 20 D  43 49   7 134 1  86 57
             781 2023  4 19 15 12 37.060 L 1.000 X  45.98267 -129.99850   1.960 X  -9.000   0.300   0.200  -9.000    -18   -9   -9  289  88 -126   41 41  11 32 D  41 58   9 136 1 102 37
             782 2023  4 19 15 12 51.640 L 1.000 X  45.98100 -129.99916   1.900 X  -9.000   0.300   0.200  -9.000    -18   -9   -9  310  74 -100   41 41   9 37 D  47 58   8 123 1  99 37
             783 2023  4 19 15 14 18.940 L 1.000 X  45.98017 -129.99899   1.660 X  -9.000   0.300   0.200  -9.000    -18   -9   -9  253  59 -143   40 43  15 41 D  44 43  13 168 1 101 43
             784 2023  4 19 15 33 57.150 L 1.000 X  45.98200 -129.99867   2.070 X  -9.000   0.300   0.200  -9.000    -18   -9   -9  103  19  157   50 59  10 38 D  38 65   6 121 1  97 35
             785 2023  4 19 18  7  2.080 L 1.000 X  45.95450 -129.98750   1.950 X  -9.000   0.300   0.200  -9.000    -18   -9   -9   16  75 -148   20 19  20 12 A  93 57  19 115 1  58 26
             786 2023  4 19 18 14 53.080 L 1.000 X  45.95483 -129.98683   2.040 X  -9.000   0.300   0.200  -9.000    -18   -9   -9   53  81  -89   33 34  10 36 B  71 68   8  93 1  70 25
             787 2023  4 19 18 15  1.240 L 1.000 X  45.95500 -129.98700   1.910 X  -9.000   0.300   0.200  -9.000    -18   -9   -9  275  28  -30   29 30   9 30 B  80 67   7  95 1 106 27
             788 2023  4 19 18 15 30.040 L 1.000 X  45.95467 -129.98717   1.950 X  -9.000   0.300   0.200  -9.000    -18   -9   -9  320   4 -179   44 43   8 40 C  61 74   7 100 1  69 26
             789 2023  4 19 18 16 35.880 L 1.000 X  45.95450 -129.98717   2.030 X  -9.000   0.300   0.200  -9.000    -18   -9   -9  191  19  -77   42 41   8 27 D  43 64   5 112 1 100 24
             790 2023  4 19 18 21 46.760 L 1.000 X  45.95433 -129.98700   2.030 X  -9.000   0.300   0.200  -9.000    -18   -9   -9   15  90 -152   20 19  14 22 A  92 61  12 119 1  59 24
             791 2023  4 19 18 25 29.300 L 1.000 X  45.95433 -129.98717   2.020 X  -9.000   0.300   0.200  -9.000    -18   -9   -9   46  65 -110   20 18  18 36 A  96 57  18 125 1  59 24
             792 2023  4 19 18 26 40.560 L 1.000 X  45.95417 -129.98700   2.030 X  -9.000   0.300   0.200  -9.000    -18   -9   -9  360  83 -141   19 27  13 33 A  85 62  10 114 1  67 23
             793 2023  4 19 18 27 22.920 L 1.000 X  45.95433 -129.98717   1.960 X  -9.000   0.300   0.200  -9.000    -18   -9   -9   18  78 -149   29 25  17 20 B  75 57  14 101 1  59 25
             794 2023  4 19 18 37 37.400 L 1.000 X  45.95450 -129.98700   2.030 X  -9.000   0.300   0.200  -9.000    -18   -9   -9   49  73 -110   38 39  14 45 C  54 61  11 107 1  68 24
             795 2023  4 19 18 42  4.000 L 1.000 X  45.95417 -129.98683   1.950 X  -9.000   0.300   0.200  -9.000    -18   -9   -9   12  75  -86   29 26  12 33 B  80 59  10 128 1  67 24
             796 2023  4 19 18 43 24.780 L 1.000 X  45.95433 -129.98717   2.020 X  -9.000   0.300   0.200  -9.000    -18   -9   -9   38  75 -147   22 20  16 10 A  96 61  15 117 1  59 24
             797 2023  4 19 18 47 13.200 L 1.000 X  45.94400 -129.98567   1.770 X  -9.000   0.300   0.200  -9.000    -18   -9   -9    4  59 -169   38 38  14 33 D  50 53  13 152 1  60 27
             798 2023  4 19 18 47 51.240 L 1.000 X  45.94417 -129.98567   1.750 X  -9.000   0.300   0.200  -9.000    -18   -9   -9    1  84 -174   20 21  14 16 A  93 48  14 162 1  59 27
             799 2023  4 19 18 53 30.320 L 1.000 X  45.94333 -129.98567   1.640 X  -9.000   0.300   0.200  -9.000    -18   -9   -9  174  85 -167   32 39  11 45 C  70 49  10 172 1 107 31
             800 2023  4 19 19  1 28.580 L 1.000 X  45.95450 -129.98734   1.980 X  -9.000   0.300   0.200  -9.000    -18   -9   -9   32  62 -131   19 16  19 19 A  98 57  19 122 1  59 25
             801 2023  4 19 19  2 37.960 L 1.000 X  45.95483 -129.98700   1.800 X  -9.000   0.300   0.200  -9.000    -18   -9   -9    7  75 -146   51 64  10 32 D  32 70   8  87 1  70 28
             802 2023  4 19 19 12 24.080 L 1.000 X  45.95483 -129.98633   1.780 X  -9.000   0.300   0.200  -9.000    -18   -9   -9   49  87 -101   39 44   8 22 D  48 67   5  98 1  98 27
             803 2023  4 19 19 19 30.360 L 1.000 X  45.95483 -129.98767   1.860 X  -9.000   0.300   0.200  -9.000    -18   -9   -9  119  46 -142   24 21  15 25 A  90 58  15 125 1  59 28
             804 2023  4 19 19 43 29.280 L 1.000 X  45.95483 -129.98683   1.890 X  -9.000   0.300   0.200  -9.000    -18   -9   -9  313   8   -9   42 36   8 15 C  51 73   5  97 1  70 27
             805 2023  4 19 19 53 36.600 L 1.000 X  45.94533 -129.98816   3.650 X  -9.000   0.300   0.200  -9.000    -18   -9   -9  267  74  104   41 40   8 15 D  49 77   6  86 1 140 29
             806 2023  4 19 20 20 44.800 L 1.000 X  45.94200 -130.01833   1.080 X  -9.000   0.300   0.200  -9.000    -18   -9   -9   51  45  -65   51 73   8 10 D  50 50   6 119 1 101 53
             807 2023  4 19 21 35 46.780 L 1.000 X  45.95500 -129.98750   1.930 X  -9.000   0.300   0.200  -9.000    -18   -9   -9   46  85 -100   35 46   8 35 C  53 65   6 117 1  99 27
             808 2023  4 19 21 36 47.120 L 1.000 X  45.95533 -129.98700   1.750 X  -9.000   0.300   0.200  -9.000    -18   -9   -9  107  62 -149   47 41   9 22 D  35 65   7 101 1  72 30
             809 2023  4 19 22 19 11.920 L 1.000 X  45.95400 -129.98633   1.950 X  -9.000   0.300   0.200  -9.000    -18   -9   -9   46  80  -91   41 46   8 45 C  51 66   6 114 1 127 26
             810 2023  4 20  1 23 22.020 L 1.000 X  45.92467 -129.99117   1.060 X  -9.000   0.300   0.200  -9.000    -18   -9   -9  142  63 -127   36 37  10 11 C  59 45   8 153 1  74 56
             811 2023  4 20  9  6 34.320 L 1.000 X  45.96867 -129.99716   1.720 X  -9.000   0.300   0.200  -9.000    -18   -9   -9  114  72  170   39 47   9 34 D  50 52   7 143 1 106 28
             812 2023  4 20 14 11 54.080 L 1.000 X  45.96800 -129.99533   1.750 X  -9.000   0.300   0.200  -9.000    -18   -9   -9  114  78  166   23 31  10 23 B  86 52   7 126 1 148 29
             813 2023  4 20 14 15 19.710 L 1.000 X  45.96833 -129.99567   1.700 X  -9.000   0.300   0.200  -9.000    -18   -9   -9  113  79  165   30 34   8 18 B  69 54   5 139 1 152 30
             814 2023  4 20 14 44  9.280 L 1.000 X  45.97400 -129.99583   1.490 X  -9.000   0.300   0.200  -9.000    -18   -9   -9   89  56  163   43 33   8 19 D  48 48   5 124 1 143 49
             815 2023  4 20 16 39 41.710 L 1.000 X  45.94083 -130.01933   1.330 X  -9.000   0.300   0.200  -9.000    -18   -9   -9   25  85  164   20 23  14 34 A  93 42  13 146 1  49 40
             816 2023  4 20 20 56 49.580 L 1.000 X  45.92484 -129.99117   0.920 X  -9.000   0.300   0.200  -9.000    -18   -9   -9  158  59 -108   30 27  13 10 B  79 51  10 149 1 101 61
             817 2023  4 21 17 19 32.160 L 1.000 X  45.95050 -130.02533   1.600 X  -9.000   0.300   0.200  -9.000    -18   -9   -9  154  69  117   62 68   8 35 D  14 42   6 103 1  84 40
             818 2023  4 21 17 37 17.160 L 1.000 X  45.97867 -129.99667   1.190 X  -9.000   0.300   0.200  -9.000    -18   -9   -9  326  85 -170   37 35  10 24 D  50 51   7 163 1 119 62
             819 2023  4 21 21 49 24.940 L 1.000 X  45.93667 -130.01866   1.300 X  -9.000   0.300   0.200  -9.000    -18   -9   -9  218  59 -130   51 48  17 42 D  43 40  15 134 1  68 37
             820 2023  4 21 22 11 34.120 L 1.000 X  45.93683 -130.01817   1.240 X  -9.000   0.300   0.200  -9.000    -18   -9   -9  112  45  -93   34 39   9 11 C  57 44   4 122 1  83 38
             821 2023  4 22  0  4 38.580 L 1.000 X  45.93833 -130.01883   1.360 X  -9.000   0.300   0.200  -9.000    -18   -9   -9  304  46  -82   35 31  14 22 B  69 42  13 155 1 103 32
             822 2023  4 22  0  5 17.460 L 1.000 X  45.93817 -130.01917   1.280 X  -9.000   0.300   0.200  -9.000    -18   -9   -9   67  43  -68   22 26  10 18 A  85 45   7 138 1  70 33
             823 2023  4 22  1  5  1.100 L 1.000 X  46.00000 -130.02667   1.370 X  -9.000   0.300   0.200  -9.000    -18   -9   -9    3  87  168   29 29   8  9 B  80 46   7 146 1  80 71
             824 2023  4 22  8 26 14.500 L 1.000 X  45.95383 -130.03783   1.640 X  -9.000   0.300   0.200  -9.000    -18   -9   -9   21  42  -88   49 57   8 18 D  55 25   5 168 1 123 65
             825 2023  4 22 10 46 51.800 L 1.000 X  45.93783 -130.01950   1.280 X  -9.000   0.300   0.200  -9.000    -18   -9   -9   66  40 -103   36 39  16 11 D  49 42  15 172 1  43 33
             826 2023  4 22 14 36 49.540 L 1.000 X  45.95100 -129.98616   1.980 X  -9.000   0.300   0.200  -9.000    -18   -9   -9  186  21 -133   54 59  10 52 D  33 69   8 100 1  57 28
             827 2023  4 22 15  3 39.460 L 1.000 X  45.95367 -129.98734   2.030 X  -9.000   0.300   0.200  -9.000    -18   -9   -9  142  31 -124   51 46  11 34 D  39 67   8  92 1  66 23
             828 2023  4 22 15 19 26.500 L 1.000 X  45.95400 -129.98717   1.800 X  -9.000   0.300   0.200  -9.000    -18   -9   -9   49  84  -91   36 47   9 42 D  48 67   8 109 1  70 26
             829 2023  4 22 15 21 32.700 L 1.000 X  45.95333 -129.98750   1.880 X  -9.000   0.300   0.200  -9.000    -18   -9   -9    3  85 -154   21 20  10 26 A  92 70   9 102 1  65 24
             830 2023  4 22 16 28 27.010 L 1.000 X  45.98233 -129.99884   1.800 X  -9.000   0.300   0.200  -9.000    -18   -9   -9  301  78  -97   35 25  10 17 B  67 59   7  80 1 108 39
             831 2023  4 22 18 50  0.760 L 1.000 X  45.96383 -129.99300   1.870 X  -9.000   0.300   0.200  -9.000    -18   -9   -9  125  72  168   28 28  11 39 B  79 55   9 135 1  78 29
             832 2023  4 22 19 10 43.760 L 1.000 X  45.93616 -130.01866   1.310 X  -9.000   0.300   0.200  -9.000    -18   -9   -9   29  44  -77   50 58   9 23 D  21 37   7 135 1 116 39
             833 2023  4 22 21 39 48.340 L 1.000 X  45.92550 -129.98933   1.120 X  -9.000   0.300   0.200  -9.000    -18   -9   -9  347  88  168   32 31  14 41 B  72 47  12 153 1  55 47
             834 2023  4 23  4 26 37.400 L 1.000 X  45.93667 -130.01767   1.230 X  -9.000   0.300   0.200  -9.000    -18   -9   -9  192  51 -113   27 23  10 12 B  85 41   7 131 1  84 39
             835 2023  4 23  4 42 13.780 L 1.000 X  45.93817 -130.01883   1.220 X  -9.000   0.300   0.200  -9.000    -18   -9   -9  325  63 -174   42 36   9 30 C  56 43   7 153 1  81 33
             836 2023  4 23 14  6 17.430 L 1.000 X  45.93917 -130.01950   1.160 X  -9.000   0.300   0.200  -9.000    -18   -9   -9  217  53  -99   31 33   9 12 B  76 45   7 151 1  86 39
             837 2023  4 23 17 40 31.000 L 1.000 X  45.95917 -129.99367   1.660 X  -9.000   0.300   0.200  -9.000    -18   -9   -9  330  78 -162   46 42   8 19 D  38 55   6 119 1 102 37
             838 2023  4 23 18 31 24.280 L 1.000 X  45.99500 -130.01250   2.230 X  -9.000   0.300   0.200  -9.000    -18   -9   -9  342  86  -62   28 41   8 17 C  59 68   8  98 1  87 36
             839 2023  4 23 19 10 31.540 L 1.000 X  45.96717 -129.99567   1.470 X  -9.000   0.300   0.200  -9.000    -18   -9   -9   98  55  178   43 38   9 22 D  38 44   6 159 1  89 32
             840 2023  4 23 19 21  5.600 L 1.000 X  45.99467 -130.01151   1.750 X  -9.000   0.300   0.200  -9.000    -18   -9   -9   59  71  171   41 47   8 34 C  50 61   7  84 1  87 44
             841 2023  4 23 20  5 13.920 L 1.000 X  45.96617 -129.99567   1.510 X  -9.000   0.300   0.200  -9.000    -18   -9   -9   36  46 -107   30 30  13 18 B  62 48  12 151 1  67 30
             842 2023  4 23 20 15 13.880 L 1.000 X  45.99467 -130.01167   2.230 X  -9.000   0.300   0.200  -9.000    -18   -9   -9  151  86 -176   35 38   9 47 C  56 64   8  97 1  87 35
             843 2023  4 23 20 17 17.760 L 1.000 X  45.93850 -130.01883   1.150 X  -9.000   0.300   0.200  -9.000    -18   -9   -9  317  53  125   19 17  12 29 A  98 39  10 194 1  86 35
             844 2023  4 23 20 28 33.440 L 1.000 X  45.99450 -130.01199   2.280 X  -9.000   0.300   0.200  -9.000    -18   -9   -9  228  89 -102   40 45   8 29 C  54 66   7  98 1  86 34
             845 2023  4 23 21 20 25.640 L 1.000 X  45.92283 -129.98683   1.050 X  -9.000   0.300   0.200  -9.000    -18   -9   -9  354  66 -128   47 57   8 32 D  38 46   6 157 1 145 44
             846 2023  4 23 23 35  3.680 L 1.000 X  45.99517 -130.01167   2.080 X  -9.000   0.300   0.200  -9.000    -18   -9   -9  150  84 -176   41 42   9 13 D  38 66   8  76 1  89 39
             847 2023  4 24  0 47 15.270 L 1.000 X  45.99417 -130.01199   2.370 X  -9.000   0.300   0.200  -9.000    -18   -9   -9  222  62 -138   41 45   8 42 C  55 71   8  78 1 119 32
             848 2023  4 24  0 53 12.880 L 1.000 X  45.99450 -130.00983   2.130 X  -9.000   0.300   0.200  -9.000    -18   -9   -9  218   3   17   46 53   9 40 D  31 68   8  69 1  90 37
             849 2023  4 24  2  0 22.220 L 1.000 X  45.94117 -130.01801   1.170 X  -9.000   0.300   0.200  -9.000    -18   -9   -9  251  90  163   29 28   8 15 B  78 56   7 114 1 115 44
             850 2023  4 24  2 13 28.750 L 1.000 X  45.93817 -130.01950   1.150 X  -9.000   0.300   0.200  -9.000    -18   -9   -9  171  61  -78   38 53  11 33 D  49 37   9 180 1  84 35
             851 2023  4 24  3 14 12.850 L 1.000 X  45.99333 -130.01016   1.790 X  -9.000   0.300   0.200  -9.000    -18   -9   -9  138  89 -175   22 23  15 34 A  88 48  14 123 1  84 40
             852 2023  4 24  4 59 35.730 L 1.000 X  45.99467 -130.00999   2.140 X  -9.000   0.300   0.200  -9.000    -18   -9   -9   24  88  135   35 27   8 12 B  74 70   8  84 1  90 37
             853 2023  4 24  5 41 19.720 L 1.000 X  45.99450 -130.00983   1.930 X  -9.000   0.300   0.200  -9.000    -18   -9   -9   59  62 -160   34 36  14 23 C  63 56  14 107 1  90 40
             854 2023  4 24  6 15 32.660 L 1.000 X  45.94017 -130.01900   1.200 X  -9.000   0.300   0.200  -9.000    -18   -9   -9  215  50 -153   37 27  15 28 C  58 42  14 155 1  51 68
             855 2023  4 24  9 11 10.170 L 1.000 X  45.93600 -129.97983   1.530 X  -9.000   0.300   0.200  -9.000    -18   -9   -9  149  32 -111   38 33   8  0 C  58 56   6 154 1  87 21
             856 2023  4 24  9 22 24.100 L 1.000 X  45.93567 -129.97983   1.570 X  -9.000   0.300   0.200  -9.000    -18   -9   -9  336  60 -101   38 42   8 27 C  62 60   6 133 1 106 21
             857 2023  4 24 14 34 22.920 L 1.000 X  45.93567 -130.01849   1.360 X  -9.000   0.300   0.200  -9.000    -18   -9   -9  294  49  -49   40 39  10 15 D  50 40  10 142 1 127 39
             858 2023  4 24 16 18 11.780 L 1.000 X  45.92683 -129.98717   1.310 X  -9.000   0.300   0.200  -9.000    -18   -9   -9  260  41 -137   21 26  13 28 A  88 50  10 143 1  64 34
             859 2023  4 24 17 30 38.720 L 1.000 X  45.96667 -129.99617   1.410 X  -9.000   0.300   0.200  -9.000    -18   -9   -9  119  68  159   29 25   9 16 B  80 38   8 188 1  90 41
             860 2023  4 24 19 49 44.800 L 1.000 X  45.93850 -130.01950   1.330 X  -9.000   0.300   0.200  -9.000    -18   -9   -9  218  59 -153   18 28  11 35 A  82 40  11 166 1 101 32
             861 2023  4 25  4 12 37.340 L 1.000 X  45.93884 -130.01833   1.450 X  -9.000   0.300   0.200  -9.000    -18   -9   -9  236  46 -103   12 13  19 12 A 100 44  19 127 1  60 29
             862 2023  4 26  3 30 56.250 L 1.000 X  45.93667 -130.01866   1.260 X  -9.000   0.300   0.200  -9.000    -18   -9   -9  186  39  129   34 35  17 15 B  71 40  17 158 1  57 38
             863 2023  4 26  7 33 52.860 L 1.000 X  45.92233 -129.98750   0.930 X  -9.000   0.300   0.200  -9.000    -18   -9   -9  179  88  163   33 33  11 23 B  79 48  10 146 1 132 52
             864 2023  4 26 22 30 44.300 L 1.000 X  45.93833 -130.01984   1.360 X  -9.000   0.300   0.200  -9.000    -18   -9   -9  116  87 -170   28 29  10 13 B  78 46  10 131 1  90 31
             865 2023  4 27  0 36 22.310 L 1.000 X  45.92467 -129.99066   1.100 X  -9.000   0.300   0.200  -9.000    -18   -9   -9  267  53 -143   23 20  12 16 A  92 51  10 158 1  70 52
             866 2023  4 27  1 11 39.270 L 1.000 X  45.93667 -130.01801   1.290 X  -9.000   0.300   0.200  -9.000    -18   -9   -9  315  72 -168   38 37   8 52 D  49 33   7 158 1 174 38
             867 2023  4 27 12 37 22.470 L 1.000 X  45.93917 -130.01833   1.380 X  -9.000   0.300   0.200  -9.000    -18   -9   -9  173  65 -120   17 20  18 19 A  97 45  18 137 1  67 31
             868 2023  4 27 15 11 52.320 L 1.000 X  45.99983 -130.02750   1.210 X  -9.000   0.300   0.200  -9.000    -18   -9   -9   81  57  131   47 41   8 23 D  44 49   8 140 1 126 60
             869 2023  4 27 21 35 53.180 L 1.000 X  45.97700 -129.99750   1.320 X  -9.000   0.300   0.200  -9.000    -18   -9   -9  148  50  -98   42 45   8 44 D  41 50   7 118 1  99 58
             870 2023  4 27 23 47 18.380 L 1.000 X  45.94667 -130.02750   2.290 X  -9.000   0.300   0.200  -9.000    -18   -9   -9  262  55 -127   48 46   8  0 D  49 68   8 101 1 142 56
             871 2023  4 27 23 47 24.920 L 1.000 X  45.94717 -130.02634   1.850 X  -9.000   0.300   0.200  -9.000    -18   -9   -9  254  40 -118   27 23   8  2 B  84 53   7 138 1 113 63
             872 2023  4 27 23 50  8.520 L 1.000 X  45.94717 -130.02850   1.790 X  -9.000   0.300   0.200  -9.000    -18   -9   -9  270  40 -103   20 21   8 23 A  94 49   8 138 1 110 65
             873 2023  4 27 23 51 14.900 L 1.000 X  45.94683 -130.02634   1.690 X  -9.000   0.300   0.200  -9.000    -18   -9   -9  280  39  -92   29 29   8  7 B  76 45   7 146 1 123 68
             874 2023  4 27 23 55 47.200 L 1.000 X  45.94683 -130.02516   1.790 X  -9.000   0.300   0.200  -9.000    -18   -9   -9  273  72 -146   27 25  10 24 B  83 47  10 131 1 115 65
             875 2023  4 28 17  8 55.700 L 1.000 X  45.95583 -129.98717   1.940 X  -9.000   0.300   0.200  -9.000    -18   -9   -9  133  42 -171   26 22  10 27 A  87 65  10 120 1  74 29
             876 2023  4 28 21 33  0.960 L 1.000 X  45.93917 -130.01833   1.350 X  -9.000   0.300   0.200  -9.000    -18   -9   -9  224  47  -99   17 17  18 17 A  95 43  18 138 1  59 32
             877 2023  4 28 22 58 23.140 L 1.000 X  45.96250 -129.99100   1.690 X  -9.000   0.300   0.200  -9.000    -18   -9   -9  131  68  176   39 44   8 20 D  40 55   6 107 1 113 38
             878 2023  4 28 22 59  6.360 L 1.000 X  45.96283 -129.99117   1.820 X  -9.000   0.300   0.200  -9.000    -18   -9   -9  121  74  176   46 50   8 33 D  35 59   6 135 1  84 35
             879 2023  4 28 23  7 50.440 L 1.000 X  45.95517 -129.98750   2.000 X  -9.000   0.300   0.200  -9.000    -18   -9   -9  146  14  178   48 41  15 40 C  58 61  14 110 1  59 27
             880 2023  4 28 23 48 56.460 L 1.000 X  45.96283 -129.99167   1.960 X  -9.000   0.300   0.200  -9.000    -18   -9   -9  126  69  173   24 23  10 26 A  91 61   9 138 1  74 31
             881 2023  4 29  0 33 21.150 L 1.000 X  45.96700 -129.99617   1.790 X  -9.000   0.300   0.200  -9.000    -18   -9   -9  211  45 -112   34 37  13 40 C  64 54  13 149 1  57 25
             882 2023  4 29  0 33 49.990 L 1.000 X  45.95900 -129.99333   1.720 X  -9.000   0.300   0.200  -9.000    -18   -9   -9  226  85 -111   44 54   8 49 D  38 63   6 105 1  92 36
             883 2023  4 29  0 36 23.970 L 1.000 X  45.96767 -129.99617   1.600 X  -9.000   0.300   0.200  -9.000    -18   -9   -9   96  53  176   44 38   9 10 D  37 54   8 142 1  91 29
             884 2023  4 29  0 57 24.160 L 1.000 X  45.93550 -130.01833   1.280 X  -9.000   0.300   0.200  -9.000    -18   -9   -9  148  74 -145   35 36   8 36 C  61 40   7 124 1 123 41
             885 2023  4 29  1 52 39.760 L 1.000 X  45.96684 -129.99434   1.550 X  -9.000   0.300   0.200  -9.000    -18   -9   -9  336  62 -100   43 45   8 47 D  36 47   5 151 1  71 33
             886 2023  4 29  8 59 23.340 L 1.000 X  45.95933 -129.99333   1.670 X  -9.000   0.300   0.200  -9.000    -18   -9   -9  332  76 -163   42 45   8  7 D  43 55   6 116 1 101 37
             887 2023  4 29 13 43 56.560 L 1.000 X  45.93967 -130.01933   1.150 X  -9.000   0.300   0.200  -9.000    -18   -9   -9  213  89 -148   21 19  15 14 A  92 46  14 132 1  87 41
             888 2023  4 29 21 30 41.700 L 1.000 X  45.95400 -130.02567   1.640 X  -9.000   0.300   0.200  -9.000    -18   -9   -9  335  87  156   30 37   8 22 B  67 49   7 123 1 147 42
             889 2023  4 29 21 30 47.600 L 1.000 X  45.95433 -130.02617   1.860 X  -9.000   0.300   0.200  -9.000    -18   -9   -9  351  89  172   40 29  11 12 C  60 59   8  87 1  84 37
             890 2023  4 29 21 32  4.480 L 1.000 X  45.95433 -130.02634   1.750 X  -9.000   0.300   0.200  -9.000    -18   -9   -9  156  81 -149   30 40   9 18 B  62 52   7 102 1  84 39
             891 2023  4 29 21 32 24.040 L 1.000 X  45.95433 -130.02617   1.790 X  -9.000   0.300   0.200  -9.000    -18   -9   -9  149  69  -83   39 38   9 43 D  38 59   7  96 1  84 38
             892 2023  4 29 21 37 49.880 L 1.000 X  45.95367 -130.02583   1.780 X  -9.000   0.300   0.200  -9.000    -18   -9   -9  277  20 -141   37 35  10 31 C  52 52   7 125 1  88 38
             893 2023  4 30 22  6 10.600 L 1.000 X  45.92500 -129.98050   1.240 X  -9.000   0.300   0.200  -9.000    -18   -9   -9  338  52  -93   34 32   8  0 B  64 49   7 159 1  92 43
             894 2023  4 30 22 58  7.060 L 1.000 X  45.93650 -130.01917   1.460 X  -9.000   0.300   0.200  -9.000    -18   -9   -9  154  52 -107   41 41  15 27 D  36 41  15 136 1  69 35
             895 2023  5  1 21 50  2.900 L 1.000 X  45.93667 -130.01817   1.260 X  -9.000   0.300   0.200  -9.000    -18   -9   -9   56  83 -162   29 30  11 20 B  72 38  10 150 1  78 38
             896 2023  5  2  1 16 45.660 L 1.000 X  45.93667 -130.01801   1.190 X  -9.000   0.300   0.200  -9.000    -18   -9   -9  205  74 -179   32 40   9 33 D  45 34   6 130 1 106 39
             897 2023  5  2 12 41 38.170 L 1.000 X  45.92517 -129.98967   1.070 X  -9.000   0.300   0.200  -9.000    -18   -9   -9  282  44 -142   30 42  13 43 C  63 46  11 157 1  64 50
             898 2023  5  2 18 13 48.080 L 1.000 X  45.93583 -130.01883   1.390 X  -9.000   0.300   0.200  -9.000    -18   -9   -9  177  49 -105   42 42  10 40 D  46 36   7 140 1 103 38
             899 2023  5  2 22 57  5.080 L 1.000 X  45.93983 -130.01900   1.300 X  -9.000   0.300   0.200  -9.000    -18   -9   -9  100  46  -81   15 17  14 33 A 100 46  13 141 1  50 37
             900 2023  5  3  1 35  4.730 L 1.000 X  45.93650 -130.01833   1.270 X  -9.000   0.300   0.200  -9.000    -18   -9   -9   35  50  -81   48 49   8 25 D  31 39   6 150 1 131 38
             901 2023  5  3  2  7 18.720 L 1.000 X  45.93917 -130.01950   1.180 X  -9.000   0.300   0.200  -9.000    -18   -9   -9  304  56 -114   41 41   9 21 D  40 44   6 124 1  86 38
             902 2023  5  3 13 15 27.070 L 1.000 X  45.92250 -129.98917   0.950 X  -9.000   0.300   0.200  -9.000    -18   -9   -9  289  88  174   28 28   8 14 B  78 45   5 134 1 162 57
             903 2023  5  3 13 23 56.620 L 1.000 X  45.93900 -130.01833   1.430 X  -9.000   0.300   0.200  -9.000    -18   -9   -9  235  50 -107   14 16  18 26 A  97 43  18 135 1  67 29
             904 2023  5  3 19 46 24.840 L 1.000 X  45.93700 -129.97583   1.550 X  -9.000   0.300   0.200  -9.000    -18   -9   -9  175  53  -99   39 39   8 21 D  48 59   5 132 1  81 32
             905 2023  5  4  3 39 53.180 L 1.000 X  45.97550 -129.99617   1.320 X  -9.000   0.300   0.200  -9.000    -18   -9   -9  287  72 -157   35 44   9 16 C  50 42   7 126 1 143 57
             906 2023  5  4  4 54 23.820 L 1.000 X  45.93917 -130.01817   1.180 X  -9.000   0.300   0.200  -9.000    -18   -9   -9   71  49  -71   34 33   9  1 B  67 47   9 126 1  77 35
             907 2023  5  7 15 30 59.370 L 1.000 X  45.96650 -129.99651   1.410 X  -9.000   0.300   0.200  -9.000    -18   -9   -9  123  69 -158   26 32  10 43 B  76 38   8 160 1 142 30
             908 2023  5  8 20 55 43.080 L 1.000 X  45.94083 -129.98717   1.560 X  -9.000   0.300   0.200  -9.000    -18   -9   -9  218  16  126   53 64   9 42 D  14 62   6 116 1  95 34
             909 2023  5  8 20 57 31.520 L 1.000 X  45.94100 -129.98700   1.620 X  -9.000   0.300   0.200  -9.000    -18   -9   -9   89  78 -175   19 18  13 22 A  97 49  13 159 1  66 33
             910 2023  5  8 23 49 43.140 L 1.000 X  46.00350 -130.02901   1.440 X  -9.000   0.300   0.200  -9.000    -18   -9   -9  354  76  165   37 34  10 24 C  72 46   8 159 1  87 56
             911 2023  5  9 10 23 23.170 L 1.000 X  45.92450 -129.98100   1.280 X  -9.000   0.300   0.200  -9.000    -18   -9   -9  262  45 -108   38 38   8 13 C  51 56   7 140 1  99 41
             912 2023  5  9 14 59 52.040 L 1.000 X  45.95900 -129.98849   2.080 X  -9.000   0.300   0.200  -9.000    -18   -9   -9   43  85  -90   37 38  10 30 C  64 63   8 122 1  90 36
             913 2023  5  9 21 35  9.340 L 1.000 X  46.00233 -130.02884   1.520 X  -9.000   0.300   0.200  -9.000    -18   -9   -9  346  65  154   39 36   9 35 C  62 46   7 157 1  83 59
             914 2023  5 10  0 16 29.330 L 1.000 X  45.96483 -129.99400   1.830 X  -9.000   0.300   0.200  -9.000    -18   -9   -9  198   5  -87   50 41   8 35 D  34 57   6 132 1  87 28
             915 2023  5 10  5 19 58.540 L 1.000 X  45.93783 -130.01933   1.120 X  -9.000   0.300   0.200  -9.000    -18   -9   -9  226  75 -142   26 33   9 11 B  72 40   7 155 1 109 35
             916 2023  5 11 22 15  5.580 L 1.000 X  45.92467 -129.99117   0.980 X  -9.000   0.300   0.200  -9.000    -18   -9   -9  234  38 -124   28 32  15 22 B  77 53  13 155 1  80 59
             917 2023  5 11 22 16 20.160 L 1.000 X  45.92467 -129.99083   1.010 X  -9.000   0.300   0.200  -9.000    -18   -9   -9  285  42  -77   20 38  14 11 B  73 51  11 158 1 102 57
             918 2023  5 12  5 30 22.470 L 1.000 X  46.00083 -130.02817   1.430 X  -9.000   0.300   0.200  -9.000    -18   -9   -9  359  73  160   23 27  10 21 B  85 43   8 165 1  77 64
             919 2023  5 12 12  5 30.360 L 1.000 X  45.92617 -129.98450   1.260 X  -9.000   0.300   0.200  -9.000    -18   -9   -9  199  51 -162   36 34  14 13 C  58 49  13 143 1  64 27
             920 2023  5 12 14  1 57.050 L 1.000 X  45.93733 -130.01900   1.240 X  -9.000   0.300   0.200  -9.000    -18   -9   -9   11  47  -70   39 37   8  0 C  51 39   5 145 1 129 36
             921 2023  5 12 20 26 14.160 L 1.000 X  45.93767 -130.01883   1.220 X  -9.000   0.300   0.200  -9.000    -18   -9   -9  139  63 -157   43 35  10 12 D  45 41   6 137 1 104 35
             922 2023  5 12 20 42 51.440 L 1.000 X  45.92567 -129.98650   1.080 X  -9.000   0.300   0.200  -9.000    -18   -9   -9    3  84 -167   31 30   8 15 B  73 49   5 144 1 159 64
             923 2023  5 12 22 12  4.400 L 1.000 X  45.92500 -129.98466   1.230 X  -9.000   0.300   0.200  -9.000    -18   -9   -9  341  72 -153   37 41  10 49 C  66 48   8 153 1  62 30
             924 2023  5 13  0 21 48.890 L 1.000 X  45.93717 -130.01817   1.360 X  -9.000   0.300   0.200  -9.000    -18   -9   -9   67  61 -125   34 40   8  4 C  55 39   5 155 1 208 35
             925 2023  5 13  0 22 11.160 L 1.000 X  45.93700 -130.01849   1.380 X  -9.000   0.300   0.200  -9.000    -18   -9   -9  200  47  -93   28 25  13  7 B  81 40   9 141 1  67 35
             926 2023  5 13 20 50 27.480 L 1.000 X  45.94100 -130.01984   1.360 X  -9.000   0.300   0.200  -9.000    -18   -9   -9  110  79 -168   27 30  12 33 B  84 42  10 135 1  65 41
             927 2023  5 14  9 15 43.830 L 1.000 X  45.93850 -130.01833   1.220 X  -9.000   0.300   0.200  -9.000    -18   -9   -9  152  59 -138   26 32  10 30 B  74 40   7 177 1  81 32
             928 2023  5 14 16  8 59.050 L 1.000 X  45.98800 -130.03934   1.500 X  -9.000   0.300   0.200  -9.000    -18   -9   -9  245  59 -143   26 22  12 18 A  88 37  11 186 1  77 29
             929 2023  5 14 16 11  7.260 L 1.000 X  45.98783 -130.03934   1.350 X  -9.000   0.300   0.200  -9.000    -18   -9   -9  202  69 -125   31 34   8  9 B  68 44   7 160 1  76 33
             930 2023  5 14 21 33 54.940 L 1.000 X  45.92133 -129.98734   0.950 X  -9.000   0.300   0.200  -9.000    -18   -9   -9  262  74  160   26 23  12 36 A  88 48   9 133 1 118 54
             931 2023  5 15  9 16  7.830 L 1.000 X  45.99050 -130.00250   1.160 X  -9.000   0.300   0.200  -9.000    -18   -9   -9  245  36 -128   36 40  10 10 C  58 55   8 180 1 105 42
             932 2023  5 15 16 51  7.570 L 1.000 X  46.00350 -130.02716   1.560 X  -9.000   0.300   0.200  -9.000    -18   -9   -9   83  68  173   41 48   8 39 D  43 50   6 134 1  85 54
             933 2023  5 15 16 55 35.680 L 1.000 X  46.00300 -130.02667   1.500 X  -9.000   0.300   0.200  -9.000    -18   -9   -9  261  49 -117   42 36   9 30 C  55 50   8 130 1 119 56
             934 2023  5 16 12 13  7.760 L 1.000 X  45.96583 -129.99600   1.150 X  -9.000   0.300   0.200  -9.000    -18   -9   -9  221  45  -50   58 60   8  7 D  34 34   7 166 1 108 37
             935 2023  5 16 14 47 46.020 L 1.000 X  45.93700 -130.01883   1.320 X  -9.000   0.300   0.200  -9.000    -18   -9   -9  130  64 -151   40 42   9  3 D  44 39   6 122 1 109 36
             936 2023  5 17 12 40 36.190 L 1.000 X  45.94883 -129.98633   1.840 X  -9.000   0.300   0.200  -9.000    -18   -9   -9  350  86 -172   13 18  16  9 A  99 52  16 138 1  54 26
             937 2023  5 17 12 48 13.650 L 1.000 X  45.94867 -129.98717   1.740 X  -9.000   0.300   0.200  -9.000    -18   -9   -9   21  61  -70   28 32  14 31 B  79 54  13 145 1  54 25
             938 2023  5 17 12 53 21.100 L 1.000 X  45.94883 -129.98650   1.760 X  -9.000   0.300   0.200  -9.000    -18   -9   -9  132  48 -137   43 46  10 32 D  45 56   9 128 1  70 46
             939 2023  5 17 13  6 23.570 L 1.000 X  45.96250 -129.99150   1.550 X  -9.000   0.300   0.200  -9.000    -18   -9   -9  123  75 -163   40 39   8 16 D  47 47   6 147 1 114 40
             940 2023  5 17 23 48 41.020 L 1.000 X  45.92667 -129.98801   1.220 X  -9.000   0.300   0.200  -9.000    -18   -9   -9  232  40 -112   31 30  14 14 B  68 46  13 170 1  75 39
             941 2023  5 18 13 22 55.810 L 1.000 X  45.96667 -129.99533   1.490 X  -9.000   0.300   0.200  -9.000    -18   -9   -9  298  90 -171   43 38  10 25 D  42 51   9 144 1  68 32
             942 2023  5 18 13 35 43.760 L 1.000 X  45.96833 -129.99533   1.850 X  -9.000   0.300   0.200  -9.000    -18   -9   -9    5  62 -128   39 37  11 37 C  55 54   9 143 1  62 28
             943 2023  5 18 13 45 24.660 L 1.000 X  45.96783 -129.99550   1.840 X  -9.000   0.300   0.200  -9.000    -18   -9   -9   37  64 -173   36 39  13 12 C  53 56  13 129 1  84 27
             944 2023  5 18 13 45 45.820 L 1.000 X  45.96817 -129.99533   1.870 X  -9.000   0.300   0.200  -9.000    -18   -9   -9   47  61 -167   17 15  15 12 A  99 55  15 125 1  84 28
             945 2023  5 18 13 47  0.990 L 1.000 X  45.96783 -129.99567   1.870 X  -9.000   0.300   0.200  -9.000    -18   -9   -9  159  54 -151   33 39   8 15 C  53 56   7 132 1 102 27
             946 2023  5 18 13 50 51.170 L 1.000 X  45.96833 -129.99550   1.850 X  -9.000   0.300   0.200  -9.000    -18   -9   -9  345  82 -137   37 41  12 20 D  48 56  11 121 1  99 28
             947 2023  5 18 13 51  0.850 L 1.000 X  45.96817 -129.99550   1.830 X  -9.000   0.300   0.200  -9.000    -18   -9   -9   70  23  145   32 39  12 26 C  67 60  12 111 1  58 28
             948 2023  5 18 13 51 33.500 L 1.000 X  45.96867 -129.99550   1.880 X  -9.000   0.300   0.200  -9.000    -18   -9   -9   18  68 -120   44 37  11 46 C  55 62   8 118 1  60 28
             949 2023  5 18 13 57 49.770 L 1.000 X  45.96867 -129.99567   1.900 X  -9.000   0.300   0.200  -9.000    -18   -9   -9  155  74   96   47 44   9 36 D  32 53   7 173 1  80 28
             950 2023  5 18 14  0  2.040 L 1.000 X  45.96850 -129.99533   1.910 X  -9.000   0.300   0.200  -9.000    -18   -9   -9   49  36 -169   28 25  17 15 B  89 57  17 121 1  45 28
             951 2023  5 18 14  0 23.000 L 1.000 X  45.96883 -129.99533   1.850 X  -9.000   0.300   0.200  -9.000    -18   -9   -9  242  44  -75   29 28  14 33 B  71 57  14 128 1 100 29
             952 2023  5 18 14  0 30.720 L 1.000 X  45.96850 -129.99500   1.570 X  -9.000   0.300   0.200  -9.000    -18   -9   -9  131  88  153   40 36   8 26 C  55 61   8 119 1 101 34
             953 2023  5 18 14  0 39.270 L 1.000 X  45.96917 -129.99500   1.580 X  -9.000   0.300   0.200  -9.000    -18   -9   -9  144  89  130   50 43   8 16 D  45 58   7 137 1  62 36
             954 2023  5 18 14  1  7.220 L 1.000 X  45.96983 -129.99483   1.600 X  -9.000   0.300   0.200  -9.000    -18   -9   -9  129  83  163   31 40   9 16 C  56 53   8 126 1  83 37
             955 2023  5 18 14  1 42.540 L 1.000 X  45.96867 -129.99516   1.780 X  -9.000   0.300   0.200  -9.000    -18   -9   -9  130  88  146   47 50   8 42 D  48 62   7 122 1  92 30
             956 2023  5 18 14  6  8.060 L 1.000 X  45.96900 -129.99567   1.920 X  -9.000   0.300   0.200  -9.000    -18   -9   -9  195  56 -145   36 36  14 28 C  63 59  14 122 1  98 28
             957 2023  5 18 14 15 33.220 L 1.000 X  45.96950 -129.99583   1.650 X  -9.000   0.300   0.200  -9.000    -18   -9   -9   51  46  -99   14 18  15 33 A  97 50  15 156 1  84 33
             958 2023  5 18 14 21 22.140 L 1.000 X  45.96750 -129.99600   1.770 X  -9.000   0.300   0.200  -9.000    -18   -9   -9   29  65 -167   35 27  12 12 B  76 54  11 150 1  56 27
             959 2023  5 18 14 29 35.090 L 1.000 X  45.96833 -129.99617   1.720 X  -9.000   0.300   0.200  -9.000    -18   -9   -9  225  46  -98   44 54  11 40 D  29 57   9 134 1  58 29
             960 2023  5 18 14 29 48.420 L 1.000 X  45.96917 -129.99617   1.700 X  -9.000   0.300   0.200  -9.000    -18   -9   -9  350  74 -140   26 21  11 26 A  87 57   9 131 1  61 31
             961 2023  5 18 14 32 43.710 L 1.000 X  45.96983 -129.99567   1.770 X  -9.000   0.300   0.200  -9.000    -18   -9   -9  348  75 -136   53 59  10 29 D  32 60   8 130 1  64 32
             962 2023  5 18 14 44 15.160 L 1.000 X  45.96933 -129.99600   1.640 X  -9.000   0.300   0.200  -9.000    -18   -9   -9  354  67 -136   35 38  10 28 C  58 55   8 142 1  62 33
             963 2023  5 18 14 45 41.530 L 1.000 X  45.97100 -129.99550   1.710 X  -9.000   0.300   0.200  -9.000    -18   -9   -9   41  48  -98   21 24  15 30 A  88 53  15 131 1  67 36
             964 2023  5 18 14 57 35.640 L 1.000 X  45.96967 -129.99533   1.670 X  -9.000   0.300   0.200  -9.000    -18   -9   -9  140  68 -161   47 53   8 45 D  35 60   8 115 1 113 34
             965 2023  5 18 14 57 41.090 L 1.000 X  45.96983 -129.99516   1.780 X  -9.000   0.300   0.200  -9.000    -18   -9   -9  227   5  -29   48 43   9 28 D  52 58   9 115 1  83 33
             966 2023  5 18 16 42  0.900 L 1.000 X  45.96950 -129.99600   1.750 X  -9.000   0.300   0.200  -9.000    -18   -9   -9    6  55 -121   28 28  15 37 B  76 52  15 149 1  99 31
             967 2023  5 18 18 13 37.400 L 1.000 X  45.93250 -129.98199   1.300 X  -9.000   0.300   0.200  -9.000    -18   -9   -9  182  32  -68   38 26   8 26 B  68 51   8 168 1  90 24
             968 2023  5 18 18 21 38.120 L 1.000 X  45.93317 -129.98250   1.270 X  -9.000   0.300   0.200  -9.000    -18   -9   -9   94  60 -131   42 40   8  0 D  34 53   6 151 1  94 23
             969 2023  5 18 21 31 57.960 L 1.000 X  45.96167 -129.99567   1.390 X  -9.000   0.300   0.200  -9.000    -18   -9   -9  210  50 -105   47 54   9 58 D  44 46   9 142 1  95 33
             970 2023  5 18 21 32 34.400 L 1.000 X  45.96217 -129.99617   1.480 X  -9.000   0.300   0.200  -9.000    -18   -9   -9  336  75 -152   56 60   8 28 D  38 45   7 132 1  92 29
             971 2023  5 19  1  3 46.930 L 1.000 X  45.92717 -129.98750   1.240 X  -9.000   0.300   0.200  -9.000    -18   -9   -9  265  68 -173   36 34   9  7 B  61 51   9 165 1  85 37
             972 2023  5 19  2 38 23.770 L 1.000 X  45.96967 -129.99634   1.560 X  -9.000   0.300   0.200  -9.000    -18   -9   -9   86  42  147   47 51   8 34 D  35 48   6 158 1 161 35
             973 2023  5 19  3 25 36.260 L 1.000 X  45.96983 -129.99634   1.770 X  -9.000   0.300   0.200  -9.000    -18   -9   -9   18  18  165   47 44   8 25 D  31 59   6 126 1  97 31
             974 2023  5 19  3 49 41.240 L 1.000 X  45.96667 -129.99699   1.510 X  -9.000   0.300   0.200  -9.000    -18   -9   -9  351  72 -133   46 61  10 20 D  43 44   8 171 1  88 30
             975 2023  5 19 11 14  2.120 L 1.000 X  45.92267 -129.98900   1.160 X  -9.000   0.300   0.200  -9.000    -18   -9   -9  254  59 -165   44 37   8  0 D  45 45   7 165 1 121 47
             976 2023  5 19 13 30 55.080 L 1.000 X  45.93800 -129.98717   1.320 X  -9.000   0.300   0.200  -9.000    -18   -9   -9   74  54   96   54 47  10 32 D  44 47  10 180 1  75 33
             977 2023  5 19 14 40 50.440 L 1.000 X  45.99017 -130.00816   1.850 X  -9.000   0.300   0.200  -9.000    -18   -9   -9  223  70 -142   33 36   8 12 C  60 61   8  95 1 122 31
             978 2023  5 19 14 55 29.200 L 1.000 X  45.96550 -129.99217   1.300 X  -9.000   0.300   0.200  -9.000    -18   -9   -9  120  77 -172   42 40   8 16 C  53 35   6 175 1 130 44
             979 2023  5 19 15  9 39.710 L 1.000 X  45.99050 -130.00766   2.100 X  -9.000   0.300   0.200  -9.000    -18   -9   -9  170  87 -120   47 51   8 25 D  47 61   8 107 1  93 29
             980 2023  5 19 15  9 59.950 L 1.000 X  45.99050 -130.00734   1.990 X  -9.000   0.300   0.200  -9.000    -18   -9   -9   92  18 -168   53 58  10 51 D  30 63   9  98 1  73 30
             981 2023  5 19 15 12 31.880 L 1.000 X  45.98983 -130.00717   1.990 X  -9.000   0.300   0.200  -9.000    -18   -9   -9   60  42 -167   48 54  12 46 D  34 62  11  99 1  70 29
             982 2023  5 19 15 13  3.510 L 1.000 X  45.99000 -130.00684   1.980 X  -9.000   0.300   0.200  -9.000    -18   -9   -9  131  74  151   40 42   9 27 D  45 64   9 103 1  71 30
             983 2023  5 19 15 13 15.120 L 1.000 X  45.99000 -130.00684   1.970 X  -9.000   0.300   0.200  -9.000    -18   -9   -9  222  77  110   44 31  13 11 C  59 55  13 164 1  65 30
             984 2023  5 19 15 13 27.060 L 1.000 X  45.99033 -130.00751   1.990 X  -9.000   0.300   0.200  -9.000    -18   -9   -9  128  62  140   41 41  12 39 D  47 63  11 104 1  72 30
             985 2023  5 19 15 16 15.150 L 1.000 X  45.97183 -129.99567   1.630 X  -9.000   0.300   0.200  -9.000    -18   -9   -9   41  49  -88   29 34  15 40 B  68 50  15 131 1  71 40
             986 2023  5 19 15 16 37.400 L 1.000 X  45.98967 -130.00700   1.840 X  -9.000   0.300   0.200  -9.000    -18   -9   -9  115  88  163   33 31  14 26 B  67 50  13 153 1  63 31
             987 2023  5 19 15 17 18.070 L 1.000 X  45.99083 -130.00700   1.780 X  -9.000   0.300   0.200  -9.000    -18   -9   -9   70  83  172   39 47   9 46 D  47 62   8 106 1  86 35
             988 2023  5 19 15 21 43.540 L 1.000 X  45.99000 -130.00684   1.940 X  -9.000   0.300   0.200  -9.000    -18   -9   -9  286  39  134   41 39  10 14 D  40 65   9 101 1  71 31
             989 2023  5 19 15 28 14.760 L 1.000 X  45.99017 -130.00734   1.970 X  -9.000   0.300   0.200  -9.000    -18   -9   -9   53  81  154   31 36   9 37 C  57 63   8 115 1  72 30
             990 2023  5 19 15 29 15.800 L 1.000 X  45.99017 -130.00751   1.960 X  -9.000   0.300   0.200  -9.000    -18   -9   -9   65  57 -172   45 51  11 41 D  41 64  10  96 1  72 30
             991 2023  5 19 15 34  8.430 L 1.000 X  45.92867 -130.00183   1.380 X  -9.000   0.300   0.200  -9.000    -18   -9   -9  290  66   98   34 37   9 19 C  60 56   8 125 1  79 27
             992 2023  5 19 15 38  8.280 L 1.000 X  45.97183 -129.99533   1.600 X  -9.000   0.300   0.200  -9.000    -18   -9   -9  112  87  159   34 32  13 28 B  66 49  12 130 1  73 41
             993 2023  5 19 15 40  5.020 L 1.000 X  45.99000 -130.00700   1.960 X  -9.000   0.300   0.200  -9.000    -18   -9   -9  148  89 -163   29 40   9 28 B  66 66   9  99 1  71 30
             994 2023  5 19 15 44 18.330 L 1.000 X  45.97217 -129.99516   1.380 X  -9.000   0.300   0.200  -9.000    -18   -9   -9   31  43  -95   41 37   8 39 C  63 38   6 170 1  74 54
             995 2023  5 19 15 45 38.060 L 1.000 X  45.97167 -129.99550   1.630 X  -9.000   0.300   0.200  -9.000    -18   -9   -9  214  44 -111   37 41  12 46 C  54 51  11 111 1  72 40
             996 2023  5 19 15 46 17.270 L 1.000 X  45.97150 -129.99533   1.660 X  -9.000   0.300   0.200  -9.000    -18   -9   -9  182  84  107   52 50  13 15 D  38 50  11 138 1  71 39
             997 2023  5 19 15 57 27.770 L 1.000 X  45.97150 -129.99533   1.650 X  -9.000   0.300   0.200  -9.000    -18   -9   -9  284  86  170   24 25  14 40 A  87 49  11 139 1  71 39
             998 2023  5 19 16  1 20.380 L 1.000 X  45.97150 -129.99533   1.660 X  -9.000   0.300   0.200  -9.000    -18   -9   -9   91  81  169   27 25  14 28 B  82 51  13 127 1  69 39
             999 2023  5 19 16  1 32.360 L 1.000 X  45.97167 -129.99500   1.600 X  -9.000   0.300   0.200  -9.000    -18   -9   -9  275  82  149   42 39  12  8 D  43 49  10 139 1  72 41
            1000 2023  5 19 16  1 54.220 L 1.000 X  45.97167 -129.99516   1.710 X  -9.000   0.300   0.200  -9.000    -18   -9   -9  331  75 -128   42 36  11 36 C  51 55  10 129 1  72 39
            1001 2023  5 19 16  4  1.350 L 1.000 X  45.97133 -129.99567   1.280 X  -9.000   0.300   0.200  -9.000    -18   -9   -9  205  41 -106   29 26   9 15 B  83 50   8 127 1  76 47
            1002 2023  5 19 16  4  7.260 L 1.000 X  46.00200 -129.98933   0.680 X  -9.000   0.300   0.200  -9.000    -18   -9   -9   92  70 -103   35 37   9 12 C  60 78   8 115 1 152 59
            1003 2023  5 19 16  4 31.960 L 1.000 X  45.97150 -129.99533   1.670 X  -9.000   0.300   0.200  -9.000    -18   -9   -9  185  46 -128   46 51  15 41 D  30 50  14 140 1  71 39
            1004 2023  5 19 16  4 49.960 L 1.000 X  45.97117 -129.99533   1.540 X  -9.000   0.300   0.200  -9.000    -18   -9   -9    9  62  -99   38 36  14 49 C  65 44  14 149 1  70 41
            1005 2023  5 19 16  8 12.970 L 1.000 X  45.95517 -129.98567   1.810 X  -9.000   0.300   0.200  -9.000    -18   -9   -9   62  84  -97   40 41   8 25 D  48 68   6 103 1  99 27
            1006 2023  5 19 16  9 31.670 L 1.000 X  45.97283 -129.99533   1.410 X  -9.000   0.300   0.200  -9.000    -18   -9   -9   37  60 -172   36 32   9 17 B  67 46   7 128 1  72 49
            1007 2023  5 19 16 12 51.860 L 1.000 X  45.97150 -129.99567   1.610 X  -9.000   0.300   0.200  -9.000    -18   -9   -9  352  90  -71   42 46   9 34 D  41 59   8 120 1  91 39
            1008 2023  5 19 16 13  2.160 L 1.000 X  45.97183 -129.99533   1.680 X  -9.000   0.300   0.200  -9.000    -18   -9   -9   92  89  172   21 25  16 37 A  85 49  16 139 1  73 39
            1009 2023  5 19 16 14 35.070 L 1.000 X  45.97183 -129.99516   1.620 X  -9.000   0.300   0.200  -9.000    -18   -9   -9   22  53 -108   34 38  11 56 C  62 54   8 142 1  73 41
            1010 2023  5 19 16 17 18.290 L 1.000 X  45.97167 -129.99583   1.670 X  -9.000   0.300   0.200  -9.000    -18   -9   -9  229  25  -47   54 61   8 19 D  30 56   7 125 1 126 38
            1011 2023  5 19 16 28 57.220 L 1.000 X  45.97167 -129.99550   1.640 X  -9.000   0.300   0.200  -9.000    -18   -9   -9    0  66 -125   39 34  12 30 C  54 51  10 131 1  72 40
            1012 2023  5 19 16 42  0.660 L 1.000 X  45.97217 -129.99567   1.590 X  -9.000   0.300   0.200  -9.000    -18   -9   -9  320  86 -123   42 52   8 26 D  48 60   6 114 1 102 42
            1013 2023  5 19 17 21 38.360 L 1.000 X  46.00333 -130.02834   1.430 X  -9.000   0.300   0.200  -9.000    -18   -9   -9  262  42  -98   46 41   8  3 C  51 43   7 153 1 116 61
            1014 2023  5 19 18 32 36.480 L 1.000 X  45.97100 -129.99533   1.690 X  -9.000   0.300   0.200  -9.000    -18   -9   -9  109  88  166   44 47   9  8 D  43 59   6 118 1  88 37
            1015 2023  5 19 18 34 18.120 L 1.000 X  45.97150 -129.99533   1.680 X  -9.000   0.300   0.200  -9.000    -18   -9   -9   43  50 -106   31 41   9 27 C  51 57   8 116 1  69 39
            1016 2023  5 20  2 11 51.860 L 1.000 X  46.00017 -130.02699   1.330 X  -9.000   0.300   0.200  -9.000    -18   -9   -9  227  51 -134   34 40  16 23 D  38 47  16 161 1  68 62
            1017 2023  5 20  2 12 19.010 L 1.000 X  46.00017 -130.02667   1.350 X  -9.000   0.300   0.200  -9.000    -18   -9   -9  351  71  178   23 35  16 24 B  77 54  14 146 1  79 71
            1018 2023  5 20 15 33 10.820 L 1.000 X  45.93850 -130.01933   1.440 X  -9.000   0.300   0.200  -9.000    -18   -9   -9  105  76 -156   28 26  15 22 B  85 44  15 131 1  67 30
            1019 2023  5 20 18 51  9.920 L 1.000 X  45.92467 -130.00166   0.870 X  -9.000   0.300   0.200  -9.000    -18   -9   -9    0  66  177   27 30   9 17 B  87 54   9 136 1 122 62
            1020 2023  5 20 19 51  2.400 L 1.000 X  45.93767 -130.01917   1.330 X  -9.000   0.300   0.200  -9.000    -18   -9   -9  114  57 -141   34 30   9 47 B  80 41   8 134 1 106 34
            1021 2023  5 20 22 33 25.920 L 1.000 X  45.98833 -130.00250   1.700 X  -9.000   0.300   0.200  -9.000    -18   -9   -9  104  58  131   42 43   8  8 D  36 53   8 131 1  85 33
            1022 2023  5 20 22 57  1.280 L 1.000 X  46.00083 -130.02716   1.390 X  -9.000   0.300   0.200  -9.000    -18   -9   -9  178  88 -177   40 35   9 40 C  53 40   8 174 1  74 63
            1023 2023  5 21  5 46  2.550 L 1.000 X  45.94117 -130.01917   1.390 X  -9.000   0.300   0.200  -9.000    -18   -9   -9  147  88 -150   51 36  12 39 C  58 41  10 138 1 160 40
            1024 2023  5 21 13 43 28.780 L 1.000 X  45.96667 -129.99583   1.650 X  -9.000   0.300   0.200  -9.000    -18   -9   -9  113  62  155   45 39  10 24 C  56 51   8 162 1  63 28
            1025 2023  5 21 13 49 26.690 L 1.000 X  45.96667 -129.99600   1.660 X  -9.000   0.300   0.200  -9.000    -18   -9   -9  125  73  155   36 37   9 38 C  75 57   7 141 1  89 27
            1026 2023  5 21 14 50 47.380 L 1.000 X  45.96783 -129.99550   1.490 X  -9.000   0.300   0.200  -9.000    -18   -9   -9  351  87 -117   46 35   8 17 D  44 57   4  93 1 148 34
            1027 2023  5 21 14 50 49.810 L 1.000 X  45.96867 -129.99600   1.670 X  -9.000   0.300   0.200  -9.000    -18   -9   -9  109  77  170   46 48   9 23 D  50 51   6 149 1 126 31
            1028 2023  5 21 17  9 46.040 L 1.000 X  45.97150 -129.99583   1.100 X  -9.000   0.300   0.200  -9.000    -18   -9   -9   43  73 -165   27 22  10 18 A  86 42   8 167 1  71 55
            1029 2023  5 22  0 18  0.150 L 1.000 X  46.00050 -130.02716   1.440 X  -9.000   0.300   0.200  -9.000    -18   -9   -9    1  88  169   34 34   9 21 B  61 38   8 180 1 113 61
            1030 2023  5 22  3 30 55.360 L 1.000 X  46.00267 -130.02400   1.530 X  -9.000   0.300   0.200  -9.000    -18   -9   -9  163  85  171   47 57   8 30 D  36 44   8 157 1  80 50
            1031 2023  5 22  5  5 40.450 L 1.000 X  45.94017 -130.01950   1.250 X  -9.000   0.300   0.200  -9.000    -18   -9   -9  224  56 -119   28 29  12 10 B  74 38   9 178 1  63 40
            1032 2023  5 22 11 17 30.830 L 1.000 X  45.93733 -130.01900   1.280 X  -9.000   0.300   0.200  -9.000    -18   -9   -9  219  49  -97   24 19  12  2 A  95 40   9 125 1  80 35
            1033 2023  5 22 15  4 12.500 L 1.000 X  45.93616 -130.01849   1.440 X  -9.000   0.300   0.200  -9.000    -18   -9   -9  286  64  168   36 36  10  6 C  62 33   8 170 1 105 37
            1034 2023  5 22 15 31  7.300 L 1.000 X  45.92433 -129.99133   0.910 X  -9.000   0.300   0.200  -9.000    -18   -9   -9  274  66 -170   34 35   8 39 B  74 43   7 151 1 116 62
            1035 2023  5 22 17  2 59.360 L 1.000 X  45.93867 -130.01967   1.360 X  -9.000   0.300   0.200  -9.000    -18   -9   -9   81  78 -146   45 45   8 21 D  34 47   6  96 1 166 32
            1036 2023  5 22 18 27 21.880 L 1.000 X  45.97500 -129.99550   1.670 X  -9.000   0.300   0.200  -9.000    -18   -9   -9  327  77 -127   40 32   8 32 C  71 51   8 130 1  95 47
            1037 2023  5 22 18 33 34.720 L 1.000 X  45.97400 -129.99550   1.330 X  -9.000   0.300   0.200  -9.000    -18   -9   -9  294  72 -143   48 52   8 38 D  46 47   7 136 1 100 54
            1038 2023  5 22 18 38  7.920 L 1.000 X  45.97467 -129.99516   1.690 X  -9.000   0.300   0.200  -9.000    -18   -9   -9  326  75 -129   38 28   8  8 C  56 50   7 141 1 109 46
            1039 2023  5 22 18 48 11.320 L 1.000 X  45.97583 -129.99617   1.880 X  -9.000   0.300   0.200  -9.000    -18   -9   -9  343  86  -62   40 39   9 25 D  48 59   9 107 1  99 44
            1040 2023  5 22 23 12 14.680 L 1.000 X  45.97317 -129.99583   1.730 X  -9.000   0.300   0.200  -9.000    -18   -9   -9   30  36  -77   35 37  10 50 C  70 58   8 121 1 105 41
            1041 2023  5 22 23 14 29.560 L 1.000 X  45.97317 -129.99583   1.820 X  -9.000   0.300   0.200  -9.000    -18   -9   -9   75  75  156   33 32   8 32 B  70 61   8 114 1 164 39
            1042 2023  5 22 23 16 32.200 L 1.000 X  45.97150 -129.99567   1.730 X  -9.000   0.300   0.200  -9.000    -18   -9   -9   77  75  167   39 37   8 32 D  46 60   5 133 1 157 37
            1043 2023  5 22 23 23 22.520 L 1.000 X  45.97200 -129.99583   1.660 X  -9.000   0.300   0.200  -9.000    -18   -9   -9  258  75 -121   43 52  10 30 D  35 58   6 129 1 104 39
            1044 2023  5 22 23 29 41.400 L 1.000 X  45.97250 -129.99583   1.640 X  -9.000   0.300   0.200  -9.000    -18   -9   -9   68  75 -171   46 33  10 23 D  48 58   7 124 1 104 41
            1045 2023  5 22 23 31 20.700 L 1.000 X  45.97317 -129.99567   1.670 X  -9.000   0.300   0.200  -9.000    -18   -9   -9   57  77  167   39 51   8 11 D  59 64   7 118 1 106 43
            1046 2023  5 22 23 31 29.400 L 1.000 X  45.97300 -129.99533   1.630 X  -9.000   0.300   0.200  -9.000    -18   -9   -9   49  62 -148   31 39  10 15 B  65 54   8 151 1 106 43
            1047 2023  5 22 23 37 24.360 L 1.000 X  45.93733 -130.01917   1.330 X  -9.000   0.300   0.200  -9.000    -18   -9   -9   44  88 -157   23 27  10 22 A  88 38   6 173 1 103 35
            1048 2023  5 22 23 44 33.020 L 1.000 X  45.97233 -129.99550   1.650 X  -9.000   0.300   0.200  -9.000    -18   -9   -9   58  79  172   27 24   9 27 B  86 61   8 126 1 105 41
            1049 2023  5 22 23 46  4.760 L 1.000 X  45.97283 -129.99583   1.700 X  -9.000   0.300   0.200  -9.000    -18   -9   -9  144  79  176   34 44   8 22 C  70 64   6 123 1 105 41
            1050 2023  5 23  0  3 33.410 L 1.000 X  45.97383 -129.99550   1.840 X  -9.000   0.300   0.200  -9.000    -18   -9   -9  225  31  -19   35 39   8 11 C  58 59   4  96 1 167 41
            1051 2023  5 23  0  7 21.310 L 1.000 X  45.97250 -129.99533   1.870 X  -9.000   0.300   0.200  -9.000    -18   -9   -9   37  69  164   32 46   8 20 C  60 63   6 131 1 162 37
            1052 2023  5 23  0  7 33.530 L 1.000 X  45.97283 -129.99567   1.690 X  -9.000   0.300   0.200  -9.000    -18   -9   -9   53  56 -153   25 19  13  5 A  93 53  13 141 1 105 41
            1053 2023  5 23  0 42 52.480 L 1.000 X  45.94300 -130.01984   1.260 X  -9.000   0.300   0.200  -9.000    -18   -9   -9   36  46  -89   45 66  10 48 D  42 49  10 117 1 110 50
            1054 2023  5 23  0 45  6.250 L 1.000 X  45.97267 -129.99533   1.500 X  -9.000   0.300   0.200  -9.000    -18   -9   -9    1  59 -129   36 36  11 23 D  49 40   7 164 1 139 46
            1055 2023  5 23  3 23 37.080 L 1.000 X  45.94083 -130.01900   1.440 X  -9.000   0.300   0.200  -9.000    -18   -9   -9  215  44 -107   22 19  16 18 A  88 44  16 132 1  67 37
            1056 2023  5 23  3 24 35.870 L 1.000 X  45.94100 -130.01900   1.400 X  -9.000   0.300   0.200  -9.000    -18   -9   -9  199  50 -127   32 30  16 20 B  74 46  15 123 1  67 38
            1057 2023  5 23  4 41 10.920 L 1.000 X  45.93817 -130.01866   1.270 X  -9.000   0.300   0.200  -9.000    -18   -9   -9  312  51 -176   41 45   8 37 D  48 39   5 149 1 100 33
            1058 2023  5 23 10  3 10.320 L 1.000 X  45.93817 -130.01866   1.260 X  -9.000   0.300   0.200  -9.000    -18   -9   -9  344  70  153   47 29  11 34 C  52 44   9 134 1  59 33
            1059 2023  5 23 15 50 57.260 L 1.000 X  45.97033 -129.99550   1.620 X  -9.000   0.300   0.200  -9.000    -18   -9   -9  171  63 -133   38 46   9 37 C  61 52   6 151 1 117 37
            1060 2023  5 23 15 52 11.780 L 1.000 X  45.97066 -129.99567   1.670 X  -9.000   0.300   0.200  -9.000    -18   -9   -9  359  34 -111   23 24  12 26 A  87 48  10 157 1  88 36
            1061 2023  5 23 16 37 53.180 L 1.000 X  45.97100 -129.99583   1.670 X  -9.000   0.300   0.200  -9.000    -18   -9   -9  343  80  -98   42 42  11 37 C  57 54   9 128 1 121 37
            1062 2023  5 23 16 43 28.960 L 1.000 X  45.97083 -129.99567   1.650 X  -9.000   0.300   0.200  -9.000    -18   -9   -9   45  79  177   46 43  10 24 D  46 59   7 149 1  68 37
            1063 2023  5 23 16 43 51.280 L 1.000 X  45.97117 -129.99567   1.660 X  -9.000   0.300   0.200  -9.000    -18   -9   -9   14  74 -121   39 36  12 31 C  51 53   8 148 1  70 38
            1064 2023  5 23 16 51 59.780 L 1.000 X  45.96617 -129.99634   1.410 X  -9.000   0.300   0.200  -9.000    -18   -9   -9  355  64 -137   41 46  10 26 C  53 43   7 147 1  93 30
            1065 2023  5 23 18 27 21.120 L 1.000 X  45.93650 -130.02000   1.160 X  -9.000   0.300   0.200  -9.000    -18   -9   -9  309  56 -147   48 55   8 32 D  23 45   4  84 1  78 38
            1066 2023  5 23 20 50 48.740 L 1.000 X  45.93633 -130.01900   1.160 X  -9.000   0.300   0.200  -9.000    -18   -9   -9  165  74 -135   48 28  12 36 C  50 41   9 136 1  80 40
            1067 2023  5 23 21 24 41.920 L 1.000 X  45.96700 -129.99617   1.620 X  -9.000   0.300   0.200  -9.000    -18   -9   -9  120  81  173   26 26  10 19 B  87 46   8 164 1 118 28
            1068 2023  5 23 21 54 27.360 L 1.000 X  45.92000 -129.98717   1.250 X  -9.000   0.300   0.200  -9.000    -18   -9   -9  251  72  166   39 35   8 34 C  66 59   7  95 1  81 45
            1069 2023  5 23 22 10 58.120 L 1.000 X  45.93717 -130.01950   1.310 X  -9.000   0.300   0.200  -9.000    -18   -9   -9  220  47 -101   24 21  11  1 A  91 40   7 141 1  81 35
            1070 2023  5 23 22 11 12.440 L 1.000 X  45.93683 -130.01933   1.290 X  -9.000   0.300   0.200  -9.000    -18   -9   -9  211  53  -78   39 42   8 11 C  54 41   6 132 1 126 36
            1071 2023  5 23 23 15 18.680 L 1.000 X  45.93600 -130.01883   1.300 X  -9.000   0.300   0.200  -9.000    -18   -9   -9  173  49 -108   36 37   8 25 C  52 35   6 134 1 139 39
            1072 2023  5 23 23 40 57.840 L 1.000 X  45.91950 -129.98883   0.890 X  -9.000   0.300   0.200  -9.000    -18   -9   -9   71  82  176   36 38   9 19 C  59 45   8 138 1 119 65
            1073 2023  5 23 23 45  4.680 L 1.000 X  45.92033 -129.98984   0.790 X  -9.000   0.300   0.200  -9.000    -18   -9   -9  185  59 -117   46 50   8 33 D  38 51   7 158 1  99 65
            1074 2023  5 23 23 54 34.320 L 1.000 X  45.92033 -129.98933   0.870 X  -9.000   0.300   0.200  -9.000    -18   -9   -9  293  57  -95   34 43   9  7 C  53 47   7 142 1 118 65
            1075 2023  5 23 23 56 45.020 L 1.000 X  45.92000 -129.98950   0.900 X  -9.000   0.300   0.200  -9.000    -18   -9   -9  257  86  172   43 42   9 18 D  46 48   7 137 1 119 65
            1076 2023  5 24  0 55 35.210 L 1.000 X  45.97033 -129.99583   1.600 X  -9.000   0.300   0.200  -9.000    -18   -9   -9  217  44  -98   25 21  12 25 A  91 49  10 157 1  65 36
            1077 2023  5 24  7 54 19.900 L 1.000 X  45.97200 -129.99617   1.650 X  -9.000   0.300   0.200  -9.000    -18   -9   -9  337  79  -96   35 32  10 19 B  64 59   8 111 1  72 39
            1078 2023  5 24 10 54 54.350 L 1.000 X  45.93767 -130.01833   1.380 X  -9.000   0.300   0.200  -9.000    -18   -9   -9  253  49  -96   21 18  12  0 A  99 41  11 158 1 104 34
            1079 2023  5 24 13 15 32.640 L 1.000 X  45.92717 -129.98767   1.230 X  -9.000   0.300   0.200  -9.000    -18   -9   -9  272  50 -160   26 29   9 19 B  78 50   9 168 1 116 38
            1080 2023  5 24 14 10  3.040 L 1.000 X  45.97017 -129.99634   1.560 X  -9.000   0.300   0.200  -9.000    -18   -9   -9   21  66 -106   41 50  11 53 D  40 51   9 159 1  65 36
            1081 2023  5 24 15 33  0.050 L 1.000 X  45.93600 -130.01817   1.350 X  -9.000   0.300   0.200  -9.000    -18   -9   -9   29  79  152   34 39   8 23 C  63 36   5 153 1 209 39
            1082 2023  5 24 15 35 46.510 L 1.000 X  45.93850 -130.01883   1.430 X  -9.000   0.300   0.200  -9.000    -18   -9   -9  254  44  -92   17 18  17 16 A  98 43  17 126 1  67 30
            1083 2023  5 24 19  2  4.800 L 1.000 X  45.96333 -129.99249   2.000 X  -9.000   0.300   0.200  -9.000    -18   -9   -9  138   7 -167   29 38  11 40 B  74 55  10 166 1  72 29
            1084 2023  5 24 19  6 42.280 L 1.000 X  45.96333 -129.99217   2.110 X  -9.000   0.300   0.200  -9.000    -18   -9   -9    6  87  -77   40 41   8 20 D  44 55   6 124 1 119 28
            1085 2023  5 24 19  8 45.400 L 1.000 X  45.96383 -129.99234   1.930 X  -9.000   0.300   0.200  -9.000    -18   -9   -9  122  63  177   38 31   9  5 B  67 57   7 140 1 122 30
            1086 2023  5 24 19  9  9.100 L 1.000 X  45.96283 -129.99217   1.630 X  -9.000   0.300   0.200  -9.000    -18   -9   -9  122  71  158   36 39  10 47 C  53 54   8 130 1 117 36
            1087 2023  5 24 19 10 18.040 L 1.000 X  45.96400 -129.99150   1.740 X  -9.000   0.300   0.200  -9.000    -18   -9   -9  111  80 -173   54 53   8 18 D  28 58   6 126 1 121 35
            1088 2023  5 24 19 10 29.840 L 1.000 X  45.96333 -129.99283   2.030 X  -9.000   0.300   0.200  -9.000    -18   -9   -9   97  71 -171   57 59   8 37 D  23 59   8 123 1  85 44
            1089 2023  5 24 19 18 16.360 L 1.000 X  45.96333 -129.99316   1.830 X  -9.000   0.300   0.200  -9.000    -18   -9   -9  126  59 -135   52 54   8  6 D  37 47   7 166 1  81 30
            1090 2023  5 24 19 56 12.120 L 1.000 X  45.96817 -129.99600   1.600 X  -9.000   0.300   0.200  -9.000    -18   -9   -9  214  44  -92   32 28  11 42 B  75 49   8 151 1  65 31
            1091 2023  5 24 19 56 31.280 L 1.000 X  45.96800 -129.99600   1.580 X  -9.000   0.300   0.200  -9.000    -18   -9   -9  301  34  -89   36 35  12  1 C  53 48  12 156 1  56 31
            1092 2023  5 24 19 56 56.600 L 1.000 X  45.96767 -129.99634   1.460 X  -9.000   0.300   0.200  -9.000    -18   -9   -9  350  36  -54   40 44   9 30 C  59 49   6 143 1  92 32
            1093 2023  5 24 19 57 21.840 L 1.000 X  45.96867 -129.99583   1.540 X  -9.000   0.300   0.200  -9.000    -18   -9   -9  121  83 -176   24 28  11 25 B  86 46   9 151 1  94 34
            1094 2023  5 24 19 57 26.320 L 1.000 X  45.96400 -129.99266   1.810 X  -9.000   0.300   0.200  -9.000    -18   -9   -9  339  67 -143   46 38  10 31 D  38 52  10 151 1  69 31
            1095 2023  5 24 19 58 36.760 L 1.000 X  45.96800 -129.99617   1.500 X  -9.000   0.300   0.200  -9.000    -18   -9   -9  193  54  -92   26 22  10 36 A  87 43   7 153 1 150 32
            1096 2023  5 24 20 57 51.240 L 1.000 X  46.00033 -130.03000   1.480 X  -9.000   0.300   0.200  -9.000    -18   -9   -9  107  40  -81   29 31  10  0 B  74 40   9 153 1  77 61
            1097 2023  5 24 21 55 45.240 L 1.000 X  45.98050 -129.99884   1.640 X  -9.000   0.300   0.200  -9.000    -18   -9   -9  106  20  -39   49 48  11 16 D  45 53   9 100 1  95 43
            1098 2023  5 24 21 57  0.460 L 1.000 X  45.98017 -129.99783   1.570 X  -9.000   0.300   0.200  -9.000    -18   -9   -9  348  89 -108   43 51   8 12 D  43 57   6  53 1  97 47
            1099 2023  5 24 22  0 15.000 L 1.000 X  45.97917 -129.99834   1.230 X  -9.000   0.300   0.200  -9.000    -18   -9   -9  158  85  174   39 45   8 12 D  42 54   6 109 1  87 57
            1100 2023  5 24 22 42 37.840 L 1.000 X  45.98100 -129.99867   1.810 X  -9.000   0.300   0.200  -9.000    -18   -9   -9  235  83 -175   30 19  13 31 A  80 52  13 112 1  95 40
            1101 2023  5 24 22 42 51.240 L 1.000 X  45.98067 -129.99800   1.700 X  -9.000   0.300   0.200  -9.000    -18   -9   -9  148  87  171   23 26  11 31 A  88 52  11 107 1  97 43
            1102 2023  5 24 22 43 56.200 L 1.000 X  45.98050 -129.99850   1.700 X  -9.000   0.300   0.200  -9.000    -18   -9   -9   92  79  130   46 46   8 25 D  43 62   7 110 1 103 43
            1103 2023  5 24 22 44 50.300 L 1.000 X  45.97933 -129.99867   1.290 X  -9.000   0.300   0.200  -9.000    -18   -9   -9  266  73 -153   37 41  10 23 C  53 49   6 119 1  85 54
            1104 2023  5 25  6 11  8.780 L 1.000 X  46.00017 -130.02800   1.460 X  -9.000   0.300   0.200  -9.000    -18   -9   -9    3  86  172   30 31  10 41 B  71 40   9 172 1  67 62
            1105 2023  5 25  6 53 35.170 L 1.000 X  45.98050 -129.99966   1.720 X  -9.000   0.300   0.200  -9.000    -18   -9   -9  314  83 -153   39 41   8 35 C  51 55   8 124 1  97 40
            1106 2023  5 25 23 37 41.320 L 1.000 X  45.93467 -130.01866   1.420 X  -9.000   0.300   0.200  -9.000    -18   -9   -9   37  81 -156   35 48   9 18 C  82 29   7 163 1 135 40
            1107 2023  5 26  8 44 54.240 L 1.000 X  45.93683 -130.01883   1.370 X  -9.000   0.300   0.200  -9.000    -18   -9   -9   81  46  -95   34 32  16 10 B  68 39  16 148 1  67 36
            1108 2023  5 26 17 19 34.720 L 1.000 X  45.93667 -130.01917   1.190 X  -9.000   0.300   0.200  -9.000    -18   -9   -9   49  86  174   25 38  13 44 C  60 40  12 164 1  69 38
            1109 2023  5 27  5 27 43.120 L 1.000 X  45.94050 -130.01933   1.490 X  -9.000   0.300   0.200  -9.000    -18   -9   -9   87  44  -94   34 36   9 32 B  64 42   9 146 1 133 77
            1110 2023  5 27  7 14 52.750 L 1.000 X  45.93683 -130.01883   1.330 X  -9.000   0.300   0.200  -9.000    -18   -9   -9   48  71 -152   27 27  15 19 B  83 41  14 139 1  67 36
            1111 2023  5 27 10 41 37.420 L 1.000 X  45.93967 -130.01883   1.140 X  -9.000   0.300   0.200  -9.000    -18   -9   -9   21  39 -112   35 37  13 25 C  65 45  13 139 1  89 40
            1112 2023  5 27 11 57  9.530 L 1.000 X  45.97800 -129.99733   1.230 X  -9.000   0.300   0.200  -9.000    -18   -9   -9  175  79  169   29 44   8 14 C  60 42   7 129 1  94 60
            1113 2023  5 27 20 53 43.940 L 1.000 X  45.93900 -130.01967   1.220 X  -9.000   0.300   0.200  -9.000    -18   -9   -9  338  75  172   42 43  13 39 C  50 43  11 139 1  70 36
            1114 2023  5 27 21 15 20.480 L 1.000 X  45.93750 -130.01933   1.200 X  -9.000   0.300   0.200  -9.000    -18   -9   -9  233  51  -99   18 15  14 28 A  97 41  11 154 1  69 35
            1115 2023  5 28  3 27 39.450 L 1.000 X  45.93783 -130.01933   1.340 X  -9.000   0.300   0.200  -9.000    -18   -9   -9  134  69 -149   29 43   8 32 C  62 43   5 144 1 163 33
            1116 2023  5 28  6 19 18.750 L 1.000 X  45.92050 -129.98784   1.100 X  -9.000   0.300   0.200  -9.000    -18   -9   -9  357  75  160   46 50   8 44 D  50 42   7 195 1  85 51
            1117 2023  5 28  6 34 21.960 L 1.000 X  45.92050 -129.98883   0.940 X  -9.000   0.300   0.200  -9.000    -18   -9   -9  160  78  176   15 21  13 10 A  97 50  11 142 1 116 60
            1118 2023  5 28  6 38 25.050 L 1.000 X  45.92050 -129.98801   1.190 X  -9.000   0.300   0.200  -9.000    -18   -9   -9  353  84 -168   19 22  15 18 A  97 53  13 131 1  76 47
            1119 2023  5 28  9 29 34.690 L 1.000 X  45.93683 -130.01950   1.170 X  -9.000   0.300   0.200  -9.000    -18   -9   -9  172  50  -94   34 31  14 30 B  65 39  14 165 1  80 38
            1120 2023  5 28 15 22 55.730 L 1.000 X  45.93616 -130.01917   1.180 X  -9.000   0.300   0.200  -9.000    -18   -9   -9   35  71  147   42 46  11 45 D  50 40  11 131 1 102 40
            1121 2023  5 28 15 26 20.980 L 1.000 X  45.93667 -130.01950   1.150 X  -9.000   0.300   0.200  -9.000    -18   -9   -9   40  88 -167   29 32   8 25 B  69 37   7 139 1 115 39
            1122 2023  5 28 20 27 26.560 L 1.000 X  45.94250 -130.01933   1.430 X  -9.000   0.300   0.200  -9.000    -18   -9   -9  169  61 -142   29 20  15 34 A  86 43  15 131 1  64 43
            1123 2023  5 28 21  2  0.080 L 1.000 X  45.96900 -129.99683   1.590 X  -9.000   0.300   0.200  -9.000    -18   -9   -9  305  88 -157   50 48   8 20 D  31 54   6 123 1 157 31
            1124 2023  5 29 19 23 35.700 L 1.000 X  45.92567 -129.98567   1.110 X  -9.000   0.300   0.200  -9.000    -18   -9   -9  258  38  -99   35 42  10 23 C  50 48   9 141 1 158 34
            1125 2023  5 29 19 26 17.040 L 1.000 X  45.92567 -129.98450   1.260 X  -9.000   0.300   0.200  -9.000    -18   -9   -9  273  44 -121   42 44  12 37 D  41 48  11 142 1  61 29
            1126 2023  5 30 10 35 46.790 L 1.000 X  45.96600 -129.99583   1.660 X  -9.000   0.300   0.200  -9.000    -18   -9   -9  109  48 -121   47 57  15 25 D  32 50  14 141 1  45 27
            1127 2023  5 31 17 18  2.580 L 1.000 X  45.93700 -130.01849   1.280 X  -9.000   0.300   0.200  -9.000    -18   -9   -9   43  85 -150   33 21  13 22 B  82 39  11 152 1  57 37
            1128 2023  6  1  1 45 49.050 L 1.000 X  46.00417 -130.02600   1.730 X  -9.000   0.300   0.200  -9.000    -18   -9   -9    4  45  166   45 51   8 29 D  36 58   7  98 1 133 47
            1129 2023  6  1 11 36 46.620 L 1.000 X  45.92683 -129.98849   1.270 X  -9.000   0.300   0.200  -9.000    -18   -9   -9  252  39 -112   37 41  14 23 D  47 46  13 161 1  62 39
            1130 2023  6  1 11 52 24.130 L 1.000 X  45.95800 -129.98883   1.830 X  -9.000   0.300   0.200  -9.000    -18   -9   -9    2  47 -172   28 21   8 22 A  84 70   7 102 1  94 38
            1131 2023  6  1 12 14 31.160 L 1.000 X  45.90533 -130.01666   0.500 X  -9.000   0.300   0.200  -9.000    -18   -9   -9   55  25 -164   37 35  10 26 C  60 83   8 107 1 287 50
            1132 2023  6  1 12 38 35.200 L 1.000 X  45.92933 -130.00717   1.270 X  -9.000   0.300   0.200  -9.000    -18   -9   -9  143  38  129   38 33   9 17 C  59 51   7 156 1  80 35
            1133 2023  6  1 14 14 30.570 L 1.000 X  45.93683 -130.01833   1.350 X  -9.000   0.300   0.200  -9.000    -18   -9   -9   64  79  150   46 60  13 39 D  41 40  11 148 1  68 36
            1134 2023  6  1 14 24 37.100 L 1.000 X  45.95450 -129.98666   1.970 X  -9.000   0.300   0.200  -9.000    -18   -9   -9  277  14  128   56 58  11 31 D  29 62   9 121 1  83 24
            1135 2023  6  1 14 32  0.800 L 1.000 X  45.95383 -129.98700   2.000 X  -9.000   0.300   0.200  -9.000    -18   -9   -9  172  17 -146   43 40   8 44 D  48 67   6 103 1 111 24
            1136 2023  6  1 22 32 13.320 L 1.000 X  45.96717 -129.99600   1.580 X  -9.000   0.300   0.200  -9.000    -18   -9   -9  320  84 -153   39 42   8 49 D  47 39   7 161 1 119 29
            1137 2023  6  2 12 40 19.160 L 1.000 X  45.98283 -129.99933   1.880 X  -9.000   0.300   0.200  -9.000    -18   -9   -9  109  25 -145   37 39  10 38 C  54 59   9 119 1 113 36
            1138 2023  6  2 13  9 30.900 L 1.000 X  45.98433 -129.99899   2.060 X  -9.000   0.300   0.200  -9.000    -18   -9   -9   91  46  165   31 35   8 17 B  65 67   7 116 1  97 32
            1139 2023  6  2 13 30 27.130 L 1.000 X  45.98350 -129.99800   1.780 X  -9.000   0.300   0.200  -9.000    -18   -9   -9  136  76  157   49 48   8 22 D  39 57   6 148 1 103 38
            1140 2023  6  2 13 46 19.040 L 1.000 X  45.92150 -129.98767   1.110 X  -9.000   0.300   0.200  -9.000    -18   -9   -9  255  65 -175   31 29   9 26 B  76 49   8 163 1  82 48
            1141 2023  6  2 14 32 11.490 L 1.000 X  45.92817 -129.99983   1.190 X  -9.000   0.300   0.200  -9.000    -18   -9   -9  277  74 -138   45 50   8  2 D  39 44   6 164 1 124 32
            1142 2023  6  2 14 39 36.190 L 1.000 X  45.98400 -129.99950   1.940 X  -9.000   0.300   0.200  -9.000    -18   -9   -9   93  32  157   39 41   9 19 C  50 64   8 114 1  95 35
            1143 2023  6  2 15 20 13.910 L 1.000 X  45.93917 -129.98767   1.230 X  -9.000   0.300   0.200  -9.000    -18   -9   -9  355  74  163   52 57   8 24 D  32 55   4 111 1 115 39
            1144 2023  6  2 15 27  8.440 L 1.000 X  45.93800 -129.98801   1.360 X  -9.000   0.300   0.200  -9.000    -18   -9   -9   78  60 -152   39 42  12 13 C  66 42  10 180 1  78 35
            1145 2023  6  2 15 28 11.820 L 1.000 X  45.93900 -129.98750   1.180 X  -9.000   0.300   0.200  -9.000    -18   -9   -9  322  79 -170   47 54   9 22 D  33 51   6 162 1 115 40
            1146 2023  6  2 17 22 50.120 L 1.000 X  45.95700 -129.98933   2.000 X  -9.000   0.300   0.200  -9.000    -18   -9   -9  354  56 -165   32 29   8  0 B  73 69   5 107 1 100 34
            1147 2023  6  2 17 25 15.280 L 1.000 X  45.95717 -129.98883   1.990 X  -9.000   0.300   0.200  -9.000    -18   -9   -9  358  50 -178   39 32   8 22 C  51 69   5  98 1  98 33
            1148 2023  6  2 18 21 30.300 L 1.000 X  45.95733 -129.98833   1.980 X  -9.000   0.300   0.200  -9.000    -18   -9   -9  342  10  145   42 38   8 29 C  50 71   5  99 1  97 33
            1149 2023  6  2 18 31 49.240 L 1.000 X  45.95717 -129.98917   1.980 X  -9.000   0.300   0.200  -9.000    -18   -9   -9  330  64 -177   28 24   9 34 B  89 66   6 123 1  99 34
            1150 2023  6  2 18 40 13.340 L 1.000 X  45.95683 -129.98917   1.940 X  -9.000   0.300   0.200  -9.000    -18   -9   -9  355  72 -159   36 34   8  0 B  64 69   5 105 1 100 34
            1151 2023  6  2 21 26 16.540 L 1.000 X  45.92100 -129.97734   1.410 X  -9.000   0.300   0.200  -9.000    -18   -9   -9  123  68  162   49 50   8 14 D  30 60   7  96 1 166 33
            1152 2023  6  3  2 11  2.960 L 1.000 X  45.96650 -129.99600   1.360 X  -9.000   0.300   0.200  -9.000    -18   -9   -9  250  46  -70   42 41  13 28 C  52 35  11 214 1  76 62
            1153 2023  6  3 10 33 36.200 L 1.000 X  45.92517 -129.99217   0.980 X  -9.000   0.300   0.200  -9.000    -18   -9   -9  273  78 -177   35 31   9 23 B  69 47   9 148 1 108 61
            1154 2023  6  3 11 23 44.060 L 1.000 X  45.93683 -130.01933   1.290 X  -9.000   0.300   0.200  -9.000    -18   -9   -9  228  73  174   38 48  10 42 C  59 38   8 157 1 103 36
            1155 2023  6  3 15 33  2.330 L 1.000 X  45.93650 -130.01900   1.340 X  -9.000   0.300   0.200  -9.000    -18   -9   -9  303  65  169   34 36   9 11 C  74 37   8 139 1 174 37
            1156 2023  6  3 15 40 34.600 L 1.000 X  45.94017 -130.01933   1.250 X  -9.000   0.300   0.200  -9.000    -18   -9   -9  345  57  161   24 24  12 22 A  89 49  12 149 1  77 40
            1157 2023  6  3 17 37 56.560 L 1.000 X  45.93767 -130.01917   1.290 X  -9.000   0.300   0.200  -9.000    -18   -9   -9  348  41 -105   44 43   8 54 D  41 36   4 128 1 128 34
            1158 2023  6  3 20 49 42.980 L 1.000 X  45.92317 -129.99150   1.110 X  -9.000   0.300   0.200  -9.000    -18   -9   -9  268  75 -176   26 25  12 26 B  78 43   9 185 1  91 55
            1159 2023  6  3 21 52 42.480 L 1.000 X  45.92383 -129.99200   0.940 X  -9.000   0.300   0.200  -9.000    -18   -9   -9  277  50 -130   30 31  13 17 B  73 51  11 152 1  84 64
            1160 2023  6  3 21 53 18.160 L 1.000 X  45.92417 -129.99249   0.970 X  -9.000   0.300   0.200  -9.000    -18   -9   -9  278  49 -129   17 15  13 14 A  99 48  12 180 1  83 64
            1161 2023  6  3 22 11 28.760 L 1.000 X  45.92300 -129.99066   1.320 X  -9.000   0.300   0.200  -9.000    -18   -9   -9  284  38 -110   32 41  10 24 C  52 56   8 129 1  85 46
            1162 2023  6  3 22 12 43.360 L 1.000 X  45.92400 -129.99266   0.940 X  -9.000   0.300   0.200  -9.000    -18   -9   -9  275  55 -135   14 14  14 13 A  99 47  14 188 1  83 65
            1163 2023  6  3 22 15 26.040 L 1.000 X  45.92250 -129.99049   1.140 X  -9.000   0.300   0.200  -9.000    -18   -9   -9  238  89  168   46 45   9 28 D  39 46   7 166 1  97 52
            1164 2023  6  3 22 17  0.600 L 1.000 X  45.92300 -129.99167   1.000 X  -9.000   0.300   0.200  -9.000    -18   -9   -9  304  42 -100   36 42   9  0 D  49 46   7 160 1 177 61
            1165 2023  6  3 22 18 56.200 L 1.000 X  45.92333 -129.99049   1.230 X  -9.000   0.300   0.200  -9.000    -18   -9   -9  241  65  174   38 42   8 32 C  53 52   7 134 1 132 47
            1166 2023  6  3 22 24 51.120 L 1.000 X  45.92350 -129.99150   1.230 X  -9.000   0.300   0.200  -9.000    -18   -9   -9   72  64 -125   43 36  11 25 C  55 52   9 131 1  82 50
            1167 2023  6  4  0  4 28.470 L 1.000 X  46.00367 -130.02783   1.410 X  -9.000   0.300   0.200  -9.000    -18   -9   -9    7  18  -45   33 48  11 22 C  52 45  11 144 1  84 72
            1168 2023  6  4  3 49 17.920 L 1.000 X  45.94083 -130.01883   1.380 X  -9.000   0.300   0.200  -9.000    -18   -9   -9  140  78 -148   47 40  16 30 D  44 46  16 133 1  96 38
            1169 2023  6  4  4 36 53.880 L 1.000 X  45.93633 -130.01917   1.370 X  -9.000   0.300   0.200  -9.000    -18   -9   -9   47  43  -87   25 29  13  2 B  77 36  13 158 1 126 37
            1170 2023  6  4  7 35  9.110 L 1.000 X  46.00183 -130.02834   1.610 X  -9.000   0.300   0.200  -9.000    -18   -9   -9  349  75  157   32 31   9 17 B  73 50   7 147 1  81 58
            1171 2023  6  4 13 45 18.600 L 1.000 X  46.00483 -130.02650   1.570 X  -9.000   0.300   0.200  -9.000    -18   -9   -9  163  58  159   18 31   8 21 A  87 51   7 139 1 106 68
            1172 2023  6  4 15 16  9.960 L 1.000 X  45.94883 -129.98550   1.780 X  -9.000   0.300   0.200  -9.000    -18   -9   -9   47  75 -106   32 39   8 20 C  67 62   8 134 1  73 27
            1173 2023  6  4 22  1 50.060 L 1.000 X  45.94567 -130.03917   1.710 X  -9.000   0.300   0.200  -9.000    -18   -9   -9  236  84  173   37 41  10 34 C  50 41  10 129 1 169 48
            1174 2023  6  4 22 21 31.960 L 1.000 X  45.94517 -130.03900   2.090 X  -9.000   0.300   0.200  -9.000    -18   -9   -9    0  26 -113   33 37   8  0 C  57 47   7 102 1 253 56
            1175 2023  6  5  3  5 26.460 L 1.000 X  45.95733 -129.98784   1.710 X  -9.000   0.300   0.200  -9.000    -18   -9   -9    3  57 -168   24 21   9  0 A  93 67   8 134 1  96 37
            1176 2023  6  5  4 24  3.670 L 1.000 X  45.95683 -129.98784   1.810 X  -9.000   0.300   0.200  -9.000    -18   -9   -9  144  54 -128   35 39   8 34 C  62 60   6 120 1  99 34
            1177 2023  6  5  5 28 52.440 L 1.000 X  46.00167 -130.02733   1.300 X  -9.000   0.300   0.200  -9.000    -18   -9   -9  259  47 -105   45 45   8 13 D  48 50   7 110 1 113 64
            1178 2023  6  5  6 46 28.700 L 1.000 X  45.91600 -129.99049   0.900 X  -9.000   0.300   0.200  -9.000    -18   -9   -9  277  45  -99   30 30   8 20 B  79 40   6 172 1 134 73
            1179 2023  6  5  7  6 44.260 L 1.000 X  45.91633 -129.99033   0.930 X  -9.000   0.300   0.200  -9.000    -18   -9   -9  164  52 -102   41 50  10 35 D  33 43   8 162 1 127 68
            1180 2023  6  5 10 13 27.770 L 1.000 X  45.92467 -129.99150   1.040 X  -9.000   0.300   0.200  -9.000    -18   -9   -9  137  78 -154   35 32  12 37 B  69 46  12 140 1 101 57
            1181 2023  6  5 16  7 20.120 L 1.000 X  45.91900 -129.98700   1.070 X  -9.000   0.300   0.200  -9.000    -18   -9   -9  217  61  172   46 45   9 26 D  40 47   8 178 1 112 55
            1182 2023  6  6  6 14 36.180 L 1.000 X  45.94267 -130.02850   0.920 X  -9.000   0.300   0.200  -9.000    -18   -9   -9  164  72  176   47 44   8 32 D  35 39   6 153 1  96 66
            1183 2023  6  6 14 26 42.540 L 1.000 X  46.00267 -130.02916   1.540 X  -9.000   0.300   0.200  -9.000    -18   -9   -9  349  64  170   45 58   8 36 D  25 55   7  94 1 112 57
            1184 2023  6  6 14 38  5.090 L 1.000 X  45.93717 -130.01950   1.180 X  -9.000   0.300   0.200  -9.000    -18   -9   -9  136  53 -112   57 64  14 37 D  31 40  13 163 1  81 37
            1185 2023  6  6 14 40 30.060 L 1.000 X  45.93767 -130.01950   1.130 X  -9.000   0.300   0.200  -9.000    -18   -9   -9   30  34  -94   32 29  12 24 B  72 44   9 132 1  82 36
            1186 2023  6  6 16  9  1.720 L 1.000 X  45.95683 -129.98917   2.060 X  -9.000   0.300   0.200  -9.000    -18   -9   -9  358  83 -160   23 29  16 12 B  81 61  14 134 1  58 32
            1187 2023  6  6 18 56  0.100 L 1.000 X  45.95750 -129.98866   1.390 X  -9.000   0.300   0.200  -9.000    -18   -9   -9    1  70 -165   34 34   9 18 B  71 53   7 148 1  96 47
            1188 2023  6  6 23 53  8.920 L 1.000 X  45.92233 -129.98801   0.820 X  -9.000   0.300   0.200  -9.000    -18   -9   -9  253  66 -157   36 34   9 19 C  60 51   8 114 1 157 58
            1189 2023  6  7  3 15 27.720 L 1.000 X  45.92400 -129.99200   0.920 X  -9.000   0.300   0.200  -9.000    -18   -9   -9   41  64 -138   36 38  10 25 C  64 45   7 152 1  83 64
            1190 2023  6  7  3 16  2.340 L 1.000 X  45.92450 -129.99117   0.970 X  -9.000   0.300   0.200  -9.000    -18   -9   -9  175  82  172   30 29  11 31 B  74 51  10 151 1  81 60
            1191 2023  6  7  3 16 40.660 L 1.000 X  45.92417 -129.99249   0.930 X  -9.000   0.300   0.200  -9.000    -18   -9   -9  280  64 -154   38 47   9 39 C  51 44   8 136 1 110 65
            1192 2023  6  7  4 43 42.280 L 1.000 X  45.92333 -129.99017   0.970 X  -9.000   0.300   0.200  -9.000    -18   -9   -9  339  33  -93   36 38   8 20 C  59 40   8 172 1 135 58
            1193 2023  6  7 16 45 30.830 L 1.000 X  45.90917 -129.95934   0.870 X  -9.000   0.300   0.200  -9.000    -18   -9   -9   17  49 -154   38 41   9  6 D  43 57   7 126 1 289 64
            1194 2023  6  7 17 11 19.760 L 1.000 X  45.92400 -129.98300   1.260 X  -9.000   0.300   0.200  -9.000    -18   -9   -9  272  39  -79   25 30  14 13 B  81 51  13 163 1  80 36
            1195 2023  6  7 19 23 52.440 L 1.000 X  45.97900 -129.99750   1.400 X  -9.000   0.300   0.200  -9.000    -18   -9   -9  306  65 -153   39 43   9 19 D  39 47   9 122 1  73 54
            1196 2023  6  7 19 24 11.440 L 1.000 X  46.00250 -130.02800   1.390 X  -9.000   0.300   0.200  -9.000    -18   -9   -9  141  52 -123   33 30  11  0 B  65 45  11 144 1  83 61
            1197 2023  6  8  0 24 58.420 L 1.000 X  45.96400 -129.99350   1.590 X  -9.000   0.300   0.200  -9.000    -18   -9   -9  355  57 -140   44 35   8  9 C  52 44   6 183 1  87 33
            1198 2023  6  8  1 34 52.880 L 1.000 X  45.92300 -129.99150   0.830 X  -9.000   0.300   0.200  -9.000    -18   -9   -9  117  46  -85   45 54  10 31 D  40 46   9 126 1 101 67
            1199 2023  6  8  1 41 56.080 L 1.000 X  45.92267 -129.99117   1.010 X  -9.000   0.300   0.200  -9.000    -18   -9   -9  278  48 -132   36 38  10 16 C  68 45   8 152 1 108 60
            1200 2023  6  8  2 51 14.260 L 1.000 X  45.92250 -129.99083   1.190 X  -9.000   0.300   0.200  -9.000    -18   -9   -9   11  88 -165   41 37  10 28 C  64 50   8 143 1  88 50
            1201 2023  6  8  6 28 32.610 L 1.000 X  45.92283 -129.99217   0.920 X  -9.000   0.300   0.200  -9.000    -18   -9   -9   90  51  -90   42 48  11 53 D  52 44  11 148 1  88 66
            1202 2023  6  8  7 13 10.520 L 1.000 X  45.92250 -129.99150   1.000 X  -9.000   0.300   0.200  -9.000    -18   -9   -9    3  84 -174   33 36   8 43 B  71 41   7 154 1 108 61
            1203 2023  6  8  7 45 41.430 L 1.000 X  45.92283 -129.99167   0.990 X  -9.000   0.300   0.200  -9.000    -18   -9   -9   87  46  -74   40 47  11 34 D  49 42   9 157 1  88 62
            1204 2023  6  8  7 56 12.120 L 1.000 X  45.92650 -129.98683   1.180 X  -9.000   0.300   0.200  -9.000    -18   -9   -9  280  40 -115   18 19  11 16 A  96 47  10 149 1  93 36
            1205 2023  6  8 22 51 42.640 L 1.000 X  45.97950 -129.99916   1.410 X  -9.000   0.300   0.200  -9.000    -18   -9   -9  135  84  179   30 37   8 29 B  69 50   8 137 1  78 49
            1206 2023  6  8 23 48 51.000 L 1.000 X  45.98083 -130.00017   2.040 X  -9.000   0.300   0.200  -9.000    -18   -9   -9   51  38 -162   39 24  14 22 B  68 58  11 113 1  97 33
            1207 2023  6  9  0 11 49.680 L 1.000 X  45.98033 -129.99916   1.700 X  -9.000   0.300   0.200  -9.000    -18   -9   -9  212  76 -131   59 65   8 23 D  35 48   8 173 1  95 41
            1208 2023  6  9  3 33  1.070 L 1.000 X  45.98133 -130.00017   2.090 X  -9.000   0.300   0.200  -9.000    -18   -9   -9  286  71  -76   22 22   9 11 A  94 64   8 109 1 104 32
            1209 2023  6  9  4  7 25.290 L 1.000 X  45.98083 -130.00017   2.070 X  -9.000   0.300   0.200  -9.000    -18   -9   -9   10  55 -145   29 30  17 33 B  78 54  17 118 1 107 32
            1210 2023  6  9  4 13  7.170 L 1.000 X  45.98050 -129.99916   2.010 X  -9.000   0.300   0.200  -9.000    -18   -9   -9  116  12 -136   44 43   8 25 D  48 63   7 108 1  96 35
            1211 2023  6  9  4 13 45.110 L 1.000 X  45.98217 -129.99966   2.230 X  -9.000   0.300   0.200  -9.000    -18   -9   -9   87  38  142   42 48   9 29 D  36 65   7  98 1  98 31
            1212 2023  6  9  4 14 11.260 L 1.000 X  45.97900 -129.99899   1.660 X  -9.000   0.300   0.200  -9.000    -18   -9   -9  121  53  175   36 34   8 27 C  66 51   8 159 1 101 44
            1213 2023  6  9  4 14 17.330 L 1.000 X  45.98000 -129.99899   2.020 X  -9.000   0.300   0.200  -9.000    -18   -9   -9  101  29  158   45 51   8 40 D  43 67   7  88 1  92 36
            1214 2023  6  9  4 20 16.150 L 1.000 X  45.98100 -130.00050   2.020 X  -9.000   0.300   0.200  -9.000    -18   -9   -9  219  84 -176   29 17  17 23 B  77 54  17 126 1  96 32
            1215 2023  6  9  4 20 48.230 L 1.000 X  45.98083 -129.99933   1.590 X  -9.000   0.300   0.200  -9.000    -18   -9   -9  135  81  160   35 51   8 25 D  44 56   7  97 1  99 43
            1216 2023  6  9  4 28 17.580 L 1.000 X  45.98050 -130.00017   1.840 X  -9.000   0.300   0.200  -9.000    -18   -9   -9   52  61 -155   37 22  18 25 B  73 51  18 123 1  97 36
            1217 2023  6  9  4 28 41.010 L 1.000 X  45.98067 -130.00067   1.760 X  -9.000   0.300   0.200  -9.000    -18   -9   -9  215  70 -157   30 31  18 21 B  65 47  18 145 1  95 37
            1218 2023  6  9  4 29  9.710 L 1.000 X  45.98133 -129.99966   2.050 X  -9.000   0.300   0.200  -9.000    -18   -9   -9  360  67 -123   40 34  15 18 C  63 54  14 129 1  98 33
            1219 2023  6  9  4 30 21.680 L 1.000 X  45.98150 -129.99983   2.040 X  -9.000   0.300   0.200  -9.000    -18   -9   -9  327  76  -97   25 25  12 17 A  87 57  11 118 1  98 33
            1220 2023  6  9  4 33 12.540 L 1.000 X  45.98033 -129.99950   2.090 X  -9.000   0.300   0.200  -9.000    -18   -9   -9  304  87 -115   48 56   8 43 D  39 63   7 107 1  99 34
            1221 2023  6  9  4 39 23.550 L 1.000 X  45.98083 -129.99916   2.060 X  -9.000   0.300   0.200  -9.000    -18   -9   -9  184  15  -26   44 46   8 19 D  52 65   7 115 1 100 34
            1222 2023  6  9  4 45 51.680 L 1.000 X  45.98000 -129.99916   1.800 X  -9.000   0.300   0.200  -9.000    -18   -9   -9   84  21 -172   45 53   8 45 D  36 62   6  97 1  93 39
            1223 2023  6  9  5 34 35.050 L 1.000 X  45.98200 -130.00000   1.990 X  -9.000   0.300   0.200  -9.000    -18   -9   -9  312  71  -77   29 28  13  9 B  77 55  12 126 1  97 33
            1224 2023  6  9 20 36 43.800 L 1.000 X  45.98050 -129.99884   1.840 X  -9.000   0.300   0.200  -9.000    -18   -9   -9  297  82 -131   41 40   8  0 D  47 49   5 135 1 197 39
            1225 2023  6  9 20 37 28.460 L 1.000 X  45.98100 -129.99867   2.070 X  -9.000   0.300   0.200  -9.000    -18   -9   -9  104  51  161   42 49   8 48 D  44 64   7 120 1 102 35
            1226 2023  6  9 21 35 52.240 L 1.000 X  45.99933 -130.02716   1.220 X  -9.000   0.300   0.200  -9.000    -18   -9   -9  264  46  -93   50 52   8 26 D  41 43   8 149 1  83 62
            1227 2023  6  9 21 41 33.100 L 1.000 X  45.99933 -130.02716   1.200 X  -9.000   0.300   0.200  -9.000    -18   -9   -9  102  44  -86   39 42  10 20 C  76 45   8 133 1  83 62
            1228 2023  6 10  0  6 52.650 L 1.000 X  45.99983 -130.02783   1.240 X  -9.000   0.300   0.200  -9.000    -18   -9   -9  351  45 -105   46 52  10  8 D  46 45   9 147 1  81 61
            1229 2023  6 10  7  9  6.700 L 1.000 X  45.92667 -129.98784   1.060 X  -9.000   0.300   0.200  -9.000    -18   -9   -9  132  51  -70   22 19  10  9 A  91 45   9 163 1  93 45
            1230 2023  6 11  1 16 24.010 L 1.000 X  45.92216 -129.98616   1.150 X  -9.000   0.300   0.200  -9.000    -18   -9   -9  265  40 -114   34 32   9 16 B  60 53   7 150 1  68 40
            1231 2023  6 11  5 44  7.880 L 1.000 X  45.96367 -129.99516   1.510 X  -9.000   0.300   0.200  -9.000    -18   -9   -9  142  85  154   28 33   9 44 B  77 48   8 142 1 130 30
            1232 2023  6 11  9 49 54.440 L 1.000 X  45.99933 -130.02716   1.370 X  -9.000   0.300   0.200  -9.000    -18   -9   -9  344  44  105   35 38   8 35 C  57 47   7 120 1  83 59
            1233 2023  6 12 23  6 39.380 L 1.000 X  45.93950 -129.98734   1.540 X  -9.000   0.300   0.200  -9.000    -18   -9   -9   91  70 -168   39 37  10 24 C  58 49   9 169 1 105 32
            1234 2023  6 12 23  7  8.640 L 1.000 X  45.93950 -129.98750   1.540 X  -9.000   0.300   0.200  -9.000    -18   -9   -9   94  83 -172   22 15  13  8 A  96 51  13 153 1  81 32
            1235 2023  6 12 23  7 22.600 L 1.000 X  45.93900 -129.98700   1.530 X  -9.000   0.300   0.200  -9.000    -18   -9   -9  271  81  170   21 16  12 13 A  97 45  12 183 1  64 40
            1236 2023  6 12 23 13 51.440 L 1.000 X  45.93917 -129.98683   1.520 X  -9.000   0.300   0.200  -9.000    -18   -9   -9  252  42  164   42 37  11 21 C  60 44  10 167 1 107 30
            1237 2023  6 12 23 18 18.440 L 1.000 X  45.93933 -129.98683   1.490 X  -9.000   0.300   0.200  -9.000    -18   -9   -9   95  82 -174   29 20  13 21 A  81 49  12 163 1  64 31
            1238 2023  6 12 23 18 29.000 L 1.000 X  45.93884 -129.98700   1.390 X  -9.000   0.300   0.200  -9.000    -18   -9   -9  313  79 -141   40 44   8  7 D  44 43   7 159 1  81 32
            1239 2023  6 12 23 18 42.440 L 1.000 X  45.93917 -129.98700   1.550 X  -9.000   0.300   0.200  -9.000    -18   -9   -9  249  50  179   50 49  10 32 D  57 46   8 182 1 107 30
            1240 2023  6 12 23 34  2.120 L 1.000 X  45.93967 -129.98801   1.480 X  -9.000   0.300   0.200  -9.000    -18   -9   -9  301  89 -129   40 50   8 22 D  40 60   4 108 1 113 35
            1241 2023  6 12 23 43 41.540 L 1.000 X  45.93900 -129.98717   1.400 X  -9.000   0.300   0.200  -9.000    -18   -9   -9   95  68 -165   25 20   9 27 A  91 48   7 152 1  95 33
            1242 2023  6 13  2 19 17.270 L 1.000 X  45.94150 -130.01950   1.360 X  -9.000   0.300   0.200  -9.000    -18   -9   -9  227  45  -94   42 33  16 14 C  54 41  16 142 1  77 42
            1243 2023  6 13 20 38 17.960 L 1.000 X  46.01467 -130.02834   1.690 X  -9.000   0.300   0.200  -9.000    -18   -9   -9   69  50  155   25 31   9 16 B  73 50   9 110 1 106 51
            1244 2023  6 13 23 47 29.760 L 1.000 X  45.92467 -129.99100   1.000 X  -9.000   0.300   0.200  -9.000    -18   -9   -9   97  45  -91   27 23  12  0 B  84 45  11 154 1 102 58
            1245 2023  6 14 14 58  7.530 L 1.000 X  45.91133 -129.98517   0.730 X  -9.000   0.300   0.200  -9.000    -18   -9   -9  321  81  160   36 48   8 46 C  53 48   5 169 1 172 63
            1246 2023  6 14 23  7 10.040 L 1.000 X  45.92450 -129.98550   1.400 X  -9.000   0.300   0.200  -9.000    -18   -9   -9  260  66  172   41 39   8 17 C  50 58   7 121 1 135 27
            1247 2023  6 15  2 49 54.140 L 1.000 X  46.00367 -130.02901   1.460 X  -9.000   0.300   0.200  -9.000    -18   -9   -9  343  66  159   34 34   9 15 B  67 48   8 147 1  87 55
            1248 2023  6 15 13 31 32.690 L 1.000 X  45.96667 -129.99600   1.470 X  -9.000   0.300   0.200  -9.000    -18   -9   -9  259  54  170   59 72   8 24 D  21 50   8 141 1  96 30
            1249 2023  6 15 15 55 24.450 L 1.000 X  45.94017 -130.01801   1.140 X  -9.000   0.300   0.200  -9.000    -18   -9   -9   83  41 -101   34 51  10 31 C  64 47  10 139 1 113 72
            1250 2023  6 16  4  9 34.100 L 1.000 X  45.95550 -129.98683   2.030 X  -9.000   0.300   0.200  -9.000    -18   -9   -9   37  81 -120   50 49   8 38 D  38 65   6 101 1 116 26
            1251 2023  6 16 14  9  3.880 L 1.000 X  45.96100 -129.98717   1.910 X  -9.000   0.300   0.200  -9.000    -18   -9   -9  327   3   10   29 24   9 28 B  84 63   7 116 1  80 42
            1252 2023  6 17  1 25  1.840 L 1.000 X  45.96684 -130.03366   0.500 X  -9.000   0.300   0.200  -9.000    -18   -9   -9  248  72 -176   44 48   8 12 D  35 80   7  69 1 236 50
            1253 2023  6 17 14 38 12.520 L 1.000 X  45.92683 -129.98717   1.300 X  -9.000   0.300   0.200  -9.000    -18   -9   -9  299  58  156   42 38  13 18 C  54 50  11 144 1  64 34
            1254 2023  6 18  4 57 10.830 L 1.000 X  45.92183 -129.98717   0.880 X  -9.000   0.300   0.200  -9.000    -18   -9   -9  261  40 -108   37 44   8 12 C  59 50   6 149 1 116 54
            1255 2023  6 18 16 24 26.240 L 1.000 X  45.97533 -129.99634   1.690 X  -9.000   0.300   0.200  -9.000    -18   -9   -9  149  79 -172   49 34   8 34 D  48 51   8 133 1  91 47
            1256 2023  6 18 16 48 30.130 L 1.000 X  45.97517 -129.99617   1.380 X  -9.000   0.300   0.200  -9.000    -18   -9   -9  148  83 -174   44 43   8 54 D  47 44   8 163 1  97 55
            1257 2023  6 18 16 49 41.530 L 1.000 X  45.97500 -129.99600   1.440 X  -9.000   0.300   0.200  -9.000    -18   -9   -9  318  77  173   43 43   8 45 D  46 47   7 137 1  93 53
            1258 2023  6 18 16 52  1.240 L 1.000 X  45.97550 -129.99634   1.820 X  -9.000   0.300   0.200  -9.000    -18   -9   -9  151  10 -165   55 55   8 19 D  40 51   8 136 1  91 44
            1259 2023  6 18 16 52 14.720 L 1.000 X  45.97483 -129.99600   1.390 X  -9.000   0.300   0.200  -9.000    -18   -9   -9  146  87 -173   40 32   8 42 C  59 45   8 162 1  98 54
            1260 2023  6 21 11 44  3.030 L 1.000 X  45.92650 -129.98584   1.310 X  -9.000   0.300   0.200  -9.000    -18   -9   -9  248  64 -164   35 29  12 15 B  68 43  11 160 1  69 30
            1261 2023  6 21 11 44 48.700 L 1.000 X  45.92633 -129.98633   1.300 X  -9.000   0.300   0.200  -9.000    -18   -9   -9  140  81  174   32 33  12 24 B  67 52  10 132 1  66 31
            1262 2023  6 21 17  4 57.420 L 1.000 X  45.95850 -129.98950   1.980 X  -9.000   0.300   0.200  -9.000    -18   -9   -9  273  23  -20   34 41   8 42 C  62 55   7 140 1 147 37
            1263 2023  6 21 20  9 27.240 L 1.000 X  45.92383 -129.98967   0.840 X  -9.000   0.300   0.200  -9.000    -18   -9   -9  353  89 -175   29 33   8 44 B  79 49   8 160 1 156 60
            1264 2023  6 21 20  9 31.840 L 1.000 X  45.92417 -129.98950   0.870 X  -9.000   0.300   0.200  -9.000    -18   -9   -9  353  71  171   44 60   8 32 D  45 57   7 128 1 107 58
            1265 2023  6 22 23 31 31.980 L 1.000 X  45.92133 -129.97766   1.290 X  -9.000   0.300   0.200  -9.000    -18   -9   -9  105  72 -106   37 49   9 16 C  53 53   8 156 1  84 38
            1266 2023  6 23 20 18 41.360 L 1.000 X  46.00317 -130.02867   1.490 X  -9.000   0.300   0.200  -9.000    -18   -9   -9  350  85  169   29 32   8 29 B  72 42   8 162 1  85 56
            1267 2023  6 24 20 28 56.020 L 1.000 X  45.91333 -129.98633   0.690 X  -9.000   0.300   0.200  -9.000    -18   -9   -9   56  76 -178   37 40   9 24 D  42 51   7 148 1 176 62
            1268 2023  6 25 16 19 43.990 L 1.000 X  45.92650 -129.98801   1.150 X  -9.000   0.300   0.200  -9.000    -18   -9   -9   93  54  -87   33 43  11 24 C  63 50  10 141 1  81 41
            1269 2023  6 25 16 45 25.440 L 1.000 X  45.92600 -129.98466   1.090 X  -9.000   0.300   0.200  -9.000    -18   -9   -9  174  34  -82   35 33  10  0 B  69 48   8 126 1  76 31
            1270 2023  6 25 22 35 15.460 L 1.000 X  45.92583 -129.98050   1.220 X  -9.000   0.300   0.200  -9.000    -18   -9   -9  277  40  -92   23 28  11 18 B  88 50  10 158 1  89 42
            1271 2023  6 25 22 35 23.440 L 1.000 X  45.92583 -129.98067   1.290 X  -9.000   0.300   0.200  -9.000    -18   -9   -9   84  69 -128   39 38   8  2 C  53 47   8 180 1 118 40
            1272 2023  6 25 23 55  7.520 L 1.000 X  45.94133 -130.01984   1.300 X  -9.000   0.300   0.200  -9.000    -18   -9   -9  334  70 -166   31 32   9 50 B  70 39   9 166 1  91 43
            1273 2023  6 26 13 53 21.460 L 1.000 X  45.98067 -129.99850   1.830 X  -9.000   0.300   0.200  -9.000    -18   -9   -9  107  87  122   45 36   8 22 D  45 61   7 103 1 103 40
            1274 2023  6 26 13 55 27.020 L 1.000 X  45.98117 -129.99817   1.980 X  -9.000   0.300   0.200  -9.000    -18   -9   -9  114  19 -127   43 49   9 30 D  36 60   8  99 1  98 37
            1275 2023  6 26 17 55 44.000 L 1.000 X  45.96617 -129.99667   1.430 X  -9.000   0.300   0.200  -9.000    -18   -9   -9  353  74 -111   47 42  11 36 D  46 45   8 140 1  93 30
            1276 2023  6 26 18  8 10.160 L 1.000 X  45.97083 -129.99266   1.780 X  -9.000   0.300   0.200  -9.000    -18   -9   -9  121  75  156   41 34   8 25 C  55 57   6 134 1 164 39
            1277 2023  6 27  3 38  1.740 L 1.000 X  46.00167 -130.02766   1.380 X  -9.000   0.300   0.200  -9.000    -18   -9   -9  179  86 -172   24 25   9 26 A  85 45   9 162 1  80 63
            1278 2023  6 27  5 47 28.180 L 1.000 X  46.00150 -130.02684   1.230 X  -9.000   0.300   0.200  -9.000    -18   -9   -9   81  47  -90   32 34   9 22 B  69 45   8 136 1  75 65
            1279 2023  6 27  8 19 19.610 L 1.000 X  45.91650 -129.99083   0.790 X  -9.000   0.300   0.200  -9.000    -18   -9   -9  274  90 -178   35 31   9  6 B  64 46   7 137 1 188 70
            1280 2023  6 27  9 53 44.480 L 1.000 X  46.01167 -130.03633   1.720 X  -9.000   0.300   0.200  -9.000    -18   -9   -9  266  56 -101   46 44   8 28 D  40 52   8 106 1 158 45
            1281 2023  6 27 10 11 33.570 L 1.000 X  45.95867 -129.98734   1.980 X  -9.000   0.300   0.200  -9.000    -18   -9   -9  231  11  -65   20 28  11 30 A  89 57  10 117 1  87 35
            1282 2023  6 27 14 35 36.330 L 1.000 X  45.93983 -129.98334   1.320 X  -9.000   0.300   0.200  -9.000    -18   -9   -9  359  72  151   32 31   9 21 B  78 49   7 146 1 102 27
            1283 2023  6 27 16  8 59.670 L 1.000 X  45.94000 -129.98351   1.250 X  -9.000   0.300   0.200  -9.000    -18   -9   -9  110  87  142   28 36   8  9 B  71 46   7 161 1  90 29
            1284 2023  6 27 16 13 18.950 L 1.000 X  45.94033 -129.98399   1.280 X  -9.000   0.300   0.200  -9.000    -18   -9   -9    3  72  169   27 41  11 25 D  36 45   9 157 1  57 31
            1285 2023  6 27 23  5 47.080 L 1.000 X  45.94050 -130.01900   1.100 X  -9.000   0.300   0.200  -9.000    -18   -9   -9  357  48 -120   22 28   8 35 B  87 45   8 135 1  90 46
            1286 2023  6 27 23 26  3.700 L 1.000 X  45.97150 -129.99483   1.210 X  -9.000   0.300   0.200  -9.000    -18   -9   -9  204  73  178   26 32  12 12 B  75 43  10 154 1  72 51
            1287 2023  6 28  1 59  3.410 L 1.000 X  45.92283 -129.98849   0.810 X  -9.000   0.300   0.200  -9.000    -18   -9   -9  263  80 -168   38 35   8 33 C  60 53   7 124 1 132 59
            1288 2023  6 28 12 11  6.260 L 1.000 X  45.92583 -129.98151   1.110 X  -9.000   0.300   0.200  -9.000    -18   -9   -9  109  68 -133   38 44   8 23 C  54 50   7 149 1  82 58
            1289 2023  6 28 12 16 46.530 L 1.000 X  45.92617 -129.98117   1.250 X  -9.000   0.300   0.200  -9.000    -18   -9   -9  108  47  -85   27 20  10 18 A  86 48   9 160 1  75 51
            1290 2023  6 28 22 53  4.340 L 1.000 X  45.95083 -129.98567   1.780 X  -9.000   0.300   0.200  -9.000    -18   -9   -9  146  40 -143   57 59  11 43 D  29 62   8 108 1  57 31
            1291 2023  6 28 23  0 41.360 L 1.000 X  45.95050 -129.98633   1.790 X  -9.000   0.300   0.200  -9.000    -18   -9   -9   53  84  -96   29 34   8 26 B  69 66   8 110 1  69 29
            1292 2023  6 28 23  5 29.780 L 1.000 X  45.95050 -129.98567   1.930 X  -9.000   0.300   0.200  -9.000    -18   -9   -9    1  61  -87   37 37  11 26 C  65 64   8 118 1  56 29
            1293 2023  6 28 23  6 41.040 L 1.000 X  45.95016 -129.98584   1.940 X  -9.000   0.300   0.200  -9.000    -18   -9   -9  236  22  -97   51 51  11 37 D  41 66   8 102 1  55 28
            1294 2023  6 29  1 46 42.860 L 1.000 X  45.95850 -129.98984   2.040 X  -9.000   0.300   0.200  -9.000    -18   -9   -9  153  87  152   24 31  12  3 B  75 64  10 120 1  59 37
            1295 2023  6 29  1 49 55.950 L 1.000 X  45.95850 -129.98933   2.030 X  -9.000   0.300   0.200  -9.000    -18   -9   -9  359  89 -120   39 34   8 32 C  53 65   6 107 1 104 36
            1296 2023  6 29  1 56  4.000 L 1.000 X  45.95883 -129.99001   2.060 X  -9.000   0.300   0.200  -9.000    -18   -9   -9  349  11   22   42 35   8 30 C  55 67   7 110 1  91 37
            1297 2023  6 29 10 39 35.810 L 1.000 X  45.97750 -129.99516   1.930 X  -9.000   0.300   0.200  -9.000    -18   -9   -9  129   5 -127   32 35   8  9 B  64 56   5  86 1 117 41
            1298 2023  6 29 11 53 41.020 L 1.000 X  45.95950 -129.98967   1.430 X  -9.000   0.300   0.200  -9.000    -18   -9   -9    1  45 -119   40 49   8  4 D  49 45   6 176 1 139 50
            1299 2023  6 29 12  8 53.830 L 1.000 X  45.96017 -129.98967   1.500 X  -9.000   0.300   0.200  -9.000    -18   -9   -9  127  63  176   25 27  10 18 B  88 51   8 148 1  85 47
            1300 2023  6 29 17 18 57.680 L 1.000 X  45.94067 -129.98700   1.570 X  -9.000   0.300   0.200  -9.000    -18   -9   -9   97  77 -174   50 58   8 22 D  57 59   7 129 1  95 33
            1301 2023  6 30  5 36 50.790 L 1.000 X  45.92083 -129.98950   0.920 X  -9.000   0.300   0.200  -9.000    -18   -9   -9  153  57  -48   54 54   8 46 D  34 45   7 138 1 121 62
            1302 2023  6 30 11  1  4.840 L 1.000 X  45.95800 -129.99083   1.860 X  -9.000   0.300   0.200  -9.000    -18   -9   -9  235  89   93   43 41   8 18 D  42 68   5  85 1  96 40
            1303 2023  6 30 13 14 49.110 L 1.000 X  45.92167 -129.98767   1.020 X  -9.000   0.300   0.200  -9.000    -18   -9   -9  169  76  153   25 29  10 35 B  78 50   9 152 1 134 51
            1304 2023  6 30 13 58 53.540 L 1.000 X  45.93800 -129.98466   1.700 X  -9.000   0.300   0.200  -9.000    -18   -9   -9  137  22 -106   47 53   8 36 D  28 60   6 140 1  88 24
            1305 2023  6 30 15 29 20.910 L 1.000 X  45.92683 -129.98734   1.280 X  -9.000   0.300   0.200  -9.000    -18   -9   -9  102  60 -123   43 34  12 15 C  55 49  11 172 1  63 35
            1306 2023  6 30 15 30 11.180 L 1.000 X  45.92700 -129.98767   1.220 X  -9.000   0.300   0.200  -9.000    -18   -9   -9  258  74 -177   36 38   8 18 C  53 51   6 151 1 117 38
            1307 2023  6 30 20 57 14.480 L 1.000 X  45.96717 -129.99651   1.550 X  -9.000   0.300   0.200  -9.000    -18   -9   -9  311  87 -153   42 42   8  5 C  53 38   5 185 1 118 28
            1308 2023  7  1 15 52 48.480 L 1.000 X  45.93683 -129.98151   1.420 X  -9.000   0.300   0.200  -9.000    -18   -9   -9  357  67 -157   17 40  14 20 C  58 47  14 161 1  87 21
            1309 2023  7  1 15 59 15.400 L 1.000 X  45.93683 -129.98199   1.380 X  -9.000   0.300   0.200  -9.000    -18   -9   -9  354  71 -133   22 34  12  3 B  76 46  11 164 1  88 20
            1310 2023  7  2  9 25 15.060 L 1.000 X  45.93633 -129.98167   1.440 X  -9.000   0.300   0.200  -9.000    -18   -9   -9  358  71 -128   24 34  13 12 B  71 40  12 186 1  66 22
            1311 2023  7  2 12 37 46.410 L 1.000 X  45.94316 -129.98550   1.660 X  -9.000   0.300   0.200  -9.000    -18   -9   -9  356  68  -76   40 33  13 20 C  66 55  12 140 1  64 31
            1312 2023  7  2 19 21 40.380 L 1.000 X  45.92216 -129.98734   0.940 X  -9.000   0.300   0.200  -9.000    -18   -9   -9  108  54  -97   41 51   8 15 D  26 46   6 142 1 168 52
            1313 2023  7  2 23 53 23.100 L 1.000 X  45.99367 -130.01517   1.630 X  -9.000   0.300   0.200  -9.000    -18   -9   -9  295  63   99   41 27   8 21 C  58 58   7 116 1  77 43
            1314 2023  7  3  0 24  5.910 L 1.000 X  45.99367 -130.01550   1.690 X  -9.000   0.300   0.200  -9.000    -18   -9   -9  148  80  178   30 31   8 15 B  69 54   8 122 1 111 42
            1315 2023  7  5 22 46 41.880 L 1.000 X  45.92600 -129.98917   1.080 X  -9.000   0.300   0.200  -9.000    -18   -9   -9  164  72  166   15 23  14 19 A  93 48  14 172 1  75 48
            1316 2023  7  9 13 36 13.120 L 1.000 X  45.96467 -129.99217   1.910 X  -9.000   0.300   0.200  -9.000    -18   -9   -9  117  35  174   40 37   9 36 D  45 59   6 143 1 125 31
            1317 2023  7  9 13 39 59.420 L 1.000 X  45.96416 -129.99200   1.920 X  -9.000   0.300   0.200  -9.000    -18   -9   -9  118  70 -168   61 77   9 46 D  26 59   6 130 1 123 31
            1318 2023  7  9 13 51 15.150 L 1.000 X  45.96416 -129.99167   1.840 X  -9.000   0.300   0.200  -9.000    -18   -9   -9  115  67  166   22 21  11  0 A  95 56  11 143 1  69 33
            1319 2023  7  9 13 51 33.640 L 1.000 X  45.96717 -129.98334   3.440 X  -9.000   0.300   0.200  -9.000    -18   -9   -9  101  53  130   42 40   8 59 D  50 63   7 125 1 113 25
            1320 2023  7  9 14  5 48.650 L 1.000 X  45.96450 -129.99200   1.960 X  -9.000   0.300   0.200  -9.000    -18   -9   -9    5  55 -135   28 30  12 18 B  82 54  10 142 1  84 30
            1321 2023  7  9 14  7 22.880 L 1.000 X  45.96517 -129.99117   1.510 X  -9.000   0.300   0.200  -9.000    -18   -9   -9    9  72  -56   43 44   8 13 D  35 48   6 129 1  68 41
            1322 2023  7  9 14 27 51.450 L 1.000 X  45.96400 -129.99200   1.920 X  -9.000   0.300   0.200  -9.000    -18   -9   -9  135  73  173   28 31  12 13 B  76 57  10 140 1  70 31
            1323 2023  7  9 16 14 56.550 L 1.000 X  45.92500 -129.99234   0.880 X  -9.000   0.300   0.200  -9.000    -18   -9   -9  287  53 -123   44 37  10 36 C  56 48   9 147 1  78 65
            1324 2023  7  9 23 26 18.320 L 1.000 X  45.98000 -129.99783   1.640 X  -9.000   0.300   0.200  -9.000    -18   -9   -9   40  22  170   52 60   8 15 D  30 59   7 142 1  90 46
            1325 2023  7 10  0 59 31.150 L 1.000 X  45.92350 -129.99017   1.010 X  -9.000   0.300   0.200  -9.000    -18   -9   -9  272  64 -171   35 38   8 38 C  65 47   7 153 1 135 56
            1326 2023  7 10  1  1 44.960 L 1.000 X  45.92400 -129.99033   0.940 X  -9.000   0.300   0.200  -9.000    -18   -9   -9  292  45  -97   35 39   9 15 C  63 47   8 143 1 134 59
            1327 2023  7 10  1  6 27.950 L 1.000 X  45.92383 -129.98967   1.140 X  -9.000   0.300   0.200  -9.000    -18   -9   -9  273  52 -139   30 30   9 10 B  75 43   7 183 1  88 48
            1328 2023  7 10  6  9 32.610 L 1.000 X  46.00083 -130.02634   1.310 X  -9.000   0.300   0.200  -9.000    -18   -9   -9  183  88 -172   33 34   9 21 B  63 45   8 154 1  77 62
            1329 2023  7 10 13  5 45.150 L 1.000 X  45.92617 -129.98500   0.990 X  -9.000   0.300   0.200  -9.000    -18   -9   -9   93  54 -104   43 33   8 21 D  47 49   7 151 1 121 36
            1330 2023  7 10 15  4 23.370 L 1.000 X  45.92267 -129.99150   0.820 X  -9.000   0.300   0.200  -9.000    -18   -9   -9    1  87  177   37 42   9 33 C  60 57   8 124 1  99 66
            1331 2023  7 10 22  0 57.240 L 1.000 X  46.00300 -130.02850   1.570 X  -9.000   0.300   0.200  -9.000    -18   -9   -9  344  65  163   27 33   9  3 B  69 47   8 135 1  85 55
            1332 2023  7 10 22  1 19.780 L 1.000 X  46.00267 -130.02850   1.620 X  -9.000   0.300   0.200  -9.000    -18   -9   -9  352  76  161   26 32  10 23 B  70 50   9 122 1  83 55
            1333 2023  7 11 10 10  6.090 L 1.000 X  45.92067 -129.97600   1.510 X  -9.000   0.300   0.200  -9.000    -18   -9   -9  193  43 -178   32 30  10  3 B  68 59   9 115 1 118 28
            1334 2023  7 11 20 11 44.840 L 1.000 X  46.00250 -130.02299   1.580 X  -9.000   0.300   0.200  -9.000    -18   -9   -9   90  72 -179   26 25  10 17 B  83 47   9 136 1 101 46
            1335 2023  7 12 10  5 43.260 L 1.000 X  45.95867 -129.98767   1.580 X  -9.000   0.300   0.200  -9.000    -18   -9   -9  352  54 -127   46 59   8 27 D  28 51   6 139 1  90 51
            1336 2023  7 12 10 54 15.360 L 1.000 X  45.93767 -130.02034   1.520 X  -9.000   0.300   0.200  -9.000    -18   -9   -9   39  60 -148   32 29  11 31 B  68 40   8 189 1 126 37
            1337 2023  7 12 11 43 39.030 L 1.000 X  45.92650 -129.98700   1.070 X  -9.000   0.300   0.200  -9.000    -18   -9   -9   74  55 -108   35 31   9 20 B  74 51   8 164 1 147 41
            1338 2023  7 13  8 44  4.030 L 1.000 X  45.93900 -129.98000   1.670 X  -9.000   0.300   0.200  -9.000    -18   -9   -9   92  85  139   32 31  12 13 B  72 52  11 170 1  79 23
            1339 2023  7 13  8 44 17.470 L 1.000 X  45.93900 -129.97983   1.640 X  -9.000   0.300   0.200  -9.000    -18   -9   -9  129  41 -127   33 32  11 27 B  68 57  10 152 1  81 23
            1340 2023  7 13  8 45  0.830 L 1.000 X  45.93867 -129.98000   1.700 X  -9.000   0.300   0.200  -9.000    -18   -9   -9  109  81  149   32 30   8 25 B  75 61   8 146 1 114 30
            1341 2023  7 13  9 50 19.440 L 1.000 X  45.92667 -129.98833   1.120 X  -9.000   0.300   0.200  -9.000    -18   -9   -9  324  32 -119   34 42  10 15 C  58 46  10 179 1  83 44
            1342 2023  7 13 13 29 19.760 L 1.000 X  46.00350 -130.02783   1.530 X  -9.000   0.300   0.200  -9.000    -18   -9   -9   95  67  160   37 34  10 34 C  61 47  10 138 1  84 54
            1343 2023  7 15 12 25 24.770 L 1.000 X  45.92433 -129.98917   1.240 X  -9.000   0.300   0.200  -9.000    -18   -9   -9   76  71 -162   49 50   8 13 D  30 56   7 141 1  74 42
            1344 2023  7 17 10 20 56.980 L 1.000 X  45.93533 -130.01801   0.950 X  -9.000   0.300   0.200  -9.000    -18   -9   -9  327  55  -97   20 33   9 10 B  80 34   8 177 1 109 50
            1345 2023  7 17 10 21 11.780 L 1.000 X  45.93533 -130.01683   1.050 X  -9.000   0.300   0.200  -9.000    -18   -9   -9  131  76 -178   19 18  16 29 A  98 44  16 158 1  82 50
            1346 2023  7 17 10 21 24.190 L 1.000 X  45.93500 -130.01767   0.950 X  -9.000   0.300   0.200  -9.000    -18   -9   -9  132  50  -89   31 44  10 24 D  50 35   9 163 1 107 46
            1347 2023  7 17 10 22  7.730 L 1.000 X  45.93533 -130.01666   1.020 X  -9.000   0.300   0.200  -9.000    -18   -9   -9  131  81 -174   24 23  15 29 A  87 43  15 155 1  82 47
            1348 2023  7 17 17  6 22.760 L 1.000 X  45.92333 -129.98883   0.950 X  -9.000   0.300   0.200  -9.000    -18   -9   -9    7  87 -155   39 41   8 18 C  63 53   7 134 1 161 54
            1349 2023  7 18  5  9 36.070 L 1.000 X  45.92367 -129.98917   0.810 X  -9.000   0.300   0.200  -9.000    -18   -9   -9  172  80  175   22 23  10 41 A  93 46   9 160 1 108 60
            1350 2023  7 19  0 55 19.250 L 1.000 X  46.00083 -130.02667   1.750 X  -9.000   0.300   0.200  -9.000    -18   -9   -9  127   4   19    9 13  14  0 A 100 51  14 135 1  75 61
            1351 2023  7 19 17  2  4.680 L 1.000 X  45.92484 -129.99133   0.920 X  -9.000   0.300   0.200  -9.000    -18   -9   -9   67  52 -103   41 32  12 11 C  59 46  10 144 1 101 62
            1352 2023  7 19 17  2  7.500 L 1.000 X  45.92450 -129.99100   0.860 X  -9.000   0.300   0.200  -9.000    -18   -9   -9  355  79  166   51 64   8 45 D  54 43   8 162 1 108 63
            1353 2023  7 19 17  2 56.500 L 1.000 X  45.92467 -129.99133   0.930 X  -9.000   0.300   0.200  -9.000    -18   -9   -9  275  41  -91   47 48  11 27 D  57 45  10 143 1 101 61
            1354 2023  7 19 17 46 34.780 L 1.000 X  45.96667 -129.99683   1.390 X  -9.000   0.300   0.200  -9.000    -18   -9   -9  134  83  154   43 44   8 27 D  43 44   5 133 1 138 31
            1355 2023  7 19 22 49 30.640 L 1.000 X  45.96167 -129.99384   1.980 X  -9.000   0.300   0.200  -9.000    -18   -9   -9  347  50 -144   38 40   8  8 C  56 54   6 140 1 163 27
            1356 2023  7 20  7  1 24.000 L 1.000 X  46.00117 -130.03000   1.530 X  -9.000   0.300   0.200  -9.000    -18   -9   -9  189  81 -151   34 32   9 26 C  53 41   9 152 1  80 60
            1357 2023  7 20 18 46 44.920 L 1.000 X  45.92517 -129.99083   1.200 X  -9.000   0.300   0.200  -9.000    -18   -9   -9  273  46 -135   19 17  12  7 A  96 51  11 145 1  61 48
            1358 2023  7 22 18 15 28.440 L 1.000 X  46.00300 -130.02766   1.290 X  -9.000   0.300   0.200  -9.000    -18   -9   -9  354  86  179   31 30   9 35 B  80 47   9 152 1  84 60
            1359 2023  7 26 15  5 59.030 L 1.000 X  46.00583 -130.02699   1.620 X  -9.000   0.300   0.200  -9.000    -18   -9   -9  358  69  173   30 30   8 46 B  78 50   8 166 1  95 42
            1360 2023  7 26 17 57 52.720 L 1.000 X  45.96467 -129.99516   1.310 X  -9.000   0.300   0.200  -9.000    -18   -9   -9  321  81 -166   25 29   8 19 B  81 26   8 207 1 142 41
            1361 2023  7 26 22 48 56.340 L 1.000 X  45.94183 -130.01984   1.350 X  -9.000   0.300   0.200  -9.000    -18   -9   -9  112  70 -165   34 25  14  2 B  69 39  13 152 1  77 44
            1362 2023  7 27  1  7 16.410 L 1.000 X  45.93217 -129.98100   1.550 X  -9.000   0.300   0.200  -9.000    -18   -9   -9   12  62 -128   34 32  12 33 B  62 43  11 174 1 111 21
            1363 2023  7 27 17 45  8.420 L 1.000 X  45.92433 -129.97917   2.260 X  -9.000   0.300   0.200  -9.000    -18   -9   -9  253  86   95   29 32   8 13 B  71 75   8  76 1 188 29
            1364 2023  7 30  5 41 37.890 L 1.000 X  45.92100 -129.99017   0.880 X  -9.000   0.300   0.200  -9.000    -18   -9   -9    1  82 -177   21 24   9 25 A  95 44   8 153 1 174 65
            1365 2023  7 31  5 12  4.550 L 1.000 X  46.00283 -130.02834   1.450 X  -9.000   0.300   0.200  -9.000    -18   -9   -9  346  69  157   39 43   9 32 C  68 46   7 151 1  84 59
            1366 2023  7 31 14 22 14.250 L 1.000 X  45.95867 -129.98984   2.120 X  -9.000   0.300   0.200  -9.000    -18   -9   -9  357  86 -102   32 27  10 29 B  71 62   8 108 1  92 36
            1367 2023  7 31 15 28 19.430 L 1.000 X  45.95850 -129.98984   2.060 X  -9.000   0.300   0.200  -9.000    -18   -9   -9  349  75 -146   14 19  11  8 A  96 56  11 142 1  93 36
            1368 2023  7 31 18 16 49.900 L 1.000 X  45.95950 -129.99033   1.880 X  -9.000   0.300   0.200  -9.000    -18   -9   -9  230  72 -148   56 64   8 30 D  38 67   7 103 1  94 38
            1369 2023  7 31 19 34 12.600 L 1.000 X  45.95767 -129.98950   1.920 X  -9.000   0.300   0.200  -9.000    -18   -9   -9  339  87 -157   27 34  16 16 B  73 57  16 149 1  58 37
            1370 2023  8  1  2 44 30.290 L 1.000 X  46.00217 -130.02867   1.570 X  -9.000   0.300   0.200  -9.000    -18   -9   -9    1  88  177   37 53   9 18 D  37 46   8 155 1  82 58
            1371 2023  8  1 13 54 59.250 L 1.000 X  46.00033 -130.02650   1.320 X  -9.000   0.300   0.200  -9.000    -18   -9   -9  189  89  177   56 61  14 41 D  25 45  14 155 1  67 60
            1372 2023  8  2  3 34 46.380 L 1.000 X  45.92650 -129.97983   2.170 X  -9.000   0.300   0.200  -9.000    -18   -9   -9  128  28  -89   32 36   9 24 C  57 63   9 100 1 103 25
            1373 2023  8  2  6  6 52.800 L 1.000 X  45.92467 -129.99100   0.970 X  -9.000   0.300   0.200  -9.000    -18   -9   -9  271  66 -170   38 35  12 19 C  68 46   9 161 1 102 59
            1374 2023  8  2  6 10  1.110 L 1.000 X  45.92450 -129.99083   0.970 X  -9.000   0.300   0.200  -9.000    -18   -9   -9  275  53 -150   34 37  12 22 C  53 50   9 156 1 102 59
            1375 2023  8  2 14 24 13.800 L 1.000 X  45.94117 -130.01849   1.300 X  -9.000   0.300   0.200  -9.000    -18   -9   -9  339  79  171   33 36  10 38 B  66 49  10 134 1  87 41
            1376 2023  8  2 15 57 28.020 L 1.000 X  45.92267 -129.99184   0.680 X  -9.000   0.300   0.200  -9.000    -18   -9   -9  226  65  -89   43 49   8 13 D  49 43   7 138 1 100 65
            1377 2023  8  2 16  5  4.940 L 1.000 X  45.92183 -129.98717   1.030 X  -9.000   0.300   0.200  -9.000    -18   -9   -9  280  41  -82   29 36   9 20 B  63 44   8 139 1 111 49
            1378 2023  8  3  1 40  6.340 L 1.000 X  45.92067 -129.99001   0.850 X  -9.000   0.300   0.200  -9.000    -18   -9   -9  160  78 -180   46 54  11 25 D  49 48  10 124 1 122 65
            1379 2023  8  3  1 44 10.390 L 1.000 X  45.92067 -129.98900   1.080 X  -9.000   0.300   0.200  -9.000    -18   -9   -9  155  80  157   34 39  10 23 C  52 49   9 153 1  90 54
            1380 2023  8  3  5 10 38.720 L 1.000 X  45.97133 -129.99434   1.130 X  -9.000   0.300   0.200  -9.000    -18   -9   -9   26  79 -156   36 37  12 38 C  57 42   9 161 1  72 56
            1381 2023  8  3  6 34 26.740 L 1.000 X  46.00100 -130.02966   1.520 X  -9.000   0.300   0.200  -9.000    -18   -9   -9  358  79  154   41 36   8  0 C  51 44   8 132 1  96 62
            1382 2023  8  4 18 40 13.460 L 1.000 X  45.92484 -129.99066   1.110 X  -9.000   0.300   0.200  -9.000    -18   -9   -9  319  35 -107   28 28  14 19 B  80 46  12 168 1  67 52
            1383 2023  8  5  9 26 38.480 L 1.000 X  45.96633 -129.99683   1.340 X  -9.000   0.300   0.200  -9.000    -18   -9   -9  106  71  174   50 46   9 24 D  48 45   7 128 1 137 31
            1384 2023  8  6  8  3 57.900 L 1.000 X  45.99667 -130.01584   2.090 X  -9.000   0.300   0.200  -9.000    -18   -9   -9  247  85  -96   57 54   8 28 D  28 70   7  65 1  85 33
            1385 2023  8  7 10 50 43.530 L 1.000 X  45.92533 -129.99083   1.060 X  -9.000   0.300   0.200  -9.000    -18   -9   -9  241  42 -109   34 34  15 24 B  66 48  14 163 1  59 54
            1386 2023  8  8  5 52  5.420 L 1.000 X  45.93884 -129.98801   1.270 X  -9.000   0.300   0.200  -9.000    -18   -9   -9   81  57 -170   34 32   9 11 B  71 39   9 176 1  99 38
            1387 2023  8  8  8 42  0.930 L 1.000 X  45.93933 -130.01917   1.120 X  -9.000   0.300   0.200  -9.000    -18   -9   -9  224  89 -146   17 19  14 24 A  97 42  12 148 1  87 40
            1388 2023  8  8  9 45 44.450 L 1.000 X  45.92717 -129.98816   1.210 X  -9.000   0.300   0.200  -9.000    -18   -9   -9  172  60  -91   44 40  16  9 C  50 51  12 138 1  64 40
            1389 2023  8  8 18 46 30.920 L 1.000 X  45.92750 -129.98784   1.250 X  -9.000   0.300   0.200  -9.000    -18   -9   -9  267  41 -159   37 36   9 17 C  56 51   8 166 1 114 38
            1390 2023  8  9  1 24 49.630 L 1.000 X  46.00283 -130.02834   1.500 X  -9.000   0.300   0.200  -9.000    -18   -9   -9  350  73  159   30 29  13 31 B  77 48  13 161 1  83 57
            1391 2023  8  9  3 29 30.850 L 1.000 X  46.00100 -130.02667   1.460 X  -9.000   0.300   0.200  -9.000    -18   -9   -9  353  83  166   35 34   8 18 C  59 44   8 148 1  90 60
            1392 2023  8 10 13 38 55.690 L 1.000 X  45.97717 -129.99733   1.450 X  -9.000   0.300   0.200  -9.000    -18   -9   -9  281  72 -158   29 43   8 13 C  51 43   7 139 1 109 55
            1393 2023  8 12  0 13  6.840 L 1.000 X  45.99883 -130.02650   1.210 X  -9.000   0.300   0.200  -9.000    -18   -9   -9  199  66 -144   41 31  14 33 D  38 53  12 139 1  84 53
            1394 2023  8 12 14 54 16.400 L 1.000 X  45.92583 -129.97983   1.240 X  -9.000   0.300   0.200  -9.000    -18   -9   -9   81  54  -97   37 29   9 20 B  64 52   8 169 1  88 44
            1395 2023  8 12 17 53 45.940 L 1.000 X  45.95967 -129.98967   2.120 X  -9.000   0.300   0.200  -9.000    -18   -9   -9  143  11  175   42 49   9 30 D  43 70   4  86 1  87 35
            1396 2023  8 12 18  1 44.700 L 1.000 X  45.95900 -129.99017   2.210 X  -9.000   0.300   0.200  -9.000    -18   -9   -9  109   9  168   42 39   8 18 C  51 60   7 123 1  91 34
            1397 2023  8 13  9 41 46.080 L 1.000 X  45.92350 -129.98900   0.890 X  -9.000   0.300   0.200  -9.000    -18   -9   -9  147  86 -176   28 32   9  3 B  70 50   7 128 1 111 56
            1398 2023  8 13 12 31 52.580 L 1.000 X  45.95100 -129.98633   1.810 X  -9.000   0.300   0.200  -9.000    -18   -9   -9   31  68 -141   42 47   8 10 D  40 65   6 116 1 123 30
            1399 2023  8 13 13  5 22.850 L 1.000 X  45.92767 -129.98216   1.300 X  -9.000   0.300   0.200  -9.000    -18   -9   -9  259  55 -107   44 41   9 15 D  35 44   7 174 1 118 33
            1400 2023  8 13 13 25 58.930 L 1.000 X  46.00067 -130.02650   1.080 X  -9.000   0.300   0.200  -9.000    -18   -9   -9  229  41 -106   31 27  10 19 B  77 43   9 167 1  98 55
            1401 2023  8 14  8 52 43.320 L 1.000 X  45.99900 -130.02667   1.200 X  -9.000   0.300   0.200  -9.000    -18   -9   -9  107  61  156   53 49  12 43 D  35 49  10 149 1  84 54
            1402 2023  8 15 19 20 12.600 L 1.000 X  46.00000 -130.02667   1.300 X  -9.000   0.300   0.200  -9.000    -18   -9   -9    8  82  163   60 67   9 37 D  31 43   8 145 1  66 62
            1403 2023  8 15 20 36  4.880 L 1.000 X  45.92450 -129.99200   1.160 X  -9.000   0.300   0.200  -9.000    -18   -9   -9  250  50 -141   26 20  12  8 A  94 44  10 154 1  77 53
            1404 2023  8 16  0  8 34.920 L 1.000 X  45.96700 -129.99667   1.530 X  -9.000   0.300   0.200  -9.000    -18   -9   -9   23  42 -108   43 34   8 39 C  52 50   5 135 1  95 29
            1405 2023  8 16  4 46 43.070 L 1.000 X  45.91567 -129.98816   0.770 X  -9.000   0.300   0.200  -9.000    -18   -9   -9  351  83 -179   34 35   9 38 B  62 48   6 141 1 192 68
            1406 2023  8 16  4 46 53.570 L 1.000 X  45.91550 -129.98833   0.640 X  -9.000   0.300   0.200  -9.000    -18   -9   -9  160  86 -174   28 29   8 21 B  72 45   7 167 1 100 62
            1407 2023  8 16 10 37 27.930 L 1.000 X  45.91967 -129.98250   1.190 X  -9.000   0.300   0.200  -9.000    -18   -9   -9  245  85  160   23 20   9 13 A  93 44   8 205 1 110 65
            1408 2023  8 18 13  7 50.230 L 1.000 X  45.92550 -129.99100   1.010 X  -9.000   0.300   0.200  -9.000    -18   -9   -9  138  50 -129   42 40  14 25 D  44 47  13 152 1  77 57
            1409 2023  8 19  2 20 41.110 L 1.000 X  45.94167 -130.01917   1.230 X  -9.000   0.300   0.200  -9.000    -18   -9   -9  158  70 -160   37 32   9 32 B  63 47   6  96 1 117 46
            1410 2023  8 21  5 17 30.660 L 1.000 X  45.92633 -129.98567   1.130 X  -9.000   0.300   0.200  -9.000    -18   -9   -9   78  85 -168   20 22  10 22 A  91 48   9 136 1 104 34
            1411 2023  8 21  5 38 35.020 L 1.000 X  45.92650 -129.98534   1.120 X  -9.000   0.300   0.200  -9.000    -18   -9   -9  106  56  -96   34 36   8 12 C  59 50   7 133 1 153 33
            1412 2023  8 21 18  4 28.440 L 1.000 X  45.91300 -129.98801   0.670 X  -9.000   0.300   0.200  -9.000    -18   -9   -9  349  82  173   19 30  14 10 A  86 59  13 135 1 197 58
            1413 2023  8 21 18  4 48.920 L 1.000 X  45.91267 -129.98784   0.680 X  -9.000   0.300   0.200  -9.000    -18   -9   -9  178  81  163   36 30  11 45 C  59 56  10 119 1 198 59
            1414 2023  8 21 18 10 23.240 L 1.000 X  45.91283 -129.98784   0.650 X  -9.000   0.300   0.200  -9.000    -18   -9   -9  349  83  170   18 28  14 10 A  88 61  13 124 1 197 57
            1415 2023  8 21 18 10 36.960 L 1.000 X  45.91250 -129.98767   0.630 X  -9.000   0.300   0.200  -9.000    -18   -9   -9  345  80  172   22 25  10 29 A  90 53   6 147 1 200 58
            1416 2023  8 21 18 10 54.640 L 1.000 X  45.90917 -129.98167   0.670 X  -9.000   0.300   0.200  -9.000    -18   -9   -9  136  86 -151   29 33   8 30 B  71 61   6 116 1 232 63
            1417 2023  8 21 18 11 21.620 L 1.000 X  45.91267 -129.98767   0.670 X  -9.000   0.300   0.200  -9.000    -18   -9   -9  345  85  170   19 23  10 18 A  92 54   9 142 1 198 62
            1418 2023  8 21 18 11 31.960 L 1.000 X  45.91217 -129.98784   0.650 X  -9.000   0.300   0.200  -9.000    -18   -9   -9  157  84 -168   22 22   9 19 A  92 54   9 145 1 201 58
            1419 2023  8 21 18 11 35.520 L 1.000 X  45.91267 -129.98750   0.690 X  -9.000   0.300   0.200  -9.000    -18   -9   -9  133  41  138   42 33  12 24 D  38 56  12 124 1 199 62
            1420 2023  8 21 18 13  2.820 L 1.000 X  45.91217 -129.98767   0.680 X  -9.000   0.300   0.200  -9.000    -18   -9   -9  343  89  167   31 34  10 12 B  69 51   7 148 1 200 62
            1421 2023  8 21 18 13 42.960 L 1.000 X  45.91300 -129.98801   0.640 X  -9.000   0.300   0.200  -9.000    -18   -9   -9  160  90 -168   20 23  11 13 A  91 55  10 140 1 197 61
            1422 2023  8 21 18 15 48.000 L 1.000 X  45.91217 -129.98801   0.690 X  -9.000   0.300   0.200  -9.000    -18   -9   -9  341  90  168   24 24   9 18 A  86 50   8 147 1 199 62
            1423 2023  8 21 18 30 39.080 L 1.000 X  45.91233 -129.98734   0.670 X  -9.000   0.300   0.200  -9.000    -18   -9   -9  102  35  101   46 48   9 30 D  33 59   6 129 1 200 61
            1424 2023  8 21 18 32 17.160 L 1.000 X  45.91283 -129.98784   0.620 X  -9.000   0.300   0.200  -9.000    -18   -9   -9  154  88 -168   30 34   8 20 B  66 49   6 153 1 112 62
            1425 2023  8 21 18 46 36.340 L 1.000 X  45.91283 -129.98816   0.500 X  -9.000   0.300   0.200  -9.000    -18   -9   -9  162  86 -167   25 37   9 15 B  76 74   8  79 1 197 51
            1426 2023  8 21 18 48 12.980 L 1.000 X  45.91233 -129.98767   0.680 X  -9.000   0.300   0.200  -9.000    -18   -9   -9  340  87  165   30 27  10 28 B  77 55   9 126 1 199 62
            1427 2023  8 21 19 16 37.320 L 1.000 X  45.91283 -129.98801   0.680 X  -9.000   0.300   0.200  -9.000    -18   -9   -9  349  87  172   22 27  12 13 A  89 55  10 151 1 197 58
            1428 2023  8 22  9 11 24.500 L 1.000 X  45.92450 -129.98067   1.310 X  -9.000   0.300   0.200  -9.000    -18   -9   -9  224  89  168   34 33   9 26 C  58 48   8 168 1  65 42
            1429 2023  8 22 17 12 38.800 L 1.000 X  45.98550 -130.00150   1.910 X  -9.000   0.300   0.200  -9.000    -18   -9   -9   93  43  164   29 31   8 28 B  73 57   7 133 1 145 32
            1430 2023  8 23  9 49 39.640 L 1.000 X  45.97700 -129.99716   1.270 X  -9.000   0.300   0.200  -9.000    -18   -9   -9  278  72 -159   45 48   8 14 D  35 50   7 137 1 100 60
            1431 2023  8 23 11  0 34.230 L 1.000 X  45.97717 -129.99716   1.220 X  -9.000   0.300   0.200  -9.000    -18   -9   -9  278  65 -143   39 41   8  1 D  44 46   6 140 1  99 62
            1432 2023  8 23 11  2 57.230 L 1.000 X  45.97750 -129.99750   1.590 X  -9.000   0.300   0.200  -9.000    -18   -9   -9   37  77 -168   38 39  10 12 D  50 52   9 138 1 105 50
            1433 2023  8 23 11  6 50.620 L 1.000 X  45.97600 -129.99667   1.260 X  -9.000   0.300   0.200  -9.000    -18   -9   -9   74  61 -152   55 58   8 45 D  26 50   6 112 1 104 60
            1434 2023  8 24  3 53 27.070 L 1.000 X  45.96567 -129.99634   1.280 X  -9.000   0.300   0.200  -9.000    -18   -9   -9  357  67 -121   29 35  12 11 B  77 35  12 199 1  78 32
            1435 2023  8 24  8 10 39.460 L 1.000 X  45.95000 -130.02434   1.470 X  -9.000   0.300   0.200  -9.000    -18   -9   -9  182  56  -85   37 46  11 10 C  59 34  11 158 1  96 46
            1436 2023  8 24  8 40 41.270 L 1.000 X  45.92700 -129.97850   1.240 X  -9.000   0.300   0.200  -9.000    -18   -9   -9  257  47  -97   33 38  10 23 C  52 53   8 127 1  83 39
            1437 2023  8 24 13 16 20.190 L 1.000 X  45.92300 -129.99117   0.870 X  -9.000   0.300   0.200  -9.000    -18   -9   -9  173  90 -179   18 21  11 29 A  98 44  10 148 1 102 65
            1438 2023  8 24 13 38 29.390 L 1.000 X  45.92216 -129.99033   1.000 X  -9.000   0.300   0.200  -9.000    -18   -9   -9  340  77  169   39 52   8 37 D  61 38   7 179 1 146 59
            1439 2023  8 25  7 47 39.230 L 1.000 X  45.91583 -129.99083   0.670 X  -9.000   0.300   0.200  -9.000    -18   -9   -9  283  59 -123   41 34   8 18 C  56 50   6 148 1  95 65
            1440 2023  8 25  8 15 22.270 L 1.000 X  45.94817 -129.98750   1.640 X  -9.000   0.300   0.200  -9.000    -18   -9   -9  309  34  174   46 41   8 20 D  45 56   6 118 1 119 24
            1441 2023  8 25  9  9 12.600 L 1.000 X  45.94250 -130.01900   1.310 X  -9.000   0.300   0.200  -9.000    -18   -9   -9  239  36  -97   33 32  12 15 B  72 43  10 123 1 111 46
            1442 2023  8 25 14 40 29.120 L 1.000 X  45.93567 -129.98283   1.380 X  -9.000   0.300   0.200  -9.000    -18   -9   -9  349  53  -74   21 20  10 10 A  97 37   9 208 1  69 32
            1443 2023  8 25 14 41 15.240 L 1.000 X  45.93567 -129.98267   1.390 X  -9.000   0.300   0.200  -9.000    -18   -9   -9  352  62  -69   20 24  10  9 A  92 44  10 172 1  79 23
            1444 2023  8 25 19 39 19.960 L 1.000 X  45.92700 -129.97800   1.270 X  -9.000   0.300   0.200  -9.000    -18   -9   -9  268  52  -69   23 32  11  0 B  72 47  10 155 1  74 46
            1445 2023  8 26  3 34  8.550 L 1.000 X  45.91867 -129.98633   1.260 X  -9.000   0.300   0.200  -9.000    -18   -9   -9  163  71  155   42 39   9 36 D  47 51   8 128 1  90 47
            1446 2023  8 26  9 33 14.210 L 1.000 X  45.92333 -129.99049   0.870 X  -9.000   0.300   0.200  -9.000    -18   -9   -9  348  80  168   28 33   8 27 B  72 41   7 161 1 161 62
