               1  19  10   9 1
AAS1   200.5   63.9  1  1    0.00    0.00
ACC1   270.1   48.5  1 -1    0.00    0.00
AEC1   132.0   28.3  1  1    0.00    0.00
AEC2   146.9   55.7  1  1    0.00    0.00
AEC3   160.8   59.1  1  1    0.00    0.00
A04A   309.0   89.4  1  1    0.00    0.00
A05A    19.2   61.2  1 -1    0.00    0.00
A07A   296.3   76.0  1  1    0.00    0.00
A08A   309.3   49.3  1  1    0.00    0.00
A10A    77.8   70.0 -1 -1    0.00    0.00
AAS1   200.5   63.9  0  0   -0.16    0.62
AEC1   132.0   28.3  0  0   -0.26    0.87
AEC2   146.9   55.7  0  0   -0.76    0.47
AEC3   160.8   59.1  0  0   -0.49    0.47
A04A   309.0   89.4  0  0    0.00    0.00
A05A    19.2   61.2  0  0    0.52    0.51
A07A   296.3   76.0  0  0   -0.48    1.08
A08A   309.3   49.3  0  0   -0.36    0.67
A10A    77.8   70.0  0  0   -0.74    1.06
               2  19  10   9 1
AAS1   199.7   62.7  1 -1    0.00    0.00
AAS2   220.3   69.6 -1 -1    0.00    0.00
ACC1   268.7   46.6  1  1    0.00    0.00
AEC1   132.7   28.6  1  1    0.00    0.00
AEC2   146.9   55.0  1  1    0.00    0.00
AEC3   160.5   58.3  1  1    0.00    0.00
A04A   308.9   88.1  1  1    0.00    0.00
A05A    20.1   59.3  1 -1    0.00    0.00
A07A   295.9   74.3  1  1    0.00    0.00
A08A   308.8   47.0  1  1    0.00    0.00
AAS1   199.7   62.7  0  0   -0.27    0.58
AAS2   220.3   69.6  0  0    0.40    0.81
AEC1   132.7   28.6  0  0   -0.28    0.94
AEC2   146.9   55.0  0  0   -0.84    0.51
AEC3   160.5   58.3  0  0   -0.45    0.46
A04A   308.9   88.1  0  0    0.00    0.00
A05A    20.1   59.3  0  0    0.65    0.44
A07A   295.9   74.3  0  0   -0.40    1.11
A08A   308.8   47.0  0  0   -0.27    0.79
               3  16   9   7 1
AAS1   200.8   61.8  1  1    0.00    0.00
ACC1   268.8   46.5  1 -1    0.00    0.00
AEC1   135.0   26.7  1 -1    0.00    0.00
AEC2   148.1   53.3  1  1    0.00    0.00
AEC3   161.7   56.8  1  1    0.00    0.00
A04A   308.5   87.5 -1  1    0.00    0.00
A07A   295.5   73.6  1  1    0.00    0.00
A08A   307.7   46.6  1  1    0.00    0.00
A10A    78.4   66.9 -1 -1    0.00    0.00
AAS1   200.8   61.8  0  0   -0.24    0.55
AEC1   135.0   26.7  0  0   -0.18    0.87
AEC3   161.7   56.8  0  0   -0.16    0.39
A04A   308.5   87.5  0  0    0.00    0.00
A07A   295.5   73.6  0  0   -0.49    1.03
A08A   307.7   46.6  0  0   -0.30    0.71
A10A    78.4   66.9  0  0   -0.74    1.06
               4  19  10   9 1
AAS1   326.8   66.7  1 -1    0.00    0.00
AAS2   298.8   88.0  1  1    0.00    0.00
AEC1    18.0   98.2  1  1    0.00    0.00
AEC2    39.5   89.4  1  1    0.00    0.00
AEC3    38.5   79.2  1  1    0.00    0.00
AID1    85.4   62.4  1  1    0.00    0.00
A08A   346.7  106.8 -1  1    0.00    0.00
A12A   245.7   95.5  1  1    0.00    0.00
A13A   141.6   94.0  1 -1    0.00    0.00
A14A   204.5   99.9  1  1    0.00    0.00
AAS1   326.8   66.7  0  0   -0.08    0.73
AAS2   298.8   88.0  0  0   -0.04    2.11
AEC1    18.0   98.2  0  0   -0.27    1.25
AEC3    38.5   79.2  0  0   -0.37    1.09
AID1    85.4   62.4  0  0   -0.53    1.29
A08A   346.7  106.8  0  0    0.00    0.00
A12A   245.7   95.5  0  0   -0.48    1.37
A13A   141.6   94.0  0  0    0.00    0.00
A14A   204.5   99.9  0  0   -0.42    1.14
               5  24  12  12 1
AAS1   115.6   62.4  1 -1    0.00    0.00
AAS2   155.9   34.7 -1 -1    0.00    0.00
ACC1    23.1   66.4  1  1    0.00    0.00
AEC1    69.9   86.1  1  1    0.00    0.00
AEC2    90.3   88.6  1  1    0.00    0.00
A01A     6.3  105.2 -1  1    0.00    0.00
A02A   352.7  101.8  1  1    0.00    0.00
A08A    21.1   83.2  1  1    0.00    0.00
A09A   315.1   96.7 -1  1    0.00    0.00
A10A    66.6   99.9 -1  1    0.00    0.00
A12A   186.1   81.3  1  1    0.00    0.00
A13A   134.7   97.6  1 -1    0.00    0.00
AAS1   115.6   62.4  0  0   -0.09    0.96
AAS2   155.9   34.7  0  0    0.10    0.52
ACC1    23.1   66.4  0  0   -0.05    0.67
AEC1    69.9   86.1  0  0    0.36    1.51
AEC2    90.3   88.6  0  0   -0.26    1.88
A01A     6.3  105.2  0  0    0.00    0.00
A02A   352.7  101.8  0  0    0.00    0.00
A08A    21.1   83.2  0  0   -0.05    1.31
A09A   315.1   96.7  0  0   -0.14    1.30
A10A    66.6   99.9  0  0    0.00    0.00
A12A   186.1   81.3  0  0    0.04    1.21
A13A   134.7   97.6  0  0    0.24    1.31
               6  15   8   7 1
ACC1   164.5   97.8  1  1    0.00    0.00
AEC2   148.8  103.7  1  1    0.00    0.00
A03A   108.9   81.8  1  1    0.00    0.00
A04A   229.4   71.7 -1 -1    0.00    0.00
A05A   127.9   95.7  1  1    0.00    0.00
A07A   182.9   89.6 -1  1    0.00    0.00
A10A   127.2  102.5 -1  1    0.00    0.00
A14A   172.2  107.7  1  1    0.00    0.00
ACC1   164.5   97.8  0  0    0.00    0.00
A03A   108.9   81.8  0  0   -0.71    1.28
A04A   229.4   71.7  0  0   -0.13    0.89
A05A   127.9   95.7  0  0   -0.92    1.48
A07A   182.9   89.6  0  0    0.33    2.52
A10A   127.2  102.5  0  0    0.00    0.00
A14A   172.2  107.7  0  0    0.00    0.00
               7  17   9   8 1
AAS1   320.1   65.8  1 -1    0.00    0.00
AAS2   296.1   87.1  1 -1    0.00    0.00
ACC1   335.1  100.4  1 -1    0.00    0.00
AEC2    37.0   84.9  1  1    0.00    0.00
AEC3    35.1   73.6  1  1    0.00    0.00
AID1    87.1   53.4  1  1    0.00    0.00
A12A   246.2   94.1  1  1    0.00    0.00
A13A   144.8   91.3 -1 -1    0.00    0.00
A14A   206.6   97.7  1  1    0.00    0.00
AAS1   320.1   65.8  0  0   -0.16    0.75
AAS2   296.1   87.1  0  0   -0.23    1.86
AEC2    37.0   84.9  0  0   -0.47    1.41
AEC3    35.1   73.6  0  0   -0.27    0.89
AID1    87.1   53.4  0  0   -0.59    1.23
A12A   246.2   94.1  0  0   -0.38    1.47
A13A   144.8   91.3  0  0    0.31    2.37
A14A   206.6   97.7  0  0   -0.25    1.25
               8  26  14  12 1
ACC1   164.4   92.7 -1  1    0.00    0.00
AEC1   146.9   97.5 -1  1    0.00    0.00
AEC2   148.5   99.4  1  1    0.00    0.00
A01A    38.3   74.7  1 -1    0.00    0.00
A02A   287.5    7.4  1  1    0.00    0.00
A03A   106.9   75.5  1  1    0.00    0.00
A04A   232.2   65.3 -1 -1    0.00    0.00
A05A   127.0   91.2  1  1    0.00    0.00
A06A   152.3   66.8  1  1    0.00    0.00
A07A   183.4   82.5 -1 -1    0.00    0.00
A08A   156.4   88.5  1  1    0.00    0.00
A09A   219.8   87.9 -1 -1    0.00    0.00
A10A   126.6   98.5 -1  1    0.00    0.00
A14A   172.3  105.1 -1 -1    0.00    0.00
ACC1   164.4   92.7  0  0    0.00    0.00
A01A    38.3   74.7  0  0   -0.24    0.92
A02A   287.5    7.4  0  0    0.23    1.89
A03A   106.9   75.5  0  0   -0.87    1.14
A04A   232.2   65.3  0  0   -0.35    0.75
A05A   127.0   91.2  0  0   -0.82    3.25
A06A   152.3   66.8  0  0   -0.40    0.69
A07A   183.4   82.5  0  0   -0.29    1.28
A08A   156.4   88.5  0  0   -0.44    1.83
A09A   219.8   87.9  0  0   -0.28    2.02
A10A   126.6   98.5  0  0    0.00    0.00
A14A   172.3  105.1  0  0    0.00    0.00
               9  20  10  10 1
AAS1   206.8  123.0  1  1    0.00    0.00
AEC1   192.5  112.4  1  1    0.00    0.00
AEC2   180.4  118.6  1  1    0.00    0.00
AEC3   186.0  121.0  1  1    0.00    0.00
A04A   290.8  126.4  1  1    0.00    0.00
A07A   270.1  122.9  1  1    0.00    0.00
A08A   257.3  114.0  1  1    0.00    0.00
A09A   271.7  128.3  1  1    0.00    0.00
A10A   117.9  111.4  1 -1    0.00    0.00
A13A   178.7  128.2 -1  1    0.00    0.00
AAS1   206.8  123.0  0  0    0.00    0.00
AEC1   192.5  112.4  0  0   -0.23    0.71
AEC2   180.4  118.6  0  0    0.00    0.00
AEC3   186.0  121.0  0  0   -0.29    0.43
A04A   290.8  126.4  0  0    0.36    0.95
A07A   270.1  122.9  0  0    0.56    2.35
A08A   257.3  114.0  0  0   -0.07    1.09
A09A   271.7  128.3  0  0    0.52    2.35
A10A   117.9  111.4  0  0    0.00    0.00
A13A   178.7  128.2  0  0    0.47    0.09
              10  21  11  10 1
ACC1   204.2  124.1  1  1    0.00    0.00
AEC1   177.1  124.4  1  1    0.00    0.00
AEC2   173.4  126.3  1  1    0.00    0.00
AEC3   176.9  127.3  1  1    0.00    0.00
AID1   177.1  128.8  1  1    0.00    0.00
A04A   262.6  124.6  1  1    0.00    0.00
A05A   170.2  112.9  1  1    0.00    0.00
A07A   231.8  123.4  1  1    0.00    0.00
A08A   206.1  121.3  1  1    0.00    0.00
A09A   246.6  127.8  1  1    0.00    0.00
A10A   146.3  123.4 -1  1    0.00    0.00
ACC1   204.2  124.1  0  0    0.00    0.00
AEC1   177.1  124.4  0  0    0.00    0.00
AEC3   176.9  127.3  0  0    0.00    0.00
AID1   177.1  128.8  0  0    0.00    0.00
A04A   262.6  124.6  0  0    0.03    1.19
A05A   170.2  112.9  0  0    0.00    0.00
A07A   231.8  123.4  0  0    0.15    0.59
A08A   206.1  121.3  0  0    0.05    0.44
A09A   246.6  127.8  0  0    0.00    0.00
A10A   146.3  123.4  0  0    0.00    0.00
              11  21  11  10 1
AAS1   205.8  123.2  1  1    0.00    0.00
ACC1   237.8  118.3  1  1    0.00    0.00
AEC1   191.3  113.1 -1  1    0.00    0.00
AEC2   180.0  119.3  1  1    0.00    0.00
AEC3   185.5  121.3  1  1    0.00    0.00
AID1   183.7  124.2  1  1    0.00    0.00
A05A   326.8   60.5  1  1    0.00    0.00
A07A   268.6  122.8  1  1    0.00    0.00
A09A   270.8  128.2  1  1    0.00    0.00
A10A   120.3  111.9  1  1    0.00    0.00
A13A   178.5  128.3 -1  1    0.00    0.00
AAS1   205.8  123.2  0  0    0.00    0.00
ACC1   237.8  118.3  0  0    0.00    0.00
AEC1   191.3  113.1  0  0   -0.13    0.68
AEC3   185.5  121.3  0  0    0.00    0.00
AID1   183.7  124.2  0  0    0.00    0.00
A05A   326.8   60.5  0  0    0.00    0.00
A07A   268.6  122.8  0  0    0.15    1.53
A09A   270.8  128.2  0  0    0.14    1.80
A10A   120.3  111.9  0  0    0.00    0.00
A13A   178.5  128.3  0  0    0.03    0.11
              12  14   8   6 1
AAS1   190.2  128.6  1  1    0.00    0.00
ACC1   203.1  124.7  1  1    0.00    0.00
AEC1   177.5  125.0  1  1    0.00    0.00
AEC2   173.9  127.0  1  1    0.00    0.00
AEC3   177.3  128.2  1  1    0.00    0.00
AID1   177.4  129.1  1  1    0.00    0.00
A05A   171.9  114.6  1  1    0.00    0.00
A13A   175.1  130.3 -1  1    0.00    0.00
AAS1   190.2  128.6  0  0    0.00    0.00
AEC1   177.5  125.0  0  0    0.00    0.00
AEC3   177.3  128.2  0  0   -0.09    0.12
AID1   177.4  129.1  0  0    0.00    0.00
A05A   171.9  114.6  0  0   -0.14    0.65
A13A   175.1  130.3  0  0    0.00    0.00
              13  19  10   9 1
AAS1   204.4  115.8  1  1    0.00    0.00
AAS2   216.2  117.4 -1  1    0.00    0.00
AEC1   189.4  103.8  1  1    0.00    0.00
AEC2   179.1  112.1  1  1    0.00    0.00
AEC3   184.5  113.6  1  1    0.00    0.00
AID1   183.0  117.1  1  1    0.00    0.00
A04A   288.7  119.0  1  1    0.00    0.00
A06A   292.9  110.6  1  1    0.00    0.00
A07A   266.6  114.8  1  1    0.00    0.00
A10A   122.8  101.8  1 -1    0.00    0.00
AAS1   204.4  115.8  0  0    0.00    0.00
AAS2   216.2  117.4  0  0   -0.23    0.58
AEC1   189.4  103.8  0  0    0.00    0.00
AEC3   184.5  113.6  0  0    0.00    0.00
AID1   183.0  117.1  0  0    0.00    0.00
A04A   288.7  119.0  0  0    0.00    0.00
A06A   292.9  110.6  0  0    0.00    0.00
A07A   266.6  114.8  0  0    0.25    1.34
A10A   122.8  101.8  0  0    0.00    0.00
              14  15   8   7 1
AAS1   190.7  125.3  1  1    0.00    0.00
AAS2   199.1  125.5  1  1    0.00    0.00
AEC1   178.7  121.4  1  1    0.00    0.00
AEC2   175.0  124.4  1  1    0.00    0.00
AEC3   178.2  125.1  1  1    0.00    0.00
AID1   178.2  125.9  1  1    0.00    0.00
A06A   234.3  113.2  1  1    0.00    0.00
A13A   175.8  127.1 -1  1    0.00    0.00
AAS1   190.7  125.3  0  0    0.00    0.00
AAS2   199.1  125.5  0  0    0.00    0.00
AEC1   178.7  121.4  0  0    0.00    0.00
AEC3   178.2  125.1  0  0    0.00    0.00
AID1   178.2  125.9  0  0    0.00    0.00
A06A   234.3  113.2  0  0    0.00    0.00
A13A   175.8  127.1  0  0    0.00    0.00
              15  14   8   6 1
AAS1   189.8  128.5  1  1    0.00    0.00
ACC1   202.9  124.5  1  1    0.00    0.00
AEC1   176.8  124.9  1  1    0.00    0.00
AEC2   173.2  126.8  1  1    0.00    0.00
AEC3   176.7  128.0  1  1    0.00    0.00
AID1   176.9  129.0  1  1    0.00    0.00
A09A   244.9  127.9  1 -1    0.00    0.00
A13A   174.7  130.2  1  1    0.00    0.00
AAS1   189.8  128.5  0  0    0.02    0.09
AEC1   176.8  124.9  0  0    0.00    0.00
AEC3   176.7  128.0  0  0   -0.04    0.13
AID1   176.9  129.0  0  0    0.00    0.00
A09A   244.9  127.9  0  0    0.36    0.81
A13A   174.7  130.2  0  0    0.00    0.00
              16  20  11   9 1
AAS2   196.4  128.6  1  1    0.00    0.00
ACC1   199.6  124.0  1  1    0.00    0.00
AEC1   173.0  124.7  1  1    0.00    0.00
AEC2   170.1  126.7  1  1    0.00    0.00
AEC3   173.8  127.7  1  1    0.00    0.00
AID1   174.4  129.0  1  1    0.00    0.00
A04A   260.6  123.8  1  1    0.00    0.00
A05A   162.1  114.2  1  1    0.00    0.00
A06A   235.1  114.1  1  1    0.00    0.00
A07A   227.7  123.0  1  1    0.00    0.00
A13A   172.7  130.2  1  1    0.00    0.00
AAS2   196.4  128.6  0  0    0.00    0.00
AEC1   173.0  124.7  0  0   -0.07    0.31
AEC3   173.8  127.7  0  0    0.00    0.00
AID1   174.4  129.0  0  0    0.00    0.00
A04A   260.6  123.8  0  0    0.13    1.13
A05A   162.1  114.2  0  0    0.31    0.68
A06A   235.1  114.1  0  0    0.00    0.00
A07A   227.7  123.0  0  0    0.27    0.55
A13A   172.7  130.2  0  0    0.00    0.00
              17  14   8   6 1
ACC1   199.6  124.3  1  1    0.00    0.00
AEC1   173.6  125.0  1  1    0.00    0.00
AEC2   170.7  127.0  1  1    0.00    0.00
AEC3   174.2  128.1  1  1    0.00    0.00
AID1   174.8  129.1  1  1    0.00    0.00
A08A   200.0  121.6  1  1    0.00    0.00
A12A   196.4  129.8 -1  1    0.00    0.00
A13A   173.0  130.3 -1  1    0.00    0.00
AEC1   173.6  125.0  0  0    0.00    0.00
AEC3   174.2  128.1  0  0   -0.06    0.12
AID1   174.8  129.1  0  0    0.00    0.00
A08A   200.0  121.6  0  0   -0.06    0.44
A12A   196.4  129.8  0  0    0.06    0.10
A13A   173.0  130.3  0  0    0.00    0.00
              18  17   9   8 1
AAS1   185.6  121.8  1  1    0.00    0.00
AAS2   195.3  122.4  1  1    0.00    0.00
ACC1   198.1  116.2  1  1    0.00    0.00
AEC1   169.9  117.4  1  1    0.00    0.00
AEC2   167.5  119.7  1  1    0.00    0.00
AEC3   171.4  120.8  1  1    0.00    0.00
A04A   263.9  116.1  1  1    0.00    0.00
A07A   228.6  114.6  1  1    0.00    0.00
A13A   171.1  124.3 -1  1    0.00    0.00
AAS1   185.6  121.8  0  0   -0.18    0.40
AAS2   195.3  122.4  0  0    0.00    0.00
ACC1   198.1  116.2  0  0    0.00    0.00
AEC1   169.9  117.4  0  0   -0.03    0.57
AEC3   171.4  120.8  0  0    0.00    0.00
A04A   263.9  116.1  0  0    0.10    1.24
A07A   228.6  114.6  0  0    0.00    0.00
A13A   171.1  124.3  0  0    0.00    0.00
              19  17   9   8 1
AEC1   175.8  119.6  1  1    0.00    0.00
AEC2   172.6  123.0  1  1    0.00    0.00
AEC3   175.9  123.4  1  1    0.00    0.00
AID1   176.2  124.2  1  1    0.00    0.00
A01A   324.2  107.5  1 -1    0.00    0.00
A03A   218.7   79.7  1 -1    0.00    0.00
A04A   256.1  118.8  1  1    0.00    0.00
A07A   225.5  118.2  1  1    0.00    0.00
A10A   148.3  119.0  1  1    0.00    0.00
AEC1   175.8  119.6  0  0    0.00    0.00
AEC3   175.9  123.4  0  0    0.00    0.00
AID1   176.2  124.2  0  0    0.00    0.00
A01A   324.2  107.5  0  0    0.00    0.00
A03A   218.7   79.7  0  0    0.00    0.00
A04A   256.1  118.8  0  0   -0.04    0.98
A07A   225.5  118.2  0  0    0.06    0.61
A10A   148.3  119.0  0  0    0.00    0.00
              20  17   9   8 1
ACC1   233.1  115.9  1  1    0.00    0.00
AEC1   186.6  111.5 -1  1    0.00    0.00
AEC2   177.3  118.6  1  1    0.00    0.00
AEC3   182.8  119.8  1  1    0.00    0.00
A04A   288.6  123.9  1  1    0.00    0.00
A05A   331.8   36.0  1  1    0.00    0.00
A08A   248.8  110.7  1  1    0.00    0.00
A09A   269.1  126.1 -1  1    0.00    0.00
A10A   122.5  110.9  1 -1    0.00    0.00
AEC1   186.6  111.5  0  0    0.02    0.74
AEC2   177.3  118.6  0  0    0.00    0.00
AEC3   182.8  119.8  0  0    0.00    0.00
A04A   288.6  123.9  0  0    0.00    0.00
A05A   331.8   36.0  0  0    0.23    0.46
A08A   248.8  110.7  0  0    0.00    0.95
A09A   269.1  126.1  0  0    0.07    2.04
A10A   122.5  110.9  0  0    0.00    0.00
              21  15   8   7 1
ACC1   220.2  108.9  1  1    0.00    0.00
AEC2   184.0  110.3  1  1    0.00    0.00
AEC3   187.3  112.1  1  1    0.00    0.00
A04A   271.3  113.8  1  1    0.00    0.00
A05A   205.4   81.5  1  1    0.00    0.00
A08A   226.6  105.0  1  1    0.00    0.00
A12A   207.0  117.2 -1  1    0.00    0.00
A13A   181.3  117.0 -1  1    0.00    0.00
AEC2   184.0  110.3  0  0    0.00    0.00
AEC3   187.3  112.1  0  0    0.00    0.00
A04A   271.3  113.8  0  0    0.00    0.00
A05A   205.4   81.5  0  0    0.00    0.00
A08A   226.6  105.0  0  0   -0.06    0.95
A12A   207.0  117.2  0  0    0.00    0.00
A13A   181.3  117.0  0  0    0.00    0.00
              22  15   8   7 1
ACC1   200.1  124.8  1  1    0.00    0.00
AEC2   172.0  127.6  1  1    0.00    0.00
AEC3   175.4  128.4  1  1    0.00    0.00
AID1   175.8  129.2 -1  1    0.00    0.00
A04A   257.2  124.3  1  1    0.00    0.00
A05A   167.6  115.8  1  1    0.00    0.00
A09A   242.4  127.8  1  1    0.00    0.00
A13A   173.8  130.3 -1  1    0.00    0.00
AEC2   172.0  127.6  0  0    0.00    0.00
AEC3   175.4  128.4  0  0    0.00    0.00
AID1   175.8  129.2  0  0    0.00    0.00
A04A   257.2  124.3  0  0    0.00    0.00
A05A   167.6  115.8  0  0   -0.11    0.63
A09A   242.4  127.8  0  0    0.21    0.73
A13A   173.8  130.3  0  0    0.00    0.00
              23  19  10   9 1
AEC1   175.9  124.6  1  1    0.00    0.00
AEC2   172.7  127.3  1  1    0.00    0.00
AEC3   176.0  127.9  1  1    0.00    0.00
AID1   176.3  128.7  1  1    0.00    0.00
A04A   256.5  123.9  1  1    0.00    0.00
A05A   169.2  115.3 -1  1    0.00    0.00
A07A   225.9  123.3  1  1    0.00    0.00
A08A   201.2  121.7  1  1    0.00    0.00
A09A   242.1  127.6  1  1    0.00    0.00
A11A   217.3  127.8  1  1    0.00    0.00
AEC1   175.9  124.6  0  0    0.13    0.31
AEC3   176.0  127.9  0  0    0.00    0.00
AID1   176.3  128.7  0  0    0.00    0.00
A04A   256.5  123.9  0  0   -0.04    0.93
A05A   169.2  115.3  0  0    0.00    0.00
A07A   225.9  123.3  0  0    0.31    0.52
A08A   201.2  121.7  0  0    0.16    0.42
A09A   242.1  127.6  0  0    0.32    0.68
A11A   217.3  127.8  0  0    0.00    0.00
              24  16   9   7 1
ACC1   198.6  124.8  1  1    0.00    0.00
AEC1   173.7  125.2  1  1    0.00    0.00
AEC2   170.9  127.7  1  1    0.00    0.00
AEC3   174.3  128.5  1  1    0.00    0.00
AID1   174.8  129.2  1  1    0.00    0.00
A03A   211.8   73.4  1 -1    0.00    0.00
A04A   256.6  124.0  1  1    0.00    0.00
A07A   224.7  123.6  1  1    0.00    0.00
A13A   173.1  130.4 -1  1    0.00    0.00
AEC1   173.7  125.2  0  0   -0.23    0.29
AEC3   174.3  128.5  0  0    0.00    0.00
AID1   174.8  129.2  0  0    0.00    0.00
A03A   211.8   73.4  0  0    0.00    0.00
A04A   256.6  124.0  0  0   -0.18    0.94
A07A   224.7  123.6  0  0    0.16    0.50
A13A   173.1  130.4  0  0   -0.17    0.07
              25  15   8   7 1
AAS1   188.8  128.6  1  1    0.00    0.00
ACC1   200.8  124.9  1  1    0.00    0.00
AEC2   172.8  127.7  1  1    0.00    0.00
AID1   176.4  129.2  1  1    0.00    0.00
A07A   226.4  124.0  1  1    0.00    0.00
A08A   201.6  122.4  1  1    0.00    0.00
A09A   242.5  128.1  1  1    0.00    0.00
A13A   174.3  130.4 -1  1    0.00    0.00
AAS1   188.8  128.6  0  0    0.00    0.00
AEC2   172.8  127.7  0  0    0.00    0.00
AID1   176.4  129.2  0  0    0.00    0.00
A07A   226.4  124.0  0  0    0.13    0.54
A08A   201.6  122.4  0  0    0.17    0.40
A09A   242.5  128.1  0  0    0.23    0.76
A13A   174.3  130.4  0  0    0.00    0.00
              26  23  12  11 1
AAS1   311.6   52.8  1  1    0.00    0.00
AAS2   291.1   76.6  1  1    0.00    0.00
AEC2    38.2   70.9  1  1    0.00    0.00
AEC3    36.5   57.6  1  1    0.00    0.00
AID1    98.7   41.0  1 -1    0.00    0.00
A06A   342.3  105.9  1  1    0.00    0.00
A07A   325.6  104.3  1  1    0.00    0.00
A08A   343.2   97.5  1  1    0.00    0.00
A10A    38.5  100.4  1  1    0.00    0.00
A11A   302.6   99.8  1  1    0.00    0.00
A13A   148.5   81.5  1  1    0.00    0.00
A14A   206.5   90.9  1  1    0.00    0.00
AAS1   311.6   52.8  0  0   -0.45    0.63
AAS2   291.1   76.6  0  0   -0.14    1.13
AEC2    38.2   70.9  0  0   -0.29    0.81
AEC3    36.5   57.6  0  0   -0.27    0.48
AID1    98.7   41.0  0  0   -0.48    1.58
A06A   342.3  105.9  0  0    0.00    0.00
A07A   325.6  104.3  0  0    0.00    0.00
A10A    38.5  100.4  0  0    0.00    0.00
A11A   302.6   99.8  0  0    0.00    0.00
A13A   148.5   81.5  0  0   -0.15    1.19
A14A   206.5   90.9  0  0    0.38    2.06
              27  14   8   6 1
ACC1   209.3   84.2  1  1    0.00    0.00
AEC1   155.8   89.9  1  1    0.00    0.00
AEC2   156.3   99.0  1  1    0.00    0.00
A03A     3.4   84.2  1  1    0.00    0.00
A05A    80.7   63.7  1 -1    0.00    0.00
A07A   262.1   89.5 -1 -1    0.00    0.00
A09A   268.0  105.2 -1 -1    0.00    0.00
A10A   111.5   97.1  1 -1    0.00    0.00
AEC1   155.8   89.9  0  0   -0.28    2.31
A03A     3.4   84.2  0  0   -0.41    1.39
A05A    80.7   63.7  0  0   -0.03    1.11
A07A   262.1   89.5  0  0   -0.21    2.21
A09A   268.0  105.2  0  0    0.00    0.00
A10A   111.5   97.1  0  0   -0.65    1.42
              28  18  10   8 1
AAS1   322.9   72.9  1  1    0.00    0.00
AAS2   299.1   91.2  1  1    0.00    0.00
ACC1   335.5  103.6 -1  1    0.00    0.00
AEC1    13.9   98.8 -1 -1    0.00    0.00
AEC2    33.7   89.1 -1 -1    0.00    0.00
AEC3    30.8   78.9 -1 -1    0.00    0.00
A07A   327.7  112.2  1  1    0.00    0.00
A08A   344.8  107.3  1  1    0.00    0.00
A12A   249.4   96.7 -1 -1    0.00    0.00
A14A   208.5   99.7 -1 -1    0.00    0.00
AAS1   322.9   72.9  0  0   -0.37    0.92
AAS2   299.1   91.2  0  0   -0.12    1.75
AEC1    13.9   98.8  0  0    0.05    1.22
AEC3    30.8   78.9  0  0   -0.38    1.07
A07A   327.7  112.2  0  0    0.00    0.00
A08A   344.8  107.3  0  0    0.00    0.00
A12A   249.4   96.7  0  0    0.23    1.27
A14A   208.5   99.7  0  0   -0.59    1.13
              29  19  10   9 1
AAS1   114.2   62.3  1 -1    0.00    0.00
AAS2   153.7   33.5 -1 -1    0.00    0.00
ACC1    23.0   67.2  1  1    0.00    0.00
AEC1    69.3   86.3  1  1    0.00    0.00
AEC2    89.7   88.7  1  1    0.00    0.00
AID1   116.2   89.0 -1 -1    0.00    0.00
A08A    21.1   83.7  1  1    0.00    0.00
A09A   315.5   96.8  1 -1    0.00    0.00
A12A   185.9   80.8  1  1    0.00    0.00
A13A   134.3   97.5 -1 -1    0.00    0.00
AAS1   114.2   62.3  0  0   -0.15    0.93
AAS2   153.7   33.5  0  0   -0.07    0.54
ACC1    23.0   67.2  0  0   -0.36    0.69
AEC1    69.3   86.3  0  0    0.41    1.49
AID1   116.2   89.0  0  0   -0.22    1.85
A08A    21.1   83.7  0  0    0.00    0.00
A09A   315.5   96.8  0  0   -0.53    1.27
A12A   185.9   80.8  0  0   -0.20    1.19
A13A   134.3   97.5  0  0    0.29    1.34
              30  15   8   7 1
AAS1   268.8   54.4  1  1    0.00    0.00
ACC1   316.9   83.4  1  1    0.00    0.00
AEC1     2.9   62.3  1  1    0.00    0.00
AEC2    40.0   36.3  1 -1    0.00    0.00
AEC3    36.0   14.1 -1 -1    0.00    0.00
AID1   166.3   39.2 -1 -1    0.00    0.00
A10A    39.0   88.8  1  1    0.00    0.00
A12A   237.0   88.7  1  1    0.00    0.00
AAS1   268.8   54.4  0  0   -0.37    1.51
AEC1     2.9   62.3  0  0   -0.16    0.54
AEC2    40.0   36.3  0  0   -0.37    0.54
AEC3    36.0   14.1  0  0   -0.86    1.06
AID1   166.3   39.2  0  0    0.20    0.22
A10A    39.0   88.8  0  0   -1.08    1.97
A12A   237.0   88.7  0  0    0.06    2.31
              31  28  14  14 1
AAS1   309.3   52.0  1  1    0.00    0.00
AAS2   290.2   75.6  1  1    0.00    0.00
AEC1    13.8   81.3  1  1    0.00    0.00
AEC2    37.3   68.2  1  1    0.00    0.00
AEC3    35.1   54.5  1  1    0.00    0.00
AID1   100.7   37.5  1 -1    0.00    0.00
A07A   325.1  102.4 -1  1    0.00    0.00
A08A   342.5   96.1  1  1    0.00    0.00
A09A   310.1  105.4  1  1    0.00    0.00
A10A    38.2   98.3 -1 -1    0.00    0.00
A11A   302.1   98.4  1  1    0.00    0.00
A12A   243.9   85.3  1 -1    0.00    0.00
A13A   149.7   79.8  1  1    0.00    0.00
A14A   207.1   89.9  1  1    0.00    0.00
AAS1   309.3   52.0  0  0   -0.27    0.71
AAS2   290.2   75.6  0  0   -0.00    1.15
AEC1    13.8   81.3  0  0   -0.07    1.21
AEC2    37.3   68.2  0  0   -0.54    0.74
AEC3    35.1   54.5  0  0   -0.53    0.38
AID1   100.7   37.5  0  0   -0.45    1.71
A07A   325.1  102.4  0  0    0.00    0.00
A08A   342.5   96.1  0  0    0.00    0.00
A09A   310.1  105.4  0  0   -0.18    0.96
A10A    38.2   98.3  0  0   -1.04    1.25
A11A   302.1   98.4  0  0   -0.60    1.22
A12A   243.9   85.3  0  0   -0.32    1.55
A13A   149.7   79.8  0  0    0.17    1.13
A14A   207.1   89.9  0  0    0.09    2.94
              32  26  13  13 1
AAS1   309.6   53.8 -1 -1    0.00    0.00
AAS2   290.5   77.0  1  1    0.00    0.00
AEC1    13.4   82.5  1  1    0.00    0.00
AEC2    36.6   69.5  1  1    0.00    0.00
AEC3    34.1   55.9  1  1    0.00    0.00
AID1    99.5   37.7  1  1    0.00    0.00
A07A   325.1  103.7 -1  1    0.00    0.00
A08A   342.4   97.1  1  1    0.00    0.00
A09A   310.2  106.5  1  1    0.00    0.00
A11A   302.2   99.7  1  1    0.00    0.00
A12A   244.3   86.2  1  1    0.00    0.00
A13A   149.7   80.5 -1  1    0.00    0.00
A14A   207.5   90.7  1  1    0.00    0.00
AAS1   309.6   53.8  0  0   -0.20    0.68
AAS2   290.5   77.0  0  0   -0.02    1.16
AEC1    13.4   82.5  0  0   -0.14    1.27
AEC2    36.6   69.5  0  0   -0.51    0.77
AEC3    34.1   55.9  0  0   -0.56    0.41
AID1    99.5   37.7  0  0   -0.41    1.65
A07A   325.1  103.7  0  0    0.00    0.00
A08A   342.4   97.1  0  0    0.00    0.00
A09A   310.2  106.5  0  0   -0.14    0.91
A11A   302.2   99.7  0  0   -0.54    1.15
A12A   244.3   86.2  0  0   -0.49    1.71
A13A   149.7   80.5  0  0    0.47    1.15
A14A   207.5   90.7  0  0   -0.25    2.11
              33  15   8   7 1
AAS1   327.9   66.2  1 -1    0.00    0.00
AAS2   299.4   87.3  1  1    0.00    0.00
AEC2    39.4   89.1  1  1    0.00    0.00
AEC3    38.5   79.1  1  1    0.00    0.00
AID1    84.5   62.3  1  1    0.00    0.00
A08A   346.9  106.3  1  1    0.00    0.00
A12A   245.9   94.6  1  1    0.00    0.00
A14A   204.4   99.0  1  1    0.00    0.00
AAS1   327.9   66.2  0  0   -0.20    0.72
AAS2   299.4   87.3  0  0   -0.12    1.84
AEC3    38.5   79.1  0  0   -0.41    1.09
AID1    84.5   62.3  0  0   -0.63    1.11
A08A   346.9  106.3  0  0    0.00    0.00
A12A   245.9   94.6  0  0   -0.39    1.45
A14A   204.4   99.0  0  0   -0.36    1.19
              34  17   9   8 1
AAS1   313.5   61.7  1 -1    0.00    0.00
AEC2    34.6   76.9  1  1    0.00    0.00
AEC3    31.5   64.3  1  1    0.00    0.00
AID1    90.9   41.9  1 -1    0.00    0.00
A05A     7.8  105.9 -1  1    0.00    0.00
A10A    37.1  102.8  1  1    0.00    0.00
A12A   246.3   90.4  1  1    0.00    0.00
A13A   148.4   85.0  1  1    0.00    0.00
A14A   208.4   94.1  1  1    0.00    0.00
AAS1   313.5   61.7  0  0   -0.23    0.70
AEC3    31.5   64.3  0  0   -0.18    0.62
AID1    90.9   41.9  0  0   -0.23    1.91
A05A     7.8  105.9  0  0    0.51    0.92
A10A    37.1  102.8  0  0    0.00    0.00
A12A   246.3   90.4  0  0   -0.09    2.05
A13A   148.4   85.0  0  0    0.00    0.00
A14A   208.4   94.1  0  0   -0.22    1.51
              35  15   8   7 1
ACC1   163.1   91.7  1 -1    0.00    0.00
A02A   168.2    8.6  1  1    0.00    0.00
A03A   110.4   75.9  1  1    0.00    0.00
A05A   128.0   89.8  1  1    0.00    0.00
A06A   150.9   69.1  1  1    0.00    0.00
A07A   180.0   81.8 -1 -1    0.00    0.00
A08A   155.4   88.1 -1 -1    0.00    0.00
A10A   127.2   97.4 -1  1    0.00    0.00
A02A   168.2    8.6  0  0    0.10    1.24
A03A   110.4   75.9  0  0   -0.93    1.09
A05A   128.0   89.8  0  0    0.00    0.00
A06A   150.9   69.1  0  0   -0.14    0.76
A07A   180.0   81.8  0  0    0.32    1.23
A08A   155.4   88.1  0  0    0.00    0.00
A10A   127.2   97.4  0  0    0.00    0.00
              36  13   8   5 1
ACC1   163.5   94.0  1 -1    0.00    0.00
AEC1   146.8   98.2 -1  1    0.00    0.00
A01A    43.9   74.5  1  1    0.00    0.00
A03A   110.1   78.6  1  1    0.00    0.00
A04A   224.9   66.4 -1 -1    0.00    0.00
A05A   128.0   92.3  1  1    0.00    0.00
A07A   180.8   85.0 -1 -1    0.00    0.00
A08A   155.7   90.4 -1 -1    0.00    0.00
A01A    43.9   74.5  0  0   -0.42    0.91
A03A   110.1   78.6  0  0   -0.77    1.15
A04A   224.9   66.4  0  0   -0.20    0.75
A07A   180.8   85.0  0  0    0.00    0.00
A08A   155.7   90.4  0  0    0.00    0.00
              37  16   8   8 1
A01A     3.9   73.5 -1 -1    0.00    0.00
A02A   308.6   56.7  1 -1    0.00    0.00
A03A    70.0   39.9  1  1    0.00    0.00
A05A   124.7   67.9  1 -1    0.00    0.00
A06A   213.6   26.9  1  1    0.00    0.00
A07A   216.9   66.9  1  1    0.00    0.00
A08A   173.9   67.0  1  1    0.00    0.00
A10A   125.3   87.1 -1 -1    0.00    0.00
A01A     3.9   73.5  0  0   -0.14    0.89
A02A   308.6   56.7  0  0    0.32    0.65
A03A    70.0   39.9  0  0   -0.46    1.05
A05A   124.7   67.9  0  0    0.36    0.79
A06A   213.6   26.9  0  0   -0.55    0.73
A07A   216.9   66.9  0  0    0.08    0.75
A08A   173.9   67.0  0  0    0.00    0.00
A10A   125.3   87.1  0  0    0.00    0.00
              38  19  10   9 1
AAS1   173.7   89.6  1  1    0.00    0.00
A01A     3.4   72.5  1  1    0.00    0.00
A02A   307.8   55.9  1 -1    0.00    0.00
A03A    70.4   38.4  1 -1    0.00    0.00
A04A   269.1   70.1 -1 -1    0.00    0.00
A06A   214.4   27.3  1  1    0.00    0.00
A07A   217.1   66.5  1  1    0.00    0.00
A09A   244.1   82.1 -1 -1    0.00    0.00
A10A   125.6   86.3 -1 -1    0.00    0.00
A14A   179.8   99.1  1  1    0.00    0.00
A01A     3.4   72.5  0  0    0.37    0.86
A02A   307.8   55.9  0  0    0.39    0.64
A03A    70.4   38.4  0  0   -0.25    1.11
A04A   269.1   70.1  0  0   -0.19    2.15
A06A   214.4   27.3  0  0    0.24    0.74
A07A   217.1   66.5  0  0    0.38    0.74
A09A   244.1   82.1  0  0    0.27    1.34
A10A   125.6   86.3  0  0    0.00    0.00
A14A   179.8   99.1  0  0    0.00    0.00
              39  16   8   8 1
A03A    68.0   45.1  1  1    0.00    0.00
A04A   269.8   79.2  1  1    0.00    0.00
A05A   125.3   75.0  1  1    0.00    0.00
A06A   218.7   33.3  1  1    0.00    0.00
A08A   175.4   74.6 -1 -1    0.00    0.00
A09A   244.8   90.1  1  1    0.00    0.00
A10A   125.6   92.8 -1  1    0.00    0.00
A11A   209.6   91.3 -1 -1    0.00    0.00
A03A    68.0   45.1  0  0   -0.23    0.96
A04A   269.8   79.2  0  0   -0.56    2.47
A05A   125.3   75.0  0  0    0.44    0.94
A06A   218.7   33.3  0  0   -0.44    0.65
A08A   175.4   74.6  0  0    0.00    0.00
A09A   244.8   90.1  0  0    0.00    0.00
A10A   125.6   92.8  0  0    0.00    0.00
A11A   209.6   91.3  0  0    0.00    0.00
              40  23  12  11 1
AAS2   183.9   93.5  1  1    0.00    0.00
AEC2   154.0   93.3  1  1    0.00    0.00
A01A     4.3   78.0 -1  1    0.00    0.00
A02A   308.3   61.0  1 -1    0.00    0.00
A03A    72.0   44.7  1 -1    0.00    0.00
A04A   268.8   75.3  1 -1    0.00    0.00
A06A   210.7   30.9  1  1    0.00    0.00
A07A   216.0   72.2  1  1    0.00    0.00
A08A   173.4   72.6 -1  1    0.00    0.00
A09A   243.6   86.9 -1 -1    0.00    0.00
A10A   125.4   91.2 -1 -1    0.00    0.00
A11A   208.2   88.8  1  1    0.00    0.00
AAS2   183.9   93.5  0  0    0.06    1.60
A01A     4.3   78.0  0  0   -0.47    1.06
A02A   308.3   61.0  0  0    0.30    0.74
A03A    72.0   44.7  0  0   -0.49    0.96
A04A   268.8   75.3  0  0   -0.44    1.50
A06A   210.7   30.9  0  0   -0.58    0.57
A07A   216.0   72.2  0  0   -0.02    0.88
A08A   173.4   72.6  0  0    0.00    0.00
A09A   243.6   86.9  0  0    0.00    0.00
A10A   125.4   91.2  0  0    0.00    0.00
A11A   208.2   88.8  0  0    0.00    0.00
              41  17   9   8 1
AAS2   184.3   93.1  1  1    0.00    0.00
A01A     3.7   77.7  1 -1    0.00    0.00
A02A   308.0   61.2 -1 -1    0.00    0.00
A03A    70.6   43.5  1  1    0.00    0.00
A04A   269.1   75.3  1  1    0.00    0.00
A06A   213.7   30.7  1  1    0.00    0.00
A07A   216.9   71.8  1  1    0.00    0.00
A08A   174.2   71.8 -1 -1    0.00    0.00
A10A   125.5   90.6 -1 -1    0.00    0.00
A01A     3.7   77.7  0  0   -0.33    1.05
A02A   308.0   61.2  0  0    0.27    0.79
A03A    70.6   43.5  0  0    0.00    0.86
A04A   269.1   75.3  0  0   -0.07    1.30
A06A   213.7   30.7  0  0   -0.58    0.57
A07A   216.9   71.8  0  0   -0.16    0.87
A08A   174.2   71.8  0  0    0.00    0.00
A10A   125.5   90.6  0  0    0.00    0.00
              42  17   9   8 1
AAS2   184.6   91.3  1  1    0.00    0.00
A02A   308.2   59.9  1 -1    0.00    0.00
A03A    68.4   40.9  1 -1    0.00    0.00
A04A   269.8   73.5 -1 -1    0.00    0.00
A06A   217.3   28.9  1  1    0.00    0.00
A07A   218.0   69.5  1  1    0.00    0.00
A09A   244.7   84.8  1  1    0.00    0.00
A10A   125.4   88.8 -1 -1    0.00    0.00
A11A   209.3   86.3  1  1    0.00    0.00
A02A   308.2   59.9  0  0    0.22    0.68
A03A    68.4   40.9  0  0   -0.04    1.03
A04A   269.8   73.5  0  0   -0.42    2.06
A06A   217.3   28.9  0  0   -0.74    0.73
A07A   218.0   69.5  0  0   -0.24    0.82
A09A   244.7   84.8  0  0    0.00    0.00
A10A   125.4   88.8  0  0    0.00    0.00
A11A   209.3   86.3  0  0    0.00    0.00
              43  15   8   7 1
ACC1   180.5   82.8  1  1    0.00    0.00
A02A   308.1   61.9 -1 -1    0.00    0.00
A03A    71.8   45.0  1  1    0.00    0.00
A06A   211.5   31.6  1  1    0.00    0.00
A07A   216.2   73.0  1  1    0.00    0.00
A08A   173.7   73.3 -1  1    0.00    0.00
A10A   125.5   91.6 -1 -1    0.00    0.00
A14A   179.6  101.6  1  1    0.00    0.00
A02A   308.1   61.9  0  0    0.24    0.79
A03A    71.8   45.0  0  0   -0.27    0.88
A06A   211.5   31.6  0  0   -0.48    0.53
A07A   216.2   73.0  0  0   -0.12    0.91
A08A   173.7   73.3  0  0    0.03    0.88
A10A   125.5   91.6  0  0    0.00    0.00
A14A   179.6  101.6  0  0    0.00    0.00
              44  18   9   9 1
A01A     3.2   76.1  1 -1    0.00    0.00
A02A   308.4   60.0  1  1    0.00    0.00
A03A    68.7   41.4  1 -1    0.00    0.00
A04A   269.8   73.6  1  1    0.00    0.00
A05A   124.8   70.0  1  1    0.00    0.00
A06A   216.6   28.9  1  1    0.00    0.00
A08A   174.7   69.3 -1 -1    0.00    0.00
A09A   244.6   84.9  1  1    0.00    0.00
A11A   209.2   86.5 -1 -1    0.00    0.00
A01A     3.2   76.1  0  0   -0.15    0.99
A02A   308.4   60.0  0  0    0.27    0.69
A03A    68.7   41.4  0  0    0.02    1.00
A04A   269.8   73.6  0  0   -0.45    3.33
A05A   124.8   70.0  0  0    0.48    0.83
A06A   216.6   28.9  0  0   -0.49    0.71
A08A   174.7   69.3  0  0    0.00    0.00
A09A   244.6   84.9  0  0    0.00    0.00
A11A   209.2   86.5  0  0    0.00    0.00
              45  23  13  10 1
AAS2   183.6   92.8 -1 -1    0.00    0.00
ACC1   179.9   81.3  1  1    0.00    0.00
AEC2   153.9   92.7  1  1    0.00    0.00
A01A     4.8   76.9  1 -1    0.00    0.00
A03A    73.1   44.3  1  1    0.00    0.00
A04A   268.4   74.1 -1 -1    0.00    0.00
A05A   125.0   72.8  1  1    0.00    0.00
A06A   208.5   30.3  1  1    0.00    0.00
A07A   215.3   71.2  1 -1    0.00    0.00
A08A   173.0   71.8  1  1    0.00    0.00
A09A   243.3   85.9  1 -1    0.00    0.00
A10A   125.4   90.6 -1 -1    0.00    0.00
A12A   186.8   97.6 -1 -1    0.00    0.00
A01A     4.8   76.9  0  0   -0.68    1.01
A03A    73.1   44.3  0  0   -0.43    1.14
A04A   268.4   74.1  0  0   -0.26    2.52
A05A   125.0   72.8  0  0    0.23    0.89
A06A   208.5   30.3  0  0   -0.40    0.62
A07A   215.3   71.2  0  0    0.07    0.86
A08A   173.0   71.8  0  0    0.00    0.00
A09A   243.3   85.9  0  0   -0.08    1.67
A10A   125.4   90.6  0  0    0.00    0.00
A12A   186.8   97.6  0  0    0.00    0.00
              46  25  13  12 1
AAS1   172.7   93.7  1  1    0.00    0.00
AAS2   183.3   93.6  1  1    0.00    0.00
AEC3   158.1   94.0 -1 -1    0.00    0.00
A01A     5.5   77.7  1  1    0.00    0.00
A02A   308.6   59.7 -1 -1    0.00    0.00
A03A    74.4   46.1  1  1    0.00    0.00
A05A   124.9   74.3  1 -1    0.00    0.00
A06A   205.5   30.9  1  1    0.00    0.00
A07A   214.5   72.1  1  1    0.00    0.00
A09A   242.9   86.5  1  1    0.00    0.00
A10A   125.3   91.5 -1 -1    0.00    0.00
A11A   207.4   88.9  1  1    0.00    0.00
A14A   179.1  101.4 -1  1    0.00    0.00
AAS1   172.7   93.7  0  0    0.00    0.00
AAS2   183.3   93.6  0  0    0.00    0.00
A01A     5.5   77.7  0  0   -0.55    1.05
A02A   308.6   59.7  0  0    0.25    0.77
A03A    74.4   46.1  0  0   -0.39    0.92
A05A   124.9   74.3  0  0    0.19    0.96
A06A   205.5   30.9  0  0   -0.38    0.50
A07A   214.5   72.1  0  0   -0.10    0.88
A09A   242.9   86.5  0  0    0.00    0.00
A10A   125.3   91.5  0  0    0.00    0.00
A11A   207.4   88.9  0  0    0.00    0.00
A14A   179.1  101.4  0  0    0.00    0.00
              47  14   8   6 1
AAS2   183.4   91.6  1  1    0.00    0.00
ACC1   179.5   79.7  1  1    0.00    0.00
A01A     5.2   75.9 -1  1    0.00    0.00
A03A    71.9   43.9  1 -1    0.00    0.00
A04A   269.1   72.4 -1 -1    0.00    0.00
A06A   208.1   27.9  1  1    0.00    0.00
A07A   215.3   69.1  1  1    0.00    0.00
A08A   172.3   70.0 -1  1    0.00    0.00
A01A     5.2   75.9  0  0   -0.43    0.97
A03A    71.9   43.9  0  0   -0.24    1.10
A04A   269.1   72.4  0  0   -0.12    2.14
A06A   208.1   27.9  0  0   -0.61    0.67
A07A   215.3   69.1  0  0   -0.14    0.80
A08A   172.3   70.0  0  0    0.00    0.00
              48  25  13  12 1
AAS2   185.0   94.7  1 -1    0.00    0.00
ACC1   182.0   83.3 -1 -1    0.00    0.00
A01A     2.3   80.1  1 -1    0.00    0.00
A02A   307.5   64.9 -1 -1    0.00    0.00
A03A    67.8   43.8  1  1    0.00    0.00
A04A   269.8   78.2  1  1    0.00    0.00
A06A   219.4   32.8  1  1    0.00    0.00
A07A   218.6   74.2 -1 -1    0.00    0.00
A09A   244.9   89.3  1  1    0.00    0.00
A10A   125.7   91.9 -1 -1    0.00    0.00
A11A   209.7   90.5 -1 -1    0.00    0.00
A12A   187.9   98.8 -1 -1    0.00    0.00
A14A   180.2  101.8 -1 -1    0.00    0.00
ACC1   182.0   83.3  0  0    0.00    0.00
A01A     2.3   80.1  0  0   -0.61    1.15
A02A   307.5   64.9  0  0    0.30    0.78
A03A    67.8   43.8  0  0    0.30    0.90
A04A   269.8   78.2  0  0    0.01    1.72
A06A   219.4   32.8  0  0   -0.14    0.62
A07A   218.6   74.2  0  0    0.06    0.94
A09A   244.9   89.3  0  0    0.00    0.00
A10A   125.7   91.9  0  0    0.00    0.00
A11A   209.7   90.5  0  0    0.00    0.00
A12A   187.9   98.8  0  0    0.00    0.00
A14A   180.2  101.8  0  0    0.00    0.00
              49  23  12  11 1
AAS2   184.8   92.0  1  1    0.00    0.00
ACC1   181.6   80.2  1  1    0.00    0.00
A01A     2.8   76.8  1  1    0.00    0.00
A02A   308.0   61.1  1 -1    0.00    0.00
A03A    68.2   41.5  1 -1    0.00    0.00
A04A   269.8   74.6 -1 -1    0.00    0.00
A06A   218.0   29.8  1  1    0.00    0.00
A07A   218.1   70.6  1  1    0.00    0.00
A08A   175.2   70.1 -1  1    0.00    0.00
A10A   125.5   89.5 -1 -1    0.00    0.00
A11A   209.4   87.2  1  1    0.00    0.00
A14A   180.0  100.6  1  1    0.00    0.00
AAS2   184.8   92.0  0  0   -0.37    1.84
A01A     2.8   76.8  0  0   -0.34    1.01
A02A   308.0   61.1  0  0    0.31    0.74
A03A    68.2   41.5  0  0   -0.02    0.90
A04A   269.8   74.6  0  0    0.00    0.00
A06A   218.0   29.8  0  0   -0.66    0.66
A07A   218.1   70.6  0  0   -0.28    0.84
A08A   175.2   70.1  0  0    0.00    0.00
A10A   125.5   89.5  0  0    0.00    0.00
A11A   209.4   87.2  0  0    0.00    0.00
A14A   180.0  100.6  0  0    0.00    0.00
              50  20  10  10 1
AAS2   184.8   91.5  1  1    0.00    0.00
A01A     2.7   76.7  1  1    0.00    0.00
A02A   308.7   61.0  1 -1    0.00    0.00
A03A    66.6   41.4  1 -1    0.00    0.00
A04A   270.5   74.1 -1 -1    0.00    0.00
A06A   219.6   28.6  1  1    0.00    0.00
A07A   218.6   69.7  1  1    0.00    0.00
A08A   175.1   69.1 -1  1    0.00    0.00
A10A   125.2   89.0 -1 -1    0.00    0.00
A11A   209.6   86.6  1  1    0.00    0.00
AAS2   184.8   91.5  0  0   -0.26    1.97
A01A     2.7   76.7  0  0   -0.35    1.01
A02A   308.7   61.0  0  0    0.26    0.74
A03A    66.6   41.4  0  0   -0.20    0.87
A04A   270.5   74.1  0  0   -0.10    1.62
A06A   219.6   28.6  0  0   -0.79    0.70
A07A   218.6   69.7  0  0   -0.31    0.82
A08A   175.1   69.1  0  0    0.00    0.00
A10A   125.2   89.0  0  0    0.00    0.00
A11A   209.6   86.6  0  0    0.00    0.00
              51  17   9   8 1
AAS2   184.9   92.4  1  1    0.00    0.00
ACC1   181.8   80.5  1  1    0.00    0.00
A01A     2.5   77.9 -1  1    0.00    0.00
A02A   308.5   62.4  1 -1    0.00    0.00
A03A    66.4   42.2  1 -1    0.00    0.00
A06A   220.3   29.7  1  1    0.00    0.00
A07A   218.8   71.0  1  1    0.00    0.00
A10A   125.3   89.9 -1 -1    0.00    0.00
A11A   209.8   87.8  1  1    0.00    0.00
AAS2   184.9   92.4  0  0   -0.27    1.77
A01A     2.5   77.9  0  0    0.04    1.05
A02A   308.5   62.4  0  0    0.31    0.75
A03A    66.4   42.2  0  0   -0.08    0.86
A06A   220.3   29.7  0  0   -0.70    0.68
A07A   218.8   71.0  0  0   -0.24    0.85
A10A   125.3   89.9  0  0    0.00    0.00
A11A   209.8   87.8  0  0    0.00    0.00
              52  16   8   8 1
A02A   306.6   59.5 -1 -1    0.00    0.00
A03A    70.5   39.6  1 -1    0.00    0.00
A05A   126.2   69.6  1  1    0.00    0.00
A06A   216.4   30.6  1  1    0.00    0.00
A07A   217.7   70.0  1  1    0.00    0.00
A08A   175.5   69.5 -1  1    0.00    0.00
A10A   126.0   88.7  1 -1    0.00    0.00
A11A   209.3   86.4  1  1    0.00    0.00
A02A   306.6   59.5  0  0    0.17    0.78
A03A    70.5   39.6  0  0   -0.14    0.92
A05A   126.2   69.6  0  0    0.32    0.85
A06A   216.4   30.6  0  0   -0.59    0.61
A07A   217.7   70.0  0  0   -0.24    0.82
A08A   175.5   69.5  0  0    0.00    0.00
A10A   126.0   88.7  0  0    0.00    0.00
A11A   209.3   86.4  0  0    0.00    0.00
              53  20  10  10 1
AAS2   185.2   92.7  1  1    0.00    0.00
A01A     2.0   79.7  1  1    0.00    0.00
A03A    61.3   43.7  1 -1    0.00    0.00
A05A   123.0   70.8  1 -1    0.00    0.00
A06A   227.4   28.2  1  1    0.00    0.00
A07A   220.7   71.2  1  1    0.00    0.00
A08A   175.7   69.9 -1  1    0.00    0.00
A10A   124.4   90.2 -1 -1    0.00    0.00
A11A   210.7   88.6 -1  1    0.00    0.00
A14A   180.3  100.9  1  1    0.00    0.00
AAS2   185.2   92.7  0  0    0.00    0.00
A01A     2.0   79.7  0  0   -0.35    1.13
A03A    61.3   43.7  0  0    0.00    0.75
A05A   123.0   70.8  0  0    0.00    0.00
A06A   227.4   28.2  0  0   -0.28    0.78
A07A   220.7   71.2  0  0   -0.12    0.86
A08A   175.7   69.9  0  0    0.00    0.00
A10A   124.4   90.2  0  0    0.00    0.00
A11A   210.7   88.6  0  0    0.00    0.00
A14A   180.3  100.9  0  0    0.00    0.00
              54  19  10   9 1
AAS1   174.9   93.1  1  1    0.00    0.00
AAS2   185.9   93.1  1  1    0.00    0.00
ACC1   183.3   80.9  1  1    0.00    0.00
A01A     1.0   80.3  1  1    0.00    0.00
A02A   309.6   66.3  1  1    0.00    0.00
A03A    59.0   42.9  1 -1    0.00    0.00
A06A   231.5   29.9  1  1    0.00    0.00
A07A   222.0   72.0  1  1    0.00    0.00
A08A   177.1   70.1 -1  1    0.00    0.00
A09A   247.1   88.1 -1 -1    0.00    0.00
AAS1   174.9   93.1  0  0    0.00    0.00
AAS2   185.9   93.1  0  0    0.00    0.00
A01A     1.0   80.3  0  0   -0.44    1.16
A02A   309.6   66.3  0  0    0.48    0.80
A03A    59.0   42.9  0  0   -0.18    0.73
A06A   231.5   29.9  0  0   -0.40    0.80
A07A   222.0   72.0  0  0    0.15    0.88
A08A   177.1   70.1  0  0    0.00    0.00
A09A   247.1   88.1  0  0    0.00    0.00
              55  25  13  12 1
AAS1   174.9   91.7  1  1    0.00    0.00
AAS2   185.9   91.6  1  1    0.00    0.00
AEC1   154.1   86.0  1  1    0.00    0.00
AEC2   154.8   91.5  1  1    0.00    0.00
A01A     1.0   78.3  1  1    0.00    0.00
A03A    59.8   40.9  1 -1    0.00    0.00
A06A   230.5   28.9  1 -1    0.00    0.00
A07A   221.8   70.2  1  1    0.00    0.00
A08A   177.2   68.3 -1  1    0.00    0.00
A09A   246.9   86.2 -1 -1    0.00    0.00
A10A   124.8   88.8  1  1    0.00    0.00
A12A   188.6   97.0 -1  1    0.00    0.00
A14A   180.6  100.4  1  1    0.00    0.00
AAS1   174.9   91.7  0  0    0.00    0.00
AAS2   185.9   91.6  0  0   -0.39    1.94
AEC1   154.1   86.0  0  0    0.01    1.51
A01A     1.0   78.3  0  0   -0.53    1.07
A03A    59.8   40.9  0  0   -0.38    0.77
A06A   230.5   28.9  0  0   -0.76    0.81
A07A   221.8   70.2  0  0   -0.28    0.83
A08A   177.2   68.3  0  0    0.00    0.00
A09A   246.9   86.2  0  0    0.00    0.00
A10A   124.8   88.8  0  0    0.00    0.00
A12A   188.6   97.0  0  0    0.00    0.00
A14A   180.6  100.4  0  0    0.00    0.00
              56  17   9   8 1
AAS2   185.8   90.2  1 -1    0.00    0.00
ACC1   183.3   77.6 -1 -1    0.00    0.00
A02A   308.6   61.7  1  1    0.00    0.00
A04A   271.8   73.8 -1  1    0.00    0.00
A06A   228.5   28.3  1  1    0.00    0.00
A07A   221.2   68.5  1 -1    0.00    0.00
A08A   177.2   66.7 -1 -1    0.00    0.00
A09A   246.5   84.4 -1 -1    0.00    0.00
A10A   125.2   87.2  1  1    0.00    0.00
ACC1   183.3   77.6  0  0   -0.15    1.04
A02A   308.6   61.7  0  0    0.47    0.71
A04A   271.8   73.8  0  0   -0.06    2.05
A06A   228.5   28.3  0  0   -0.77    0.84
A07A   221.2   68.5  0  0   -0.09    0.79
A08A   177.2   66.7  0  0    0.00    0.00
A09A   246.5   84.4  0  0    0.00    0.00
A10A   125.2   87.2  0  0    0.00    0.00
              57  15   8   7 1
AAS2   185.3   91.6  1 -1    0.00    0.00
A01A     1.9   77.1 -1 -1    0.00    0.00
A03A    64.8   40.6  1 -1    0.00    0.00
A04A   270.8   74.9  1  1    0.00    0.00
A06A   223.2   29.4  1  1    0.00    0.00
A07A   219.7   70.2  1  1    0.00    0.00
A11A   210.3   86.9 -1 -1    0.00    0.00
A14A   180.3  100.4  1 -1    0.00    0.00
A01A     1.9   77.1  0  0   -0.30    1.02
A03A    64.8   40.6  0  0   -0.26    0.93
A04A   270.8   74.9  0  0   -0.18    2.13
A06A   223.2   29.4  0  0   -0.62    0.77
A07A   219.7   70.2  0  0   -0.20    0.84
A11A   210.3   86.9  0  0    0.00    0.00
A14A   180.3  100.4  0  0    0.00    0.00
              58  21  12   9 1
ACC1   184.2   77.6  1  1    0.00    0.00
AEC2   155.1   90.4  1  1    0.00    0.00
AEC3   159.8   90.7  1  1    0.00    0.00
A01A     0.1   77.3  1  1    0.00    0.00
A02A   309.2   63.7  1  1    0.00    0.00
A03A    56.9   39.0  1 -1    0.00    0.00
A04A   273.0   75.0  1  1    0.00    0.00
A06A   234.8   28.5  1  1    0.00    0.00
A07A   223.1   68.9  1  1    0.00    0.00
A08A   178.3   66.4 -1  1    0.00    0.00
A09A   247.6   85.0 -1  1    0.00    0.00
A10A   124.8   87.2 -1 -1    0.00    0.00
A01A     0.1   77.3  0  0   -0.43    1.03
A02A   309.2   63.7  0  0    0.42    0.75
A03A    56.9   39.0  0  0   -0.35    0.74
A04A   273.0   75.0  0  0   -0.15    2.25
A06A   234.8   28.5  0  0   -0.74    0.87
A07A   223.1   68.9  0  0   -0.41    0.79
A08A   178.3   66.4  0  0    0.00    0.00
A09A   247.6   85.0  0  0    0.00    0.00
A10A   124.8   87.2  0  0    0.00    0.00
              59  20  11   9 1
AAS2   186.1   89.0  1  1    0.00    0.00
ACC1   183.7   75.9  1  1    0.00    0.00
AEC1   154.5   82.7  1  1    0.00    0.00
A01A     0.6   74.6  1  1    0.00    0.00
A02A   308.5   60.4  1  1    0.00    0.00
A04A   272.1   72.4  1  1    0.00    0.00
A06A   230.7   27.4  1 -1    0.00    0.00
A07A   221.9   66.8  1 -1    0.00    0.00
A08A   177.8   64.8 -1  1    0.00    0.00
A09A   246.8   83.1  1  1    0.00    0.00
A10A   125.2   85.7  1  1    0.00    0.00
AEC1   154.5   82.7  0  0    0.19    1.28
A01A     0.6   74.6  0  0   -0.26    0.93
A02A   308.5   60.4  0  0    0.38    0.74
A04A   272.1   72.4  0  0   -0.07    1.64
A06A   230.7   27.4  0  0   -0.47    0.82
A07A   221.9   66.8  0  0   -0.20    0.73
A08A   177.8   64.8  0  0    0.00    0.00
A09A   246.8   83.1  0  0    0.00    0.00
A10A   125.2   85.7  0  0    0.00    0.00
              60  21  11  10 1
AEC1   154.1   86.9  1  1    0.00    0.00
A01A     1.9   77.8  1  1    0.00    0.00
A02A   308.3   62.9  1 -1    0.00    0.00
A03A    64.8   41.2 -1 -1    0.00    0.00
A04A   270.8   75.6  1  1    0.00    0.00
A06A   223.2   29.9  1  1    0.00    0.00
A07A   219.7   70.9  1  1    0.00    0.00
A08A   176.2   69.8 -1  1    0.00    0.00
A10A   125.3   89.5 -1 -1    0.00    0.00
A11A   210.3   87.6  1  1    0.00    0.00
A14A   180.3  100.7  1  1    0.00    0.00
A01A     1.9   77.8  0  0   -0.47    1.05
A02A   308.3   62.9  0  0    0.39    0.75
A03A    64.8   41.2  0  0   -0.08    0.84
A04A   270.8   75.6  0  0   -0.06    1.68
A06A   223.2   29.9  0  0   -0.67    0.71
A07A   219.7   70.9  0  0   -0.02    0.84
A08A   176.2   69.8  0  0    0.00    0.00
A10A   125.3   89.5  0  0    0.00    0.00
A11A   210.3   87.6  0  0    0.00    0.00
A14A   180.3  100.7  0  0    0.00    0.00
              61  32  16  16 1
AAS2   185.7   90.5  1 -1    0.00    0.00
ACC1   183.1   77.9 -1 -1    0.00    0.00
AEC1   154.0   84.7 -1 -1    0.00    0.00
AEC2   154.7   90.4 -1 -1    0.00    0.00
AEC3   159.4   91.0 -1 -1    0.00    0.00
A01A     1.2   76.9  1 -1    0.00    0.00
A02A   309.5   62.5  1  1    0.00    0.00
A03A    60.1   40.0  1  1    0.00    0.00
A06A   229.9   27.6  1  1    0.00    0.00
A07A   221.6   68.7  1 -1    0.00    0.00
A08A   176.9   66.9 -1 -1    0.00    0.00
A09A   246.8   84.7 -1 -1    0.00    0.00
A10A   124.8   87.6 -1 -1    0.00    0.00
A12A   188.5   96.3 -1 -1    0.00    0.00
A13A   163.1   98.4  1 -1    0.00    0.00
A14A   180.6   99.8 -1 -1    0.00    0.00
AAS2   185.7   90.5  0  0   -0.36    2.46
ACC1   183.1   77.9  0  0   -0.21    1.05
AEC1   154.0   84.7  0  0    0.02    1.41
AEC2   154.7   90.4  0  0    0.00    0.00
AEC3   159.4   91.0  0  0    0.21    2.30
A01A     1.2   76.9  0  0   -0.50    1.02
A02A   309.5   62.5  0  0    0.41    0.71
A03A    60.1   40.0  0  0   -0.28    0.84
A06A   229.9   27.6  0  0   -0.88    0.87
A07A   221.6   68.7  0  0   -0.35    0.79
A08A   176.9   66.9  0  0   -0.10    0.69
A09A   246.8   84.7  0  0    0.00    0.00
A10A   124.8   87.6  0  0    0.00    0.00
A12A   188.5   96.3  0  0    0.00    0.00
A13A   163.1   98.4  0  0    0.00    0.00
A14A   180.6   99.8  0  0    0.00    0.00
              62  19  10   9 1
AAS2   185.9   92.3  1 -1    0.00    0.00
ACC1   183.4   79.7 -1 -1    0.00    0.00
AEC1   153.8   86.5  1 -1    0.00    0.00
A03A    57.5   42.6  1  1    0.00    0.00
A06A   233.7   28.4  1  1    0.00    0.00
A07A   222.5   70.7  1  1    0.00    0.00
A08A   177.1   68.6 -1 -1    0.00    0.00
A09A   247.5   87.0 -1  1    0.00    0.00
A10A   124.3   89.4 -1 -1    0.00    0.00
A12A   188.6   97.4 -1 -1    0.00    0.00
ACC1   183.4   79.7  0  0    0.00    0.00
AEC1   153.8   86.5  0  0    0.03    1.57
A03A    57.5   42.6  0  0   -0.40    0.78
A06A   233.7   28.4  0  0   -0.68    0.92
A07A   222.5   70.7  0  0   -0.56    0.85
A08A   177.1   68.6  0  0    0.00    0.00
A09A   247.5   87.0  0  0    0.00    0.00
A10A   124.3   89.4  0  0    0.00    0.00
A12A   188.6   97.4  0  0    0.00    0.00
              63  15   8   7 1
ACC1   184.2   73.6  1  1    0.00    0.00
A02A   306.1   56.6  1 -1    0.00    0.00
A03A    63.1   32.2  1  1    0.00    0.00
A04A   270.5   69.6 -1 -1    0.00    0.00
A06A   227.7   27.7  1  1    0.00    0.00
A07A   221.2   64.6  1  1    0.00    0.00
A08A   178.6   62.6 -1  1    0.00    0.00
A10A   126.2   83.3 -1 -1    0.00    0.00
A02A   306.1   56.6  0  0    0.00    0.00
A03A    63.1   32.2  0  0   -0.40    1.01
A04A   270.5   69.6  0  0   -0.13    2.02
A06A   227.7   27.7  0  0   -0.82    0.86
A07A   221.2   64.6  0  0   -0.42    0.70
A08A   178.6   62.6  0  0    0.00    0.00
A10A   126.2   83.3  0  0    0.00    0.00
              64  18  10   8 1
AAS1   175.1   93.6  1  1    0.00    0.00
AAS2   186.1   93.6  1  1    0.00    0.00
AEC3   159.8   94.0  1  1    0.00    0.00
A01A     0.6   80.5  1  1    0.00    0.00
A03A    59.9   42.1  1  1    0.00    0.00
A06A   230.7   31.6  1 -1    0.00    0.00
A08A   177.8   71.1 -1  1    0.00    0.00
A10A   125.2   90.8 -1 -1    0.00    0.00
A12A   188.7   98.3 -1  1    0.00    0.00
A14A   180.8  101.3  1  1    0.00    0.00
AAS1   175.1   93.6  0  0    0.00    0.00
A01A     0.6   80.5  0  0   -0.67    1.17
A03A    59.9   42.1  0  0   -0.09    0.70
A06A   230.7   31.6  0  0   -0.53    0.72
A08A   177.8   71.1  0  0    0.00    0.00
A10A   125.2   90.8  0  0    0.00    0.00
A12A   188.7   98.3  0  0    0.00    0.00
A14A   180.8  101.3  0  0    0.00    0.00
              65  31  16  15 1
AAS1   175.7   91.0  1  1    0.00    0.00
AAS2   186.8   91.0  1  1    0.00    0.00
ACC1   184.8   78.0 -1  1    0.00    0.00
AEC1   154.7   84.7  1  1    0.00    0.00
AEC2   155.3   90.7  1  1    0.00    0.00
AEC3   160.1   91.0  1  1    0.00    0.00
AID1   162.9   94.1  1  1    0.00    0.00
A01A   359.5   78.2  1  1    0.00    0.00
A03A    54.4   39.3  1 -1    0.00    0.00
A06A   238.5   29.4  1  1    0.00    0.00
A07A   224.2   69.6  1  1    0.00    0.00
A08A   179.1   66.5 -1  1    0.00    0.00
A09A   248.1   85.8 -1 -1    0.00    0.00
A10A   124.7   87.5 -1 -1    0.00    0.00
A12A   189.3   96.5 -1  1    0.00    0.00
A14A   181.2   99.9  1  1    0.00    0.00
AAS1   175.7   91.0  0  0    0.00    0.00
AAS2   186.8   91.0  0  0   -0.34    2.13
ACC1   184.8   78.0  0  0    0.00    0.00
AEC1   154.7   84.7  0  0   -0.01    1.40
AEC3   160.1   91.0  0  0    0.00    0.00
AID1   162.9   94.1  0  0    0.00    0.00
A01A   359.5   78.2  0  0   -0.63    1.07
A03A    54.4   39.3  0  0   -0.12    0.70
A06A   238.5   29.4  0  0   -0.64    0.90
A07A   224.2   69.6  0  0   -0.24    0.82
A08A   179.1   66.5  0  0    0.00    0.00
A09A   248.1   85.8  0  0    0.00    0.00
A10A   124.7   87.5  0  0    0.00    0.00
A12A   189.3   96.5  0  0    0.00    0.00
A14A   181.2   99.9  0  0    0.00    0.00
              66  16   8   8 1
AAS2   186.7   89.1  1 -1    0.00    0.00
AEC1   155.0   82.8 -1 -1    0.00    0.00
A01A   359.5   75.3  1 -1    0.00    0.00
A06A   235.3   28.5  1  1    0.00    0.00
A07A   223.4   67.5  1  1    0.00    0.00
A08A   179.1   64.7 -1 -1    0.00    0.00
A10A   125.2   85.6 -1 -1    0.00    0.00
A14A   181.2   99.1 -1 -1    0.00    0.00
AAS2   186.7   89.1  0  0   -0.57    2.26
AEC1   155.0   82.8  0  0   -0.24    1.27
A01A   359.5   75.3  0  0   -0.78    0.96
A06A   235.3   28.5  0  0   -0.71    0.93
A07A   223.4   67.5  0  0    0.04    0.78
A08A   179.1   64.7  0  0    0.00    0.00
A10A   125.2   85.6  0  0    0.00    0.00
A14A   181.2   99.1  0  0    0.00    0.00
              67  26  13  13 1
AAS2   186.9   90.0  1  1    0.00    0.00
ACC1   185.0   77.1 -1  1    0.00    0.00
AEC2   155.6   89.8  1  1    0.00    0.00
A01A   359.3   76.7  1  1    0.00    0.00
A02A   308.4   63.6  1  1    0.00    0.00
A03A    55.5   37.3  1 -1    0.00    0.00
A06A   236.8   29.4 -1 -1    0.00    0.00
A07A   223.8   68.7  1  1    0.00    0.00
A08A   179.4   65.7 -1  1    0.00    0.00
A09A   247.8   84.7 -1 -1    0.00    0.00
A10A   125.1   86.5  1  1    0.00    0.00
A12A   189.3   95.9 -1  1    0.00    0.00
A14A   181.2   99.5  1  1    0.00    0.00
AAS2   186.9   90.0  0  0   -0.43    3.28
ACC1   185.0   77.1  0  0    0.00    0.00
AEC2   155.6   89.8  0  0   -0.55    2.39
A01A   359.3   76.7  0  0   -0.65    1.01
A02A   308.4   63.6  0  0    0.34    0.76
A03A    55.5   37.3  0  0    0.02    0.75
A06A   236.8   29.4  0  0   -0.72    0.89
A07A   223.8   68.7  0  0   -0.30    0.80
A08A   179.4   65.7  0  0   -0.16    0.65
A09A   247.8   84.7  0  0    0.00    0.00
A10A   125.1   86.5  0  0    0.00    0.00
A12A   189.3   95.9  0  0    0.00    0.00
A14A   181.2   99.5  0  0    0.00    0.00
              68  15   8   7 1
AAS2   185.5   90.4  1  1    0.00    0.00
ACC1   182.7   77.8  1  1    0.00    0.00
A01A     1.6   76.6  1  1    0.00    0.00
A02A   309.5   61.8 -1 -1    0.00    0.00
A03A    61.4   40.1 -1 -1    0.00    0.00
A06A   227.6   27.3  1  1    0.00    0.00
A08A   176.3   66.9 -1  1    0.00    0.00
A14A   180.4   99.8 -1  1    0.00    0.00
AAS2   185.5   90.4  0  0   -0.43    2.51
A01A     1.6   76.6  0  0    0.00    0.00
A02A   309.5   61.8  0  0    0.00    0.00
A03A    61.4   40.1  0  0   -0.07    0.79
A06A   227.6   27.3  0  0    0.00    0.00
A08A   176.3   66.9  0  0    0.00    0.00
A14A   180.4   99.8  0  0    0.00    0.00
              69  21  11  10 1
AAS2   187.2   90.8  1  1    0.00    0.00
ACC1   185.4   77.8 -1  1    0.00    0.00
AEC2   155.7   90.5  1  1    0.00    0.00
AID1   163.2   93.9  1  1    0.00    0.00
A01A   358.9   78.0  1  1    0.00    0.00
A03A    53.2   38.2  1 -1    0.00    0.00
A06A   239.8   30.2  1  1    0.00    0.00
A07A   224.8   69.7  1  1    0.00    0.00
A10A   125.0   87.1 -1 -1    0.00    0.00
A12A   189.5   96.4 -1  1    0.00    0.00
A14A   181.4   99.8 -1  1    0.00    0.00
AAS2   187.2   90.8  0  0   -0.48    2.23
ACC1   185.4   77.8  0  0    0.00    0.00
AID1   163.2   93.9  0  0    0.00    0.00
A01A   358.9   78.0  0  0   -0.65    1.06
A03A    53.2   38.2  0  0   -0.24    0.69
A06A   239.8   30.2  0  0   -0.79    0.90
A07A   224.8   69.7  0  0   -0.25    0.82
A10A   125.0   87.1  0  0    0.00    0.00
A12A   189.5   96.4  0  0    0.00    0.00
A14A   181.4   99.8  0  0    0.00    0.00
              70  19  10   9 1
AAS2   186.6   90.8  1 -1    0.00    0.00
AEC1   154.8   84.7 -1 -1    0.00    0.00
A01A   359.7   77.7  1 -1    0.00    0.00
A03A    56.2   38.8  1 -1    0.00    0.00
A04A   273.0   75.7  1  1    0.00    0.00
A06A   235.8   29.5  1  1    0.00    0.00
A07A   223.5   69.5  1  1    0.00    0.00
A08A   178.8   66.8 -1 -1    0.00    0.00
A10A   125.0   87.4  1  1    0.00    0.00
A12A   189.1   96.4 -1 -1    0.00    0.00
AAS2   186.6   90.8  0  0   -0.35    2.21
A01A   359.7   77.7  0  0   -0.38    1.05
A03A    56.2   38.8  0  0   -0.42    0.79
A04A   273.0   75.7  0  0   -0.17    1.67
A06A   235.8   29.5  0  0   -0.89    0.92
A07A   223.5   69.5  0  0   -0.47    0.83
A08A   178.8   66.8  0  0    0.66    0.68
A10A   125.0   87.4  0  0    0.00    0.00
A12A   189.1   96.4  0  0    0.00    0.00
              71  22  11  11 1
AAS2   186.2   90.4  1  1    0.00    0.00
AEC1   154.5   84.5 -1 -1    0.00    0.00
A01A     0.3   77.1  1  1    0.00    0.00
A02A   309.0   63.3  1 -1    0.00    0.00
A03A    58.0   39.0  1  1    0.00    0.00
A04A   272.7   74.8  1 -1    0.00    0.00
A06A   233.2   28.6  1  1    0.00    0.00
A07A   222.6   68.9  1  1    0.00    0.00
A08A   178.0   66.6 -1  1    0.00    0.00
A10A   124.9   87.3 -1 -1    0.00    0.00
A14A   180.9   99.8  1  1    0.00    0.00
AAS2   186.2   90.4  0  0    0.04    2.48
AEC1   154.5   84.5  0  0   -0.44    1.36
A01A     0.3   77.1  0  0   -0.29    1.03
A02A   309.0   63.3  0  0    0.27    0.75
A03A    58.0   39.0  0  0   -0.66    0.79
A04A   272.7   74.8  0  0    0.01    2.13
A06A   233.2   28.6  0  0   -0.84    0.88
A07A   222.6   68.9  0  0   -0.73    0.81
A08A   178.0   66.6  0  0   -0.02    0.68
A10A   124.9   87.3  0  0    0.00    0.00
A14A   180.9   99.8  0  0    0.00    0.00
              72  24  13  11 1
AAS1   176.3  100.1  1  1    0.00    0.00
AAS2   187.1  100.1  1  1    0.00    0.00
ACC1   185.4   90.9  1  1    0.00    0.00
AEC1   156.0   95.6  1  1    0.00    0.00
A01A   358.7   89.0  1  1    0.00    0.00
A03A    58.5   45.9  1 -1    0.00    0.00
A04A   271.4   88.3  1 -1    0.00    0.00
A06A   233.4   42.2  1  1    0.00    0.00
A08A   180.3   80.0 -1  1    0.00    0.00
A10A   126.2   98.0 -1 -1    0.00    0.00
A11A   212.4   97.3 -1 -1    0.00    0.00
A12A   189.5  104.2 -1  1    0.00    0.00
A14A   181.5  106.1  1  1    0.00    0.00
AAS2   187.1  100.1  0  0   -0.50    1.14
AEC1   156.0   95.6  0  0   -0.15    1.44
A01A   358.7   89.0  0  0   -0.43    2.19
A03A    58.5   45.9  0  0   -0.24    0.80
A04A   271.4   88.3  0  0    0.13    2.26
A06A   233.4   42.2  0  0   -0.15    0.75
A08A   180.3   80.0  0  0    0.00    0.00
A10A   126.2   98.0  0  0    0.00    0.00
A11A   212.4   97.3  0  0    0.00    0.00
A12A   189.5  104.2  0  0    0.00    0.00
A14A   181.5  106.1  0  0    0.00    0.00
              73  23  12  11 1
AAS2   186.8  102.0  1 -1    0.00    0.00
ACC1   184.8   91.8  1 -1    0.00    0.00
AEC3   160.6  102.1 -1 -1    0.00    0.00
A01A   359.3   90.1 -1 -1    0.00    0.00
A02A   306.7   77.4  1  1    0.00    0.00
A03A    59.6   48.7 -1 -1    0.00    0.00
A04A   271.4   89.2  1  1    0.00    0.00
A07A   222.6   83.8  1 -1    0.00    0.00
A08A   179.4   81.4 -1 -1    0.00    0.00
A10A   126.0  100.2 -1  1    0.00    0.00
A11A   212.0   99.2 -1 -1    0.00    0.00
A12A   189.2  105.8 -1 -1    0.00    0.00
AAS2   186.8  102.0  0  0    0.00    0.00
AEC3   160.6  102.1  0  0    0.00    0.00
A01A   359.3   90.1  0  0   -0.15    2.83
A02A   306.7   77.4  0  0    0.60    1.11
A03A    59.6   48.7  0  0   -0.60    0.76
A04A   271.4   89.2  0  0    0.07    2.34
A07A   222.6   83.8  0  0   -0.44    1.45
A08A   179.4   81.4  0  0    0.00    0.00
A10A   126.0  100.2  0  0    0.00    0.00
A11A   212.0   99.2  0  0    0.00    0.00
A12A   189.2  105.8  0  0    0.00    0.00
              74  30  16  14 1
AAS1   176.4   97.5 -1  1    0.00    0.00
AAS2   187.3   97.5 -1 -1    0.00    0.00
ACC1   185.7   88.3  1 -1    0.00    0.00
AEC1   156.0   92.8  1  1    0.00    0.00
AEC2   156.3   97.1  1  1    0.00    0.00
AEC3   161.0   97.6  1  1    0.00    0.00
A01A   358.5   86.6  1  1    0.00    0.00
A03A    57.3   43.2 -1 -1    0.00    0.00
A04A   271.7   85.8  1  1    0.00    0.00
A06A   234.7   39.8  1  1    0.00    0.00
A07A   223.6   80.1  1  1    0.00    0.00
A08A   180.6   77.1 -1  1    0.00    0.00
A10A   126.2   95.0 -1  1    0.00    0.00
A11A   212.6   94.4 -1 -1    0.00    0.00
A12A   189.6  102.0 -1 -1    0.00    0.00
A14A   181.5  104.1  1 -1    0.00    0.00
AAS1   176.4   97.5  0  0    0.00    0.00
AAS2   187.3   97.5  0  0   -0.60    1.27
AEC1   156.0   92.8  0  0   -0.20    1.80
AEC3   161.0   97.6  0  0    0.13    1.30
A01A   358.5   86.6  0  0   -0.24    1.64
A03A    57.3   43.2  0  0   -0.66    0.73
A04A   271.7   85.8  0  0    0.24    2.71
A06A   234.7   39.8  0  0   -0.31    0.73
A07A   223.6   80.1  0  0   -0.41    1.20
A08A   180.6   77.1  0  0    0.00    0.00
A10A   126.2   95.0  0  0    0.00    0.00
A11A   212.6   94.4  0  0    0.00    0.00
A12A   189.6  102.0  0  0    0.00    0.00
A14A   181.5  104.1  0  0    0.00    0.00
              75  16   8   8 1
A01A   358.7   80.5 -1 -1    0.00    0.00
A02A   310.5   68.2  1  1    0.00    0.00
A04A   275.4   78.0  1  1    0.00    0.00
A06A   247.0   30.2  1  1    0.00    0.00
A07A   226.6   70.5  1  1    0.00    0.00
A08A   180.3   66.5  1  1    0.00    0.00
A10A   124.0   88.4  1  1    0.00    0.00
A11A   213.9   87.7  1  1    0.00    0.00
A01A   358.7   80.5  0  0   -0.29    1.18
A02A   310.5   68.2  0  0    0.00    0.00
A04A   275.4   78.0  0  0   -0.24    1.82
A06A   247.0   30.2  0  0   -0.71    0.95
A07A   226.6   70.5  0  0   -0.45    0.85
A08A   180.3   66.5  0  0    0.25    0.67
A10A   124.0   88.4  0  0    0.00    0.00
A11A   213.9   87.7  0  0    0.00    0.00
              76  24  12  12 1
AAS2   186.5   91.0  1  1    0.00    0.00
AEC1   154.4   84.7 -1 -1    0.00    0.00
A01A   359.9   78.2  1  1    0.00    0.00
A02A   309.7   64.9  1  1    0.00    0.00
A03A    55.1   39.9  1 -1    0.00    0.00
A04A   273.6   75.8  1 -1    0.00    0.00
A06A   237.5   28.7  1  1    0.00    0.00
A07A   223.8   69.3  1  1    0.00    0.00
A08A   178.5   66.5 -1 -1    0.00    0.00
A09A   248.0   85.6 -1 -1    0.00    0.00
A12A   189.1   96.5 -1  1    0.00    0.00
A14A   181.0   99.9  1  1    0.00    0.00
AAS2   186.5   91.0  0  0   -0.49    2.15
AEC1   154.4   84.7  0  0   -0.06    1.38
A01A   359.9   78.2  0  0   -0.51    1.07
A02A   309.7   64.9  0  0    0.36    0.77
A03A    55.1   39.9  0  0   -0.27    0.73
A04A   273.6   75.8  0  0   -0.16    1.93
A06A   237.5   28.7  0  0   -0.71    0.93
A07A   223.8   69.3  0  0   -0.64    0.82
A08A   178.5   66.5  0  0    0.00    0.00
A09A   248.0   85.6  0  0    0.00    0.00
A12A   189.1   96.5  0  0    0.00    0.00
A14A   181.0   99.9  0  0    0.00    0.00
              77  27  14  13 1
AAS1   175.7   87.2  1 -1    0.00    0.00
ACC1   184.8   73.4 -1 -1    0.00    0.00
AEC1   154.6   80.6 -1 -1    0.00    0.00
AEC3   160.0   87.6 -1 -1    0.00    0.00
AID1   162.9   91.6  1 -1    0.00    0.00
A01A   359.5   73.9  1  1    0.00    0.00
A02A   309.6   60.5  1  1    0.00    0.00
A03A    53.6   35.6  1  1    0.00    0.00
A06A   239.6   26.0  1  1    0.00    0.00
A07A   224.4   64.7  1  1    0.00    0.00
A08A   179.1   61.5 -1 -1    0.00    0.00
A09A   248.4   81.8 -1 -1    0.00    0.00
A10A   124.6   83.9 -1 -1    0.00    0.00
A12A   189.3   94.3 -1  1    0.00    0.00
AAS1   175.7   87.2  0  0    0.00    0.00
AEC1   154.6   80.6  0  0   -0.09    1.15
AEC3   160.0   87.6  0  0    0.00    0.00
AID1   162.9   91.6  0  0    0.00    0.00
A01A   359.5   73.9  0  0   -0.65    0.91
A02A   309.6   60.5  0  0    0.35    0.70
A03A    53.6   35.6  0  0    0.03    0.76
A06A   239.6   26.0  0  0   -0.80    1.00
A07A   224.4   64.7  0  0   -0.54    0.71
A08A   179.1   61.5  0  0    0.00    0.00
A09A   248.4   81.8  0  0    0.00    0.00
A10A   124.6   83.9  0  0    0.00    0.00
A12A   189.3   94.3  0  0    0.00    0.00
              78  26  14  12 1
AAS2   186.7   91.7  1  1    0.00    0.00
ACC1   184.6   78.9  1  1    0.00    0.00
AEC1   154.6   85.5 -1  1    0.00    0.00
AEC2   155.2   91.4  1  1    0.00    0.00
AID1   162.8   94.9  1  1    0.00    0.00
A01A   359.7   79.1  1  1    0.00    0.00
A02A   309.5   66.0  1  1    0.00    0.00
A03A    54.7   40.4  1 -1    0.00    0.00
A06A   238.0   29.7  1  1    0.00    0.00
A07A   224.0   70.4  1  1    0.00    0.00
A08A   178.8   67.5 -1 -1    0.00    0.00
A09A   248.1   86.7 -1 -1    0.00    0.00
A12A   189.2   97.0 -1  1    0.00    0.00
A14A   181.1  100.3  1  1    0.00    0.00
AEC1   154.6   85.5  0  0   -0.31    1.45
AEC2   155.2   91.4  0  0   -0.61    2.29
AID1   162.8   94.9  0  0    0.00    0.00
A01A   359.7   79.1  0  0   -0.61    1.11
A02A   309.5   66.0  0  0    0.21    0.79
A03A    54.7   40.4  0  0   -0.07    0.71
A06A   238.0   29.7  0  0   -0.83    0.91
A07A   224.0   70.4  0  0   -0.33    0.86
A08A   178.8   67.5  0  0    0.00    0.00
A09A   248.1   86.7  0  0    0.00    0.00
A12A   189.2   97.0  0  0    0.00    0.00
A14A   181.1  100.3  0  0    0.00    0.00
              79  23  12  11 1
AAS2   185.6   91.5  1 -1    0.00    0.00
ACC1   182.9   79.1 -1 -1    0.00    0.00
A01A     1.4   78.5  1 -1    0.00    0.00
A02A   310.0   64.0  1 -1    0.00    0.00
A03A    59.6   41.8  1  1    0.00    0.00
A04A   272.8   75.6 -1 -1    0.00    0.00
A06A   230.3   27.9  1  1    0.00    0.00
A07A   221.6   69.8  1  1    0.00    0.00
A08A   176.6   68.1 -1 -1    0.00    0.00
A10A   124.5   88.8 -1 -1    0.00    0.00
A12A   188.4   96.9 -1 -1    0.00    0.00
A14A   180.5  100.3 -1 -1    0.00    0.00
ACC1   182.9   79.1  0  0    0.00    0.00
A01A     1.4   78.5  0  0   -0.56    1.08
A02A   310.0   64.0  0  0    0.40    0.73
A03A    59.6   41.8  0  0   -0.23    0.82
A04A   272.8   75.6  0  0    0.01    1.66
A06A   230.3   27.9  0  0   -0.63    0.88
A07A   221.6   69.8  0  0    0.04    0.83
A08A   176.6   68.1  0  0    0.00    0.00
A10A   124.5   88.8  0  0    0.00    0.00
A12A   188.4   96.9  0  0    0.00    0.00
A14A   180.5  100.3  0  0    0.00    0.00
              80  18  10   8 1
ACC1   183.8   80.9  1  1    0.00    0.00
AEC1   154.1   87.4  1  1    0.00    0.00
A01A     0.5   80.8  1  1    0.00    0.00
A02A   309.9   67.2  1  1    0.00    0.00
A03A    56.9   43.1 -1 -1    0.00    0.00
A06A   234.9   30.0  1  1    0.00    0.00
A07A   222.9   72.1  1 -1    0.00    0.00
A08A   177.7   69.8 -1  1    0.00    0.00
A11A   211.9   89.3 -1 -1    0.00    0.00
A14A   180.8  101.1  1  1    0.00    0.00
A01A     0.5   80.8  0  0   -0.62    1.19
A02A   309.9   67.2  0  0    0.22    0.81
A03A    56.9   43.1  0  0   -0.08    0.72
A06A   234.9   30.0  0  0   -0.70    0.86
A07A   222.9   72.1  0  0    0.00    0.00
A08A   177.7   69.8  0  0    0.00    0.00
A11A   211.9   89.3  0  0    0.00    0.00
A14A   180.8  101.1  0  0    0.00    0.00
              81  24  13  11 1
AAS2   184.5   92.3  1  1    0.00    0.00
ACC1   181.2   80.5  1  1    0.00    0.00
AEC2   154.4   91.9  1  1    0.00    0.00
A01A     3.2   76.9  1  1    0.00    0.00
A02A   308.0   60.8  1  1    0.00    0.00
A03A    69.4   42.1  1 -1    0.00    0.00
A06A   215.9   30.0  1  1    0.00    0.00
A07A   217.5   70.8  1  1    0.00    0.00
A08A   174.7   70.6 -1  1    0.00    0.00
A09A   244.4   85.9 -1 -1    0.00    0.00
A10A   125.5   89.8 -1 -1    0.00    0.00
A11A   209.1   87.5 -1  1    0.00    0.00
A12A   187.5   97.3 -1  1    0.00    0.00
AAS2   184.5   92.3  0  0   -0.38    1.79
A01A     3.2   76.9  0  0   -0.61    1.01
A02A   308.0   60.8  0  0    0.33    0.74
A03A    69.4   42.1  0  0   -0.38    0.93
A06A   215.9   30.0  0  0   -0.49    0.64
A07A   217.5   70.8  0  0   -0.12    0.84
A08A   174.7   70.6  0  0   -0.15    0.80
A09A   244.4   85.9  0  0    0.00    0.00
A10A   125.5   89.8  0  0    0.00    0.00
A11A   209.1   87.5  0  0    0.00    0.00
A12A   187.5   97.3  0  0    0.00    0.00
              82  20  12   8 1
AAS1   177.2   91.0  1  1    0.00    0.00
ACC1   187.8   77.2 -1  1    0.00    0.00
AEC1   155.9   83.8 -1  1    0.00    0.00
AEC2   156.2   89.8  1  1    0.00    0.00
AEC3   161.1   91.1  1  1    0.00    0.00
A03A    43.3   38.7  1 -1    0.00    0.00
A05A   122.7   63.3  1  1    0.00    0.00
A06A   251.9   32.3  1 -1    0.00    0.00
A07A   228.8   70.0  1 -1    0.00    0.00
A09A   250.5   86.5 -1 -1    0.00    0.00
A10A   124.4   86.8  1  1    0.00    0.00
A11A   215.3   86.5  1 -1    0.00    0.00
AEC3   161.1   91.1  0  0    0.00    0.00
A03A    43.3   38.7  0  0   -0.61    0.52
A05A   122.7   63.3  0  0    0.60    0.82
A06A   251.9   32.3  0  0   -0.76    1.04
A07A   228.8   70.0  0  0   -0.84    0.84
A09A   250.5   86.5  0  0   -0.22    1.81
A10A   124.4   86.8  0  0    0.00    0.00
A11A   215.3   86.5  0  0    0.00    0.00
              83  17   9   8 1
ACC1   182.2   76.8  1 -1    0.00    0.00
A01A     2.1   74.0 -1 -1    0.00    0.00
A02A   308.1   58.6  1 -1    0.00    0.00
A03A    65.9   38.1  1  1    0.00    0.00
A04A   270.5   71.7 -1 -1    0.00    0.00
A05A   125.0   66.5 -1 -1    0.00    0.00
A06A   221.7   27.5  1  1    0.00    0.00
A07A   219.2   67.2  1  1    0.00    0.00
A08A   175.9   66.2 -1  1    0.00    0.00
A01A     2.1   74.0  0  0   -0.23    0.91
A02A   308.1   58.6  0  0    0.28    0.70
A03A    65.9   38.1  0  0   -0.07    0.92
A04A   270.5   71.7  0  0   -0.28    1.87
A05A   125.0   66.5  0  0    0.40    0.80
A06A   221.7   27.5  0  0   -0.78    0.76
A07A   219.2   67.2  0  0   -0.12    0.74
A08A   175.9   66.2  0  0    0.00    0.00
              84  26  14  12 1
AAS2   184.7   94.7  1  1    0.00    0.00
ACC1   181.6   83.5  1  1    0.00    0.00
AEC2   154.8   94.3  1  1    0.00    0.00
A02A   306.8   63.7  1  1    0.00    0.00
A03A    70.7   43.7 -1 -1    0.00    0.00
A04A   268.8   77.7  1 -1    0.00    0.00
A06A   215.7   33.5  1  1    0.00    0.00
A07A   217.5   74.3 -1 -1    0.00    0.00
A08A   175.3   74.0 -1  1    0.00    0.00
A09A   244.1   89.0 -1 -1    0.00    0.00
A10A   126.0   91.9 -1  1    0.00    0.00
A11A   209.1   90.4 -1 -1    0.00    0.00
A12A   187.6   98.8 -1  1    0.00    0.00
A14A   180.0  101.8  1  1    0.00    0.00
AAS2   184.7   94.7  0  0   -0.53    1.49
A02A   306.8   63.7  0  0    0.28    0.76
A03A    70.7   43.7  0  0   -0.17    1.00
A04A   268.8   77.7  0  0    0.21    1.84
A06A   215.7   33.5  0  0   -0.17    0.59
A07A   217.5   74.3  0  0    0.10    0.96
A08A   175.3   74.0  0  0    0.00    0.00
A09A   244.1   89.0  0  0    0.27    2.78
A10A   126.0   91.9  0  0    0.00    0.00
A11A   209.1   90.4  0  0    0.00    0.00
A12A   187.6   98.8  0  0    0.00    0.00
A14A   180.0  101.8  0  0    0.00    0.00
              85  16   9   7 1
AAS2   185.3   93.3  1 -1    0.00    0.00
ACC1   182.5   81.5 -1 -1    0.00    0.00
AEC2   154.6   93.0  1  1    0.00    0.00
A01A     1.8   79.7  1 -1    0.00    0.00
A02A   309.0   65.0  1  1    0.00    0.00
A06A   225.1   30.2  1  1    0.00    0.00
A08A   176.1   71.1 -1 -1    0.00    0.00
A11A   210.5   89.2 -1 -1    0.00    0.00
A12A   188.1   98.1 -1 -1    0.00    0.00
ACC1   182.5   81.5  0  0   -0.46    1.22
A01A     1.8   79.7  0  0   -0.55    1.13
A02A   309.0   65.0  0  0    0.33    0.76
A06A   225.1   30.2  0  0   -0.29    0.76
A08A   176.1   71.1  0  0    0.00    0.00
A11A   210.5   89.2  0  0    0.00    0.00
A12A   188.1   98.1  0  0    0.00    0.00
              86  17   9   8 1
AAS2   186.4   91.0  1  1    0.00    0.00
AEC2   155.2   90.9  1  1    0.00    0.00
A01A     0.1   77.8  1  1    0.00    0.00
A02A   308.8   64.2  1  1    0.00    0.00
A03A    57.7   39.3  1 -1    0.00    0.00
A06A   233.8   29.4  1 -1    0.00    0.00
A07A   222.8   69.7  1  1    0.00    0.00
A08A   178.3   67.3 -1  1    0.00    0.00
A11A   212.0   86.5  1  1    0.00    0.00
AAS2   186.4   91.0  0  0   -0.30    2.14
A01A     0.1   77.8  0  0   -0.35    1.05
A02A   308.8   64.2  0  0    0.35    0.77
A03A    57.7   39.3  0  0   -0.36    0.75
A06A   233.8   29.4  0  0   -0.88    0.84
A07A   222.8   69.7  0  0   -0.67    0.82
A08A   178.3   67.3  0  0    0.00    0.00
A11A   212.0   86.5  0  0    0.00    0.00
              87  16   8   8 1
AAS2   172.5  100.8 -1 -1    0.00    0.00
A01A    38.6   77.4  1 -1    0.00    0.00
A03A   108.1   78.8  1  1    0.00    0.00
A04A   231.5   69.5 -1 -1    0.00    0.00
A06A   153.5   70.8  1  1    0.00    0.00
A07A   183.8   86.8  1 -1    0.00    0.00
A09A   219.6   91.4 -1 -1    0.00    0.00
A11A   189.7   96.9 -1 -1    0.00    0.00
AAS2   172.5  100.8  0  0    0.00    0.00
A01A    38.6   77.4  0  0   -0.16    1.01
A03A   108.1   78.8  0  0   -0.67    1.17
A04A   231.5   69.5  0  0   -0.33    0.84
A06A   153.5   70.8  0  0    0.00    0.00
A07A   183.8   86.8  0  0    0.15    1.65
A09A   219.6   91.4  0  0   -0.37    1.85
A11A   189.7   96.9  0  0    0.00    0.00
              88  29  15  14 1
AAS1   175.5   90.8  1  1    0.00    0.00
AAS2   186.7   90.8  1  1    0.00    0.00
ACC1   184.7   77.3 -1 -1    0.00    0.00
AEC1   154.3   84.2  1  1    0.00    0.00
AEC2   155.0   90.3  1  1    0.00    0.00
AEC3   159.8   90.8 -1  1    0.00    0.00
A01A   359.7   78.4  1  1    0.00    0.00
A02A   310.5   65.3  1  1    0.00    0.00
A03A    52.6   40.3  1  1    0.00    0.00
A06A   241.4   28.0  1 -1    0.00    0.00
A07A   224.8   68.7  1 -1    0.00    0.00
A08A   178.8   65.5 -1 -1    0.00    0.00
A09A   248.7   85.3 -1 -1    0.00    0.00
A12A   189.2   96.2 -1  1    0.00    0.00
A14A   181.1   99.6  1  1    0.00    0.00
AAS1   175.5   90.8  0  0    0.00    0.00
AAS2   186.7   90.8  0  0   -0.61    2.26
ACC1   184.7   77.3  0  0    0.00    0.00
AEC1   154.3   84.2  0  0    0.08    1.38
AEC3   159.8   90.8  0  0    0.00    0.00
A01A   359.7   78.4  0  0   -0.62    1.08
A02A   310.5   65.3  0  0    0.42    0.79
A03A    52.6   40.3  0  0   -0.09    0.62
A06A   241.4   28.0  0  0   -0.82    0.93
A07A   224.8   68.7  0  0   -0.41    0.78
A08A   178.8   65.5  0  0   -0.29    0.65
A09A   248.7   85.3  0  0    0.00    0.00
A12A   189.2   96.2  0  0    0.00    0.00
A14A   181.1   99.6  0  0    0.00    0.00
              89  20  10  10 1
AAS2   186.4   91.7  1  1    0.00    0.00
A01A     0.1   78.8  1  1    0.00    0.00
A02A   309.2   65.4  1  1    0.00    0.00
A03A    56.9   40.4  1  1    0.00    0.00
A06A   234.8   29.7  1 -1    0.00    0.00
A07A   223.1   70.6  1 -1    0.00    0.00
A08A   178.3   68.1 -1 -1    0.00    0.00
A09A   247.6   86.7 -1 -1    0.00    0.00
A12A   189.0   97.1 -1  1    0.00    0.00
A14A   180.9  100.4  1  1    0.00    0.00
AAS2   186.4   91.7  0  0    0.00    0.00
A01A     0.1   78.8  0  0   -0.54    1.09
A02A   309.2   65.4  0  0    0.29    0.80
A03A    56.9   40.4  0  0   -0.36    0.68
A06A   234.8   29.7  0  0   -0.70    0.81
A07A   223.1   70.6  0  0   -0.35    0.83
A08A   178.3   68.1  0  0    0.00    0.00
A09A   247.6   86.7  0  0    0.00    0.00
A12A   189.0   97.1  0  0    0.00    0.00
A14A   180.9  100.4  0  0    0.00    0.00
              90  23  13  10 1
AAS1   171.7   86.6  1  1    0.00    0.00
AAS2   182.9   86.2  1  1    0.00    0.00
AEC1   149.9   80.6 -1  1    0.00    0.00
AEC2   151.5   86.4  1  1    0.00    0.00
AEC3   156.2   87.4  1  1    0.00    0.00
AID1   159.7   91.7  1  1    0.00    0.00
A04A   275.2   66.1 -1 -1    0.00    0.00
A08A   169.7   60.4 -1  1    0.00    0.00
A09A   246.8   78.5 -1 -1    0.00    0.00
A10A   121.8   84.6 -1  1    0.00    0.00
A11A   208.8   80.3 -1 -1    0.00    0.00
A12A   186.4   93.2 -1  1    0.00    0.00
A14A   178.7   96.9  1  1    0.00    0.00
AAS2   182.9   86.2  0  0   -0.23    1.59
AEC1   149.9   80.6  0  0   -0.03    1.15
AEC3   156.2   87.4  0  0    0.00    0.00
A04A   275.2   66.1  0  0    0.00    0.00
A08A   169.7   60.4  0  0    0.00    0.00
A09A   246.8   78.5  0  0    0.00    0.00
A10A   121.8   84.6  0  0    0.00    0.00
A11A   208.8   80.3  0  0    0.00    0.00
A12A   186.4   93.2  0  0    0.00    0.00
A14A   178.7   96.9  0  0    0.00    0.00
              91  22  11  11 1
AAS2   186.4   91.1  1  1    0.00    0.00
AEC2   155.0   91.1  1  1    0.00    0.00
A01A     0.1   78.3  1  1    0.00    0.00
A02A   309.5   64.8  1  1    0.00    0.00
A03A    56.2   40.1  1 -1    0.00    0.00
A06A   235.9   28.9  1 -1    0.00    0.00
A07A   223.3   69.6  1  1    0.00    0.00
A08A   178.3   67.1 -1  1    0.00    0.00
A09A   247.8   85.9 -1 -1    0.00    0.00
A10A   124.7   87.9 -1 -1    0.00    0.00
A12A   189.0   96.6 -1  1    0.00    0.00
AAS2   186.4   91.1  0  0   -0.52    2.05
AEC2   155.0   91.1  0  0   -0.41    2.50
A01A     0.1   78.3  0  0   -0.57    1.07
A02A   309.5   64.8  0  0    0.35    0.78
A03A    56.2   40.1  0  0   -0.33    0.72
A06A   235.9   28.9  0  0   -0.76    0.88
A07A   223.3   69.6  0  0   -0.48    0.83
A08A   178.3   67.1  0  0    0.00    0.00
A09A   247.8   85.9  0  0    0.00    0.00
A10A   124.7   87.9  0  0    0.00    0.00
A12A   189.0   96.6  0  0    0.00    0.00
              92  20  10  10 1
AAS2   186.6   92.6  1  1    0.00    0.00
A01A   359.7   80.1  1  1    0.00    0.00
A02A   309.2   67.1  1  1    0.00    0.00
A03A    55.5   41.2  1 -1    0.00    0.00
A04A   273.3   78.0  1  1    0.00    0.00
A06A   236.9   30.9  1  1    0.00    0.00
A07A   223.7   71.8  1  1    0.00    0.00
A08A   178.8   69.0 -1  1    0.00    0.00
A10A   124.8   89.6 -1  1    0.00    0.00
A11A   212.4   88.6  1  1    0.00    0.00
AAS2   186.6   92.6  0  0    0.00    0.00
A01A   359.7   80.1  0  0   -0.51    1.16
A02A   309.2   67.1  0  0    0.34    0.84
A03A    55.5   41.2  0  0   -0.02    0.64
A04A   273.3   78.0  0  0    0.15    1.58
A06A   236.9   30.9  0  0   -0.70    0.81
A07A   223.7   71.8  0  0   -0.15    0.88
A08A   178.8   69.0  0  0    0.00    0.00
A10A   124.8   89.6  0  0    0.00    0.00
A11A   212.4   88.6  0  0    0.00    0.00
              93  17   9   8 1
AAS2   187.3   88.4  1  1    0.00    0.00
ACC1   185.6   75.0  1  1    0.00    0.00
AEC1   155.4   81.7 -1 -1    0.00    0.00
A01A   358.7   74.8  1  1    0.00    0.00
A02A   308.2   62.0  1 -1    0.00    0.00
A03A    53.6   35.0  1  1    0.00    0.00
A06A   239.2   28.6  1  1    0.00    0.00
A07A   224.7   66.7  1  1    0.00    0.00
A08A   180.3   63.3 -1 -1    0.00    0.00
AAS2   187.3   88.4  0  0   -0.11    2.00
AEC1   155.4   81.7  0  0   -0.01    1.21
A01A   358.7   74.8  0  0   -0.34    0.94
A02A   308.2   62.0  0  0    0.00    0.00
A03A    53.6   35.0  0  0   -0.29    0.74
A06A   239.2   28.6  0  0   -0.77    0.91
A07A   224.7   66.7  0  0   -0.50    0.75
A08A   180.3   63.3  0  0    0.00    0.00
              94  16   8   8 1
AEC2   154.2   83.2  1  1    0.00    0.00
A03A     5.6   68.0 -1 -1    0.00    0.00
A04A   295.5   86.7  1  1    0.00    0.00
A05A    76.2   48.8  1 -1    0.00    0.00
A06A   312.4   59.6  1  1    0.00    0.00
A07A   264.5   71.1  1  1    0.00    0.00
A08A   220.0   38.3 -1 -1    0.00    0.00
A11A   234.3   84.8  1  1    0.00    0.00
AEC2   154.2   83.2  0  0   -0.52    1.29
A03A     5.6   68.0  0  0   -0.47    0.72
A04A   295.5   86.7  0  0   -0.58    1.80
A05A    76.2   48.8  0  0   -0.38    1.08
A06A   312.4   59.6  0  0   -0.46    0.67
A07A   264.5   71.1  0  0   -0.06    1.33
A08A   220.0   38.3  0  0    0.00    0.00
A11A   234.3   84.8  0  0    0.07    1.52
              95  13   8   5 1
ACC1   209.4   65.4  1 -1    0.00    0.00
AEC2   154.1   85.6  1  1    0.00    0.00
AEC3   161.1   87.1  1  1    0.00    0.00
A04A   295.8   89.2  1  1    0.00    0.00
A05A    74.6   51.3 -1 -1    0.00    0.00
A06A   312.9   63.0  1  1    0.00    0.00
A07A   265.4   73.9  1  1    0.00    0.00
A11A   234.8   87.3 -1 -1    0.00    0.00
A04A   295.8   89.2  0  0   -0.09    2.69
A05A    74.6   51.3  0  0    0.30    1.01
A06A   312.9   63.0  0  0   -0.28    0.71
A07A   265.4   73.9  0  0   -0.11    1.37
A11A   234.8   87.3  0  0    0.00    0.00
              96  14   8   6 1
AAS2   183.4   99.9  1  1    0.00    0.00
AEC2   155.6   99.7  1  1    0.00    0.00
A02A   296.9   64.0 -1 -1    0.00    0.00
A04A   260.1   84.3  1 -1    0.00    0.00
A06A   198.6   50.9  1  1    0.00    0.00
A07A   210.7   85.0  1  1    0.00    0.00
A08A   173.9   86.2 -1  1    0.00    0.00
A11A   205.7   97.3 -1  1    0.00    0.00
A02A   296.9   64.0  0  0    0.39    0.83
A04A   260.1   84.3  0  0    0.33    1.58
A06A   198.6   50.9  0  0   -0.37    0.24
A07A   210.7   85.0  0  0    0.02    1.52
A08A   173.9   86.2  0  0    0.00    0.00
A11A   205.7   97.3  0  0    0.00    0.00
              97  23  12  11 1
ACC1   165.3  101.2  1  1    0.00    0.00
AEC1   147.5  104.1 -1  1    0.00    0.00
AID1   155.8  107.5  1  1    0.00    0.00
A01A    36.5   82.4  1 -1    0.00    0.00
A02A   285.5   13.9  1 -1    0.00    0.00
A03A   107.1   82.5  1  1    0.00    0.00
A04A   234.1   74.9 -1 -1    0.00    0.00
A05A   127.5   98.1  1  1    0.00    0.00
A06A   154.2   74.4  1  1    0.00    0.00
A07A   184.9   90.5  1  1    0.00    0.00
A08A   157.4   96.0 -1  1    0.00    0.00
A10A   126.9  105.1  1  1    0.00    0.00
ACC1   165.3  101.2  0  0    0.00    0.00
AEC1   147.5  104.1  0  0   -0.42    1.01
A01A    36.5   82.4  0  0   -0.01    1.24
A02A   285.5   13.9  0  0    0.34    1.81
A03A   107.1   82.5  0  0   -0.55    1.33
A04A   234.1   74.9  0  0   -0.38    0.99
A05A   127.5   98.1  0  0    0.00    0.00
A06A   154.2   74.4  0  0    0.10    0.92
A07A   184.9   90.5  0  0    0.50    2.48
A08A   157.4   96.0  0  0    0.00    0.00
A10A   126.9  105.1  0  0    0.00    0.00
              98  22  11  11 1
AAS2   186.1   95.8  1 -1    0.00    0.00
AEC1   155.3   91.6 -1 -1    0.00    0.00
AEC3   160.3   96.0  1 -1    0.00    0.00
A01A     0.4   81.9 -1 -1    0.00    0.00
A02A   305.7   68.2  1  1    0.00    0.00
A03A    65.5   42.0  1  1    0.00    0.00
A04A   269.8   81.0  1  1    0.00    0.00
A08A   178.1   75.1 -1 -1    0.00    0.00
A11A   210.8   92.1 -1 -1    0.00    0.00
A12A   188.7   99.9 -1 -1    0.00    0.00
A14A   180.9  102.6  1 -1    0.00    0.00
AAS2   186.1   95.8  0  0    0.07    1.39
AEC1   155.3   91.6  0  0   -0.01    2.24
AEC3   160.3   96.0  0  0    0.06    1.43
A01A     0.4   81.9  0  0   -0.37    1.25
A02A   305.7   68.2  0  0    0.71    0.86
A03A    65.5   42.0  0  0   -0.30    0.87
A04A   269.8   81.0  0  0   -0.18    1.77
A08A   178.1   75.1  0  0    0.00    0.00
A11A   210.8   92.1  0  0    0.00    0.00
A12A   188.7   99.9  0  0    0.00    0.00
A14A   180.9  102.6  0  0    0.00    0.00
              99  20  10  10 1
AEC2   152.4   93.1  1  1    0.00    0.00
A02A   298.3   38.2  1  1    0.00    0.00
A03A    99.7   53.5  1  1    0.00    0.00
A05A   128.8   78.3  1  1    0.00    0.00
A06A   174.2   44.8  1 -1    0.00    0.00
A07A   199.9   72.6  1 -1    0.00    0.00
A08A   165.8   77.0 -1 -1    0.00    0.00
A09A   232.4   83.2 -1 -1    0.00    0.00
A10A   127.6   91.6 -1  1    0.00    0.00
A11A   199.4   87.9  1 -1    0.00    0.00
AEC2   152.4   93.1  0  0    0.00    0.00
A02A   298.3   38.2  0  0   -0.08    1.00
A03A    99.7   53.5  0  0   -0.67    1.67
A05A   128.8   78.3  0  0    0.29    1.05
A06A   174.2   44.8  0  0   -0.18   -0.18
A07A   199.9   72.6  0  0   -0.24    0.88
A08A   165.8   77.0  0  0    0.00    0.00
A09A   232.4   83.2  0  0   -0.30    1.40
A10A   127.6   91.6  0  0    0.00    0.00
A11A   199.4   87.9  0  0    0.00    0.00
             100  18   9   9 1
AAS2   178.7   93.0  1  1    0.00    0.00
A02A   298.6   38.4  1 -1    0.00    0.00
A03A    99.6   54.4  1 -1    0.00    0.00
A06A   173.7   45.5  1  1    0.00    0.00
A07A   199.7   73.2  1  1    0.00    0.00
A09A   232.3   83.7 -1  1    0.00    0.00
A10A   127.5   91.7 -1 -1    0.00    0.00
A11A   199.3   88.4  1  1    0.00    0.00
A14A   176.4  101.5  1  1    0.00    0.00
AAS2   178.7   93.0  0  0   -0.14    1.70
A02A   298.6   38.4  0  0    0.05    1.01
A03A    99.6   54.4  0  0   -0.58    1.78
A06A   173.7   45.5  0  0   -0.11   -0.13
A07A   199.7   73.2  0  0   -0.19    0.90
A09A   232.3   83.7  0  0    0.00    0.00
A10A   127.5   91.7  0  0    0.00    0.00
A11A   199.3   88.4  0  0    0.00    0.00
A14A   176.4  101.5  0  0    0.00    0.00
             101  14   8   6 1
ACC1    74.1   48.6  1  1    0.00    0.00
AEC1    93.1   82.0  1  1    0.00    0.00
AEC2   107.9   86.6  1  1    0.00    0.00
A03A    28.9   91.8  1  1    0.00    0.00
A05A    55.3   87.9 -1  1    0.00    0.00
A06A    14.4   82.5  1  1    0.00    0.00
A08A    49.2   65.9  1  1    0.00    0.00
A10A    80.3   94.3 -1  1    0.00    0.00
AEC1    93.1   82.0  0  0    0.16    2.16
A03A    28.9   91.8  0  0    0.00    0.00
A05A    55.3   87.9  0  0   -0.89    1.70
A06A    14.4   82.5  0  0   -0.09    1.26
A08A    49.2   65.9  0  0    0.27    0.71
A10A    80.3   94.3  0  0    0.00    0.00
             102  17   9   8 1
AAS1   260.4   51.7  1 -1    0.00    0.00
AEC1     4.7   55.4  1  1    0.00    0.00
AEC2    52.6   30.5 -1 -1    0.00    0.00
AEC3    78.4    9.8 -1 -1    0.00    0.00
AID1   166.8   44.0  1 -1    0.00    0.00
A08A   330.5   85.0  1  1    0.00    0.00
A10A    41.5   85.2  1  1    0.00    0.00
A12A   234.2   86.5  1  1    0.00    0.00
A13A   166.3   80.9  1  1    0.00    0.00
AAS1   260.4   51.7  0  0   -0.54    1.14
AEC1     4.7   55.4  0  0   -0.11    0.28
AEC3    78.4    9.8  0  0   -0.58    1.76
AID1   166.8   44.0  0  0    0.30    0.03
A08A   330.5   85.0  0  0   -0.25    1.51
A10A    41.5   85.2  0  0   -0.85    1.43
A12A   234.2   86.5  0  0    0.13    1.72
A13A   166.3   80.9  0  0    0.00    0.00
             103  17   9   8 1
AAS1   260.9   52.5  1  1    0.00    0.00
AAS2   265.6   75.0  1  1    0.00    0.00
ACC1   315.5   81.1  1  1    0.00    0.00
AEC2    53.2   33.5 -1 -1    0.00    0.00
AEC3    76.2   12.1 -1 -1    0.00    0.00
AID1   164.7   45.6  1 -1    0.00    0.00
A08A   331.2   87.5 -1 -1    0.00    0.00
A10A    41.7   87.9  1  1    0.00    0.00
A12A   234.1   88.6  1  1    0.00    0.00
AAS1   260.9   52.5  0  0   -0.61    1.12
AAS2   265.6   75.0  0  0    0.16    1.28
AEC2    53.2   33.5  0  0   -0.81    0.75
AEC3    76.2   12.1  0  0   -0.46    1.58
AID1   164.7   45.6  0  0    0.25    0.10
A08A   331.2   87.5  0  0   -0.27    1.82
A10A    41.7   87.9  0  0   -0.80    1.77
A12A   234.1   88.6  0  0    0.29    2.21
             104  21  11  10 1
AAS1   260.4   50.3  1  1    0.00    0.00
AAS2   265.2   71.9  1  1    0.00    0.00
ACC1   314.8   77.5  1  1    0.00    0.00
AEC3    78.4    9.5 -1 -1    0.00    0.00
A05A     3.5   87.6  1 -1    0.00    0.00
A07A   314.7   92.3  1  1    0.00    0.00
A08A   330.5   83.2  1  1    0.00    0.00
A09A   302.0   98.1  1  1    0.00    0.00
A10A    41.5   83.4 -1 -1    0.00    0.00
A12A   234.2   84.8 -1 -1    0.00    0.00
A14A   207.1   88.3  1 -1    0.00    0.00
AAS1   260.4   50.3  0  0   -0.42    1.00
AAS2   265.2   71.9  0  0    0.11    1.13
AEC3    78.4    9.5  0  0   -0.51    1.65
A05A     3.5   87.6  0  0   -0.01    1.80
A07A   314.7   92.3  0  0    0.00    0.00
A08A   330.5   83.2  0  0   -0.42    1.39
A09A   302.0   98.1  0  0    0.00    0.00
A10A    41.5   83.4  0  0   -0.86    1.28
A12A   234.2   84.8  0  0    0.05    1.55
A14A   207.1   88.3  0  0   -0.16    2.10
             105  27  14  13 1
AAS1   260.1   49.3  1 -1    0.00    0.00
AAS2   265.2   71.4  1  1    0.00    0.00
ACC1   315.3   77.2  1  1    0.00    0.00
AEC2    54.3   30.6 -1 -1    0.00    0.00
AEC3    80.1   11.0 -1 -1    0.00    0.00
AID1   165.0   43.0  1 -1    0.00    0.00
A04A   318.9   98.8  1  1    0.00    0.00
A05A     4.0   87.6  1  1    0.00    0.00
A07A   315.0   92.2  1  1    0.00    0.00
A08A   331.0   83.1  1  1    0.00    0.00
A10A    41.9   83.6  1  1    0.00    0.00
A12A   233.9   84.6 -1  1    0.00    0.00
A13A   165.6   79.4  1  1    0.00    0.00
A14A   206.6   88.2  1  1    0.00    0.00
AAS1   260.1   49.3  0  0   -0.59    1.06
AAS2   265.2   71.4  0  0    0.12    1.18
AEC2    54.3   30.6  0  0   -0.51    0.79
AEC3    80.1   11.0  0  0   -0.49    1.67
AID1   165.0   43.0  0  0    0.32    0.17
A04A   318.9   98.8  0  0    0.00    0.00
A05A     4.0   87.6  0  0   -0.48    1.79
A07A   315.0   92.2  0  0    0.00    0.00
A08A   331.0   83.1  0  0   -0.38    1.35
A10A    41.9   83.6  0  0   -0.35    1.31
A12A   233.9   84.6  0  0    0.39    1.49
A13A   165.6   79.4  0  0    0.00    0.00
A14A   206.6   88.2  0  0    0.14    2.00
             106  17   9   8 1
AAS1   263.5   50.6  1  1    0.00    0.00
AAS2   266.9   72.2  1  1    0.00    0.00
AEC1     3.5   55.7 -1 -1    0.00    0.00
AEC2    47.0   30.5 -1 -1    0.00    0.00
AEC3    58.5    9.6 -1 -1    0.00    0.00
AID1   167.3   40.4  1  1    0.00    0.00
A06A   334.3   94.6 -1 -1    0.00    0.00
A08A   330.7   83.8  1 -1    0.00    0.00
A14A   207.8   88.1  1 -1    0.00    0.00
AAS1   263.5   50.6  0  0   -0.42    1.48
AAS2   266.9   72.2  0  0    0.08    1.74
AEC1     3.5   55.7  0  0   -0.26    0.30
AEC3    58.5    9.6  0  0   -0.66    1.46
AID1   167.3   40.4  0  0    0.27    0.07
A06A   334.3   94.6  0  0   -0.48    1.44
A08A   330.7   83.8  0  0   -0.18    1.43
A14A   207.8   88.1  0  0    0.10    2.06
             107  20  10  10 1
AAS1   262.6   49.7  1  1    0.00    0.00
AAS2   266.5   71.7  1  1    0.00    0.00
AEC3    66.6   10.7 -1 -1    0.00    0.00
AID1   165.5   41.2 -1 -1    0.00    0.00
A04A   319.0   98.9  1  1    0.00    0.00
A07A   315.2   92.4  1  1    0.00    0.00
A08A   331.1   83.6  1  1    0.00    0.00
A12A   234.7   84.5 -1  1    0.00    0.00
A13A   165.8   78.8  1  1    0.00    0.00
A14A   207.2   88.0  1  1    0.00    0.00
AAS1   262.6   49.7  0  0   -0.59    1.08
AAS2   266.5   71.7  0  0    0.05    1.18
AEC3    66.6   10.7  0  0   -0.56    1.42
AID1   165.5   41.2  0  0    0.24    0.23
A04A   319.0   98.9  0  0    0.00    0.00
A07A   315.2   92.4  0  0    0.00    0.00
A08A   331.1   83.6  0  0   -0.55    1.39
A12A   234.7   84.5  0  0    0.05    1.49
A13A   165.8   78.8  0  0    0.00    0.00
A14A   207.2   88.0  0  0   -0.25    1.96
             108  15   8   7 1
AAS1   262.4   52.0  1  1    0.00    0.00
AAS2   266.4   74.8  1  1    0.00    0.00
ACC1   316.2   81.3  1  1    0.00    0.00
AEC1     6.3   58.9 -1 -1    0.00    0.00
AEC3    69.6   13.2 -1 -1    0.00    0.00
A08A   331.6   87.7  1  1    0.00    0.00
A10A    41.5   88.1  1  1    0.00    0.00
A12A   234.4   88.4  1  1    0.00    0.00
AAS1   262.4   52.0  0  0   -0.55    1.08
AAS2   266.4   74.8  0  0    0.02    1.21
AEC1     6.3   58.9  0  0    0.07    0.43
AEC3    69.6   13.2  0  0   -0.33    1.37
A08A   331.6   87.7  0  0    0.00    0.00
A10A    41.5   88.1  0  0   -1.25    1.77
A12A   234.4   88.4  0  0    0.08    2.29
             109  16   8   8 1
AAS1   268.8   54.4  1  1    0.00    0.00
AAS2   269.8   76.3  1  1    0.00    0.00
AEC1     2.9   62.3 -1  1    0.00    0.00
AEC3    36.0   14.1 -1 -1    0.00    0.00
A05A     2.8   92.2  1  1    0.00    0.00
A10A    39.0   88.8  1  1    0.00    0.00
A11A   291.2   93.8  1  1    0.00    0.00
A14A   208.8   91.3  1  1    0.00    0.00
AAS1   268.8   54.4  0  0   -0.55    1.52
AAS2   269.8   76.3  0  0    0.00    0.00
AEC1     2.9   62.3  0  0   -0.11    0.54
AEC3    36.0   14.1  0  0   -0.56    1.06
A05A     2.8   92.2  0  0    0.00    0.00
A10A    39.0   88.8  0  0   -0.94    1.96
A11A   291.2   93.8  0  0    0.00    0.00
A14A   208.8   91.3  0  0   -0.47    1.95
             110  16   9   7 1
AAS1   266.4   51.7  1  1    0.00    0.00
AAS2   268.6   74.0  1  1    0.00    0.00
ACC1   316.9   81.0  1 -1    0.00    0.00
AEC1     4.7   59.7 -1 -1    0.00    0.00
AEC2    45.1   35.1 -1 -1    0.00    0.00
AEC3    50.3   13.4 -1 -1    0.00    0.00
A10A    40.1   87.1  1  1    0.00    0.00
A12A   235.9   86.9  1  1    0.00    0.00
A13A   165.4   80.4 -1 -1    0.00    0.00
AAS1   266.4   51.7  0  0   -0.49    1.20
AAS2   268.6   74.0  0  0   -0.11    1.27
AEC1     4.7   59.7  0  0   -0.21    0.46
AEC3    50.3   13.4  0  0   -0.65    1.15
A10A    40.1   87.1  0  0   -0.94    1.59
A12A   235.9   86.9  0  0    0.19    1.86
A13A   165.4   80.4  0  0   -0.07    1.15
             111  16   8   8 1
AAS1   265.7   55.7  1  1    0.00    0.00
AAS2   268.2   78.0  1  1    0.00    0.00
AEC1     4.3   63.0  1 -1    0.00    0.00
AEC2    45.4   37.1 -1 -1    0.00    0.00
AEC3    51.5   13.7 -1 -1    0.00    0.00
A10A    40.2   90.8  1  1    0.00    0.00
A12A   235.8   91.0  1  1    0.00    0.00
A13A   165.7   84.4  1  1    0.00    0.00
AAS1   265.7   55.7  0  0   -0.81    1.31
AAS2   268.2   78.0  0  0    0.13    1.43
AEC1     4.3   63.0  0  0   -0.30    0.57
AEC2    45.4   37.1  0  0   -0.48    0.60
AEC3    51.5   13.7  0  0   -0.47    1.18
A10A    40.2   90.8  0  0   -1.06    2.43
A12A   235.8   91.0  0  0    0.43    2.02
A13A   165.7   84.4  0  0    0.34    1.40
             112  17   9   8 1
AAS1   268.1   55.9  1  1    0.00    0.00
AAS2   269.4   77.4  1  1    0.00    0.00
AEC1     1.6   62.4  1  1    0.00    0.00
AEC2    38.7   35.4  1 -1    0.00    0.00
AEC3    31.6   12.6 -1 -1    0.00    0.00
AID1   168.9   40.0  1 -1    0.00    0.00
A10A    38.7   89.3  1  1    0.00    0.00
A13A   166.9   82.0 -1 -1    0.00    0.00
A14A   209.1   92.0  1  1    0.00    0.00
AAS1   268.1   55.9  0  0   -0.74    1.44
AAS2   269.4   77.4  0  0    0.25    1.51
AEC1     1.6   62.4  0  0   -0.12    0.55
AEC3    31.6   12.6  0  0   -0.64    1.09
AID1   168.9   40.0  0  0    0.20    0.14
A10A    38.7   89.3  0  0   -1.15    2.08
A13A   166.9   82.0  0  0    0.24    1.24
A14A   209.1   92.0  0  0    0.06    1.78
             113  19  10   9 1
AAS1   264.9   54.3  1  1    0.00    0.00
AAS2   267.7   76.7  1  1    0.00    0.00
ACC1   316.2   83.3  1  1    0.00    0.00
AEC1     4.4   61.1  1  1    0.00    0.00
AEC2    46.3   35.5 -1 -1    0.00    0.00
AEC3    54.6   12.7 -1 -1    0.00    0.00
AID1   165.4   43.4 -1 -1    0.00    0.00
A10A    40.3   89.6  1  1    0.00    0.00
A12A   235.5   89.9  1  1    0.00    0.00
A14A   207.7   92.4  1  1    0.00    0.00
AAS1   264.9   54.3  0  0    0.00    0.00
AAS2   267.7   76.7  0  0    0.34    1.40
AEC1     4.4   61.1  0  0   -0.18    0.51
AEC2    46.3   35.5  0  0   -0.41    0.64
AEC3    54.6   12.7  0  0   -0.65    1.25
AID1   165.4   43.4  0  0    0.29    0.10
A10A    40.3   89.6  0  0   -1.34    2.25
A12A   235.5   89.9  0  0    0.21    2.54
A14A   207.7   92.4  0  0    0.14    1.73
             114  13   8   5 1
AAS1   266.5   54.4  1  1    0.00    0.00
AAS2   268.6   76.4  1  1    0.00    0.00
ACC1   316.4   83.2  1  1    0.00    0.00
AEC1     3.4   61.3  1 -1    0.00    0.00
AEC2    43.2   35.4 -1 -1    0.00    0.00
AEC3    45.1   12.7 -1 -1    0.00    0.00
A10A    39.7   89.0  1 -1    0.00    0.00
A14A   208.3   91.8 -1 -1    0.00    0.00
AAS1   266.5   54.4  0  0   -0.68    1.18
AAS2   268.6   76.4  0  0    0.35    1.28
AEC1     3.4   61.3  0  0   -0.38    0.52
AEC3    45.1   12.7  0  0   -0.72    1.14
A14A   208.3   91.8  0  0    0.16    1.81
             115  14   8   6 1
AAS1   268.0   53.3  1  1    0.00    0.00
AAS2   269.4   75.7  1  1    0.00    0.00
ACC1   317.2   82.9  1  1    0.00    0.00
AEC1     4.2   61.9  1 -1    0.00    0.00
AEC2    42.7   36.8 -1 -1    0.00    0.00
AEC3    43.6   14.6 -1 -1    0.00    0.00
A10A    39.6   88.9  1  1    0.00    0.00
A12A   236.5   88.6  1  1    0.00    0.00
AAS1   268.0   53.3  0  0   -0.67    1.45
AAS2   269.4   75.7  0  0    0.29    1.50
AEC1     4.2   61.9  0  0   -0.36    0.53
AEC2    42.7   36.8  0  0   -0.51    0.57
AEC3    43.6   14.6  0  0   -0.49    1.09
A12A   236.5   88.6  0  0    0.11    2.16
             116  20  10  10 1
A01A    16.6   65.6  1  1    0.00    0.00
A02A   292.9   37.7  1 -1    0.00    0.00
A03A   103.0   51.4  1  1    0.00    0.00
A04A   251.4   66.4 -1 -1    0.00    0.00
A05A   130.5   77.2  1  1    0.00    0.00
A06A   177.0   45.7 -1  1    0.00    0.00
A07A   200.4   72.5  1  1    0.00    0.00
A10A   128.6   91.5  1  1    0.00    0.00
A11A   199.7   87.4  1  1    0.00    0.00
A14A   176.9  100.5  1  1    0.00    0.00
A01A    16.6   65.6  0  0    0.70    0.64
A02A   292.9   37.7  0  0    0.69    1.14
A03A   103.0   51.4  0  0   -0.31    1.42
A04A   251.4   66.4  0  0    0.16    0.90
A05A   130.5   77.2  0  0    0.15    1.02
A06A   177.0   45.7  0  0    0.03   -0.30
A07A   200.4   72.5  0  0    0.21    0.87
A10A   128.6   91.5  0  0    0.00    0.00
A11A   199.7   87.4  0  0    0.00    0.00
A14A   176.9  100.5  0  0    0.00    0.00
             117  19  10   9 1
AAS1   268.0   53.5  1  1    0.00    0.00
AAS2   269.4   75.4  1  1    0.00    0.00
AEC1     2.9   61.0  1 -1    0.00    0.00
AEC3    38.1   13.2 -1 -1    0.00    0.00
A05A     2.8   91.3 -1 -1    0.00    0.00
A07A   315.8   95.1  1  1    0.00    0.00
A08A   331.4   88.0  1  1    0.00    0.00
A10A    39.2   87.7 -1 -1    0.00    0.00
A12A   236.8   87.8 -1 -1    0.00    0.00
A14A   208.7   90.5  1 -1    0.00    0.00
AAS1   268.0   53.5  0  0   -0.79    1.23
AAS2   269.4   75.4  0  0    0.02    1.28
AEC1     2.9   61.0  0  0   -0.30    0.51
AEC3    38.1   13.2  0  0   -0.62    1.08
A07A   315.8   95.1  0  0    0.00    0.00
A08A   331.4   88.0  0  0    0.00    0.00
A10A    39.2   87.7  0  0   -1.26    1.67
A12A   236.8   87.8  0  0    0.13    2.13
A14A   208.7   90.5  0  0    0.00    2.13
             118  23  12  11 1
AAS1   265.7   54.7  1  1    0.00    0.00
AAS2   268.2   76.7  1  1    0.00    0.00
AEC1     3.4   61.2  1  1    0.00    0.00
AEC2    44.1   35.1 -1 -1    0.00    0.00
AEC3    48.0   12.2 -1 -1    0.00    0.00
AID1   166.6   42.3 -1 -1    0.00    0.00
A05A     3.0   92.4  1  1    0.00    0.00
A08A   331.1   89.4  1 -1    0.00    0.00
A10A    39.8   89.2  1  1    0.00    0.00
A12A   236.0   89.6  1  1    0.00    0.00
A13A   166.2   82.7 -1  1    0.00    0.00
A14A   208.1   92.1  1  1    0.00    0.00
AAS1   265.7   54.7  0  0   -0.87    1.33
AAS2   268.2   76.7  0  0    0.31    1.44
AEC1     3.4   61.2  0  0   -0.19    0.51
AEC3    48.0   12.2  0  0   -0.42    1.21
AID1   166.6   42.3  0  0    0.08    0.10
A05A     3.0   92.4  0  0   -0.16    1.78
A08A   331.1   89.4  0  0   -0.18    2.82
A10A    39.8   89.2  0  0   -1.43    2.06
A12A   236.0   89.6  0  0    0.24    2.74
A13A   166.2   82.7  0  0    0.00    0.00
A14A   208.1   92.1  0  0    0.19    1.77
             119  15   8   7 1
AAS1   264.9   51.7  1  1    0.00    0.00
AAS2   267.7   74.0  1  1    0.00    0.00
AEC1     4.8   58.8  1  1    0.00    0.00
AEC3    56.1   12.5 -1 -1    0.00    0.00
AID1   164.7   41.5 -1 -1    0.00    0.00
A05A     3.5   90.4  1  1    0.00    0.00
A13A   165.5   80.8 -1  1    0.00    0.00
A14A   207.6   90.1  1  1    0.00    0.00
AAS2   267.7   74.0  0  0   -0.08    1.40
AEC1     4.8   58.8  0  0   -0.09    0.43
AEC3    56.1   12.5  0  0   -0.54    1.27
AID1   164.7   41.5  0  0    0.12    0.16
A05A     3.5   90.4  0  0    0.77    2.57
A13A   165.5   80.8  0  0    0.00    0.00
A14A   207.6   90.1  0  0   -0.11    2.52
             120  15   8   7 1
AAS1   260.2   52.2  1  1    0.00    0.00
AAS2   265.0   73.0  1  1    0.00    0.00
AEC1     1.8   53.4 -1 -1    0.00    0.00
AEC2    49.8   26.9 -1 -1    0.00    0.00
AEC3    79.5    6.2 -1 -1    0.00    0.00
AID1   170.9   42.9  1  1    0.00    0.00
A08A   329.3   83.4  1 -1    0.00    0.00
A11A   288.5   91.2  1  1    0.00    0.00
AAS1   260.2   52.2  0  0   -0.77    1.01
AAS2   265.0   73.0  0  0    0.26    1.16
AEC1     1.8   53.4  0  0    0.02    0.20
AEC3    79.5    6.2  0  0   -0.38    1.89
AID1   170.9   42.9  0  0    0.18    0.05
A08A   329.3   83.4  0  0    0.00    0.00
A11A   288.5   91.2  0  0    0.00    0.00
             121  15   8   7 1
AAS1   260.1   54.2  1  1    0.00    0.00
AAS2   265.0   75.2  1  1    0.00    0.00
AEC1     2.3   55.7 -1 -1    0.00    0.00
AEC2    50.5   28.7 -1 -1    0.00    0.00
AEC3    80.3    7.1 -1 -1    0.00    0.00
AID1   170.2   45.0  1 -1    0.00    0.00
A08A   329.5   86.2  1  1    0.00    0.00
A10A    40.9   85.8  1  1    0.00    0.00
AAS1   260.1   54.2  0  0   -0.61    1.08
AAS2   265.0   75.2  0  0    0.22    1.25
AEC1     2.3   55.7  0  0   -0.31    0.30
AEC3    80.3    7.1  0  0   -0.57    1.92
AID1   170.2   45.0  0  0    0.14   -0.05
A08A   329.5   86.2  0  0   -0.40    1.61
A10A    40.9   85.8  0  0   -1.15    1.51
             122  18  10   8 1
ACC1   165.2   97.3  1  1    0.00    0.00
AEC1   147.4  100.5 -1  1    0.00    0.00
A02A   286.3   12.2  1 -1    0.00    0.00
A03A   107.0   80.1  1  1    0.00    0.00
A04A   233.9   71.7 -1 -1    0.00    0.00
A05A   127.4   95.1  1  1    0.00    0.00
A06A   153.9   71.5  1  1    0.00    0.00
A07A   184.7   88.3  1  1    0.00    0.00
A08A   157.2   93.6  1  1    0.00    0.00
A11A   190.3   98.9  1  1    0.00    0.00
A02A   286.3   12.2  0  0    0.43    1.83
A03A   107.0   80.1  0  0   -0.68    1.26
A04A   233.9   71.7  0  0   -0.33    0.90
A05A   127.4   95.1  0  0   -0.46    1.54
A06A   153.9   71.5  0  0    0.14    0.83
A07A   184.7   88.3  0  0    0.29    1.94
A08A   157.2   93.6  0  0    0.00    0.00
A11A   190.3   98.9  0  0    0.00    0.00
             123  16   8   8 1
A03A     4.9   76.9  1  1    0.00    0.00
A04A   300.8   90.7 -1  1    0.00    0.00
A05A    59.5   56.1 -1 -1    0.00    0.00
A06A   321.7   68.4  1  1    0.00    0.00
A07A   275.0   73.6  1  1    0.00    0.00
A10A   101.8   83.9  1  1    0.00    0.00
A12A   199.1   95.5  1  1    0.00    0.00
A14A   186.8   98.7 -1  1    0.00    0.00
A03A     4.9   76.9  0  0   -0.45    1.01
A04A   300.8   90.7  0  0   -0.43    1.98
A05A    59.5   56.1  0  0    0.41    0.71
A06A   321.7   68.4  0  0   -0.34    0.79
A07A   275.0   73.6  0  0    0.03    1.74
A10A   101.8   83.9  0  0   -0.85    1.40
A12A   199.1   95.5  0  0    0.00    0.00
A14A   186.8   98.7  0  0    0.00    0.00
             124  13   8   5 1
AAS1   279.0   66.1  1  1    0.00    0.00
AAS2   275.8   83.9  1  1    0.00    0.00
ACC1   317.1   90.9  1  1    0.00    0.00
AEC3   351.9   27.8  1 -1    0.00    0.00
AID1   183.7   30.4  1 -1    0.00    0.00
A10A    33.2   93.0  1  1    0.00    0.00
A13A   170.0   81.5  1  1    0.00    0.00
A14A   213.8   94.8  1  1    0.00    0.00
AAS2   275.8   83.9  0  0    0.00    0.00
AEC3   351.9   27.8  0  0   -0.19    0.57
AID1   183.7   30.4  0  0    0.04    0.45
A13A   170.0   81.5  0  0    0.00    0.00
A14A   213.8   94.8  0  0    0.00    0.00
             125  15   8   7 1
AAS1   278.7   56.4  1  1    0.00    0.00
AAS2   275.6   75.4  1  1    0.00    0.00
ACC1   317.5   82.6  1  1    0.00    0.00
AEC1   356.6   64.2  1 -1    0.00    0.00
AEC3   357.2   21.9 -1 -1    0.00    0.00
AID1   178.8   25.6  1 -1    0.00    0.00
A12A   242.2   84.9 -1  1    0.00    0.00
A14A   213.1   87.2  1  1    0.00    0.00
AAS1   278.7   56.4  0  0   -0.92    1.65
AAS2   275.6   75.4  0  0   -0.14    2.27
AEC1   356.6   64.2  0  0   -0.32    0.61
AEC3   357.2   21.9  0  0   -0.39    0.73
AID1   178.8   25.6  0  0    0.11    0.62
A12A   242.2   84.9  0  0   -0.17    1.49
A14A   213.1   87.2  0  0    0.00    0.00
             126  14   8   6 1
ACC1   201.4   71.4  1  1    0.00    0.00
AEC1   156.7   78.6  1 -1    0.00    0.00
A01A   351.8   89.7 -1 -1    0.00    0.00
A04A   288.5   85.8  1 -1    0.00    0.00
A06A   297.1   51.9  1  1    0.00    0.00
A07A   251.9   72.5  1  1    0.00    0.00
A08A   203.9   51.7  1  1    0.00    0.00
A10A   116.8   84.4 -1 -1    0.00    0.00
AEC1   156.7   78.6  0  0   -0.19    1.08
A04A   288.5   85.8  0  0    0.00    0.00
A06A   297.1   51.9  0  0    0.02    0.78
A07A   251.9   72.5  0  0   -0.13    1.07
A08A   203.9   51.7  0  0   -0.42    0.30
A10A   116.8   84.4  0  0   -1.02    1.40
             127  14   8   6 1
ACC1   200.7   67.1  1 -1    0.00    0.00
AEC1   156.4   74.6  1  1    0.00    0.00
AEC2   156.7   83.5  1  1    0.00    0.00
A03A     9.9   53.9  1 -1    0.00    0.00
A04A   288.4   81.6  1  1    0.00    0.00
A06A   296.9   47.0  1  1    0.00    0.00
A07A   251.3   67.9  1  1    0.00    0.00
A08A   202.8   47.7  1  1    0.00    0.00
AEC1   156.4   74.6  0  0   -0.33    0.92
A03A     9.9   53.9  0  0   -0.32    0.21
A04A   288.4   81.6  0  0   -0.18    1.39
A06A   296.9   47.0  0  0   -0.18    1.02
A07A   251.3   67.9  0  0   -0.26    0.89
A08A   202.8   47.7  0  0   -0.09    0.04
             128  15   8   7 1
ACC1   200.2   70.9  1  1    0.00    0.00
AEC1   156.5   78.3  1  1    0.00    0.00
A03A    10.5   56.6 -1 -1    0.00    0.00
A04A   288.0   84.5  1  1    0.00    0.00
A06A   295.9   49.6  1  1    0.00    0.00
A07A   250.5   71.3  1  1    0.00    0.00
A08A   201.8   51.7  1  1    0.00    0.00
A10A   117.3   83.9 -1  1    0.00    0.00
AEC1   156.5   78.3  0  0   -0.18    1.05
A03A    10.5   56.6  0  0   -0.23    0.33
A04A   288.0   84.5  0  0    0.02    1.57
A06A   295.9   49.6  0  0   -0.02    1.02
A07A   250.5   71.3  0  0   -0.05    0.95
A08A   201.8   51.7  0  0   -0.21    0.18
A10A   117.3   83.9  0  0   -1.11    1.32
             129  22  12  10 1
AAS2   195.6   93.0 -1 -1    0.00    0.00
ACC1   200.9   75.3  1 -1    0.00    0.00
AEC1   156.3   82.9  1  1    0.00    0.00
AEC2   156.6   90.7  1  1    0.00    0.00
AEC3   162.6   92.2  1  1    0.00    0.00
A02A   316.7   86.2  1  1    0.00    0.00
A03A     9.8   62.5 -1 -1    0.00    0.00
A04A   288.6   89.5  1  1    0.00    0.00
A06A   297.6   55.1  1  1    0.00    0.00
A07A   251.7   76.2  1  1    0.00    0.00
A08A   203.1   55.3  1 -1    0.00    0.00
A10A   116.6   88.6 -1  1    0.00    0.00
AAS2   195.6   93.0  0  0   -0.03    1.65
AEC1   156.3   82.9  0  0   -0.21    1.28
AEC3   162.6   92.2  0  0    0.03    1.89
A02A   316.7   86.2  0  0    0.26    1.68
A03A     9.8   62.5  0  0   -0.21    0.55
A04A   288.6   89.5  0  0    0.00    2.45
A06A   297.6   55.1  0  0   -0.18    0.84
A07A   251.7   76.2  0  0   -0.09    1.11
A08A   203.1   55.3  0  0    0.00    0.00
A10A   116.6   88.6  0  0   -0.96    1.79
             130  17   9   8 1
AAS2   195.7   88.8  1  1    0.00    0.00
AEC1   157.1   77.9  1  1    0.00    0.00
AEC2   157.2   86.2  1  1    0.00    0.00
AEC3   163.1   88.2  1  1    0.00    0.00
A04A   287.8   84.5  1  1    0.00    0.00
A06A   295.2   50.1  1  1    0.00    0.00
A07A   250.7   71.5  1  1    0.00    0.00
A08A   203.1   51.8  1 -1    0.00    0.00
A10A   117.5   83.5 -1  1    0.00    0.00
AAS2   195.7   88.8  0  0    0.19    2.20
AEC1   157.1   77.9  0  0   -0.28    1.04
AEC3   163.1   88.2  0  0   -0.06    1.83
A04A   287.8   84.5  0  0    0.09    1.52
A06A   295.2   50.1  0  0   -0.27    0.90
A07A   250.7   71.5  0  0   -0.12    0.99
A08A   203.1   51.8  0  0    0.00    0.00
A10A   117.5   83.5  0  0   -0.87    1.30
             131  20  11   9 1
ACC1   200.1   68.7  1  1    0.00    0.00
AEC1   157.3   75.8  1  1    0.00    0.00
AEC2   157.4   84.2  1  1    0.00    0.00
AEC3   163.2   85.4  1  1    0.00    0.00
A01A   351.7   84.5  1  1    0.00    0.00
A03A    10.2   51.8 -1 -1    0.00    0.00
A04A   286.9   81.6  1  1    0.00    0.00
A06A   292.8   46.4  1  1    0.00    0.00
A07A   249.2   68.7  1  1    0.00    0.00
A08A   201.7   50.3 -1 -1    0.00    0.00
A10A   118.3   81.1 -1  1    0.00    0.00
AEC1   157.3   75.8  0  0   -0.32    0.97
AEC3   163.2   85.4  0  0   -0.05    1.48
A01A   351.7   84.5  0  0   -0.28    1.43
A03A    10.2   51.8  0  0   -0.49    0.10
A04A   286.9   81.6  0  0    0.01    1.33
A06A   292.8   46.4  0  0   -0.16    0.98
A07A   249.2   68.7  0  0   -0.31    0.94
A08A   201.7   50.3  0  0   -0.19    0.19
A10A   118.3   81.1  0  0   -1.28    1.19
             132  20  10  10 1
AEC1   156.4   74.6  1  1    0.00    0.00
AEC3   162.5   84.4  1  1    0.00    0.00
A01A   352.3   83.5  1  1    0.00    0.00
A02A   316.0   75.8  1  1    0.00    0.00
A03A    11.7   51.1 -1 -1    0.00    0.00
A04A   287.3   80.2  1  1    0.00    0.00
A06A   294.3   44.3  1  1    0.00    0.00
A07A   249.2   66.7  1  1    0.00    0.00
A08A   200.2   48.4  1 -1    0.00    0.00
A10A   117.8   80.2 -1  1    0.00    0.00
AEC1   156.4   74.6  0  0   -0.15    0.92
AEC3   162.5   84.4  0  0    0.09    1.39
A01A   352.3   83.5  0  0   -0.07    1.36
A02A   316.0   75.8  0  0    0.24    1.02
A03A    11.7   51.1  0  0   -0.19    0.05
A04A   287.3   80.2  0  0   -0.03    1.30
A06A   294.3   44.3  0  0   -0.14    1.02
A07A   249.2   66.7  0  0   -0.15    0.88
A08A   200.2   48.4  0  0   -0.00    0.06
A10A   117.8   80.2  0  0   -1.06    1.16
             133  18  10   8 1
ACC1   200.0   68.5  1  1    0.00    0.00
AEC1   157.5   75.5  1  1    0.00    0.00
AEC2   157.5   83.9  1  1    0.00    0.00
AEC3   163.2   85.2  1  1    0.00    0.00
A03A    10.3   51.0 -1 -1    0.00    0.00
A06A   292.2   45.8  1  1    0.00    0.00
A07A   248.8   68.4  1  1    0.00    0.00
A08A   201.4   50.3  1 -1    0.00    0.00
A09A   261.1   86.4  1  1    0.00    0.00
A10A   118.6   80.8 -1  1    0.00    0.00
AEC1   157.5   75.5  0  0   -0.23    0.96
AEC3   163.2   85.2  0  0   -0.03    1.45
A03A    10.3   51.0  0  0   -0.55    0.05
A06A   292.2   45.8  0  0   -0.26    0.99
A07A   248.8   68.4  0  0   -0.29    0.93
A08A   201.4   50.3  0  0    0.00    0.00
A09A   261.1   86.4  0  0   -0.81    1.73
A10A   118.6   80.8  0  0   -1.06    1.18
             134  18  10   8 1
AEC1   155.9   84.1  1  1    0.00    0.00
A03A     9.1   65.7  1  1    0.00    0.00
A04A   289.5   91.4  1  1    0.00    0.00
A05A    97.1   55.5  1 -1    0.00    0.00
A06A   299.8   58.0  1 -1    0.00    0.00
A07A   253.3   77.9  1  1    0.00    0.00
A08A   204.7   55.4  1  1    0.00    0.00
A09A   263.6   94.9  1  1    0.00    0.00
A10A   115.8   90.3 -1  1    0.00    0.00
A11A   228.3   92.1  1  1    0.00    0.00
AEC1   155.9   84.1  0  0   -0.01    1.36
A03A     9.1   65.7  0  0   -0.40    0.65
A04A   289.5   91.4  0  0    0.00    0.00
A05A    97.1   55.5  0  0    0.26    3.29
A06A   299.8   58.0  0  0   -0.01    0.88
A07A   253.3   77.9  0  0   -0.33    1.13
A08A   204.7   55.4  0  0    0.00    0.00
A11A   228.3   92.1  0  0   -0.77    1.75
             135  15   8   7 1
ACC1   201.5   69.9  1  1    0.00    0.00
AEC1   156.6   77.3  1  1    0.00    0.00
A04A   288.7   84.7  1  1    0.00    0.00
A05A    99.3   48.9  1 -1    0.00    0.00
A06A   297.7   50.9  1  1    0.00    0.00
A07A   252.2   71.2  1  1    0.00    0.00
A08A   204.2   50.2  1  1    0.00    0.00
A10A   116.6   83.2 -1  1    0.00    0.00
AEC1   156.6   77.3  0  0   -0.16    1.01
A04A   288.7   84.7  0  0   -0.38    1.58
A05A    99.3   48.9  0  0    0.25    2.20
A06A   297.7   50.9  0  0   -0.12    0.97
A07A   252.2   71.2  0  0   -0.12    0.96
A08A   204.2   50.2  0  0   -0.20    0.15
A10A   116.6   83.2  0  0   -0.81    1.29
             136  21  11  10 1
AAS2   196.0   93.8 -1  1    0.00    0.00
ACC1   201.5   76.4  1  1    0.00    0.00
AEC1   156.6   83.9  1  1    0.00    0.00
AEC2   156.8   91.7  1  1    0.00    0.00
AEC3   162.8   92.9  1  1    0.00    0.00
A03A     9.0   64.0 -1  1    0.00    0.00
A04A   288.7   90.8  1 -1    0.00    0.00
A06A   297.7   57.0  1 -1    0.00    0.00
A07A   252.2   77.7  1  1    0.00    0.00
A08A   204.2   56.2  1  1    0.00    0.00
A10A   116.6   89.7 -1 -1    0.00    0.00
AAS2   196.0   93.8  0  0   -0.27    1.56
ACC1   201.5   76.4  0  0    0.00    1.01
AEC1   156.6   83.9  0  0   -0.21    1.36
AEC3   162.8   92.9  0  0   -0.09    1.73
A03A     9.0   64.0  0  0   -0.22    0.60
A04A   288.7   90.8  0  0    0.00    0.00
A06A   297.7   57.0  0  0   -0.13    0.86
A07A   252.2   77.7  0  0   -0.21    1.13
A08A   204.2   56.2  0  0   -0.16    0.39
A10A   116.6   89.7  0  0   -1.00    2.25
             137  18  10   8 1
AEC1   156.2   79.3  1  1    0.00    0.00
AEC2   156.6   87.7  1  1    0.00    0.00
AEC3   162.6   89.5  1  1    0.00    0.00
A03A     9.3   60.2  1 -1    0.00    0.00
A04A   289.0   86.6  1  1    0.00    0.00
A06A   298.6   53.0  1  1    0.00    0.00
A07A   252.5   73.2  1  1    0.00    0.00
A08A   204.1   51.7  1 -1    0.00    0.00
A10A   116.2   85.3 -1  1    0.00    0.00
A11A   228.0   87.7  1  1    0.00    0.00
AEC1   156.2   79.3  0  0   -0.06    1.10
A03A     9.3   60.2  0  0   -0.40    0.48
A04A   289.0   86.6  0  0    0.02    1.74
A06A   298.6   53.0  0  0   -0.04    0.87
A07A   252.5   73.2  0  0   -0.18    1.01
A08A   204.1   51.7  0  0   -0.07    0.23
A10A   116.2   85.3  0  0   -0.93    1.44
A11A   228.0   87.7  0  0   -0.68    1.89
             138  22  11  11 1
AAS2   195.6   91.4  1  1    0.00    0.00
ACC1   200.9   72.1  1  1    0.00    0.00
AEC1   155.3   80.1  1  1    0.00    0.00
AEC3   162.0   90.0  1  1    0.00    0.00
A02A   317.8   84.0 -1 -1    0.00    0.00
A03A    10.2   62.0  1  1    0.00    0.00
A04A   289.7   87.4  1 -1    0.00    0.00
A06A   300.5   53.5  1 -1    0.00    0.00
A07A   253.0   73.5  1 -1    0.00    0.00
A08A   203.3   51.4  1  1    0.00    0.00
A10A   115.5   86.4 -1 -1    0.00    0.00
AAS2   195.6   91.4  0  0   -0.20    1.91
ACC1   200.9   72.1  0  0    0.07    0.87
AEC1   155.3   80.1  0  0   -0.23    1.12
AEC3   162.0   90.0  0  0   -0.19    2.47
A02A   317.8   84.0  0  0    0.24    1.46
A03A    10.2   62.0  0  0   -0.62    0.53
A04A   289.7   87.4  0  0    0.00    0.00
A06A   300.5   53.5  0  0   -0.06    0.72
A07A   253.0   73.5  0  0   -0.14    1.12
A08A   203.3   51.4  0  0    0.01    0.31
A10A   115.5   86.4  0  0   -1.20    1.47
             139  22  12  10 1
AAS2   196.1   87.9 -1  1    0.00    0.00
ACC1   202.0   68.2  1  1    0.00    0.00
AEC1   155.7   76.0  1  1    0.00    0.00
AEC2   156.2   85.0  1  1    0.00    0.00
A03A     8.9   58.9  1  1    0.00    0.00
A04A   290.0   84.3  1 -1    0.00    0.00
A06A   300.9   51.3  1 -1    0.00    0.00
A07A   254.0   70.2  1 -1    0.00    0.00
A08A   205.3   47.5  1  1    0.00    0.00
A10A   115.3   82.6 -1 -1    0.00    0.00
A11A   228.7   85.1  1  1    0.00    0.00
A13A   165.6   96.8  1  1    0.00    0.00
AAS2   196.1   87.9  0  0   -0.14    1.91
AEC1   155.7   76.0  0  0    0.08    0.96
A03A     8.9   58.9  0  0   -0.52    0.43
A04A   290.0   84.3  0  0   -0.18    1.55
A06A   300.9   51.3  0  0   -0.15    0.88
A07A   254.0   70.2  0  0   -0.16    0.97
A08A   205.3   47.5  0  0   -0.31    0.12
A10A   115.3   82.6  0  0   -1.10    1.25
A11A   228.7   85.1  0  0   -0.91    1.57
A13A   165.6   96.8  0  0    0.00    0.00
             140  13   8   5 1
ACC1   199.5   83.8  1  1    0.00    0.00
AEC1   155.7   91.3  1  1    0.00    0.00
A03A    11.6   71.2  1  1    0.00    0.00
A04A   288.4   96.6  1  1    0.00    0.00
A06A   297.2   62.8  1 -1    0.00    0.00
A07A   250.6   84.0  1  1    0.00    0.00
A09A   262.2  102.6  1  1    0.00    0.00
A10A   116.8   96.4 -1 -1    0.00    0.00
AEC1   155.7   91.3  0  0   -0.21    2.18
A03A    11.6   71.2  0  0   -0.46    0.82
A04A   288.4   96.6  0  0    0.00    0.00
A06A   297.2   62.8  0  0   -0.27    0.93
A07A   250.6   84.0  0  0   -0.20    1.43
             141  16   9   7 1
ACC1   207.5   72.4  1  1    0.00    0.00
AEC1   154.0   80.9  1 -1    0.00    0.00
A03A     5.6   73.8  1 -1    0.00    0.00
A05A    80.5   54.8  1  1    0.00    0.00
A06A   309.6   65.8 -1 -1    0.00    0.00
A07A   262.2   79.0  1  1    0.00    0.00
A08A   216.9   47.5  1  1    0.00    0.00
A10A   110.7   90.5  1  1    0.00    0.00
A11A   233.2   92.5  1  1    0.00    0.00
AEC1   154.0   80.9  0  0   -0.15    1.16
A03A     5.6   73.8  0  0   -0.08    0.90
A05A    80.5   54.8  0  0    0.32    1.00
A06A   309.6   65.8  0  0    0.04    0.82
A07A   262.2   79.0  0  0   -0.04    1.23
A08A   216.9   47.5  0  0    0.00    0.00
A11A   233.2   92.5  0  0   -0.66    1.63
             142  16   9   7 1
ACC1   207.2   65.9  1  1    0.00    0.00
AEC1   153.8   74.3  1  1    0.00    0.00
AEC2   154.9   84.8  1  1    0.00    0.00
A03A     5.9   67.3  1 -1    0.00    0.00
A05A    80.6   49.2  1  1    0.00    0.00
A07A   262.1   72.3  1  1    0.00    0.00
A08A   216.4   41.7  1  1    0.00    0.00
A10A   110.6   83.2  1  1    0.00    0.00
A11A   233.1   86.1  1  1    0.00    0.00
AEC1   153.8   74.3  0  0   -0.08    0.91
A03A     5.9   67.3  0  0   -0.15    0.70
A05A    80.6   49.2  0  0    0.34    1.03
A07A   262.1   72.3  0  0    0.01    1.08
A08A   216.4   41.7  0  0    0.00    0.00
A10A   110.6   83.2  0  0   -0.61    1.34
A11A   233.1   86.1  0  0   -0.59    1.66
             143  16   8   8 1
A01A    40.7   80.1 -1 -1    0.00    0.00
A03A   109.2   82.7  1  1    0.00    0.00
A06A   152.9   75.3 -1 -1    0.00    0.00
A07A   182.7   90.2 -1 -1    0.00    0.00
A08A   156.6   95.1 -1 -1    0.00    0.00
A11A   188.9  100.1 -1 -1    0.00    0.00
A13A   157.4  108.1 -1 -1    0.00    0.00
A14A   172.2  108.4 -1 -1    0.00    0.00
A01A    40.7   80.1  0  0    0.40    1.11
A03A   109.2   82.7  0  0   -0.42    1.25
A06A   152.9   75.3  0  0    0.21    0.94
A07A   182.7   90.2  0  0    0.08    2.84
A08A   156.6   95.1  0  0    0.00    0.00
A11A   188.9  100.1  0  0    0.00    0.00
A13A   157.4  108.1  0  0    0.00    0.00
A14A   172.2  108.4  0  0    0.00    0.00
             144  16   8   8 1
A02A   129.4    4.9  1  1    0.00    0.00
A03A   107.8   74.8  1  1    0.00    0.00
A04A   224.6   59.4 -1 -1    0.00    0.00
A05A   126.4   88.5  1  1    0.00    0.00
A06A   148.3   66.7 -1  1    0.00    0.00
A07A   179.2   79.6  1 -1    0.00    0.00
A09A   216.0   84.0 -1 -1    0.00    0.00
A13A   156.4  103.5 -1  1    0.00    0.00
A02A   129.4    4.9  0  0    0.14    1.71
A03A   107.8   74.8  0  0   -0.56    1.11
A04A   224.6   59.4  0  0   -0.12    0.60
A05A   126.4   88.5  0  0    0.00    0.00
A06A   148.3   66.7  0  0   -0.17    0.69
A07A   179.2   79.6  0  0    0.10    1.12
A09A   216.0   84.0  0  0    0.06    1.43
A13A   156.4  103.5  0  0    0.00    0.00
             145  22  12  10 1
AAS1   324.2   64.6 -1 -1    0.00    0.00
AAS2   297.6   86.3  1 -1    0.00    0.00
ACC1   336.6  100.6  1  1    0.00    0.00
AEC1    17.1   95.3  1  1    0.00    0.00
AEC2    38.7   86.3  1  1    0.00    0.00
AEC3    37.4   75.6  1  1    0.00    0.00
AID1    86.3   57.8  1  1    0.00    0.00
A08A   346.0  104.8  1  1    0.00    0.00
A11A   305.7  105.3  1  1    0.00    0.00
A12A   245.8   93.6  1  1    0.00    0.00
A13A   142.8   91.9  1  1    0.00    0.00
A14A   205.2   97.6  1  1    0.00    0.00
AAS1   324.2   64.6  0  0   -0.16    0.69
AAS2   297.6   86.3  0  0   -0.16    1.70
AEC1    17.1   95.3  0  0   -0.32    1.45
AEC3    37.4   75.6  0  0   -0.44    0.96
AID1    86.3   57.8  0  0   -0.50    1.38
A08A   346.0  104.8  0  0    0.00    0.00
A11A   305.7  105.3  0  0    0.00    0.00
A12A   245.8   93.6  0  0   -0.36    1.52
A13A   142.8   91.9  0  0    0.06    2.03
A14A   205.2   97.6  0  0   -0.21    1.25
             146  17   9   8 1
AAS1   310.9   69.9  1  1    0.00    0.00
AAS2   292.8   90.0  1  1    0.00    0.00
AEC1    10.0   92.7  1  1    0.00    0.00
AEC3    25.8   68.0 -1 -1    0.00    0.00
AID1    87.6   39.1 -1 -1    0.00    0.00
A05A     6.4  107.7  1  1    0.00    0.00
A08A   341.4  103.8  1  1    0.00    0.00
A10A    35.6  104.5  1  1    0.00    0.00
A14A   210.6   97.7 -1 -1    0.00    0.00
AAS1   310.9   69.9  0  0    0.07    0.86
AAS2   292.8   90.0  0  0    0.01    2.23
AEC1    10.0   92.7  0  0    0.10    1.75
AEC3    25.8   68.0  0  0   -0.14    0.72
AID1    87.6   39.1  0  0   -0.48    1.66
A05A     6.4  107.7  0  0    0.00    0.00
A08A   341.4  103.8  0  0    0.00    0.00
A14A   210.6   97.7  0  0   -0.13    1.24
             147  14   8   6 1
ACC1   223.8   57.7  1  1    0.00    0.00
AEC1   146.0   67.5  1 -1    0.00    0.00
AEC3   158.8   85.1  1 -1    0.00    0.00
A05A    51.0   59.3  1  1    0.00    0.00
A07A   279.4   77.7  1  1    0.00    0.00
A08A   262.9   32.8  1  1    0.00    0.00
A09A   277.1   94.6  1  1    0.00    0.00
A10A    98.5   85.5  1  1    0.00    0.00
AEC1   146.0   67.5  0  0   -0.17    0.73
AEC3   158.8   85.1  0  0   -0.32    1.43
A05A    51.0   59.3  0  0    0.54    0.60
A07A   279.4   77.7  0  0   -0.02    1.58
A08A   262.9   32.8  0  0    0.00    0.00
A09A   277.1   94.6  0  0    0.00    0.00
             148  15   8   7 1
ACC1   163.4   90.3  1  1    0.00    0.00
A01A    40.5   72.0  1 -1    0.00    0.00
A02A   283.8    2.5  1  1    0.00    0.00
A03A   107.0   73.6  1  1    0.00    0.00
A06A   150.4   65.0  1  1    0.00    0.00
A07A   181.7   79.6  1  1    0.00    0.00
A08A   155.4   86.0  1  1    0.00    0.00
A09A   218.4   84.8 -1 -1    0.00    0.00
A01A    40.5   72.0  0  0   -0.24    0.85
A02A   283.8    2.5  0  0   -0.11    2.27
A03A   107.0   73.6  0  0   -0.67    1.02
A06A   150.4   65.0  0  0    0.06    0.63
A07A   181.7   79.6  0  0   -0.03    1.13
A08A   155.4   86.0  0  0    0.00    0.00
A09A   218.4   84.8  0  0   -0.04    1.51
             149  22  12  10 1
ACC1   163.3   89.7  1  1    0.00    0.00
AEC2   147.9   97.3  1  1    0.00    0.00
A01A    40.0   71.9  1 -1    0.00    0.00
A02A   311.1    3.2  1  1    0.00    0.00
A03A   106.3   73.0  1  1    0.00    0.00
A04A   230.4   60.2 -1 -1    0.00    0.00
A05A   126.3   88.2  1  1    0.00    0.00
A06A   149.9   64.0  1  1    0.00    0.00
A07A   181.7   78.8 -1 -1    0.00    0.00
A08A   155.2   85.4  1  1    0.00    0.00
A09A   218.8   84.1 -1 -1    0.00    0.00
A11A   188.5   91.6 -1 -1    0.00    0.00
A01A    40.0   71.9  0  0   -0.32    0.84
A02A   311.1    3.2  0  0   -0.17    1.86
A03A   106.3   73.0  0  0   -0.60    1.13
A04A   230.4   60.2  0  0   -0.12    0.66
A05A   126.3   88.2  0  0    0.00    0.00
A06A   149.9   64.0  0  0    0.05    0.62
A07A   181.7   78.8  0  0   -0.07    1.09
A08A   155.2   85.4  0  0    0.00    0.00
A09A   218.8   84.1  0  0   -0.21    1.45
A11A   188.5   91.6  0  0    0.00    0.00
             150  18   9   9 1
ACC1   163.4  102.7 -1 -1    0.00    0.00
AEC1   146.3  105.3  1 -1    0.00    0.00
A01A    40.5   83.9  1 -1    0.00    0.00
A02A   283.8    3.6 -1 -1    0.00    0.00
A03A   107.0   85.4  1  1    0.00    0.00
A07A   181.7   91.3 -1 -1    0.00    0.00
A08A   155.4   97.5 -1 -1    0.00    0.00
A11A   188.4  103.4 -1 -1    0.00    0.00
A14A   171.8  110.5 -1 -1    0.00    0.00
ACC1   163.4  102.7  0  0    0.00    0.00
AEC1   146.3  105.3  0  0    0.00    0.00
A01A    40.5   83.9  0  0    0.17    1.33
A02A   283.8    3.6  0  0    0.14    2.70
A03A   107.0   85.4  0  0   -0.79    1.48
A07A   181.7   91.3  0  0    0.10    2.08
A08A   155.4   97.5  0  0    0.00    0.00
A11A   188.4  103.4  0  0    0.00    0.00
A14A   171.8  110.5  0  0    0.00    0.00
             151  15   8   7 1
AAS1   328.5   70.6  1  1    0.00    0.00
AAS2   305.5   84.4  1  1    0.00    0.00
ACC1   336.8   98.0  1  1    0.00    0.00
AEC3    23.5   74.5  1 -1    0.00    0.00
AID1    54.9   49.2  1 -1    0.00    0.00
A12A   256.9   86.5 -1 -1    0.00    0.00
A13A   138.7   75.9  1  1    0.00    0.00
A14A   213.1   87.4  1 -1    0.00    0.00
AAS1   328.5   70.6  0  0   -0.06    0.84
AAS2   305.5   84.4  0  0   -0.01    1.52
AEC3    23.5   74.5  0  0    0.03    0.91
AID1    54.9   49.2  0  0   -0.13    0.59
A12A   256.9   86.5  0  0   -0.23    1.83
A13A   138.7   75.9  0  0    0.20    0.97
A14A   213.1   87.4  0  0   -0.41    1.89
             152  17   9   8 1
AAS1   125.8   64.9  1  1    0.00    0.00
AAS2   165.8   45.3 -1 -1    0.00    0.00
ACC1    26.0   59.2  1 -1    0.00    0.00
AEC1    75.2   84.5  1  1    0.00    0.00
AEC3   103.7   85.4  1  1    0.00    0.00
A06A     3.2   95.0 -1 -1    0.00    0.00
A09A   312.0   95.9 -1  1    0.00    0.00
A11A   294.3   67.9  1  1    0.00    0.00
A13A   137.6   98.5  1  1    0.00    0.00
AAS1   125.8   64.9  0  0   -0.01    0.79
AAS2   165.8   45.3  0  0    0.27    0.08
AEC1    75.2   84.5  0  0    0.09    1.35
AEC3   103.7   85.4  0  0   -0.14    1.48
A06A     3.2   95.0  0  0   -0.57    1.46
A09A   312.0   95.9  0  0   -0.17    1.33
A11A   294.3   67.9  0  0    0.14    0.99
A13A   137.6   98.5  0  0    0.00    0.00
             153  16   8   8 1
AAS1   327.8   66.5  1  1    0.00    0.00
AAS2   300.0   86.6  1  1    0.00    0.00
AEC1    17.4   96.5  1 -1    0.00    0.00
AEC3    36.9   78.0  1 -1    0.00    0.00
AID1    82.2   60.0  1  1    0.00    0.00
A08A   346.7  105.2 -1 -1    0.00    0.00
A12A   246.9   93.4  1  1    0.00    0.00
A14A   205.2   97.3 -1 -1    0.00    0.00
AAS1   327.8   66.5  0  0   -0.29    0.74
AAS2   300.0   86.6  0  0    0.06    1.85
AEC1    17.4   96.5  0  0   -0.04    1.37
AEC3    36.9   78.0  0  0   -0.06    1.03
AID1    82.2   60.0  0  0   -0.11    1.10
A08A   346.7  105.2  0  0    0.00    0.00
A12A   246.9   93.4  0  0   -0.04    1.49
A14A   205.2   97.3  0  0   -0.16    1.26
             154  16   8   8 1
AAS1   122.9   65.1  1  1    0.00    0.00
AAS2   160.7   43.7 -1 -1    0.00    0.00
AEC3   102.4   85.6  1  1    0.00    0.00
AID1   120.4   90.1 -1  1    0.00    0.00
A05A    41.1   95.6  1 -1    0.00    0.00
A06A     4.1   94.7 -1 -1    0.00    0.00
A09A   313.1   95.3  1  1    0.00    0.00
A11A   296.9   66.4  1  1    0.00    0.00
AAS1   122.9   65.1  0  0    0.13    0.83
AAS2   160.7   43.7  0  0    0.24    0.22
AEC3   102.4   85.6  0  0   -0.14    1.52
AID1   120.4   90.1  0  0    0.20    2.06
A05A    41.1   95.6  0  0    0.00    0.00
A06A     4.1   94.7  0  0   -0.47    1.49
A09A   313.1   95.3  0  0   -0.35    1.35
A11A   296.9   66.4  0  0    0.23    0.95
             155  26  14  12 1
AAS2   172.3  102.4 -1  1    0.00    0.00
AEC1   147.1  100.6 -1  1    0.00    0.00
AEC2   148.7  103.5  1  1    0.00    0.00
AEC3   152.3  103.7  1  1    0.00    0.00
A01A    38.3   80.1  1  1    0.00    0.00
A02A   280.7    8.8  1 -1    0.00    0.00
A03A   107.3   81.0  1  1    0.00    0.00
A04A   232.1   71.2 -1 -1    0.00    0.00
A05A   127.3   95.3  1  1    0.00    0.00
A06A   152.8   72.6  1  1    0.00    0.00
A07A   183.6   88.7  1  1    0.00    0.00
A10A   126.8  102.3 -1  1    0.00    0.00
A12A   177.6  105.0  1  1    0.00    0.00
A14A   172.3  107.5  1  1    0.00    0.00
AAS2   172.3  102.4  0  0   -0.26    1.05
AEC3   152.3  103.7  0  0    0.00    0.00
A01A    38.3   80.1  0  0   -0.37    1.13
A02A   280.7    8.8  0  0    0.11    2.35
A03A   107.3   81.0  0  0   -0.68    1.28
A04A   232.1   71.2  0  0   -0.43    0.88
A05A   127.3   95.3  0  0    0.00    0.00
A06A   152.8   72.6  0  0    0.08    0.86
A07A   183.6   88.7  0  0    0.22    2.03
A10A   126.8  102.3  0  0    0.00    0.00
A12A   177.6  105.0  0  0    0.00    0.00
A14A   172.3  107.5  0  0    0.00    0.00
             156  16   9   7 1
ACC1   229.5   55.7  1  1    0.00    0.00
AEC2   147.3   84.2  1  1    0.00    0.00
A05A    46.0   66.3  1 -1    0.00    0.00
A06A   326.7   79.6  1  1    0.00    0.00
A07A   284.5   80.8  1  1    0.00    0.00
A08A   281.5   33.6  1  1    0.00    0.00
A10A    94.5   88.7  1  1    0.00    0.00
A12A   201.3   98.5 -1 -1    0.00    0.00
A14A   187.8  101.0  1 -1    0.00    0.00
ACC1   229.5   55.7  0  0   -0.73    0.54
A05A    46.0   66.3  0  0    0.35    0.69
A06A   326.7   79.6  0  0   -0.35    1.17
A07A   284.5   80.8  0  0   -0.03    1.47
A08A   281.5   33.6  0  0   -0.83    1.92
A10A    94.5   88.7  0  0   -1.02    1.84
A14A   187.8  101.0  0  0    0.00    0.00
             157  18   9   9 1
A01A    42.9   78.9  1 -1    0.00    0.00
A02A   202.8    9.1  1  1    0.00    0.00
A03A   110.5   83.0  1  1    0.00    0.00
A04A   226.1   72.2 -1 -1    0.00    0.00
A05A   128.4   96.2  1  1    0.00    0.00
A06A   152.8   76.2  1  1    0.00    0.00
A07A   181.8   90.4  1 -1    0.00    0.00
A08A   156.5   94.8 -1  1    0.00    0.00
A09A   217.1   93.7 -1 -1    0.00    0.00
A01A    42.9   78.9  0  0   -0.11    1.07
A02A   202.8    9.1  0  0    0.06    1.22
A03A   110.5   83.0  0  0   -0.58    1.27
A04A   226.1   72.2  0  0   -0.24    0.91
A05A   128.4   96.2  0  0    0.00    0.00
A06A   152.8   76.2  0  0   -0.08    0.96
A07A   181.8   90.4  0  0    0.18    2.79
A08A   156.5   94.8  0  0    0.00    0.00
A09A   217.1   93.7  0  0   -0.31    1.51
             158  18   9   9 1
A03A     6.5   74.4  1 -1    0.00    0.00
A04A   297.2   90.8 -1  1    0.00    0.00
A05A    71.9   55.1  1  1    0.00    0.00
A06A   316.2   65.1  1  1    0.00    0.00
A07A   267.3   74.8  1  1    0.00    0.00
A08A   222.7   37.5  1 -1    0.00    0.00
A09A   270.8   93.5  1  1    0.00    0.00
A10A   106.9   86.9  1  1    0.00    0.00
A11A   235.4   88.5 -1 -1    0.00    0.00
A03A     6.5   74.4  0  0   -0.60    0.92
A04A   297.2   90.8  0  0   -0.05    1.85
A05A    71.9   55.1  0  0    0.42    0.86
A06A   316.2   65.1  0  0   -0.21    0.76
A07A   267.3   74.8  0  0   -0.09    1.31
A08A   222.7   37.5  0  0   -0.08    0.54
A09A   270.8   93.5  0  0    0.00    0.00
A10A   106.9   86.9  0  0   -1.05    1.54
A11A   235.4   88.5  0  0   -0.17    2.57
             159  20  10  10 1
ACC1   167.6   96.5 -1 -1    0.00    0.00
A02A   231.7   22.1  1  1    0.00    0.00
A03A   115.4   78.2  1  1    0.00    0.00
A05A   131.9   93.9  1  1    0.00    0.00
A06A   160.8   74.2 -1 -1    0.00    0.00
A07A   186.4   89.4 -1 -1    0.00    0.00
A08A   160.6   92.9 -1 -1    0.00    0.00
A09A   219.1   93.1 -1 -1    0.00    0.00
A11A   191.0   97.8 -1 -1    0.00    0.00
A14A   173.6  107.1  1 -1    0.00    0.00
ACC1   167.6   96.5  0  0    0.00    0.00
A02A   231.7   22.1  0  0   -0.23    1.01
A03A   115.4   78.2  0  0   -0.51    1.07
A05A   131.9   93.9  0  0    0.00    0.00
A06A   160.8   74.2  0  0   -0.24    0.90
A07A   186.4   89.4  0  0    0.09    2.47
A08A   160.6   92.9  0  0    0.00    0.00
A09A   219.1   93.1  0  0   -0.03    1.57
A11A   191.0   97.8  0  0    0.00    0.00
A14A   173.6  107.1  0  0    0.00    0.00
             160  17   9   8 1
ACC1   167.3   95.1 -1 -1    0.00    0.00
A01A    40.2   70.9  1 -1    0.00    0.00
A02A   228.0   20.9  1  1    0.00    0.00
A03A   115.5   76.8  1 -1    0.00    0.00
A04A   228.1   73.2 -1 -1    0.00    0.00
A06A   160.4   72.7 -1 -1    0.00    0.00
A07A   186.0   87.5 -1 -1    0.00    0.00
A08A   160.4   91.5 -1 -1    0.00    0.00
A09A   218.7   91.6  1 -1    0.00    0.00
A01A    40.2   70.9  0  0   -0.11    0.82
A02A   228.0   20.9  0  0   -0.01    0.99
A03A   115.5   76.8  0  0   -0.59    1.04
A04A   228.1   73.2  0  0    0.21    0.93
A06A   160.4   72.7  0  0   -0.27    0.86
A07A   186.0   87.5  0  0   -0.02    1.77
A08A   160.4   91.5  0  0    0.00    0.00
A09A   218.7   91.6  0  0   -0.11    1.85
             161  15   8   7 1
AAS2   215.6   76.3  1 -1    0.00    0.00
AEC1   144.1   40.6  1  1    0.00    0.00
AEC2   150.8   64.8  1  1    0.00    0.00
AEC3   162.1   67.9  1  1    0.00    0.00
A05A    25.2   58.0 -1 -1    0.00    0.00
A07A   290.6   76.5  1  1    0.00    0.00
A08A   298.1   45.1  1  1    0.00    0.00
A10A    85.7   72.8 -1 -1    0.00    0.00
AAS2   215.6   76.3  0  0    0.00    0.00
AEC1   144.1   40.6  0  0   -0.40    0.51
AEC3   162.1   67.9  0  0   -0.32    0.72
A05A    25.2   58.0  0  0   -0.09    0.43
A07A   290.6   76.5  0  0   -0.15    1.13
A08A   298.1   45.1  0  0   -0.31    0.89
A10A    85.7   72.8  0  0   -0.68    1.35
             162  16   8   8 1
AAS2   291.8   85.2  1  1    0.00    0.00
AEC1   357.1   83.7  1  1    0.00    0.00
AEC3   357.8   57.3  1  1    0.00    0.00
AID1   356.8   11.8  1 -1    0.00    0.00
A10A    27.8   96.3 -1  1    0.00    0.00
A12A   254.8   90.1  1  1    0.00    0.00
A13A   164.6   67.9 -1 -1    0.00    0.00
A14A   221.1   89.9  1  1    0.00    0.00
AAS2   291.8   85.2  0  0   -0.10    1.61
AEC1   357.1   83.7  0  0   -0.10    1.36
AEC3   357.8   57.3  0  0   -0.42    0.38
AID1   356.8   11.8  0  0   -0.15    1.07
A10A    27.8   96.3  0  0    0.00    0.00
A12A   254.8   90.1  0  0    0.23    2.09
A13A   164.6   67.9  0  0   -0.15    0.72
A14A   221.1   89.9  0  0    0.11    2.38
             163  14   8   6 1
AEC2   148.3   89.1  1  1    0.00    0.00
AEC3   156.8   90.6  1  1    0.00    0.00
A03A     5.1   87.2  1 -1    0.00    0.00
A04A   303.3   98.6 -1  1    0.00    0.00
A05A    53.7   67.7 -1 -1    0.00    0.00
A07A   279.9   81.6  1  1    0.00    0.00
A08A   261.5   32.0  1  1    0.00    0.00
A10A    98.2   91.4  1  1    0.00    0.00
A03A     5.1   87.2  0  0   -0.66    1.72
A04A   303.3   98.6  0  0   -0.38    1.18
A05A    53.7   67.7  0  0    0.55    0.74
A07A   279.9   81.6  0  0    0.53    2.11
A08A   261.5   32.0  0  0   -0.33    1.19
A10A    98.2   91.4  0  0   -0.70    3.57
             164  18   9   9 1
A01A    38.0   70.2 -1  1    0.00    0.00
A02A   241.4   18.3  1  1    0.00    0.00
A03A   113.6   74.1  1 -1    0.00    0.00
A04A   230.5   70.7  1  1    0.00    0.00
A05A   131.1   91.1 -1 -1    0.00    0.00
A07A   186.5   84.7 -1  1    0.00    0.00
A08A   160.2   89.2 -1 -1    0.00    0.00
A09A   219.9   89.4  1  1    0.00    0.00
A14A   173.5  105.5  1  1    0.00    0.00
A01A    38.0   70.2  0  0    0.56    0.80
A02A   241.4   18.3  0  0    0.21    1.24
A03A   113.6   74.1  0  0   -0.65    0.97
A04A   230.5   70.7  0  0   -0.20    0.88
A05A   131.1   91.1  0  0   -0.13    2.88
A07A   186.5   84.7  0  0    0.32    1.44
A08A   160.2   89.2  0  0    0.00    0.00
A09A   219.9   89.4  0  0   -0.61    2.94
A14A   173.5  105.5  0  0    0.00    0.00
             165  19  10   9 1
AAS1   333.4   71.9  1 -1    0.00    0.00
AAS2   304.8   88.6  1 -1    0.00    0.00
ACC1   339.2  103.0  1  1    0.00    0.00
AEC1    17.1   99.1  1  1    0.00    0.00
AEC2    36.2   91.6  1  1    0.00    0.00
AEC3    34.3   82.7  1  1    0.00    0.00
AID1    72.8   64.0  1  1    0.00    0.00
A08A   347.7  106.6  1  1    0.00    0.00
A12A   250.5   93.5 -1  1    0.00    0.00
A13A   137.3   90.9 -1 -1    0.00    0.00
AAS1   333.4   71.9  0  0    0.06    0.87
AAS2   304.8   88.6  0  0   -0.12    2.41
AEC1    17.1   99.1  0  0   -0.17    1.20
AEC2    36.2   91.6  0  0   -0.16    2.12
AEC3    34.3   82.7  0  0   -0.16    1.26
AID1    72.8   64.0  0  0   -0.24    0.87
A08A   347.7  106.6  0  0   -0.07    0.88
A12A   250.5   93.5  0  0   -0.12    1.52
A13A   137.3   90.9  0  0    0.00    0.00
             166  16   8   8 1
A02A   334.0  115.9 -1 -1    0.00    0.00
A04A   318.7  115.6 -1 -1    0.00    0.00
A06A   336.1  110.0 -1 -1    0.00    0.00
A07A   314.2  108.6 -1 -1    0.00    0.00
A08A   333.0  101.2 -1 -1    0.00    0.00
A10A    51.2  104.2 -1  1    0.00    0.00
A12A   224.9  105.3  1  1    0.00    0.00
A13A   161.8  104.8 -1 -1    0.00    0.00
A02A   334.0  115.9  0  0    0.00    0.00
A04A   318.7  115.6  0  0    0.00    0.00
A06A   336.1  110.0  0  0    0.00    0.00
A07A   314.2  108.6  0  0    0.00    0.00
A08A   333.0  101.2  0  0   -0.58    1.07
A10A    51.2  104.2  0  0   -1.12    1.03
A12A   224.9  105.3  0  0   -0.22    0.92
A13A   161.8  104.8  0  0    0.13    0.97
             167  16   8   8 1
AAS1   322.5   60.5  1 -1    0.00    0.00
AAS2   296.3   83.4  1 -1    0.00    0.00
AEC1    17.4   92.4  1  1    0.00    0.00
AEC3    38.7   72.0  1  1    0.00    0.00
AID1    89.6   55.2  1  1    0.00    0.00
A08A   345.8  102.9  1  1    0.00    0.00
A12A   244.7   91.4  1  1    0.00    0.00
A14A   204.8   95.8  1  1    0.00    0.00
AAS1   322.5   60.5  0  0   -0.19    0.62
AAS2   296.3   83.4  0  0   -0.09    1.42
AEC1    17.4   92.4  0  0   -0.12    1.83
AEC3    38.7   72.0  0  0   -0.48    0.84
AID1    89.6   55.2  0  0   -0.62    1.64
A08A   345.8  102.9  0  0    0.00    0.00
A12A   244.7   91.4  0  0   -0.32    1.78
A14A   204.8   95.8  0  0   -0.48    1.36
             168  32  16  16 1
AAS1   115.6   58.7  1  1    0.00    0.00
AAS2   158.1   31.4 -1 -1    0.00    0.00
ACC1    21.7   63.8  1  1    0.00    0.00
AEC1    69.3   83.5  1  1    0.00    0.00
AEC2    90.0   86.0  1  1    0.00    0.00
AID1   116.9   86.5  1  1    0.00    0.00
A02A   352.4   99.5 -1 -1    0.00    0.00
A04A   336.4   97.7 -1 -1    0.00    0.00
A05A    38.4   94.4 -1 -1    0.00    0.00
A06A     3.1   94.1 -1 -1    0.00    0.00
A07A   343.7   86.3 -1 -1    0.00    0.00
A08A    20.3   81.0  1 -1    0.00    0.00
A09A   315.0   94.4 -1 -1    0.00    0.00
A10A    66.2   97.2 -1  1    0.00    0.00
A11A   303.1   68.2  1  1    0.00    0.00
A14A   170.1   92.6  1 -1    0.00    0.00
AAS1   115.6   58.7  0  0   -0.03    0.91
AAS2   158.1   31.4  0  0    0.00    0.00
ACC1    21.7   63.8  0  0   -0.27    0.59
AEC1    69.3   83.5  0  0    0.36    1.27
AEC2    90.0   86.0  0  0   -0.04    1.62
AID1   116.9   86.5  0  0    0.19    1.48
A02A   352.4   99.5  0  0    0.00    0.00
A04A   336.4   97.7  0  0    0.09    1.23
A05A    38.4   94.4  0  0    0.00    0.00
A06A     3.1   94.1  0  0   -0.96    1.55
A07A   343.7   86.3  0  0    0.52    1.65
A08A    20.3   81.0  0  0    0.23    1.17
A09A   315.0   94.4  0  0   -0.31    1.42
A10A    66.2   97.2  0  0    0.00    0.00
A11A   303.1   68.2  0  0    0.60    0.89
A14A   170.1   92.6  0  0   -0.32    1.80
             169  18   9   9 1
AAS1    97.3   54.6  1  1    0.00    0.00
AAS2   113.9   18.1 -1 -1    0.00    0.00
AEC1    62.6   82.3  1  1    0.00    0.00
AEC2    82.2   83.2  1  1    0.00    0.00
AEC3    88.5   79.5  1  1    0.00    0.00
A11A   315.4   67.9  1  1    0.00    0.00
A12A   185.2   67.9  1 -1    0.00    0.00
A13A   129.7   91.4  1  1    0.00    0.00
A14A   167.2   86.6  1 -1    0.00    0.00
AAS1    97.3   54.6  0  0   -0.13    1.89
AAS2   113.9   18.1  0  0    0.35    1.39
AEC1    62.6   82.3  0  0   -0.14    1.22
AEC2    82.2   83.2  0  0   -0.38    1.32
AEC3    88.5   79.5  0  0   -0.32    1.41
A11A   315.4   67.9  0  0    0.87    0.81
A12A   185.2   67.9  0  0   -0.17    0.72
A13A   129.7   91.4  0  0    0.00    0.00
A14A   167.2   86.6  0  0   -0.46    1.60
             170  26  13  13 1
AAS1   115.4   62.3  1  1    0.00    0.00
AAS2   155.0   34.6  1 -1    0.00    0.00
ACC1    23.5   66.2  1  1    0.00    0.00
AEC1    70.0   86.0  1  1    0.00    0.00
AEC2    90.3   88.5  1  1    0.00    0.00
AID1   116.8   89.0 -1 -1    0.00    0.00
A02A   352.8  101.5  1  1    0.00    0.00
A05A    39.0   96.8  1  1    0.00    0.00
A07A   344.5   88.0 -1 -1    0.00    0.00
A08A    21.4   83.0  1  1    0.00    0.00
A09A   315.2   96.4 -1 -1    0.00    0.00
A13A   134.6   97.3 -1 -1    0.00    0.00
A14A   169.5   94.8  1 -1    0.00    0.00
AAS1   115.4   62.3  0  0   -0.13    0.98
AAS2   155.0   34.6  0  0    0.03    0.54
ACC1    23.5   66.2  0  0   -0.21    0.67
AEC1    70.0   86.0  0  0    0.40    1.49
AEC2    90.3   88.5  0  0   -0.08    1.82
AID1   116.8   89.0  0  0    0.13    1.91
A02A   352.8  101.5  0  0    0.00    0.00
A05A    39.0   96.8  0  0    0.00    0.00
A07A   344.5   88.0  0  0    0.19    1.93
A08A    21.4   83.0  0  0    0.24    1.30
A09A   315.2   96.4  0  0   -0.35    1.32
A13A   134.6   97.3  0  0    0.00    0.00
A14A   169.5   94.8  0  0   -0.48    1.50
             171  21  11  10 1
AAS1   113.3   62.3  1  1    0.00    0.00
AAS2   151.2   33.1 -1 -1    0.00    0.00
ACC1    23.5   67.4  1  1    0.00    0.00
AEC1    69.2   86.4  1  1    0.00    0.00
AEC2    89.4   88.8  1 -1    0.00    0.00
A05A    38.8   97.0 -1  1    0.00    0.00
A06A     4.0   96.4 -1  1    0.00    0.00
A08A    21.4   83.7  1  1    0.00    0.00
A09A   315.9   96.5  1  1    0.00    0.00
A12A   185.4   80.3  1  1    0.00    0.00
A14A   169.1   94.6  1  1    0.00    0.00
AAS1   113.3   62.3  0  0    0.07    1.00
AAS2   151.2   33.1  0  0    0.00    0.00
ACC1    23.5   67.4  0  0   -0.07    0.70
AEC1    69.2   86.4  0  0    0.34    1.54
A05A    38.8   97.0  0  0    0.00    0.00
A06A     4.0   96.4  0  0   -0.12    1.35
A08A    21.4   83.7  0  0    0.00    0.00
A09A   315.9   96.5  0  0   -0.30    1.31
A12A   185.4   80.3  0  0    0.04    1.16
A14A   169.1   94.6  0  0   -0.48    1.52
             172  20  10  10 1
AAS1   113.8   58.6  1  1    0.00    0.00
ACC1    22.4   64.2  1 -1    0.00    0.00
AEC1    69.0   83.3  1  1    0.00    0.00
AEC2    89.4   85.7  1  1    0.00    0.00
AID1   116.1   86.0  1  1    0.00    0.00
A02A   352.7   99.3 -1  1    0.00    0.00
A08A    20.7   81.0  1  1    0.00    0.00
A09A   315.6   93.9  1  1    0.00    0.00
A12A   186.2   77.7  1  1    0.00    0.00
A14A   169.6   91.9  1  1    0.00    0.00
AAS1   113.8   58.6  0  0   -0.03    0.90
ACC1    22.4   64.2  0  0   -0.04    0.61
AEC1    69.0   83.3  0  0    0.24    1.31
AEC2    89.4   85.7  0  0   -0.24    1.75
AID1   116.1   86.0  0  0    0.01    1.51
A02A   352.7   99.3  0  0    0.00    0.00
A08A    20.7   81.0  0  0    0.27    1.18
A09A   315.6   93.9  0  0   -0.32    1.52
A12A   186.2   77.7  0  0    0.08    1.05
A14A   169.6   91.9  0  0   -0.28    1.91
             173  17  10   7 1
AAS1   103.5   62.9  1 -1    0.00    0.00
AAS2   138.1   23.3  1 -1    0.00    0.00
ACC1    19.0   76.0  1  1    0.00    0.00
AEC1    64.0   90.2 -1  1    0.00    0.00
AEC3    91.3   87.6  1 -1    0.00    0.00
A09A   317.8  102.5  1  1    0.00    0.00
A10A    63.4  104.3  1  1    0.00    0.00
A11A   310.8   77.3  1  1    0.00    0.00
A12A   187.3   80.0  1  1    0.00    0.00
A14A   169.0   96.1  1  1    0.00    0.00
AAS1   103.5   62.9  0  0   -0.23    1.20
AAS2   138.1   23.3  0  0    0.24    0.90
AEC1    64.0   90.2  0  0    0.57    2.44
AEC3    91.3   87.6  0  0    0.25    1.96
A11A   310.8   77.3  0  0    0.65    1.07
A12A   187.3   80.0  0  0    0.08    1.15
A14A   169.0   96.1  0  0   -0.24    1.38
             174  17   9   8 1
AAS2   171.9  100.4 -1 -1    0.00    0.00
AEC1   147.4   98.9  1  1    0.00    0.00
A01A    42.7   75.4  1 -1    0.00    0.00
A03A   110.6   79.4  1  1    0.00    0.00
A04A   226.3   68.9 -1 -1    0.00    0.00
A05A   128.5   93.2 -1  1    0.00    0.00
A06A   153.1   72.6  1  1    0.00    0.00
A07A   182.0   86.7 -1 -1    0.00    0.00
A09A   217.2   90.5 -1 -1    0.00    0.00
AEC1   147.4   98.9  0  0    0.00    0.00
A01A    42.7   75.4  0  0   -0.16    0.94
A03A   110.6   79.4  0  0   -0.68    1.15
A04A   226.3   68.9  0  0   -0.37    0.81
A05A   128.5   93.2  0  0    0.00    0.00
A06A   153.1   72.6  0  0    0.00    0.00
A07A   182.0   86.7  0  0    0.18    1.63
A09A   217.2   90.5  0  0   -0.52    2.09
             175  15   9   6 1
AAS1   120.2   67.2  1 -1    0.00    0.00
AAS2   132.2   56.8  1 -1    0.00    0.00
ACC1    77.7   53.5  1  1    0.00    0.00
AEC2   102.7   78.5  1 -1    0.00    0.00
AEC3   108.1   77.1 -1 -1    0.00    0.00
A04A   351.3   73.0  1  1    0.00    0.00
A06A    28.5   71.6  1  1    0.00    0.00
A07A    20.0   50.6  1  1    0.00    0.00
A12A   160.1   71.1 -1  1    0.00    0.00
AAS2   132.2   56.8  0  0   -0.26    0.68
ACC1    77.7   53.5  0  0    0.42    0.97
A04A   351.3   73.0  0  0    0.20    0.88
A06A    28.5   71.6  0  0   -0.15    0.83
A07A    20.0   50.6  0  0    0.20    0.10
A12A   160.1   71.1  0  0   -0.39    0.82
             176  20  10  10 1
A01A    14.1   78.4  1 -1    0.00    0.00
A02A   310.3   50.9  1  1    0.00    0.00
A03A    87.8   58.0  1  1    0.00    0.00
A04A   261.2   72.7 -1 -1    0.00    0.00
A05A   124.8   82.1  1  1    0.00    0.00
A06A   175.6   40.1 -1 -1    0.00    0.00
A07A   203.7   75.5 -1 -1    0.00    0.00
A08A   165.3   79.8  1  1    0.00    0.00
A10A   125.2   95.5  1  1    0.00    0.00
A11A   201.5   91.7 -1 -1    0.00    0.00
A01A    14.1   78.4  0  0   -0.52    1.06
A02A   310.3   50.9  0  0    0.16    0.69
A03A    87.8   58.0  0  0   -0.63    1.35
A04A   261.2   72.7  0  0   -0.21    1.12
A05A   124.8   82.1  0  0    0.22    1.21
A06A   175.6   40.1  0  0   -0.33    0.03
A07A   203.7   75.5  0  0   -0.00    0.98
A08A   165.3   79.8  0  0   -0.06    1.12
A10A   125.2   95.5  0  0    0.00    0.00
A11A   201.5   91.7  0  0    0.00    0.00
             177  16   8   8 1
AAS1   325.2   63.8  1 -1    0.00    0.00
AAS2   298.3   85.2  1 -1    0.00    0.00
AEC3    37.4   75.2  1  1    0.00    0.00
AID1    85.2   57.3  1  1    0.00    0.00
A08A   346.2  104.0  1  1    0.00    0.00
A10A    38.7  105.7  1  1    0.00    0.00
A12A   246.0   92.4  1  1    0.00    0.00
A14A   205.2   96.4  1  1    0.00    0.00
AAS1   325.2   63.8  0  0   -0.27    0.68
AAS2   298.3   85.2  0  0   -0.07    1.56
AEC3    37.4   75.2  0  0   -0.34    0.94
AID1    85.2   57.3  0  0   -0.61    1.16
A08A   346.2  104.0  0  0    0.00    0.00
A10A    38.7  105.7  0  0    0.00    0.00
A12A   246.0   92.4  0  0   -0.38    1.68
A14A   205.2   96.4  0  0   -0.37    1.34
             178  15   8   7 1
AAS1   306.2   67.1  1  1    0.00    0.00
AAS2   290.4   87.0  1  1    0.00    0.00
AEC2    29.2   74.9  1 -1    0.00    0.00
AEC3    23.4   61.3 -1 -1    0.00    0.00
AID1    95.4   31.6 -1 -1    0.00    0.00
A12A   247.3   93.5  1  1    0.00    0.00
A13A   153.6   84.8  1  1    0.00    0.00
A14A   211.3   95.8  1 -1    0.00    0.00
AAS1   306.2   67.1  0  0   -0.52    0.84
AAS2   290.4   87.0  0  0    0.05    1.80
AEC3    23.4   61.3  0  0   -0.16    0.52
AID1    95.4   31.6  0  0    0.00    0.00
A12A   247.3   93.5  0  0    0.26    1.55
A13A   153.6   84.8  0  0    0.00    0.00
A14A   211.3   95.8  0  0   -0.35    1.37
             179  20  11   9 1
AAS1   122.1   65.8  1  1    0.00    0.00
AAS2   156.1   44.8 -1 -1    0.00    0.00
ACC1    31.6   59.8  1  1    0.00    0.00
AEC1    75.7   84.8  1  1    0.00    0.00
AEC2    95.1   88.6  1  1    0.00    0.00
AEC3   102.7   85.5  1  1    0.00    0.00
A02A   353.5   99.1  1 -1    0.00    0.00
A08A    26.0   78.9 -1 -1    0.00    0.00
A10A    69.8   97.8  1  1    0.00    0.00
A13A   136.0   96.5  1  1    0.00    0.00
A14A   168.8   94.5  1 -1    0.00    0.00
AAS1   122.1   65.8  0  0    0.28    0.84
AAS2   156.1   44.8  0  0    0.03    0.29
AEC1    75.7   84.8  0  0    0.47    1.39
AEC3   102.7   85.5  0  0   -0.04    1.51
A02A   353.5   99.1  0  0    0.00    0.00
A08A    26.0   78.9  0  0    0.22    1.08
A10A    69.8   97.8  0  0    0.00    0.00
A13A   136.0   96.5  0  0    0.00    0.00
A14A   168.8   94.5  0  0   -0.20    1.53
             180  14   8   6 1
AAS2   172.5  108.9 -1  1    0.00    0.00
ACC1   164.8  104.3  1  1    0.00    0.00
A03A   106.1   87.3  1  1    0.00    0.00
A04A   234.3   79.2 -1 -1    0.00    0.00
A05A   126.9  101.5  1  1    0.00    0.00
A06A   152.8   79.3  1  1    0.00    0.00
A07A   184.3   94.0  1 -1    0.00    0.00
A09A   220.9   99.2 -1 -1    0.00    0.00
A03A   106.1   87.3  0  0   -0.77    1.56
A04A   234.3   79.2  0  0   -0.23    1.17
A05A   126.9  101.5  0  0   -0.65    1.16
A06A   152.8   79.3  0  0    0.14    1.08
A07A   184.3   94.0  0  0    0.34    1.57
A09A   220.9   99.2  0  0   -0.34    1.15
             181  23  13  10 1
ACC1   215.3   53.1  1  1    0.00    0.00
AEC1   148.0   63.8  1  1    0.00    0.00
AEC2   151.2   77.3  1  1    0.00    0.00
AEC3   159.0   79.0  1  1    0.00    0.00
A03A     4.8   70.3  1  1    0.00    0.00
A04A   300.2   85.1  1  1    0.00    0.00
A05A    61.0   49.5  1 -1    0.00    0.00
A06A   320.5   61.9  1  1    0.00    0.00
A07A   273.8   67.8  1  1    0.00    0.00
A08A   240.9   27.2  1 -1    0.00    0.00
A09A   274.1   87.2  1  1    0.00    0.00
A10A   102.7   78.1 -1  1    0.00    0.00
A13A   164.2   93.4  1  1    0.00    0.00
AEC1   148.0   63.8  0  0   -0.29    0.63
AEC3   159.0   79.0  0  0   -0.40    1.09
A03A     4.8   70.3  0  0   -0.54    0.79
A04A   300.2   85.1  0  0   -0.31    1.57
A05A    61.0   49.5  0  0    0.19    0.73
A06A   320.5   61.9  0  0   -0.30    0.65
A07A   273.8   67.8  0  0   -0.18    2.16
A08A   240.9   27.2  0  0   -0.46    0.98
A09A   274.1   87.2  0  0    0.00    0.00
A13A   164.2   93.4  0  0    0.00    0.00
             182  15   8   7 1
AAS1   111.0   64.1  1  1    0.00    0.00
AAS2   146.1   33.0 -1 -1    0.00    0.00
AEC1    68.5   88.1  1  1    0.00    0.00
AEC2    88.5   90.0  1  1    0.00    0.00
AEC3    95.6   86.9  1  1    0.00    0.00
A09A   316.7   98.1  1  1    0.00    0.00
A11A   307.2   71.1  1  1    0.00    0.00
A14A   168.4   95.6  1  1    0.00    0.00
AAS1   111.0   64.1  0  0   -0.09    0.96
AAS2   146.1   33.0  0  0    0.00    0.00
AEC1    68.5   88.1  0  0    0.31    1.74
AEC3    95.6   86.9  0  0    0.02    1.74
A09A   316.7   98.1  0  0   -0.30    1.22
A11A   307.2   71.1  0  0    0.39    0.89
A14A   168.4   95.6  0  0   -0.18    1.43
             183  19  10   9 1
AEC1   152.2   70.7  1  1    0.00    0.00
AEC2   153.8   82.2  1  1    0.00    0.00
AEC3   160.9   83.7  1  1    0.00    0.00
A03A     5.5   68.0  1  1    0.00    0.00
A04A   296.1   86.2  1  1    0.00    0.00
A05A    74.0   48.5  1 -1    0.00    0.00
A07A   265.7   70.3  1  1    0.00    0.00
A08A   222.0   36.5 -1 -1    0.00    0.00
A09A   270.0   89.4 -1  1    0.00    0.00
A10A   108.2   81.2 -1  1    0.00    0.00
AEC1   152.2   70.7  0  0   -0.90    0.81
AEC3   160.9   83.7  0  0   -0.31    1.34
A03A     5.5   68.0  0  0    0.00    0.00
A04A   296.1   86.2  0  0   -0.37    1.69
A05A    74.0   48.5  0  0   -0.20    0.94
A07A   265.7   70.3  0  0   -0.35    1.23
A08A   222.0   36.5  0  0   -0.21    0.55
A09A   270.0   89.4  0  0    0.00    0.00
A10A   108.2   81.2  0  0   -0.99    1.27
             184  15   8   7 1
AAS1   108.0   65.8  1  1    0.00    0.00
ACC1    22.5   74.2  1 -1    0.00    0.00
AEC1    66.9   90.3  1  1    0.00    0.00
AEC3    93.9   88.6  1  1    0.00    0.00
A09A   317.3  101.5  1  1    0.00    0.00
A10A    65.0  104.3  1  1    0.00    0.00
A12A   185.2   81.8  1  1    0.00    0.00
A14A   168.4   97.1  1  1    0.00    0.00
AAS1   108.0   65.8  0  0   -0.31    1.03
AEC1    66.9   90.3  0  0    0.39    2.62
AEC3    93.9   88.6  0  0   -0.31    2.04
A09A   317.3  101.5  0  0   -0.59    1.07
A10A    65.0  104.3  0  0    0.00    0.00
A12A   185.2   81.8  0  0   -0.04    1.24
A14A   168.4   97.1  0  0   -0.34    1.31
             185  18   9   9 1
ACC1   164.3   97.2 -1 -1    0.00    0.00
AEC1   147.1  100.3  1 -1    0.00    0.00
A02A   234.7    6.7  1  1    0.00    0.00
A03A   109.1   81.7  1  1    0.00    0.00
A04A   228.6   71.1 -1 -1    0.00    0.00
A06A   152.6   74.1  1  1    0.00    0.00
A07A   182.5   89.4 -1 -1    0.00    0.00
A11A   188.8   98.5  1 -1    0.00    0.00
A13A   157.3  107.1 -1 -1    0.00    0.00
ACC1   164.3   97.2  0  0    0.00    0.00
AEC1   147.1  100.3  0  0    0.00    0.00
A02A   234.7    6.7  0  0    0.01    1.55
A03A   109.1   81.7  0  0   -0.54    1.25
A04A   228.6   71.1  0  0   -0.08    0.87
A06A   152.6   74.1  0  0   -0.10    0.90
A07A   182.5   89.4  0  0    0.25    2.37
A11A   188.8   98.5  0  0    0.00    0.00
A13A   157.3  107.1  0  0    0.00    0.00
             186  17   9   8 1
AAS1   251.0   58.4  1 -1    0.00    0.00
ACC1   306.5   77.3  1  1    0.00    0.00
AEC2    70.3   13.9 -1 -1    0.00    0.00
AEC3   190.2   12.4 -1 -1    0.00    0.00
AID1   180.5   51.2 -1 -1    0.00    0.00
A05A   359.8   85.6 -1  1    0.00    0.00
A07A   310.0   92.2  1  1    0.00    0.00
A08A   323.9   82.2  1  1    0.00    0.00
A10A    41.8   79.7  1  1    0.00    0.00
AAS1   251.0   58.4  0  0   -0.39    0.90
AEC2    70.3   13.9  0  0   -0.40    1.43
AEC3   190.2   12.4  0  0   -0.37    1.05
AID1   180.5   51.2  0  0   -0.13    0.05
A05A   359.8   85.6  0  0   -0.18    1.52
A07A   310.0   92.2  0  0    0.00    0.00
A08A   323.9   82.2  0  0    0.00    1.30
A10A    41.8   79.7  0  0   -0.90    1.11
             187  18   9   9 1
AEC1   351.0   45.3  1  1    0.00    0.00
AEC2    63.5   12.0 -1 -1    0.00    0.00
AEC3   200.8   11.9 -1 -1    0.00    0.00
AID1   182.6   50.0 -1 -1    0.00    0.00
A05A   359.1   84.8 -1  1    0.00    0.00
A07A   309.8   91.7  1  1    0.00    0.00
A08A   323.5   81.6  1  1    0.00    0.00
A10A    40.9   78.7  1  1    0.00    0.00
A13A   172.7   80.7  1  1    0.00    0.00
AEC1   351.0   45.3  0  0   -0.39    0.01
AEC2    63.5   12.0  0  0   -0.59    1.35
AEC3   200.8   11.9  0  0   -0.55    1.08
AID1   182.6   50.0  0  0   -0.07   -0.04
A05A   359.1   84.8  0  0    0.16    1.45
A07A   309.8   91.7  0  0    0.00    0.00
A08A   323.5   81.6  0  0    0.18    1.25
A10A    40.9   78.7  0  0   -1.24    1.08
A13A   172.7   80.7  0  0    0.00    0.00
             188  14   8   6 1
AAS2   310.1   81.1  1  1    0.00    0.00
ACC1   346.0  102.7  1 -1    0.00    0.00
AEC2    47.7   95.5  1  1    0.00    0.00
AEC3    49.1   88.3  1  1    0.00    0.00
AID1    84.3   79.5  1  1    0.00    0.00
A12A   241.5   89.7 -1  1    0.00    0.00
A13A   131.9   97.7  1  1    0.00    0.00
A14A   195.3   98.3  1  1    0.00    0.00
AAS2   310.1   81.1  0  0   -0.42    1.25
AEC3    49.1   88.3  0  0   -0.13    1.81
AID1    84.3   79.5  0  0   -0.31    1.22
A12A   241.5   89.7  0  0   -0.56    2.67
A13A   131.9   97.7  0  0    0.00    0.00
A14A   195.3   98.3  0  0   -0.21    1.23
             189  13   8   5 1
AAS1   107.4   64.5  1 -1    0.00    0.00
AAS2   141.0   29.8 -1 -1    0.00    0.00
ACC1    22.3   73.3  1  1    0.00    0.00
AEC1    66.6   89.4 -1 -1    0.00    0.00
AEC2    86.6   90.9  1 -1    0.00    0.00
A10A    64.8  103.0 -1 -1    0.00    0.00
A11A   309.4   73.9  1  1    0.00    0.00
A14A   168.3   96.1  1  1    0.00    0.00
AAS1   107.4   64.5  0  0   -0.17    1.06
AAS2   141.0   29.8  0  0    0.00    0.74
AEC2    86.6   90.9  0  0   -0.26    2.52
A11A   309.4   73.9  0  0    0.48    0.98
A14A   168.3   96.1  0  0   -0.38    1.39
             190  18  10   8 1
AAS1   108.7   65.4  1 -1    0.00    0.00
AAS2   143.2   31.6 -1 -1    0.00    0.00
AEC1    67.2   89.8  1  1    0.00    0.00
AEC2    87.3   91.2 -1  1    0.00    0.00
AEC3    94.3   88.2  1  1    0.00    0.00
A09A   317.2  100.7 -1 -1    0.00    0.00
A10A    65.1  103.6  1  1    0.00    0.00
A12A   185.1   81.5  1 -1    0.00    0.00
A13A   132.7  100.9 -1 -1    0.00    0.00
A14A   168.4   96.8 -1 -1    0.00    0.00
AAS1   108.7   65.4  0  0   -0.11    1.08
AAS2   143.2   31.6  0  0    0.03    0.70
AEC1    67.2   89.8  0  0    0.05    2.00
AEC3    94.3   88.2  0  0   -0.12    2.49
A09A   317.2  100.7  0  0   -0.09    1.08
A10A    65.1  103.6  0  0    0.00    0.00
A12A   185.1   81.5  0  0   -0.07    1.23
A13A   132.7  100.9  0  0    0.00    0.00
             191  15   9   6 1
ACC1   166.3   92.9  1  1    0.00    0.00
AEC1   149.3   97.2  1  1    0.00    0.00
AEC2   150.5   98.9  1  1    0.00    0.00
A01A    43.3   68.2 -1  1    0.00    0.00
A02A   212.5   18.2 -1 -1    0.00    0.00
A04A   225.3   69.3  1  1    0.00    0.00
A06A   158.3   70.7 -1  1    0.00    0.00
A08A   159.3   89.8 -1  1    0.00    0.00
A14A   172.9  105.1  1  1    0.00    0.00
A01A    43.3   68.2  0  0    0.27    0.75
A02A   212.5   18.2  0  0    0.01    0.92
A04A   225.3   69.3  0  0   -0.08    0.81
A06A   158.3   70.7  0  0    0.19    0.80
A08A   159.3   89.8  0  0    0.00    0.00
A14A   172.9  105.1  0  0    0.00    0.00
             192  32  16  16 1
AAS1   110.4   58.6  1  1    0.00    0.00
AAS2   148.1   27.7 -1 -1    0.00    0.00
ACC1    22.1   66.4  1  1    0.00    0.00
AEC1    67.6   84.2  1  1    0.00    0.00
AEC2    87.8   86.4  1  1    0.00    0.00
AID1   114.5   86.2  1  1    0.00    0.00
A03A    18.1   98.3  1  1    0.00    0.00
A04A   337.4   97.7 -1  1    0.00    0.00
A05A    38.0   94.7  1  1    0.00    0.00
A06A     3.8   94.3 -1  1    0.00    0.00
A07A   345.3   87.1  1  1    0.00    0.00
A08A    20.5   82.3  1  1    0.00    0.00
A09A   316.5   94.3 -1 -1    0.00    0.00
A10A    65.3   97.3  1  1    0.00    0.00
A12A   185.9   76.7  1  1    0.00    0.00
A14A   169.0   91.9  1  1    0.00    0.00
AAS1   110.4   58.6  0  0    0.02    1.11
AAS2   148.1   27.7  0  0    0.00    0.00
ACC1    22.1   66.4  0  0   -0.52    0.67
AEC1    67.6   84.2  0  0    0.08    1.36
AEC2    87.8   86.4  0  0   -0.41    1.57
AID1   114.5   86.2  0  0    0.10    1.53
A03A    18.1   98.3  0  0    0.00    0.00
A04A   337.4   97.7  0  0    0.41    1.25
A05A    38.0   94.7  0  0    0.00    0.00
A06A     3.8   94.3  0  0    0.09    1.53
A07A   345.3   87.1  0  0    0.04    1.73
A08A    20.5   82.3  0  0    0.51    1.26
A09A   316.5   94.3  0  0   -0.38    1.48
A10A    65.3   97.3  0  0    0.00    0.00
A12A   185.9   76.7  0  0    0.25    1.01
A14A   169.0   91.9  0  0   -0.50    1.93
             193  15   8   7 1
AEC1   146.6   97.0  1  1    0.00    0.00
A01A    38.9   73.8 -1 -1    0.00    0.00
A02A   292.5    5.7  1  1    0.00    0.00
A03A   106.7   74.7  1  1    0.00    0.00
A04A   231.6   63.6 -1 -1    0.00    0.00
A05A   126.8   90.7  1  1    0.00    0.00
A06A   151.4   65.9  1  1    0.00    0.00
A08A   155.9   87.4 -1  1    0.00    0.00
A01A    38.9   73.8  0  0   -0.18    0.89
A02A   292.5    5.7  0  0    0.25    1.88
A03A   106.7   74.7  0  0   -0.73    1.14
A04A   231.6   63.6  0  0   -0.35    0.72
A05A   126.8   90.7  0  0    0.00    0.00
A06A   151.4   65.9  0  0   -0.18    0.67
A08A   155.9   87.4  0  0    0.00    0.00
             194  13   8   5 1
AAS1   107.8   64.4  1  1    0.00    0.00
AAS2   144.1   29.3 -1 -1    0.00    0.00
ACC1    21.3   73.9  1  1    0.00    0.00
AEC1    66.4   89.8 -1  1    0.00    0.00
AEC2    86.6   91.2  1  1    0.00    0.00
AEC3    93.6   87.9  1  1    0.00    0.00
A10A    64.7  103.9  1  1    0.00    0.00
A12A   186.1   81.4  1  1    0.00    0.00
AAS1   107.8   64.4  0  0   -0.15    1.10
AAS2   144.1   29.3  0  0    0.00    0.00
AEC1    66.4   89.8  0  0   -0.07    2.15
AEC3    93.6   87.9  0  0   -0.27    2.24
A12A   186.1   81.4  0  0    0.03    1.22
             195  19  10   9 1
ACC1   326.1   91.5  1  1    0.00    0.00
AEC1   354.9   82.9  1  1    0.00    0.00
AEC2     4.6   68.4  1  1    0.00    0.00
AEC3   353.6   60.7  1  1    0.00    0.00
AID1   344.7   25.6  1  1    0.00    0.00
A05A   358.5   96.8  1  1    0.00    0.00
A10A    24.5   93.2 -1  1    0.00    0.00
A12A   260.6   86.4  1 -1    0.00    0.00
A13A   166.5   54.7  1  1    0.00    0.00
A14A   226.7   84.2 -1 -1    0.00    0.00
AEC1   354.9   82.9  0  0   -0.19    1.32
AEC2     4.6   68.4  0  0   -0.48    0.73
AEC3   353.6   60.7  0  0   -0.26    0.50
AID1   344.7   25.6  0  0   -0.14    0.64
A05A   358.5   96.8  0  0    0.00    0.00
A10A    24.5   93.2  0  0    0.00    0.00
A12A   260.6   86.4  0  0    0.22    1.80
A13A   166.5   54.7  0  0   -0.03    0.27
A14A   226.7   84.2  0  0    0.32    1.46
             196  16   8   8 1
A01A    43.7   66.6  1 -1    0.00    0.00
A02A   172.5    4.8  1  1    0.00    0.00
A03A   109.3   70.3  1  1    0.00    0.00
A04A   225.1   57.2 -1 -1    0.00    0.00
A05A   127.5   85.0 -1  1    0.00    0.00
A06A   150.5   62.8  1  1    0.00    0.00
A07A   180.4   76.4 -1 -1    0.00    0.00
A09A   216.4   81.0 -1 -1    0.00    0.00
A01A    43.7   66.6  0  0   -0.45    0.71
A02A   172.5    4.8  0  0   -0.18    1.49
A03A   109.3   70.3  0  0   -1.02    1.04
A04A   225.1   57.2  0  0   -0.29    0.57
A05A   127.5   85.0  0  0   -0.56    1.38
A06A   150.5   62.8  0  0   -0.23    0.59
A07A   180.4   76.4  0  0    0.01    0.99
A09A   216.4   81.0  0  0   -0.19    1.23
             197  16   9   7 1
AAS1   113.0   69.1  1  1    0.00    0.00
AAS2   152.3   37.6 -1 -1    0.00    0.00
ACC1    22.6   74.9  1 -1    0.00    0.00
AEC2    89.1   93.7  1  1    0.00    0.00
AEC3    96.4   90.8  1  1    0.00    0.00
A08A    20.8   89.5 -1 -1    0.00    0.00
A10A    65.9  106.0 -1  1    0.00    0.00
A11A   305.2   77.4  1  1    0.00    0.00
A14A   169.3   99.8 -1 -1    0.00    0.00
AAS1   113.0   69.1  0  0   -0.06    1.00
AAS2   152.3   37.6  0  0    0.00    0.00
AEC3    96.4   90.8  0  0    0.12    2.46
A08A    20.8   89.5  0  0    0.00    0.00
A10A    65.9  106.0  0  0    0.00    0.00
A11A   305.2   77.4  0  0    0.45    1.11
A14A   169.3   99.8  0  0   -0.33    1.17
             198  28  14  14 1
AAS1   108.4   68.8  1 -1    0.00    0.00
AAS2   141.3   34.4  1  1    0.00    0.00
ACC1    23.4   76.3  1  1    0.00    0.00
AEC1    67.4   92.1 -1 -1    0.00    0.00
AEC2    87.3   93.4 -1 -1    0.00    0.00
AEC3    94.2   90.8  1 -1    0.00    0.00
A04A   338.1  106.1  1  1    0.00    0.00
A07A   346.5   93.5  1  1    0.00    0.00
A08A    21.4   90.2  1  1    0.00    0.00
A09A   317.4  102.4  1  1    0.00    0.00
A10A    65.3  105.7  1 -1    0.00    0.00
A12A   184.6   84.2 -1  1    0.00    0.00
A13A   132.5  102.7 -1 -1    0.00    0.00
A14A   168.1   98.7  1  1    0.00    0.00
AAS1   108.4   68.8  0  0   -0.31    1.15
AAS2   141.3   34.4  0  0    0.00    0.00
ACC1    23.4   76.3  0  0   -0.29    0.98
AEC1    67.4   92.1  0  0    0.19    2.24
AEC2    87.3   93.4  0  0   -0.55    1.88
AEC3    94.2   90.8  0  0   -0.11    2.37
A04A   338.1  106.1  0  0   -0.18    0.89
A07A   346.5   93.5  0  0    0.22    1.57
A08A    21.4   90.2  0  0   -0.02    2.79
A09A   317.4  102.4  0  0   -0.60    1.02
A10A    65.3  105.7  0  0    0.00    0.00
A12A   184.6   84.2  0  0   -0.07    1.39
A13A   132.5  102.7  0  0    0.00    0.00
A14A   168.1   98.7  0  0   -0.17    1.23
             199  23  12  11 1
AAS1   107.2   59.9  1 -1    0.00    0.00
AAS2   143.0   25.7 -1 -1    0.00    0.00
ACC1    21.1   70.0  1  1    0.00    0.00
AEC1    66.1   86.5  1  1    0.00    0.00
AEC2    86.3   88.3  1  1    0.00    0.00
A02A   353.1  101.3 -1  1    0.00    0.00
A04A   337.7   99.6  1  1    0.00    0.00
A05A    37.4   97.0  1  1    0.00    0.00
A09A   317.3   96.5  1  1    0.00    0.00
A11A   309.1   71.3  1  1    0.00    0.00
A13A   132.5   96.0 -1  1    0.00    0.00
A14A   168.8   93.4  1  1    0.00    0.00
AAS1   107.2   59.9  0  0   -0.09    1.18
AAS2   143.0   25.7  0  0    0.11    0.83
ACC1    21.1   70.0  0  0   -0.40    0.78
AEC1    66.1   86.5  0  0    0.06    1.55
A02A   353.1  101.3  0  0    0.20    1.08
A04A   337.7   99.6  0  0    0.00    1.15
A05A    37.4   97.0  0  0    0.00    0.00
A09A   317.3   96.5  0  0   -0.36    1.31
A11A   309.1   71.3  0  0    0.70    0.91
A13A   132.5   96.0  0  0    0.00    0.00
A14A   168.8   93.4  0  0   -0.61    1.66
             200  23  12  11 1
AAS1   279.6   58.1  1  1    0.00    0.00
AAS2   276.3   75.2  1  1    0.00    0.00
ACC1   316.2   81.7  1  1    0.00    0.00
AEC2     9.8   37.1 -1 -1    0.00    0.00
AEC3   341.6   24.1 -1 -1    0.00    0.00
AID1   195.2   23.2  1  1    0.00    0.00
A04A   319.0   99.0  1  1    0.00    0.00
A10A    31.5   83.0 -1 -1    0.00    0.00
A11A   293.0   91.0  1  1    0.00    0.00
A12A   244.1   83.6 -1 -1    0.00    0.00
A13A   172.4   70.6  1  1    0.00    0.00
A14A   215.4   85.4  1 -1    0.00    0.00
AAS1   279.6   58.1  0  0   -0.94    2.48
AAS2   276.3   75.2  0  0   -0.36    1.76
AEC2     9.8   37.1  0  0   -0.43    0.16
AEC3   341.6   24.1  0  0   -0.41    0.75
AID1   195.2   23.2  0  0    0.01    0.69
A04A   319.0   99.0  0  0    0.00    0.00
A10A    31.5   83.0  0  0   -0.94    1.28
A11A   293.0   91.0  0  0    0.00    0.00
A12A   244.1   83.6  0  0   -0.28    1.42
A13A   172.4   70.6  0  0   -0.43    0.80
A14A   215.4   85.4  0  0   -0.40    1.56
             201  18  10   8 1
AAS1   163.6  102.1  1  1    0.00    0.00
ACC1   164.2   96.4  1  1    0.00    0.00
A01A    43.4   76.6  1 -1    0.00    0.00
A03A   111.2   81.2  1  1    0.00    0.00
A04A   225.4   70.7 -1 -1    0.00    0.00
A05A   128.8   94.4  1  1    0.00    0.00
A06A   153.2   74.7  1  1    0.00    0.00
A08A   156.6   93.0 -1  1    0.00    0.00
A09A   216.8   92.0 -1 -1    0.00    0.00
A10A   127.8  101.3  1  1    0.00    0.00
A01A    43.4   76.6  0  0   -0.06    0.98
A03A   111.2   81.2  0  0   -0.78    1.20
A04A   225.4   70.7  0  0    0.08    0.86
A05A   128.8   94.4  0  0   -0.46    1.67
A06A   153.2   74.7  0  0    0.14    0.91
A08A   156.6   93.0  0  0    0.00    0.00
A09A   216.8   92.0  0  0   -0.18    1.72
A10A   127.8  101.3  0  0    0.00    0.00
             202  15   8   7 1
AAS1   147.3   88.9  1  1    0.00    0.00
ACC1   134.5   72.5  1  1    0.00    0.00
AEC3   132.9   92.2  1  1    0.00    0.00
A01A    24.2   91.2 -1  1    0.00    0.00
A03A    55.9   82.3  1  1    0.00    0.00
A06A    55.8   59.8  1  1    0.00    0.00
A07A   133.7   22.9 -1 -1    0.00    0.00
A08A   111.9   68.9  1  1    0.00    0.00
AAS1   147.3   88.9  0  0    0.00    0.00
AEC3   132.9   92.2  0  0    0.00    0.00
A01A    24.2   91.2  0  0    0.00    0.00
A03A    55.9   82.3  0  0   -0.45    1.23
A06A    55.8   59.8  0  0    0.07    0.65
A07A   133.7   22.9  0  0   -0.47    0.98
A08A   111.9   68.9  0  0    0.08    1.01
             203  25  13  12 1
AAS1   329.2   74.3  1  1    0.00    0.00
AAS2   302.9   91.0  1  1    0.00    0.00
AEC1    15.3  100.3 -1 -1    0.00    0.00
AEC2    34.3   91.6 -1 -1    0.00    0.00
AEC3    31.9   82.6 -1 -1    0.00    0.00
AID1    72.1   61.5  1  1    0.00    0.00
A04A   328.4  116.1 -1  1    0.00    0.00
A07A   329.1  112.5  1  1    0.00    0.00
A08A   346.4  107.8  1  1    0.00    0.00
A10A    36.8  109.0  1 -1    0.00    0.00
A11A   307.8  108.1  1  1    0.00    0.00
A12A   250.9   95.7  1 -1    0.00    0.00
A14A   207.7   98.8 -1 -1    0.00    0.00
AAS1   329.2   74.3  0  0   -0.49    0.96
AAS2   302.9   91.0  0  0   -0.05    1.79
AEC1    15.3  100.3  0  0    0.14    1.15
AEC3    31.9   82.6  0  0   -0.23    1.25
AID1    72.1   61.5  0  0    0.00    0.00
A04A   328.4  116.1  0  0    0.00    0.00
A07A   329.1  112.5  0  0    0.00    0.00
A08A   346.4  107.8  0  0    0.00    0.00
A10A    36.8  109.0  0  0    0.00    0.00
A11A   307.8  108.1  0  0   -0.21    0.87
A12A   250.9   95.7  0  0    0.05    1.33
A14A   207.7   98.8  0  0   -0.34    1.18
             204  23  12  11 1
AAS1   307.5   59.4  1  1    0.00    0.00
AAS2   290.8   79.9  1  1    0.00    0.00
ACC1   330.1   92.6  1  1    0.00    0.00
AEC1     9.5   83.2  1 -1    0.00    0.00
AEC3    25.6   55.6 -1 -1    0.00    0.00
AID1    94.9   30.1 -1 -1    0.00    0.00
A08A   340.7   98.1  1  1    0.00    0.00
A10A    35.7   99.5 -1 -1    0.00    0.00
A11A   301.9  101.2  1  1    0.00    0.00
A12A   246.9   87.9  1 -1    0.00    0.00
A13A   152.4   78.8  1  1    0.00    0.00
A14A   210.6   91.0 -1 -1    0.00    0.00
AAS1   307.5   59.4  0  0   -0.31    0.79
AAS2   290.8   79.9  0  0    0.05    1.30
AEC1     9.5   83.2  0  0   -0.15    1.32
AEC3    25.6   55.6  0  0   -0.23    0.32
AID1    94.9   30.1  0  0   -0.49    1.89
A08A   340.7   98.1  0  0    0.00    0.00
A10A    35.7   99.5  0  0    0.00    0.00
A11A   301.9  101.2  0  0    0.21    1.10
A12A   246.9   87.9  0  0    0.04    2.20
A13A   152.4   78.8  0  0    0.00    0.00
A14A   210.6   91.0  0  0   -0.28    1.96
             205  17   9   8 1
ACC1   226.0   50.7  1  1    0.00    0.00
AEC1   148.1   57.9 -1 -1    0.00    0.00
AEC2   151.6   73.9  1 -1    0.00    0.00
A05A    49.0   49.3  1  1    0.00    0.00
A07A   279.2   70.0  1  1    0.00    0.00
A08A   263.7   29.7  1  1    0.00    0.00
A10A    98.8   75.8  1  1    0.00    0.00
A11A   244.2   80.0  1  1    0.00    0.00
A13A   165.1   92.3 -1 -1    0.00    0.00
ACC1   226.0   50.7  0  0   -0.68    0.57
AEC1   148.1   57.9  0  0   -0.14    0.46
A05A    49.0   49.3  0  0    0.36    0.60
A07A   279.2   70.0  0  0    0.02    1.22
A08A   263.7   29.7  0  0   -0.60    1.74
A10A    98.8   75.8  0  0   -1.04    1.25
A11A   244.2   80.0  0  0   -0.35    1.23
A13A   165.1   92.3  0  0   -0.02    1.87
             206  16   9   7 1
AAS1   318.4   72.3  1 -1    0.00    0.00
AAS2   302.3   84.4 -1 -1    0.00    0.00
AEC1     1.5   87.9  1  1    0.00    0.00
AEC2    13.4   75.5  1  1    0.00    0.00
AEC3     5.5   67.6  1  1    0.00    0.00
AID1    16.7   35.2 -1  1    0.00    0.00
A12A   262.4   86.1 -1 -1    0.00    0.00
A13A   150.4   57.7 -1 -1    0.00    0.00
A14A   224.1   83.6 -1 -1    0.00    0.00
AAS1   318.4   72.3  0  0   -0.38    0.90
AAS2   302.3   84.4  0  0   -0.12    1.50
AEC3     5.5   67.6  0  0   -0.12    0.71
AID1    16.7   35.2  0  0    0.03    0.34
A12A   262.4   86.1  0  0   -0.32    1.72
A13A   150.4   57.7  0  0    0.12    0.46
A14A   224.1   83.6  0  0    0.09    1.41
             207  16   9   7 1
AAS1   309.3   53.1  1 -1    0.00    0.00
AAS2   290.2   76.7  1 -1    0.00    0.00
ACC1   331.9   91.4  1  1    0.00    0.00
AEC2    37.3   69.4  1  1    0.00    0.00
AEC3    35.1   55.7  1  1    0.00    0.00
AID1   100.7   38.4  1 -1    0.00    0.00
A12A   243.9   86.2  1  1    0.00    0.00
A13A   149.7   80.8  1  1    0.00    0.00
A14A   207.1   90.8  1  1    0.00    0.00
AAS1   309.3   53.1  0  0   -0.29    0.68
AAS2   290.2   76.7  0  0    0.02    1.15
AEC3    35.1   55.7  0  0   -0.64    0.42
AID1   100.7   38.4  0  0   -0.40    1.52
A12A   243.9   86.2  0  0   -0.42    1.70
A13A   149.7   80.8  0  0    0.00    0.00
A14A   207.1   90.8  0  0   -0.14    2.09
             208  16   9   7 1
AAS1   319.3   63.2  1 -1    0.00    0.00
AAS2   295.0   86.0  1  1    0.00    0.00
AEC2    38.6   84.1  1  1    0.00    0.00
AEC3    37.2   72.5  1  1    0.00    0.00
AID1    90.7   54.2  1  1    0.00    0.00
A11A   304.5  104.8  1  1    0.00    0.00
A12A   244.9   93.7  1  1    0.00    0.00
A13A   145.0   91.5  1 -1    0.00    0.00
A14A   205.7   97.7  1  1    0.00    0.00
AAS1   319.3   63.2  0  0   -0.09    0.70
AEC3    37.2   72.5  0  0   -0.33    0.86
AID1    90.7   54.2  0  0   -0.59    1.41
A11A   304.5  104.8  0  0    0.23    1.01
A12A   244.9   93.7  0  0   -0.29    1.55
A13A   145.0   91.5  0  0    0.00    0.00
A14A   205.7   97.7  0  0   -0.14    1.26
             209  24  13  11 1
AAS1   325.7   63.9  1 -1    0.00    0.00
AAS2   298.7   84.9  1 -1    0.00    0.00
ACC1   337.0   99.5  1  1    0.00    0.00
AEC1    17.1   94.2  1  1    0.00    0.00
AEC2    38.3   85.4  1  1    0.00    0.00
AEC3    37.0   75.0  1  1    0.00    0.00
AID1    84.2   56.9  1  1    0.00    0.00
A04A   327.9  113.3  1  1    0.00    0.00
A07A   328.4  109.3  1  1    0.00    0.00
A08A   346.2  103.7  1  1    0.00    0.00
A12A   246.4   91.9  1  1    0.00    0.00
A13A   142.0   90.5 -1 -1    0.00    0.00
A14A   205.3   95.8  1  1    0.00    0.00
AAS1   325.7   63.9  0  0   -0.11    0.68
AAS2   298.7   84.9  0  0   -0.22    1.53
AEC1    17.1   94.2  0  0   -0.22    1.56
AEC3    37.0   75.0  0  0   -0.64    0.94
AID1    84.2   56.9  0  0   -0.40    1.13
A04A   327.9  113.3  0  0    0.00    0.00
A07A   328.4  109.3  0  0    0.00    0.00
A08A   346.2  103.7  0  0    0.00    0.00
A12A   246.4   91.9  0  0   -0.27    1.74
A13A   142.0   90.5  0  0    0.00    0.00
A14A   205.3   95.8  0  0   -0.33    1.37
             210  20  10  10 1
AAS1   303.5   67.7 -1  1    0.00    0.00
AAS2   292.0   81.9  1  1    0.00    0.00
ACC1   324.7   90.6  1  1    0.00    0.00
AEC1   355.9   80.1 -1 -1    0.00    0.00
AEC2     7.8   63.4 -1 -1    0.00    0.00
AEC3   355.3   53.8  1 -1    0.00    0.00
A07A   321.2   98.2  1  1    0.00    0.00
A08A   334.9   93.8  1  1    0.00    0.00
A12A   255.7   86.6  1  1    0.00    0.00
A14A   222.3   86.0 -1 -1    0.00    0.00
AAS1   303.5   67.7  0  0   -0.12    0.91
AAS2   292.0   81.9  0  0    0.02    1.37
ACC1   324.7   90.6  0  0    0.00    0.00
AEC1   355.9   80.1  0  0    0.09    1.16
AEC2     7.8   63.4  0  0   -0.03    0.58
AEC3   355.3   53.8  0  0   -0.23    0.27
A07A   321.2   98.2  0  0    0.13    1.20
A08A   334.9   93.8  0  0    0.00    0.00
A12A   255.7   86.6  0  0    0.19    1.81
A14A   222.3   86.0  0  0   -0.07    1.65
             211  17   9   8 1
AAS1   303.5   69.5 -1  1    0.00    0.00
AAS2   292.0   83.8  1  1    0.00    0.00
ACC1   324.7   92.4  1  1    0.00    0.00
AEC1   355.9   81.9 -1 -1    0.00    0.00
AEC3   355.3   55.5  1  1    0.00    0.00
AID1   344.0   13.1  1  1    0.00    0.00
A10A    26.9   93.7  1 -1    0.00    0.00
A12A   255.7   88.7  1 -1    0.00    0.00
A14A   222.3   88.1 -1 -1    0.00    0.00
AAS1   303.5   69.5  0  0   -0.28    0.87
AAS2   292.0   83.8  0  0    0.04    1.45
AEC1   355.9   81.9  0  0    0.06    1.25
AEC3   355.3   55.5  0  0   -0.33    0.30
AID1   344.0   13.1  0  0   -0.16    1.03
A10A    26.9   93.7  0  0   -0.59    1.65
A12A   255.7   88.7  0  0    0.17    2.81
A14A   222.3   88.1  0  0   -0.09    2.07
             212  21  11  10 1
AAS1   303.8   68.0 -1  1    0.00    0.00
AAS2   292.4   81.8  1  1    0.00    0.00
ACC1   324.6   90.3  1  1    0.00    0.00
AEC2     6.4   63.4 -1  1    0.00    0.00
AEC3   353.9   54.3  1  1    0.00    0.00
AID1   339.2   14.5  1  1    0.00    0.00
A03A   350.8  100.8  1  1    0.00    0.00
A07A   321.1   98.1  1  1    0.00    0.00
A08A   334.7   93.6  1  1    0.00    0.00
A12A   256.4   86.2  1 -1    0.00    0.00
A14A   223.2   85.3 -1 -1    0.00    0.00
AAS1   303.8   68.0  0  0   -0.22    0.85
AAS2   292.4   81.8  0  0   -0.21    1.32
AEC2     6.4   63.4  0  0    0.05    0.58
AEC3   353.9   54.3  0  0   -0.21    0.25
AID1   339.2   14.5  0  0   -0.14    1.00
A03A   350.8  100.8  0  0    0.00    0.00
A07A   321.1   98.1  0  0    0.00    0.00
A08A   334.7   93.6  0  0    0.00    0.00
A12A   256.4   86.2  0  0    0.19    1.74
A14A   223.2   85.3  0  0    0.03    1.57
             213  18   9   9 1
AAS1   327.3   64.7  1 -1    0.00    0.00
AAS2   299.2   85.8  1 -1    0.00    0.00
AEC3    38.1   77.2  1  1    0.00    0.00
AID1    84.4   60.0 -1 -1    0.00    0.00
A08A   346.7  104.8 -1 -1    0.00    0.00
A10A    38.9  106.6  1  1    0.00    0.00
A11A   306.4  105.3 -1 -1    0.00    0.00
A12A   246.0   93.1  1  1    0.00    0.00
A14A   204.7   97.2  1  1    0.00    0.00
AAS1   327.3   64.7  0  0   -0.43    0.69
AAS2   299.2   85.8  0  0   -0.07    1.69
AEC3    38.1   77.2  0  0    0.18    1.00
AID1    84.4   60.0  0  0   -0.37    1.23
A08A   346.7  104.8  0  0   -0.32    0.94
A10A    38.9  106.6  0  0    0.00    0.00
A11A   306.4  105.3  0  0    0.22    0.95
A12A   246.0   93.1  0  0   -0.23    1.53
A14A   204.7   97.2  0  0   -0.27    1.27
             214  21  11  10 1
AAS1   163.4  101.5  1  1    0.00    0.00
ACC1   163.9   95.8  1  1    0.00    0.00
AEC1   147.3   99.3  1  1    0.00    0.00
A01A    44.4   75.9  1  1    0.00    0.00
A03A   111.3   80.8  1  1    0.00    0.00
A06A   152.6   74.2  1  1    0.00    0.00
A07A   181.2   87.8 -1  1    0.00    0.00
A10A   127.7  100.8 -1  1    0.00    0.00
A11A   187.9   96.9 -1  1    0.00    0.00
A13A   157.2  106.5  1  1    0.00    0.00
A14A   171.8  106.7  1  1    0.00    0.00
AAS1   163.4  101.5  0  0    0.00    0.00
AEC1   147.3   99.3  0  0    0.00    0.00
A01A    44.4   75.9  0  0   -0.04    0.97
A03A   111.3   80.8  0  0   -0.49    1.23
A06A   152.6   74.2  0  0    0.11    0.91
A07A   181.2   87.8  0  0    0.41    1.81
A10A   127.7  100.8  0  0    0.00    0.00
A11A   187.9   96.9  0  0    0.00    0.00
A13A   157.2  106.5  0  0    0.00    0.00
A14A   171.8  106.7  0  0    0.00    0.00
             215  18   9   9 1
AAS2   171.9  104.7  1  1    0.00    0.00
A01A    45.2   79.0  1 -1    0.00    0.00
A04A   223.4   75.5 -1 -1    0.00    0.00
A05A   129.8   98.7  1  1    0.00    0.00
A06A   154.4   79.5  1  1    0.00    0.00
A07A   181.7   92.2 -1  1    0.00    0.00
A10A   128.4  104.5 -1  1    0.00    0.00
A12A   177.0  107.0  1  1    0.00    0.00
A14A   172.1  109.4 -1  1    0.00    0.00
AAS2   171.9  104.7  0  0   -0.02    0.96
A01A    45.2   79.0  0  0    0.22    1.08
A04A   223.4   75.5  0  0    0.05    0.99
A05A   129.8   98.7  0  0   -0.19    1.26
A06A   154.4   79.5  0  0    0.01    1.11
A07A   181.7   92.2  0  0    0.46    1.82
A10A   128.4  104.5  0  0    0.00    0.00
A12A   177.0  107.0  0  0    0.00    0.00
A14A   172.1  109.4  0  0    0.00    0.00
             216  17  10   7 1
AAS1   313.5   58.8  1  1    0.00    0.00
AAS2   292.2   82.1  1  1    0.00    0.00
ACC1   333.3   96.0  1  1    0.00    0.00
AEC2    37.8   77.1  1  1    0.00    0.00
AEC3    36.0   64.3  1  1    0.00    0.00
AID1    96.0   46.1  1 -1    0.00    0.00
A07A   326.0  107.0 -1 -1    0.00    0.00
A10A    38.4  103.0  1  1    0.00    0.00
A12A   244.3   90.5  1  1    0.00    0.00
A14A   206.6   94.7  1  1    0.00    0.00
AAS1   313.5   58.8  0  0   -0.49    0.66
AAS2   292.2   82.1  0  0    0.00    0.00
AEC3    36.0   64.3  0  0   -0.37    0.63
AID1    96.0   46.1  0  0   -0.51    1.96
A07A   326.0  107.0  0  0    0.00    0.00
A12A   244.3   90.5  0  0   -0.07    2.02
A14A   206.6   94.7  0  0    0.02    1.45
             217  23  12  11 1
AAS1   212.1   51.8 -1 -1    0.00    0.00
AAS2   233.8   64.0 -1 -1    0.00    0.00
ACC1   292.9   52.0  1  1    0.00    0.00
AEC1    70.6   17.3  1  1    0.00    0.00
A04A   313.3   91.4  1  1    0.00    0.00
A05A    12.2   68.0 -1 -1    0.00    0.00
A07A   304.7   77.8  1  1    0.00    0.00
A08A   321.7   58.5  1  1    0.00    0.00
A09A   293.3   91.3  1  1    0.00    0.00
A10A    63.9   69.2  1 -1    0.00    0.00
A12A   217.2   80.7  1 -1    0.00    0.00
A14A   197.2   86.0 -1 -1    0.00    0.00
AAS1   212.1   51.8  0  0    0.20    0.39
AAS2   233.8   64.0  0  0   -0.01    0.76
AEC1    70.6   17.3  0  0   -0.32    1.40
A04A   313.3   91.4  0  0    0.00    0.00
A05A    12.2   68.0  0  0   -0.10    0.72
A07A   304.7   77.8  0  0   -0.27    1.11
A08A   321.7   58.5  0  0    0.36    0.56
A09A   293.3   91.3  0  0    0.00    0.00
A10A    63.9   69.2  0  0   -0.71    0.88
A12A   217.2   80.7  0  0   -0.45    1.22
A14A   197.2   86.0  0  0   -0.00    1.59
             218  23  12  11 1
AAS1   209.3   57.6 -1 -1    0.00    0.00
ACC1   291.6   55.6  1  1    0.00    0.00
AEC1    79.8   21.3 -1 -1    0.00    0.00
AEC2   134.4   46.9  1  1    0.00    0.00
AEC3   154.9   49.7  1  1    0.00    0.00
AID1   164.7   68.9  1  1    0.00    0.00
A03A   354.8   87.2  1  1    0.00    0.00
A05A    13.7   72.5 -1 -1    0.00    0.00
A07A   304.4   81.9  1  1    0.00    0.00
A08A   321.8   62.3  1  1    0.00    0.00
A10A    65.6   74.6  1 -1    0.00    0.00
A14A   196.4   90.5 -1 -1    0.00    0.00
AAS1   209.3   57.6  0  0   -0.19    0.47
ACC1   291.6   55.6  0  0    0.00    0.00
AEC1    79.8   21.3  0  0   -0.19    1.49
AEC3   154.9   49.7  0  0   -0.18    0.27
AID1   164.7   68.9  0  0    0.38    0.74
A03A   354.8   87.2  0  0    0.02    1.73
A05A    13.7   72.5  0  0   -0.03    0.85
A07A   304.4   81.9  0  0   -0.34    1.32
A08A   321.8   62.3  0  0    0.22    0.65
A10A    65.6   74.6  0  0   -0.50    0.97
A14A   196.4   90.5  0  0   -0.03    2.21
             219  14   8   6 1
ACC1   209.0   62.1  1  1    0.00    0.00
AEC1   151.5   71.7  1  1    0.00    0.00
A04A   296.5   87.0  1  1    0.00    0.00
A06A   314.5   60.5  1  1    0.00    0.00
A07A   266.1   70.9  1  1    0.00    0.00
A08A   221.6   36.2  1  1    0.00    0.00
A09A   270.2   90.2  1  1    0.00    0.00
A10A   107.8   82.2 -1  1    0.00    0.00
AEC1   151.5   71.7  0  0   -0.44    0.83
A04A   296.5   87.0  0  0   -0.16    1.90
A06A   314.5   60.5  0  0   -0.25    0.72
A07A   266.1   70.9  0  0   -0.33    1.16
A08A   221.6   36.2  0  0   -0.39    0.52
A09A   270.2   90.2  0  0    0.00    0.00
             220  22  11  11 1
ACC1   214.6   57.2  1 -1    0.00    0.00
AEC1   146.9   69.0  1  1    0.00    0.00
AEC3   158.4   83.6  1  1    0.00    0.00
A04A   300.6   89.5 -1  1    0.00    0.00
A05A    61.1   55.3  1 -1    0.00    0.00
A06A   321.6   66.8  1  1    0.00    0.00
A07A   274.3   72.3  1  1    0.00    0.00
A09A   274.4   91.5 -1  1    0.00    0.00
A10A   102.3   83.1  1  1    0.00    0.00
A12A   198.8   95.0 -1  1    0.00    0.00
A14A   186.6   98.1  1  1    0.00    0.00
ACC1   214.6   57.2  0  0   -0.10    0.49
AEC1   146.9   69.0  0  0   -0.26    0.76
AEC3   158.4   83.6  0  0   -0.09    1.33
A04A   300.6   89.5  0  0   -0.19    2.84
A05A    61.1   55.3  0  0    0.57    0.74
A06A   321.6   66.8  0  0   -0.37    0.74
A07A   274.3   72.3  0  0    0.08    1.84
A09A   274.4   91.5  0  0   -0.52    1.95
A10A   102.3   83.1  0  0   -1.01    1.37
A12A   198.8   95.0  0  0    0.00    0.00
A14A   186.6   98.1  0  0    0.00    0.00
             221  14   8   6 1
AAS1   203.5   62.7  1  1    0.00    0.00
ACC1   271.9   49.9  1  1    0.00    0.00
AEC1   134.9   23.9 -1 -1    0.00    0.00
AEC2   149.0   52.6  1 -1    0.00    0.00
AEC3   163.3   56.5  1  1    0.00    0.00
A05A    16.0   60.4  1  1    0.00    0.00
A08A   308.3   50.9  1  1    0.00    0.00
A10A    76.3   67.7 -1 -1    0.00    0.00
AAS1   203.5   62.7  0  0   -0.33    0.59
AEC1   134.9   23.9  0  0   -0.43    0.92
AEC3   163.3   56.5  0  0   -0.33    0.37
A05A    16.0   60.4  0  0    0.23    0.48
A08A   308.3   50.9  0  0   -0.37    0.69
A10A    76.3   67.7  0  0   -0.67    1.01
             222  20  10  10 1
AAS1   272.1   58.6  1  1    0.00    0.00
AAS2   271.7   77.2  1  1    0.00    0.00
AEC1   354.3   62.0  1 -1    0.00    0.00
AEC2    20.3   32.7 -1 -1    0.00    0.00
AEC3   345.3   15.3 -1 -1    0.00    0.00
AID1   183.6   33.3  1  1    0.00    0.00
A08A   328.8   87.7  1  1    0.00    0.00
A10A    34.8   85.5  1 -1    0.00    0.00
A12A   240.3   87.1 -1 -1    0.00    0.00
A13A   170.9   77.1  1  1    0.00    0.00
AAS1   272.1   58.6  0  0   -0.65    2.40
AAS2   271.7   77.2  0  0    0.14    2.15
AEC1   354.3   62.0  0  0   -0.15    0.54
AEC2    20.3   32.7  0  0   -0.76    0.44
AEC3   345.3   15.3  0  0   -0.40    0.96
AID1   183.6   33.3  0  0    0.24    0.34
A08A   328.8   87.7  0  0   -0.35    1.90
A10A    34.8   85.5  0  0   -0.83    1.46
A12A   240.3   87.1  0  0   -0.22    1.85
A13A   170.9   77.1  0  0    0.22    1.02
             223  20  11   9 1
AAS1   272.6   59.2  1  1    0.00    0.00
AAS2   272.1   77.2  1  1    0.00    0.00
ACC1   314.3   83.0  1  1    0.00    0.00
AEC1   352.8   61.9  1 -1    0.00    0.00
AEC2    16.3   32.3 -1 -1    0.00    0.00
AEC3   338.5   16.6 -1 -1    0.00    0.00
AID1   187.4   32.4  1  1    0.00    0.00
A10A    34.0   84.7 -1 -1    0.00    0.00
A12A   240.9   86.7 -1 -1    0.00    0.00
A13A   171.9   76.2  1  1    0.00    0.00
A14A   213.2   88.7  1 -1    0.00    0.00
AAS1   272.6   59.2  0  0   -0.58    2.93
AAS2   272.1   77.2  0  0    0.06    2.29
AEC1   352.8   61.9  0  0   -0.26    0.54
AEC3   338.5   16.6  0  0   -0.57    0.95
AID1   187.4   32.4  0  0    0.26    0.38
A10A    34.0   84.7  0  0   -0.72    1.39
A12A   240.9   86.7  0  0   -0.19    1.77
A13A   171.9   76.2  0  0    0.16    0.99
A14A   213.2   88.7  0  0    0.01    2.29
             224  21  11  10 1
AAS1   327.9   68.1  1  1    0.00    0.00
AAS2   299.4   89.0  1  1    0.00    0.00
ACC1   337.7  103.6  1  1    0.00    0.00
AEC2    39.4   90.7  1  1    0.00    0.00
AEC3    38.5   80.8  1  1    0.00    0.00
AID1    84.5   64.1  1 -1    0.00    0.00
A07A   328.8  111.8  1  1    0.00    0.00
A08A   346.9  107.7 -1  1    0.00    0.00
A12A   245.9   96.3  1  1    0.00    0.00
A13A   141.0   94.8  1  1    0.00    0.00
A14A   204.4  100.8  1  1    0.00    0.00
AAS1   327.9   68.1  0  0   -0.12    0.77
AAS2   299.4   89.0  0  0   -0.13    3.03
AEC2    39.4   90.7  0  0   -0.23    3.26
AEC3    38.5   80.8  0  0   -0.49    1.16
AID1    84.5   64.1  0  0   -0.40    1.28
A07A   328.8  111.8  0  0    0.00    0.00
A08A   346.9  107.7  0  0    0.00    0.00
A12A   245.9   96.3  0  0   -0.24    1.31
A13A   141.0   94.8  0  0   -0.53    1.54
A14A   204.4  100.8  0  0   -0.24    1.09
             225  18   9   9 1
AAS1   170.7  102.7  1  1    0.00    0.00
A01A    12.1   84.1  1  1    0.00    0.00
A02A   302.2   59.3  1 -1    0.00    0.00
A03A    93.0   62.7  1  1    0.00    0.00
A04A   258.6   82.3  1  1    0.00    0.00
A05A   128.1   89.7  1 -1    0.00    0.00
A07A   205.0   85.2 -1  1    0.00    0.00
A08A   168.3   88.6  1  1    0.00    0.00
A10A   127.1  101.5 -1 -1    0.00    0.00
AAS1   170.7  102.7  0  0    0.00    0.00
A01A    12.1   84.1  0  0   -0.39    1.38
A02A   302.2   59.3  0  0   -0.19    0.84
A03A    93.0   62.7  0  0   -0.35    1.63
A04A   258.6   82.3  0  0    0.22    1.35
A05A   128.1   89.7  0  0   -0.03    2.14
A07A   205.0   85.2  0  0   -0.15    1.51
A08A   168.3   88.6  0  0   -0.03    1.96
A10A   127.1  101.5  0  0    0.00    0.00
             226  19  10   9 1
AEC2   153.3  108.8  1  1    0.00    0.00
A01A    12.5   89.5  1 -1    0.00    0.00
A02A   299.6   66.2  1  1    0.00    0.00
A03A    95.7   70.7  1  1    0.00    0.00
A04A   257.1   88.9  1  1    0.00    0.00
A05A   129.1   95.3  1  1    0.00    0.00
A06A   182.8   61.9 -1 -1    0.00    0.00
A07A   204.4   92.0 -1 -1    0.00    0.00
A08A   168.5   94.8  1 -1    0.00    0.00
A10A   127.7  107.9  1  1    0.00    0.00
A01A    12.5   89.5  0  0   -0.34    2.34
A02A   299.6   66.2  0  0   -0.02    0.90
A03A    95.7   70.7  0  0   -0.74    3.54
A04A   257.1   88.9  0  0    0.05    4.86
A05A   129.1   95.3  0  0   -0.20    1.53
A06A   182.8   61.9  0  0   -0.42    0.53
A07A   204.4   92.0  0  0   -0.29    1.78
A08A   168.5   94.8  0  0   -0.14    1.51
A10A   127.7  107.9  0  0    0.00    0.00
             227  17   9   8 1
AEC1   152.1  101.6  1 -1    0.00    0.00
A01A    12.9   84.2  1 -1    0.00    0.00
A02A   300.8   58.9  1  1    0.00    0.00
A03A    94.9   64.3  1  1    0.00    0.00
A04A   257.3   82.8  1  1    0.00    0.00
A06A   181.6   54.4 -1 -1    0.00    0.00
A07A   204.1   86.3 -1 -1    0.00    0.00
A08A   168.0   89.8 -1 -1    0.00    0.00
A09A   235.4   96.9 -1  1    0.00    0.00
A01A    12.9   84.2  0  0   -0.40    1.37
A02A   300.8   58.9  0  0   -0.02    0.85
A03A    94.9   64.3  0  0   -0.40    2.40
A04A   257.3   82.8  0  0    0.45    1.41
A06A   181.6   54.4  0  0   -0.22    0.24
A07A   204.1   86.3  0  0   -0.21    1.66
A08A   168.0   89.8  0  0   -0.11    2.41
A09A   235.4   96.9  0  0    0.18    1.25
             228  18   9   9 1
AAS2   180.0   99.6  1  1    0.00    0.00
AEC1   151.6   97.6  1  1    0.00    0.00
A01A    13.4   82.1  1  1    0.00    0.00
A02A   302.9   54.9  1  1    0.00    0.00
A03A    93.5   61.5  1 -1    0.00    0.00
A06A   179.9   49.8 -1 -1    0.00    0.00
A07A   203.8   83.2 -1  1    0.00    0.00
A08A   167.3   87.0  1  1    0.00    0.00
A10A   126.9   98.7 -1  1    0.00    0.00
AAS2   180.0   99.6  0  0    0.00    0.00
AEC1   151.6   97.6  0  0   -0.14    1.29
A01A    13.4   82.1  0  0   -0.32    1.25
A02A   302.9   54.9  0  0   -0.20    0.80
A03A    93.5   61.5  0  0   -0.31    1.87
A06A   179.9   49.8  0  0    0.11   -0.04
A07A   203.8   83.2  0  0   -0.12    1.33
A08A   167.3   87.0  0  0   -0.12    1.67
A10A   126.9   98.7  0  0    0.00    0.00
             229  16   8   8 1
AEC1   152.1  101.2  1  1    0.00    0.00
A01A    12.6   84.1  1 -1    0.00    0.00
A02A   301.2   59.1  1  1    0.00    0.00
A03A    94.3   63.7  1 -1    0.00    0.00
A04A   257.8   82.7  1 -1    0.00    0.00
A07A   204.5   85.9 -1 -1    0.00    0.00
A08A   168.2   89.4  1  1    0.00    0.00
A09A   235.7   96.7 -1 -1    0.00    0.00
AEC1   152.1  101.2  0  0   -0.31    1.13
A01A    12.6   84.1  0  0   -0.42    1.37
A02A   301.2   59.1  0  0   -0.07    0.77
A03A    94.3   63.7  0  0   -0.44    1.63
A04A   257.8   82.7  0  0    0.49    1.43
A07A   204.5   85.9  0  0   -0.19    1.61
A08A   168.2   89.4  0  0   -0.21    2.18
A09A   235.7   96.7  0  0    0.05    1.27
             230  18  10   8 1
ACC1   175.2  101.1  1 -1    0.00    0.00
AEC1   152.1  106.6  1 -1    0.00    0.00
A01A    12.9   90.6  1 -1    0.00    0.00
A03A    94.9   72.3  1  1    0.00    0.00
A04A   257.3   89.5  1  1    0.00    0.00
A06A   181.6   62.3 -1 -1    0.00    0.00
A07A   204.1   92.5 -1 -1    0.00    0.00
A08A   168.0   95.4 -1 -1    0.00    0.00
A10A   127.4  108.6 -1  1    0.00    0.00
A14A   177.4  113.1 -1 -1    0.00    0.00
A01A    12.9   90.6  0  0   -0.22    2.52
A03A    94.9   72.3  0  0   -0.71    1.82
A04A   257.3   89.5  0  0    0.01    2.23
A06A   181.6   62.3  0  0   -0.38    0.54
A07A   204.1   92.5  0  0   -0.51    1.69
A08A   168.0   95.4  0  0   -0.04    1.46
A10A   127.4  108.6  0  0    0.00    0.00
A14A   177.4  113.1  0  0    0.00    0.00
             231  16   8   8 1
A01A    13.4   75.4  1 -1    0.00    0.00
A02A   307.2   48.9  1  1    0.00    0.00
A04A   260.1   71.1  1  1    0.00    0.00
A05A   126.0   79.7  1  1    0.00    0.00
A06A   178.5   39.8 -1 -1    0.00    0.00
A07A   204.2   73.9 -1 -1    0.00    0.00
A08A   166.4   77.9  1 -1    0.00    0.00
A09A   236.5   86.2  1  1    0.00    0.00
A01A    13.4   75.4  0  0   -0.10    0.95
A02A   307.2   48.9  0  0    0.13    0.74
A04A   260.1   71.1  0  0   -0.03    1.08
A05A   126.0   79.7  0  0    0.02    1.12
A06A   178.5   39.8  0  0   -0.52    0.01
A07A   204.2   73.9  0  0    0.14    0.92
A08A   166.4   77.9  0  0    0.19    1.04
A09A   236.5   86.2  0  0   -0.27    1.69
             232  17   9   8 1
AAS1    79.3   53.9  1  1    0.00    0.00
AAS2    30.4   15.2 -1 -1    0.00    0.00
ACC1    12.2   79.4  1 -1    0.00    0.00
AEC1    54.3   88.4 -1  1    0.00    0.00
AEC2    74.2   87.7  1  1    0.00    0.00
AEC3    79.7   83.1  1  1    0.00    0.00
A10A    57.8   99.1  1  1    0.00    0.00
A11A   318.5   80.1  1 -1    0.00    0.00
A14A   169.2   89.2 -1 -1    0.00    0.00
AAS1    79.3   53.9  0  0   -0.36    0.98
AAS2    30.4   15.2  0  0    0.09    0.98
AEC1    54.3   88.4  0  0    0.02    1.78
AEC2    74.2   87.7  0  0   -0.78    1.64
AEC3    79.7   83.1  0  0    0.05    1.29
A10A    57.8   99.1  0  0    0.00    0.00
A11A   318.5   80.1  0  0    0.88    1.19
A14A   169.2   89.2  0  0   -0.21    2.11
             233  13   8   5 1
AAS1   242.9   48.7  1 -1    0.00    0.00
AAS2   256.5   71.8 -1 -1    0.00    0.00
ACC1   313.7   75.4  1 -1    0.00    0.00
AEC1    18.1   49.5  1  1    0.00    0.00
AEC2    82.5   36.2  1  1    0.00    0.00
A10A    48.2   86.6  1  1    0.00    0.00
A11A   286.1   90.8  1 -1    0.00    0.00
A12A   227.8   88.2  1  1    0.00    0.00
AAS1   242.9   48.7  0  0   -0.46    0.80
AAS2   256.5   71.8  0  0    0.04    1.10
AEC1    18.1   49.5  0  0   -0.13    0.09
A11A   286.1   90.8  0  0   -0.19    1.89
A12A   227.8   88.2  0  0   -0.03    2.13
             234  19  10   9 1
AAS1   242.4   47.7  1 -1    0.00    0.00
ACC1   313.2   73.5  1  1    0.00    0.00
AEC1    17.8   47.3  1  1    0.00    0.00
AEC2    83.7   34.3  1 -1    0.00    0.00
AEC3   122.8   24.0 -1 -1    0.00    0.00
A07A   313.9   92.0  1  1    0.00    0.00
A08A   331.4   80.8  1  1    0.00    0.00
A10A    48.3   84.3  1  1    0.00    0.00
A12A   227.7   86.3  1  1    0.00    0.00
A14A   202.3   90.7  1  1    0.00    0.00
AAS1   242.4   47.7  0  0   -0.60    0.76
AEC1    17.8   47.3  0  0   -0.28   -0.04
AEC2    83.7   34.3  0  0   -0.40    1.42
AEC3   122.8   24.0  0  0   -0.32    1.08
A07A   313.9   92.0  0  0    0.00    0.00
A08A   331.4   80.8  0  0   -0.07    1.21
A10A    48.3   84.3  0  0   -1.27    1.36
A12A   227.7   86.3  0  0   -0.02    1.68
A14A   202.3   90.7  0  0    0.00    2.15
             235  23  12  11 1
AAS1   330.8   72.4  1  1    0.00    0.00
AAS2   303.0   90.0  1  1    0.00    0.00
AEC2    36.2   91.7  1 -1    0.00    0.00
AEC3    34.3   82.6 -1 -1    0.00    0.00
AID1    75.1   63.5  1 -1    0.00    0.00
A04A   328.6  116.0 -1 -1    0.00    0.00
A07A   329.4  112.2 -1 -1    0.00    0.00
A08A   347.0  107.7  1 -1    0.00    0.00
A10A    37.6  109.1  1 -1    0.00    0.00
A11A   308.0  107.9  1  1    0.00    0.00
A12A   249.6   95.3 -1 -1    0.00    0.00
A14A   206.3   98.8 -1 -1    0.00    0.00
AAS1   330.8   72.4  0  0   -0.30    0.88
AAS2   303.0   90.0  0  0    0.02    2.28
AEC3    34.3   82.6  0  0   -0.16    1.26
AID1    75.1   63.5  0  0   -0.00    1.04
A04A   328.6  116.0  0  0    0.00    0.00
A07A   329.4  112.2  0  0    0.00    0.00
A08A   347.0  107.7  0  0    0.00    0.00
A10A    37.6  109.1  0  0    0.00    0.00
A11A   308.0  107.9  0  0    0.00    0.00
A12A   249.6   95.3  0  0   -0.10    1.39
A14A   206.3   98.8  0  0   -0.51    1.19
             236  15   8   7 1
AAS1   331.9   74.9  1  1    0.00    0.00
AAS2   304.4   91.0  1  1    0.00    0.00
ACC1   338.6  104.6  1  1    0.00    0.00
AEC3    32.6   84.1 -1 -1    0.00    0.00
A08A   347.1  108.2  1  1    0.00    0.00
A11A   308.6  108.4  1  1    0.00    0.00
A12A   251.3   95.5  1 -1    0.00    0.00
A14A   207.2   98.6 -1 -1    0.00    0.00
AAS1   331.9   74.9  0  0   -0.13    0.97
AAS2   304.4   91.0  0  0    0.11    1.79
AEC3    32.6   84.1  0  0   -0.06    1.34
A08A   347.1  108.2  0  0    0.00    0.00
A11A   308.6  108.4  0  0    0.00    0.00
A12A   251.3   95.5  0  0    0.16    1.34
A14A   207.2   98.6  0  0   -0.44    1.19
             237  25  13  12 1
AAS1   331.2   74.2  1  1    0.00    0.00
AAS2   304.7   90.0  1  1    0.00    0.00
ACC1   338.2  103.2  1  1    0.00    0.00
AEC1    15.2   99.0 -1 -1    0.00    0.00
AEC3    30.9   82.3 -1 -1    0.00    0.00
AID1    68.4   61.2 -1 -1    0.00    0.00
A05A     9.4  111.2  1 -1    0.00    0.00
A07A   329.5  112.0  1  1    0.00    0.00
A08A   346.7  106.5  1  1    0.00    0.00
A10A    36.4  108.1 -1 -1    0.00    0.00
A11A   308.6  106.8  1  1    0.00    0.00
A12A   252.3   93.8  1 -1    0.00    0.00
A14A   208.2   96.2 -1 -1    0.00    0.00
AAS1   331.2   74.2  0  0   -0.09    0.96
AAS2   304.7   90.0  0  0    0.05    2.03
AEC1    15.2   99.0  0  0    0.36    1.21
AEC3    30.9   82.3  0  0   -0.07    1.23
AID1    68.4   61.2  0  0    0.00    0.00
A05A     9.4  111.2  0  0    0.93    0.75
A07A   329.5  112.0  0  0    0.00    0.00
A08A   346.7  106.5  0  0    0.00    0.00
A10A    36.4  108.1  0  0    0.00    0.00
A11A   308.6  106.8  0  0    0.00    0.00
A12A   252.3   93.8  0  0    0.05    1.45
A14A   208.2   96.2  0  0   -0.42    1.32
             238  18  10   8 1
AAS1   330.7   73.4  1  1    0.00    0.00
AAS2   303.2   90.6  1  1    0.00    0.00
ACC1   338.3  104.3  1  1    0.00    0.00
AEC2    35.7   92.1  1 -1    0.00    0.00
AEC3    33.6   83.1 -1 -1    0.00    0.00
AID1    74.0   63.6  1 -1    0.00    0.00
A08A   346.9  108.0  1  1    0.00    0.00
A11A   308.0  108.3  1  1    0.00    0.00
A12A   250.1   95.6 -1 -1    0.00    0.00
A14A   206.7   99.1 -1 -1    0.00    0.00
AAS1   330.7   73.4  0  0   -0.27    0.93
AAS2   303.2   90.6  0  0    0.09    1.90
AEC3    33.6   83.1  0  0   -0.08    1.27
AID1    74.0   63.6  0  0    0.00    0.00
A08A   346.9  108.0  0  0    0.00    0.00
A11A   308.0  108.3  0  0    0.00    0.00
A12A   250.1   95.6  0  0   -0.06    1.33
A14A   206.7   99.1  0  0   -0.58    1.16
             239  15   9   6 1
ACC1   195.7   72.9  1  1    0.00    0.00
AEC1   157.5   79.6  1  1    0.00    0.00
AEC2   157.5   86.8  1 -1    0.00    0.00
A03A    17.7   46.0 -1 -1    0.00    0.00
A06A   280.9   41.7  1  1    0.00    0.00
A07A   241.8   69.9  1  1    0.00    0.00
A08A   194.4   56.9  1  1    0.00    0.00
A09A   257.3   87.3  1  1    0.00    0.00
A10A   121.4   83.8  1  1    0.00    0.00
A03A    17.7   46.0  0  0   -0.43   -0.08
A06A   280.9   41.7  0  0   -0.68    1.53
A07A   241.8   69.9  0  0    0.30    0.88
A08A   194.4   56.9  0  0    0.00    0.00
A09A   257.3   87.3  0  0   -0.91    1.81
A10A   121.4   83.8  0  0    0.00    0.00
             240  15   8   7 1
ACC1   166.5   93.6  1  1    0.00    0.00
AEC2   150.7   99.5  1  1    0.00    0.00
A01A    43.4   68.7  1 -1    0.00    0.00
A03A   116.0   75.8  1  1    0.00    0.00
A04A   225.2   70.4 -1 -1    0.00    0.00
A06A   158.8   71.8 -1  1    0.00    0.00
A07A   184.4   85.2  1  1    0.00    0.00
A08A   159.5   90.6  1  1    0.00    0.00
ACC1   166.5   93.6  0  0    0.00    0.00
A01A    43.4   68.7  0  0   -0.13    0.75
A03A   116.0   75.8  0  0   -0.64    1.05
A04A   225.2   70.4  0  0    0.24    0.84
A06A   158.8   71.8  0  0   -0.25    0.83
A07A   184.4   85.2  0  0    0.20    1.48
A08A   159.5   90.6  0  0   -0.29    2.98
             241  19  10   9 1
AEC1   147.3   98.7 -1  1    0.00    0.00
AEC2   148.8  100.9  1  1    0.00    0.00
A01A    42.4   75.2  1 -1    0.00    0.00
A03A   110.3   79.0  1  1    0.00    0.00
A04A   226.7   68.3 -1 -1    0.00    0.00
A05A   128.4   93.0  1  1    0.00    0.00
A06A   152.9   72.1  1  1    0.00    0.00
A08A   156.5   91.1 -1  1    0.00    0.00
A11A   188.5   96.2  1  1    0.00    0.00
A12A   177.1  103.2  1  1    0.00    0.00
AEC1   147.3   98.7  0  0    0.00    0.00
A01A    42.4   75.2  0  0    0.07    0.94
A03A   110.3   79.0  0  0   -0.58    1.18
A04A   226.7   68.3  0  0   -0.20    0.79
A05A   128.4   93.0  0  0    0.00    0.00
A06A   152.9   72.1  0  0   -0.09    0.84
A08A   156.5   91.1  0  0    0.35    2.39
A11A   188.5   96.2  0  0    0.00    0.00
A12A   177.1  103.2  0  0    0.00    0.00
             242  24  13  11 1
AAS1   184.4   81.3  1  1    0.00    0.00
ACC1   219.5   53.7  1  1    0.00    0.00
AEC2   149.8   79.4  1 -1    0.00    0.00
AEC3   158.2   81.1  1  1    0.00    0.00
A02A   326.1   88.2 -1 -1    0.00    0.00
A03A     4.2   76.0  1  1    0.00    0.00
A04A   302.0   89.7 -1 -1    0.00    0.00
A05A    55.2   55.0  1  1    0.00    0.00
A07A   277.8   71.9 -1 -1    0.00    0.00
A08A   254.7   27.6  1 -1    0.00    0.00
A10A    99.8   81.2  1 -1    0.00    0.00
A12A   199.8   93.6 -1  1    0.00    0.00
A14A   187.2   97.1  1  1    0.00    0.00
ACC1   219.5   53.7  0  0   -0.35    0.53
AEC3   158.2   81.1  0  0   -0.06    1.17
A02A   326.1   88.2  0  0   -0.17    2.21
A03A     4.2   76.0  0  0   -0.44    0.98
A04A   302.0   89.7  0  0   -0.43    2.15
A05A    55.2   55.0  0  0    0.48    0.70
A07A   277.8   71.9  0  0   -0.04    1.24
A08A   254.7   27.6  0  0   -0.24    1.38
A10A    99.8   81.2  0  0   -1.02    1.26
A12A   199.8   93.6  0  0   -1.10    1.55
A14A   187.2   97.1  0  0    0.00    0.00
             243  17   9   8 1
A01A    46.0   74.2  1 -1    0.00    0.00
A02A   183.6   14.2  1  1    0.00    0.00
A03A   112.8   80.3  1  1    0.00    0.00
A04A   222.4   69.6 -1 -1    0.00    0.00
A05A   129.4   93.5  1  1    0.00    0.00
A06A   153.3   74.6  1  1    0.00    0.00
A07A   181.0   87.4  1 -1    0.00    0.00
A09A   215.4   90.5 -1 -1    0.00    0.00
A11A   187.6   96.6 -1 -1    0.00    0.00
A01A    46.0   74.2  0  0   -0.35    0.91
A02A   183.6   14.2  0  0   -0.23    0.97
A03A   112.8   80.3  0  0   -0.57    1.17
A04A   222.4   69.6  0  0   -0.15    0.82
A06A   153.3   74.6  0  0   -0.00    0.92
A07A   181.0   87.4  0  0    0.31    1.72
A09A   215.4   90.5  0  0   -0.40    2.12
A11A   187.6   96.6  0  0    0.00    0.00
             244  21  12   9 1
ACC1   210.7   78.3  1  1    0.00    0.00
AEC1   154.5   85.2  1  1    0.00    0.00
AEC3   162.3   97.1  1  1    0.00    0.00
A03A     3.5   82.1  1  1    0.00    0.00
A04A   295.0   99.8 -1 -1    0.00    0.00
A05A    75.2   60.8  1 -1    0.00    0.00
A06A   310.6   75.5  1  1    0.00    0.00
A07A   264.7   85.7 -1 -1    0.00    0.00
A08A   223.6   53.5 -1 -1    0.00    0.00
A09A   269.4  103.9 -1 -1    0.00    0.00
A10A   109.5   93.9  1 -1    0.00    0.00
A11A   235.0   97.8 -1 -1    0.00    0.00
AEC1   154.5   85.2  0  0   -0.44    1.41
A03A     3.5   82.1  0  0   -0.09    1.25
A04A   295.0   99.8  0  0   -0.08    1.13
A05A    75.2   60.8  0  0   -0.23    1.03
A06A   310.6   75.5  0  0   -0.17    1.03
A07A   264.7   85.7  0  0   -0.36    1.76
A08A   223.6   53.5  0  0   -0.05    0.54
A09A   269.4  103.9  0  0    0.00    0.00
A10A   109.5   93.9  0  0   -0.45    1.78
             245  17   9   8 1
ACC1   162.5   92.5  1  1    0.00    0.00
A01A    42.6   75.1 -1 -1    0.00    0.00
A02A   117.3    2.3  1  1    0.00    0.00
A03A   107.1   77.4  1  1    0.00    0.00
A04A   226.8   62.7 -1 -1    0.00    0.00
A05A   126.3   91.3  1  1    0.00    0.00
A06A   148.6   68.9  1  1    0.00    0.00
A08A   154.4   88.6  1  1    0.00    0.00
A09A   217.0   87.0 -1 -1    0.00    0.00
A01A    42.6   75.1  0  0    0.19    0.93
A02A   117.3    2.3  0  0   -0.01    2.24
A03A   107.1   77.4  0  0   -0.47    1.16
A04A   226.8   62.7  0  0   -0.22    0.68
A05A   126.3   91.3  0  0    0.00    0.00
A06A   148.6   68.9  0  0   -0.17    0.75
A08A   154.4   88.6  0  0    0.00    0.00
A09A   217.0   87.0  0  0    0.21    1.80
             246  18  10   8 1
ACC1   267.4   46.7  1  1    0.00    0.00
AEC1   134.9   28.9  1  1    0.00    0.00
AEC2   147.8   55.2  1  1    0.00    0.00
AID1   166.8   72.3  1  1    0.00    0.00
A04A   308.5   87.9  1  1    0.00    0.00
A05A    20.1   58.4  1 -1    0.00    0.00
A07A   295.3   74.1  1  1    0.00    0.00
A08A   307.6   46.5  1  1    0.00    0.00
A10A    79.3   68.3 -1 -1    0.00    0.00
A11A   260.9   77.6 -1 -1    0.00    0.00
AEC1   134.9   28.9  0  0   -0.41    0.82
AEC2   147.8   55.2  0  0   -0.87    0.44
A04A   308.5   87.9  0  0    0.00    0.00
A05A    20.1   58.4  0  0    0.33    0.42
A07A   295.3   74.1  0  0   -0.56    1.05
A08A   307.6   46.5  0  0   -0.42    0.71
A10A    79.3   68.3  0  0   -0.76    1.09
A11A   260.9   77.6  0  0    0.00    0.00
             247  21  11  10 1
ACC1   200.5   69.5  1  1    0.00    0.00
AEC1   157.4   76.5  1 -1    0.00    0.00
A03A     9.6   53.0 -1 -1    0.00    0.00
A04A   287.1   82.6  1  1    0.00    0.00
A05A   104.3   47.6 -1 -1    0.00    0.00
A06A   293.3   47.7  1  1    0.00    0.00
A07A   249.6   69.7  1  1    0.00    0.00
A08A   202.3   51.0  1  1    0.00    0.00
A09A   261.5   87.6  1  1    0.00    0.00
A10A   118.2   81.8 -1  1    0.00    0.00
A11A   226.7   84.7  1  1    0.00    0.00
AEC1   157.4   76.5  0  0    0.01    1.00
A03A     9.6   53.0  0  0   -0.61    0.17
A04A   287.1   82.6  0  0    0.14    1.37
A05A   104.3   47.6  0  0    0.56    1.29
A06A   293.3   47.7  0  0   -0.17    1.00
A07A   249.6   69.7  0  0   -0.18    0.93
A08A   202.3   51.0  0  0   -0.06    0.19
A09A   261.5   87.6  0  0   -0.63    1.87
A10A   118.2   81.8  0  0   -1.08    1.24
A11A   226.7   84.7  0  0   -0.61    1.47
             248  19  10   9 1
AEC1   157.1   83.7  1  1    0.00    0.00
AEC3   163.2   92.8  1  1    0.00    0.00
A02A   315.9   86.9  1  1    0.00    0.00
A03A     8.8   62.2  1 -1    0.00    0.00
A04A   288.0   90.2  1  1    0.00    0.00
A06A   295.7   56.1  1  1    0.00    0.00
A07A   251.2   77.5  1  1    0.00    0.00
A08A   203.8   57.1  1 -1    0.00    0.00
A09A   262.4   94.1  1  1    0.00    0.00
A11A   227.5   91.3  1  1    0.00    0.00
AEC1   157.1   83.7  0  0   -0.20    1.33
A02A   315.9   86.9  0  0    0.10    1.77
A03A     8.8   62.2  0  0   -0.30    0.54
A04A   288.0   90.2  0  0   -0.09    2.16
A06A   295.7   56.1  0  0   -0.31    0.86
A07A   251.2   77.5  0  0   -0.23    1.13
A08A   203.8   57.1  0  0    0.15    0.43
A09A   262.4   94.1  0  0   -0.84    1.51
A11A   227.5   91.3  0  0   -0.59    1.87
             249  13   8   5 1
AEC1   157.1   87.1  1  1    0.00    0.00
A05A    98.8   57.6  1  1    0.00    0.00
A06A   297.7   61.9  1 -1    0.00    0.00
A07A   252.8   81.5  1  1    0.00    0.00
A08A   205.9   60.0  1  1    0.00    0.00
A09A   263.2   98.5  1  1    0.00    0.00
A10A   116.6   92.7 -1  1    0.00    0.00
A11A   228.4   95.2  1  1    0.00    0.00
A05A    98.8   57.6  0  0    0.36    2.04
A06A   297.7   61.9  0  0   -0.20    0.93
A07A   252.8   81.5  0  0   -0.27    1.29
A08A   205.9   60.0  0  0    0.12    0.50
A11A   228.4   95.2  0  0   -0.45    1.39
             250  15   8   7 1
ACC1   203.6   78.3  1  1    0.00    0.00
AEC1   156.6   85.7  1 -1    0.00    0.00
A06A   300.3   62.6  1 -1    0.00    0.00
A07A   254.8   80.9  1  1    0.00    0.00
A08A   208.0   57.4  1  1    0.00    0.00
A09A   264.2   97.8  1  1    0.00    0.00
A10A   115.4   92.0 -1 -1    0.00    0.00
A11A   229.4   94.5  1  1    0.00    0.00
AEC1   156.6   85.7  0  0   -0.03    1.46
A06A   300.3   62.6  0  0   -0.28    0.90
A07A   254.8   80.9  0  0   -0.37    1.29
A08A   208.0   57.4  0  0   -0.27    0.44
A09A   264.2   97.8  0  0    0.00    0.00
A10A   115.4   92.0  0  0   -0.74    2.36
A11A   229.4   94.5  0  0   -0.61    1.42
             251  16   9   7 1
ACC1   201.8   69.5  1  1    0.00    0.00
AEC2   157.0   85.4  1 -1    0.00    0.00
A03A     8.6   57.1  1 -1    0.00    0.00
A04A   288.7   84.3  1  1    0.00    0.00
A05A    99.4   48.1  1 -1    0.00    0.00
A06A   297.5   50.7  1  1    0.00    0.00
A07A   252.3   70.8  1  1    0.00    0.00
A08A   204.7   49.8  1  1    0.00    0.00
A11A   228.0   85.5  1  1    0.00    0.00
A03A     8.6   57.1  0  0   -0.11    0.36
A04A   288.7   84.3  0  0   -0.41    1.45
A05A    99.4   48.1  0  0    0.45    1.58
A06A   297.5   50.7  0  0   -0.27    0.89
A07A   252.3   70.8  0  0   -0.21    0.97
A08A   204.7   49.8  0  0    0.05    0.19
A11A   228.0   85.5  0  0    0.00    0.00
             252  16   8   8 1
AEC1   157.2   87.2  1 -1    0.00    0.00
A03A     8.3   66.4 -1 -1    0.00    0.00
A05A   100.9   57.5 -1 -1    0.00    0.00
A06A   296.1   60.4  1 -1    0.00    0.00
A07A   251.6   81.1  1  1    0.00    0.00
A08A   204.5   60.5  1  1    0.00    0.00
A10A   117.2   92.5 -1 -1    0.00    0.00
A11A   227.8   94.8  1  1    0.00    0.00
AEC1   157.2   87.2  0  0   -0.19    1.64
A03A     8.3   66.4  0  0   -0.50    0.67
A05A   100.9   57.5  0  0    0.42    1.16
A06A   296.1   60.4  0  0   -0.22    0.82
A07A   251.6   81.1  0  0   -0.22    1.30
A08A   204.5   60.5  0  0    0.12    0.54
A10A   117.2   92.5  0  0   -0.92    1.99
A11A   227.8   94.8  0  0    0.00    0.00
             253  25  13  12 1
AAS2   196.6   91.8 -1  1    0.00    0.00
ACC1   203.0   72.4  1  1    0.00    0.00
AEC1   156.2   79.9  1  1    0.00    0.00
A03A     7.7   63.4  1  1    0.00    0.00
A04A   290.0   88.4  1 -1    0.00    0.00
A06A   300.8   56.3  1 -1    0.00    0.00
A07A   254.6   74.8  1  1    0.00    0.00
A08A   207.0   51.5  1  1    0.00    0.00
A09A   264.2   92.5  1 -1    0.00    0.00
A10A   115.3   86.4 -1 -1    0.00    0.00
A11A   229.2   88.9  1  1    0.00    0.00
A12A   196.5   98.1  1  1    0.00    0.00
A14A   186.0  100.4  1  1    0.00    0.00
AAS2   196.6   91.8  0  0   -0.33    1.86
AEC1   156.2   79.9  0  0   -0.00    1.13
A03A     7.7   63.4  0  0   -0.25    0.58
A04A   290.0   88.4  0  0   -0.40    2.23
A06A   300.8   56.3  0  0    0.00    0.00
A07A   254.6   74.8  0  0   -0.28    1.08
A08A   207.0   51.5  0  0   -0.18    0.27
A09A   264.2   92.5  0  0    0.00    0.00
A10A   115.3   86.4  0  0   -0.95    1.53
A11A   229.2   88.9  0  0    0.00    0.00
A12A   196.5   98.1  0  0    0.00    0.00
A14A   186.0  100.4  0  0    0.00    0.00
             254  23  12  11 1
AAS2   197.2   85.2 -1  1    0.00    0.00
ACC1   203.9   66.1  1  1    0.00    0.00
AEC1   157.7   73.0  1  1    0.00    0.00
AEC2   157.6   82.3  1  1    0.00    0.00
A03A     6.0   54.9  1 -1    0.00    0.00
A04A   289.1   82.1  1  1    0.00    0.00
A05A    97.6   43.1  1 -1    0.00    0.00
A06A   298.0   49.9  1  1    0.00    0.00
A07A   253.9   68.5  1  1    0.00    0.00
A08A   208.3   46.6  1  1    0.00    0.00
A09A   263.7   86.6  1  1    0.00    0.00
A10A   116.4   79.3 -1  1    0.00    0.00
AAS2   197.2   85.2  0  0    0.00    0.00
ACC1   203.9   66.1  0  0    0.05    0.69
AEC1   157.7   73.0  0  0   -0.16    0.86
A03A     6.0   54.9  0  0   -0.34    0.26
A04A   289.1   82.1  0  0   -0.32    1.41
A05A    97.6   43.1  0  0    0.67    2.90
A06A   298.0   49.9  0  0   -0.29    0.95
A07A   253.9   68.5  0  0   -0.46    0.94
A08A   208.3   46.6  0  0   -0.18    0.16
A09A   263.7   86.6  0  0    0.00    0.00
A10A   116.4   79.3  0  0   -0.99    1.13
             255  21  11  10 1
AAS2   196.2   85.9 -1  1    0.00    0.00
ACC1   201.9   67.3  1  1    0.00    0.00
AEC1   157.1   74.5  1  1    0.00    0.00
A03A     8.2   54.3 -1 -1    0.00    0.00
A04A   288.4   82.1  1  1    0.00    0.00
A05A   100.2   45.6  1 -1    0.00    0.00
A06A   296.7   48.5  1  1    0.00    0.00
A07A   252.0   68.6  1  1    0.00    0.00
A08A   204.8   48.0  1  1    0.00    0.00
A10A   117.0   80.5 -1 -1    0.00    0.00
A11A   228.0   83.6  1  1    0.00    0.00
AAS2   196.2   85.9  0  0   -0.22    1.56
AEC1   157.1   74.5  0  0    0.01    0.93
A03A     8.2   54.3  0  0   -0.24    0.23
A04A   288.4   82.1  0  0    0.00    0.00
A05A   100.2   45.6  0  0    0.54    1.51
A06A   296.7   48.5  0  0   -0.20    0.91
A07A   252.0   68.6  0  0   -0.21    0.94
A08A   204.8   48.0  0  0   -0.24    0.15
A10A   117.0   80.5  0  0   -1.09    1.19
A11A   228.0   83.6  0  0   -0.74    1.37
             256  14   8   6 1
A03A   166.4   21.6 -1 -1    0.00    0.00
A05A   152.0  111.7  1  1    0.00    0.00
A06A   231.3  108.2 -1  1    0.00    0.00
A07A   224.9  119.8  1  1    0.00    0.00
A08A   194.3  117.9  1  1    0.00    0.00
A09A   243.8  123.9  1  1    0.00    0.00
A10A   138.6  122.6 -1 -1    0.00    0.00
A11A   215.5  124.4  1  1    0.00    0.00
A03A   166.4   21.6  0  0    0.00    0.00
A05A   152.0  111.7  0  0    0.16    0.76
A06A   231.3  108.2  0  0   -0.19    0.86
A07A   224.9  119.8  0  0   -0.37    0.57
A08A   194.3  117.9  0  0    0.22    0.54
A09A   243.8  123.9  0  0    0.00    0.00
             257  15   8   7 1
AEC1   156.4   89.3  1 -1    0.00    0.00
A03A     8.9   70.7  1  1    0.00    0.00
A05A    98.6   61.2  1 -1    0.00    0.00
A06A   298.3   63.7  1 -1    0.00    0.00
A07A   252.6   83.1  1  1    0.00    0.00
A08A   204.5   62.2  1  1    0.00    0.00
A10A   116.3   94.6 -1 -1    0.00    0.00
A11A   228.1   97.2  1  1    0.00    0.00
AEC1   156.4   89.3  0  0   -0.23    2.03
A03A     8.9   70.7  0  0   -0.46    0.80
A05A    98.6   61.2  0  0    0.11    2.21
A06A   298.3   63.7  0  0   -0.19    0.94
A07A   252.6   83.1  0  0   -0.49    1.42
A08A   204.5   62.2  0  0   -0.11    0.57
A11A   228.1   97.2  0  0   -0.48    1.24
             258  14   8   6 1
AEC1   156.7   84.7  1 -1    0.00    0.00
A05A   100.0   55.5  1 -1    0.00    0.00
A07A   251.9   78.4  1  1    0.00    0.00
A08A   203.9   57.2  1  1    0.00    0.00
A09A   262.8   95.0  1  1    0.00    0.00
A10A   116.8   90.4 -1 -1    0.00    0.00
A11A   227.7   92.3  1  1    0.00    0.00
A12A   196.0   99.9  1  1    0.00    0.00
A05A   100.0   55.5  0  0    0.19    1.48
A07A   251.9   78.4  0  0   -0.45    1.15
A08A   203.9   57.2  0  0    0.10    0.42
A10A   116.8   90.4  0  0   -0.97    2.77
A11A   227.7   92.3  0  0   -0.72    1.72
A12A   196.0   99.9  0  0    0.00    0.00
             259  15   8   7 1
ACC1   201.0   71.3  1 -1    0.00    0.00
AEC1   157.1   78.4  1  1    0.00    0.00
A02A   315.9   80.9  1  1    0.00    0.00
A04A   287.8   85.0  1  1    0.00    0.00
A06A   295.2   50.6  1  1    0.00    0.00
A07A   250.7   72.0  1  1    0.00    0.00
A08A   203.1   52.2  1 -1    0.00    0.00
A10A   117.5   83.9 -1  1    0.00    0.00
AEC1   157.1   78.4  0  0   -0.18    1.06
A02A   315.9   80.9  0  0    0.16    1.23
A04A   287.8   85.0  0  0   -0.07    1.57
A06A   295.2   50.6  0  0   -0.21    0.90
A07A   250.7   72.0  0  0   -0.20    1.00
A08A   203.1   52.2  0  0    0.17    0.27
A10A   117.5   83.9  0  0   -1.13    1.32
             260  15   8   7 1
A02A   316.3   85.2  1  1    0.00    0.00
A04A   288.3   88.7  1  1    0.00    0.00
A05A   100.7   53.1  1 -1    0.00    0.00
A06A   296.5   54.6  1  1    0.00    0.00
A07A   251.5   75.7  1  1    0.00    0.00
A08A   203.7   55.1  1 -1    0.00    0.00
A09A   262.5   92.9  1  1    0.00    0.00
A11A   227.6   89.8  1  1    0.00    0.00
A02A   316.3   85.2  0  0    0.31    1.52
A04A   288.3   88.7  0  0   -0.00    2.27
A05A   100.7   53.1  0  0    0.48    1.50
A06A   296.5   54.6  0  0   -0.23    0.91
A07A   251.5   75.7  0  0   -0.13    1.06
A08A   203.7   55.1  0  0    0.18    0.34
A11A   227.6   89.8  0  0   -0.55    2.82
             261  19  10   9 1
ACC1   201.3   66.9  1  1    0.00    0.00
AEC1   157.6   73.9  1 -1    0.00    0.00
A03A     8.6   51.5 -1 -1    0.00    0.00
A04A   287.4   80.9  1  1    0.00    0.00
A06A   294.2   46.5  1 -1    0.00    0.00
A07A   250.6   67.7  1  1    0.00    0.00
A08A   203.7   48.4  1  1    0.00    0.00
A09A   262.0   85.9  1  1    0.00    0.00
A10A   117.9   79.6 -1 -1    0.00    0.00
A11A   227.3   82.8  1  1    0.00    0.00
AEC1   157.6   73.9  0  0    0.06    0.89
A03A     8.6   51.5  0  0   -0.05    0.07
A04A   287.4   80.9  0  0    0.00    0.00
A06A   294.2   46.5  0  0   -0.18    1.07
A07A   250.6   67.7  0  0   -0.22    0.89
A08A   203.7   48.4  0  0    0.16    0.10
A09A   262.0   85.9  0  0    0.00    0.00
A10A   117.9   79.6  0  0   -1.32    1.13
A11A   227.3   82.8  0  0   -0.56    1.37
             262  18  10   8 1
AEC1   158.0   73.2  1 -1    0.00    0.00
AEC2   157.8   82.0  1  1    0.00    0.00
A03A     8.9   49.1 -1 -1    0.00    0.00
A04A   286.7   79.7  1  1    0.00    0.00
A06A   292.3   44.8  1  1    0.00    0.00
A07A   249.5   66.6  1  1    0.00    0.00
A08A   202.9   48.2  1  1    0.00    0.00
A09A   261.4   85.0  1  1    0.00    0.00
A10A   118.6   78.6 -1  1    0.00    0.00
A11A   226.8   82.0  1  1    0.00    0.00
AEC1   158.0   73.2  0  0   -0.16    0.87
A03A     8.9   49.1  0  0   -0.44   -0.14
A04A   286.7   79.7  0  0   -0.17    1.35
A06A   292.3   44.8  0  0   -0.21    1.15
A07A   249.5   66.6  0  0   -0.33    0.86
A08A   202.9   48.2  0  0    0.03    0.07
A10A   118.6   78.6  0  0   -1.22    1.11
A11A   226.8   82.0  0  0   -0.61    1.30
             263  15   8   7 1
A03A    10.7   69.9  1 -1    0.00    0.00
A05A   103.2   64.5  1  1    0.00    0.00
A06A   294.6   63.1  1  1    0.00    0.00
A07A   249.7   84.6  1  1    0.00    0.00
A08A   201.3   66.6  1  1    0.00    0.00
A09A   261.7  102.9  1  1    0.00    0.00
A10A   117.7   96.3  1  1    0.00    0.00
A11A   226.5   98.9  1  1    0.00    0.00
A03A    10.7   69.9  0  0   -0.57    0.78
A05A   103.2   64.5  0  0    0.19    1.49
A06A   294.6   63.1  0  0   -0.27    1.02
A07A   249.7   84.6  0  0   -0.45    1.52
A08A   201.3   66.6  0  0    0.43    0.69
A09A   261.7  102.9  0  0    0.00    0.00
A11A   226.5   98.9  0  0    0.00    0.00
             264  17   9   8 1
AEC1   157.0   90.8  1  1    0.00    0.00
A03A     7.1   73.9  1  1    0.00    0.00
A05A    97.4   62.5  1  1    0.00    0.00
A06A   298.6   68.0  1  1    0.00    0.00
A07A   253.7   85.8  1  1    0.00    0.00
A08A   206.9   64.7  1 -1    0.00    0.00
A09A   263.6  103.6  1  1    0.00    0.00
A10A   116.2   95.9 -1  1    0.00    0.00
A11A   228.9   99.2  1  1    0.00    0.00
A03A     7.1   73.9  0  0   -0.69    0.90
A05A    97.4   62.5  0  0    0.15    1.88
A06A   298.6   68.0  0  0    0.05    0.93
A07A   253.7   85.8  0  0   -0.60    1.62
A08A   206.9   64.7  0  0    0.01    0.64
A09A   263.6  103.6  0  0    0.00    0.00
A10A   116.2   95.9  0  0   -0.88    1.45
A11A   228.9   99.2  0  0    0.00    0.00
             265  18  10   8 1
ACC1   200.3   69.7  1  1    0.00    0.00
A03A    10.2   54.6  1 -1    0.00    0.00
A04A   287.7   83.2  1  1    0.00    0.00
A05A   102.7   48.7  1 -1    0.00    0.00
A06A   295.0   48.3  1  1    0.00    0.00
A07A   250.2   70.0  1  1    0.00    0.00
A08A   202.0   50.8  1  1    0.00    0.00
A09A   261.9   88.1  1  1    0.00    0.00
A10A   117.6   82.5 -1  1    0.00    0.00
A11A   226.8   85.1  1  1    0.00    0.00
A03A    10.2   54.6  0  0   -0.49    0.25
A04A   287.7   83.2  0  0   -0.08    1.47
A05A   102.7   48.7  0  0    0.22    1.58
A06A   295.0   48.3  0  0   -0.25    1.04
A07A   250.2   70.0  0  0   -0.29    0.92
A08A   202.0   50.8  0  0    0.11    0.15
A09A   261.9   88.1  0  0   -0.66    2.33
A11A   226.8   85.1  0  0   -0.79    1.55
             266  19  10   9 1
AAS2   196.3   88.0 -1 -1    0.00    0.00
AEC1   157.3   76.6  1 -1    0.00    0.00
A03A     7.8   56.4  1 -1    0.00    0.00
A04A   288.3   84.2  1  1    0.00    0.00
A05A   100.3   47.3  1 -1    0.00    0.00
A06A   296.5   50.8  1  1    0.00    0.00
A07A   252.1   71.0  1  1    0.00    0.00
A08A   205.3   50.2  1  1    0.00    0.00
A10A   117.1   82.4 -1 -1    0.00    0.00
A11A   228.1   85.5  1  1    0.00    0.00
AEC1   157.3   76.6  0  0    0.00    1.00
A03A     7.8   56.4  0  0    0.00    0.00
A04A   288.3   84.2  0  0   -0.51    1.47
A05A   100.3   47.3  0  0    0.55    1.57
A06A   296.5   50.8  0  0   -0.23    0.93
A07A   252.1   71.0  0  0   -0.21    0.97
A08A   205.3   50.2  0  0   -0.28    0.20
A10A   117.1   82.4  0  0   -1.15    1.26
A11A   228.1   85.5  0  0   -0.64    1.56
             267  14   9   5 1
ACC1   200.0   74.6  1  1    0.00    0.00
AEC1   157.9   81.1  1  1    0.00    0.00
AEC2   157.8   88.9  1  1    0.00    0.00
A05A   107.0   52.1 -1 -1    0.00    0.00
A06A   290.6   51.0  1  1    0.00    0.00
A07A   248.2   74.3 -1  1    0.00    0.00
A08A   201.4   56.6  1  1    0.00    0.00
A10A   119.1   85.9 -1 -1    0.00    0.00
A11A   226.0   88.4  1  1    0.00    0.00
A05A   107.0   52.1  0  0    0.39    1.14
A06A   290.6   51.0  0  0   -0.84    1.04
A07A   248.2   74.3  0  0    0.26    1.01
A08A   201.4   56.6  0  0    0.01    0.38
A11A   226.0   88.4  0  0   -0.81    2.09
             268  18  11   7 1
ACC1   201.3   77.0  1  1    0.00    0.00
AEC1   156.3   84.6  1  1    0.00    0.00
AEC2   156.7   92.2  1  1    0.00    0.00
A04A   288.8   91.3  1  1    0.00    0.00
A05A    99.2   55.7  1  1    0.00    0.00
A06A   298.0   57.3  1  1    0.00    0.00
A07A   252.1   78.2  1  1    0.00    0.00
A08A   203.8   56.7  1 -1    0.00    0.00
A09A   262.9   94.9  1  1    0.00    0.00
A10A   116.5   90.4 -1  1    0.00    0.00
A11A   227.8   92.2  1  1    0.00    0.00
AEC1   156.3   84.6  0  0   -0.31    1.40
A04A   288.8   91.3  0  0   -0.06    1.86
A05A    99.2   55.7  0  0    0.20    1.60
A06A   298.0   57.3  0  0   -0.21    0.88
A07A   252.1   78.2  0  0   -0.45    1.14
A08A   203.8   56.7  0  0    0.14    0.40
A11A   227.8   92.2  0  0   -1.11    1.73
             269  15   8   7 1
AEC1   157.7   84.5  1  1    0.00    0.00
AEC2   157.7   91.7  1  1    0.00    0.00
A03A     9.3   60.2 -1  1    0.00    0.00
A06A   292.4   55.2  1 -1    0.00    0.00
A07A   249.4   77.9 -1 -1    0.00    0.00
A08A   202.5   59.0  1  1    0.00    0.00
A09A   261.3   94.2  1 -1    0.00    0.00
A10A   118.5   89.4 -1 -1    0.00    0.00
AEC1   157.7   84.5  0  0   -0.29    1.37
A03A     9.3   60.2  0  0   -0.29    0.48
A06A   292.4   55.2  0  0   -0.79    0.85
A07A   249.4   77.9  0  0    0.28    1.18
A08A   202.5   59.0  0  0    0.05    0.50
A09A   261.3   94.2  0  0   -0.31    1.53
A10A   118.5   89.4  0  0    0.00    0.00
             270  16   8   8 1
AEC1   156.4   86.8  1 -1    0.00    0.00
A04A   289.0   93.7  1  1    0.00    0.00
A05A    98.6   57.9  1  1    0.00    0.00
A06A   298.3   60.5  1  1    0.00    0.00
A07A   252.6   80.6  1  1    0.00    0.00
A08A   204.5   59.0  1 -1    0.00    0.00
A09A   263.2   97.6  1  1    0.00    0.00
A11A   228.1   94.6  1  1    0.00    0.00
AEC1   156.4   86.8  0  0   -0.28    1.59
A04A   289.0   93.7  0  0    0.00    1.50
A05A    98.6   57.9  0  0    0.13    1.69
A06A   298.3   60.5  0  0   -0.21    0.88
A07A   252.6   80.6  0  0   -0.39    1.26
A08A   204.5   59.0  0  0   -0.16    0.48
A09A   263.2   97.6  0  0    0.00    0.00
A11A   228.1   94.6  0  0   -0.90    1.43
             271  16   8   8 1
A03A     7.9   70.1  1  1    0.00    0.00
A05A    97.3   59.2  1  1    0.00    0.00
A06A   299.1   63.6  1 -1    0.00    0.00
A07A   253.5   82.4  1  1    0.00    0.00
A08A   206.0   60.5  1  1    0.00    0.00
A09A   263.6  100.2  1  1    0.00    0.00
A11A   228.7   96.2  1  1    0.00    0.00
A13A   165.9  105.4  1  1    0.00    0.00
A03A     7.9   70.1  0  0   -0.70    0.78
A05A    97.3   59.2  0  0    0.14    1.71
A06A   299.1   63.6  0  0   -0.15    0.86
A07A   253.5   82.4  0  0   -0.60    1.34
A08A   206.0   60.5  0  0    0.04    0.53
A09A   263.6  100.2  0  0    0.00    0.00
A11A   228.7   96.2  0  0   -0.87    1.32
A13A   165.9  105.4  0  0    0.00    0.00
             272  15   8   7 1
ACC1   201.7   80.9  1  1    0.00    0.00
A04A   289.5   95.6  1  1    0.00    0.00
A05A    97.1   60.8  1  1    0.00    0.00
A06A   299.8   63.3 -1 -1    0.00    0.00
A07A   253.3   82.4  1  1    0.00    0.00
A08A   204.7   60.7  1  1    0.00    0.00
A09A   263.6  100.7  1  1    0.00    0.00
A11A   228.3   96.6  1  1    0.00    0.00
A04A   289.5   95.6  0  0   -0.20    1.38
A05A    97.1   60.8  0  0    0.25    1.78
A06A   299.8   63.3  0  0   -0.11    0.86
A07A   253.3   82.4  0  0   -0.10    1.35
A08A   204.7   60.7  0  0   -0.38    0.53
A09A   263.6  100.7  0  0   -0.55    1.26
A11A   228.3   96.6  0  0   -0.55    1.30
             273  25  13  12 1
AAS1   313.3   54.4  1  1    0.00    0.00
AAS2   293.4   75.7  1  1    0.00    0.00
AEC1    12.2   81.8  1  1    0.00    0.00
AEC2    33.6   68.7  1  1    0.00    0.00
AEC3    30.1   56.1  1  1    0.00    0.00
AID1    89.4   34.1 -1 -1    0.00    0.00
A02A   338.7  106.1  1  1    0.00    0.00
A03A   356.7  104.0  1  1    0.00    0.00
A06A   341.9  102.6 -1  1    0.00    0.00
A07A   325.6  101.1  1  1    0.00    0.00
A10A    36.7   97.4  1  1    0.00    0.00
A12A   246.8   84.0  1 -1    0.00    0.00
A13A   148.7   76.5  1  1    0.00    0.00
AAS1   313.3   54.4  0  0   -0.64    0.62
AAS2   293.4   75.7  0  0   -0.34    1.09
AEC1    12.2   81.8  0  0   -0.19    1.23
AEC3    30.1   56.1  0  0   -0.39    0.40
AID1    89.4   34.1  0  0   -0.65    1.89
A02A   338.7  106.1  0  0    0.00    0.00
A03A   356.7  104.0  0  0    0.00    0.00
A06A   341.9  102.6  0  0    0.00    0.00
A07A   325.6  101.1  0  0    0.00    0.00
A10A    36.7   97.4  0  0    0.00    0.00
A12A   246.8   84.0  0  0   -0.14    1.46
A13A   148.7   76.5  0  0   -0.36    0.99
             274  15   8   7 1
AAS1   254.6   55.3  1  1    0.00    0.00
AAS2   261.8   75.6  1  1    0.00    0.00
ACC1   311.4   79.3  1  1    0.00    0.00
AEC1     2.0   51.9 -1 -1    0.00    0.00
AEC2    61.1   25.0 -1 -1    0.00    0.00
AEC3   130.8    8.4 -1 -1    0.00    0.00
AID1   171.9   49.2  1 -1    0.00    0.00
A10A    42.3   84.7  1  1    0.00    0.00
AAS1   254.6   55.3  0  0   -0.72    0.95
AAS2   261.8   75.6  0  0   -0.10    1.18
AEC1     2.0   51.9  0  0   -0.46    0.10
AEC2    61.1   25.0  0  0   -0.78    1.01
AEC3   130.8    8.4  0  0   -0.55    1.46
AID1   171.9   49.2  0  0    0.24    0.01
A10A    42.3   84.7  0  0   -1.29    1.41
             275  15   8   7 1
ACC1   250.3   55.9  1 -1    0.00    0.00
AEC1   147.8   47.9 -1 -1    0.00    0.00
AEC3   163.1   74.2  1  1    0.00    0.00
A05A    27.2   60.0  1  1    0.00    0.00
A07A   288.3   80.4  1 -1    0.00    0.00
A08A   292.4   47.5 -1 -1    0.00    0.00
A09A   282.3   94.0 -1 -1    0.00    0.00
A10A    88.6   77.2 -1 -1    0.00    0.00
AEC1   147.8   47.9  0  0   -0.41    0.35
AEC3   163.1   74.2  0  0    0.11    0.90
A05A    27.2   60.0  0  0   -0.02    0.50
A07A   288.3   80.4  0  0   -0.08    1.28
A08A   292.4   47.5  0  0   -0.46    0.95
A09A   282.3   94.0  0  0    0.11    1.47
A10A    88.6   77.2  0  0   -0.76    1.74
             276  19  10   9 1
ACC1   250.6   51.1  1  1    0.00    0.00
AEC1   148.8   42.6 -1 -1    0.00    0.00
AEC2   152.9   65.5  1 -1    0.00    0.00
A03A   354.9   78.4  1  1    0.00    0.00
A04A   304.9   89.5  1  1    0.00    0.00
A05A    26.4   54.3  1 -1    0.00    0.00
A07A   288.1   75.4  1  1    0.00    0.00
A08A   291.9   43.2  1  1    0.00    0.00
A10A    88.6   71.5 -1 -1    0.00    0.00
A11A   254.1   81.0  1  1    0.00    0.00
AEC1   148.8   42.6  0  0   -0.32    0.45
AEC2   152.9   65.5  0  0   -0.31    0.67
A03A   354.9   78.4  0  0    0.00    0.00
A04A   304.9   89.5  0  0   -0.14    2.78
A05A    26.4   54.3  0  0   -0.07    0.32
A07A   288.1   75.4  0  0    0.10    1.17
A08A   291.9   43.2  0  0   -0.50    1.09
A10A    88.6   71.5  0  0   -0.83    1.38
A11A   254.1   81.0  0  0   -0.43    1.25
             277  16   8   8 1
ACC1   251.7   46.7  1  1    0.00    0.00
AEC1   147.4   38.5 -1 -1    0.00    0.00
AEC3   163.1   64.2 -1 -1    0.00    0.00
A04A   305.3   86.1  1  1    0.00    0.00
A05A    26.3   51.0  1  1    0.00    0.00
A07A   288.8   71.5  1  1    0.00    0.00
A08A   293.6   39.7  1  1    0.00    0.00
A10A    87.9   67.6 -1 -1    0.00    0.00
ACC1   251.7   46.7  0  0   -0.66    0.90
AEC1   147.4   38.5  0  0   -0.43    0.53
AEC3   163.1   64.2  0  0    0.16    0.62
A04A   305.3   86.1  0  0   -0.49    1.59
A05A    26.3   51.0  0  0   -0.02    0.22
A07A   288.8   71.5  0  0    0.02    1.12
A08A   293.6   39.7  0  0   -0.44    1.08
A10A    87.9   67.6  0  0   -0.89    1.34
             278  30  15  15 1
AAS1   117.4   63.5  1  1    0.00    0.00
ACC1    25.2   64.9  1  1    0.00    0.00
AEC1    71.4   86.0  1 -1    0.00    0.00
AEC2    91.5   88.8  1  1    0.00    0.00
AID1   117.7   89.5 -1  1    0.00    0.00
A01A     6.6  104.9  1  1    0.00    0.00
A05A    39.7   96.6 -1 -1    0.00    0.00
A06A     4.1   95.8 -1  1    0.00    0.00
A07A   344.6   87.3  1  1    0.00    0.00
A08A    22.4   82.4  1  1    0.00    0.00
A09A   314.8   96.0  1  1    0.00    0.00
A10A    67.4   99.6 -1 -1    0.00    0.00
A12A   185.2   81.9  1  1    0.00    0.00
A13A   135.0   97.7 -1  1    0.00    0.00
A14A   169.4   95.2  1  1    0.00    0.00
AAS1   117.4   63.5  0  0   -0.05    0.91
ACC1    25.2   64.9  0  0   -0.22    0.63
AEC1    71.4   86.0  0  0    0.35    1.48
AEC2    91.5   88.8  0  0   -0.43    1.88
AID1   117.7   89.5  0  0    0.15    2.04
A01A     6.6  104.9  0  0    0.00    0.00
A05A    39.7   96.6  0  0    0.00    0.00
A06A     4.1   95.8  0  0   -0.42    1.39
A07A   344.6   87.3  0  0    0.33    1.78
A08A    22.4   82.4  0  0    0.19    1.25
A09A   314.8   96.0  0  0   -0.46    1.33
A10A    67.4   99.6  0  0    0.00    0.00
A12A   185.2   81.9  0  0    0.03    1.25
A13A   135.0   97.7  0  0    0.46    1.32
A14A   169.4   95.2  0  0    0.10    1.47
             279  16   8   8 1
AAS1   311.0   68.5  1  1    0.00    0.00
AAS2   292.6   88.9  1  1    0.00    0.00
AEC3    27.1   67.4 -1 -1    0.00    0.00
AID1    89.3   40.0 -1 -1    0.00    0.00
A08A   341.7  103.5  1  1    0.00    0.00
A12A   247.4   94.7  1 -1    0.00    0.00
A13A   150.4   87.9  1  1    0.00    0.00
A14A   210.1   97.3 -1 -1    0.00    0.00
AAS1   311.0   68.5  0  0   -0.46    0.87
AAS2   292.6   88.9  0  0    0.01    2.71
AEC3    27.1   67.4  0  0   -0.10    0.69
AID1    89.3   40.0  0  0   -0.54    1.37
A08A   341.7  103.5  0  0    0.00    0.00
A12A   247.4   94.7  0  0   -0.00    1.39
A13A   150.4   87.9  0  0   -0.03    1.70
A14A   210.1   97.3  0  0   -0.22    1.26
             280  15   8   7 1
AAS1   311.9   69.4  1  1    0.00    0.00
AEC1    11.8   94.4  1 -1    0.00    0.00
AEC3    29.5   70.1 -1 -1    0.00    0.00
AID1    91.0   44.6 -1 -1    0.00    0.00
A05A     7.2  108.6 -1 -1    0.00    0.00
A08A   342.2  105.1  1  1    0.00    0.00
A12A   246.7   96.7  1 -1    0.00    0.00
A14A   209.1   99.3 -1 -1    0.00    0.00
AAS1   311.9   69.4  0  0   -0.44    0.85
AEC1    11.8   94.4  0  0    0.26    1.54
AEC3    29.5   70.1  0  0   -0.22    0.78
AID1    91.0   44.6  0  0   -0.61    2.78
A05A     7.2  108.6  0  0    0.00    0.00
A12A   246.7   96.7  0  0    0.09    1.27
A14A   209.1   99.3  0  0   -0.30    1.15
             281  15   8   7 1
AAS1   269.6   54.6  1  1    0.00    0.00
ACC1   314.8   79.9  1  1    0.00    0.00
AEC1   357.0   58.3 -1 -1    0.00    0.00
AEC2    28.6   30.1 -1 -1    0.00    0.00
AEC3     0.0   11.1  1  1    0.00    0.00
A05A     0.5   88.1  1 -1    0.00    0.00
A10A    36.6   83.0 -1 -1    0.00    0.00
A12A   238.7   84.6 -1 -1    0.00    0.00
AAS1   269.6   54.6  0  0   -0.71    2.48
AEC1   357.0   58.3  0  0   -0.56    0.41
AEC2    28.6   30.1  0  0   -0.63    0.60
AEC3     0.0   11.1  0  0   -0.31    1.09
A05A     0.5   88.1  0  0   -0.08    1.88
A10A    36.6   83.0  0  0   -0.61    1.27
A12A   238.7   84.6  0  0   -0.04    1.52
             282  14   8   6 1
AAS1   275.9   56.2  1  1    0.00    0.00
AEC1   354.7   61.6 -1 -1    0.00    0.00
AEC2    17.8   34.4 -1 -1    0.00    0.00
AEC3   348.8   18.7 -1  1    0.00    0.00
AID1   184.2   27.6  1  1    0.00    0.00
A05A   359.4   89.3 -1 -1    0.00    0.00
A10A    33.9   83.3 -1 -1    0.00    0.00
A11A   292.2   91.1  1 -1    0.00    0.00
AEC1   354.7   61.6  0  0   -0.16    0.53
AEC3   348.8   18.7  0  0   -0.19    0.84
AID1   184.2   27.6  0  0    0.09    0.55
A05A   359.4   89.3  0  0    0.00    0.00
A10A    33.9   83.3  0  0   -0.50    1.32
A11A   292.2   91.1  0  0    0.00    0.00
             283  21  11  10 1
AAS1   267.6   54.7  1  1    0.00    0.00
AAS2   269.1   73.8  1  1    0.00    0.00
ACC1   313.8   79.2  1  1    0.00    0.00
AEC2    28.9   27.6 -1 -1    0.00    0.00
AEC3   353.0    8.8 -1 -1    0.00    0.00
AID1   179.2   35.8  1 -1    0.00    0.00
A02A   331.9   99.1  1  1    0.00    0.00
A06A   332.8   94.5  1  1    0.00    0.00
A07A   314.2   92.4  1  1    0.00    0.00
A08A   328.6   84.0  1  1    0.00    0.00
A14A   210.9   87.2  1 -1    0.00    0.00
AAS1   267.6   54.7  0  0   -0.48    1.61
AAS2   269.1   73.8  0  0    0.06    1.72
AEC2    28.9   27.6  0  0   -0.82    0.65
AEC3   353.0    8.8  0  0   -0.42    1.21
AID1   179.2   35.8  0  0    0.10    0.23
A02A   331.9   99.1  0  0    0.00    0.00
A06A   332.8   94.5  0  0    0.00    0.00
A07A   314.2   92.4  0  0    0.00    0.00
A08A   328.6   84.0  0  0   -0.65    1.42
A14A   210.9   87.2  0  0    0.00    0.00
             284  19  10   9 1
AAS1   267.6   55.7  1 -1    0.00    0.00
ACC1   314.3   81.0  1  1    0.00    0.00
AEC2    31.6   29.5  1 -1    0.00    0.00
AID1   176.8   37.3  1  1    0.00    0.00
A06A   333.2   95.7  1  1    0.00    0.00
A08A   329.1   86.0  1  1    0.00    0.00
A10A    37.3   84.5 -1 -1    0.00    0.00
A11A   290.1   92.0  1  1    0.00    0.00
A12A   237.9   86.3 -1 -1    0.00    0.00
A13A   169.4   78.2  1  1    0.00    0.00
AAS1   267.6   55.7  0  0   -0.97    2.55
AEC2    31.6   29.5  0  0   -0.74    0.67
AID1   176.8   37.3  0  0    0.05    0.15
A06A   333.2   95.7  0  0    0.00    0.00
A08A   329.1   86.0  0  0   -0.42    1.64
A10A    37.3   84.5  0  0   -0.85    1.36
A11A   290.1   92.0  0  0    0.00    0.00
A12A   237.9   86.3  0  0   -0.04    1.74
A13A   169.4   78.2  0  0    0.11    1.06
             285  17   9   8 1
AAS1   279.0   55.1  1  1    0.00    0.00
AAS2   276.0   72.3  1  1    0.00    0.00
AEC1   352.1   60.0 -1 -1    0.00    0.00
AEC2    10.0   34.2 -1 -1    0.00    0.00
AEC3   341.1   21.9 -1 -1    0.00    0.00
AID1   194.8   22.2  1  1    0.00    0.00
A10A    31.6   80.2  1 -1    0.00    0.00
A11A   292.9   88.5  1  1    0.00    0.00
A13A   172.4   67.9 -1 -1    0.00    0.00
AAS1   279.0   55.1  0  0   -0.44    1.30
AAS2   276.0   72.3  0  0    0.00    0.00
AEC1   352.1   60.0  0  0   -0.12    0.48
AEC3   341.1   21.9  0  0   -0.32    0.76
AID1   194.8   22.2  0  0    0.13    0.74
A10A    31.6   80.2  0  0   -0.46    1.12
A11A   292.9   88.5  0  0    0.00    0.00
A13A   172.4   67.9  0  0    0.00    0.00
             286  17   9   8 1
AAS1   278.6   56.5  1  1    0.00    0.00
AAS2   275.7   73.9  1  1    0.00    0.00
ACC1   316.1   80.4  1  1    0.00    0.00
AEC1   352.7   61.6 -1 -1    0.00    0.00
AEC3   342.9   22.0 -1  1    0.00    0.00
AID1   192.0   23.7  1  1    0.00    0.00
A10A    32.1   81.9  1 -1    0.00    0.00
A12A   243.4   82.6 -1  1    0.00    0.00
A14A   214.9   84.6 -1 -1    0.00    0.00
AAS1   278.6   56.5  0  0   -0.79    1.32
AAS2   275.7   73.9  0  0   -0.10    1.46
AEC1   352.7   61.6  0  0    0.02    0.54
AEC3   342.9   22.0  0  0   -0.28    0.75
AID1   192.0   23.7  0  0    0.16    0.69
A10A    32.1   81.9  0  0   -0.77    1.21
A12A   243.4   82.6  0  0   -0.07    1.38
A14A   214.9   84.6  0  0   -0.22    1.50
             287  18   9   9 1
AAS1   270.9   53.8  1  1    0.00    0.00
AAS2   271.0   72.7  1  1    0.00    0.00
AEC1   355.4   57.2 -1 -1    0.00    0.00
AEC2    23.9   29.2 -1 -1    0.00    0.00
AID1   180.9   31.7  1  1    0.00    0.00
A08A   329.0   83.3  1 -1    0.00    0.00
A11A   290.8   89.4  1  1    0.00    0.00
A12A   239.6   82.9 -1  1    0.00    0.00
A14A   211.8   85.6 -1 -1    0.00    0.00
AAS1   270.9   53.8  0  0   -0.51    1.40
AAS2   271.0   72.7  0  0    0.22    1.36
AEC1   355.4   57.2  0  0   -0.29    0.39
AEC2    23.9   29.2  0  0   -0.75    0.54
AID1   180.9   31.7  0  0    0.02    0.42
A08A   329.0   83.3  0  0   -0.29    1.40
A11A   290.8   89.4  0  0    0.00    0.00
A12A   239.6   82.9  0  0   -0.03    1.40
A14A   211.8   85.6  0  0   -0.20    1.59
             288  14   8   6 1
AAS1   272.2   55.2  1  1    0.00    0.00
AAS2   271.8   74.3  1  1    0.00    0.00
AEC1   356.3   59.8 -1 -1    0.00    0.00
AEC2    24.5   32.0 -1 -1    0.00    0.00
AEC3   355.7   14.2  1  1    0.00    0.00
AID1   179.1   31.8  1  1    0.00    0.00
A10A    35.6   83.3 -1 -1    0.00    0.00
A11A   291.3   91.1 -1  1    0.00    0.00
AAS1   272.2   55.2  0  0   -0.70    1.91
AAS2   271.8   74.3  0  0    0.00    1.95
AEC1   356.3   59.8  0  0   -0.55    0.47
AEC3   355.7   14.2  0  0   -0.10    0.97
AID1   179.1   31.8  0  0    0.06    0.40
A10A    35.6   83.3  0  0   -0.70    1.29
             289  17   9   8 1
AAS1   270.2   54.5  1  1    0.00    0.00
AAS2   270.6   73.3  1  1    0.00    0.00
AEC2    23.5   28.7 -1 -1    0.00    0.00
AEC3   347.2   11.7 -1 -1    0.00    0.00
AID1   181.7   32.6  1 -1    0.00    0.00
A08A   328.7   83.7  1  1    0.00    0.00
A10A    35.6   81.4 -1 -1    0.00    0.00
A11A   290.5   89.9  1  1    0.00    0.00
A12A   239.4   83.5 -1  1    0.00    0.00
AAS1   270.2   54.5  0  0   -0.24    1.94
AAS2   270.6   73.3  0  0    0.02    1.97
AEC3   347.2   11.7  0  0   -0.43    1.09
AID1   181.7   32.6  0  0    0.27    0.37
A08A   328.7   83.7  0  0   -0.29    1.40
A10A    35.6   81.4  0  0   -0.94    1.18
A11A   290.5   89.9  0  0    0.00    0.00
A12A   239.4   83.5  0  0    0.05    1.42
             290  17   9   8 1
AAS1   270.2   54.5  1  1    0.00    0.00
AAS2   270.6   73.4  1  1    0.00    0.00
AEC2    24.4   29.1 -1 -1    0.00    0.00
AEC3   349.7   11.7 -1 -1    0.00    0.00
AID1   180.9   32.8  1 -1    0.00    0.00
A05A   359.9   87.1  1  1    0.00    0.00
A10A    35.8   81.7  1  1    0.00    0.00
A11A   290.6   90.0  1  1    0.00    0.00
A12A   239.3   83.7 -1  1    0.00    0.00
AAS1   270.2   54.5  0  0   -0.53    1.66
AAS2   270.6   73.4  0  0    0.00    0.00
AEC3   349.7   11.7  0  0   -0.45    1.09
AID1   180.9   32.8  0  0    0.35    0.37
A05A   359.9   87.1  0  0    0.06    1.71
A10A    35.8   81.7  0  0   -0.97    1.21
A11A   290.6   90.0  0  0    0.00    0.00
A12A   239.3   83.7  0  0   -0.01    1.41
             291  28  14  14 1
AAS1   272.2   52.9  1  1    0.00    0.00
AAS2   271.8   72.3  1  1    0.00    0.00
ACC1   315.7   78.7  1  1    0.00    0.00
AEC1   357.1   58.1 -1 -1    0.00    0.00
AEC2    26.1   31.2 -1 -1    0.00    0.00
AID1   177.2   30.7  1 -1    0.00    0.00
A04A   318.9   98.2  1  1    0.00    0.00
A05A     0.5   87.0 -1 -1    0.00    0.00
A07A   315.3   91.9  1  1    0.00    0.00
A08A   329.9   83.6  1  1    0.00    0.00
A09A   303.0   97.3 -1  1    0.00    0.00
A10A    35.9   81.8  1 -1    0.00    0.00
A11A   291.4   89.5  1  1    0.00    0.00
A12A   239.6   82.7 -1  1    0.00    0.00
AAS1   272.2   52.9  0  0   -0.61    1.47
AAS2   271.8   72.3  0  0    0.16    1.39
ACC1   315.7   78.7  0  0    0.00    0.00
AEC1   357.1   58.1  0  0   -0.27    0.42
AEC2    26.1   31.2  0  0   -0.67    0.49
AID1   177.2   30.7  0  0   -0.22    0.47
A04A   318.9   98.2  0  0    0.00    0.00
A05A     0.5   87.0  0  0   -0.03    1.71
A07A   315.3   91.9  0  0    0.00    0.00
A08A   329.9   83.6  0  0   -0.36    1.41
A09A   303.0   97.3  0  0    0.00    0.00
A10A    35.9   81.8  0  0   -0.66    1.20
A11A   291.4   89.5  0  0    0.00    0.00
A12A   239.6   82.7  0  0    0.04    1.37
             292  20  11   9 1
AAS1   277.5   56.3  1  1    0.00    0.00
AAS2   275.0   74.2  1  1    0.00    0.00
AEC1   353.7   61.7 -1 -1    0.00    0.00
AEC2    14.5   35.0 -1 -1    0.00    0.00
AEC3   345.8   20.6 -1 -1    0.00    0.00
AID1   188.0   25.2  1 -1    0.00    0.00
A05A   359.0   88.9  1  1    0.00    0.00
A06A   333.2   94.6 -1 -1    0.00    0.00
A10A    32.9   82.5  1  1    0.00    0.00
A12A   242.7   83.2 -1  1    0.00    0.00
A14A   214.1   85.3  1  1    0.00    0.00
AAS1   277.5   56.3  0  0   -0.87    1.72
AAS2   275.0   74.2  0  0   -0.17    2.29
AEC1   353.7   61.7  0  0   -0.37    0.53
AEC3   345.8   20.6  0  0   -0.21    0.80
AID1   188.0   25.2  0  0    0.06    0.63
A05A   359.0   88.9  0  0    0.00    0.00
A10A    32.9   82.5  0  0   -0.74    1.26
A12A   242.7   83.2  0  0   -0.21    1.37
A14A   214.1   85.3  0  0   -0.28    1.52
             293  23  12  11 1
AAS1   268.9   54.4  1  1    0.00    0.00
AAS2   269.8   73.7  1  1    0.00    0.00
ACC1   314.6   79.5  1  1    0.00    0.00
AEC2    29.3   29.3 -1 -1    0.00    0.00
AEC3     0.0   10.3 -1 -1    0.00    0.00
AID1   177.5   34.7  1 -1    0.00    0.00
A05A     0.5   87.8  1  1    0.00    0.00
A06A   333.2   94.7  1  1    0.00    0.00
A07A   314.6   92.6  1  1    0.00    0.00
A08A   329.2   84.4  1  1    0.00    0.00
A10A    36.8   82.6 -1 -1    0.00    0.00
A14A   210.8   87.2  1 -1    0.00    0.00
AAS1   268.9   54.4  0  0   -0.54    1.72
AAS2   269.8   73.7  0  0    0.01    1.80
AEC2    29.3   29.3  0  0   -0.86    0.61
AEC3     0.0   10.3  0  0   -0.41    1.13
AID1   177.5   34.7  0  0    0.19    0.29
A05A     0.5   87.8  0  0   -0.48    1.81
A06A   333.2   94.7  0  0    0.00    0.00
A07A   314.6   92.6  0  0    0.00    0.00
A08A   329.2   84.4  0  0   -0.52    1.45
A10A    36.8   82.6  0  0   -1.05    1.25
A14A   210.8   87.2  0  0    0.00    0.00
             294  22  12  10 1
AAS1   277.0   57.4  1  1    0.00    0.00
AAS2   274.7   75.6  1  1    0.00    0.00
ACC1   316.2   82.2  1  1    0.00    0.00
AEC1   354.4   63.1 -1 -1    0.00    0.00
AEC2    16.3   36.0 -1 -1    0.00    0.00
AID1   185.5   26.8  1  1    0.00    0.00
A06A   333.4   96.0 -1  1    0.00    0.00
A08A   329.7   86.7  1  1    0.00    0.00
A10A    33.4   84.2  1 -1    0.00    0.00
A12A   242.3   84.8 -1 -1    0.00    0.00
A13A   170.7   73.5  1  1    0.00    0.00
A14A   213.7   87.0  1 -1    0.00    0.00
AAS1   277.0   57.4  0  0   -0.86    1.93
AAS2   274.7   75.6  0  0   -0.16    1.55
AEC1   354.4   63.1  0  0   -0.31    0.59
AEC2    16.3   36.0  0  0   -0.67    0.24
AID1   185.5   26.8  0  0    0.17    0.58
A08A   329.7   86.7  0  0   -0.18    1.74
A10A    33.4   84.2  0  0   -0.96    1.36
A12A   242.3   84.8  0  0   -0.07    1.53
A13A   170.7   73.5  0  0   -0.62    0.89
A14A   213.7   87.0  0  0   -0.36    1.77
             295  16   8   8 1
AAS1   267.0   53.8  1  1    0.00    0.00
AAS2   268.7   72.7  1  1    0.00    0.00
AEC2    27.7   25.7 -1 -1    0.00    0.00
AID1   180.8   35.2  1  1    0.00    0.00
A08A   328.1   82.7  1  1    0.00    0.00
A10A    36.7   80.4 -1 -1    0.00    0.00
A11A   289.6   89.2  1  1    0.00    0.00
A12A   238.2   83.3 -1  1    0.00    0.00
AAS1   267.0   53.8  0  0   -0.35    1.21
AAS2   268.7   72.7  0  0    0.18    1.26
AEC2    27.7   25.7  0  0   -0.28    0.66
AID1   180.8   35.2  0  0    0.23    0.27
A08A   328.1   82.7  0  0   -0.30    1.35
A10A    36.7   80.4  0  0   -0.84    1.13
A11A   289.6   89.2  0  0    0.00    0.00
A12A   238.2   83.3  0  0   -0.04    1.42
             296  14   8   6 1
AAS1   274.7   52.5  1  1    0.00    0.00
ACC1   315.8   77.7  1 -1    0.00    0.00
AEC1   355.3   57.6 -1 -1    0.00    0.00
AEC2    20.1   31.2 -1 -1    0.00    0.00
AEC3   351.1   15.8 -1 -1    0.00    0.00
AID1   182.0   26.8  1  1    0.00    0.00
A08A   329.6   82.4 -1 -1    0.00    0.00
A10A    34.5   80.2  1  1    0.00    0.00
AAS1   274.7   52.5  0  0   -0.67    1.56
AEC1   355.3   57.6  0  0   -0.12    0.39
AEC3   351.1   15.8  0  0   -0.24    0.92
AID1   182.0   26.8  0  0    0.05    0.58
A08A   329.6   82.4  0  0   -0.28    1.33
A10A    34.5   80.2  0  0   -0.64    1.12
             297  20  10  10 1
AAS1   270.2   56.3  1  1    0.00    0.00
AAS2   270.6   75.4  1  1    0.00    0.00
AEC2    25.3   30.7 -1 -1    0.00    0.00
AEC3   352.2   12.2 -1 -1    0.00    0.00
AID1   180.0   34.3  1 -1    0.00    0.00
A07A   314.6   93.7  1  1    0.00    0.00
A08A   329.0   85.9  1  1    0.00    0.00
A10A    36.0   84.0  1  1    0.00    0.00
A13A   170.1   76.6 -1 -1    0.00    0.00
A14A   211.5   88.2  1  1    0.00    0.00
AAS1   270.2   56.3  0  0   -0.62    1.61
AAS2   270.6   75.4  0  0    0.16    1.60
AEC2    25.3   30.7  0  0   -0.95    0.53
AEC3   352.2   12.2  0  0   -0.52    1.06
AID1   180.0   34.3  0  0    0.20    0.30
A07A   314.6   93.7  0  0    0.00    0.00
A08A   329.0   85.9  0  0   -0.48    1.59
A10A    36.0   84.0  0  0   -1.10    1.35
A13A   170.1   76.6  0  0    0.00    0.00
A14A   211.5   88.2  0  0    0.05    1.98
             298  18   9   9 1
AAS1   272.1   58.9  1 -1    0.00    0.00
AEC1   354.3   62.3  1  1    0.00    0.00
AID1   183.6   33.5  1  1    0.00    0.00
A07A   314.6   95.2  1  1    0.00    0.00
A08A   328.8   88.0  1  1    0.00    0.00
A10A    34.8   85.8 -1 -1    0.00    0.00
A11A   291.0   93.2  1  1    0.00    0.00
A12A   240.3   87.4 -1 -1    0.00    0.00
A14A   212.5   89.5  1 -1    0.00    0.00
AAS1   272.1   58.9  0  0   -0.56    2.17
AEC1   354.3   62.3  0  0   -0.13    0.55
AID1   183.6   33.5  0  0   -0.13    0.33
A07A   314.6   95.2  0  0    0.00    0.00
A08A   328.8   88.0  0  0   -0.36    2.08
A10A    34.8   85.8  0  0   -1.08    1.46
A11A   291.0   93.2  0  0    0.00    0.00
A12A   240.3   87.4  0  0    0.04    2.07
A14A   212.5   89.5  0  0    0.00    0.00
             299  20  11   9 1
AAS1   270.9   56.6  1  1    0.00    0.00
AAS2   271.0   75.6  1  1    0.00    0.00
AEC1   355.4   60.0 -1 -1    0.00    0.00
AEC2    23.9   31.1 -1  1    0.00    0.00
AEC3   350.3   13.1  1  1    0.00    0.00
AID1   180.9   33.7  1  1    0.00    0.00
A05A   359.9   89.1 -1 -1    0.00    0.00
A10A    35.6   84.0  1 -1    0.00    0.00
A11A   290.8   91.9 -1  1    0.00    0.00
A12A   239.6   85.7 -1 -1    0.00    0.00
A13A   170.3   76.4 -1 -1    0.00    0.00
AAS1   270.9   56.6  0  0   -0.75    2.28
AAS2   271.0   75.6  0  0   -0.02    2.17
AEC1   355.4   60.0  0  0   -0.55    0.48
AEC3   350.3   13.1  0  0   -0.20    1.02
AID1   180.9   33.7  0  0    0.06    0.33
A05A   359.9   89.1  0  0   -0.11    2.21
A10A    35.6   84.0  0  0   -0.78    1.34
A12A   239.6   85.7  0  0    0.14    1.63
A13A   170.3   76.4  0  0   -0.41    0.99
             300  20  10  10 1
AAS1   272.8   54.6  1  1    0.00    0.00
AAS2   272.1   73.4  1  1    0.00    0.00
AEC1   355.5   59.0 -1 -1    0.00    0.00
AEC2    22.3   31.4 -1 -1    0.00    0.00
AID1   180.9   30.3  1  1    0.00    0.00
A08A   329.4   84.3  1 -1    0.00    0.00
A10A    35.1   82.2 -1 -1    0.00    0.00
A11A   291.4   90.1 -1  1    0.00    0.00
A12A   240.3   83.4 -1  1    0.00    0.00
A13A   170.1   73.6 -1 -1    0.00    0.00
AAS1   272.8   54.6  0  0   -0.60    1.79
AAS2   272.1   73.4  0  0    0.12    1.85
AEC1   355.5   59.0  0  0    0.04    0.44
AEC2    22.3   31.4  0  0   -0.67    0.51
AID1   180.9   30.3  0  0   -0.08    0.46
A08A   329.4   84.3  0  0   -0.37    1.47
A10A    35.1   82.2  0  0   -0.69    1.22
A11A   291.4   90.1  0  0    0.00    0.00
A12A   240.3   83.4  0  0    0.15    1.44
A13A   170.1   73.6  0  0   -0.21    0.89
             301  20  10  10 1
AAS1   266.3   53.5  1  1    0.00    0.00
AAS2   268.3   72.6  1  1    0.00    0.00
AEC1   355.9   54.6 -1 -1    0.00    0.00
AEC2    30.4   25.7 -1 -1    0.00    0.00
AID1   179.2   36.0  1 -1    0.00    0.00
A05A     0.2   86.2  1 -1    0.00    0.00
A07A   313.9   91.4  1  1    0.00    0.00
A08A   328.3   82.7  1  1    0.00    0.00
A11A   289.5   89.3  1  1    0.00    0.00
A12A   237.8   83.5 -1  1    0.00    0.00
AAS1   266.3   53.5  0  0   -0.59    1.34
AAS2   268.3   72.6  0  0    0.17    1.41
AEC1   355.9   54.6  0  0   -0.14    0.27
AEC2    30.4   25.7  0  0   -1.07    0.70
AID1   179.2   36.0  0  0    0.40    0.23
A05A     0.2   86.2  0  0   -0.11    1.58
A07A   313.9   91.4  0  0    0.00    0.00
A08A   328.3   82.7  0  0   -0.52    1.31
A11A   289.5   89.3  0  0    0.00    0.00
A12A   237.8   83.5  0  0   -0.06    1.38
             302  15   8   7 1
AAS2   309.1   83.5 -1 -1    0.00    0.00
ACC1   341.4   99.5  1 -1    0.00    0.00
AEC2    36.8   88.9  1  1    0.00    0.00
AEC3    35.3   80.7  1  1    0.00    0.00
AID1    69.5   64.0  1  1    0.00    0.00
A11A   310.7  103.5  1 -1    0.00    0.00
A12A   252.1   87.3  1  1    0.00    0.00
A14A   204.9   90.6  1  1    0.00    0.00
AAS2   309.1   83.5  0  0    0.17    1.44
AEC2    36.8   88.9  0  0   -0.18    1.89
AEC3    35.3   80.7  0  0   -0.27    1.15
AID1    69.5   64.0  0  0   -0.50    0.89
A11A   310.7  103.5  0  0   -0.11    0.98
A12A   252.1   87.3  0  0   -0.64    2.07
A14A   204.9   90.6  0  0    0.00    2.12
             303  18  10   8 1
AAS1   265.6   52.6  1  1    0.00    0.00
AAS2   267.9   71.7  1  1    0.00    0.00
ACC1   313.3   76.9  1  1    0.00    0.00
AEC2    32.2   24.9 -1 -1    0.00    0.00
AEC3   355.2    6.2 -1 -1    0.00    0.00
AID1   178.5   36.0 -1 -1    0.00    0.00
A08A   328.3   81.9  1 -1    0.00    0.00
A10A    37.5   79.9  1  1    0.00    0.00
A12A   237.4   82.8  1  1    0.00    0.00
A14A   210.4   85.7  1  1    0.00    0.00
AAS1   265.6   52.6  0  0   -0.63    1.32
AAS2   267.9   71.7  0  0   -0.14    1.39
AEC3   355.2    6.2  0  0   -0.71    1.37
AID1   178.5   36.0  0  0    0.12    0.23
A08A   328.3   81.9  0  0   -0.31    1.27
A10A    37.5   79.9  0  0   -0.87    1.13
A12A   237.4   82.8  0  0   -0.02    1.34
A14A   210.4   85.7  0  0   -0.02    1.57
             304  18   9   9 1
AAS1   267.7   54.1  1  1    0.00    0.00
AEC1   354.7   55.3 -1 -1    0.00    0.00
AEC2    26.0   26.0 -1 -1    0.00    0.00
AEC3   343.0    8.8 -1 -1    0.00    0.00
AID1   181.6   34.6  1 -1    0.00    0.00
A08A   328.1   82.8  1 -1    0.00    0.00
A10A    36.3   80.5  1  1    0.00    0.00
A11A   289.8   89.3  1  1    0.00    0.00
A12A   238.5   83.3  1  1    0.00    0.00
AAS1   267.7   54.1  0  0   -0.64    1.25
AEC1   354.7   55.3  0  0   -0.23    0.32
AEC2    26.0   26.0  0  0   -0.84    0.64
AEC3   343.0    8.8  0  0   -0.62    1.25
AID1   181.6   34.6  0  0    0.19    0.29
A08A   328.1   82.8  0  0   -0.33    1.34
A10A    36.3   80.5  0  0   -1.02    1.15
A11A   289.8   89.3  0  0    0.00    0.00
A12A   238.5   83.3  0  0    0.16    1.40
             305  23  12  11 1
AAS1   267.0   52.8  1  1    0.00    0.00
AAS2   268.7   71.9  1  1    0.00    0.00
ACC1   313.6   77.2  1  1    0.00    0.00
AEC1   356.0   54.3 -1 -1    0.00    0.00
AEC2    29.6   25.8 -1 -1    0.00    0.00
AID1   179.2   34.9  1  1    0.00    0.00
A07A   314.0   91.0  1  1    0.00    0.00
A08A   328.4   82.1  1  1    0.00    0.00
A10A    37.0   80.1 -1 -1    0.00    0.00
A11A   289.7   88.7  1  1    0.00    0.00
A12A   238.0   82.7 -1 -1    0.00    0.00
A14A   210.8   85.6  1 -1    0.00    0.00
AAS1   267.0   52.8  0  0   -0.78    1.18
AAS2   268.7   71.9  0  0    0.07    1.23
AEC1   356.0   54.3  0  0   -0.17    0.28
AEC2    29.6   25.8  0  0   -0.88    0.66
AID1   179.2   34.9  0  0    0.18    0.30
A07A   314.0   91.0  0  0    0.00    0.00
A08A   328.4   82.1  0  0   -0.10    1.31
A10A    37.0   80.1  0  0   -0.94    1.12
A11A   289.7   88.7  0  0    0.00    0.00
A12A   238.0   82.7  0  0    0.06    1.37
A14A   210.8   85.6  0  0    0.15    1.58
             306  20  10  10 1
AAS2   308.6   82.3  1 -1    0.00    0.00
AEC1    17.5   94.4  1  1    0.00    0.00
AEC2    35.6   86.8  1  1    0.00    0.00
AEC3    33.8   78.4  1  1    0.00    0.00
AID1    67.8   60.8  1  1    0.00    0.00
A06A   346.1  109.6  1  1    0.00    0.00
A11A   310.5  102.9 -1 -1    0.00    0.00
A12A   252.9   86.0  1  1    0.00    0.00
A13A   133.8   83.5  1 -1    0.00    0.00
A14A   206.0   88.8  1  1    0.00    0.00
AAS2   308.6   82.3  0  0    0.01    1.34
AEC1    17.5   94.4  0  0   -0.03    1.55
AEC2    35.6   86.8  0  0   -0.10    1.58
AEC3    33.8   78.4  0  0   -0.22    1.05
AID1    67.8   60.8  0  0   -0.33    0.77
A06A   346.1  109.6  0  0   -0.60    0.79
A11A   310.5  102.9  0  0   -0.07    1.02
A12A   252.9   86.0  0  0   -0.30    1.70
A13A   133.8   83.5  0  0    0.25    1.29
A14A   206.0   88.8  0  0    0.04    2.30
             307  21  11  10 1
AAS1   267.7   53.3  1  1    0.00    0.00
AAS2   269.1   72.2  1  1    0.00    0.00
ACC1   313.5   77.5  1  1    0.00    0.00
AEC2    27.0   25.9 -1 -1    0.00    0.00
AEC3   346.2    8.6 -1 -1    0.00    0.00
AID1   180.8   34.3  1 -1    0.00    0.00
A08A   328.3   82.3  1  1    0.00    0.00
A10A    36.5   80.1  1  1    0.00    0.00
A12A   238.4   82.8  1  1    0.00    0.00
A13A   170.6   74.0  1 -1    0.00    0.00
A14A   211.2   85.6  1  1    0.00    0.00
AAS1   267.7   53.3  0  0   -0.63    1.43
AAS2   269.1   72.2  0  0    0.09    1.47
AEC2    27.0   25.9  0  0   -1.03    0.67
AEC3   346.2    8.6  0  0   -0.63    1.24
AID1   180.8   34.3  0  0    0.20    0.30
A08A   328.3   82.3  0  0   -0.65    1.29
A10A    36.5   80.1  0  0   -1.20    1.14
A12A   238.4   82.8  0  0    0.01    1.34
A13A   170.6   74.0  0  0    0.00    0.00
A14A   211.2   85.6  0  0    0.07    1.55
             308  24  12  12 1
AAS1   268.2   55.2  1  1    0.00    0.00
AAS2   269.5   74.8  1  1    0.00    0.00
ACC1   314.5   80.5  1  1    0.00    0.00
AEC1   357.3   58.4 -1 -1    0.00    0.00
AEC2    30.8   29.7 -1 -1    0.00    0.00
AEC3     3.2    9.8 -1 -1    0.00    0.00
A02A   332.2   99.9 -1  1    0.00    0.00
A04A   318.5   99.5  1  1    0.00    0.00
A05A     0.7   88.7  1 -1    0.00    0.00
A07A   314.6   93.4  1  1    0.00    0.00
A08A   329.2   85.5  1  1    0.00    0.00
A13A   169.3   77.3 -1  1    0.00    0.00
AAS1   268.2   55.2  0  0   -0.72    1.25
AAS2   269.5   74.8  0  0    0.04    1.30
ACC1   314.5   80.5  0  0    0.00    0.00
AEC1   357.3   58.4  0  0   -0.23    0.43
AEC2    30.8   29.7  0  0   -0.67    0.57
AEC3     3.2    9.8  0  0   -0.29    1.16
A02A   332.2   99.9  0  0    0.00    0.00
A04A   318.5   99.5  0  0    0.00    0.00
A05A     0.7   88.7  0  0    0.00    0.00
A07A   314.6   93.4  0  0    0.00    0.00
A08A   329.2   85.5  0  0   -0.29    1.57
A13A   169.3   77.3  0  0    0.00    0.00
             309  14   8   6 1
AAS1   272.1   53.6  1  1    0.00    0.00
ACC1   314.9   78.4  1  1    0.00    0.00
AEC2    21.9   29.8 -1 -1    0.00    0.00
AEC3   349.2   13.6 -1 -1    0.00    0.00
AID1   181.8   30.1  1 -1    0.00    0.00
A10A    35.1   80.9  1  1    0.00    0.00
A11A   291.1   89.0 -1  1    0.00    0.00
A12A   240.1   82.4  1  1    0.00    0.00
AAS1   272.1   53.6  0  0   -0.88    1.86
AEC3   349.2   13.6  0  0   -0.54    1.02
AID1   181.8   30.1  0  0    0.12    0.46
A10A    35.1   80.9  0  0   -0.82    1.17
A11A   291.1   89.0  0  0    0.00    0.00
A12A   240.1   82.4  0  0   -0.07    1.32
             310  18  10   8 1
AAS1   270.9   53.6  1  1    0.00    0.00
AAS2   271.0   72.3  1  1    0.00    0.00
ACC1   314.5   78.2  1  1    0.00    0.00
AEC1   355.0   56.7 -1 -1    0.00    0.00
AEC2    23.0   28.7 -1 -1    0.00    0.00
AEC3   348.0   12.2 -1 -1    0.00    0.00
A10A    35.5   80.6  1  1    0.00    0.00
A11A   290.7   89.0 -1  1    0.00    0.00
A12A   239.7   82.6  1  1    0.00    0.00
A14A   211.9   85.2  1  1    0.00    0.00
AAS1   270.9   53.6  0  0   -0.73    1.71
AAS2   271.0   72.3  0  0    0.00    0.00
AEC1   355.0   56.7  0  0   -0.44    0.36
AEC3   348.0   12.2  0  0   -0.61    1.07
A10A    35.5   80.6  0  0   -1.00    1.16
A11A   290.7   89.0  0  0   -0.55    2.56
A12A   239.7   82.6  0  0   -0.20    1.32
A14A   211.9   85.2  0  0    0.00    0.00
             311  15   8   7 1
AAS1   270.9   53.8  1  1    0.00    0.00
AAS2   271.0   72.6  1  1    0.00    0.00
AEC1   355.0   57.0 -1 -1    0.00    0.00
AEC2    23.0   28.8 -1 -1    0.00    0.00
AEC3   348.0   12.2 -1 -1    0.00    0.00
A10A    35.5   80.9  1  1    0.00    0.00
A11A   290.7   89.2 -1  1    0.00    0.00
A12A   239.7   82.8  1  1    0.00    0.00
AAS1   270.9   53.8  0  0   -0.75    1.42
AAS2   271.0   72.6  0  0    0.00    0.00
AEC1   355.0   57.0  0  0   -0.46    0.38
AEC3   348.0   12.2  0  0   -0.65    1.08
A10A    35.5   80.9  0  0   -0.88    1.16
A11A   290.7   89.2  0  0    0.00    0.00
A12A   239.7   82.8  0  0   -0.18    1.36
             312  19  10   9 1
AAS2   271.4   72.1  1  1    0.00    0.00
AEC1   354.3   56.6 -1 -1    0.00    0.00
AEC2    20.7   28.6 -1 -1    0.00    0.00
AEC3   344.5   12.9 -1 -1    0.00    0.00
A08A   328.6   82.7 -1 -1    0.00    0.00
A10A    35.0   80.2  1  1    0.00    0.00
A11A   290.8   88.7 -1  1    0.00    0.00
A12A   240.1   82.2  1  1    0.00    0.00
A13A   171.0   72.2 -1  1    0.00    0.00
A14A   212.3   84.8  1  1    0.00    0.00
AAS2   271.4   72.1  0  0   -0.09    1.40
AEC1   354.3   56.6  0  0   -0.47    0.37
AEC3   344.5   12.9  0  0   -0.60    1.07
A08A   328.6   82.7  0  0    0.06    1.33
A10A    35.0   80.2  0  0   -0.99    1.13
A11A   290.8   88.7  0  0   -0.54    2.52
A12A   240.1   82.2  0  0   -0.16    1.31
A13A   171.0   72.2  0  0    0.00    0.00
A14A   212.3   84.8  0  0    0.00    0.00
             313  18   9   9 1
AAS1   266.4   52.0  1  1    0.00    0.00
AAS2   268.3   70.6  1  1    0.00    0.00
AEC2    27.4   23.6 -1 -1    0.00    0.00
AEC3   339.6    7.0 -1 -1    0.00    0.00
AID1   181.5   34.1 -1 -1    0.00    0.00
A08A   327.8   80.6  1  1    0.00    0.00
A10A    36.7   78.2 -1  1    0.00    0.00
A11A   289.4   87.2 -1  1    0.00    0.00
A12A   238.1   81.4  1  1    0.00    0.00
AAS1   266.4   52.0  0  0   -0.55    1.55
AAS2   268.3   70.6  0  0    0.00    0.00
AEC2    27.4   23.6  0  0   -1.06    0.75
AEC3   339.6    7.0  0  0   -0.67    1.34
AID1   181.5   34.1  0  0    0.03    0.31
A08A   327.8   80.6  0  0   -0.38    1.20
A10A    36.7   78.2  0  0   -0.89    1.05
A11A   289.4   87.2  0  0   -0.29    1.88
A12A   238.1   81.4  0  0   -0.11    1.27
             314  15   8   7 1
AAS1   274.7   57.0  1 -1    0.00    0.00
AEC1   355.3   62.2  1 -1    0.00    0.00
AEC2    20.1   34.5 -1 -1    0.00    0.00
AEC3   351.1   17.7 -1 -1    0.00    0.00
AID1   182.0   29.8  1  1    0.00    0.00
A05A   359.7   90.0  1  1    0.00    0.00
A10A    34.5   84.6  1  1    0.00    0.00
A11A   291.9   92.1 -1 -1    0.00    0.00
AAS1   274.7   57.0  0  0   -0.45    1.92
AEC1   355.3   62.2  0  0   -0.29    0.56
AEC3   351.1   17.7  0  0   -0.05    0.88
AID1   182.0   29.8  0  0    0.00    0.48
A05A   359.7   90.0  0  0    0.00    0.00
A10A    34.5   84.6  0  0   -0.34    1.37
A11A   291.9   92.1  0  0    0.00    0.00
             315  14   8   6 1
AAS1   265.6   52.3  1  1    0.00    0.00
AAS2   267.9   71.5 -1  1    0.00    0.00
ACC1   313.3   76.6  1  1    0.00    0.00
AEC1   356.3   53.2 -1 -1    0.00    0.00
AEC2    32.2   24.8 -1 -1    0.00    0.00
AID1   178.5   35.9  1  1    0.00    0.00
A10A    37.5   79.7  1 -1    0.00    0.00
A11A   289.4   88.3  1  1    0.00    0.00
AAS1   265.6   52.3  0  0   -0.57    1.18
AAS2   267.9   71.5  0  0    0.02    1.23
AEC1   356.3   53.2  0  0   -0.29    0.23
AID1   178.5   35.9  0  0   -0.09    0.26
A10A    37.5   79.7  0  0   -0.98    1.10
A11A   289.4   88.3  0  0    0.00    0.00
             316  21  11  10 1
AAS1   267.6   52.3  1  1    0.00    0.00
AAS2   269.1   71.3  1  1    0.00    0.00
AEC1   355.6   54.0 -1 -1    0.00    0.00
AEC2    27.9   25.7 -1 -1    0.00    0.00
AEC3   349.6    8.3 -1 -1    0.00    0.00
AID1   180.0   33.7  1 -1    0.00    0.00
A07A   314.1   90.5  1  1    0.00    0.00
A08A   328.4   81.6  1  1    0.00    0.00
A10A    36.7   79.5 -1  1    0.00    0.00
A11A   289.9   88.1  1  1    0.00    0.00
A12A   238.3   82.1  1  1    0.00    0.00
AAS1   267.6   52.3  0  0   -0.76    1.42
AAS2   269.1   71.3  0  0    0.04    1.45
AEC1   355.6   54.0  0  0   -0.38    0.24
AEC3   349.6    8.3  0  0   -0.74    1.25
AID1   180.0   33.7  0  0   -0.10    0.33
A07A   314.1   90.5  0  0    0.00    0.00
A08A   328.4   81.6  0  0   -0.42    1.25
A10A    36.7   79.5  0  0   -0.91    1.11
A11A   289.9   88.1  0  0    0.00    0.00
A12A   238.3   82.1  0  0    0.00    1.29
             317  19  10   9 1
AAS1   270.2   58.3  1  1    0.00    0.00
AAS2   270.6   76.8  1  1    0.00    0.00
AEC2    20.8   30.1 -1 -1    0.00    0.00
AEC3   340.2   13.1 -1 -1    0.00    0.00
AID1   184.2   34.8  1 -1    0.00    0.00
A08A   328.2   86.8  1 -1    0.00    0.00
A10A    35.2   84.4  1  1    0.00    0.00
A12A   239.7   86.7 -1  1    0.00    0.00
A13A   171.4   77.1 -1 -1    0.00    0.00
A14A   212.2   88.9  1  1    0.00    0.00
AAS1   270.2   58.3  0  0   -0.50    1.61
AAS2   270.6   76.8  0  0   -0.01    1.61
AEC3   340.2   13.1  0  0   -0.57    1.06
AID1   184.2   34.8  0  0   -0.01    0.27
A08A   328.2   86.8  0  0   -0.52    1.72
A10A    35.2   84.4  0  0   -1.11    1.38
A12A   239.7   86.7  0  0   -0.26    1.73
A13A   171.4   77.1  0  0    0.00    0.00
A14A   212.2   88.9  0  0    0.00    2.30
             318  21  11  10 1
AAS1   272.1   57.1  1  1    0.00    0.00
AAS2   271.7   75.4  1  1    0.00    0.00
ACC1   314.4   81.1 -1 -1    0.00    0.00
AEC2    18.5   30.9 -1 -1    0.00    0.00
AEC3   341.3   14.9 -1 -1    0.00    0.00
AID1   185.4   31.9  1 -1    0.00    0.00
A08A   328.5   85.6  1 -1    0.00    0.00
A10A    34.5   82.9  1  1    0.00    0.00
A11A   290.9   91.5  1  1    0.00    0.00
A12A   240.5   85.0 -1  1    0.00    0.00
A13A   171.4   74.9  1  1    0.00    0.00
AAS1   272.1   57.1  0  0   -0.49    1.94
AAS2   271.7   75.4  0  0    0.06    1.81
ACC1   314.4   81.1  0  0    0.00    0.00
AEC3   341.3   14.9  0  0   -0.61    0.99
AID1   185.4   31.9  0  0    0.02    0.40
A08A   328.5   85.6  0  0   -0.32    1.55
A10A    34.5   82.9  0  0   -1.04    1.28
A11A   290.9   91.5  0  0    0.00    0.00
A12A   240.5   85.0  0  0   -0.22    1.51
A13A   171.4   74.9  0  0    0.00    0.00
             319  21  11  10 1
AAS1   357.3   31.6  1 -1    0.00    0.00
ACC1   348.3   60.9  1  1    0.00    0.00
AEC1    22.5   57.6 -1 -1    0.00    0.00
AEC2    38.7   50.1 -1 -1    0.00    0.00
AEC3    37.9   43.5 -1 -1    0.00    0.00
AID1    62.7   32.9  1 -1    0.00    0.00
A05A    14.1   75.7  1  1    0.00    0.00
A08A   354.5   68.3  1  1    0.00    0.00
A11A   317.3   65.5  1 -1    0.00    0.00
A12A   259.2   34.5  1  1    0.00    0.00
A14A   199.4   39.4  1  1    0.00    0.00
AAS1   357.3   31.6  0  0   -0.69    0.42
AEC1    22.5   57.6  0  0   -0.33    0.41
AEC2    38.7   50.1  0  0   -1.02    0.38
AEC3    37.9   43.5  0  0   -0.71    0.39
AID1    62.7   32.9  0  0   -0.11    0.91
A05A    14.1   75.7  0  0    0.60    0.96
A08A   354.5   68.3  0  0   -0.33    0.73
A11A   317.3   65.5  0  0    0.00    0.00
A12A   259.2   34.5  0  0   -0.13    1.23
A14A   199.4   39.4  0  0    0.16    0.18
             320  16   8   8 1
AAS1   258.1   73.1  1  1    0.00    0.00
AAS2   260.5   78.8  1  1    0.00    0.00
AEC1   280.7   61.8 -1  1    0.00    0.00
AEC2   262.8   56.9 -1  1    0.00    0.00
A08A   292.5   77.1  1  1    0.00    0.00
A10A   324.2   45.7  1  1    0.00    0.00
A12A   245.8   83.2  1  1    0.00    0.00
A13A   217.5   71.3  1  1    0.00    0.00
AAS1   258.1   73.1  0  0   -0.89    1.07
AAS2   260.5   78.8  0  0   -0.03    1.22
AEC1   280.7   61.8  0  0    0.07    1.45
AEC2   262.8   56.9  0  0   -0.89    1.16
A08A   292.5   77.1  0  0   -0.31    1.14
A10A   324.2   45.7  0  0   -0.63    0.49
A12A   245.8   83.2  0  0   -0.10    1.37
A13A   217.5   71.3  0  0    0.10    0.85
             321  14   8   6 1
AAS1   269.6   51.7  1  1    0.00    0.00
ACC1   313.8   75.7  1 -1    0.00    0.00
AEC1   354.1   53.5 -1 -1    0.00    0.00
AEC2    22.3   25.6 -1 -1    0.00    0.00
AEC3   341.4   10.4 -1 -1    0.00    0.00
AID1   183.3   30.7 -1 -1    0.00    0.00
A08A   328.2   80.5 -1 -1    0.00    0.00
A10A    35.5   78.0  1  1    0.00    0.00
AAS1   269.6   51.7  0  0   -0.61    1.36
AEC1   354.1   53.5  0  0   -0.23    0.25
AEC3   341.4   10.4  0  0   -0.61    1.18
AID1   183.3   30.7  0  0    0.14    0.44
A08A   328.2   80.5  0  0   -0.05    1.20
A10A    35.5   78.0  0  0   -0.71    1.04
             322  18   9   9 1
AAS1   272.7   58.3  1  1    0.00    0.00
AAS2   272.1   76.6  1  1    0.00    0.00
AEC1   353.6   61.5  1 -1    0.00    0.00
AEC2    18.1   32.4 -1 -1    0.00    0.00
AEC3   342.2   16.1 -1 -1    0.00    0.00
AID1   185.5   32.1  1 -1    0.00    0.00
A10A    34.3   84.4  1  1    0.00    0.00
A12A   240.7   86.2 -1  1    0.00    0.00
A13A   171.4   76.0  1  1    0.00    0.00
AAS1   272.7   58.3  0  0   -0.74    2.12
AAS2   272.1   76.6  0  0    0.12    1.90
AEC1   353.6   61.5  0  0   -0.17    0.53
AEC2    18.1   32.4  0  0   -0.53    0.43
AEC3   342.2   16.1  0  0   -0.66    0.95
AID1   185.5   32.1  0  0    0.32    0.39
A10A    34.3   84.4  0  0   -0.97    1.39
A12A   240.7   86.2  0  0   -0.21    1.64
A13A   171.4   76.0  0  0    0.00    0.00
             323  16   8   8 1
AAS1   263.7   54.8  1  1    0.00    0.00
AEC1   356.2   54.5 -1 -1    0.00    0.00
AEC2    35.0   24.6 -1 -1    0.00    0.00
AEC3   352.6    4.3 -1 -1    0.00    0.00
AID1   178.6   39.5  1 -1    0.00    0.00
A08A   327.9   83.6  1  1    0.00    0.00
A10A    38.1   81.7  1  1    0.00    0.00
A12A   236.8   85.0 -1  1    0.00    0.00
AAS1   263.7   54.8  0  0   -0.47    1.22
AEC1   356.2   54.5  0  0   -0.32    0.26
AEC2    35.0   24.6  0  0   -0.74    0.76
AEC3   352.6    4.3  0  0   -0.35    1.54
AID1   178.6   39.5  0  0    0.07    0.03
A08A   327.9   83.6  0  0   -0.06    1.37
A10A    38.1   81.7  0  0   -0.46    1.22
A12A   236.8   85.0  0  0    0.13    1.51
             324  20  10  10 1
AAS1   270.2   58.6  1  1    0.00    0.00
AAS2   270.6   76.9  1  1    0.00    0.00
ACC1   313.7   82.4 -1  1    0.00    0.00
AEC2    19.9   30.0 -1 -1    0.00    0.00
AEC3   338.0   13.3 -1 -1    0.00    0.00
A05A   359.1   89.5  1  1    0.00    0.00
A07A   314.1   94.4  1 -1    0.00    0.00
A08A   328.0   86.8  1  1    0.00    0.00
A10A    35.0   84.3  1  1    0.00    0.00
A14A   212.4   88.9  1  1    0.00    0.00
AAS1   270.2   58.6  0  0   -0.56    1.41
AAS2   270.6   76.9  0  0   -0.03    1.42
ACC1   313.7   82.4  0  0    0.00    0.00
AEC2    19.9   30.0  0  0   -1.01    0.50
AEC3   338.0   13.3  0  0   -0.63    1.08
A05A   359.1   89.5  0  0   -0.10    2.62
A07A   314.1   94.4  0  0    0.00    0.00
A08A   328.0   86.8  0  0   -0.60    1.75
A10A    35.0   84.3  0  0   -0.88    1.37
A14A   212.4   88.9  0  0   -0.10    2.37
             325  15   9   6 1
AAS1   275.2   58.4  1  1    0.00    0.00
AAS2   273.6   76.8  1  1    0.00    0.00
ACC1   315.6   83.2  1  1    0.00    0.00
AEC2    17.4   35.1 -1 -1    0.00    0.00
AEC3   346.7   19.0 -1 -1    0.00    0.00
A05A   359.3   90.7  1  1    0.00    0.00
A10A    33.9   85.3  1  1    0.00    0.00
A11A   291.9   92.7 -1  1    0.00    0.00
A13A   170.9   75.4  1  1    0.00    0.00
AAS1   275.2   58.4  0  0   -0.58    1.92
AAS2   273.6   76.8  0  0   -0.09    1.62
AEC3   346.7   19.0  0  0   -0.46    0.86
A10A    33.9   85.3  0  0   -1.08    1.44
A11A   291.9   92.7  0  0    0.00    0.00
A13A   170.9   75.4  0  0    0.00    0.00
             326  20  11   9 1
AAS1   272.1   58.0  1  1    0.00    0.00
ACC1   314.8   82.8  1 -1    0.00    0.00
AEC1   354.7   61.7 -1 -1    0.00    0.00
AEC2    21.1   32.6 -1 -1    0.00    0.00
AEC3   347.2   15.1 -1  1    0.00    0.00
AID1   182.8   33.1  1  1    0.00    0.00
A08A   328.9   87.3 -1 -1    0.00    0.00
A10A    35.0   85.2 -1 -1    0.00    0.00
A11A   291.1   92.7  1  1    0.00    0.00
A12A   240.2   86.7 -1  1    0.00    0.00
A13A   170.7   76.9 -1 -1    0.00    0.00
AAS1   272.1   58.0  0  0   -0.52    1.90
AEC1   354.7   61.7  0  0   -0.43    0.53
AEC3   347.2   15.1  0  0   -0.00    0.95
AID1   182.8   33.1  0  0    0.01    0.36
A08A   328.9   87.3  0  0   -0.29    1.88
A10A    35.0   85.2  0  0   -0.66    1.41
A11A   291.1   92.7  0  0    0.00    0.00
A12A   240.2   86.7  0  0   -0.09    1.83
A13A   170.7   76.9  0  0   -0.20    1.00
             327  17   9   8 1
AAS1   273.9   59.5  1  1    0.00    0.00
AEC1   353.7   63.4 -1 -1    0.00    0.00
AEC2    17.3   34.4 -1 -1    0.00    0.00
AEC3   343.8   18.0 -1 -1    0.00    0.00
AID1   185.8   31.6  1  1    0.00    0.00
A05A   359.1   91.1  1 -1    0.00    0.00
A10A    34.0   86.0 -1  1    0.00    0.00
A11A   291.5   93.4 -1 -1    0.00    0.00
A12A   241.2   87.4  1  1    0.00    0.00
AAS1   273.9   59.5  0  0   -0.62    1.69
AEC1   353.7   63.4  0  0   -0.48    0.60
AEC3   343.8   18.0  0  0    0.06    0.90
AID1   185.8   31.6  0  0    0.00    0.00
A05A   359.1   91.1  0  0    0.00    0.00
A10A    34.0   86.0  0  0   -0.60    1.49
A11A   291.5   93.4  0  0    0.00    0.00
A12A   241.2   87.4  0  0    0.01    2.02
             328  16   9   7 1
AAS1   272.1   59.2  1  1    0.00    0.00
AAS2   271.7   78.0  1  1    0.00    0.00
ACC1   314.8   84.1  1  1    0.00    0.00
AEC1   354.7   62.8 -1 -1    0.00    0.00
AEC2    21.1   33.4 -1 -1    0.00    0.00
AID1   182.8   33.9  1  1    0.00    0.00
A10A    35.0   86.6 -1 -1    0.00    0.00
A12A   240.2   88.0  1  1    0.00    0.00
A13A   170.7   78.1  1 -1    0.00    0.00
AAS1   272.1   59.2  0  0   -0.43    1.47
AAS2   271.7   78.0  0  0    0.29    1.44
AEC1   354.7   62.8  0  0   -0.39    0.58
AID1   182.8   33.9  0  0    0.04    0.32
A10A    35.0   86.6  0  0   -0.64    1.54
A12A   240.2   88.0  0  0   -0.03    2.28
A13A   170.7   78.1  0  0    0.00    0.00
             329  18   9   9 1
AAS1   276.5   56.8  1  1    0.00    0.00
AAS2   274.3   75.3  1  1    0.00    0.00
AEC1   355.0   62.7 -1 -1    0.00    0.00
AEC2    18.1   35.7 -1 -1    0.00    0.00
AEC3   350.6   19.7 -1 -1    0.00    0.00
AID1   183.3   27.4  1  1    0.00    0.00
A05A   359.6   90.2  1 -1    0.00    0.00
A11A   292.4   91.8 -1  1    0.00    0.00
A12A   241.9   84.7 -1  1    0.00    0.00
AAS1   276.5   56.8  0  0   -0.62    2.45
AAS2   274.3   75.3  0  0    0.00    0.00
AEC1   355.0   62.7  0  0   -0.21    0.57
AEC2    18.1   35.7  0  0   -0.86    0.28
AEC3   350.6   19.7  0  0   -0.54    0.82
AID1   183.3   27.4  0  0   -0.09    0.56
A05A   359.6   90.2  0  0    0.00    0.00
A11A   292.4   91.8  0  0    0.00    0.00
A12A   241.9   84.7  0  0   -0.09    1.55
             330  24  12  12 1
AAS1   275.9   58.5  1  1    0.00    0.00
AAS2   274.0   77.2  1  1    0.00    0.00
AEC1   355.0   64.1 -1 -1    0.00    0.00
AEC2    18.5   36.4 -1 -1    0.00    0.00
AID1   183.2   29.2 -1  1    0.00    0.00
A05A   359.6   91.4 -1 -1    0.00    0.00
A07A   315.5   95.2  1  1    0.00    0.00
A09A   303.3   99.9  1  1    0.00    0.00
A10A    34.0   86.2 -1 -1    0.00    0.00
A11A   292.2   93.1  1  1    0.00    0.00
A12A   241.6   86.7 -1  1    0.00    0.00
A14A   213.1   88.8  1 -1    0.00    0.00
AAS1   275.9   58.5  0  0   -0.73    1.82
AAS2   274.0   77.2  0  0    0.21    1.55
AEC1   355.0   64.1  0  0    0.04    0.62
AEC2    18.5   36.4  0  0   -0.61    0.24
AID1   183.2   29.2  0  0   -0.10    0.50
A05A   359.6   91.4  0  0   -0.67    1.98
A07A   315.5   95.2  0  0    0.00    0.00
A09A   303.3   99.9  0  0    0.00    0.00
A10A    34.0   86.2  0  0   -0.76    1.50
A11A   292.2   93.1  0  0    0.00    0.00
A12A   241.6   86.7  0  0   -0.04    1.86
A14A   213.1   88.8  0  0   -0.03    2.49
             331  21  11  10 1
AAS1   275.2   57.6  1  1    0.00    0.00
AAS2   273.6   76.1  1  1    0.00    0.00
AEC1   354.6   62.6 -1 -1    0.00    0.00
AEC2    18.2   34.8 -1 -1    0.00    0.00
AEC3   348.3   18.6 -1 -1    0.00    0.00
AID1   184.1   29.1  1  1    0.00    0.00
A05A   359.4   90.3 -1 -1    0.00    0.00
A07A   315.3   94.3  1 -1    0.00    0.00
A08A   329.4   86.9 -1 -1    0.00    0.00
A10A    34.0   84.6 -1 -1    0.00    0.00
A11A   292.0   92.2 -1  1    0.00    0.00
AAS1   275.2   57.6  0  0   -0.61    1.51
AAS2   273.6   76.1  0  0    0.26    1.62
AEC1   354.6   62.6  0  0   -0.27    0.56
AEC3   348.3   18.6  0  0   -0.06    0.84
AID1   184.1   29.1  0  0    0.08    0.50
A05A   359.4   90.3  0  0   -0.38    2.66
A07A   315.3   94.3  0  0    0.00    0.00
A08A   329.4   86.9  0  0   -0.22    1.80
A10A    34.0   84.6  0  0   -0.58    1.37
A11A   292.0   92.2  0  0    0.00    0.00
             332  20  10  10 1
AAS1   275.3   56.7  1  1    0.00    0.00
AAS2   273.6   75.3  1  1    0.00    0.00
AEC1   355.0   62.0 -1 -1    0.00    0.00
AEC2    18.9   34.5 -1 -1    0.00    0.00
AEC3   349.8   18.2 -1 -1    0.00    0.00
AID1   183.1   28.7  1  1    0.00    0.00
A08A   329.6   86.3 -1 -1    0.00    0.00
A10A    34.2   84.0 -1 -1    0.00    0.00
A11A   292.0   91.7  1  1    0.00    0.00
A12A   241.4   84.8 -1  1    0.00    0.00
AAS1   275.3   56.7  0  0   -0.57    1.85
AAS2   273.6   75.3  0  0    0.30    1.58
AEC1   355.0   62.0  0  0   -0.47    0.55
AEC2    18.9   34.5  0  0   -0.90    0.33
AEC3   349.8   18.2  0  0   -0.05    0.87
AID1   183.1   28.7  0  0    0.04    0.51
A08A   329.6   86.3  0  0   -0.28    1.71
A10A    34.2   84.0  0  0   -0.64    1.33
A11A   292.0   91.7  0  0    0.00    0.00
A12A   241.4   84.8  0  0    0.06    1.57
             333  15   8   7 1
AAS1   275.5   55.3  1  1    0.00    0.00
AAS2   273.7   74.5  1  1    0.00    0.00
AEC1   356.9   61.9 -1 -1    0.00    0.00
AEC2    22.8   35.3  1 -1    0.00    0.00
AEC3   358.3   18.0 -1 -1    0.00    0.00
A08A   330.4   86.1  1 -1    0.00    0.00
A12A   240.9   84.4 -1  1    0.00    0.00
A14A   212.3   87.0  1  1    0.00    0.00
AAS1   275.5   55.3  0  0   -0.30    2.12
AAS2   273.7   74.5  0  0    0.00    0.00
AEC1   356.9   61.9  0  0    0.14    0.54
AEC3   358.3   18.0  0  0   -0.58    0.85
A08A   330.4   86.1  0  0    0.00    0.00
A12A   240.9   84.4  0  0   -0.23    1.45
A14A   212.3   87.0  0  0   -0.22    1.72
             334  24  12  12 1
AAS1   273.4   57.8  1  1    0.00    0.00
AAS2   272.5   76.5  1  1    0.00    0.00
AEC1   354.8   62.1 -1 -1    0.00    0.00
AEC2    20.1   33.6 -1 -1    0.00    0.00
AEC3   348.4   16.5 -1 -1    0.00    0.00
AID1   182.9   31.5  1  1    0.00    0.00
A08A   329.2   87.2  1 -1    0.00    0.00
A10A    34.6   85.0 -1  1    0.00    0.00
A11A   291.5   92.5 -1  1    0.00    0.00
A12A   240.7   86.3  1  1    0.00    0.00
A13A   170.6   76.1 -1 -1    0.00    0.00
A14A   212.6   88.5  1  1    0.00    0.00
AAS1   273.4   57.8  0  0   -0.39    1.60
AAS2   272.5   76.5  0  0    0.34    1.49
AEC1   354.8   62.1  0  0   -0.38    0.56
AEC2    20.1   33.6  0  0   -0.44    0.37
AEC3   348.4   16.5  0  0    0.06    0.93
AID1   182.9   31.5  0  0    0.10    0.41
A08A   329.2   87.2  0  0   -0.26    1.88
A10A    34.6   85.0  0  0   -0.65    1.40
A11A   291.5   92.5  0  0    0.00    0.00
A12A   240.7   86.3  0  0   -0.06    1.77
A13A   170.6   76.1  0  0    0.00    0.00
A14A   212.6   88.5  0  0   -0.13    2.26
             335  22  11  11 1
AAS1   281.2   58.5  1  1    0.00    0.00
AAS2   277.4   75.4  1  1    0.00    0.00
AEC2     8.6   38.7 -1 -1    0.00    0.00
AEC3   342.1   26.1 -1  1    0.00    0.00
AID1   198.1   21.3  1  1    0.00    0.00
A05A   358.1   89.6  1 -1    0.00    0.00
A10A    30.9   83.2 -1 -1    0.00    0.00
A11A   293.5   91.1  1  1    0.00    0.00
A12A   244.9   83.5 -1 -1    0.00    0.00
A13A   172.5   69.8 -1 -1    0.00    0.00
A14A   216.0   85.2  1 -1    0.00    0.00
AAS1   281.2   58.5  0  0   -1.06    1.19
AAS2   277.4   75.4  0  0    0.00    0.00
AEC2     8.6   38.7  0  0   -0.30    0.10
AEC3   342.1   26.1  0  0   -0.31    0.64
AID1   198.1   21.3  0  0   -0.05    0.78
A05A   358.1   89.6  0  0    0.00    0.00
A10A    30.9   83.2  0  0   -0.89    1.29
A11A   293.5   91.1  0  0    0.00    0.00
A12A   244.9   83.5  0  0   -0.34    1.43
A13A   172.5   69.8  0  0   -0.15    0.77
A14A   216.0   85.2  0  0   -0.25    1.54
             336  23  12  11 1
AAS1   271.5   55.4  1 -1    0.00    0.00
AAS2   271.3   73.7  1 -1    0.00    0.00
ACC1   314.3   79.5 -1 -1    0.00    0.00
AEC1   353.9   58.1  1  1    0.00    0.00
AEC2    19.8   29.4 -1  1    0.00    0.00
AEC3   342.4   13.5 -1 -1    0.00    0.00
AID1   184.4   31.5  1  1    0.00    0.00
A08A   328.5   84.1  1  1    0.00    0.00
A11A   290.8   90.1 -1 -1    0.00    0.00
A12A   240.2   83.6 -1 -1    0.00    0.00
A13A   171.2   73.7  1  1    0.00    0.00
A14A   212.5   86.1  1  1    0.00    0.00
AAS1   271.5   55.4  0  0   -0.66    1.53
AAS2   271.3   73.7  0  0   -0.10    1.48
ACC1   314.3   79.5  0  0    0.00    0.00
AEC1   353.9   58.1  0  0   -0.24    0.43
AEC3   342.4   13.5  0  0   -0.48    1.05
AID1   184.4   31.5  0  0   -0.18    0.41
A08A   328.5   84.1  0  0   -0.38    1.45
A11A   290.8   90.1  0  0    0.00    0.00
A12A   240.2   83.6  0  0   -0.29    1.45
A13A   171.2   73.7  0  0    0.00    0.00
A14A   212.5   86.1  0  0   -0.33    1.65
             337  28  14  14 1
AAS1   275.3   57.9  1  1    0.00    0.00
AAS2   273.6   76.5  1  1    0.00    0.00
AEC1   355.0   63.2 -1 -1    0.00    0.00
AEC2    18.9   35.4 -1 -1    0.00    0.00
AEC3   349.8   18.8 -1 -1    0.00    0.00
AID1   183.1   29.5  1  1    0.00    0.00
A03A   350.1   98.0  1 -1    0.00    0.00
A05A   359.6   90.7 -1 -1    0.00    0.00
A07A   315.4   94.7 -1 -1    0.00    0.00
A08A   329.6   87.5 -1 -1    0.00    0.00
A09A   303.2   99.5 -1 -1    0.00    0.00
A10A    34.2   85.4 -1 -1    0.00    0.00
A11A   292.0   92.6  1  1    0.00    0.00
A12A   241.4   86.1 -1  1    0.00    0.00
AAS1   275.3   57.9  0  0   -0.37    1.50
AAS2   273.6   76.5  0  0    0.21    1.61
AEC1   355.0   63.2  0  0   -0.33    0.58
AEC2    18.9   35.4  0  0   -0.73    0.36
AEC3   349.8   18.8  0  0   -0.09    0.83
AID1   183.1   29.5  0  0    0.06    0.49
A03A   350.1   98.0  0  0    0.00    0.00
A05A   359.6   90.7  0  0   -0.51    2.27
A07A   315.4   94.7  0  0    0.00    0.00
A08A   329.6   87.5  0  0   -0.21    1.93
A09A   303.2   99.5  0  0    0.00    0.00
A10A    34.2   85.4  0  0   -0.31    1.43
A11A   292.0   92.6  0  0    0.00    0.00
A12A   241.4   86.1  0  0   -0.00    1.73
             338  16   8   8 1
AAS1   278.8   58.1  1 -1    0.00    0.00
AAS2   275.8   76.1 -1 -1    0.00    0.00
AEC1   354.2   64.4  1  1    0.00    0.00
AEC3   348.0   22.9 -1 -1    0.00    0.00
AID1   187.2   25.0  1 -1    0.00    0.00
A05A   359.1   91.2  1  1    0.00    0.00
A12A   243.1   85.0  1  1    0.00    0.00
A14A   214.3   87.1  1  1    0.00    0.00
AAS1   278.8   58.1  0  0   -0.49    1.94
AAS2   275.8   76.1  0  0    0.00    0.00
AEC1   354.2   64.4  0  0   -0.39    0.62
AEC3   348.0   22.9  0  0   -0.42    0.73
AID1   187.2   25.0  0  0    0.12    0.63
A05A   359.1   91.2  0  0    0.00    0.00
A12A   243.1   85.0  0  0   -0.17    1.54
A14A   214.3   87.1  0  0    0.00    0.00
             339  18   9   9 1
AAS1   269.0   56.9  1  1    0.00    0.00
AAS2   269.9   75.1  1  1    0.00    0.00
AEC1   353.2   57.9 -1 -1    0.00    0.00
AEC2    20.9   27.6 -1 -1    0.00    0.00
AEC3   335.1   11.3 -1 -1    0.00    0.00
AID1   184.9   34.8  1  1    0.00    0.00
A11A   290.0   91.1 -1  1    0.00    0.00
A12A   239.3   85.1 -1  1    0.00    0.00
A14A   212.1   87.5  1  1    0.00    0.00
AAS1   269.0   56.9  0  0   -0.66    1.31
AAS2   269.9   75.1  0  0    0.00    0.00
AEC1   353.2   57.9  0  0   -0.04    0.42
AEC2    20.9   27.6  0  0   -0.80    0.58
AEC3   335.1   11.3  0  0   -0.38    1.17
AID1   184.9   34.8  0  0    0.25    0.28
A11A   290.0   91.1  0  0   -0.66    1.83
A12A   239.3   85.1  0  0   -0.36    1.56
A14A   212.1   87.5  0  0   -0.19    1.86
             340  24  12  12 1
AAS1   269.0   58.0  1  1    0.00    0.00
AAS2   269.9   76.1  1  1    0.00    0.00
AEC2    19.9   27.9 -1 -1    0.00    0.00
AEC3   332.6   11.8 -1 -1    0.00    0.00
AID1   185.7   35.5  1  1    0.00    0.00
A06A   332.2   95.5 -1  1    0.00    0.00
A07A   313.7   93.7  1  1    0.00    0.00
A08A   327.6   85.7  1  1    0.00    0.00
A10A    35.2   83.0 -1 -1    0.00    0.00
A12A   239.4   86.0 -1 -1    0.00    0.00
A13A   172.0   76.6  1  1    0.00    0.00
A14A   212.3   88.3  1 -1    0.00    0.00
AAS1   269.0   58.0  0  0   -0.40    1.65
AAS2   269.9   76.1  0  0   -0.12    1.72
AEC2    19.9   27.9  0  0   -0.71    0.58
AEC3   332.6   11.8  0  0   -0.49    1.14
AID1   185.7   35.5  0  0    0.31    0.25
A06A   332.2   95.5  0  0    0.00    0.00
A07A   313.7   93.7  0  0    0.00    0.00
A08A   327.6   85.7  0  0   -0.63    1.59
A10A    35.2   83.0  0  0   -0.96    1.27
A12A   239.4   86.0  0  0   -0.25    1.67
A13A   172.0   76.6  0  0   -0.13    1.00
A14A   212.3   88.3  0  0   -0.18    2.09
             341  19  10   9 1
AAS1   269.6   56.9  1  1    0.00    0.00
AAS2   270.2   74.9  1  1    0.00    0.00
ACC1   313.2   80.1  1  1    0.00    0.00
AEC2    18.4   27.6 -1 -1    0.00    0.00
AEC3   332.1   12.3 -1 -1    0.00    0.00
AID1   186.6   33.9  1 -1    0.00    0.00
A05A   358.7   87.5  1  1    0.00    0.00
A06A   332.1   94.7  1  1    0.00    0.00
A08A   327.6   84.6  1  1    0.00    0.00
A12A   239.7   84.7 -1  1    0.00    0.00
AAS1   269.6   56.9  0  0   -0.40    1.83
AAS2   270.2   74.9  0  0   -0.05    1.90
AEC2    18.4   27.6  0  0   -0.85    0.59
AEC3   332.1   12.3  0  0   -0.49    1.12
AID1   186.6   33.9  0  0    0.24    0.32
A05A   358.7   87.5  0  0   -0.03    1.76
A06A   332.1   94.7  0  0    0.00    0.00
A08A   327.6   84.6  0  0   -0.48    1.47
A12A   239.7   84.7  0  0   -0.20    1.51
             342  18  10   8 1
AAS1   273.2   56.8  1  1    0.00    0.00
AAS2   272.4   74.6  1  1    0.00    0.00
ACC1   314.3   80.3  1  1    0.00    0.00
AEC2    15.0   30.9 -1 -1    0.00    0.00
AEC3   337.8   16.4 -1 -1    0.00    0.00
AID1   188.5   30.0  1 -1    0.00    0.00
A10A    33.7   81.8  1  1    0.00    0.00
A11A   291.2   90.5  1  1    0.00    0.00
A12A   241.2   84.0 -1  1    0.00    0.00
A14A   213.5   86.2  1  1    0.00    0.00
AAS1   273.2   56.8  0  0   -0.49    1.63
AAS2   272.4   74.6  0  0    0.00    0.00
AEC3   337.8   16.4  0  0   -0.22    0.97
AID1   188.5   30.0  0  0    0.08    0.47
A10A    33.7   81.8  0  0   -0.95    1.22
A11A   291.2   90.5  0  0    0.00    0.00
A12A   241.2   84.0  0  0   -0.14    1.44
A14A   213.5   86.2  0  0   -0.07    1.63
             343  18  10   8 1
AAS1   267.7   56.3  1  1    0.00    0.00
AAS2   269.1   74.8  1  1    0.00    0.00
ACC1   313.1   79.9  1  1    0.00    0.00
AEC1   353.9   57.0 -1 -1    0.00    0.00
AEC2    24.1   26.7 -1 -1    0.00    0.00
AEC3   337.0    9.5 -1 -1    0.00    0.00
AID1   183.1   36.0  1 -1    0.00    0.00
A10A    36.0   82.0  1  1    0.00    0.00
A11A   289.7   91.0  1  1    0.00    0.00
A12A   238.7   85.1 -1  1    0.00    0.00
AAS1   267.7   56.3  0  0   -0.51    1.25
AAS2   269.1   74.8  0  0    0.00    0.00
AEC1   353.9   57.0  0  0   -0.38    0.39
AEC3   337.0    9.5  0  0   -0.51    1.24
AID1   183.1   36.0  0  0    0.09    0.23
A10A    36.0   82.0  0  0   -0.82    1.23
A11A   289.7   91.0  0  0    0.00    0.00
A12A   238.7   85.1  0  0   -0.30    1.54
             344  18   9   9 1
AAS1   269.6   58.0  1  1    0.00    0.00
AAS2   270.2   75.8  1  1    0.00    0.00
AEC1   352.0   58.6  1 -1    0.00    0.00
AEC2    17.4   27.9 -1 -1    0.00    0.00
AEC3   330.0   12.8 -1 -1    0.00    0.00
AID1   187.5   34.5  1 -1    0.00    0.00
A10A    34.6   82.3  1  1    0.00    0.00
A11A   290.0   91.5 -1  1    0.00    0.00
A14A   212.7   87.7  1  1    0.00    0.00
AAS1   269.6   58.0  0  0   -0.53    1.61
AAS2   270.2   75.8  0  0    0.00    0.00
AEC1   352.0   58.6  0  0   -0.06    0.43
AEC2    17.4   27.9  0  0   -0.68    0.57
AEC3   330.0   12.8  0  0   -0.40    1.12
AID1   187.5   34.5  0  0    0.22    0.29
A10A    34.6   82.3  0  0   -0.97    1.25
A11A   290.0   91.5  0  0    0.00    0.00
A14A   212.7   87.7  0  0   -0.01    1.86
             345  16   8   8 1
AAS1   270.8   57.5  1 -1    0.00    0.00
AAS2   271.0   75.3  1 -1    0.00    0.00
AEC1   352.2   58.9  1  1    0.00    0.00
AID1   187.8   33.0  1  1    0.00    0.00
A08A   327.7   85.1  1  1    0.00    0.00
A10A    34.3   82.1  1  1    0.00    0.00
A12A   240.3   84.9 -1 -1    0.00    0.00
A14A   212.9   87.1  1  1    0.00    0.00
AAS1   270.8   57.5  0  0   -0.40    1.45
AAS2   271.0   75.3  0  0   -0.05    1.43
AEC1   352.2   58.9  0  0   -0.06    0.46
AID1   187.8   33.0  0  0    0.23    0.35
A08A   327.7   85.1  0  0   -0.40    1.55
A10A    34.3   82.1  0  0   -1.03    1.21
A12A   240.3   84.9  0  0   -0.19    1.57
A14A   212.9   87.1  0  0   -0.18    1.83
             346  16   8   8 1
AAS1   274.1   55.8  1  1    0.00    0.00
AAS2   272.9   75.0  1  1    0.00    0.00
AEC1   356.4   61.5 -1 -1    0.00    0.00
AEC3   356.3   16.7 -1 -1    0.00    0.00
AID1   179.0   30.2  1  1    0.00    0.00
A10A    35.1   84.3 -1 -1    0.00    0.00
A12A   240.5   84.9 -1  1    0.00    0.00
A14A   212.2   87.4  1 -1    0.00    0.00
AAS1   274.1   55.8  0  0   -0.37    1.68
AAS2   272.9   75.0  0  0   -0.16    1.51
AEC1   356.4   61.5  0  0    0.37    0.54
AEC3   356.3   16.7  0  0   -0.56    0.90
AID1   179.0   30.2  0  0   -0.22    0.47
A10A    35.1   84.3  0  0   -1.13    1.35
A12A   240.5   84.9  0  0   -0.23    1.58
A14A   212.2   87.4  0  0    0.06    1.90
             347  16   8   8 1
AAS1   283.2   60.2  1  1    0.00    0.00
AAS2   278.4   78.2 -1  1    0.00    0.00
AEC1   355.2   68.7  1  1    0.00    0.00
AEC2    14.3   43.8 -1  1    0.00    0.00
A05A   359.4   92.8  1  1    0.00    0.00
A08A   331.0   89.8  1  1    0.00    0.00
A10A    32.1   87.9  1  1    0.00    0.00
A11A   294.4   93.9  1  1    0.00    0.00
AAS1   283.2   60.2  0  0   -0.81    1.38
AAS2   278.4   78.2  0  0   -0.21    1.81
AEC1   355.2   68.7  0  0   -0.28    0.75
AEC2    14.3   43.8  0  0   -0.21   -0.26
A05A   359.4   92.8  0  0    0.00    0.00
A08A   331.0   89.8  0  0   -0.60    3.55
A10A    32.1   87.9  0  0   -0.97    1.79
A11A   294.4   93.9  0  0    0.00    0.00
             348  30  15  15 1
AAS1   111.0   62.6  1  1    0.00    0.00
AAS2   149.0   31.0  1 -1    0.00    0.00
ACC1    22.3   69.8  1  1    0.00    0.00
AEC1    67.9   87.5  1 -1    0.00    0.00
AEC2    88.1   89.4  1 -1    0.00    0.00
AID1   114.8   89.4 -1  1    0.00    0.00
A02A   353.0  102.9  1  1    0.00    0.00
A03A    18.1  101.9  1  1    0.00    0.00
A04A   337.3  101.3  1  1    0.00    0.00
A05A    38.2   98.6 -1  1    0.00    0.00
A08A    20.7   85.3  1  1    0.00    0.00
A09A   316.4   98.1  1  1    0.00    0.00
A11A   306.7   71.8  1  1    0.00    0.00
A12A   185.9   80.4  1  1    0.00    0.00
A14A   169.1   95.2  1  1    0.00    0.00
AAS1   111.0   62.6  0  0   -0.30    0.97
AAS2   149.0   31.0  0  0    0.00    0.00
ACC1    22.3   69.8  0  0   -0.43    0.77
AEC1    67.9   87.5  0  0    0.48    1.67
AEC2    88.1   89.4  0  0   -0.36    2.08
AID1   114.8   89.4  0  0    0.16    2.05
A02A   353.0  102.9  0  0    0.00    0.00
A03A    18.1  101.9  0  0    0.00    0.00
A04A   337.3  101.3  0  0   -0.26    1.08
A05A    38.2   98.6  0  0    0.04    1.24
A08A    20.7   85.3  0  0    0.06    1.47
A09A   316.4   98.1  0  0   -0.78    1.22
A11A   306.7   71.8  0  0    0.63    0.91
A12A   185.9   80.4  0  0   -0.09    1.17
A14A   169.1   95.2  0  0   -0.47    1.46
             349  15   8   7 1
AAS1   109.5   73.6  1  1    0.00    0.00
AAS2   140.0   40.7  1  1    0.00    0.00
AEC1    68.7   94.6 -1 -1    0.00    0.00
AEC2    88.2   95.9 -1 -1    0.00    0.00
AEC3    95.1   93.8  1 -1    0.00    0.00
A09A   317.5  103.0  1  1    0.00    0.00
A12A   183.0   87.5 -1  1    0.00    0.00
A14A   167.4  100.9  1  1    0.00    0.00
AAS1   109.5   73.6  0  0   -0.26    1.12
AAS2   140.0   40.7  0  0   -0.05    0.61
AEC1    68.7   94.6  0  0    0.36    1.63
AEC3    95.1   93.8  0  0   -0.18    2.21
A09A   317.5  103.0  0  0   -0.75    1.00
A12A   183.0   87.5  0  0   -0.14    1.76
A14A   167.4  100.9  0  0   -0.14    1.12
             350  15   8   7 1
AAS1   229.3   57.6  1  1    0.00    0.00
ACC1   308.9   76.5  1  1    0.00    0.00
AEC1    27.7   45.5 -1 -1    0.00    0.00
AEC3   138.3   39.4 -1 -1    0.00    0.00
A08A   329.8   84.0  1  1    0.00    0.00
A10A    53.0   89.7  1  1    0.00    0.00
A11A   282.0   94.8  1  1    0.00    0.00
A12A   223.7   93.6 -1  1    0.00    0.00
AAS1   229.3   57.6  0  0   -0.26    0.59
AEC1    27.7   45.5  0  0   -0.68    0.17
AEC3   138.3   39.4  0  0   -0.14    0.63
A08A   329.8   84.0  0  0    0.17    1.41
A10A    53.0   89.7  0  0   -1.00    2.27
A11A   282.0   94.8  0  0   -0.31    1.52
A12A   223.7   93.6  0  0   -0.57    1.56
             351  16   8   8 1
AAS1   111.2   58.2  1  1    0.00    0.00
ACC1    20.3   67.1  1 -1    0.00    0.00
AEC1    67.1   84.9  1  1    0.00    0.00
AID1   114.9   86.9  1  1    0.00    0.00
A08A    19.4   83.4 -1 -1    0.00    0.00
A09A   316.0   95.3 -1  1    0.00    0.00
A12A   187.3   78.1 -1 -1    0.00    0.00
A14A   169.8   93.0  1 -1    0.00    0.00
AAS1   111.2   58.2  0  0   -0.16    0.96
ACC1    20.3   67.1  0  0   -0.34    0.69
AEC1    67.1   84.9  0  0    0.49    1.37
AID1   114.9   86.9  0  0    0.26    1.52
A08A    19.4   83.4  0  0    0.29    1.31
A09A   316.0   95.3  0  0   -0.63    1.35
A12A   187.3   78.1  0  0    0.01    1.06
A14A   169.8   93.0  0  0   -0.28    1.75
             352  23  12  11 1
AAS1   109.6   63.1  1  1    0.00    0.00
ACC1    22.2   71.1  1  1    0.00    0.00
AEC1    67.4   88.2  1 -1    0.00    0.00
AEC2    87.5   89.9  1 -1    0.00    0.00
AEC3    94.6   86.6 -1  1    0.00    0.00
A02A   353.1  103.6  1  1    0.00    0.00
A03A    18.1  102.6  1  1    0.00    0.00
A06A     3.9   98.9  1  1    0.00    0.00
A07A   345.6   90.5 -1  1    0.00    0.00
A09A   316.8   98.8  1  1    0.00    0.00
A12A   185.7   80.4 -1  1    0.00    0.00
A14A   168.8   95.5  1  1    0.00    0.00
AAS1   109.6   63.1  0  0   -0.19    1.09
AEC1    67.4   88.2  0  0    0.50    1.72
AEC2    87.5   89.9  0  0   -0.26    2.11
AEC3    94.6   86.6  0  0   -0.10    2.07
A02A   353.1  103.6  0  0    0.00    0.00
A03A    18.1  102.6  0  0    0.00    0.00
A06A     3.9   98.9  0  0   -0.13    1.20
A07A   345.6   90.5  0  0    0.53    2.25
A09A   316.8   98.8  0  0   -0.90    1.17
A12A   185.7   80.4  0  0    0.15    1.16
A14A   168.8   95.5  0  0   -0.35    1.44
             353  14   8   6 1
AAS1   113.6   75.5  1  1    0.00    0.00
AAS2   148.3   45.3  1  1    0.00    0.00
ACC1    25.8   78.6  1  1    0.00    0.00
AEC2    90.0   97.1 -1  1    0.00    0.00
AEC3    97.2   95.0  1  1    0.00    0.00
A06A     4.8  103.7  1  1    0.00    0.00
A09A   316.2  103.6  1  1    0.00    0.00
A12A   184.0   90.4  1  1    0.00    0.00
AAS1   113.6   75.5  0  0   -0.25    1.07
AAS2   148.3   45.3  0  0    0.00    0.00
AEC3    97.2   95.0  0  0   -0.23    2.00
A06A     4.8  103.7  0  0    0.00    0.00
A09A   316.2  103.6  0  0   -0.59    0.99
A12A   184.0   90.4  0  0   -0.08    2.57
             354  16   9   7 1
AAS1   106.4   65.8  1  1    0.00    0.00
AAS2   137.0   30.8  1 -1    0.00    0.00
ACC1    23.1   74.4  1 -1    0.00    0.00
AEC1    66.6   90.2  1  1    0.00    0.00
AEC3    93.2   88.6  1  1    0.00    0.00
A09A   317.9  100.8  1  1    0.00    0.00
A10A    64.8  103.7 -1  1    0.00    0.00
A11A   310.5   74.1  1  1    0.00    0.00
A12A   184.4   80.8  1  1    0.00    0.00
AAS1   106.4   65.8  0  0   -0.34    1.17
AAS2   137.0   30.8  0  0   -0.03    0.79
AEC1    66.6   90.2  0  0    0.35    2.37
AEC3    93.2   88.6  0  0   -0.34    1.99
A09A   317.9  100.8  0  0   -0.57    1.09
A11A   310.5   74.1  0  0    0.76    0.98
A12A   184.4   80.8  0  0   -0.17    1.18
             355  14   8   6 1
AAS1   116.5   64.6  1  1    0.00    0.00
AAS2   150.7   39.1 -1 -1    0.00    0.00
AEC3    99.1   85.9  1  1    0.00    0.00
AID1   117.3   89.8  1  1    0.00    0.00
A09A   315.4   94.9  1  1    0.00    0.00
A10A    67.9   98.8  1  1    0.00    0.00
A11A   303.1   65.7  1  1    0.00    0.00
A14A   168.3   94.5  1  1    0.00    0.00
AAS1   116.5   64.6  0  0    0.07    0.86
AAS2   150.7   39.1  0  0    0.06    0.42
AEC3    99.1   85.9  0  0   -0.48    1.55
A09A   315.4   94.9  0  0   -0.02    1.42
A11A   303.1   65.7  0  0    0.45    0.82
A14A   168.3   94.5  0  0   -0.21    1.52
             356  16   8   8 1
AAS1   101.0   62.4  1  1    0.00    0.00
AAS2   128.1   22.5  1  1    0.00    0.00
AEC1    63.6   89.7 -1  1    0.00    0.00
AEC3    90.2   87.1  1  1    0.00    0.00
A03A    17.5  104.1  1 -1    0.00    0.00
A08A    19.2   89.2 -1 -1    0.00    0.00
A09A   318.6  100.8 -1 -1    0.00    0.00
A14A   168.1   94.8  1 -1    0.00    0.00
AAS1   101.0   62.4  0  0   -0.31    1.31
AAS2   128.1   22.5  0  0    0.05    1.03
AEC1    63.6   89.7  0  0    0.50    2.08
AEC3    90.2   87.1  0  0    0.35    1.81
A03A    17.5  104.1  0  0   -0.16    0.99
A08A    19.2   89.2  0  0    0.14    2.15
A09A   318.6  100.8  0  0    0.00    0.00
A14A   168.1   94.8  0  0   -0.24    1.51
             357  17  10   7 1
ACC1   212.3   54.7  1  1    0.00    0.00
AEC1   149.1   65.4 -1 -1    0.00    0.00
AEC2   151.8   78.1  1 -1    0.00    0.00
AEC3   159.4   79.8 -1 -1    0.00    0.00
A04A   298.9   84.5 -1 -1    0.00    0.00
A05A    65.7   48.5  1 -1    0.00    0.00
A06A   318.8   59.7  1  1    0.00    0.00
A07A   271.0   67.2  1  1    0.00    0.00
A08A   232.0   28.7  1  1    0.00    0.00
A10A   104.5   78.4  1 -1    0.00    0.00
AEC1   149.1   65.4  0  0   -0.49    0.66
A04A   298.9   84.5  0  0   -0.24    1.46
A05A    65.7   48.5  0  0    0.35    0.90
A06A   318.8   59.7  0  0   -0.27    0.59
A07A   271.0   67.2  0  0   -0.28    1.85
A08A   232.0   28.7  0  0   -0.60    0.89
A10A   104.5   78.4  0  0   -0.88    1.16
             358  13   8   5 1
ACC1   213.3   57.7  1  1    0.00    0.00
AEC1   149.3   68.0 -1  1    0.00    0.00
AEC2   152.0   80.6  1  1    0.00    0.00
A05A    64.6   50.9  1 -1    0.00    0.00
A07A   271.4   70.5  1  1    0.00    0.00
A08A   234.2   31.0  1  1    0.00    0.00
A10A   104.4   80.9  1  1    0.00    0.00
A11A   238.0   83.1 -1  1    0.00    0.00
A05A    64.6   50.9  0  0    0.38    0.70
A07A   271.4   70.5  0  0   -0.22    1.38
A08A   234.2   31.0  0  0   -0.53    0.76
A10A   104.4   80.9  0  0   -0.69    1.43
A11A   238.0   83.1  0  0    0.00    0.00
             359  16   8   8 1
A01A    18.9   65.3  1  1    0.00    0.00
A02A   293.2   34.5  1 -1    0.00    0.00
A03A   103.4   53.2  1  1    0.00    0.00
A04A   249.9   65.1 -1 -1    0.00    0.00
A05A   130.0   77.7  1  1    0.00    0.00
A06A   173.3   46.5 -1 -1    0.00    0.00
A07A   198.5   72.3 -1 -1    0.00    0.00
A10A   128.3   91.7 -1  1    0.00    0.00
A01A    18.9   65.3  0  0   -0.35    0.63
A02A   293.2   34.5  0  0   -0.07    1.13
A03A   103.4   53.2  0  0   -0.58    1.31
A04A   249.9   65.1  0  0    0.40    0.89
A05A   130.0   77.7  0  0   -0.12    1.03
A06A   173.3   46.5  0  0   -0.11   -0.19
A07A   198.5   72.3  0  0    0.00    0.00
A10A   128.3   91.7  0  0    0.00    0.00
             360  17   9   8 1
ACC1   172.9   81.7  1  1    0.00    0.00
A01A    18.3   64.7  1 -1    0.00    0.00
A02A   295.5   34.4  1 -1    0.00    0.00
A03A   101.8   51.5  1  1    0.00    0.00
A04A   251.2   63.7  1 -1    0.00    0.00
A05A   129.5   76.2  1  1    0.00    0.00
A06A   173.5   44.0  1  1    0.00    0.00
A07A   199.0   70.6  1  1    0.00    0.00
A08A   165.7   75.0 -1  1    0.00    0.00
A01A    18.3   64.7  0  0    0.69    0.63
A02A   295.5   34.4  0  0    0.30    1.03
A03A   101.8   51.5  0  0   -0.34    1.30
A04A   251.2   63.7  0  0    0.24    0.92
A05A   129.5   76.2  0  0    0.03    1.01
A06A   173.5   44.0  0  0   -0.17   -0.23
A07A   199.0   70.6  0  0    0.02    0.81
A08A   165.7   75.0  0  0   -0.31    0.95
             361  20  10  10 1
A01A    18.6   65.9 -1 -1    0.00    0.00
A02A   297.9   34.8  1  1    0.00    0.00
A03A   100.5   52.5  1  1    0.00    0.00
A05A   128.8   76.8  1  1    0.00    0.00
A06A   172.3   43.9 -1 -1    0.00    0.00
A07A   198.8   70.7 -1 -1    0.00    0.00
A08A   165.1   75.4 -1 -1    0.00    0.00
A09A   231.6   81.3 -1 -1    0.00    0.00
A10A   127.6   91.5 -1  1    0.00    0.00
A11A   198.8   86.2  1 -1    0.00    0.00
A01A    18.6   65.9  0  0   -0.15    0.65
A02A   297.9   34.8  0  0   -0.16    1.04
A03A   100.5   52.5  0  0   -0.93    1.56
A05A   128.8   76.8  0  0   -0.15    1.00
A06A   172.3   43.9  0  0   -0.17   -0.10
A07A   198.8   70.7  0  0   -0.00    0.82
A08A   165.1   75.4  0  0   -0.19    0.95
A09A   231.6   81.3  0  0   -0.09    1.28
A10A   127.6   91.5  0  0    0.00    0.00
A11A   198.8   86.2  0  0    0.00    0.00
             362  19  10   9 1
ACC1   173.3   80.4  1  1    0.00    0.00
A01A    17.2   64.0 -1 -1    0.00    0.00
A02A   297.2   35.0  1 -1    0.00    0.00
A03A   100.3   49.4  1  1    0.00    0.00
A04A   252.6   62.7  1 -1    0.00    0.00
A06A   174.7   41.6  1  1    0.00    0.00
A07A   200.0   69.0  1  1    0.00    0.00
A08A   166.0   73.4 -1  1    0.00    0.00
A09A   232.3   80.0 -1 -1    0.00    0.00
A11A   199.5   84.8  1  1    0.00    0.00
A01A    17.2   64.0  0  0    0.69    0.59
A02A   297.2   35.0  0  0    0.18    1.06
A03A   100.3   49.4  0  0   -0.18    1.62
A04A   252.6   62.7  0  0   -0.03    0.89
A06A   174.7   41.6  0  0   -0.05   -0.05
A07A   200.0   69.0  0  0    0.00    0.00
A08A   166.0   73.4  0  0    0.11    0.88
A09A   232.3   80.0  0  0    0.00    0.00
A11A   199.5   84.8  0  0    0.00    0.00
             363  19  10   9 1
ACC1   173.8   82.5  1  1    0.00    0.00
A01A    16.5   66.1  1 -1    0.00    0.00
A02A   295.6   37.8  1 -1    0.00    0.00
A03A   101.1   51.2  1  1    0.00    0.00
A05A   129.8   76.7  1  1    0.00    0.00
A06A   176.3   44.2  1  1    0.00    0.00
A07A   200.5   71.7  1  1    0.00    0.00
A09A   232.4   82.3 -1  1    0.00    0.00
A10A   128.2   91.4  1  1    0.00    0.00
A11A   199.8   86.9  1  1    0.00    0.00
A01A    16.5   66.1  0  0    0.84    0.66
A02A   295.6   37.8  0  0    0.29    1.07
A03A   101.1   51.2  0  0   -0.40    1.55
A05A   129.8   76.7  0  0   -0.06    1.01
A06A   176.3   44.2  0  0    0.02   -0.25
A07A   200.5   71.7  0  0   -0.43    0.85
A09A   232.4   82.3  0  0    0.00    0.00
A10A   128.2   91.4  0  0    0.00    0.00
A11A   199.8   86.9  0  0    0.00    0.00
             364  15   8   7 1
A01A    16.3   66.6 -1  1    0.00    0.00
A02A   297.1   38.2  1  1    0.00    0.00
A03A    99.9   51.0  1 -1    0.00    0.00
A05A   129.3   76.5 -1 -1    0.00    0.00
A06A   176.2   43.4  1  1    0.00    0.00
A07A   200.8   71.4  1  1    0.00    0.00
A09A   232.8   82.2  1  1    0.00    0.00
A11A   199.9   86.8  1  1    0.00    0.00
A01A    16.3   66.6  0  0    0.78    0.68
A02A   297.1   38.2  0  0    0.18    0.88
A03A    99.9   51.0  0  0   -0.27    1.20
A05A   129.3   76.5  0  0   -0.20    1.00
A06A   176.2   43.4  0  0   -0.06   -0.51
A07A   200.8   71.4  0  0   -0.62    0.84
A11A   199.9   86.8  0  0    0.00    0.00
             365  15   8   7 1
AEC2   152.6   91.8  1  1    0.00    0.00
A01A    16.9   65.4 -1 -1    0.00    0.00
A02A   296.9   36.5  1 -1    0.00    0.00
A03A   100.4   50.6  1  1    0.00    0.00
A05A   129.3   75.8  1  1    0.00    0.00
A06A   175.3   42.9  1  1    0.00    0.00
A07A   200.2   70.4  1  1    0.00    0.00
A08A   166.2   74.7 -1  1    0.00    0.00
A01A    16.9   65.4  0  0    0.77    0.65
A02A   296.9   36.5  0  0    0.25    0.98
A03A   100.4   50.6  0  0   -0.06    1.38
A05A   129.3   75.8  0  0   -0.02    1.00
A06A   175.3   42.9  0  0   -0.20   -0.22
A07A   200.2   70.4  0  0   -0.62    0.80
A08A   166.2   74.7  0  0   -0.08    0.93
             366  16   9   7 1
ACC1   193.9   71.6  1  1    0.00    0.00
A01A   352.9   78.8 -1 -1    0.00    0.00
A02A   310.1   70.0  1  1    0.00    0.00
A03A    22.7   38.0  1 -1    0.00    0.00
A05A   120.2   52.5  1 -1    0.00    0.00
A06A   270.6   37.1  1  1    0.00    0.00
A07A   237.4   67.4  1  1    0.00    0.00
A08A   191.9   57.1  1  1    0.00    0.00
A11A   220.3   83.4  1  1    0.00    0.00
A02A   310.1   70.0  0  0   -0.57    0.86
A03A    22.7   38.0  0  0   -0.66    0.27
A05A   120.2   52.5  0  0    0.12    0.83
A06A   270.6   37.1  0  0   -0.64    1.82
A07A   237.4   67.4  0  0   -0.41    0.80
A08A   191.9   57.1  0  0    0.00    0.37
A11A   220.3   83.4  0  0    0.00    0.00
             367  17   9   8 1
ACC1   194.4   70.1  1  1    0.00    0.00
A03A    20.4   43.5  1  1    0.00    0.00
A05A   114.2   51.8  1 -1    0.00    0.00
A06A   280.6   37.5  1  1    0.00    0.00
A07A   240.8   66.5  1  1    0.00    0.00
A08A   192.4   54.1  1  1    0.00    0.00
A09A   257.0   84.7  1  1    0.00    0.00
A10A   121.2   81.7 -1 -1    0.00    0.00
A11A   221.7   83.0  1  1    0.00    0.00
A03A    20.4   43.5  0  0   -0.39    0.02
A05A   114.2   51.8  0  0    0.40    0.96
A06A   280.6   37.5  0  0   -0.63    1.59
A07A   240.8   66.5  0  0   -0.09    0.81
A08A   192.4   54.1  0  0   -0.25    0.25
A09A   257.0   84.7  0  0   -0.31    1.52
A10A   121.2   81.7  0  0    0.00    0.00
A11A   221.7   83.0  0  0   -0.54    1.35
             368  31  16  15 1
AAS1   201.2   62.5  1  1    0.00    0.00
ACC1   270.7   47.8  1  1    0.00    0.00
AEC1   132.2   26.5 -1 -1    0.00    0.00
AEC2   147.3   53.8  1 -1    0.00    0.00
AEC3   161.2   57.4  1  1    0.00    0.00
A02A   327.8   88.7  1  1    0.00    0.00
A03A   354.5   79.8  1  1    0.00    0.00
A04A   309.0   88.7  1  1    0.00    0.00
A05A    18.4   60.0  1  1    0.00    0.00
A06A   326.9   76.1  1  1    0.00    0.00
A07A   296.3   75.1  1  1    0.00    0.00
A08A   309.2   48.7  1  1    0.00    0.00
A11A   262.2   78.1  1  1    0.00    0.00
A12A   211.3   84.3 -1  1    0.00    0.00
A13A   166.6   85.5  1  1    0.00    0.00
A14A   194.4   90.0  1  1    0.00    0.00
AAS1   201.2   62.5  0  0   -0.43    0.57
AEC1   132.2   26.5  0  0   -0.38    0.93
AEC2   147.3   53.8  0  0   -0.79    0.46
AEC3   161.2   57.4  0  0   -0.33    0.42
A02A   327.8   88.7  0  0    0.00    0.00
A03A   354.5   79.8  0  0    0.00    0.00
A04A   309.0   88.7  0  0    0.00    0.00
A05A    18.4   60.0  0  0    0.36    0.48
A06A   326.9   76.1  0  0   -0.15    1.01
A07A   296.3   75.1  0  0    0.05    1.06
A08A   309.2   48.7  0  0   -0.35    0.71
A11A   262.2   78.1  0  0   -0.54    1.22
A12A   211.3   84.3  0  0   -0.62    1.42
A13A   166.6   85.5  0  0   -0.22    1.49
A14A   194.4   90.0  0  0    0.00    0.00
             369  19  10   9 1
AAS1   202.2   60.8  1 -1    0.00    0.00
AAS2   222.5   68.3 -1 -1    0.00    0.00
ACC1   271.3   47.1  1  1    0.00    0.00
AEC1   133.1   24.3 -1 -1    0.00    0.00
AEC2   148.0   51.6  1  1    0.00    0.00
AEC3   162.1   55.3  1  1    0.00    0.00
A04A   308.9   87.8  1  1    0.00    0.00
A07A   296.3   74.0  1  1    0.00    0.00
A08A   308.9   48.0  1  1    0.00    0.00
A10A    76.9   66.5 -1 -1    0.00    0.00
AAS1   202.2   60.8  0  0   -0.41    0.54
AAS2   222.5   68.3  0  0    0.32    0.79
ACC1   271.3   47.1  0  0   -0.94    2.15
AEC1   133.1   24.3  0  0   -0.09    0.93
AEC3   162.1   55.3  0  0   -0.30    0.33
A04A   308.9   87.8  0  0    0.00    0.00
A07A   296.3   74.0  0  0   -0.11    1.04
A08A   308.9   48.0  0  0   -0.44    0.68
A10A    76.9   66.5  0  0   -0.73    1.03
             370  32  16  16 1
AAS1   201.9   60.9  1 -1    0.00    0.00
AAS2   222.3   68.4 -1 -1    0.00    0.00
ACC1   271.3   47.0  1  1    0.00    0.00
AEC1   132.5   24.7 -1 -1    0.00    0.00
AEC2   147.6   51.9  1 -1    0.00    0.00
AEC3   161.7   55.5  1 -1    0.00    0.00
A02A   327.7   87.9  1  1    0.00    0.00
A03A   354.2   78.7  1  1    0.00    0.00
A04A   308.9   87.8  1  1    0.00    0.00
A05A    17.7   58.7  1  1    0.00    0.00
A06A   326.8   75.0  1  1    0.00    0.00
A07A   296.4   74.0  1  1    0.00    0.00
A08A   309.2   48.0  1  1    0.00    0.00
A09A   287.5   87.9  1  1    0.00    0.00
A11A   262.6   77.0  1  1    0.00    0.00
A14A   194.6   89.0  1  1    0.00    0.00
AAS1   201.9   60.9  0  0   -0.43    0.54
AAS2   222.3   68.4  0  0    0.23    0.79
ACC1   271.3   47.0  0  0   -0.80    2.20
AEC1   132.5   24.7  0  0   -0.32    0.93
AEC2   147.6   51.9  0  0   -0.67    0.39
AEC3   161.7   55.5  0  0   -0.15    0.34
A02A   327.7   87.9  0  0    0.00    0.00
A03A   354.2   78.7  0  0   -0.26    1.09
A04A   308.9   87.8  0  0    0.00    0.00
A05A    17.7   58.7  0  0    0.30    0.43
A06A   326.8   75.0  0  0   -0.02    0.98
A07A   296.4   74.0  0  0   -0.14    1.03
A08A   309.2   48.0  0  0   -0.36    0.67
A09A   287.5   87.9  0  0    0.00    0.00
A11A   262.6   77.0  0  0   -0.47    1.27
A14A   194.6   89.0  0  0    0.00    0.00
             371  21  12   9 1
AAS1   202.4   60.6  1 -1    0.00    0.00
ACC1   271.9   47.1  1  1    0.00    0.00
AEC1   132.1   23.9 -1 -1    0.00    0.00
AEC2   147.7   51.3  1 -1    0.00    0.00
AEC3   161.9   55.0  1 -1    0.00    0.00
A04A   309.0   87.8  1  1    0.00    0.00
A05A    17.3   58.8  1  1    0.00    0.00
A07A   296.6   74.0  1  1    0.00    0.00
A08A   309.4   48.2  1  1    0.00    0.00
A10A    76.5   66.5 -1 -1    0.00    0.00
A11A   262.8   76.9  1  1    0.00    0.00
A12A   211.9   83.0 -1 -1    0.00    0.00
AEC1   132.1   23.9  0  0   -0.42    0.98
AEC3   161.9   55.0  0  0   -0.36    0.36
A04A   309.0   87.8  0  0    0.00    0.00
A05A    17.3   58.8  0  0    0.58    0.43
A07A   296.6   74.0  0  0   -0.17    1.03
A08A   309.4   48.2  0  0   -0.31    0.71
A10A    76.5   66.5  0  0   -0.68    0.97
A11A   262.8   76.9  0  0   -0.43    1.20
A12A   211.9   83.0  0  0   -0.50    1.32
             372  26  14  12 1
AAS1   201.9   62.2  1  1    0.00    0.00
AAS2   222.3   69.6 -1  1    0.00    0.00
ACC1   271.3   48.2  1  1    0.00    0.00
AEC1   132.5   25.5 -1 -1    0.00    0.00
AEC2   147.6   53.1  1  1    0.00    0.00
AEC3   161.7   56.7  1  1    0.00    0.00
A02A   327.7   88.7  1  1    0.00    0.00
A05A    17.7   60.0  1 -1    0.00    0.00
A06A   326.8   76.1  1  1    0.00    0.00
A07A   296.4   75.2  1  1    0.00    0.00
A09A   287.5   88.7  1  1    0.00    0.00
A10A    76.9   68.0 -1 -1    0.00    0.00
A13A   166.9   85.2  1  1    0.00    0.00
A14A   194.6   89.8  1  1    0.00    0.00
AAS1   201.9   62.2  0  0   -0.28    0.57
AAS2   222.3   69.6  0  0    0.31    0.82
AEC1   132.5   25.5  0  0   -0.47    0.92
AEC3   161.7   56.7  0  0   -0.15    0.39
A02A   327.7   88.7  0  0    0.00    0.00
A05A    17.7   60.0  0  0    0.24    0.47
A06A   326.8   76.1  0  0   -0.01    1.02
A07A   296.4   75.2  0  0   -0.02    1.06
A09A   287.5   88.7  0  0    0.00    0.00
A10A    76.9   68.0  0  0   -0.67    1.03
A13A   166.9   85.2  0  0   -0.31    1.46
A14A   194.6   89.8  0  0    0.00    0.00
             373  20  11   9 1
AAS1   202.1   61.0  1 -1    0.00    0.00
AAS2   222.3   68.4 -1 -1    0.00    0.00
ACC1   270.7   47.1  1  1    0.00    0.00
AEC1   134.1   24.7 -1 -1    0.00    0.00
AEC3   162.2   55.6  1 -1    0.00    0.00
A05A    17.5   58.2  1  1    0.00    0.00
A07A   296.1   73.9  1  1    0.00    0.00
A08A   308.4   47.8  1  1    0.00    0.00
A10A    77.2   66.4 -1 -1    0.00    0.00
A11A   262.3   77.0  1  1    0.00    0.00
A12A   211.7   83.2  1 -1    0.00    0.00
AAS2   222.3   68.4  0  0    0.36    0.77
AEC1   134.1   24.7  0  0   -0.34    0.95
AEC3   162.2   55.6  0  0   -0.29    0.37
A05A    17.5   58.2  0  0    0.22    0.41
A07A   296.1   73.9  0  0   -0.20    1.03
A08A   308.4   47.8  0  0   -0.41    0.73
A10A    77.2   66.4  0  0   -0.83    0.98
A11A   262.3   77.0  0  0    0.00    0.00
A12A   211.7   83.2  0  0   -0.51    1.33
             374  19  10   9 1
AAS1   202.7   62.3  1  1    0.00    0.00
AAS2   222.9   69.8  1  1    0.00    0.00
ACC1   271.9   48.9  1  1    0.00    0.00
AEC1   132.8   24.6 -1 -1    0.00    0.00
AEC3   162.3   56.5  1 -1    0.00    0.00
A04A   308.9   89.0  1  1    0.00    0.00
A05A    17.0   60.3  1 -1    0.00    0.00
A07A   296.5   75.6  1  1    0.00    0.00
A08A   309.1   50.0  1  1    0.00    0.00
A11A   262.9   78.4  1  1    0.00    0.00
AAS1   202.7   62.3  0  0    0.00    0.00
AAS2   222.9   69.8  0  0    0.06    0.81
ACC1   271.9   48.9  0  0   -0.62    1.82
AEC1   132.8   24.6  0  0   -0.64    0.95
AEC3   162.3   56.5  0  0   -0.27    0.40
A04A   308.9   89.0  0  0    0.00    0.00
A05A    17.0   60.3  0  0    0.63    0.49
A07A   296.5   75.6  0  0   -0.03    1.06
A08A   309.1   50.0  0  0   -0.19    0.70
             375  25  13  12 1
AAS1   201.9   60.9  1  1    0.00    0.00
AAS2   222.3   68.4 -1 -1    0.00    0.00
ACC1   271.3   47.0  1  1    0.00    0.00
AEC1   132.5   24.7 -1 -1    0.00    0.00
AEC2   147.6   51.9  1  1    0.00    0.00
AEC3   161.7   55.5  1  1    0.00    0.00
A05A    17.7   58.7  1  1    0.00    0.00
A06A   326.8   75.0  1  1    0.00    0.00
A07A   296.4   74.0  1  1    0.00    0.00
A08A   309.2   48.0  1  1    0.00    0.00
A11A   262.6   77.0 -1 -1    0.00    0.00
A13A   166.9   84.3  1  1    0.00    0.00
A14A   194.6   89.0  1  1    0.00    0.00
AAS1   201.9   60.9  0  0   -0.49    0.54
AAS2   222.3   68.4  0  0    0.32    0.79
AEC1   132.5   24.7  0  0   -0.34    0.93
AEC2   147.6   51.9  0  0   -0.86    0.40
AEC3   161.7   55.5  0  0   -0.32    0.34
A05A    17.7   58.7  0  0    0.15    0.43
A06A   326.8   75.0  0  0   -0.32    0.98
A07A   296.4   74.0  0  0    0.02    1.04
A08A   309.2   48.0  0  0   -0.38    0.68
A11A   262.6   77.0  0  0   -0.75    1.26
A13A   166.9   84.3  0  0    0.00    0.00
A14A   194.6   89.0  0  0    0.00    0.00
             376  27  14  13 1
AAS1   222.0   49.6  1 -1    0.00    0.00
AAS2   242.6   66.1 -1 -1    0.00    0.00
ACC1   303.5   61.2  1  1    0.00    0.00
AEC1    36.6   27.8 -1 -1    0.00    0.00
AEC2   117.7   35.9  1  1    0.00    0.00
AEC3   147.8   36.1  1  1    0.00    0.00
A03A   354.2   89.3  1  1    0.00    0.00
A07A   309.2   84.0  1  1    0.00    0.00
A08A   327.0   68.8 -1  1    0.00    0.00
A09A   296.7   93.2  1  1    0.00    0.00
A10A    56.6   75.7  1 -1    0.00    0.00
A11A   278.5   82.6  1  1    0.00    0.00
A12A   221.2   82.9 -1 -1    0.00    0.00
A14A   199.1   87.7  1 -1    0.00    0.00
AAS1   222.0   49.6  0  0   -0.53    0.47
AAS2   242.6   66.1  0  0   -0.14    0.84
AEC1    36.6   27.8  0  0   -0.31    0.70
AEC2   117.7   35.9  0  0   -0.61    0.99
AEC3   147.8   36.1  0  0   -0.38    0.54
A03A   354.2   89.3  0  0    0.00    0.00
A07A   309.2   84.0  0  0   -0.46    1.48
A08A   327.0   68.8  0  0   -0.13    0.80
A09A   296.7   93.2  0  0   -0.21    1.51
A10A    56.6   75.7  0  0   -1.30    0.97
A11A   278.5   82.6  0  0   -0.26    1.57
A12A   221.2   82.9  0  0   -0.46    1.36
A14A   199.1   87.7  0  0   -0.43    1.88
             377  22  11  11 1
AAS1   221.6   50.4  1 -1    0.00    0.00
AAS2   242.3   66.8 -1 -1    0.00    0.00
ACC1   303.1   61.5  1  1    0.00    0.00
AEC1    37.5   27.6 -1 -1    0.00    0.00
AEC3   148.4   36.9  1  1    0.00    0.00
A03A   354.2   89.6  1  1    0.00    0.00
A06A   333.0   86.9  1  1    0.00    0.00
A07A   309.0   84.3  1  1    0.00    0.00
A08A   326.8   69.1  1  1    0.00    0.00
A12A   221.1   83.4 -1 -1    0.00    0.00
A14A   199.0   88.3  1 -1    0.00    0.00
AAS1   221.6   50.4  0  0   -0.45    0.46
AAS2   242.3   66.8  0  0   -0.48    0.85
ACC1   303.1   61.5  0  0   -0.38    0.80
AEC1    37.5   27.6  0  0   -0.11    0.71
AEC3   148.4   36.9  0  0   -0.18    0.51
A03A   354.2   89.6  0  0   -0.29    2.80
A06A   333.0   86.9  0  0    0.14    1.77
A07A   309.0   84.3  0  0   -0.43    1.51
A08A   326.8   69.1  0  0   -0.33    0.80
A12A   221.1   83.4  0  0   -0.41    1.41
A14A   199.0   88.3  0  0   -0.61    2.07
             378  16   8   8 1
AAS1   223.9   51.4  1 -1    0.00    0.00
AAS2   244.2   68.9 -1 -1    0.00    0.00
AEC2   113.9   37.5  1  1    0.00    0.00
A07A   310.0   86.9  1  1    0.00    0.00
A08A   327.8   72.8  1  1    0.00    0.00
A10A    55.6   79.2  1 -1    0.00    0.00
A11A   279.5   85.7  1  1    0.00    0.00
A14A   199.3   90.4  1 -1    0.00    0.00
AAS1   223.9   51.4  0  0   -0.72    0.47
AAS2   244.2   68.9  0  0   -0.27    0.88
AEC2   113.9   37.5  0  0   -0.37    1.11
A07A   310.0   86.9  0  0   -0.27    1.87
A08A   327.8   72.8  0  0   -0.39    0.91
A10A    55.6   79.2  0  0   -1.04    1.08
A11A   279.5   85.7  0  0   -0.52    1.80
A14A   199.3   90.4  0  0   -0.61    2.29
             379  32  16  16 1
AAS1   201.5   61.9  1  1    0.00    0.00
AAS2   221.9   69.2 -1 -1    0.00    0.00
ACC1   270.7   47.5  1  1    0.00    0.00
AEC1   132.8   25.8 -1 -1    0.00    0.00
AEC2   147.6   53.1  1  1    0.00    0.00
AEC3   161.6   56.7  1  1    0.00    0.00
AID1   167.3   71.1  1  1    0.00    0.00
A03A   354.4   79.3  1  1    0.00    0.00
A04A   308.9   88.3  1  1    0.00    0.00
A05A    18.1   59.3  1 -1    0.00    0.00
A06A   326.8   75.6  1  1    0.00    0.00
A07A   296.2   74.6  1  1    0.00    0.00
A08A   309.0   48.3  1  1    0.00    0.00
A09A   287.4   88.4  1  1    0.00    0.00
A11A   262.3   77.6  1  1    0.00    0.00
A14A   194.5   89.7  1  1    0.00    0.00
AAS1   201.5   61.9  0  0   -0.43    0.56
AAS2   221.9   69.2  0  0    0.21    0.81
ACC1   270.7   47.5  0  0   -0.71    1.97
AEC1   132.8   25.8  0  0   -0.43    0.90
AEC2   147.6   53.1  0  0   -0.83    0.41
AEC3   161.6   56.7  0  0   -0.29    0.38
AID1   167.3   71.1  0  0    0.41    0.81
A03A   354.4   79.3  0  0   -0.55    1.12
A04A   308.9   88.3  0  0    0.00    0.00
A05A    18.1   59.3  0  0    0.33    0.45
A06A   326.8   75.6  0  0   -0.12    1.00
A07A   296.2   74.6  0  0    0.20    1.05
A08A   309.0   48.3  0  0   -0.27    0.68
A09A   287.4   88.4  0  0    0.00    0.00
A11A   262.3   77.6  0  0   -0.73    1.27
A14A   194.5   89.7  0  0    0.00    0.00
             380  20  10  10 1
AAS1   200.7   64.8  1 -1    0.00    0.00
AAS2   221.1   71.8 -1 -1    0.00    0.00
ACC1   269.4   49.4  1  1    0.00    0.00
AEC1   133.5   28.8 -1 -1    0.00    0.00
A05A    19.0   61.5  1 -1    0.00    0.00
A07A   295.9   76.7  1  1    0.00    0.00
A08A   308.5   49.9  1  1    0.00    0.00
A10A    78.1   70.4  1  1    0.00    0.00
A11A   261.7   79.8  1  1    0.00    0.00
A14A   194.2   91.0  1 -1    0.00    0.00
AAS1   200.7   64.8  0  0   -0.40    0.65
AAS2   221.1   71.8  0  0    0.20    0.89
ACC1   269.4   49.4  0  0   -0.63    1.90
AEC1   133.5   28.8  0  0   -0.62    0.83
A05A    19.0   61.5  0  0    0.15    0.52
A07A   295.9   76.7  0  0    0.31    1.11
A08A   308.5   49.9  0  0   -0.24    0.67
A10A    78.1   70.4  0  0   -0.90    1.10
A11A   261.7   79.8  0  0   -0.46    1.33
A14A   194.2   91.0  0  0    0.00    0.00
             381  17   9   8 1
AAS1   117.5   65.8  1 -1    0.00    0.00
ACC1    27.7   65.4  1  1    0.00    0.00
AEC1    72.4   86.9  1 -1    0.00    0.00
AEC2    92.1   89.7 -1 -1    0.00    0.00
AID1   117.7   90.5 -1 -1    0.00    0.00
A06A     4.9   96.2  1  1    0.00    0.00
A07A   345.5   87.2  1  1    0.00    0.00
A09A   315.1   96.3  1  1    0.00    0.00
A12A   183.8   82.7  1  1    0.00    0.00
AAS1   117.5   65.8  0  0   -0.01    0.93
AEC1    72.4   86.9  0  0    0.09    1.52
AEC2    92.1   89.7  0  0   -0.26    1.94
AID1   117.7   90.5  0  0    0.07    2.22
A06A     4.9   96.2  0  0    0.00    0.00
A07A   345.5   87.2  0  0    0.17    1.80
A09A   315.1   96.3  0  0   -0.55    1.29
A12A   183.8   82.7  0  0   -0.09    1.29
             382  20  11   9 1
AAS1   327.3   66.5  1 -1    0.00    0.00
AAS2   299.2   87.5  1  1    0.00    0.00
ACC1   337.5  102.2 -1  1    0.00    0.00
AEC2    39.2   88.9  1  1    0.00    0.00
AEC3    38.1   78.9  1  1    0.00    0.00
AID1    84.4   61.8  1  1    0.00    0.00
A05A    10.5  110.1 -1 -1    0.00    0.00
A08A   346.7  106.3  1 -1    0.00    0.00
A11A   306.4  106.7  1  1    0.00    0.00
A12A   246.0   94.7  1  1    0.00    0.00
A14A   204.7   99.0  1  1    0.00    0.00
AAS1   327.3   66.5  0  0   -0.05    0.73
AAS2   299.2   87.5  0  0   -0.32    1.87
AEC3    38.1   78.9  0  0   -0.36    1.09
AID1    84.4   61.8  0  0   -0.43    1.10
A05A    10.5  110.1  0  0    0.00    0.00
A08A   346.7  106.3  0  0    0.00    0.00
A11A   306.4  106.7  0  0   -0.13    0.95
A12A   246.0   94.7  0  0   -0.33    1.45
A14A   204.7   99.0  0  0   -0.28    1.19
             383  14   8   6 1
ACC1   199.5   85.9  1  1    0.00    0.00
AEC1   157.9   92.2  1  1    0.00    0.00
AEC3   163.5  101.8  1  1    0.00    0.00
A06A   289.4   62.4  1  1    0.00    0.00
A08A   200.5   69.4 -1  1    0.00    0.00
A09A   260.3  103.2  1 -1    0.00    0.00
A10A   119.5   96.6  1  1    0.00    0.00
A11A   225.6   99.6 -1 -1    0.00    0.00
AEC1   157.9   92.2  0  0   -0.39    1.94
AEC3   163.5  101.8  0  0   -0.15    1.08
A06A   289.4   62.4  0  0   -1.05    1.02
A08A   200.5   69.4  0  0   -0.35    0.78
A09A   260.3  103.2  0  0   -0.42    1.17
A11A   225.6   99.6  0  0    0.00    0.00
             384  21  11  10 1
AAS1   102.9   61.8  1 -1    0.00    0.00
AAS2   132.4   24.0  1  1    0.00    0.00
AEC2    84.5   90.0 -1 -1    0.00    0.00
AEC3    91.2   86.4 -1 -1    0.00    0.00
AID1   111.1   89.0  1 -1    0.00    0.00
A02A   353.4  103.6  1  1    0.00    0.00
A08A    19.7   87.9  1  1    0.00    0.00
A09A   318.3   99.2 -1 -1    0.00    0.00
A11A   311.9   74.1  1 -1    0.00    0.00
A12A   185.8   77.6  1  1    0.00    0.00
A14A   168.1   94.4  1  1    0.00    0.00
AAS1   102.9   61.8  0  0   -0.22    1.05
AAS2   132.4   24.0  0  0    0.21    0.90
AEC3    91.2   86.4  0  0    0.19    1.74
AID1   111.1   89.0  0  0    0.08    1.83
A02A   353.4  103.6  0  0    0.00    0.00
A08A    19.7   87.9  0  0    0.33    1.76
A09A   318.3   99.2  0  0   -0.98    1.15
A11A   311.9   74.1  0  0    0.75    0.97
A12A   185.8   77.6  0  0   -0.06    1.05
A14A   168.1   94.4  0  0   -0.29    1.55
             385  18   9   9 1
AAS1   109.3   61.7  1  1    0.00    0.00
AAS2   144.2   29.5 -1 -1    0.00    0.00
ACC1    22.9   69.3  1  1    0.00    0.00
AEC1    67.5   86.8  1  1    0.00    0.00
AEC3    94.6   85.3  1  1    0.00    0.00
AID1   113.9   88.6 -1  1    0.00    0.00
A05A    38.2   97.2  1  1    0.00    0.00
A06A     4.2   96.6 -1  1    0.00    0.00
A14A   168.5   93.9  1  1    0.00    0.00
AAS1   109.3   61.7  0  0   -0.16    1.05
AAS2   144.2   29.5  0  0    0.00    0.00
ACC1    22.9   69.3  0  0   -0.44    0.76
AEC1    67.5   86.8  0  0    0.29    1.55
AEC3    94.6   85.3  0  0    0.13    2.66
AID1   113.9   88.6  0  0    0.12    1.79
A05A    38.2   97.2  0  0    0.00    0.00
A06A     4.2   96.6  0  0   -0.66    1.34
A14A   168.5   93.9  0  0   -0.38    1.60
             386  27  14  13 1
AAS1   106.8   64.7  1 -1    0.00    0.00
AAS2   137.2   30.8  1  1    0.00    0.00
ACC1    23.6   72.8  1  1    0.00    0.00
AEC1    67.0   89.2 -1 -1    0.00    0.00
AEC2    86.7   90.7 -1 -1    0.00    0.00
AEC3    93.5   87.7  1 -1    0.00    0.00
A02A   353.8  104.0  1  1    0.00    0.00
A04A   338.5  102.4  1  1    0.00    0.00
A05A    38.3  100.4  1  1    0.00    0.00
A06A     4.7   99.5  1  1    0.00    0.00
A08A    21.6   87.3  1  1    0.00    0.00
A09A   317.9   99.1  1  1    0.00    0.00
A12A   184.0   79.8  1  1    0.00    0.00
A14A   167.6   95.5  1  1    0.00    0.00
AAS1   106.8   64.7  0  0   -0.35    1.21
AAS2   137.2   30.8  0  0    0.00    0.00
AEC1    67.0   89.2  0  0    0.47    1.82
AEC2    86.7   90.7  0  0   -0.42    2.25
AEC3    93.5   87.7  0  0   -0.51    1.77
A02A   353.8  104.0  0  0    0.00    0.00
A04A   338.5  102.4  0  0   -0.37    1.02
A05A    38.3  100.4  0  0    0.00    0.00
A06A     4.7   99.5  0  0    0.00    0.00
A08A    21.6   87.3  0  0    0.44    1.67
A09A   317.9   99.1  0  0   -0.50    1.15
A12A   184.0   79.8  0  0    0.02    1.14
A14A   167.6   95.5  0  0   -0.05    1.45
             387  14   8   6 1
AAS2   228.4   66.9  1 -1    0.00    0.00
ACC1   283.1   50.3  1  1    0.00    0.00
AEC1   107.5   17.2 -1 -1    0.00    0.00
AEC2   142.8   45.7  1 -1    0.00    0.00
AEC3   160.4   49.4  1  1    0.00    0.00
A05A    13.7   64.2  1  1    0.00    0.00
A08A   315.9   54.6  1  1    0.00    0.00
A10A    69.6   68.0  1 -1    0.00    0.00
AAS2   228.4   66.9  0  0    0.00    0.00
AEC1   107.5   17.2  0  0   -0.39    1.53
AEC3   160.4   49.4  0  0   -0.33    0.18
A05A    13.7   64.2  0  0    0.46    0.60
A08A   315.9   54.6  0  0    0.02    0.59
A10A    69.6   68.0  0  0   -0.60    0.90
             388  13   8   5 1
AAS1   202.3   59.7  1 -1    0.00    0.00
ACC1   273.9   46.6  1  1    0.00    0.00
AEC2   146.1   50.7  1 -1    0.00    0.00
AEC3   160.8   54.2 -1 -1    0.00    0.00
A05A    17.5   59.7  1  1    0.00    0.00
A07A   297.5   74.1  1  1    0.00    0.00
A08A   311.3   48.6  1  1    0.00    0.00
A10A    75.6   67.0  1 -1    0.00    0.00
AEC3   160.8   54.2  0  0   -0.25    0.34
A05A    17.5   59.7  0  0    0.13    0.47
A07A   297.5   74.1  0  0    0.01    1.02
A08A   311.3   48.6  0  0   -0.10    0.67
A10A    75.6   67.0  0  0   -0.65    0.96
             389  17   9   8 1
AAS1   202.3   65.1  1 -1    0.00    0.00
ACC1   272.6   51.5  1  1    0.00    0.00
AEC1   130.4   26.8  1 -1    0.00    0.00
AEC2   147.0   55.9  1 -1    0.00    0.00
AEC3   161.4   59.6 -1 -1    0.00    0.00
A05A    17.4   64.0  1  1    0.00    0.00
A07A   296.9   78.5  1  1    0.00    0.00
A08A   310.1   53.0  1  1    0.00    0.00
A10A    76.2   71.5 -1 -1    0.00    0.00
AAS1   202.3   65.1  0  0    0.00    0.00
AEC1   130.4   26.8  0  0   -0.42    0.91
AEC2   147.0   55.9  0  0   -0.92    0.45
AEC3   161.4   59.6  0  0   -0.28    0.47
A05A    17.4   64.0  0  0    0.26    0.59
A07A   296.9   78.5  0  0   -0.07    1.17
A08A   310.1   53.0  0  0   -0.34    0.65
A10A    76.2   71.5  0  0   -0.55    1.04
             390  15   8   7 1
AAS1   202.4   62.3  1  1    0.00    0.00
ACC1   275.2   49.4  1  1    0.00    0.00
AEC1   124.7   25.0 -1 -1    0.00    0.00
AEC2   145.1   53.3  1  1    0.00    0.00
AEC3   160.1   56.8  1  1    0.00    0.00
A05A    17.5   63.4  1  1    0.00    0.00
A08A   312.5   51.9  1  1    0.00    0.00
A10A    75.0   70.3 -1 -1    0.00    0.00
AAS1   202.4   62.3  0  0   -0.14    0.58
AEC1   124.7   25.0  0  0   -0.45    1.03
AEC2   145.1   53.3  0  0   -0.84    0.45
AEC3   160.1   56.8  0  0   -0.39    0.39
A05A    17.5   63.4  0  0   -0.03    0.58
A08A   312.5   51.9  0  0   -0.21    0.63
A10A    75.0   70.3  0  0   -0.71    1.00
             391  14   8   6 1
AEC1   157.9   80.2  1  1    0.00    0.00
A03A    21.7   41.7 -1 -1    0.00    0.00
A06A   273.3   39.5  1  1    0.00    0.00
A07A   238.4   69.8  1  1    0.00    0.00
A08A   192.2   59.0  1  1    0.00    0.00
A09A   255.4   86.6  1  1    0.00    0.00
A10A   122.9   83.8  1  1    0.00    0.00
A11A   220.7   85.4  1  1    0.00    0.00
A03A    21.7   41.7  0  0   -0.51    0.05
A06A   273.3   39.5  0  0   -0.76    1.78
A07A   238.4   69.8  0  0    0.34    0.86
A08A   192.2   59.0  0  0    0.37    0.44
A10A   122.9   83.8  0  0    0.00    0.00
A11A   220.7   85.4  0  0    0.00    0.00
             392  17   9   8 1
AAS1   319.6   58.5  1  1    0.00    0.00
AAS2   295.6   80.3  1  1    0.00    0.00
AEC1    15.5   88.4 -1 -1    0.00    0.00
AEC2    37.3   78.0  1 -1    0.00    0.00
AEC3    35.5   66.4 -1 -1    0.00    0.00
AID1    88.3   47.3  1  1    0.00    0.00
A06A   343.3  108.4 -1 -1    0.00    0.00
A13A   145.0   84.6 -1  1    0.00    0.00
A14A   206.4   92.5  1 -1    0.00    0.00
AAS1   319.6   58.5  0  0   -0.70    0.58
AAS2   295.6   80.3  0  0    0.00    0.00
AEC1    15.5   88.4  0  0   -0.01    1.90
AEC3    35.5   66.4  0  0   -0.05    0.69
AID1    88.3   47.3  0  0   -0.33    2.13
A06A   343.3  108.4  0  0    0.00    0.00
A13A   145.0   84.6  0  0    0.06    1.37
A14A   206.4   92.5  0  0   -0.12    1.69
             393  14   8   6 1
AAS1   103.6   62.0  1  1    0.00    0.00
AAS2   139.4   22.6 -1 -1    0.00    0.00
ACC1    18.7   75.4  1  1    0.00    0.00
AEC1    63.9   89.7  1  1    0.00    0.00
AEC2    84.4   90.8  1  1    0.00    0.00
A09A   317.7  101.9  1  1    0.00    0.00
A12A   187.6   79.5 -1  1    0.00    0.00
A14A   169.2   95.7  1  1    0.00    0.00
AAS1   103.6   62.0  0  0   -0.07    1.17
AAS2   139.4   22.6  0  0    0.10    0.90
AEC1    63.9   89.7  0  0    0.54    2.15
A09A   317.7  101.9  0  0   -0.25    1.05
A12A   187.6   79.5  0  0    0.00    1.13
A14A   169.2   95.7  0  0   -0.05    1.41
             394  14   8   6 1
AAS1   111.7   70.2  1  1    0.00    0.00
AAS2   145.2   39.2  1  1    0.00    0.00
ACC1    25.4   74.6  1 -1    0.00    0.00
AEC2    89.1   93.5  1  1    0.00    0.00
AEC3    96.2   91.2  1  1    0.00    0.00
A06A     4.9  102.0  1  1    0.00    0.00
A09A   316.7  101.7 -1  1    0.00    0.00
A11A   307.0   74.9  1  1    0.00    0.00
AAS1   111.7   70.2  0  0   -0.25    0.98
AAS2   145.2   39.2  0  0    0.00    0.00
AEC3    96.2   91.2  0  0   -0.09    2.40
A06A     4.9  102.0  0  0    0.00    0.00
A09A   316.7  101.7  0  0   -0.64    1.06
A11A   307.0   74.9  0  0    0.82    0.99
             395  15   8   7 1
ACC1   177.4   84.6  1  1    0.00    0.00
A01A     9.8   70.7  1  1    0.00    0.00
A02A   295.8   49.2  1 -1    0.00    0.00
A03A    97.7   47.6  1 -1    0.00    0.00
A04A   257.0   72.3 -1 -1    0.00    0.00
A05A   131.0   77.4  1 -1    0.00    0.00
A06A   188.8   44.1  1  1    0.00    0.00
A07A   206.5   75.0  1  1    0.00    0.00
A01A     9.8   70.7  0  0    0.57    0.80
A02A   295.8   49.2  0  0    0.56    0.81
A03A    97.7   47.6  0  0   -0.67    1.31
A04A   257.0   72.3  0  0    0.12    1.20
A05A   131.0   77.4  0  0    0.33    1.01
A06A   188.8   44.1  0  0   -0.50   -0.10
A07A   206.5   75.0  0  0   -0.29    0.97
             396  22  11  11 1
AEC1   146.2   69.2  1  1    0.00    0.00
AEC2   150.2   83.6 -1  1    0.00    0.00
A03A     4.3   79.5  1  1    0.00    0.00
A04A   301.6   92.4 -1  1    0.00    0.00
A05A    56.2   58.1 -1 -1    0.00    0.00
A06A   322.6   71.3  1  1    0.00    0.00
A07A   277.0   75.6  1  1    0.00    0.00
A08A   251.8   30.3 -1 -1    0.00    0.00
A10A   100.4   85.4  1  1    0.00    0.00
A13A   164.0   98.3  1  1    0.00    0.00
A14A   187.1   99.4  1  1    0.00    0.00
AEC1   146.2   69.2  0  0   -0.14    0.77
AEC2   150.2   83.6  0  0   -0.58    1.32
A03A     4.3   79.5  0  0   -0.69    1.12
A04A   301.6   92.4  0  0   -0.26    1.68
A05A    56.2   58.1  0  0   -0.09    0.67
A06A   322.6   71.3  0  0   -0.21    0.86
A07A   277.0   75.6  0  0    0.14    1.54
A08A   251.8   30.3  0  0   -0.42    1.14
A10A   100.4   85.4  0  0   -0.76    1.51
A13A   164.0   98.3  0  0    0.00    0.00
A14A   187.1   99.4  0  0    0.00    0.00
             397  16   8   8 1
A01A    10.0   61.1  1 -1    0.00    0.00
A02A   296.0   40.0  1  1    0.00    0.00
A03A    97.6   39.1  1  1    0.00    0.00
A04A   256.9   62.6  1  1    0.00    0.00
A05A   130.9   68.3  1  1    0.00    0.00
A06A   188.3   35.7  1 -1    0.00    0.00
A07A   206.3   65.6  1 -1    0.00    0.00
A11A   203.1   82.2 -1 -1    0.00    0.00
A01A    10.0   61.1  0  0    0.57    0.50
A02A   296.0   40.0  0  0    0.63    1.03
A03A    97.6   39.1  0  0   -0.74    2.05
A04A   256.9   62.6  0  0    0.13    0.97
A05A   130.9   68.3  0  0    0.28    0.80
A06A   188.3   35.7  0  0   -0.53    0.23
A07A   206.3   65.6  0  0   -0.30    0.68
A11A   203.1   82.2  0  0   -0.11    1.29
             398  18  10   8 1
AAS1   109.9   69.1  1  1    0.00    0.00
AAS2   145.2   35.5  1  1    0.00    0.00
ACC1    23.1   76.0  1 -1    0.00    0.00
AEC1    67.8   92.2 -1 -1    0.00    0.00
AEC2    87.9   93.6 -1  1    0.00    0.00
AEC3    95.0   90.9  1  1    0.00    0.00
A05A    38.4  103.4 -1 -1    0.00    0.00
A06A     4.2  102.6 -1 -1    0.00    0.00
A12A   185.1   85.1 -1 -1    0.00    0.00
A14A   168.5   99.2 -1 -1    0.00    0.00
AAS1   109.9   69.1  0  0   -0.31    1.02
AAS2   145.2   35.5  0  0    0.00    0.00
AEC1    67.8   92.2  0  0    0.40    2.05
AEC3    95.0   90.9  0  0   -0.19    3.14
A05A    38.4  103.4  0  0    0.06    1.03
A06A     4.2  102.6  0  0    0.00    0.00
A12A   185.1   85.1  0  0   -0.13    1.46
A14A   168.5   99.2  0  0   -0.07    1.20
             399  15   8   7 1
AAS1   108.1   69.9  1  1    0.00    0.00
AAS2   139.5   35.6  1  1    0.00    0.00
AEC2    87.3   93.9 -1  1    0.00    0.00
AEC3    94.2   91.5  1  1    0.00    0.00
A08A    21.9   90.7  1  1    0.00    0.00
A09A   317.6  102.4  1  1    0.00    0.00
A11A   309.6   76.7 -1  1    0.00    0.00
A14A   167.7   99.1  1  1    0.00    0.00
AAS1   108.1   69.9  0  0   -0.33    1.13
AAS2   139.5   35.6  0  0    0.00    0.00
AEC3    94.2   91.5  0  0   -0.28    2.57
A08A    21.9   90.7  0  0    0.12    2.59
A09A   317.6  102.4  0  0   -0.49    1.03
A11A   309.6   76.7  0  0    0.82    1.07
A14A   167.7   99.1  0  0    0.00    0.00
             400  20  10  10 1
A01A     7.3   71.2 -1 -1    0.00    0.00
A02A   298.8   51.8  1  1    0.00    0.00
A03A    92.0   43.9  1  1    0.00    0.00
A04A   260.2   72.2 -1  1    0.00    0.00
A05A   130.3   74.9  1  1    0.00    0.00
A06A   194.9   40.0  1 -1    0.00    0.00
A08A   172.3   75.0 -1 -1    0.00    0.00
A10A   128.3   90.8  1  1    0.00    0.00
A11A   204.9   88.4  1 -1    0.00    0.00
A12A   185.9   97.5 -1 -1    0.00    0.00
A01A     7.3   71.2  0  0    0.06    0.82
A02A   298.8   51.8  0  0    0.24    0.89
A03A    92.0   43.9  0  0   -0.59    1.76
A04A   260.2   72.2  0  0    0.11    1.10
A05A   130.3   74.9  0  0    0.32    0.94
A06A   194.9   40.0  0  0    0.01    0.05
A08A   172.3   75.0  0  0    0.06    0.94
A10A   128.3   90.8  0  0    0.00    0.00
A11A   204.9   88.4  0  0    0.00    0.00
A12A   185.9   97.5  0  0    0.00    0.00
             401  24  12  12 1
AAS2   182.8   91.8  1  1    0.00    0.00
ACC1   179.1   81.1 -1  1    0.00    0.00
AEC1   155.0   86.7  1  1    0.00    0.00
AID1   162.2   94.9  1  1    0.00    0.00
A01A     7.1   66.7  1  1    0.00    0.00
A03A    97.6   40.8  1 -1    0.00    0.00
A05A   132.3   72.6 -1 -1    0.00    0.00
A06A   194.5   40.8  1  1    0.00    0.00
A07A   208.7   71.6  1  1    0.00    0.00
A08A   173.0   73.3  1  1    0.00    0.00
A11A   204.6   86.6  1  1    0.00    0.00
A12A   186.0   96.9 -1  1    0.00    0.00
AAS2   182.8   91.8  0  0    0.00    0.00
ACC1   179.1   81.1  0  0    0.11    1.20
AEC1   155.0   86.7  0  0   -0.30    1.58
AID1   162.2   94.9  0  0    0.00    0.00
A01A     7.1   66.7  0  0    0.04    0.68
A03A    97.6   40.8  0  0   -0.68    1.76
A05A   132.3   72.6  0  0    0.51    0.88
A06A   194.5   40.8  0  0   -0.32    0.03
A07A   208.7   71.6  0  0    0.08    0.85
A08A   173.0   73.3  0  0    0.00    0.00
A11A   204.6   86.6  0  0    0.00    0.00
A12A   186.0   96.9  0  0    0.00    0.00
             402  25  13  12 1
AAS1   115.6   68.3  1  1    0.00    0.00
ACC1    25.8   70.4  1 -1    0.00    0.00
AEC1    71.0   89.9 -1 -1    0.00    0.00
AEC2    90.9   91.8 -1 -1    0.00    0.00
AID1   116.9   92.1 -1  1    0.00    0.00
A02A   353.3  106.2  1  1    0.00    0.00
A03A    19.1  105.2 -1 -1    0.00    0.00
A05A    39.8  101.7 -1 -1    0.00    0.00
A06A     4.5  100.4 -1 -1    0.00    0.00
A07A   345.4   90.7  1  1    0.00    0.00
A09A   315.5  100.5  1  1    0.00    0.00
A10A    67.2  104.5 -1 -1    0.00    0.00
A12A   184.5   84.8 -1 -1    0.00    0.00
AAS1   115.6   68.3  0  0   -0.18    0.92
ACC1    25.8   70.4  0  0   -0.49    0.79
AEC1    71.0   89.9  0  0    0.31    2.05
AID1   116.9   92.1  0  0    0.19    2.22
A02A   353.3  106.2  0  0    0.00    0.00
A03A    19.1  105.2  0  0    0.00    0.00
A05A    39.8  101.7  0  0    0.00    0.00
A06A     4.5  100.4  0  0    0.00    0.00
A07A   345.4   90.7  0  0    0.32    2.08
A09A   315.5  100.5  0  0   -0.53    1.09
A10A    67.2  104.5  0  0    0.00    0.00
A12A   184.5   84.8  0  0   -0.09    1.44
             403  18   9   9 1
AAS1    98.9   59.2  1 -1    0.00    0.00
ACC1    19.3   73.9  1  1    0.00    0.00
AEC1    62.7   87.8  1 -1    0.00    0.00
AEC2    82.7   88.9  1 -1    0.00    0.00
AEC3    89.2   85.0 -1 -1    0.00    0.00
A09A   319.0   97.5  1  1    0.00    0.00
A11A   313.8   73.9  1  1    0.00    0.00
A12A   186.4   74.4  1  1    0.00    0.00
A14A   168.0   92.6  1  1    0.00    0.00
AAS1    98.9   59.2  0  0   -0.31    1.49
ACC1    19.3   73.9  0  0   -0.31    0.90
AEC1    62.7   87.8  0  0    0.53    1.63
AEC2    82.7   88.9  0  0   -0.13    1.77
AEC3    89.2   85.0  0  0   -0.32    1.61
A09A   319.0   97.5  0  0   -0.24    1.23
A11A   313.8   73.9  0  0    0.79    0.97
A12A   186.4   74.4  0  0   -0.09    0.93
A14A   168.0   92.6  0  0   -0.37    1.81
             404  16   9   7 1
ACC1   331.5   90.1  1  1    0.00    0.00
AEC1    12.9   80.3  1  1    0.00    0.00
AEC2    35.9   66.5  1  1    0.00    0.00
AEC3    33.1   52.9  1  1    0.00    0.00
AID1    99.8   34.6  1 -1    0.00    0.00
A08A   342.1   95.1  1  1    0.00    0.00
A12A   244.5   84.6  1  1    0.00    0.00
A13A   150.3   78.1  1  1    0.00    0.00
A14A   207.8   88.9  1  1    0.00    0.00
AEC1    12.9   80.3  0  0   -0.12    1.15
AEC2    35.9   66.5  0  0   -0.68    0.69
AEC3    33.1   52.9  0  0   -0.61    0.32
AID1    99.8   34.6  0  0    0.00    0.00
A12A   244.5   84.6  0  0   -0.37    1.48
A13A   150.3   78.1  0  0    0.00    0.00
A14A   207.8   88.9  0  0   -0.15    2.22
             405  22  11  11 1
AAS1   109.3   63.8  1  1    0.00    0.00
AAS2   141.5   32.1 -1  1    0.00    0.00
ACC1    24.5   70.2  1  1    0.00    0.00
AEC1    68.2   87.9  1 -1    0.00    0.00
AEC2    87.9   89.9 -1 -1    0.00    0.00
A05A    38.8   98.3 -1 -1    0.00    0.00
A07A   346.8   89.5  1  1    0.00    0.00
A09A   317.3   97.2  1  1    0.00    0.00
A10A    65.7  100.5 -1 -1    0.00    0.00
A12A   183.9   79.5 -1  1    0.00    0.00
A14A   167.8   94.7  1  1    0.00    0.00
AAS1   109.3   63.8  0  0   -0.03    1.11
AAS2   141.5   32.1  0  0    0.00    0.00
ACC1    24.5   70.2  0  0   -0.68    0.78
AEC1    68.2   87.9  0  0    0.23    1.67
AEC2    87.9   89.9  0  0   -0.37    2.08
A05A    38.8   98.3  0  0    0.00    0.00
A07A   346.8   89.5  0  0    0.16    2.83
A09A   317.3   97.2  0  0   -0.14    1.26
A10A    65.7  100.5  0  0    0.00    0.00
A12A   183.9   79.5  0  0    0.20    1.12
A14A   167.8   94.7  0  0   -0.32    1.51
             406  34  17  17 1
AAS1   111.6   58.6  1  1    0.00    0.00
AAS2   149.9   28.8 -1 -1    0.00    0.00
ACC1    22.5   65.4  1  1    0.00    0.00
AEC1    68.2   83.8  1  1    0.00    0.00
AEC2    88.5   86.0  1  1    0.00    0.00
AID1   115.0   86.0  1  1    0.00    0.00
A01A     6.4  102.9 -1  1    0.00    0.00
A04A   337.3   97.4  1  1    0.00    0.00
A05A    38.3   94.4  1  1    0.00    0.00
A06A     3.8   94.0 -1  1    0.00    0.00
A07A   345.2   86.4  1  1    0.00    0.00
A08A    20.8   81.7  1  1    0.00    0.00
A09A   316.2   94.0  1  1    0.00    0.00
A11A   306.3   67.6  1  1    0.00    0.00
A12A   185.8   76.9  1  1    0.00    0.00
A13A   133.6   94.2  1  1    0.00    0.00
A14A   169.1   91.7  1  1    0.00    0.00
AAS1   111.6   58.6  0  0   -0.03    0.95
AAS2   149.9   28.8  0  0    0.00    0.00
ACC1    22.5   65.4  0  0   -0.46    0.65
AEC1    68.2   83.8  0  0    0.14    1.33
AEC2    88.5   86.0  0  0   -0.32    1.66
AID1   115.0   86.0  0  0    0.17    1.49
A01A     6.4  102.9  0  0    0.00    0.00
A04A   337.3   97.4  0  0    0.36    1.26
A05A    38.3   94.4  0  0    0.00    0.00
A06A     3.8   94.0  0  0   -0.05    1.57
A07A   345.2   86.4  0  0    0.19    1.63
A08A    20.8   81.7  0  0    0.55    1.22
A09A   316.2   94.0  0  0   -0.41    1.50
A11A   306.3   67.6  0  0    0.55    0.83
A12A   185.8   76.9  0  0    0.15    1.02
A13A   133.6   94.2  0  0    0.62    1.60
A14A   169.1   91.7  0  0   -0.55    1.97
             407  26  13  13 1
AAS1   102.9   63.0  1 -1    0.00    0.00
AAS2   132.4   24.7  1 -1    0.00    0.00
ACC1    20.7   75.0  1  1    0.00    0.00
AEC1    64.5   89.6 -1 -1    0.00    0.00
AEC2    84.5   90.7 -1 -1    0.00    0.00
A02A   353.4  104.8 -1 -1    0.00    0.00
A06A     3.9  100.9 -1  1    0.00    0.00
A07A   346.5   92.2  1  1    0.00    0.00
A08A    19.7   88.8  1  1    0.00    0.00
A09A   318.3  100.5 -1 -1    0.00    0.00
A10A    63.6  102.8  1 -1    0.00    0.00
A11A   311.9   75.2  1  1    0.00    0.00
A14A   168.1   95.2  1  1    0.00    0.00
AAS1   102.9   63.0  0  0   -0.26    1.21
AAS2   132.4   24.7  0  0    0.20    0.93
ACC1    20.7   75.0  0  0   -0.08    0.93
AEC1    64.5   89.6  0  0    0.62    1.90
AEC2    84.5   90.7  0  0   -0.15    2.23
A02A   353.4  104.8  0  0    0.00    0.00
A06A     3.9  100.9  0  0    0.00    0.00
A07A   346.5   92.2  0  0    0.60    1.75
A08A    19.7   88.8  0  0    0.26    1.93
A09A   318.3  100.5  0  0   -0.67    1.08
A10A    63.6  102.8  0  0    0.00    0.00
A11A   311.9   75.2  0  0    0.90    1.02
A14A   168.1   95.2  0  0   -0.21    1.47
             408  16   8   8 1
AAS1   324.1   77.4  1  1    0.00    0.00
AAS2   301.7   93.0  1  1    0.00    0.00
AEC1    11.3   99.0 -1 -1    0.00    0.00
AEC3    24.5   80.5  1 -1    0.00    0.00
AID1    62.8   52.9 -1 -1    0.00    0.00
A05A     7.3  111.2 -1 -1    0.00    0.00
A12A   253.7   96.0 -1 -1    0.00    0.00
A14A   212.0   97.7  1 -1    0.00    0.00
AAS1   324.1   77.4  0  0   -0.28    1.07
AAS2   301.7   93.0  0  0   -0.19    1.54
AEC1    11.3   99.0  0  0   -0.09    1.21
AEC3    24.5   80.5  0  0   -0.30    1.15
AID1    62.8   52.9  0  0   -0.32    0.79
A05A     7.3  111.2  0  0    0.00    0.00
A12A   253.7   96.0  0  0   -0.02    1.33
A14A   212.0   97.7  0  0   -0.47    1.23
             409  17   9   8 1
AAS1   326.2   59.9 -1 -1    0.00    0.00
AAS2   299.2   80.5  1 -1    0.00    0.00
AEC1    17.0   90.5  1  1    0.00    0.00
AEC2    38.0   81.2  1  1    0.00    0.00
AEC3    36.6   70.8  1  1    0.00    0.00
AID1    83.1   52.7  1  1    0.00    0.00
A07A   328.5  107.1 -1 -1    0.00    0.00
A08A   346.3  101.4  1 -1    0.00    0.00
A12A   246.8   87.7  1  1    0.00    0.00
AAS1   326.2   59.9  0  0   -0.11    0.61
AAS2   299.2   80.5  0  0   -0.14    1.25
AEC1    17.0   90.5  0  0   -0.29    2.78
AEC3    36.6   70.8  0  0   -0.46    0.80
AID1    83.1   52.7  0  0   -0.47    1.09
A07A   328.5  107.1  0  0    0.00    0.00
A08A   346.3  101.4  0  0   -0.54    1.07
A12A   246.8   87.7  0  0   -0.35    2.04
             410  15   8   7 1
AAS1   103.4   60.9  1  1    0.00    0.00
AAS2   136.9   22.5 -1  1    0.00    0.00
ACC1    19.4   73.9  1 -1    0.00    0.00
AEC1    64.1   88.5  1  1    0.00    0.00
AEC2    84.4   89.8 -1  1    0.00    0.00
AEC3    91.2   86.1  1  1    0.00    0.00
A13A   131.8   98.0  1  1    0.00    0.00
A14A   168.8   94.5 -1 -1    0.00    0.00
AAS1   103.4   60.9  0  0   -0.13    1.54
AAS2   136.9   22.5  0  0    0.11    0.99
AEC1    64.1   88.5  0  0    0.46    1.74
AEC2    84.4   89.8  0  0   -0.37    1.96
AEC3    91.2   86.1  0  0    0.00    1.52
A13A   131.8   98.0  0  0    0.00    0.00
A14A   168.8   94.5  0  0   -0.21    1.55
             411  28  14  14 1
AAS1   112.9   61.0  1  1    0.00    0.00
AAS2   151.4   31.5 -1 -1    0.00    0.00
ACC1    22.9   66.8  1  1    0.00    0.00
AEC1    68.8   85.7  1  1    0.00    0.00
AEC2    89.1   88.1  1  1    0.00    0.00
AID1   115.6   88.2 -1  1    0.00    0.00
A02A   352.9  100.7 -1 -1    0.00    0.00
A03A    18.3   99.5  1 -1    0.00    0.00
A06A     3.8   95.5 -1 -1    0.00    0.00
A08A    21.0   83.3  1  1    0.00    0.00
A10A    66.0   98.7 -1  1    0.00    0.00
A12A   185.8   79.4 -1 -1    0.00    0.00
A13A   133.9   96.1  1  1    0.00    0.00
A14A   169.2   93.8  1 -1    0.00    0.00
AAS1   112.9   61.0  0  0   -0.01    0.97
AAS2   151.4   31.5  0  0    0.00    0.00
ACC1    22.9   66.8  0  0   -0.29    0.68
AEC1    68.8   85.7  0  0    0.42    1.44
AEC2    89.1   88.1  0  0   -0.11    1.73
AID1   115.6   88.2  0  0    0.08    1.72
A02A   352.9  100.7  0  0    0.00    0.00
A03A    18.3   99.5  0  0    0.00    0.00
A06A     3.8   95.5  0  0   -0.42    1.42
A08A    21.0   83.3  0  0    0.00    0.00
A10A    66.0   98.7  0  0    0.00    0.00
A12A   185.8   79.4  0  0   -0.02    1.12
A13A   133.9   96.1  0  0    0.69    1.44
A14A   169.2   93.8  0  0   -0.23    1.62
             412  15   8   7 1
A04A   339.7   85.1  1  1    0.00    0.00
A05A    51.0   84.5  1  1    0.00    0.00
A06A    13.3   80.3  1  1    0.00    0.00
A07A   353.6   64.0  1  1    0.00    0.00
A08A    41.8   65.1  1  1    0.00    0.00
A10A    76.1   90.2  1  1    0.00    0.00
A12A   174.3   76.3  1  1    0.00    0.00
A14A   164.5   87.8  1  1    0.00    0.00
A04A   339.7   85.1  0  0   -0.09    1.50
A05A    51.0   84.5  0  0   -0.21    1.37
A06A    13.3   80.3  0  0   -0.83    1.15
A07A   353.6   64.0  0  0   -0.08    0.61
A08A    41.8   65.1  0  0    0.39    0.67
A12A   174.3   76.3  0  0   -0.34    0.99
A14A   164.5   87.8  0  0   -0.41    1.77
             413  18   9   9 1
AAS1   112.9   61.9  1  1    0.00    0.00
ACC1    22.9   67.6  1 -1    0.00    0.00
AEC1    68.8   86.4  1 -1    0.00    0.00
AID1   115.6   88.8 -1  1    0.00    0.00
A05A    38.6   97.1 -1 -1    0.00    0.00
A09A   315.9   96.6  1  1    0.00    0.00
A11A   305.4   70.1  1  1    0.00    0.00
A12A   185.8   80.1  1  1    0.00    0.00
A14A   169.2   94.5  1  1    0.00    0.00
AAS1   112.9   61.9  0  0   -0.13    0.94
ACC1    22.9   67.6  0  0   -0.26    0.70
AEC1    68.8   86.4  0  0    0.30    1.49
AID1   115.6   88.8  0  0    0.12    1.80
A05A    38.6   97.1  0  0   -0.00    1.36
A09A   315.9   96.6  0  0   -0.61    1.29
A11A   305.4   70.1  0  0    0.61    0.89
A12A   185.8   80.1  0  0   -0.27    1.16
A14A   169.2   94.5  0  0   -0.40    1.53
             414  25  13  12 1
AAS1   200.6   62.4  1 -1    0.00    0.00
AAS2   220.8   69.3 -1 -1    0.00    0.00
ACC1   268.1   46.8  1  1    0.00    0.00
AEC1   135.9   27.3 -1 -1    0.00    0.00
AEC2   148.4   53.9  1 -1    0.00    0.00
AEC3   161.9   57.5  1 -1    0.00    0.00
A05A    19.0   57.9  1  1    0.00    0.00
A07A   295.3   73.8  1  1    0.00    0.00
A08A   307.2   46.7  1  1    0.00    0.00
A09A   286.8   87.9  1  1    0.00    0.00
A11A   261.2   77.3  1  1    0.00    0.00
A12A   210.9   83.8 -1 -1    0.00    0.00
A13A   166.8   85.0  1  1    0.00    0.00
AAS1   200.6   62.4  0  0   -0.44    0.56
AAS2   220.8   69.3  0  0    0.31    0.79
AEC1   135.9   27.3  0  0   -0.34    0.87
AEC2   148.4   53.9  0  0   -0.76    0.46
AEC3   161.9   57.5  0  0   -0.19    0.43
A05A    19.0   57.9  0  0    0.08    0.40
A07A   295.3   73.8  0  0    0.11    1.05
A08A   307.2   46.7  0  0   -0.21    0.76
A09A   286.8   87.9  0  0    0.00    0.00
A11A   261.2   77.3  0  0   -0.18    1.18
A12A   210.9   83.8  0  0   -0.74    1.38
A13A   166.8   85.0  0  0    0.00    0.00
             415  17   9   8 1
ACC1   235.8   46.7  1  1    0.00    0.00
AEC1   147.9   49.4 -1 -1    0.00    0.00
AEC3   161.1   70.1 -1 -1    0.00    0.00
A03A   358.5   72.2 -1 -1    0.00    0.00
A05A    39.5   47.9  1 -1    0.00    0.00
A06A   322.2   66.6  1 -1    0.00    0.00
A08A   278.4   31.8  1  1    0.00    0.00
A10A    94.9   71.0  1  1    0.00    0.00
A11A   248.2   77.4  1  1    0.00    0.00
AEC1   147.9   49.4  0  0   -0.41    0.32
AEC3   161.1   70.1  0  0   -0.58    0.78
A03A   358.5   72.2  0  0   -0.73    0.85
A05A    39.5   47.9  0  0   -0.01    0.46
A06A   322.2   66.6  0  0    0.00    0.00
A08A   278.4   31.8  0  0   -0.31    1.47
A10A    94.9   71.0  0  0   -0.91    1.44
A11A   248.2   77.4  0  0   -0.58    1.14
             416  22  11  11 1
ACC1   215.7   51.8  1 -1    0.00    0.00
AEC1   146.7   63.3  1  1    0.00    0.00
AEC3   158.3   78.7  1  1    0.00    0.00
A02A   325.6   84.2  1  1    0.00    0.00
A03A     5.2   71.0  1  1    0.00    0.00
A04A   300.9   85.1  1  1    0.00    0.00
A05A    59.7   50.6  1 -1    0.00    0.00
A06A   321.9   62.3  1  1    0.00    0.00
A07A   275.1   67.5  1  1    0.00    0.00
A12A   199.0   91.1  1  1    0.00    0.00
A14A   186.7   95.0 -1  1    0.00    0.00
ACC1   215.7   51.8  0  0   -0.51    0.40
AEC1   146.7   63.3  0  0   -0.17    0.62
AEC3   158.3   78.7  0  0   -0.38    1.07
A02A   325.6   84.2  0  0   -0.38    1.44
A03A     5.2   71.0  0  0   -0.57    0.81
A04A   300.9   85.1  0  0   -0.26    1.56
A05A    59.7   50.6  0  0    0.18    0.71
A06A   321.9   62.3  0  0   -0.14    0.65
A07A   275.1   67.5  0  0   -0.35    1.81
A12A   199.0   91.1  0  0    0.00    0.00
A14A   186.7   95.0  0  0    0.00    0.00
             417  19  10   9 1
AAS1   113.6   70.9  1  1    0.00    0.00
AAS2   148.3   41.5  1  1    0.00    0.00
ACC1    25.8   74.1  1 -1    0.00    0.00
AEC1    70.2   92.1 -1 -1    0.00    0.00
A04A   337.6  106.0  1  1    0.00    0.00
A07A   346.0   93.0  1  1    0.00    0.00
A09A   316.2  101.8  1  1    0.00    0.00
A11A   305.4   75.0 -1  1    0.00    0.00
A12A   184.0   86.4 -1  1    0.00    0.00
A13A   133.8  103.6  1  1    0.00    0.00
AAS1   113.6   70.9  0  0   -0.09    1.02
AAS2   148.3   41.5  0  0    0.02    0.48
AEC1    70.2   92.1  0  0    0.39    2.28
A04A   337.6  106.0  0  0    0.13    0.90
A07A   346.0   93.0  0  0    0.22    1.63
A09A   316.2  101.8  0  0   -0.49    1.04
A11A   305.4   75.0  0  0    0.71    1.04
A12A   184.0   86.4  0  0   -0.08    1.60
A13A   133.8  103.6  0  0    0.00    0.00
             418  16   9   7 1
AAS2   157.8   64.0  1  1    0.00    0.00
ACC1    88.3   42.3  1 -1    0.00    0.00
AEC1    98.4   76.7  1  1    0.00    0.00
AEC2   111.9   81.9  1  1    0.00    0.00
AEC3   118.9   80.9  1  1    0.00    0.00
A06A    16.3   73.9  1 -1    0.00    0.00
A08A    56.9   56.5 -1 -1    0.00    0.00
A09A   303.2   74.2  1  1    0.00    0.00
A11A   242.7   37.5 -1 -1    0.00    0.00
AAS2   157.8   64.0  0  0   -0.00    0.61
AEC1    98.4   76.7  0  0   -0.27    1.43
AEC3   118.9   80.9  0  0   -0.05    1.19
A06A    16.3   73.9  0  0   -0.38    0.90
A08A    56.9   56.5  0  0   -0.09    0.67
A09A   303.2   74.2  0  0    0.03    0.99
A11A   242.7   37.5  0  0    0.46    0.87
             419  14   8   6 1
ACC1    88.3   43.7  1  1    0.00    0.00
AEC1    98.4   78.1  1  1    0.00    0.00
A03A    31.0   86.5  1  1    0.00    0.00
A06A    16.3   75.4  1  1    0.00    0.00
A07A   350.2   51.3 -1  1    0.00    0.00
A08A    56.9   58.0  1  1    0.00    0.00
A09A   303.2   75.7  1 -1    0.00    0.00
A11A   242.7   38.7 -1 -1    0.00    0.00
AEC1    98.4   78.1  0  0   -0.11    1.57
A06A    16.3   75.4  0  0   -0.32    0.95
A07A   350.2   51.3  0  0    0.00    0.00
A08A    56.9   58.0  0  0   -0.12    0.65
A09A   303.2   75.7  0  0    0.12    1.05
A11A   242.7   38.7  0  0    0.44    0.83
             420  14   8   6 1
ACC1    85.1   43.3  1  1    0.00    0.00
AEC1    97.3   78.1  1  1    0.00    0.00
A03A    30.3   87.0  1  1    0.00    0.00
A05A    58.1   83.4  1  1    0.00    0.00
A06A    15.5   76.2  1  1    0.00    0.00
A08A    54.7   58.6  1  1    0.00    0.00
A09A   304.0   76.5  1 -1    0.00    0.00
A11A   246.6   38.7 -1 -1    0.00    0.00
AEC1    97.3   78.1  0  0   -0.18    3.82
A05A    58.1   83.4  0  0    0.00    0.00
A06A    15.5   76.2  0  0   -0.16    0.99
A08A    54.7   58.6  0  0    0.00    0.61
A09A   304.0   76.5  0  0   -0.02    1.06
A11A   246.6   38.7  0  0    0.51    0.84
             421  26  13  13 1
AAS1   102.0   58.0  1 -1    0.00    0.00
AAS2   127.8   22.2 -1 -1    0.00    0.00
ACC1    21.4   70.0  1  1    0.00    0.00
AEC1    64.5   85.0  1  1    0.00    0.00
AEC2    84.3   86.5  1  1    0.00    0.00
AEC3    90.9   82.7 -1  1    0.00    0.00
AID1   110.6   85.2  1  1    0.00    0.00
A06A     4.3   94.7  1  1    0.00    0.00
A07A   347.2   88.0 -1  1    0.00    0.00
A08A    20.2   84.0  1  1    0.00    0.00
A09A   318.8   94.3  1  1    0.00    0.00
A11A   312.9   69.3  1  1    0.00    0.00
A12A   184.9   72.9  1  1    0.00    0.00
AAS1   102.0   58.0  0  0   -0.08    1.47
AAS2   127.8   22.2  0  0    0.08    1.08
ACC1    21.4   70.0  0  0   -0.47    0.78
AEC1    64.5   85.0  0  0    0.43    1.41
AEC2    84.3   86.5  0  0   -0.39    1.56
AEC3    90.9   82.7  0  0   -0.26    1.52
AID1   110.6   85.2  0  0    0.16    1.45
A06A     4.3   94.7  0  0   -0.06    1.49
A07A   347.2   88.0  0  0   -0.09    1.91
A08A    20.2   84.0  0  0    0.15    1.37
A09A   318.8   94.3  0  0   -0.96    1.48
A11A   312.9   69.3  0  0    0.84    0.85
A12A   184.9   72.9  0  0    0.13    0.87
             422  15   8   7 1
AAS1   103.3   62.1  1 -1    0.00    0.00
AAS2   135.7   23.4 -1 -1    0.00    0.00
ACC1    19.7   74.8  1  1    0.00    0.00
AEC2    84.4   90.4 -1 -1    0.00    0.00
A05A    36.5  101.3  1  1    0.00    0.00
A11A   311.2   75.7  1 -1    0.00    0.00
A13A   131.7   99.0 -1 -1    0.00    0.00
A14A   168.6   95.1  1  1    0.00    0.00
AAS1   103.3   62.1  0  0   -0.15    1.25
AAS2   135.7   23.4  0  0    0.00    0.00
AEC2    84.4   90.4  0  0   -0.25    2.19
A05A    36.5  101.3  0  0   -0.23    1.13
A11A   311.2   75.7  0  0    0.62    1.03
A13A   131.7   99.0  0  0    0.00    0.00
A14A   168.6   95.1  0  0   -0.33    1.47
             423  20  11   9 1
AAS1   321.7   61.5  1  1    0.00    0.00
AAS2   296.8   82.7  1  1    0.00    0.00
ACC1   335.6   97.2  1  1    0.00    0.00
AEC2    37.3   81.2  1  1    0.00    0.00
AEC3    35.5   70.1  1  1    0.00    0.00
AID1    86.0   50.7  1 -1    0.00    0.00
A03A   358.2  110.8  1  1    0.00    0.00
A08A   345.2  102.0 -1  1    0.00    0.00
A11A   305.2  103.0  1  1    0.00    0.00
A13A   144.0   87.0 -1  1    0.00    0.00
A14A   206.3   94.0  1  1    0.00    0.00
AAS1   321.7   61.5  0  0    0.05    0.63
AAS2   296.8   82.7  0  0    0.02    1.36
AEC2    37.3   81.2  0  0   -0.46    1.18
AEC3    35.5   70.1  0  0   -0.27    0.79
AID1    86.0   50.7  0  0   -0.29    1.44
A08A   345.2  102.0  0  0   -0.59    1.05
A11A   305.2  103.0  0  0   -0.12    1.03
A13A   144.0   87.0  0  0    0.00    0.00
A14A   206.3   94.0  0  0   -0.29    1.52
             424  17   9   8 1
AAS1   114.5   65.1  1 -1    0.00    0.00
AAS2   150.7   37.1 -1 -1    0.00    0.00
ACC1    25.3   68.2  1  1    0.00    0.00
AEC1    70.4   87.7  1  1    0.00    0.00
AEC2    90.3   90.0 -1 -1    0.00    0.00
A05A    39.5   98.6  1  1    0.00    0.00
A08A    22.5   84.4  1  1    0.00    0.00
A13A   134.1   99.3  1 -1    0.00    0.00
A14A   168.7   96.1 -1  1    0.00    0.00
AAS1   114.5   65.1  0  0   -0.08    0.93
AAS2   150.7   37.1  0  0    0.00    0.00
ACC1    25.3   68.2  0  0   -0.49    0.72
AEC1    70.4   87.7  0  0    0.31    1.64
A05A    39.5   98.6  0  0    0.15    1.26
A08A    22.5   84.4  0  0    0.18    1.38
A13A   134.1   99.3  0  0    0.00    0.00
A14A   168.7   96.1  0  0    0.05    1.39
             425  28  14  14 1
AAS1   112.3   59.4  1  1    0.00    0.00
AAS2   150.7   29.8 -1 -1    0.00    0.00
ACC1    22.7   65.7  1  1    0.00    0.00
AEC1    68.5   84.3  1 -1    0.00    0.00
AEC2    88.8   86.7  1  1    0.00    0.00
A01A     6.4  103.2  1  1    0.00    0.00
A04A   337.2   97.8 -1  1    0.00    0.00
A05A    38.4   94.8  1  1    0.00    0.00
A06A     3.8   94.3 -1  1    0.00    0.00
A09A   316.1   94.4 -1  1    0.00    0.00
A10A    65.8   97.5 -1 -1    0.00    0.00
A12A   185.8   77.8  1  1    0.00    0.00
A13A   133.8   94.7  1  1    0.00    0.00
A14A   169.1   92.4  1  1    0.00    0.00
AAS1   112.3   59.4  0  0   -0.01    0.94
AAS2   150.7   29.8  0  0    0.00    0.00
ACC1    22.7   65.7  0  0   -0.38    0.65
AEC1    68.5   84.3  0  0    0.45    1.37
AEC2    88.8   86.7  0  0   -0.13    1.72
A01A     6.4  103.2  0  0    0.00    0.00
A04A   337.2   97.8  0  0    0.11    1.25
A05A    38.4   94.8  0  0    0.00    0.00
A06A     3.8   94.3  0  0   -0.47    1.53
A09A   316.1   94.4  0  0   -0.45    1.47
A10A    65.8   97.5  0  0    0.00    0.00
A12A   185.8   77.8  0  0    0.16    1.05
A13A   133.8   94.7  0  0    0.64    1.54
A14A   169.1   92.4  0  0   -0.48    1.82
             426  16   9   7 1
ACC1   203.0   78.9  1  1    0.00    0.00
AEC1   156.2   86.5  1 -1    0.00    0.00
A04A   290.0   94.6  1 -1    0.00    0.00
A05A    95.0   57.9  1  1    0.00    0.00
A06A   300.8   63.0 -1 -1    0.00    0.00
A07A   254.6   81.3  1  1    0.00    0.00
A08A   207.0   58.0  1  1    0.00    0.00
A09A   264.2   98.8  1  1    0.00    0.00
A10A   115.3   92.7 -1 -1    0.00    0.00
AEC1   156.2   86.5  0  0   -0.10    1.55
A04A   290.0   94.6  0  0    0.00    0.00
A05A    95.0   57.9  0  0    0.33    1.80
A06A   300.8   63.0  0  0   -0.13    0.89
A07A   254.6   81.3  0  0   -0.44    1.29
A08A   207.0   58.0  0  0    0.02    0.45
A09A   264.2   98.8  0  0    0.00    0.00
             427  22  11  11 1
AAS1   228.8   45.3  1  1    0.00    0.00
AAS2   249.0   66.4 -1  1    0.00    0.00
AEC1    30.6   41.1  1  1    0.00    0.00
AEC3   129.8   33.0 -1 -1    0.00    0.00
A03A   355.6   93.4  1 -1    0.00    0.00
A04A   318.2   97.1 -1 -1    0.00    0.00
A06A   335.8   90.8 -1 -1    0.00    0.00
A07A   313.3   87.8 -1 -1    0.00    0.00
A08A   332.3   75.3 -1 -1    0.00    0.00
A12A   223.3   84.1  1  1    0.00    0.00
A14A   199.2   90.3 -1  1    0.00    0.00
AAS1   228.8   45.3  0  0   -0.79    0.55
AAS2   249.0   66.4  0  0   -0.30    0.89
AEC1    30.6   41.1  0  0   -0.16    0.30
AEC3   129.8   33.0  0  0   -0.18    0.84
A03A   355.6   93.4  0  0    0.00    0.00
A04A   318.2   97.1  0  0    0.00    0.00
A06A   335.8   90.8  0  0    0.00    0.00
A07A   313.3   87.8  0  0   -0.32    2.06
A08A   332.3   75.3  0  0   -0.66    0.99
A12A   223.3   84.1  0  0   -0.08    1.46
A14A   199.2   90.3  0  0   -0.47    2.33
             428  16   9   7 1
ACC1   164.0   96.8  1  1    0.00    0.00
A01A    46.0   76.0  1 -1    0.00    0.00
A02A   183.6   14.8  1  1    0.00    0.00
A03A   112.8   82.2  1  1    0.00    0.00
A04A   222.4   71.4 -1 -1    0.00    0.00
A05A   129.4   94.9  1  1    0.00    0.00
A06A   153.3   76.4  1  1    0.00    0.00
A08A   156.6   93.7 -1  1    0.00    0.00
A09A   215.4   92.2 -1 -1    0.00    0.00
A01A    46.0   76.0  0  0   -0.24    0.97
A02A   183.6   14.8  0  0   -0.14    0.95
A03A   112.8   82.2  0  0   -0.64    1.23
A04A   222.4   71.4  0  0   -0.47    0.87
A05A   129.4   94.9  0  0    0.00    0.00
A06A   153.3   76.4  0  0   -0.14    0.97
A09A   215.4   92.2  0  0   -0.56    1.70
             429  17   9   8 1
AAS1   327.8   64.9  1  1    0.00    0.00
AAS2   299.7   85.6  1  1    0.00    0.00
AEC1    17.7   95.6  1  1    0.00    0.00
AEC2    38.8   87.2  1  1    0.00    0.00
AEC3    37.7   77.2  1  1    0.00    0.00
AID1    83.4   59.7  1 -1    0.00    0.00
A08A   346.8  104.6  1  1    0.00    0.00
A11A   306.6  105.0  1  1    0.00    0.00
A14A   204.8   96.7  1  1    0.00    0.00
AAS1   327.8   64.9  0  0   -0.18    0.68
AAS2   299.7   85.6  0  0   -0.13    1.60
AEC1    17.7   95.6  0  0   -0.17    1.43
AEC3    37.7   77.2  0  0   -0.48    1.01
AID1    83.4   59.7  0  0   -0.49    1.24
A08A   346.8  104.6  0  0   -0.55    0.95
A11A   306.6  105.0  0  0    0.00    0.00
A14A   204.8   96.7  0  0   -0.37    1.31
             430  17   9   8 1
AAS1   326.8   64.2  1 -1    0.00    0.00
AAS2   299.3   84.8  1  1    0.00    0.00
AEC3    36.9   75.6  1  1    0.00    0.00
AID1    83.2   57.6  1  1    0.00    0.00
A05A    10.2  108.4  1  1    0.00    0.00
A08A   346.5  103.8  1  1    0.00    0.00
A11A   306.4  104.2  1  1    0.00    0.00
A12A   246.6   91.7  1  1    0.00    0.00
A14A   205.2   95.6  1  1    0.00    0.00
AAS1   326.8   64.2  0  0   -0.15    0.68
AAS2   299.3   84.8  0  0   -0.16    1.50
AEC3    36.9   75.6  0  0   -0.51    0.96
AID1    83.2   57.6  0  0   -0.48    1.08
A05A    10.2  108.4  0  0    0.00    0.00
A11A   306.4  104.2  0  0    0.00    0.00
A12A   246.6   91.7  0  0   -0.29    1.81
A14A   205.2   95.6  0  0   -0.27    1.39
             431  15   8   7 1
ACC1   163.8   96.0  1  1    0.00    0.00
A02A   255.2    4.3  1 -1    0.00    0.00
A03A   107.8   80.7  1  1    0.00    0.00
A04A   229.3   68.9 -1 -1    0.00    0.00
A06A   151.4   72.4  1  1    0.00    0.00
A08A   155.9   92.6  1  1    0.00    0.00
A09A   218.4   91.8 -1 -1    0.00    0.00
A13A   157.1  106.4 -1  1    0.00    0.00
A02A   255.2    4.3  0  0    0.19    1.96
A03A   107.8   80.7  0  0   -0.71    1.25
A04A   229.3   68.9  0  0   -0.34    0.82
A06A   151.4   72.4  0  0   -0.43    0.85
A08A   155.9   92.6  0  0   -0.03    1.87
A09A   218.4   91.8  0  0   -0.43    1.76
A13A   157.1  106.4  0  0    0.00    0.00
             432  22  11  11 1
AAS1   305.8   59.5  1  1    0.00    0.00
AAS2   290.3   79.4  1  1    0.00    0.00
AEC1     8.1   81.9  1  1    0.00    0.00
AEC2    28.9   67.0  1  1    0.00    0.00
AEC3    22.8   53.4  1  1    0.00    0.00
A06A   340.0  104.2  1  1    0.00    0.00
A07A   323.7  102.7 -1  1    0.00    0.00
A08A   339.9   97.0  1  1    0.00    0.00
A10A    35.1   97.9 -1 -1    0.00    0.00
A12A   247.4   87.5 -1 -1    0.00    0.00
A13A   153.9   77.0  1  1    0.00    0.00
AAS1   305.8   59.5  0  0   -0.61    0.78
AAS2   290.3   79.4  0  0    0.10    1.25
AEC1     8.1   81.9  0  0   -0.16    1.24
AEC2    28.9   67.0  0  0   -0.28    0.69
AEC3    22.8   53.4  0  0   -0.01    0.24
A06A   340.0  104.2  0  0    0.00    0.00
A07A   323.7  102.7  0  0   -0.56    1.02
A08A   339.9   97.0  0  0   -0.19    1.29
A10A    35.1   97.9  0  0   -0.44    1.28
A12A   247.4   87.5  0  0    0.12    1.92
A13A   153.9   77.0  0  0    0.00    0.00
             433  14   8   6 1
ACC1   330.4   93.3  1  1    0.00    0.00
AEC1     8.0   84.0 -1 -1    0.00    0.00
AEC2    27.3   70.4  1 -1    0.00    0.00
AEC3    21.2   57.9  1 -1    0.00    0.00
AID1    81.0   27.4 -1 -1    0.00    0.00
A10A    34.3   99.5 -1 -1    0.00    0.00
A11A   302.9  101.3  1  1    0.00    0.00
A12A   249.5   87.4  1  1    0.00    0.00
AEC1     8.0   84.0  0  0   -0.03    1.38
AEC3    21.2   57.9  0  0   -0.02    0.40
AID1    81.0   27.4  0  0    0.00    0.00
A10A    34.3   99.5  0  0    0.00    0.00
A11A   302.9  101.3  0  0   -0.29    1.10
A12A   249.5   87.4  0  0   -0.07    1.98
             434  19  11   8 1
AAS1   104.4   59.4  1  1    0.00    0.00
AAS2   136.6   23.4 -1 -1    0.00    0.00
AEC1    65.0   86.7  1  1    0.00    0.00
AEC2    85.1   88.3  1  1    0.00    0.00
AEC3    91.9   84.5  1  1    0.00    0.00
A08A    19.7   85.7  1 -1    0.00    0.00
A09A   317.9   96.3  1  1    0.00    0.00
A10A    63.9   98.9  1  1    0.00    0.00
A12A   186.0   76.1  1 -1    0.00    0.00
A13A   131.8   95.5  1  1    0.00    0.00
A14A   168.4   92.9  1  1    0.00    0.00
AAS1   104.4   59.4  0  0   -0.12    1.25
AAS2   136.6   23.4  0  0    0.00    0.00
AEC1    65.0   86.7  0  0    0.60    1.54
AEC3    91.9   84.5  0  0   -0.11    1.73
A08A    19.7   85.7  0  0    0.00    0.00
A12A   186.0   76.1  0  0   -0.01    0.99
A13A   131.8   95.5  0  0    0.00    0.00
A14A   168.4   92.9  0  0   -0.14    1.75
             435  19  10   9 1
ACC1   147.6   90.3  1  1    0.00    0.00
AEC1   132.8   97.2 -1 -1    0.00    0.00
AEC3   140.9   99.7 -1  1    0.00    0.00
A01A    37.0   90.1  1  1    0.00    0.00
A02A    29.0   57.6  1  1    0.00    0.00
A04A   276.7   30.0 -1 -1    0.00    0.00
A06A   106.1   66.2  1 -1    0.00    0.00
A07A   160.8   69.7  1  1    0.00    0.00
A08A   134.6   87.0  1  1    0.00    0.00
A11A   180.0   89.8  1  1    0.00    0.00
AEC1   132.8   97.2  0  0    0.00    0.00
AEC3   140.9   99.7  0  0    0.00    0.00
A01A    37.0   90.1  0  0    0.03    2.56
A02A    29.0   57.6  0  0    0.05    0.41
A04A   276.7   30.0  0  0   -0.03    3.56
A06A   106.1   66.2  0  0   -0.32    1.24
A07A   160.8   69.7  0  0    0.08    0.77
A08A   134.6   87.0  0  0    0.02    1.59
A11A   180.0   89.8  0  0   -0.37    2.69
             436  18  10   8 1
AAS1   326.0   79.0 -1 -1    0.00    0.00
AAS2   303.7   93.0 -1 -1    0.00    0.00
ACC1   335.8  104.0  1 -1    0.00    0.00
AEC2    27.2   90.6  1  1    0.00    0.00
AEC3    22.6   81.9  1  1    0.00    0.00
AID1    55.9   54.2  1  1    0.00    0.00
A11A   308.0  107.3  1 -1    0.00    0.00
A12A   256.0   95.2 -1  1    0.00    0.00
A13A   140.9   84.8 -1 -1    0.00    0.00
A14A   213.4   96.1  1  1    0.00    0.00
AAS1   326.0   79.0  0  0   -0.22    1.14
AAS2   303.7   93.0  0  0    0.09    1.54
AEC3    22.6   81.9  0  0   -0.04    1.22
AID1    55.9   54.2  0  0   -0.05    0.66
A11A   308.0  107.3  0  0   -0.44    0.89
A12A   256.0   95.2  0  0   -0.10    1.38
A13A   140.9   84.8  0  0    0.00    0.00
A14A   213.4   96.1  0  0   -0.37    1.32
             437  16   8   8 1
AEC1   158.8  102.0 -1  1    0.00    0.00
A01A   356.0   91.4  1  1    0.00    0.00
A03A    70.3   42.3  1 -1    0.00    0.00
A06A   226.9   58.2 -1 -1    0.00    0.00
A07A   221.6   91.1  1  1    0.00    0.00
A10A   129.6  104.2  1  1    0.00    0.00
A11A   212.1  104.6  1  1    0.00    0.00
A14A   182.2  110.9  1  1    0.00    0.00
AEC1   158.8  102.0  0  0   -0.32    1.07
A01A   356.0   91.4  0  0   -0.36    1.98
A03A    70.3   42.3  0  0   -0.47    0.89
A06A   226.9   58.2  0  0   -0.72    0.57
A07A   221.6   91.1  0  0   -0.62    1.98
A10A   129.6  104.2  0  0    0.00    0.00
A11A   212.1  104.6  0  0    0.00    0.00
A14A   182.2  110.9  0  0    0.00    0.00
             438  15   8   7 1
ACC1   165.7   95.1  1  1    0.00    0.00
A01A    42.2   73.0  1  1    0.00    0.00
A02A   217.3   14.7  1 -1    0.00    0.00
A03A   113.2   78.2  1  1    0.00    0.00
A04A   226.6   70.9 -1  1    0.00    0.00
A06A   156.5   72.8  1  1    0.00    0.00
A07A   183.7   87.1  1  1    0.00    0.00
A09A   217.7   90.8  1  1    0.00    0.00
A01A    42.2   73.0  0  0   -0.25    0.88
A02A   217.3   14.7  0  0    0.10    1.03
A03A   113.2   78.2  0  0   -0.87    1.14
A04A   226.6   70.9  0  0   -0.10    0.85
A06A   156.5   72.8  0  0    0.17    0.87
A07A   183.7   87.1  0  0    0.13    1.69
A09A   217.7   90.8  0  0    0.24    2.06
             439  28  14  14 1
AAS1   210.4   56.3 -1 -1    0.00    0.00
ACC1   290.4   54.3  1  1    0.00    0.00
AEC1    80.8   18.4 -1 -1    0.00    0.00
AEC2   136.5   44.5  1  1    0.00    0.00
AEC3   156.9   47.6  1  1    0.00    0.00
A04A   312.8   92.0  1  1    0.00    0.00
A05A    12.8   70.1 -1 -1    0.00    0.00
A07A   303.8   80.2  1  1    0.00    0.00
A09A   292.6   91.4  1  1    0.00    0.00
A10A    65.5   72.0 -1 -1    0.00    0.00
A11A   271.2   80.6  1  1    0.00    0.00
A12A   216.4   83.8 -1 -1    0.00    0.00
A13A   165.9   84.2  1  1    0.00    0.00
A14A   196.8   89.1 -1 -1    0.00    0.00
AAS1   210.4   56.3  0  0   -0.41    0.41
ACC1   290.4   54.3  0  0   -0.82    1.20
AEC1    80.8   18.4  0  0   -0.16    1.41
AEC2   136.5   44.5  0  0   -0.62    0.67
AEC3   156.9   47.6  0  0   -0.41    0.33
A04A   312.8   92.0  0  0    0.00    0.00
A05A    12.8   70.1  0  0    0.50    0.78
A07A   303.8   80.2  0  0   -0.29    1.24
A09A   292.6   91.4  0  0    0.00    0.00
A10A    65.5   72.0  0  0   -0.83    0.88
A11A   271.2   80.6  0  0   -0.37    1.41
A12A   216.4   83.8  0  0   -0.23    1.42
A13A   165.9   84.2  0  0    0.00    0.00
A14A   196.8   89.1  0  0   -0.14    2.37
             440  17   9   8 1
AAS1   209.0   57.8 -1 -1    0.00    0.00
ACC1   291.7   55.6  1  1    0.00    0.00
AEC1    80.0   21.9  1 -1    0.00    0.00
AEC2   134.1   47.4  1  1    0.00    0.00
A05A    14.0   72.8 -1 -1    0.00    0.00
A07A   304.5   82.0  1  1    0.00    0.00
A08A   322.1   62.4  1  1    0.00    0.00
A10A    65.7   75.0  1 -1    0.00    0.00
A11A   271.5   82.2  1  1    0.00    0.00
AAS1   209.0   57.8  0  0    0.00    0.00
AEC1    80.0   21.9  0  0   -0.33    1.32
AEC2   134.1   47.4  0  0   -0.38    0.69
A05A    14.0   72.8  0  0   -0.33    0.87
A07A   304.5   82.0  0  0   -0.44    1.34
A08A   322.1   62.4  0  0    0.03    0.69
A10A    65.7   75.0  0  0   -0.47    0.95
A11A   271.5   82.2  0  0   -0.26    1.47
             441  19  10   9 1
ACC1   290.6   55.9  1  1    0.00    0.00
AEC2   136.1   46.4  1 -1    0.00    0.00
AEC3   156.5   49.5  1 -1    0.00    0.00
A05A    13.1   72.0  1  1    0.00    0.00
A07A   303.9   81.8  1  1    0.00    0.00
A08A   320.7   62.2  1  1    0.00    0.00
A10A    65.6   73.9  1  1    0.00    0.00
A11A   271.2   82.1  1  1    0.00    0.00
A12A   216.2   85.3  1  1    0.00    0.00
A13A   165.8   85.8 -1 -1    0.00    0.00
AEC2   136.1   46.4  0  0   -0.62    0.60
AEC3   156.5   49.5  0  0   -0.44    0.28
A05A    13.1   72.0  0  0    0.34    0.84
A07A   303.9   81.8  0  0   -0.48    1.29
A08A   320.7   62.2  0  0   -0.19    0.66
A10A    65.6   73.9  0  0   -0.65    0.96
A11A   271.2   82.1  0  0   -0.04    1.66
A12A   216.2   85.3  0  0   -0.34    1.53
A13A   165.8   85.8  0  0    0.00    0.00
             442  21  11  10 1
AAS1   311.5   53.2  1  1    0.00    0.00
AAS2   291.4   76.5  1  1    0.00    0.00
AEC2    37.2   70.3  1  1    0.00    0.00
AEC3    35.1   57.0  1  1    0.00    0.00
AID1    97.6   39.3  1 -1    0.00    0.00
A07A   325.5  103.7  1  1    0.00    0.00
A08A   343.0   97.2  1  1    0.00    0.00
A10A    38.1   99.8 -1 -1    0.00    0.00
A11A   302.7   99.5  1  1    0.00    0.00
A12A   244.3   85.8  1 -1    0.00    0.00
A14A   207.0   90.4  1  1    0.00    0.00
AAS1   311.5   53.2  0  0   -0.33    0.68
AAS2   291.4   76.5  0  0    0.07    1.15
AEC3    35.1   57.0  0  0   -0.57    0.44
AID1    97.6   39.3  0  0   -0.49    2.13
A07A   325.5  103.7  0  0    0.00    0.00
A08A   343.0   97.2  0  0   -0.05    1.29
A10A    38.1   99.8  0  0   -0.83    1.18
A11A   302.7   99.5  0  0   -0.39    1.17
A12A   244.3   85.8  0  0   -0.36    1.60
A14A   207.0   90.4  0  0    0.04    2.36
             443  16   9   7 1
ACC1   214.6   53.8  1  1    0.00    0.00
AEC2   152.4   76.6  1  1    0.00    0.00
A03A     4.1   67.8  1 -1    0.00    0.00
A04A   299.0   83.9  1  1    0.00    0.00
A05A    63.4   46.5  1 -1    0.00    0.00
A07A   271.8   66.9  1  1    0.00    0.00
A08A   236.7   28.9  1  1    0.00    0.00
A09A   273.1   86.3  1  1    0.00    0.00
A10A   104.2   76.8  1  1    0.00    0.00
A03A     4.1   67.8  0  0    0.00    0.00
A04A   299.0   83.9  0  0   -0.21    1.49
A05A    63.4   46.5  0  0    0.43    0.70
A07A   271.8   66.9  0  0   -0.10    1.39
A08A   236.7   28.9  0  0   -0.47    0.83
A09A   273.1   86.3  0  0    0.00    0.00
A10A   104.2   76.8  0  0   -0.95    1.43
             444  22  11  11 1
AAS2   200.8   80.2 -1  1    0.00    0.00
ACC1   215.3   53.0  1  1    0.00    0.00
AEC1   149.0   63.0  1  1    0.00    0.00
AEC2   151.8   76.4  1  1    0.00    0.00
AEC3   159.6   78.2  1  1    0.00    0.00
A02A   324.4   83.0  1  1    0.00    0.00
A03A     4.3   68.8  1  1    0.00    0.00
A06A   319.4   60.6  1  1    0.00    0.00
A07A   273.0   67.0  1 -1    0.00    0.00
A08A   239.5   27.9  1  1    0.00    0.00
A10A   103.3   77.0 -1 -1    0.00    0.00
AAS2   200.8   80.2  0  0    0.08    1.17
ACC1   215.3   53.0  0  0   -0.34    0.41
AEC1   149.0   63.0  0  0   -0.20    0.61
AEC2   151.8   76.4  0  0   -0.13    0.99
AEC3   159.6   78.2  0  0   -0.16    1.05
A02A   324.4   83.0  0  0    0.23    1.35
A03A     4.3   68.8  0  0   -0.45    0.74
A06A   319.4   60.6  0  0   -0.24    0.64
A07A   273.0   67.0  0  0   -0.01    2.41
A08A   239.5   27.9  0  0   -0.28    0.94
A10A   103.3   77.0  0  0   -1.04    1.25
             445  26  13  13 1
AAS2   200.8   79.9  1  1    0.00    0.00
ACC1   215.0   53.1  1  1    0.00    0.00
AEC1   149.7   62.7 -1  1    0.00    0.00
AEC2   152.3   76.1  1  1    0.00    0.00
AEC3   160.0   77.9  1  1    0.00    0.00
A02A   324.0   82.4  1  1    0.00    0.00
A03A     4.1   67.6  1  1    0.00    0.00
A04A   299.1   83.6 -1 -1    0.00    0.00
A06A   318.5   59.6  1  1    0.00    0.00
A07A   272.2   66.5  1 -1    0.00    0.00
A08A   237.8   28.3  1  1    0.00    0.00
A09A   273.3   86.0 -1 -1    0.00    0.00
A10A   104.0   76.3 -1 -1    0.00    0.00
AAS2   200.8   79.9  0  0    0.18    1.16
ACC1   215.0   53.1  0  0   -0.31    0.40
AEC1   149.7   62.7  0  0   -0.33    0.60
AEC2   152.3   76.1  0  0   -0.15    0.97
AEC3   160.0   77.9  0  0   -0.14    1.04
A02A   324.0   82.4  0  0    0.13    1.31
A03A     4.1   67.6  0  0   -0.41    0.71
A04A   299.1   83.6  0  0   -0.01    1.43
A06A   318.5   59.6  0  0   -0.19    0.63
A07A   272.2   66.5  0  0   -0.06    2.00
A08A   237.8   28.3  0  0   -0.31    0.91
A09A   273.3   86.0  0  0    0.00    0.00
A10A   104.0   76.3  0  0   -1.14    1.23
             446  17   9   8 1
ACC1   214.3   53.6  1  1    0.00    0.00
AEC1   149.7   63.5 -1  1    0.00    0.00
AEC2   152.2   76.7  1  1    0.00    0.00
AEC3   159.9   78.4  1  1    0.00    0.00
A06A   318.4   59.7  1  1    0.00    0.00
A07A   271.8   66.8  1 -1    0.00    0.00
A08A   236.2   28.6  1  1    0.00    0.00
A09A   273.1   86.3 -1 -1    0.00    0.00
A10A   104.2   76.9  1 -1    0.00    0.00
ACC1   214.3   53.6  0  0   -0.22    0.40
AEC1   149.7   63.5  0  0   -0.51    0.62
AEC3   159.9   78.4  0  0   -0.28    1.07
A06A   318.4   59.7  0  0   -0.02    0.62
A07A   271.8   66.8  0  0   -0.02    1.90
A08A   236.2   28.6  0  0   -0.43    0.88
A09A   273.1   86.3  0  0    0.00    0.00
A10A   104.2   76.9  0  0   -1.08    1.24
             447  20  10  10 1
ACC1   214.6   53.8  1  1    0.00    0.00
AEC1   149.4   63.7 -1 -1    0.00    0.00
AEC2   152.1   76.9  1 -1    0.00    0.00
A02A   324.1   83.0  1  1    0.00    0.00
A03A     4.4   68.5  1  1    0.00    0.00
A04A   299.2   84.3 -1  1    0.00    0.00
A05A    63.0   47.3 -1 -1    0.00    0.00
A06A   318.8   60.3  1  1    0.00    0.00
A07A   272.2   67.2  1  1    0.00    0.00
A08A   237.3   28.6  1  1    0.00    0.00
ACC1   214.6   53.8  0  0   -0.32    0.44
AEC1   149.4   63.7  0  0   -0.23    0.61
AEC2   152.1   76.9  0  0   -0.16    0.99
A02A   324.1   83.0  0  0    0.06    1.38
A03A     4.4   68.5  0  0   -0.34    0.74
A04A   299.2   84.3  0  0    0.08    1.53
A05A    63.0   47.3  0  0    0.44    0.80
A06A   318.8   60.3  0  0    0.05    0.63
A07A   272.2   67.2  0  0    0.27    2.46
A08A   237.3   28.6  0  0   -0.27    0.93
             448  30  15  15 1
AAS1   184.4   77.8  1  1    0.00    0.00
ACC1   214.3   52.8  1  1    0.00    0.00
AEC1   150.1   62.3  1  1    0.00    0.00
AEC2   152.6   75.6  1  1    0.00    0.00
AEC3   160.2   77.3  1  1    0.00    0.00
AID1   164.3   84.2  1  1    0.00    0.00
A02A   323.7   81.4  1  1    0.00    0.00
A03A     4.1   66.3  1  1    0.00    0.00
A04A   298.8   82.8 -1 -1    0.00    0.00
A05A    64.0   45.1  1 -1    0.00    0.00
A06A   317.9   58.3  1  1    0.00    0.00
A07A   271.4   65.6  1 -1    0.00    0.00
A08A   235.7   28.4  1  1    0.00    0.00
A10A   104.5   75.6 -1 -1    0.00    0.00
A11A   238.3   78.6  1 -1    0.00    0.00
AAS1   184.4   77.8  0  0    0.12    1.05
ACC1   214.3   52.8  0  0   -0.27    0.39
AEC1   150.1   62.3  0  0   -0.51    0.59
AEC2   152.6   75.6  0  0   -0.10    0.95
AEC3   160.2   77.3  0  0   -0.22    1.02
AID1   164.3   84.2  0  0    0.41    1.37
A02A   323.7   81.4  0  0   -0.24    1.26
A03A     4.1   66.3  0  0   -0.38    0.67
A04A   298.8   82.8  0  0   -0.03    1.38
A05A    64.0   45.1  0  0    0.48    0.80
A06A   317.9   58.3  0  0   -0.24    0.62
A07A   271.4   65.6  0  0   -0.05    1.82
A08A   235.7   28.4  0  0   -0.41    0.88
A10A   104.5   75.6  0  0   -1.14    1.21
A11A   238.3   78.6  0  0   -0.42    1.14
             449  20  10  10 1
AAS1   184.4   79.2 -1 -1    0.00    0.00
ACC1   213.7   54.7  1 -1    0.00    0.00
AEC2   152.8   77.0  1  1    0.00    0.00
AEC3   160.4   78.8  1  1    0.00    0.00
A02A   323.4   82.4  1  1    0.00    0.00
A03A     4.2   67.1  1  1    0.00    0.00
A04A   298.4   83.8  1  1    0.00    0.00
A06A   317.2   59.1  1  1    0.00    0.00
A07A   270.6   66.9  1  1    0.00    0.00
A08A   233.7   29.9  1 -1    0.00    0.00
AAS1   184.4   79.2  0  0    0.00    0.00
ACC1   213.7   54.7  0  0   -0.30    0.40
AEC2   152.8   77.0  0  0   -0.11    1.01
AEC3   160.4   78.8  0  0   -0.29    1.08
A02A   323.4   82.4  0  0    0.23    1.30
A03A     4.2   67.1  0  0   -0.45    0.70
A04A   298.4   83.8  0  0   -0.12    1.43
A06A   317.2   59.1  0  0   -0.23    0.65
A07A   270.6   66.9  0  0   -0.05    1.49
A08A   233.7   29.9  0  0   -0.55    0.81
             450  15   8   7 1
ACC1   212.8   62.9  1  1    0.00    0.00
AEC1   152.6   71.2 -1 -1    0.00    0.00
A05A    68.8   49.6  1  1    0.00    0.00
A06A   314.3   64.3  1 -1    0.00    0.00
A07A   268.2   73.4  1  1    0.00    0.00
A08A   229.8   37.5  1  1    0.00    0.00
A10A   106.9   82.4  1  1    0.00    0.00
A13A   165.4   97.5 -1 -1    0.00    0.00
AEC1   152.6   71.2  0  0   -0.43    0.81
A05A    68.8   49.6  0  0    0.61    0.95
A06A   314.3   64.3  0  0   -0.01    0.72
A07A   268.2   73.4  0  0    0.03    2.17
A08A   229.8   37.5  0  0   -0.54    0.72
A10A   106.9   82.4  0  0   -0.69    1.25
A13A   165.4   97.5  0  0    0.00    0.00
             451  24  12  12 1
AAS2   200.0   79.5 -1  1    0.00    0.00
ACC1   212.7   53.2  1 -1    0.00    0.00
AEC1   150.3   63.0  1  1    0.00    0.00
AEC2   152.6   75.9  1  1    0.00    0.00
AEC3   160.1   77.6  1  1    0.00    0.00
A02A   323.6   80.9  1  1    0.00    0.00
A03A     4.8   65.4  1  1    0.00    0.00
A04A   298.3   82.4 -1  1    0.00    0.00
A06A   317.4   57.1  1  1    0.00    0.00
A07A   270.2   65.1  1  1    0.00    0.00
A08A   231.7   28.6  1 -1    0.00    0.00
A14A   186.8   94.3  1  1    0.00    0.00
AAS2   200.0   79.5  0  0   -0.05    1.14
ACC1   212.7   53.2  0  0   -0.26    0.39
AEC1   150.3   63.0  0  0   -0.27    0.60
AEC2   152.6   75.9  0  0    0.01    0.97
AEC3   160.1   77.6  0  0   -0.38    1.03
A02A   323.6   80.9  0  0    0.03    1.22
A03A     4.8   65.4  0  0   -0.42    0.64
A04A   298.3   82.4  0  0   -0.06    1.33
A06A   317.4   57.1  0  0   -0.12    0.59
A07A   270.2   65.1  0  0    0.05    1.83
A08A   231.7   28.6  0  0   -0.59    0.84
A14A   186.8   94.3  0  0    0.00    0.00
             452  28  14  14 1
AAS2   199.6   85.5  1  1    0.00    0.00
ACC1   211.5   60.2  1 -1    0.00    0.00
AEC1   150.6   70.0  1  1    0.00    0.00
AEC2   152.8   82.1  1  1    0.00    0.00
AEC3   160.2   83.7  1  1    0.00    0.00
A02A   323.3   86.0  1  1    0.00    0.00
A03A     5.2   71.0  1  1    0.00    0.00
A04A   297.8   87.3  1  1    0.00    0.00
A06A   316.6   62.5  1  1    0.00    0.00
A07A   269.0   71.2  1  1    0.00    0.00
A08A   228.4   33.8  1 -1    0.00    0.00
A09A   271.7   90.3  1  1    0.00    0.00
A10A   106.0   81.8 -1  1    0.00    0.00
A13A   164.7   96.5 -1  1    0.00    0.00
AAS2   199.6   85.5  0  0   -0.07    1.53
ACC1   211.5   60.2  0  0   -0.45    0.54
AEC1   150.6   70.0  0  0   -0.56    0.79
AEC2   152.8   82.1  0  0   -0.17    1.23
AEC3   160.2   83.7  0  0   -0.21    1.34
A02A   323.3   86.0  0  0   -0.13    1.62
A03A     5.2   71.0  0  0   -0.69    0.81
A04A   297.8   87.3  0  0   -0.16    1.88
A06A   316.6   62.5  0  0   -0.26    0.68
A07A   269.0   71.2  0  0   -0.09    1.63
A08A   228.4   33.8  0  0   -0.75    0.71
A09A   271.7   90.3  0  0    0.00    0.00
A10A   106.0   81.8  0  0   -1.19    1.28
A13A   164.7   96.5  0  0    0.00    0.00
             453  17   9   8 1
ACC1   215.0   53.4  1  1    0.00    0.00
AEC1   147.7   64.4  1  1    0.00    0.00
AEC2   151.0   77.8  1  1    0.00    0.00
AEC3   158.8   79.5  1  1    0.00    0.00
A03A     5.0   70.8  1  1    0.00    0.00
A05A    61.2   50.3  1 -1    0.00    0.00
A06A   320.8   62.2  1  1    0.00    0.00
A07A   273.8   68.1  1  1    0.00    0.00
A08A   240.4   27.2  1 -1    0.00    0.00
AEC1   147.7   64.4  0  0   -0.42    0.65
AEC2   151.0   77.8  0  0   -0.37    1.04
AEC3   158.8   79.5  0  0   -0.35    1.11
A03A     5.0   70.8  0  0   -0.37    0.81
A05A    61.2   50.3  0  0    0.17    0.73
A06A   320.8   62.2  0  0   -0.31    0.65
A07A   273.8   68.1  0  0   -0.25    2.31
A08A   240.4   27.2  0  0   -0.50    0.97
             454  16   9   7 1
ACC1   212.9   56.1  1 -1    0.00    0.00
AEC1   148.6   66.9  1  1    0.00    0.00
AEC2   151.5   79.7  1  1    0.00    0.00
A03A     5.5   70.9  1 -1    0.00    0.00
A05A    64.4   50.7  1 -1    0.00    0.00
A06A   319.5   62.1  1  1    0.00    0.00
A07A   271.8   69.2  1  1    0.00    0.00
A08A   234.1   29.3  1  1    0.00    0.00
A10A   104.0   80.1  1  1    0.00    0.00
AEC1   148.6   66.9  0  0   -0.42    0.71
A03A     5.5   70.9  0  0   -0.28    0.81
A05A    64.4   50.7  0  0    0.39    0.69
A06A   319.5   62.1  0  0   -0.13    0.70
A07A   271.8   69.2  0  0   -0.15    1.38
A08A   234.1   29.3  0  0   -0.48    0.79
A10A   104.0   80.1  0  0   -1.02    1.47
             455  14   8   6 1
ACC1   211.3   58.0  1  1    0.00    0.00
AEC2   153.3   79.6  1  1    0.00    0.00
A03A     5.0   67.5  1 -1    0.00    0.00
A05A    69.7   47.2  1 -1    0.00    0.00
A06A   315.6   59.2  1  1    0.00    0.00
A07A   268.2   68.4  1  1    0.00    0.00
A08A   227.2   32.7  1  1    0.00    0.00
A10A   106.7   79.0  1  1    0.00    0.00
A03A     5.0   67.5  0  0   -0.59    0.71
A05A    69.7   47.2  0  0    0.44    0.80
A06A   315.6   59.2  0  0   -0.28    0.69
A07A   268.2   68.4  0  0   -0.12    1.22
A08A   227.2   32.7  0  0   -0.46    0.65
A10A   106.7   79.0  0  0   -0.96    1.31
             456  15   8   7 1
ACC1   211.5   60.1  1 -1    0.00    0.00
AEC1   150.2   70.2  1  1    0.00    0.00
A04A   298.1   87.5  1  1    0.00    0.00
A05A    68.0   51.3  1 -1    0.00    0.00
A06A   317.2   62.9  1  1    0.00    0.00
A07A   269.4   71.3  1  1    0.00    0.00
A08A   228.7   33.3  1  1    0.00    0.00
A10A   105.7   82.0  1  1    0.00    0.00
AEC1   150.2   70.2  0  0   -0.40    0.79
A04A   298.1   87.5  0  0   -0.17    2.02
A05A    68.0   51.3  0  0    0.26    0.75
A06A   317.2   62.9  0  0   -0.17    0.73
A07A   269.4   71.3  0  0   -0.26    1.26
A08A   228.7   33.3  0  0   -0.57    0.65
A10A   105.7   82.0  0  0   -1.00    1.41
             457  26  13  13 1
ACC1   209.7   61.6  1  1    0.00    0.00
AEC1   152.9   70.3  1  1    0.00    0.00
AEC2   154.3   81.7  1  1    0.00    0.00
AEC3   161.3   83.3  1  1    0.00    0.00
A02A   321.6   84.0  1  1    0.00    0.00
A04A   295.8   85.9  1  1    0.00    0.00
A05A    74.5   47.3  1 -1    0.00    0.00
A06A   312.7   59.2  1  1    0.00    0.00
A07A   265.4   70.1  1  1    0.00    0.00
A08A   222.4   37.0  1 -1    0.00    0.00
A09A   269.8   89.0  1  1    0.00    0.00
A11A   234.9   83.6  1 -1    0.00    0.00
A14A   186.7   97.2  1  1    0.00    0.00
ACC1   209.7   61.6  0  0    0.02    0.57
AEC1   152.9   70.3  0  0   -0.41    0.79
AEC2   154.3   81.7  0  0   -0.08    1.22
AEC3   161.3   83.3  0  0   -0.30    1.31
A02A   321.6   84.0  0  0   -0.08    1.42
A04A   295.8   85.9  0  0   -0.14    1.64
A05A    74.5   47.3  0  0    0.27    1.03
A06A   312.7   59.2  0  0   -0.40    0.66
A07A   265.4   70.1  0  0   -0.05    1.35
A08A   222.4   37.0  0  0   -0.35    0.58
A09A   269.8   89.0  0  0    0.00    0.00
A11A   234.9   83.6  0  0    0.00    0.00
A14A   186.7   97.2  0  0    0.00    0.00
             458  24  12  12 1
ACC1   211.2   57.6  1  1    0.00    0.00
AEC1   150.4   67.6  1  1    0.00    0.00
AEC2   152.6   79.9  1  1    0.00    0.00
AEC3   160.0   81.5  1  1    0.00    0.00
A02A   323.4   83.8  1  1    0.00    0.00
A03A     5.5   68.6  1  1    0.00    0.00
A07A   269.0   68.6  1 -1    0.00    0.00
A08A   227.8   31.7  1  1    0.00    0.00
A10A   106.0   79.6 -1 -1    0.00    0.00
A11A   236.6   81.9  1 -1    0.00    0.00
A13A   164.6   94.7  1  1    0.00    0.00
A14A   186.6   96.3 -1  1    0.00    0.00
ACC1   211.2   57.6  0  0   -0.34    0.51
AEC1   150.4   67.6  0  0   -0.43    0.71
AEC2   152.6   79.9  0  0   -0.45    1.12
AEC3   160.0   81.5  0  0   -0.18    1.20
A02A   323.4   83.8  0  0    0.07    1.41
A03A     5.5   68.6  0  0   -0.72    0.74
A07A   269.0   68.6  0  0   -0.27    2.00
A08A   227.8   31.7  0  0   -0.59    0.81
A10A   106.0   79.6  0  0   -1.12    1.16
A11A   236.6   81.9  0  0   -0.17    1.30
A13A   164.6   94.7  0  0    0.00    0.00
A14A   186.6   96.3  0  0    0.00    0.00
             459  18   9   9 1
ACC1   232.8   52.2  1  1    0.00    0.00
AEC1   137.4   65.5  1  1    0.00    0.00
A03A     3.7   88.3  1 -1    0.00    0.00
A04A   306.4   96.0 -1  1    0.00    0.00
A05A    44.0   68.4  1 -1    0.00    0.00
A06A   328.9   80.5  1  1    0.00    0.00
A07A   287.3   80.6  1  1    0.00    0.00
A08A   292.0   33.4  1  1    0.00    0.00
A10A    92.4   88.8  1  1    0.00    0.00
ACC1   232.8   52.2  0  0   -0.40    0.54
AEC1   137.4   65.5  0  0   -0.06    0.73
A03A     3.7   88.3  0  0   -0.34    1.94
A04A   306.4   96.0  0  0   -0.46    1.31
A05A    44.0   68.4  0  0    0.54    0.74
A06A   328.9   80.5  0  0   -0.30    1.22
A07A   287.3   80.6  0  0    0.34    1.39
A08A   292.0   33.4  0  0   -0.27    1.30
A10A    92.4   88.8  0  0   -0.87    1.80
             460  16   8   8 1
AAS1   308.1   52.5 -1 -1    0.00    0.00
AEC2    37.3   68.3  1  1    0.00    0.00
AEC3    35.1   54.4  1  1    0.00    0.00
AID1   102.2   37.6  1  1    0.00    0.00
A05A     8.0  102.3  1  1    0.00    0.00
A10A    38.2   98.7  1  1    0.00    0.00
A12A   243.7   86.0  1  1    0.00    0.00
A14A   207.2   90.5  1  1    0.00    0.00
AAS1   308.1   52.5  0  0   -0.35    0.76
AEC2    37.3   68.3  0  0   -0.59    0.73
AEC3    35.1   54.4  0  0   -0.45    0.35
AID1   102.2   37.6  0  0   -0.23    1.71
A05A     8.0  102.3  0  0    0.00    0.00
A10A    38.2   98.7  0  0   -0.35    1.25
A12A   243.7   86.0  0  0   -0.59    1.69
A14A   207.2   90.5  0  0   -0.34    2.17
             461  20  10  10 1
AAS1   242.1   47.0  1  1    0.00    0.00
ACC1   317.8   78.8  1 -1    0.00    0.00
AEC1    24.1   57.9 -1 -1    0.00    0.00
AEC2    79.8   46.9  1  1    0.00    0.00
AEC3   107.8   33.6  1  1    0.00    0.00
A05A    10.0   93.6  1 -1    0.00    0.00
A07A   316.3   96.9  1 -1    0.00    0.00
A08A   335.3   87.1 -1 -1    0.00    0.00
A10A    49.2   91.9  1  1    0.00    0.00
A11A   287.7   94.3 -1 -1    0.00    0.00
AAS1   242.1   47.0  0  0   -0.73    0.83
ACC1   317.8   78.8  0  0   -0.33    1.13
AEC1    24.1   57.9  0  0   -0.08    0.43
AEC2    79.8   46.9  0  0   -0.68    1.31
AEC3   107.8   33.6  0  0   -0.50    1.15
A05A    10.0   93.6  0  0   -0.22    1.63
A07A   316.3   96.9  0  0    0.00    0.00
A08A   335.3   87.1  0  0   -0.42    1.77
A10A    49.2   91.9  0  0   -1.13    2.14
A11A   287.7   94.3  0  0    0.00    0.00
             462  15   8   7 1
AEC2   155.4   89.1  1  1    0.00    0.00
A02A   303.6   54.3  1  1    0.00    0.00
A03A    76.6   35.4  1  1    0.00    0.00
A05A   128.3   66.7  1  1    0.00    0.00
A06A   212.0   31.0  1 -1    0.00    0.00
A07A   216.1   67.4  1 -1    0.00    0.00
A08A   175.7   67.2 -1 -1    0.00    0.00
A10A   127.1   85.8 -1  1    0.00    0.00
A02A   303.6   54.3  0  0    0.39    0.79
A03A    76.6   35.4  0  0   -0.62    1.11
A05A   128.3   66.7  0  0    0.15    0.79
A06A   212.0   31.0  0  0   -0.36    0.56
A07A   216.1   67.4  0  0    0.01    0.75
A08A   175.7   67.2  0  0   -0.25    0.70
A10A   127.1   85.8  0  0    0.00    0.00
             463  20  10  10 1
AEC3   159.7   91.0  1  1    0.00    0.00
A02A   305.1   55.2  1  1    0.00    0.00
A03A    72.8   35.6  1 -1    0.00    0.00
A04A   267.8   70.0  1  1    0.00    0.00
A05A   127.3   66.0  1 -1    0.00    0.00
A06A   215.0   29.4  1  1    0.00    0.00
A07A   217.2   66.8  1  1    0.00    0.00
A08A   175.9   66.4  1  1    0.00    0.00
A09A   243.7   81.9 -1  1    0.00    0.00
A10A   126.6   85.6 -1 -1    0.00    0.00
AEC3   159.7   91.0  0  0    0.00    0.00
A02A   305.1   55.2  0  0    0.31    0.74
A03A    72.8   35.6  0  0   -0.63    1.06
A04A   267.8   70.0  0  0   -0.04    1.40
A05A   127.3   66.0  0  0    0.13    0.79
A06A   215.0   29.4  0  0   -0.32    0.64
A07A   217.2   66.8  0  0    0.09    0.72
A08A   175.9   66.4  0  0   -0.21    0.67
A09A   243.7   81.9  0  0    0.00    0.00
A10A   126.6   85.6  0  0    0.00    0.00
             464  18   9   9 1
A01A     2.0   70.9 -1 -1    0.00    0.00
A02A   304.3   55.6  1  1    0.00    0.00
A03A    73.4   34.9  1 -1    0.00    0.00
A04A   267.5   70.4  1  1    0.00    0.00
A05A   127.9   66.1  1 -1    0.00    0.00
A06A   215.7   30.5  1  1    0.00    0.00
A07A   217.4   67.3  1  1    0.00    0.00
A08A   176.4   66.8 -1 -1    0.00    0.00
A10A   126.9   85.7 -1  1    0.00    0.00
A01A     2.0   70.9  0  0   -0.26    0.81
A02A   304.3   55.6  0  0    0.28    0.70
A03A    73.4   34.9  0  0   -0.47    1.18
A04A   267.5   70.4  0  0   -0.00    1.85
A05A   127.9   66.1  0  0    0.18    0.74
A06A   215.7   30.5  0  0   -0.24    0.67
A07A   217.4   67.3  0  0    0.06    0.76
A08A   176.4   66.8  0  0   -0.40    0.68
A10A   126.9   85.7  0  0    0.00    0.00
             465  24  12  12 1
AAS2   185.1   90.0  1  1    0.00    0.00
ACC1   182.3   76.9 -1 -1    0.00    0.00
A01A     2.0   71.1  1  1    0.00    0.00
A02A   304.3   55.8  1  1    0.00    0.00
A03A    73.4   35.1  1 -1    0.00    0.00
A04A   267.5   70.6  1  1    0.00    0.00
A06A   215.7   30.6  1  1    0.00    0.00
A07A   217.4   67.6  1  1    0.00    0.00
A08A   176.4   67.0 -1 -1    0.00    0.00
A10A   126.9   85.9 -1 -1    0.00    0.00
A12A   187.9   95.6  1  1    0.00    0.00
A14A   180.3   99.1  1  1    0.00    0.00
AAS2   185.1   90.0  0  0   -0.55    3.85
ACC1   182.3   76.9  0  0    0.00    0.00
A01A     2.0   71.1  0  0   -0.38    0.82
A02A   304.3   55.8  0  0    0.34    0.73
A03A    73.4   35.1  0  0   -0.62    1.12
A04A   267.5   70.6  0  0   -0.16    1.55
A06A   215.7   30.6  0  0   -0.32    0.64
A07A   217.4   67.6  0  0    0.00    0.00
A08A   176.4   67.0  0  0   -0.30    0.69
A10A   126.9   85.9  0  0    0.00    0.00
A12A   187.9   95.6  0  0    0.00    0.00
A14A   180.3   99.1  0  0    0.00    0.00
             466  18   9   9 1
A01A     2.9   70.4 -1 -1    0.00    0.00
A02A   304.3   54.3  1  1    0.00    0.00
A03A    75.8   35.8  1  1    0.00    0.00
A04A   266.8   69.7  1  1    0.00    0.00
A05A   127.8   66.7  1  1    0.00    0.00
A06A   211.9   30.4  1 -1    0.00    0.00
A07A   216.1   67.1  1 -1    0.00    0.00
A08A   175.4   67.0 -1 -1    0.00    0.00
A09A   242.9   81.9 -1  1    0.00    0.00
A01A     2.9   70.4  0  0   -0.35    0.79
A02A   304.3   54.3  0  0    0.35    0.79
A03A    75.8   35.8  0  0   -0.56    1.09
A04A   266.8   69.7  0  0   -0.05    1.27
A05A   127.8   66.7  0  0    0.16    0.79
A06A   211.9   30.4  0  0   -0.36    0.58
A07A   216.1   67.1  0  0    0.04    0.74
A08A   175.4   67.0  0  0   -0.29    0.69
A09A   242.9   81.9  0  0    0.00    0.00
             467  18   9   9 1
ACC1   208.2   64.9  1  1    0.00    0.00
A03A     5.4   67.9  1 -1    0.00    0.00
A04A   294.8   87.3 -1  1    0.00    0.00
A05A    78.3   48.9  1  1    0.00    0.00
A06A   310.9   59.9  1 -1    0.00    0.00
A07A   263.4   72.1  1  1    0.00    0.00
A09A   268.8   90.8  1  1    0.00    0.00
A11A   233.8   85.7  1  1    0.00    0.00
A14A   186.6   98.4 -1 -1    0.00    0.00
ACC1   208.2   64.9  0  0   -0.39    0.66
A03A     5.4   67.9  0  0   -0.57    0.72
A04A   294.8   87.3  0  0   -0.18    2.03
A05A    78.3   48.9  0  0    0.33    0.98
A06A   310.9   59.9  0  0    0.36    0.74
A07A   263.4   72.1  0  0   -0.27    1.11
A09A   268.8   90.8  0  0    0.00    0.00
A11A   233.8   85.7  0  0    0.00    0.00
A14A   186.6   98.4  0  0    0.00    0.00
             468  21  11  10 1
ACC1   182.2   79.1 -1 -1    0.00    0.00
A01A     2.2   74.2  1 -1    0.00    0.00
A02A   305.3   58.8  1 -1    0.00    0.00
A03A    71.8   38.0  1 -1    0.00    0.00
A04A   268.2   73.2  1  1    0.00    0.00
A06A   216.4   31.5  1  1    0.00    0.00
A07A   217.6   69.9  1  1    0.00    0.00
A08A   176.1   69.3 -1 -1    0.00    0.00
A10A   126.5   88.1 -1 -1    0.00    0.00
A11A   209.3   86.1  1 -1    0.00    0.00
A12A   187.9   96.5 -1 -1    0.00    0.00
A01A     2.2   74.2  0  0   -0.37    0.92
A02A   305.3   58.8  0  0    0.28    0.70
A03A    71.8   38.0  0  0   -0.65    1.11
A04A   268.2   73.2  0  0    0.06    2.05
A06A   216.4   31.5  0  0   -0.31    0.65
A07A   217.6   69.9  0  0    0.00    0.00
A08A   176.1   69.3  0  0    0.00    0.00
A10A   126.5   88.1  0  0    0.00    0.00
A11A   209.3   86.1  0  0    0.00    0.00
A12A   187.9   96.5  0  0    0.00    0.00
             469  16   8   8 1
A01A     2.7   71.0  1  1    0.00    0.00
A02A   304.5   55.1  1 -1    0.00    0.00
A03A    74.8   36.0  1 -1    0.00    0.00
A04A   267.1   70.3 -1 -1    0.00    0.00
A06A   213.1   30.4  1  1    0.00    0.00
A07A   216.5   67.4  1  1    0.00    0.00
A08A   175.7   67.2 -1  1    0.00    0.00
A10A   126.8   86.1 -1 -1    0.00    0.00
A01A     2.7   71.0  0  0   -0.34    0.81
A02A   304.5   55.1  0  0    0.30    0.68
A03A    74.8   36.0  0  0   -0.63    1.26
A04A   267.1   70.3  0  0    0.00    2.16
A06A   213.1   30.4  0  0   -0.33    0.66
A07A   216.5   67.4  0  0    0.15    0.76
A08A   175.7   67.2  0  0   -0.21    0.69
A10A   126.8   86.1  0  0    0.00    0.00
             470  17   9   8 1
ACC1   181.6   77.2  1  1    0.00    0.00
A02A   304.7   55.1  1 -1    0.00    0.00
A03A    74.9   36.5  1  1    0.00    0.00
A04A   267.1   70.3 -1 -1    0.00    0.00
A05A   127.6   67.2  1  1    0.00    0.00
A06A   212.5   30.4  1  1    0.00    0.00
A07A   216.3   67.6  1  1    0.00    0.00
A08A   175.4   67.5 -1  1    0.00    0.00
A10A   126.7   86.3 -1 -1    0.00    0.00
A02A   304.7   55.1  0  0    0.37    0.68
A03A    74.9   36.5  0  0   -0.58    1.24
A04A   267.1   70.3  0  0   -0.00    1.96
A05A   127.6   67.2  0  0    0.14    0.76
A06A   212.5   30.4  0  0   -0.33    0.65
A07A   216.3   67.6  0  0    0.07    0.76
A08A   175.4   67.5  0  0   -0.16    0.70
A10A   126.7   86.3  0  0    0.00    0.00
             471  15   8   7 1
AAS1    20.5   27.2  1  1    0.00    0.00
AAS2   300.9   47.0  1  1    0.00    0.00
AEC1    36.3   82.2 -1 -1    0.00    0.00
AEC2    60.6   77.1  1 -1    0.00    0.00
AEC3    65.5   68.9  1 -1    0.00    0.00
AID1   100.0   66.8  1  1    0.00    0.00
A08A   357.0   91.6 -1 -1    0.00    0.00
A12A   226.2   71.7 -1 -1    0.00    0.00
AAS1    20.5   27.2  0  0   -0.30    0.62
AAS2   300.9   47.0  0  0   -0.30    0.77
AEC1    36.3   82.2  0  0   -0.29    1.25
AEC3    65.5   68.9  0  0   -0.33    0.91
AID1   100.0   66.8  0  0    0.00    0.00
A08A   357.0   91.6  0  0    0.00    0.00
A12A   226.2   71.7  0  0   -0.24    0.88
             472  18   9   9 1
ACC1   208.8   65.8  1  1    0.00    0.00
AEC2   155.0   84.8 -1 -1    0.00    0.00
AEC3   161.9   86.4 -1 -1    0.00    0.00
A04A   294.6   88.0 -1 -1    0.00    0.00
A05A    78.0   48.9  1 -1    0.00    0.00
A06A   310.4   61.0  1 -1    0.00    0.00
A07A   263.4   73.1  1  1    0.00    0.00
A08A   219.7   41.5  1  1    0.00    0.00
A10A   110.0   83.2  1 -1    0.00    0.00
ACC1   208.8   65.8  0  0   -0.28    0.70
AEC2   155.0   84.8  0  0    0.25    1.39
AEC3   161.9   86.4  0  0   -0.04    1.55
A04A   294.6   88.0  0  0   -0.14    2.25
A05A    78.0   48.9  0  0    0.40    1.24
A06A   310.4   61.0  0  0    0.02    0.68
A07A   263.4   73.1  0  0    0.17    1.46
A08A   219.7   41.5  0  0   -0.24    0.53
A10A   110.0   83.2  0  0   -0.75    1.28
             473  19  10   9 1
ACC1   208.7   64.7  1  1    0.00    0.00
AEC1   153.6   73.1  1  1    0.00    0.00
AEC2   154.8   84.0 -1  1    0.00    0.00
A02A   321.0   85.5  1  1    0.00    0.00
A03A     5.1   68.2  1  1    0.00    0.00
A05A    77.4   48.7  1 -1    0.00    0.00
A06A   311.0   60.3  1  1    0.00    0.00
A07A   263.8   72.2  1  1    0.00    0.00
A08A   219.8   40.2  1 -1    0.00    0.00
A10A   109.7   82.6  1  1    0.00    0.00
AEC1   153.6   73.1  0  0   -0.21    0.88
AEC2   154.8   84.0  0  0    0.12    1.35
A02A   321.0   85.5  0  0    0.16    1.56
A03A     5.1   68.2  0  0    0.14    0.72
A05A    77.4   48.7  0  0    0.32    1.10
A06A   311.0   60.3  0  0    0.52    0.69
A07A   263.8   72.2  0  0   -0.04    1.28
A08A   219.8   40.2  0  0   -0.46    0.50
A10A   109.7   82.6  0  0   -0.75    1.28
             474  17   9   8 1
AAS2   199.1   86.4 -1 -1    0.00    0.00
ACC1   209.3   63.8  1 -1    0.00    0.00
AEC1   153.6   72.1 -1 -1    0.00    0.00
A03A     4.7   67.7  1 -1    0.00    0.00
A05A    76.5   47.8  1  1    0.00    0.00
A06A   311.2   60.0  1  1    0.00    0.00
A07A   264.2   71.6  1  1    0.00    0.00
A08A   220.9   39.5  1 -1    0.00    0.00
A10A   109.5   81.8  1  1    0.00    0.00
AAS2   199.1   86.4  0  0   -0.10    1.66
AEC1   153.6   72.1  0  0   -0.39    0.83
A03A     4.7   67.7  0  0   -0.55    0.71
A05A    76.5   47.8  0  0    0.32    1.17
A06A   311.2   60.0  0  0   -0.04    0.66
A07A   264.2   71.6  0  0   -0.01    1.49
A08A   220.9   39.5  0  0   -0.52    0.57
A10A   109.5   81.8  0  0   -0.88    1.21
             475  18  10   8 1
ACC1   209.3   64.0  1  1    0.00    0.00
AEC1   153.6   72.3 -1 -1    0.00    0.00
A03A     4.7   67.9  1 -1    0.00    0.00
A04A   295.0   87.0 -1 -1    0.00    0.00
A05A    76.5   48.0  1  1    0.00    0.00
A06A   311.2   60.2  1 -1    0.00    0.00
A07A   264.2   71.9  1  1    0.00    0.00
A09A   269.2   90.4  1  1    0.00    0.00
A10A   109.5   82.0  1  1    0.00    0.00
A11A   234.4   85.3  1  1    0.00    0.00
AEC1   153.6   72.3  0  0   -0.13    0.85
A03A     4.7   67.9  0  0   -0.55    0.72
A04A   295.0   87.0  0  0   -0.15    1.98
A05A    76.5   48.0  0  0    0.32    0.94
A06A   311.2   60.2  0  0   -0.31    0.75
A07A   264.2   71.9  0  0    0.13    1.12
A10A   109.5   82.0  0  0   -0.76    1.29
A11A   234.4   85.3  0  0   -0.40    1.61
             476  19  10   9 1
ACC1   209.3   63.8  1  1    0.00    0.00
AEC1   153.6   72.1 -1 -1    0.00    0.00
AEC2   154.8   83.2 -1 -1    0.00    0.00
A02A   321.0   84.9 -1 -1    0.00    0.00
A04A   295.0   86.8 -1 -1    0.00    0.00
A05A    76.5   47.8  1  1    0.00    0.00
A06A   311.2   60.0  1 -1    0.00    0.00
A07A   264.2   71.6  1  1    0.00    0.00
A11A   234.4   85.1  1  1    0.00    0.00
A14A   186.8   97.9  1  1    0.00    0.00
ACC1   209.3   63.8  0  0   -0.08    0.63
AEC1   153.6   72.1  0  0   -0.45    0.84
AEC2   154.8   83.2  0  0    0.08    1.28
A02A   321.0   84.9  0  0   -0.10    1.55
A04A   295.0   86.8  0  0   -0.10    1.91
A05A    76.5   47.8  0  0    0.45    0.94
A06A   311.2   60.0  0  0   -0.06    0.74
A07A   264.2   71.6  0  0    0.08    1.12
A14A   186.8   97.9  0  0    0.00    0.00
             477  15   8   7 1
ACC1   196.0  116.1  1  1    0.00    0.00
A03A   194.8   76.8  1  1    0.00    0.00
A05A   164.0  108.0  1  1    0.00    0.00
A06A   222.1  105.5  1  1    0.00    0.00
A07A   220.5  114.7  1  1    0.00    0.00
A08A   195.6  113.4  1  1    0.00    0.00
A10A   146.7  116.2  1  1    0.00    0.00
A11A   213.6  120.3 -1  1    0.00    0.00
A03A   194.8   76.8  0  0   -0.66    1.01
A05A   164.0  108.0  0  0    0.00    0.00
A06A   222.1  105.5  0  0   -0.43    0.93
A07A   220.5  114.7  0  0   -0.02    0.67
A08A   195.6  113.4  0  0   -0.43    0.68
A10A   146.7  116.2  0  0   -0.46    0.67
A11A   213.6  120.3  0  0    0.00    0.00
             478  17   9   8 1
AAS2   199.1   86.2 -1 -1    0.00    0.00
ACC1   209.3   63.5  1 -1    0.00    0.00
A02A   321.0   84.7  1  1    0.00    0.00
A03A     4.7   67.4  1  1    0.00    0.00
A05A    76.5   47.5  1 -1    0.00    0.00
A06A   311.2   59.7  1  1    0.00    0.00
A07A   264.2   71.4  1  1    0.00    0.00
A08A   220.9   39.2  1 -1    0.00    0.00
A13A   165.5   96.5  1  1    0.00    0.00
AAS2   199.1   86.2  0  0   -0.11    1.60
A02A   321.0   84.7  0  0   -0.12    1.47
A03A     4.7   67.4  0  0   -0.35    0.70
A05A    76.5   47.5  0  0    0.34    1.00
A06A   311.2   59.7  0  0   -0.19    0.71
A07A   264.2   71.4  0  0   -0.14    1.17
A08A   220.9   39.2  0  0   -0.37    0.48
A13A   165.5   96.5  0  0    0.00    0.00
             479  22  11  11 1
ACC1   209.8   66.5  1  1    0.00    0.00
AEC1   153.3   75.0 -1  1    0.00    0.00
AEC2   154.6   86.3  1  1    0.00    0.00
A02A   321.3   88.3  1  1    0.00    0.00
A03A     4.7   71.5  1 -1    0.00    0.00
A05A    75.1   51.0  1 -1    0.00    0.00
A06A   312.0   63.7  1  1    0.00    0.00
A07A   265.0   74.9  1  1    0.00    0.00
A08A   222.2   41.3  1 -1    0.00    0.00
A10A   109.0   85.1  1  1    0.00    0.00
A11A   234.8   88.1  1  1    0.00    0.00
ACC1   209.8   66.5  0  0   -0.03    0.70
AEC1   153.3   75.0  0  0   -0.33    0.94
AEC2   154.6   86.3  0  0   -0.00    1.56
A02A   321.3   88.3  0  0   -0.12    2.03
A03A     4.7   71.5  0  0   -0.51    0.83
A05A    75.1   51.0  0  0    0.33    0.96
A06A   312.0   63.7  0  0   -0.18    0.74
A07A   265.0   74.9  0  0   -0.01    1.25
A08A   222.2   41.3  0  0   -0.43    0.48
A10A   109.0   85.1  0  0   -0.94    1.46
A11A   234.8   88.1  0  0    0.43    1.99
             480  26  13  13 1
AAS1   184.0   85.1  1 -1    0.00    0.00
AAS2   198.9   86.2 -1  1    0.00    0.00
ACC1   208.8   63.8  1  1    0.00    0.00
AEC1   154.0   72.0 -1 -1    0.00    0.00
AEC2   155.0   82.9  1 -1    0.00    0.00
A03A     4.8   66.6  1 -1    0.00    0.00
A04A   294.6   86.4 -1 -1    0.00    0.00
A05A    78.0   47.1  1  1    0.00    0.00
A06A   310.4   59.0  1 -1    0.00    0.00
A07A   263.4   71.2  1  1    0.00    0.00
A08A   219.7   39.9  1  1    0.00    0.00
A09A   268.8   89.8  1  1    0.00    0.00
A11A   234.0   84.7  1  1    0.00    0.00
AAS1   184.0   85.1  0  0    0.00    0.00
AAS2   198.9   86.2  0  0   -0.03    1.63
ACC1   208.8   63.8  0  0   -0.39    0.65
AEC1   154.0   72.0  0  0   -0.31    0.83
AEC2   155.0   82.9  0  0    0.09    1.27
A03A     4.8   66.6  0  0   -0.57    0.68
A04A   294.6   86.4  0  0    0.06    1.81
A05A    78.0   47.1  0  0    0.32    1.26
A06A   310.4   59.0  0  0   -0.03    0.65
A07A   263.4   71.2  0  0    0.01    1.48
A08A   219.7   39.9  0  0   -0.48    0.56
A09A   268.8   89.8  0  0    0.00    0.00
A11A   234.0   84.7  0  0   -0.45    1.55
             481  14   8   6 1
ACC1   207.7   66.5  1  1    0.00    0.00
AEC1   153.8   74.9 -1 -1    0.00    0.00
AEC2   154.9   85.4  1 -1    0.00    0.00
A03A     5.5   68.4  1 -1    0.00    0.00
A05A    79.8   49.7 -1 -1    0.00    0.00
A07A   262.6   73.2  1  1    0.00    0.00
A08A   217.4   42.2  1  1    0.00    0.00
A10A   110.4   83.8  1  1    0.00    0.00
AEC1   153.8   74.9  0  0   -0.40    0.92
A03A     5.5   68.4  0  0   -0.25    0.73
A05A    79.8   49.7  0  0    0.30    1.01
A07A   262.6   73.2  0  0   -0.04    1.11
A08A   217.4   42.2  0  0   -0.25    0.36
A10A   110.4   83.8  0  0   -0.72    1.34
             482  28  14  14 1
ACC1   164.6   98.9  1  1    0.00    0.00
AEC1   147.0  101.9 -1  1    0.00    0.00
AEC2   148.6  104.4 -1  1    0.00    0.00
AID1   155.4  105.7  1  1    0.00    0.00
A01A    38.1   81.1  1  1    0.00    0.00
A02A   286.3    9.3  1 -1    0.00    0.00
A03A   107.0   81.8  1  1    0.00    0.00
A04A   232.5   72.1 -1 -1    0.00    0.00
A05A   127.1   96.5  1  1    0.00    0.00
A06A   152.6   73.4  1  1    0.00    0.00
A08A   156.6   94.6  1  1    0.00    0.00
A10A   126.7  103.3 -1  1    0.00    0.00
A12A   177.6  106.0  1  1    0.00    0.00
A14A   172.3  108.3  1  1    0.00    0.00
ACC1   164.6   98.9  0  0    0.00    0.00
AEC1   147.0  101.9  0  0   -0.40    1.09
AEC2   148.6  104.4  0  0    0.00    0.00
AID1   155.4  105.7  0  0    0.00    0.00
A01A    38.1   81.1  0  0   -0.03    1.18
A02A   286.3    9.3  0  0    0.32    1.95
A03A   107.0   81.8  0  0   -0.79    1.32
A04A   232.5   72.1  0  0   -0.19    0.90
A05A   127.1   96.5  0  0    0.00    0.00
A06A   152.6   73.4  0  0    0.00    0.00
A08A   156.6   94.6  0  0    0.00    0.00
A10A   126.7  103.3  0  0    0.00    0.00
A12A   177.6  106.0  0  0    0.00    0.00
A14A   172.3  108.3  0  0    0.00    0.00
             483  24  13  11 1
AAS2   172.5  102.9 -1 -1    0.00    0.00
ACC1   164.8   98.1  1  1    0.00    0.00
AEC1   147.2  101.2 -1  1    0.00    0.00
AEC2   148.7  103.9  1  1    0.00    0.00
AEC3   152.4  104.2 -1  1    0.00    0.00
AID1   155.6  105.1  1  1    0.00    0.00
A03A   107.1   81.1  1  1    0.00    0.00
A04A   232.9   71.9 -1 -1    0.00    0.00
A05A   127.3   95.8  1  1    0.00    0.00
A06A   153.2   72.7  1  1    0.00    0.00
A08A   156.8   94.1  1  1    0.00    0.00
A10A   126.8  102.8 -1  1    0.00    0.00
A14A   172.5  107.9 -1 -1    0.00    0.00
AAS2   172.5  102.9  0  0   -0.39    1.04
AEC1   147.2  101.2  0  0   -0.48    1.13
AEC3   152.4  104.2  0  0    0.00    0.00
AID1   155.6  105.1  0  0    0.00    0.00
A03A   107.1   81.1  0  0   -0.96    1.24
A04A   232.9   71.9  0  0   -0.17    0.91
A05A   127.3   95.8  0  0    0.00    0.00
A06A   153.2   72.7  0  0    0.03    0.85
A08A   156.8   94.1  0  0   -0.28    1.62
A10A   126.8  102.8  0  0    0.00    0.00
A14A   172.5  107.9  0  0    0.00    0.00
             484  28  14  14 1
AAS1   109.4   60.3  1  1    0.00    0.00
AAS2   142.4   29.5 -1 -1    0.00    0.00
ACC1    24.2   67.0  1  1    0.00    0.00
AEC1    68.1   84.9  1  1    0.00    0.00
AEC2    87.9   87.2  1  1    0.00    0.00
A05A    38.7   94.9  1  1    0.00    0.00
A06A     4.7   94.3  1  1    0.00    0.00
A07A   346.5   86.9 -1  1    0.00    0.00
A08A    21.9   82.6  1  1    0.00    0.00
A09A   317.2   94.1 -1 -1    0.00    0.00
A10A    65.6   97.4 -1  1    0.00    0.00
A12A   184.2   76.7 -1  1    0.00    0.00
A13A   132.7   94.6 -1 -1    0.00    0.00
A14A   168.0   91.9  1  1    0.00    0.00
AAS1   109.4   60.3  0  0   -0.03    1.14
AAS2   142.4   29.5  0  0   -0.03    0.78
ACC1    24.2   67.0  0  0   -0.53    0.69
AEC1    68.1   84.9  0  0    0.27    1.41
AEC2    87.9   87.2  0  0   -0.38    1.64
A05A    38.7   94.9  0  0    0.00    0.00
A06A     4.7   94.3  0  0   -0.07    1.52
A07A   346.5   86.9  0  0    0.06    1.70
A08A    21.9   82.6  0  0    0.52    1.27
A09A   317.2   94.1  0  0   -0.27    1.49
A10A    65.6   97.4  0  0    0.00    0.00
A12A   184.2   76.7  0  0    0.15    1.00
A13A   132.7   94.6  0  0    0.48    1.56
A14A   168.0   91.9  0  0   -0.13    1.93
             485  15   8   7 1
AEC1   152.9   88.9 -1  1    0.00    0.00
AEC2   154.3   98.3  1  1    0.00    0.00
A03A     5.7   85.6  1  1    0.00    0.00
A04A   295.3  101.2 -1 -1    0.00    0.00
A05A    76.9   66.7 -1 -1    0.00    0.00
A07A   264.1   88.0 -1 -1    0.00    0.00
A08A   219.3   55.3  1  1    0.00    0.00
A09A   269.2  104.5 -1 -1    0.00    0.00
AEC1   152.9   88.9  0  0   -0.57    1.92
A03A     5.7   85.6  0  0   -0.72    1.51
A04A   295.3  101.2  0  0   -0.43    1.11
A05A    76.9   66.7  0  0    0.11    1.00
A07A   264.1   88.0  0  0   -0.26    2.31
A08A   219.3   55.3  0  0   -0.29    0.48
A09A   269.2  104.5  0  0    0.00    0.00
             486  16   9   7 1
AAS1   105.3   63.5  1  1    0.00    0.00
AAS2   136.3   27.7 -1 -1    0.00    0.00
AEC1    65.9   89.1  1 -1    0.00    0.00
AEC2    85.7   90.5  1  1    0.00    0.00
A09A   318.0   99.4  1  1    0.00    0.00
A11A   310.8   73.5  1  1    0.00    0.00
A12A   185.0   79.1  1  1    0.00    0.00
A13A   131.8   98.9  1  1    0.00    0.00
A14A   168.0   95.2  1  1    0.00    0.00
AAS1   105.3   63.5  0  0   -0.07    1.24
AAS2   136.3   27.7  0  0    0.00    0.00
A09A   318.0   99.4  0  0   -0.23    1.15
A11A   310.8   73.5  0  0    0.64    0.96
A12A   185.0   79.1  0  0    0.07    1.10
A13A   131.8   98.9  0  0    0.00    0.00
A14A   168.0   95.2  0  0   -0.23    1.46
             487  14   8   6 1
AAS1   101.0   57.1  1  1    0.00    0.00
ACC1    19.8   70.8  1  1    0.00    0.00
AEC1    63.6   85.4  1  1    0.00    0.00
AEC2    83.6   86.7  1  1    0.00    0.00
AEC3    90.2   82.8 -1  1    0.00    0.00
A09A   318.6   95.0 -1 -1    0.00    0.00
A10A    63.1   97.5  1  1    0.00    0.00
A14A   168.1   90.8  1 -1    0.00    0.00
AAS1   101.0   57.1  0  0   -0.36    1.31
AEC1    63.6   85.4  0  0    0.14    1.39
AEC2    83.6   86.7  0  0   -0.20    1.53
AEC3    90.2   82.8  0  0   -0.20    1.82
A09A   318.6   95.0  0  0   -0.19    1.37
A14A   168.1   90.8  0  0   -0.19    2.61
             488  15   8   7 1
AAS1   329.3   68.4  1 -1    0.00    0.00
AAS2   300.8   88.1  1 -1    0.00    0.00
AEC1    17.8   98.6  1  1    0.00    0.00
AEC3    37.3   80.4  1  1    0.00    0.00
AID1    81.4   62.9  1  1    0.00    0.00
A12A   247.1   94.8  1  1    0.00    0.00
A13A   140.2   93.2 -1 -1    0.00    0.00
A14A   204.9   99.0 -1  1    0.00    0.00
AAS1   329.3   68.4  0  0   -0.03    0.78
AAS2   300.8   88.1  0  0   -0.14    2.21
AEC3    37.3   80.4  0  0   -0.15    1.14
AID1    81.4   62.9  0  0   -0.64    1.01
A12A   247.1   94.8  0  0   -0.13    1.40
A13A   140.2   93.2  0  0    0.25    1.78
A14A   204.9   99.0  0  0   -0.23    1.18
             489  15   8   7 1
A03A     5.2   61.2 -1 -1    0.00    0.00
A04A   290.8   85.6  1  1    0.00    0.00
A06A   302.1   55.2  1  1    0.00    0.00
A07A   256.9   71.8  1  1    0.00    0.00
A08A   211.7   46.9  1  1    0.00    0.00
A09A   265.3   89.7  1  1    0.00    0.00
A10A   114.5   82.0 -1  1    0.00    0.00
A11A   230.8   85.6  1  1    0.00    0.00
A03A     5.2   61.2  0  0   -0.35    0.51
A04A   290.8   85.6  0  0   -0.30    1.67
A06A   302.1   55.2  0  0   -0.19    0.86
A07A   256.9   71.8  0  0    0.05    1.01
A08A   211.7   46.9  0  0   -0.65    0.22
A10A   114.5   82.0  0  0   -1.02    1.24
A11A   230.8   85.6  0  0   -0.25    1.62
             490  17   9   8 1
ACC1   207.8   65.3  1  1    0.00    0.00
AEC1   154.2   73.4 -1  1    0.00    0.00
AEC2   155.2   84.0  1  1    0.00    0.00
AEC3   162.0   85.6  1  1    0.00    0.00
A03A     5.2   66.5  1  1    0.00    0.00
A04A   294.0   86.8 -1 -1    0.00    0.00
A06A   309.3   58.9  1 -1    0.00    0.00
A08A   217.4   41.5  1  1    0.00    0.00
A10A   110.8   82.3 -1 -1    0.00    0.00
ACC1   207.8   65.3  0  0    0.08    0.68
AEC1   154.2   73.4  0  0   -0.13    0.88
AEC2   155.2   84.0  0  0   -0.05    1.34
A03A     5.2   66.5  0  0   -0.49    0.68
A04A   294.0   86.8  0  0   -0.17    1.87
A06A   309.3   58.9  0  0   -0.36    0.65
A08A   217.4   41.5  0  0   -0.15    0.51
A10A   110.8   82.3  0  0   -0.97    1.23
             491  22  11  11 1
ACC1   206.9   65.0  1  1    0.00    0.00
AEC2   155.4   83.5  1  1    0.00    0.00
AEC3   162.0   85.0  1  1    0.00    0.00
A02A   320.0   83.4  1  1    0.00    0.00
A03A     5.7   64.7  1  1    0.00    0.00
A04A   293.5   85.8 -1 -1    0.00    0.00
A06A   308.2   57.0  1  1    0.00    0.00
A07A   261.0   70.8  1 -1    0.00    0.00
A08A   215.3   41.8  1  1    0.00    0.00
A10A   111.5   81.7 -1 -1    0.00    0.00
A11A   232.6   84.8  1  1    0.00    0.00
ACC1   206.9   65.0  0  0   -0.08    0.66
AEC2   155.4   83.5  0  0   -0.28    1.32
AEC3   162.0   85.0  0  0   -0.43    1.44
A02A   320.0   83.4  0  0    0.20    1.38
A03A     5.7   64.7  0  0   -0.62    0.62
A04A   293.5   85.8  0  0   -0.02    1.64
A06A   308.2   57.0  0  0   -0.28    0.70
A07A   261.0   70.8  0  0    0.13    1.14
A08A   215.3   41.8  0  0   -0.34    0.39
A10A   111.5   81.7  0  0   -1.10    1.24
A11A   232.6   84.8  0  0   -0.55    1.51
             492  24  12  12 1
AAS1   117.9   62.1  1  1    0.00    0.00
AAS2   154.3   37.5 -1 -1    0.00    0.00
ACC1    26.9   62.0  1  1    0.00    0.00
AEC1    72.2   83.8  1  1    0.00    0.00
AEC2    92.1   86.9  1  1    0.00    0.00
AID1   117.9   87.8  1  1    0.00    0.00
A05A    40.4   94.1 -1  1    0.00    0.00
A06A     4.6   93.3 -1 -1    0.00    0.00
A08A    23.4   79.8  1  1    0.00    0.00
A12A   184.3   80.0 -1 -1    0.00    0.00
A13A   135.0   95.2 -1  1    0.00    0.00
A14A   169.0   93.0  1 -1    0.00    0.00
AAS1   117.9   62.1  0  0   -0.09    0.87
AAS2   154.3   37.5  0  0    0.11    0.44
ACC1    26.9   62.0  0  0   -0.18    0.54
AEC1    72.2   83.8  0  0    0.43    1.31
AEC2    92.1   86.9  0  0   -0.14    1.81
AID1   117.9   87.8  0  0    0.04    1.65
A05A    40.4   94.1  0  0    0.00    0.00
A06A     4.6   93.3  0  0   -0.77    1.65
A08A    23.4   79.8  0  0    0.50    1.12
A12A   184.3   80.0  0  0    0.04    1.15
A13A   135.0   95.2  0  0   -0.16    1.53
A14A   169.0   93.0  0  0   -0.26    1.73
             493  25  13  12 1
AAS1   118.4   63.4  1  1    0.00    0.00
AAS2   154.8   39.0 -1 -1    0.00    0.00
ACC1    27.2   62.8  1  1    0.00    0.00
AEC1    72.6   85.0  1  1    0.00    0.00
AEC2    92.4   88.3  1  1    0.00    0.00
AID1   118.2   89.3 -1  1    0.00    0.00
A05A    40.5   94.9 -1 -1    0.00    0.00
A06A     4.6   94.2 -1 -1    0.00    0.00
A08A    23.5   80.9  1  1    0.00    0.00
A09A   314.7   94.3  1 -1    0.00    0.00
A10A    68.1   98.0 -1  1    0.00    0.00
A12A   184.3   81.4 -1 -1    0.00    0.00
A13A   135.2   96.2 -1 -1    0.00    0.00
AAS1   118.4   63.4  0  0    0.01    0.84
AAS2   154.8   39.0  0  0    0.14    0.38
ACC1    27.2   62.8  0  0   -0.16    0.57
AEC1    72.6   85.0  0  0    0.35    1.37
AID1   118.2   89.3  0  0    0.10    1.86
A05A    40.5   94.9  0  0    0.00    0.00
A06A     4.6   94.2  0  0   -0.55    1.54
A08A    23.5   80.9  0  0    0.42    1.17
A09A   314.7   94.3  0  0   -0.12    1.42
A10A    68.1   98.0  0  0    0.00    0.00
A12A   184.3   81.4  0  0   -0.04    1.22
A13A   135.2   96.2  0  0    0.00    0.00
             494  16   9   7 1
AAS1   108.8   64.2  1  1    0.00    0.00
AAS2   144.2   30.7 -1 -1    0.00    0.00
ACC1    22.4   72.4  1  1    0.00    0.00
AEC2    87.2   90.6 -1  1    0.00    0.00
AEC3    94.3   87.4  1  1    0.00    0.00
A09A   317.1   99.8  1  1    0.00    0.00
A10A    65.1  102.6 -1 -1    0.00    0.00
A11A   308.4   73.4  1  1    0.00    0.00
A14A   168.6   96.1 -1  1    0.00    0.00
AAS1   108.8   64.2  0  0    0.04    1.11
AAS2   144.2   30.7  0  0    0.03    0.72
AEC3    94.3   87.4  0  0   -0.02    1.99
A09A   317.1   99.8  0  0   -0.33    1.13
A10A    65.1  102.6  0  0   -0.32    1.10
A11A   308.4   73.4  0  0    0.51    0.97
A14A   168.6   96.1  0  0   -0.37    1.39
             495  16   9   7 1
ACC1   209.7   62.7  1  1    0.00    0.00
AEC1   152.4   71.7  1  1    0.00    0.00
AEC3   161.1   84.6  1  1    0.00    0.00
A03A     5.2   69.0  1  1    0.00    0.00
A05A    73.9   49.1  1 -1    0.00    0.00
A06A   313.3   60.8  1 -1    0.00    0.00
A07A   265.8   71.5  1 -1    0.00    0.00
A08A   222.6   37.5  1  1    0.00    0.00
A10A   108.3   82.0 -1 -1    0.00    0.00
AEC1   152.4   71.7  0  0   -0.66    0.82
A03A     5.2   69.0  0  0   -0.66    0.75
A05A    73.9   49.1  0  0    0.12    1.14
A06A   313.3   60.8  0  0   -0.47    0.65
A07A   265.8   71.5  0  0   -0.26    1.92
A08A   222.6   37.5  0  0   -0.44    0.65
A10A   108.3   82.0  0  0   -0.95    1.22
             496  17  10   7 1
ACC1   209.1   63.0  1  1    0.00    0.00
AEC2   154.2   83.0  1  1    0.00    0.00
A03A     5.3   68.2  1 -1    0.00    0.00
A04A   295.6   86.8  1  1    0.00    0.00
A05A    75.3   48.6  1 -1    0.00    0.00
A06A   312.5   60.1  1  1    0.00    0.00
A07A   265.0   71.2  1  1    0.00    0.00
A08A   221.2   38.1  1  1    0.00    0.00
A10A   108.8   81.9 -1  1    0.00    0.00
A11A   234.6   84.8  1  1    0.00    0.00
A03A     5.3   68.2  0  0   -0.66    0.73
A04A   295.6   86.8  0  0   -0.36    1.87
A05A    75.3   48.6  0  0    0.06    0.91
A06A   312.5   60.1  0  0   -0.46    0.73
A07A   265.0   71.2  0  0   -0.23    1.14
A08A   221.2   38.1  0  0   -0.34    0.48
A11A   234.6   84.8  0  0   -0.42    1.53
             497  15   9   6 1
ACC1   217.2   60.1  1  1    0.00    0.00
AEC1   145.1   72.7  1  1    0.00    0.00
AEC2   149.4   87.1  1  1    0.00    0.00
A04A   302.0   94.2 -1  1    0.00    0.00
A05A    57.2   62.0  1 -1    0.00    0.00
A06A   323.6   73.8  1  1    0.00    0.00
A07A   277.1   78.0  1  1    0.00    0.00
A09A   275.8   95.7 -1  1    0.00    0.00
A10A   100.3   89.3  1  1    0.00    0.00
AEC1   145.1   72.7  0  0   -0.28    0.87
A04A   302.0   94.2  0  0   -0.36    1.47
A05A    57.2   62.0  0  0    0.52    0.72
A06A   323.6   73.8  0  0   -0.25    0.94
A07A   277.1   78.0  0  0   -0.03    1.52
A10A   100.3   89.3  0  0   -0.76    1.96
             498  15   8   7 1
AAS1   104.3   63.4  1  1    0.00    0.00
AAS2   132.1   27.8 -1 -1    0.00    0.00
AEC1    65.8   88.8  1  1    0.00    0.00
AEC3    92.2   87.0  1  1    0.00    0.00
A09A   318.5   98.4  1  1    0.00    0.00
A11A   311.9   72.4  1  1    0.00    0.00
A12A   184.1   78.0  1  1    0.00    0.00
A14A   167.4   94.5  1  1    0.00    0.00
AAS1   104.3   63.4  0  0   -0.06    1.14
AAS2   132.1   27.8  0  0    0.00    0.00
AEC3    92.2   87.0  0  0   -0.14    3.28
A09A   318.5   98.4  0  0   -0.38    1.21
A11A   311.9   72.4  0  0    0.40    0.91
A12A   184.1   78.0  0  0   -0.12    1.06
A14A   167.4   94.5  0  0   -0.44    1.52
             499  17   9   8 1
AAS1   332.8   83.5  1 -1    0.00    0.00
AEC2    27.4   95.1  1  1    0.00    0.00
AEC3    23.4   88.1  1  1    0.00    0.00
AID1    50.4   65.2  1  1    0.00    0.00
A10A    33.5  110.1  1  1    0.00    0.00
A11A   310.6  108.9 -1 -1    0.00    0.00
A12A   259.8   95.7 -1 -1    0.00    0.00
A13A   134.2   85.6  1 -1    0.00    0.00
A14A   213.7   95.9  1  1    0.00    0.00
AAS1   332.8   83.5  0  0   -0.08    1.40
AEC3    23.4   88.1  0  0    0.04    1.78
AID1    50.4   65.2  0  0   -0.01    0.73
A10A    33.5  110.1  0  0   -0.31    0.83
A11A   310.6  108.9  0  0    0.00    0.00
A12A   259.8   95.7  0  0   -0.33    1.42
A13A   134.2   85.6  0  0   -0.24    1.41
A14A   213.7   95.9  0  0    0.17    1.33
             500  15   8   7 1
AAS1   333.5   81.6  1  1    0.00    0.00
AEC1    13.0  101.6  1  1    0.00    0.00
AEC2    29.0   94.6  1  1    0.00    0.00
AEC3    25.5   87.3  1  1    0.00    0.00
AID1    54.4   65.1  1 -1    0.00    0.00
A10A    34.3  109.8  1  1    0.00    0.00
A12A   258.4   95.0 -1 -1    0.00    0.00
A13A   134.3   86.6  1  1    0.00    0.00
AAS1   333.5   81.6  0  0   -0.16    1.26
AEC1    13.0  101.6  0  0    0.00    0.00
AEC3    25.5   87.3  0  0    0.27    1.67
AID1    54.4   65.1  0  0   -0.11    0.73
A10A    34.3  109.8  0  0   -0.43    0.82
A12A   258.4   95.0  0  0   -0.19    1.41
A13A   134.3   86.6  0  0   -0.22    1.54
             501  18  10   8 1
ACC1   210.1   63.0  1 -1    0.00    0.00
AEC1   151.6   72.4  1  1    0.00    0.00
AEC3   160.6   85.4  1  1    0.00    0.00
A04A   296.7   88.2  1  1    0.00    0.00
A05A    71.9   51.0  1 -1    0.00    0.00
A06A   314.8   62.6  1  1    0.00    0.00
A07A   266.9   72.5  1  1    0.00    0.00
A09A   270.6   91.4  1  1    0.00    0.00
A10A   107.4   83.1  1  1    0.00    0.00
A14A   186.6   98.5  1  1    0.00    0.00
AEC1   151.6   72.4  0  0   -0.58    0.85
AEC3   160.6   85.4  0  0   -0.41    1.47
A04A   296.7   88.2  0  0   -0.42    2.13
A05A    71.9   51.0  0  0   -0.26    0.95
A06A   314.8   62.6  0  0   -0.40    0.69
A07A   266.9   72.5  0  0    0.12    1.47
A10A   107.4   83.1  0  0   -0.71    1.32
A14A   186.6   98.5  0  0    0.00    0.00
             502  23  12  11 1
AAS1   107.2   59.6  1  1    0.00    0.00
AAS2   143.0   25.5 -1 -1    0.00    0.00
ACC1    21.1   69.8  1  1    0.00    0.00
AEC1    66.1   86.3  1  1    0.00    0.00
AEC2    86.3   88.1  1  1    0.00    0.00
A04A   337.7   99.2  1  1    0.00    0.00
A05A    37.4   96.6  1  1    0.00    0.00
A06A     3.7   96.2  1  1    0.00    0.00
A08A    20.0   84.9  1  1    0.00    0.00
A09A   317.3   96.1  1  1    0.00    0.00
A10A    64.5   98.8  1 -1    0.00    0.00
A14A   168.8   93.1  1  1    0.00    0.00
AAS1   107.2   59.6  0  0   -0.14    1.18
AAS2   143.0   25.5  0  0    0.00    0.00
AEC1    66.1   86.3  0  0    0.19    1.52
AEC2    86.3   88.1  0  0   -0.29    1.74
A04A   337.7   99.2  0  0    0.01    1.16
A05A    37.4   96.6  0  0    0.00    0.00
A06A     3.7   96.2  0  0   -0.12    1.36
A08A    20.0   84.9  0  0    0.23    1.44
A09A   317.3   96.1  0  0   -0.60    1.33
A10A    64.5   98.8  0  0    0.00    0.00
A14A   168.8   93.1  0  0   -0.45    1.70
             503  16   8   8 1
AAS1   308.5   52.4 -1 -1    0.00    0.00
AAS2   289.8   76.3  1 -1    0.00    0.00
AEC2    37.7   68.7  1  1    0.00    0.00
AEC3    35.6   54.9  1  1    0.00    0.00
AID1   102.0   38.4  1 -1    0.00    0.00
A10A    38.3   99.1  1  1    0.00    0.00
A12A   243.6   86.1  1  1    0.00    0.00
A14A   207.0   90.7  1  1    0.00    0.00
AAS1   308.5   52.4  0  0   -0.32    0.66
AAS2   289.8   76.3  0  0    0.00    0.00
AEC2    37.7   68.7  0  0   -0.50    0.75
AEC3    35.6   54.9  0  0   -0.61    0.43
AID1   102.0   38.4  0  0   -0.49    1.35
A10A    38.3   99.1  0  0   -0.61    1.24
A12A   243.6   86.1  0  0   -0.44    1.73
A14A   207.0   90.7  0  0   -0.32    2.08
             504  20  11   9 1
ACC1   209.4   63.5  1  1    0.00    0.00
AEC1   150.7   73.6 -1  1    0.00    0.00
AEC2   152.8   85.2  1  1    0.00    0.00
AEC3   160.0   86.6  1  1    0.00    0.00
A03A     6.2   72.5  1  1    0.00    0.00
A04A   297.2   89.2 -1  1    0.00    0.00
A05A    71.7   53.1  1 -1    0.00    0.00
A06A   315.9   63.5  1  1    0.00    0.00
A07A   267.3   73.2  1 -1    0.00    0.00
A08A   223.3   36.4  1  1    0.00    0.00
A10A   107.0   84.7  1 -1    0.00    0.00
AEC1   150.7   73.6  0  0   -0.59    0.89
AEC3   160.0   86.6  0  0   -0.56    1.58
A03A     6.2   72.5  0  0   -0.53    0.86
A04A   297.2   89.2  0  0    0.02    2.81
A05A    71.7   53.1  0  0    0.41    0.91
A06A   315.9   63.5  0  0   -0.23    0.71
A07A   267.3   73.2  0  0    0.18    1.43
A08A   223.3   36.4  0  0   -0.44    0.60
A10A   107.0   84.7  0  0   -1.17    1.39
             505  32  16  16 1
AAS1   109.9   59.7  1 -1    0.00    0.00
AAS2   145.2   28.8 -1 -1    0.00    0.00
ACC1    23.1   67.0  1  1    0.00    0.00
AEC1    67.8   84.9  1  1    0.00    0.00
AEC2    87.9   87.1  1  1    0.00    0.00
AID1   114.2   86.9  1  1    0.00    0.00
A03A    18.4   98.5  1  1    0.00    0.00
A05A    38.4   95.0  1  1    0.00    0.00
A06A     4.2   94.5  1  1    0.00    0.00
A07A   345.9   87.3  1  1    0.00    0.00
A08A    21.2   82.8  1  1    0.00    0.00
A09A   316.9   94.4  1  1    0.00    0.00
A10A    65.5   97.6  1 -1    0.00    0.00
A12A   185.1   77.0 -1  1    0.00    0.00
A13A   133.0   94.7  1  1    0.00    0.00
A14A   168.5   92.2  1  1    0.00    0.00
AAS1   109.9   59.7  0  0   -0.05    1.09
AAS2   145.2   28.8  0  0   -0.08    0.75
ACC1    23.1   67.0  0  0   -0.03    0.69
AEC1    67.8   84.9  0  0    0.23    1.40
AEC2    87.9   87.1  0  0   -0.30    1.64
AID1   114.2   86.9  0  0    0.03    1.58
A03A    18.4   98.5  0  0    0.00    0.00
A05A    38.4   95.0  0  0    0.00    0.00
A06A     4.2   94.5  0  0    0.02    1.50
A07A   345.9   87.3  0  0    0.11    1.77
A08A    21.2   82.8  0  0    0.55    1.28
A09A   316.9   94.4  0  0   -0.32    1.46
A10A    65.5   97.6  0  0    0.00    0.00
A12A   185.1   77.0  0  0    0.23    1.02
A13A   133.0   94.7  0  0    0.55    1.55
A14A   168.5   92.2  0  0   -0.13    1.87
             506  17   9   8 1
ACC1   232.8   45.5  1  1    0.00    0.00
AEC1   147.1   50.2 -1 -1    0.00    0.00
AEC2   151.2   67.8  1 -1    0.00    0.00
A03A   359.6   70.8  1 -1    0.00    0.00
A04A   303.2   83.9  1 -1    0.00    0.00
A05A    42.4   47.0  1 -1    0.00    0.00
A07A   282.5   67.2  1  1    0.00    0.00
A08A   275.6   29.2  1  1    0.00    0.00
A11A   247.1   76.3  1  1    0.00    0.00
AEC1   147.1   50.2  0  0   -0.39    0.34
AEC2   151.2   67.8  0  0   -0.46    0.72
A03A   359.6   70.8  0  0   -0.51    0.81
A04A   303.2   83.9  0  0    0.00    0.00
A05A    42.4   47.0  0  0    0.02    0.51
A07A   282.5   67.2  0  0   -0.09    1.11
A08A   275.6   29.2  0  0   -0.31    1.66
A11A   247.1   76.3  0  0   -0.83    1.10
             507  14   8   6 1
ACC1   235.0   53.3  1  1    0.00    0.00
AEC2   151.1   75.4  1 -1    0.00    0.00
AEC3   160.5   77.7 -1 -1    0.00    0.00
A05A    40.5   55.8  1 -1    0.00    0.00
A07A   283.4   76.0  1  1    0.00    0.00
A08A   278.7   36.4  1  1    0.00    0.00
A10A    94.9   78.8  1  1    0.00    0.00
A11A   248.0   84.0  1  1    0.00    0.00
ACC1   235.0   53.3  0  0   -0.47    0.69
A05A    40.5   55.8  0  0    0.04    0.50
A07A   283.4   76.0  0  0    0.00    0.00
A08A   278.7   36.4  0  0   -0.51    1.44
A10A    94.9   78.8  0  0   -0.53    1.51
A11A   248.0   84.0  0  0    0.00    0.00
             508  17  10   7 1
ACC1   213.6   58.9  1 -1    0.00    0.00
AEC1   148.6   69.6 -1 -1    0.00    0.00
AEC2   151.6   82.3  1 -1    0.00    0.00
A03A     5.2   74.1  1  1    0.00    0.00
A04A   299.5   89.0  1  1    0.00    0.00
A05A    63.6   53.5  1  1    0.00    0.00
A07A   272.2   72.3  1  1    0.00    0.00
A08A   235.8   31.3 -1 -1    0.00    0.00
A10A   103.8   82.7  1  1    0.00    0.00
A11A   238.4   84.7  1  1    0.00    0.00
AEC1   148.6   69.6  0  0   -0.46    0.78
A03A     5.2   74.1  0  0   -0.54    0.91
A04A   299.5   89.0  0  0   -0.13    2.91
A05A    63.6   53.5  0  0    0.23    0.74
A07A   272.2   72.3  0  0    0.04    1.83
A08A   235.8   31.3  0  0   -0.11    0.82
A11A   238.4   84.7  0  0   -0.23    1.51
             509  20  10  10 1
ACC1   213.9   59.2  1 -1    0.00    0.00
AEC2   151.4   82.9  1  1    0.00    0.00
AEC3   159.1   84.4  1  1    0.00    0.00
A02A   324.7   88.2  1  1    0.00    0.00
A03A     5.1   75.0  1  1    0.00    0.00
A04A   299.7   89.6 -1  1    0.00    0.00
A05A    63.0   54.3  1 -1    0.00    0.00
A07A   272.6   72.9  1  1    0.00    0.00
A10A   103.5   83.4  1  1    0.00    0.00
A14A   186.7   98.4  1  1    0.00    0.00
ACC1   213.9   59.2  0  0   -0.17    0.53
AEC2   151.4   82.9  0  0   -0.57    1.28
AEC3   159.1   84.4  0  0   -0.38    1.39
A02A   324.7   88.2  0  0    0.17    2.05
A03A     5.1   75.0  0  0   -0.43    0.94
A04A   299.7   89.6  0  0   -0.06    2.67
A05A    63.0   54.3  0  0    0.35    0.76
A07A   272.6   72.9  0  0   -0.08    2.90
A10A   103.5   83.4  0  0   -1.15    1.37
A14A   186.7   98.4  0  0    0.00    0.00
             510  18   9   9 1
ACC1   230.5   50.1  1  1    0.00    0.00
AEC1   148.0   55.5  1  1    0.00    0.00
AEC3   160.6   74.7  1  1    0.00    0.00
A03A   359.8   74.0  1 -1    0.00    0.00
A04A   302.6   86.6  1  1    0.00    0.00
A05A    44.5   50.0  1 -1    0.00    0.00
A07A   281.1   70.9  1  1    0.00    0.00
A10A    97.0   75.0  1  1    0.00    0.00
A11A   246.1   80.1  1  1    0.00    0.00
ACC1   230.5   50.1  0  0   -0.32    0.50
AEC1   148.0   55.5  0  0   -0.43    0.50
AEC3   160.6   74.7  0  0   -0.39    0.93
A03A   359.8   74.0  0  0   -0.33    0.91
A04A   302.6   86.6  0  0   -0.57    1.77
A05A    44.5   50.0  0  0    0.05    0.40
A07A   281.1   70.9  0  0    0.05    1.77
A10A    97.0   75.0  0  0   -0.87    2.04
A11A   246.1   80.1  0  0   -0.40    1.21
             511  15   9   6 1
ACC1   213.6   61.3  1 -1    0.00    0.00
AEC1   148.1   72.5 -1  1    0.00    0.00
AEC2   151.2   85.8  1  1    0.00    0.00
AEC3   159.0   87.2  1  1    0.00    0.00
A04A   299.7   91.5  1  1    0.00    0.00
A05A    63.2   56.8  1 -1    0.00    0.00
A07A   272.6   75.2  1  1    0.00    0.00
A10A   103.4   86.3  1  1    0.00    0.00
A11A   238.5   87.9  1  1    0.00    0.00
AEC1   148.1   72.5  0  0   -0.37    0.86
AEC3   159.0   87.2  0  0   -0.02    1.67
A04A   299.7   91.5  0  0   -0.12    1.81
A05A    63.2   56.8  0  0    0.29    0.77
A07A   272.6   75.2  0  0   -0.19    2.38
A11A   238.5   87.9  0  0   -0.45    2.00
             512  17   9   8 1
ACC1   162.2   94.8  1  1    0.00    0.00
A01A    42.0   78.8  1  1    0.00    0.00
A02A    59.7    3.2 -1 -1    0.00    0.00
A03A   106.0   80.5  1  1    0.00    0.00
A05A   125.7   93.4  1  1    0.00    0.00
A06A   147.6   71.2  1  1    0.00    0.00
A07A   179.8   85.3  1  1    0.00    0.00
A08A   153.9   91.2  1  1    0.00    0.00
A09A   217.3   89.7  1  1    0.00    0.00
A01A    42.0   78.8  0  0    0.35    1.08
A02A    59.7    3.2  0  0    0.01    1.93
A03A   106.0   80.5  0  0   -0.47    1.25
A05A   125.7   93.4  0  0    0.00    0.00
A06A   147.6   71.2  0  0   -0.25    0.83
A07A   179.8   85.3  0  0    0.33    1.49
A08A   153.9   91.2  0  0    0.00    0.00
A09A   217.3   89.7  0  0    0.15    3.36
             513  26  13  13 1
AAS2   192.8   88.2  1  1    0.00    0.00
ACC1   195.1   72.1 -1  1    0.00    0.00
AEC1   157.2   79.0  1  1    0.00    0.00
AEC3   162.7   87.2  1  1    0.00    0.00
A02A   312.7   74.0 -1 -1    0.00    0.00
A03A    18.9   44.9 -1  1    0.00    0.00
A04A   282.6   80.0  1 -1    0.00    0.00
A05A   114.7   52.9 -1 -1    0.00    0.00
A06A   280.2   40.1  1 -1    0.00    0.00
A07A   241.2   68.8 -1 -1    0.00    0.00
A08A   193.5   56.2  1  1    0.00    0.00
A10A   121.4   83.1 -1 -1    0.00    0.00
A14A   184.4   97.9  1  1    0.00    0.00
AAS2   192.8   88.2  0  0   -0.17    1.97
ACC1   195.1   72.1  0  0    0.26    0.86
AEC1   157.2   79.0  0  0   -0.07    1.07
AEC3   162.7   87.2  0  0   -0.10    1.64
A02A   312.7   74.0  0  0    0.47    0.98
A03A    18.9   44.9  0  0   -0.52   -0.17
A04A   282.6   80.0  0  0    0.35    1.50
A05A   114.7   52.9  0  0    0.56    1.00
A06A   280.2   40.1  0  0   -0.85    1.87
A07A   241.2   68.8  0  0    0.51    0.85
A08A   193.5   56.2  0  0    0.07    0.34
A10A   121.4   83.1  0  0   -0.77    1.26
A14A   184.4   97.9  0  0    0.00    0.00
             514  18   9   9 1
A01A   352.4   85.0 -1 -1    0.00    0.00
A02A   312.6   77.2  1  1    0.00    0.00
A03A    16.5   47.9 -1 -1    0.00    0.00
A04A   283.0   82.9  1  1    0.00    0.00
A05A   114.3   54.3  1  1    0.00    0.00
A06A   281.5   44.0  1  1    0.00    0.00
A07A   242.3   71.8 -1  1    0.00    0.00
A08A   195.3   58.5  1 -1    0.00    0.00
A10A   121.4   85.1 -1  1    0.00    0.00
A01A   352.4   85.0  0  0    0.01    1.49
A02A   312.6   77.2  0  0    0.44    1.09
A03A    16.5   47.9  0  0   -0.58   -0.20
A04A   283.0   82.9  0  0    0.31    1.60
A05A   114.3   54.3  0  0    0.65    1.04
A06A   281.5   44.0  0  0   -0.95    1.83
A07A   242.3   71.8  0  0    0.61    0.92
A08A   195.3   58.5  0  0    0.16    0.43
A10A   121.4   85.1  0  0    0.00    0.00
             515  18   9   9 1
A01A    39.3   78.3  1 -1    0.00    0.00
A02A   297.7    5.2  1 -1    0.00    0.00
A03A   106.5   79.3  1  1    0.00    0.00
A04A   231.1   67.4 -1 -1    0.00    0.00
A05A   126.6   93.5  1  1    0.00    0.00
A06A   150.8   70.4 -1  1    0.00    0.00
A07A   182.4   85.8  1  1    0.00    0.00
A08A   155.6   91.4  1  1    0.00    0.00
A09A   219.2   90.7 -1 -1    0.00    0.00
A01A    39.3   78.3  0  0    0.08    1.04
A02A   297.7    5.2  0  0   -0.04    1.73
A03A   106.5   79.3  0  0   -0.71    1.13
A04A   231.1   67.4  0  0    0.04    0.82
A05A   126.6   93.5  0  0   -0.48    1.81
A06A   150.8   70.4  0  0   -0.48    0.78
A07A   182.4   85.8  0  0    0.00    0.00
A08A   155.6   91.4  0  0   -0.45    2.28
A09A   219.2   90.7  0  0   -0.18    1.94
             516  30  15  15 1
AAS1   103.5   60.2  1  1    0.00    0.00
AAS2   133.0   23.8 -1 -1    0.00    0.00
ACC1    21.2   71.8  1 -1    0.00    0.00
AEC1    64.9   87.3  1  1    0.00    0.00
AEC2    84.8   88.8  1  1    0.00    0.00
AEC3    91.6   85.0 -1  1    0.00    0.00
AID1   111.4   87.7  1  1    0.00    0.00
A05A    37.1   97.4  1 -1    0.00    0.00
A06A     4.1   97.0  1  1    0.00    0.00
A07A   346.6   90.4 -1  1    0.00    0.00
A09A   318.3   96.6  1  1    0.00    0.00
A10A    63.8   99.3  1  1    0.00    0.00
A11A   311.7   71.8  1  1    0.00    0.00
A12A   185.5   76.1  1  1    0.00    0.00
A14A   168.0   93.0  1  1    0.00    0.00
AAS1   103.5   60.2  0  0   -0.08    1.31
AAS2   133.0   23.8  0  0    0.09    0.97
ACC1    21.2   71.8  0  0   -0.41    0.83
AEC1    64.9   87.3  0  0    0.43    1.62
AEC2    84.8   88.8  0  0   -0.36    1.87
AEC3    91.6   85.0  0  0   -0.16    1.66
AID1   111.4   87.7  0  0    0.23    1.68
A05A    37.1   97.4  0  0    0.00    0.00
A06A     4.1   97.0  0  0    0.00    0.00
A07A   346.6   90.4  0  0    0.35    2.38
A09A   318.3   96.6  0  0   -0.82    1.30
A10A    63.8   99.3  0  0    0.00    0.00
A11A   311.7   71.8  0  0    0.66    0.91
A12A   185.5   76.1  0  0    0.06    0.98
A14A   168.0   93.0  0  0   -0.31    1.71
             517  18   9   9 1
AAS1   102.6   66.3  1 -1    0.00    0.00
AAS2   129.5   27.5  1  1    0.00    0.00
ACC1    21.6   77.3  1  1    0.00    0.00
AEC1    64.8   91.5 -1 -1    0.00    0.00
AEC2    84.6   92.3 -1 -1    0.00    0.00
AEC3    91.2   89.5  1 -1    0.00    0.00
A11A   312.6   76.8  1  1    0.00    0.00
A12A   184.9   80.6  1  1    0.00    0.00
A14A   167.6   96.8  1  1    0.00    0.00
AAS1   102.6   66.3  0  0   -0.29    1.43
AAS2   129.5   27.5  0  0   -0.01    0.96
ACC1    21.6   77.3  0  0   -0.13    1.02
AEC1    64.8   91.5  0  0    0.46    2.80
AEC2    84.6   92.3  0  0   -0.17    2.21
AEC3    91.2   89.5  0  0   -0.21    1.89
A11A   312.6   76.8  0  0    0.85    1.08
A12A   184.9   80.6  0  0   -0.03    1.18
A14A   167.6   96.8  0  0    0.00    1.35
             518  21  11  10 1
AAS1   103.5   61.4  1  1    0.00    0.00
AAS2   133.0   24.5 -1 -1    0.00    0.00
ACC1    21.2   72.9  1 -1    0.00    0.00
AEC1    64.9   88.1  1  1    0.00    0.00
AEC2    84.8   89.5  1  1    0.00    0.00
AEC3    91.6   85.9 -1  1    0.00    0.00
A06A     4.1   98.4  1  1    0.00    0.00
A07A   346.6   91.0  1  1    0.00    0.00
A09A   318.3   98.0 -1  1    0.00    0.00
A11A   311.7   72.9  1  1    0.00    0.00
A14A   168.0   93.9  1  1    0.00    0.00
AAS1   103.5   61.4  0  0   -0.15    1.17
AAS2   133.0   24.5  0  0    0.12    0.92
AEC1    64.9   88.1  0  0    0.31    1.76
AEC2    84.8   89.5  0  0   -0.32    2.09
AEC3    91.6   85.9  0  0    0.16    2.48
A06A     4.1   98.4  0  0    0.03    1.23
A07A   346.6   91.0  0  0    0.00    0.00
A09A   318.3   98.0  0  0   -0.68    1.23
A11A   311.7   72.9  0  0    0.75    0.93
A14A   168.0   93.9  0  0   -0.40    1.59
             519  24  12  12 1
AAS1   114.1   70.6  1  1    0.00    0.00
AAS2   150.8   41.0  1  1    0.00    0.00
ACC1    24.7   74.3  1 -1    0.00    0.00
AEC2    90.0   94.0 -1  1    0.00    0.00
AID1   116.1   94.2 -1  1    0.00    0.00
A02A   353.2  108.0  1  1    0.00    0.00
A05A    39.3  103.0 -1 -1    0.00    0.00
A06A     4.3  102.1  1  1    0.00    0.00
A07A   345.4   93.4  1  1    0.00    0.00
A09A   315.8  102.1  1  1    0.00    0.00
A10A    66.6  106.0  1  1    0.00    0.00
A11A   304.8   76.1  1  1    0.00    0.00
AAS1   114.1   70.6  0  0   -0.15    1.00
AAS2   150.8   41.0  0  0    0.00    0.00
ACC1    24.7   74.3  0  0   -0.33    0.91
AEC2    90.0   94.0  0  0   -0.51    1.74
AID1   116.1   94.2  0  0    0.18    1.65
A02A   353.2  108.0  0  0    0.00    0.00
A05A    39.3  103.0  0  0    0.00    0.00
A06A     4.3  102.1  0  0    0.00    0.00
A07A   345.4   93.4  0  0    0.23    1.59
A09A   315.8  102.1  0  0   -0.37    1.04
A10A    66.6  106.0  0  0    0.00    0.00
A11A   304.8   76.1  0  0    0.47    1.05
             520  19  11   8 1
AAS1   105.7   66.6  1  1    0.00    0.00
AAS2   135.7   30.7  1 -1    0.00    0.00
ACC1    22.9   75.5  1  1    0.00    0.00
AEC1    66.3   90.9  1 -1    0.00    0.00
AEC3    92.9   89.3  1  1    0.00    0.00
A07A   347.0   92.4 -1  1    0.00    0.00
A09A   318.1  101.9  1  1    0.00    0.00
A10A    64.7  104.7 -1 -1    0.00    0.00
A11A   310.9   75.2  1  1    0.00    0.00
A12A   184.4   81.3  1  1    0.00    0.00
A14A   167.7   97.1  1  1    0.00    0.00
AAS1   105.7   66.6  0  0   -0.38    1.10
AAS2   135.7   30.7  0  0    0.00    0.00
AEC3    92.9   89.3  0  0   -0.37    2.51
A07A   347.0   92.4  0  0    0.49    1.76
A09A   318.1  101.9  0  0   -0.29    1.05
A11A   310.9   75.2  0  0    0.51    1.00
A12A   184.4   81.3  0  0   -0.01    1.21
A14A   167.7   97.1  0  0   -0.37    1.32
             521  17   9   8 1
AAS1   331.1   79.7  1  1    0.00    0.00
AAS2   307.0   93.0  1  1    0.00    0.00
AEC2    28.6   92.8  1 -1    0.00    0.00
A06A   344.3  113.9 -1 -1    0.00    0.00
A10A    34.1  108.6 -1 -1    0.00    0.00
A11A   309.6  107.4  1  1    0.00    0.00
A12A   257.4   94.3  1  1    0.00    0.00
A13A   136.5   85.3  1  1    0.00    0.00
A14A   212.4   95.1  1 -1    0.00    0.00
AAS1   331.1   79.7  0  0   -0.20    1.17
AAS2   307.0   93.0  0  0    0.00    1.57
A06A   344.3  113.9  0  0    0.00    0.00
A10A    34.1  108.6  0  0   -0.63    0.86
A11A   309.6  107.4  0  0   -0.45    0.90
A12A   257.4   94.3  0  0   -0.31    1.44
A13A   136.5   85.3  0  0   -0.08    1.41
A14A   212.4   95.1  0  0   -0.45    1.40
             522  20  11   9 1
AAS1   329.2   68.7  1  1    0.00    0.00
AAS2   306.2   82.2  1  1    0.00    0.00
ACC1   337.0   96.5  1  1    0.00    0.00
AEC1    11.2   90.9 -1 -1    0.00    0.00
AEC2    27.3   80.9 -1 -1    0.00    0.00
AEC3    23.0   72.6 -1 -1    0.00    0.00
AID1    53.1   47.7 -1 -1    0.00    0.00
A08A   345.3  102.3  1  1    0.00    0.00
A12A   257.7   84.2  1 -1    0.00    0.00
A13A   137.9   72.9  1  1    0.00    0.00
A14A   213.5   84.9 -1 -1    0.00    0.00
AAS1   329.2   68.7  0  0   -0.02    0.80
AAS2   306.2   82.2  0  0    0.13    1.35
AEC1    11.2   90.9  0  0   -0.00    2.26
AEC3    23.0   72.6  0  0   -0.11    0.85
AID1    53.1   47.7  0  0   -0.15    0.51
A08A   345.3  102.3  0  0   -0.21    1.03
A12A   257.7   84.2  0  0   -0.16    1.52
A13A   137.9   72.9  0  0   -0.37    0.88
A14A   213.5   84.9  0  0   -0.40    1.51
             523  22  11  11 1
AAS1   103.1   68.0  1  1    0.00    0.00
AAS2   129.2   29.7  1 -1    0.00    0.00
ACC1    22.5   78.2  1  1    0.00    0.00
AEC2    84.9   93.2 -1  1    0.00    0.00
AEC3    91.5   90.6  1  1    0.00    0.00
A06A     4.6  103.4 -1  1    0.00    0.00
A08A    20.9   91.3  1  1    0.00    0.00
A10A    64.1  105.6  1 -1    0.00    0.00
A11A   312.7   77.3  1  1    0.00    0.00
A12A   184.2   81.9  1  1    0.00    0.00
A14A   167.3   97.7  1  1    0.00    0.00
AAS1   103.1   68.0  0  0   -0.46    1.20
AAS2   129.2   29.7  0  0    0.00    0.00
ACC1    22.5   78.2  0  0   -0.21    1.06
AEC2    84.9   93.2  0  0   -0.23    1.79
AEC3    91.5   90.6  0  0   -0.14    3.10
A06A     4.6  103.4  0  0    0.00    0.00
A08A    20.9   91.3  0  0   -0.00    2.13
A10A    64.1  105.6  0  0    0.00    0.00
A11A   312.7   77.3  0  0    0.80    1.07
A12A   184.2   81.9  0  0   -0.02    1.25
A14A   167.3   97.7  0  0   -0.23    1.28
             524  20  10  10 1
AAS1   100.6   66.5  1 -1    0.00    0.00
AAS2   124.2   26.1  1  1    0.00    0.00
AEC1    63.9   92.1 -1 -1    0.00    0.00
AEC2    83.7   92.7 -1 -1    0.00    0.00
AEC3    90.2   89.9  1 -1    0.00    0.00
A07A   347.3   94.2 -1  1    0.00    0.00
A11A   313.7   78.0  1 -1    0.00    0.00
A12A   185.0   80.3  1  1    0.00    0.00
A13A   130.6  101.4 -1 -1    0.00    0.00
A14A   167.4   96.8  1  1    0.00    0.00
AAS1   100.6   66.5  0  0   -0.31    1.12
AAS2   124.2   26.1  0  0    0.16    0.95
AEC1    63.9   92.1  0  0    0.45    2.18
AEC2    83.7   92.7  0  0   -0.24    2.01
AEC3    90.2   89.9  0  0   -0.00    2.10
A07A   347.3   94.2  0  0    0.40    1.51
A11A   313.7   78.0  0  0    1.00    1.10
A12A   185.0   80.3  0  0    0.09    1.17
A13A   130.6  101.4  0  0    0.20    1.13
A14A   167.4   96.8  0  0   -0.18    1.34
             525  26  13  13 1
AAS1   122.6   64.8  1  1    0.00    0.00
AAS2   157.4   43.9 -1 -1    0.00    0.00
ACC1    30.8   58.9  1 -1    0.00    0.00
AEC1    75.6   83.9  1  1    0.00    0.00
AEC2    95.1   87.6  1  1    0.00    0.00
AEC3   102.8   84.6 -1  1    0.00    0.00
AID1   120.3   89.0  1  1    0.00    0.00
A06A     5.1   92.7 -1 -1    0.00    0.00
A09A   313.4   93.0 -1  1    0.00    0.00
A11A   296.9   62.5  1  1    0.00    0.00
A12A   183.6   82.4  1 -1    0.00    0.00
A13A   136.2   96.0  1  1    0.00    0.00
A14A   169.1   94.1  1 -1    0.00    0.00
AAS1   122.6   64.8  0  0    0.01    0.83
AAS2   157.4   43.9  0  0    0.13    0.28
ACC1    30.8   58.9  0  0   -0.29    0.46
AEC1    75.6   83.9  0  0    0.32    1.31
AEC2    95.1   87.6  0  0   -0.09    2.71
AEC3   102.8   84.6  0  0   -0.08    1.46
AID1   120.3   89.0  0  0    0.01    1.81
A06A     5.1   92.7  0  0   -0.53    1.73
A09A   313.4   93.0  0  0   -0.03    1.55
A11A   296.9   62.5  0  0    0.69    0.92
A12A   183.6   82.4  0  0    0.20    1.27
A13A   136.2   96.0  0  0    0.00    0.00
A14A   169.1   94.1  0  0   -0.21    1.59
             526  17   9   8 1
AAS1   307.6   60.3 -1 -1    0.00    0.00
AAS2   291.5   79.7 -1 -1    0.00    0.00
ACC1   329.7   92.4  1  1    0.00    0.00
AEC1     7.9   82.5  1  1    0.00    0.00
AEC2    28.0   68.0  1  1    0.00    0.00
AEC3    21.8   54.9 -1  1    0.00    0.00
AID1    89.2   25.9 -1  1    0.00    0.00
A08A   340.1   97.3  1  1    0.00    0.00
A14A   212.0   89.8 -1  1    0.00    0.00
AAS1   307.6   60.3  0  0   -0.36    0.77
AAS2   291.5   79.7  0  0    0.10    1.26
AEC1     7.9   82.5  0  0   -0.20    1.27
AEC2    28.0   68.0  0  0   -0.13    0.72
AEC3    21.8   54.9  0  0   -0.23    0.29
AID1    89.2   25.9  0  0   -0.22    1.63
A08A   340.1   97.3  0  0    0.00    0.00
A14A   212.0   89.8  0  0   -0.36    2.69
             527  23  12  11 1
AAS1   184.1   81.0  1 -1    0.00    0.00
AAS2   201.5   82.8 -1 -1    0.00    0.00
ACC1   218.7   53.4  1 -1    0.00    0.00
AEC3   158.1   80.8  1  1    0.00    0.00
A03A     4.5   75.4  1  1    0.00    0.00
A04A   301.9   89.0 -1  1    0.00    0.00
A05A    56.0   54.6  1 -1    0.00    0.00
A06A   323.1   67.2  1  1    0.00    0.00
A07A   277.4   71.2  1  1    0.00    0.00
A10A   100.1   80.9  1  1    0.00    0.00
A12A   199.6   93.2 -1 -1    0.00    0.00
A14A   187.0   96.8  1  1    0.00    0.00
AAS1   184.1   81.0  0  0    0.07    1.20
AAS2   201.5   82.8  0  0    0.08    1.31
ACC1   218.7   53.4  0  0   -0.23    0.42
AEC3   158.1   80.8  0  0   -0.06    1.17
A03A     4.5   75.4  0  0   -0.32    0.96
A04A   301.9   89.0  0  0   -0.24    2.70
A05A    56.0   54.6  0  0    0.57    0.61
A06A   323.1   67.2  0  0   -0.29    0.76
A07A   277.4   71.2  0  0    0.00    1.94
A10A   100.1   80.9  0  0   -0.89    1.56
A14A   187.0   96.8  0  0    0.00    0.00
             528  22  12  10 1
AAS1   104.4   62.3  1 -1    0.00    0.00
AAS2   136.6   25.1 -1 -1    0.00    0.00
ACC1    20.7   73.8  1  1    0.00    0.00
AEC1    65.0   88.9  1 -1    0.00    0.00
AEC2    85.1   90.2  1 -1    0.00    0.00
AEC3    91.9   86.7 -1 -1    0.00    0.00
A06A     3.8  100.0  1  1    0.00    0.00
A09A   317.9   99.7 -1 -1    0.00    0.00
A10A    63.9  102.1 -1 -1    0.00    0.00
A12A   186.0   78.6  1  1    0.00    0.00
A13A   131.8   98.6  1  1    0.00    0.00
A14A   168.4   95.0  1  1    0.00    0.00
AAS1   104.4   62.3  0  0   -0.15    1.11
AAS2   136.6   25.1  0  0    0.11    0.86
AEC1    65.0   88.9  0  0    0.64    1.77
AEC2    85.1   90.2  0  0   -0.17    2.04
AEC3    91.9   86.7  0  0    0.30    2.43
A06A     3.8  100.0  0  0    0.00    0.00
A10A    63.9  102.1  0  0   -0.68    1.14
A12A   186.0   78.6  0  0    0.18    1.09
A13A   131.8   98.6  0  0    0.00    0.00
A14A   168.4   95.0  0  0   -0.31    1.50
             529  25  13  12 1
AAS1   312.1   50.5  1  1    0.00    0.00
AAS2   291.3   74.5  1  1    0.00    0.00
ACC1   333.0   90.4 -1  1    0.00    0.00
AEC2    38.5   69.0  1  1    0.00    0.00
AEC3    37.0   55.7  1  1    0.00    0.00
AID1    98.6   39.7  1 -1    0.00    0.00
A06A   342.4  103.6  1  1    0.00    0.00
A07A   325.7  102.1  1  1    0.00    0.00
A08A   343.4   95.9  1  1    0.00    0.00
A10A    38.6   98.4 -1  1    0.00    0.00
A12A   243.7   84.4  1 -1    0.00    0.00
A13A   148.2   79.8  1  1    0.00    0.00
A14A   206.3   89.3  1  1    0.00    0.00
AAS1   312.1   50.5  0  0   -0.44    0.62
AAS2   291.3   74.5  0  0   -0.14    1.08
ACC1   333.0   90.4  0  0   -0.26    2.21
AEC3    37.0   55.7  0  0   -0.35    0.45
AID1    98.6   39.7  0  0   -0.52    1.58
A06A   342.4  103.6  0  0    0.00    0.00
A07A   325.7  102.1  0  0    0.00    0.00
A08A   343.4   95.9  0  0    0.00    0.00
A10A    38.6   98.4  0  0    0.00    0.00
A12A   243.7   84.4  0  0   -0.09    1.49
A13A   148.2   79.8  0  0   -0.05    1.12
A14A   206.3   89.3  0  0    0.35    2.72
             530  15   8   7 1
AAS1    23.3  119.6  1  1    0.00    0.00
AAS2     3.6  118.1  1  1    0.00    0.00
ACC1     6.3  125.2  1  1    0.00    0.00
AEC1    30.2  125.4 -1  1    0.00    0.00
AEC3    40.8  123.2  1  1    0.00    0.00
AID1    52.8  121.2  1  1    0.00    0.00
A05A    21.3  129.2  1  1    0.00    0.00
A12A   340.5   94.2 -1  1    0.00    0.00
AAS1    23.3  119.6  0  0   -0.44    0.51
AAS2     3.6  118.1  0  0   -0.54    0.53
AEC1    30.2  125.4  0  0   -0.29    0.38
AEC3    40.8  123.2  0  0   -0.24    0.51
AID1    52.8  121.2  0  0    0.00    0.00
A05A    21.3  129.2  0  0    0.00    0.00
A12A   340.5   94.2  0  0   -0.37    1.52
             531  15   8   7 1
ACC1   193.3   72.5  1  1    0.00    0.00
AEC1   157.7   79.1  1  1    0.00    0.00
A03A    24.3   39.3 -1 -1    0.00    0.00
A05A   119.6   54.2  1  1    0.00    0.00
A06A   270.6   37.0  1 -1    0.00    0.00
A07A   237.0   68.1  1  1    0.00    0.00
A08A   190.9   58.1 -1  1    0.00    0.00
A11A   219.9   84.1  1  1    0.00    0.00
AEC1   157.7   79.1  0  0   -0.03    1.10
A03A    24.3   39.3  0  0   -0.50    0.27
A05A   119.6   54.2  0  0   -0.07    0.81
A06A   270.6   37.0  0  0   -0.89    1.96
A07A   237.0   68.1  0  0   -0.41    0.82
A08A   190.9   58.1  0  0    0.45    0.41
A11A   219.9   84.1  0  0    0.00    0.00
             532  15   8   7 1
AEC1   158.2   78.8 -1 -1    0.00    0.00
A03A    27.6   35.3  1  1    0.00    0.00
A05A   122.7   54.4 -1 -1    0.00    0.00
A06A   264.0   35.7  1  1    0.00    0.00
A07A   234.7   67.5  1  1    0.00    0.00
A08A   189.9   58.9 -1 -1    0.00    0.00
A10A   124.5   82.1  1 -1    0.00    0.00
A11A   218.8   83.5  1  1    0.00    0.00
A03A    27.6   35.3  0  0   -0.14    0.43
A05A   122.7   54.4  0  0    0.01    0.74
A06A   264.0   35.7  0  0   -0.63    1.47
A07A   234.7   67.5  0  0   -0.55    0.82
A08A   189.9   58.9  0  0   -0.27    0.44
A10A   124.5   82.1  0  0    0.00    0.00
A11A   218.8   83.5  0  0    0.00    0.00
             533  12   8   4 1
AAS1   235.0   50.6  1  1    0.00    0.00
ACC1   316.4   79.4  1  1    0.00    0.00
AEC1    28.0   57.7 -1 -1    0.00    0.00
AEC2    87.0   50.2  1  1    0.00    0.00
AEC3   115.9   39.4  1  1    0.00    0.00
A08A   334.9   87.5  1  1    0.00    0.00
A10A    51.1   93.0  1 -1    0.00    0.00
A14A   199.4   98.5 -1 -1    0.00    0.00
AAS1   235.0   50.6  0  0   -0.10    0.64
AEC1    28.0   57.7  0  0    0.09    0.44
AEC3   115.9   39.4  0  0   -0.14    0.98
A08A   334.9   87.5  0  0   -0.31    1.82
             534  15   8   7 1
AAS1   240.3   44.0  1 -1    0.00    0.00
AEC1    26.5   57.4  1  1    0.00    0.00
AEC2    80.4   47.8  1 -1    0.00    0.00
A03A   356.5   99.9  1  1    0.00    0.00
A05A    10.9   92.9  1  1    0.00    0.00
A08A   336.3   85.9  1  1    0.00    0.00
A10A    49.8   91.5  1  1    0.00    0.00
A13A   159.2   89.9  1  1    0.00    0.00
AAS1   240.3   44.0  0  0   -0.65    0.75
AEC1    26.5   57.4  0  0   -0.40    0.41
AEC2    80.4   47.8  0  0   -0.48    1.18
A03A   356.5   99.9  0  0    0.00    0.00
A08A   336.3   85.9  0  0   -0.39    1.60
A10A    49.8   91.5  0  0   -1.20    2.32
A13A   159.2   89.9  0  0    0.00    0.00
             535  13   8   5 1
ACC1   260.3   44.2  1  1    0.00    0.00
AEC1   137.9   34.0  1  1    0.00    0.00
AEC2   148.1   58.0  1  1    0.00    0.00
AEC3   160.2   61.1  1  1    0.00    0.00
A05A    24.4   55.6 -1 -1    0.00    0.00
A07A   293.2   71.9  1  1    0.00    0.00
A08A   304.1   41.6  1  1    0.00    0.00
A10A    83.0   68.4  1 -1    0.00    0.00
AEC1   137.9   34.0  0  0   -0.33    0.78
AEC3   160.2   61.1  0  0   -0.12    0.54
A05A    24.4   55.6  0  0   -0.30    0.32
A07A   293.2   71.9  0  0   -0.59    1.12
A08A   304.1   41.6  0  0   -0.37    0.92
             536  24  13  11 1
ACC1   217.2   62.6  1  1    0.00    0.00
AEC1   146.2   74.3  1  1    0.00    0.00
AEC2   150.1   88.4  1  1    0.00    0.00
AEC3   158.2   90.3  1  1    0.00    0.00
A02A   325.9   94.9 -1  1    0.00    0.00
A03A     4.8   83.4  1  1    0.00    0.00
A04A   301.4   95.6 -1 -1    0.00    0.00
A06A   322.5   74.9  1  1    0.00    0.00
A07A   276.2   79.5  1 -1    0.00    0.00
A09A   275.4   97.4 -1 -1    0.00    0.00
A10A   100.9   90.1  1 -1    0.00    0.00
A12A   199.3   99.7  1  1    0.00    0.00
A14A   186.9  102.6 -1  1    0.00    0.00
AEC1   146.2   74.3  0  0   -0.25    0.90
AEC3   158.2   90.3  0  0   -0.61    2.66
A02A   325.9   94.9  0  0    0.00    0.00
A03A     4.8   83.4  0  0   -0.76    1.33
A04A   301.4   95.6  0  0   -0.32    1.33
A06A   322.5   74.9  0  0   -0.08    0.98
A07A   276.2   79.5  0  0    0.32    1.37
A09A   275.4   97.4  0  0    0.00    0.00
A10A   100.9   90.1  0  0   -0.80    2.03
A12A   199.3   99.7  0  0    0.00    0.00
A14A   186.9  102.6  0  0    0.00    0.00
             537  16   9   7 1
AAS1   103.2   63.5  1  1    0.00    0.00
AAS2   130.1   26.6  1  1    0.00    0.00
ACC1    22.1   74.2  1 -1    0.00    0.00
AEC1    65.2   89.3 -1 -1    0.00    0.00
AEC3    91.5   87.2  1  1    0.00    0.00
A06A     4.5   99.8 -1 -1    0.00    0.00
A09A   318.6   99.2 -1  1    0.00    0.00
A10A    64.0  101.9 -1 -1    0.00    0.00
A14A   167.5   94.7  1 -1    0.00    0.00
AAS1   103.2   63.5  0  0   -0.11    1.21
AAS2   130.1   26.6  0  0    0.00    0.00
ACC1    22.1   74.2  0  0   -0.14    0.91
AEC1    65.2   89.3  0  0    0.48    1.99
AEC3    91.5   87.2  0  0   -0.21    2.01
A06A     4.5   99.8  0  0    0.00    0.00
A14A   167.5   94.7  0  0   -0.11    1.51
             538  16   8   8 1
AAS1   115.3   67.4  1  1    0.00    0.00
ACC1    26.6   69.2  1 -1    0.00    0.00
AEC1    71.1   89.0 -1 -1    0.00    0.00
AEC2    90.9   91.1  1 -1    0.00    0.00
A02A   353.5  104.6  1  1    0.00    0.00
A09A   315.7   98.9  1  1    0.00    0.00
A10A    67.3  102.9 -1 -1    0.00    0.00
A14A   168.5   97.6 -1  1    0.00    0.00
AAS1   115.3   67.4  0  0   -0.25    0.84
ACC1    26.6   69.2  0  0   -0.41    0.76
AEC1    71.1   89.0  0  0    0.40    1.81
AEC2    90.9   91.1  0  0   -0.74    2.85
A02A   353.5  104.6  0  0    0.00    0.00
A09A   315.7   98.9  0  0   -0.49    1.16
A10A    67.3  102.9  0  0    0.00    0.00
A14A   168.5   97.6  0  0    0.01    1.29
             539  14   8   6 1
AAS2   304.0   80.6  1 -1    0.00    0.00
AEC2    36.7   83.5  1  1    0.00    0.00
AEC3    35.0   74.1  1  1    0.00    0.00
AID1    74.7   55.7  1  1    0.00    0.00
A05A    10.4  106.8  1  1    0.00    0.00
A08A   347.6  101.8 -1 -1    0.00    0.00
A13A   137.9   83.6 -1 -1    0.00    0.00
A14A   205.7   89.7  1  1    0.00    0.00
AAS2   304.0   80.6  0  0   -0.07    1.24
AEC3    35.0   74.1  0  0   -0.54    0.90
AID1    74.7   55.7  0  0   -0.46    1.01
A05A    10.4  106.8  0  0    0.00    0.00
A13A   137.9   83.6  0  0   -0.09    1.30
A14A   205.7   89.7  0  0   -0.57    3.12
             540  14   8   6 1
ACC1   339.1  102.0  1  1    0.00    0.00
AEC1    18.4   98.1  1  1    0.00    0.00
AEC2    38.6   90.3  1  1    0.00    0.00
AEC3    37.5   80.9  1  1    0.00    0.00
AID1    79.0   64.0  1  1    0.00    0.00
A04A   328.9  114.8  1  1    0.00    0.00
A07A   329.8  110.9  1  1    0.00    0.00
A14A   204.4   97.1  1  1    0.00    0.00
AEC1    18.4   98.1  0  0    0.02    1.25
AEC3    37.5   80.9  0  0   -0.51    1.17
AID1    79.0   64.0  0  0   -0.47    0.98
A04A   328.9  114.8  0  0    0.00    0.00
A07A   329.8  110.9  0  0    0.00    0.00
A14A   204.4   97.1  0  0   -0.60    1.28
             541  21  11  10 1
AAS2   302.6   85.0  1 -1    0.00    0.00
ACC1   339.5  100.8  1  1    0.00    0.00
AEC1    19.3   96.8  1  1    0.00    0.00
AEC2    40.0   89.3  1  1    0.00    0.00
AEC3    39.3   79.8  1  1    0.00    0.00
AID1    81.2   64.0  1  1    0.00    0.00
A04A   328.9  114.2  1  1    0.00    0.00
A06A   345.6  112.6  1  1    0.00    0.00
A07A   329.9  110.1  1  1    0.00    0.00
A08A   348.2  105.0 -1  1    0.00    0.00
A14A   203.4   96.2  1  1    0.00    0.00
AAS2   302.6   85.0  0  0   -0.03    1.54
AEC1    19.3   96.8  0  0    0.06    1.34
AEC2    40.0   89.3  0  0   -0.59    2.07
AEC3    39.3   79.8  0  0   -0.48    1.12
AID1    81.2   64.0  0  0   -0.50    1.03
A04A   328.9  114.2  0  0    0.00    0.00
A06A   345.6  112.6  0  0    0.00    0.00
A07A   329.9  110.1  0  0    0.00    0.00
A08A   348.2  105.0  0  0    0.00    0.00
A14A   203.4   96.2  0  0   -0.52    1.34
             542  14   8   6 1
AAS1   330.6   56.1  1 -1    0.00    0.00
AAS2   303.4   73.9  1 -1    0.00    0.00
ACC1   338.2   91.9  1  1    0.00    0.00
AEC2    35.1   75.4  1  1    0.00    0.00
AEC3    32.9   65.6  1  1    0.00    0.00
AID1    72.8   46.0  1  1    0.00    0.00
A10A    37.1   99.1  1  1    0.00    0.00
A14A   207.1   83.4  1  1    0.00    0.00
AAS1   330.6   56.1  0  0    0.09    0.50
AAS2   303.4   73.9  0  0   -0.15    1.01
AEC3    32.9   65.6  0  0   -0.54    0.65
AID1    72.8   46.0  0  0   -0.50    0.89
A10A    37.1   99.1  0  0    0.00    0.00
A14A   207.1   83.4  0  0   -0.63    1.36
             543  22  11  11 1
AAS1   334.5   66.7 -1 -1    0.00    0.00
AAS2   303.2   86.0  1 -1    0.00    0.00
ACC1   339.8  101.8  1  1    0.00    0.00
AEC1    19.4   98.1  1  1    0.00    0.00
AEC2    39.9   90.6  1  1    0.00    0.00
AEC3    39.2   81.3  1  1    0.00    0.00
AID1    80.4   65.7  1  1    0.00    0.00
A04A   329.1  114.8  1  1    0.00    0.00
A10A    39.2  107.9 -1  1    0.00    0.00
A13A   137.8   92.8 -1 -1    0.00    0.00
A14A   203.3   97.1  1  1    0.00    0.00
AAS1   334.5   66.7  0  0    0.10    0.72
AAS2   303.2   86.0  0  0   -0.03    1.67
ACC1   339.8  101.8  0  0   -0.52    1.05
AEC1    19.4   98.1  0  0    0.01    1.26
AEC2    39.9   90.6  0  0   -0.66    4.30
AEC3    39.2   81.3  0  0   -0.46    1.18
AID1    80.4   65.7  0  0   -0.50    1.01
A04A   329.1  114.8  0  0    0.00    0.00
A10A    39.2  107.9  0  0    0.00    0.00
A13A   137.8   92.8  0  0    0.14    1.84
A14A   203.3   97.1  0  0   -0.54    1.28
             544  15   8   7 1
AAS1   331.3   64.3  1 -1    0.00    0.00
AAS2   304.5   80.8  1 -1    0.00    0.00
AEC1    15.5   91.2 -1  1    0.00    0.00
AEC2    34.1   82.2  1  1    0.00    0.00
AEC3    31.6   73.0  1  1    0.00    0.00
AID1    69.6   52.4  1  1    0.00    0.00
A12A   251.9   85.1 -1 -1    0.00    0.00
A14A   207.8   88.1  1  1    0.00    0.00
AAS1   331.3   64.3  0  0   -0.13    0.66
AAS2   304.5   80.8  0  0   -0.06    1.24
AEC1    15.5   91.2  0  0   -0.03    2.15
AEC3    31.6   73.0  0  0   -0.53    0.87
AID1    69.6   52.4  0  0   -0.44    0.91
A12A   251.9   85.1  0  0   -0.47    1.58
A14A   207.8   88.1  0  0   -0.36    1.99
             545  15   8   7 1
AAS1   329.3   58.0  1  1    0.00    0.00
AAS2   302.4   76.2  1 -1    0.00    0.00
AEC1    16.0   87.1  1  1    0.00    0.00
AEC2    35.4   77.2  1  1    0.00    0.00
AEC3    33.2   67.4  1  1    0.00    0.00
AID1    74.6   47.8  1 -1    0.00    0.00
A12A   249.9   81.9 -1 -1    0.00    0.00
A14A   206.9   85.7  1  1    0.00    0.00
AAS1   329.3   58.0  0  0   -0.11    0.52
AAS2   302.4   76.2  0  0   -0.11    1.07
AEC1    16.0   87.1  0  0    0.02    1.65
AEC3    33.2   67.4  0  0   -0.44    0.70
AID1    74.6   47.8  0  0    0.00    0.00
A12A   249.9   81.9  0  0   -0.23    1.35
A14A   206.9   85.7  0  0   -0.31    1.60
             546  20  11   9 1
AAS1   331.9   56.4  1  1    0.00    0.00
AAS2   303.2   74.9  1 -1    0.00    0.00
ACC1   338.8   92.8  1  1    0.00    0.00
AEC1    17.5   87.2  1  1    0.00    0.00
AEC2    37.3   77.7  1  1    0.00    0.00
AEC3    35.7   68.0  1  1    0.00    0.00
AID1    76.6   50.2  1 -1    0.00    0.00
A08A   347.5   98.6 -1  1    0.00    0.00
A10A    38.1  102.3  1  1    0.00    0.00
A12A   248.9   81.1 -1  1    0.00    0.00
A14A   205.4   85.5  1  1    0.00    0.00
AAS1   331.9   56.4  0  0    0.06    0.47
AAS2   303.2   74.9  0  0    0.17    1.03
AEC1    17.5   87.2  0  0    0.10    1.66
AEC3    35.7   68.0  0  0   -0.40    0.72
AID1    76.6   50.2  0  0   -0.51    1.04
A08A   347.5   98.6  0  0    0.00    0.00
A10A    38.1  102.3  0  0    0.00    0.00
A12A   248.9   81.1  0  0   -0.39    1.28
A14A   205.4   85.5  0  0   -0.45    1.56
             547  22  11  11 1
AEC1   148.3  100.3 -1 -1    0.00    0.00
A01A    44.9   75.9  1  1    0.00    0.00
A03A   113.8   82.3  1  1    0.00    0.00
A04A   223.7   73.5 -1 -1    0.00    0.00
A05A   130.2   95.3  1  1    0.00    0.00
A06A   155.3   77.0  1 -1    0.00    0.00
A07A   182.3   90.5 -1  1    0.00    0.00
A08A   157.7   94.2 -1  1    0.00    0.00
A09A   216.2   93.3  1  1    0.00    0.00
A10A   128.7  102.1 -1 -1    0.00    0.00
A14A   172.3  107.6  1  1    0.00    0.00
AEC1   148.3  100.3  0  0    0.00    0.00
A01A    44.9   75.9  0  0   -0.14    0.98
A03A   113.8   82.3  0  0   -0.31    1.30
A04A   223.7   73.5  0  0   -0.07    0.91
A05A   130.2   95.3  0  0   -0.24    1.46
A06A   155.3   77.0  0  0    0.00    1.02
A07A   182.3   90.5  0  0    0.57    2.48
A08A   157.7   94.2  0  0    0.00    0.00
A09A   216.2   93.3  0  0   -0.19    1.62
A10A   128.7  102.1  0  0    0.00    0.00
A14A   172.3  107.6  0  0    0.00    0.00
             548  28  14  14 1
AAS1   118.1   63.6  1 -1    0.00    0.00
AAS2   155.0   38.6 -1 -1    0.00    0.00
ACC1    26.5   63.6  1  1    0.00    0.00
AEC1    72.2   85.4  1  1    0.00    0.00
AEC2    92.1   88.5  1  1    0.00    0.00
AID1   118.0   89.4 -1 -1    0.00    0.00
A02A   353.1  100.3  1 -1    0.00    0.00
A04A   336.8   98.8 -1 -1    0.00    0.00
A06A     4.4   94.8 -1 -1    0.00    0.00
A08A    23.1   81.4  1  1    0.00    0.00
A09A   314.7   95.0  1 -1    0.00    0.00
A10A    67.8   98.7  1  1    0.00    0.00
A12A   184.6   81.7  1 -1    0.00    0.00
A14A   169.2   94.6 -1 -1    0.00    0.00
AAS1   118.1   63.6  0  0    0.04    0.87
AAS2   155.0   38.6  0  0    0.05    0.40
ACC1    26.5   63.6  0  0   -0.13    0.59
AEC1    72.2   85.4  0  0    0.07    1.40
AEC2    92.1   88.5  0  0   -0.18    1.90
AID1   118.0   89.4  0  0    0.09    1.91
A02A   353.1  100.3  0  0    0.00    0.00
A04A   336.8   98.8  0  0   -0.02    1.18
A06A     4.4   94.8  0  0   -0.58    1.48
A08A    23.1   81.4  0  0    0.31    1.19
A09A   314.7   95.0  0  0   -0.29    1.38
A10A    67.8   98.7  0  0    0.00    0.00
A12A   184.6   81.7  0  0   -0.02    1.23
A14A   169.2   94.6  0  0   -0.03    1.53
             549  24  12  12 1
AAS1   101.3   60.5  1  1    0.00    0.00
ACC1    21.3   72.9  1  1    0.00    0.00
AEC1    64.2   87.7  1  1    0.00    0.00
AEC2    84.0   89.1  1  1    0.00    0.00
AEC3    90.5   85.3 -1  1    0.00    0.00
AID1   110.3   87.8  1  1    0.00    0.00
A06A     4.3   97.2  1  1    0.00    0.00
A07A   347.2   90.7  1  1    0.00    0.00
A09A   318.9   96.8  1  1    0.00    0.00
A11A   313.3   72.2  1  1    0.00    0.00
A13A   130.7   95.8  1  1    0.00    0.00
A14A   167.5   92.8  1  1    0.00    0.00
AAS1   101.3   60.5  0  0   -0.12    1.46
ACC1    21.3   72.9  0  0   -0.30    0.87
AEC1    64.2   87.7  0  0    0.40    1.68
AEC2    84.0   89.1  0  0   -0.23    1.92
AEC3    90.5   85.3  0  0   -0.01    1.59
AID1   110.3   87.8  0  0    0.04    1.68
A06A     4.3   97.2  0  0   -0.55    1.30
A07A   347.2   90.7  0  0   -0.00    2.20
A09A   318.9   96.8  0  0   -0.84    1.29
A11A   313.3   72.2  0  0    0.72    0.91
A13A   130.7   95.8  0  0    0.00    0.00
A14A   167.5   92.8  0  0   -0.32    1.76
             550  16   8   8 1
AAS1   113.5   77.8 -1  1    0.00    0.00
AAS2   124.3   65.8  1  1    0.00    0.00
AEC1    84.6   86.3  1  1    0.00    0.00
A08A    52.5   77.9  1  1    0.00    0.00
A09A   327.3   77.4 -1  1    0.00    0.00
A11A   357.8   16.8  1 -1    0.00    0.00
A12A   158.2   79.9  1  1    0.00    0.00
A14A   154.3   91.2  1  1    0.00    0.00
AAS1   113.5   77.8  0  0   -0.10    1.10
AAS2   124.3   65.8  0  0    0.19    0.79
AEC1    84.6   86.3  0  0    0.22    1.60
A08A    52.5   77.9  0  0    0.00    0.00
A09A   327.3   77.4  0  0   -0.05    1.05
A11A   357.8   16.8  0  0    0.44    0.89
A12A   158.2   79.9  0  0   -0.64    1.13
A14A   154.3   91.2  0  0    0.00    0.00
             551  15   8   7 1
ACC1   259.7   53.1  1  1    0.00    0.00
AEC1   143.9   38.0  1  1    0.00    0.00
AEC2   151.1   64.2  1  1    0.00    0.00
AEC3   163.0   67.6  1  1    0.00    0.00
A05A    21.9   60.8 -1 -1    0.00    0.00
A07A   291.9   78.9  1  1    0.00    0.00
A08A   300.5   49.4  1  1    0.00    0.00
A10A    83.5   73.5 -1 -1    0.00    0.00
AEC1   143.9   38.0  0  0   -0.30    0.64
AEC2   151.1   64.2  0  0   -1.17    0.65
AEC3   163.0   67.6  0  0   -0.44    0.71
A05A    21.9   60.8  0  0   -0.59    0.50
A07A   291.9   78.9  0  0   -0.60    1.25
A08A   300.5   49.4  0  0   -0.55    0.94
A10A    83.5   73.5  0  0    0.00    0.00
             552  15   8   7 1
AAS1   340.3   87.2  1  1    0.00    0.00
AAS2   316.5   95.2  1  1    0.00    0.00
AEC1    12.5  103.0  1  1    0.00    0.00
AEC2    26.2   97.3  1  1    0.00    0.00
AID1    42.4   74.3  1  1    0.00    0.00
A12A   267.5   93.1  1  1    0.00    0.00
A13A   123.1   81.7  1  1    0.00    0.00
A14A   216.2   90.6 -1  1    0.00    0.00
AAS1   340.3   87.2  0  0    0.17    1.76
AAS2   316.5   95.2  0  0    0.00    0.00
AEC1    12.5  103.0  0  0   -0.21    1.03
AID1    42.4   74.3  0  0    0.10    0.92
A12A   267.5   93.1  0  0   -0.76    1.65
A13A   123.1   81.7  0  0   -0.20    1.21
A14A   216.2   90.6  0  0   -0.18    2.14
             553  22  11  11 1
AAS1   328.9   61.7  1 -1    0.00    0.00
AAS2   300.1   82.6  1 -1    0.00    0.00
ACC1   338.0   98.3  1 -1    0.00    0.00
AEC1    18.2   93.2 -1 -1    0.00    0.00
AEC2    39.4   84.8  1  1    0.00    0.00
AEC3    38.4   74.8  1  1    0.00    0.00
AID1    83.5   58.0  1  1    0.00    0.00
A08A   347.1  102.9 -1 -1    0.00    0.00
A12A   246.2   90.0  1  1    0.00    0.00
A13A   140.5   89.1 -1 -1    0.00    0.00
A14A   204.3   94.2 -1 -1    0.00    0.00
AAS1   328.9   61.7  0  0    0.02    0.61
AAS2   300.1   82.6  0  0    0.09    1.38
ACC1   338.0   98.3  0  0   -0.09    1.20
AEC1    18.2   93.2  0  0    0.08    1.70
AEC2    39.4   84.8  0  0   -0.00    1.39
AEC3    38.4   74.8  0  0    0.13    0.92
AID1    83.5   58.0  0  0   -0.27    1.29
A08A   347.1  102.9  0  0   -0.60    1.01
A12A   246.2   90.0  0  0   -0.09    2.10
A13A   140.5   89.1  0  0    0.26    1.89
A14A   204.3   94.2  0  0   -0.07    1.50
             554  21  11  10 1
AAS1   104.3   67.7  1 -1    0.00    0.00
AAS2   132.1   30.6  1  1    0.00    0.00
ACC1    22.8   77.2  1  1    0.00    0.00
AEC1    65.8   91.9 -1 -1    0.00    0.00
AEC2    85.5   92.8 -1 -1    0.00    0.00
AEC3    92.2   90.2  1 -1    0.00    0.00
A06A     4.7  103.1 -1  1    0.00    0.00
A08A    21.1   90.7  1  1    0.00    0.00
A10A    64.4  105.3  1 -1    0.00    0.00
A12A   184.1   81.8  1  1    0.00    0.00
A14A   167.4   97.5  1  1    0.00    0.00
AAS1   104.3   67.7  0  0   -0.41    1.32
AAS2   132.1   30.6  0  0    0.00    0.00
ACC1    22.8   77.2  0  0    0.14    1.01
AEC1    65.8   91.9  0  0    0.28    2.40
AEC3    92.2   90.2  0  0   -0.13    2.08
A06A     4.7  103.1  0  0    0.00    0.00
A08A    21.1   90.7  0  0    0.53    2.78
A10A    64.4  105.3  0  0    0.00    0.00
A12A   184.1   81.8  0  0    0.06    1.24
A14A   167.4   97.5  0  0   -0.31    1.30
             555  28  15  13 1
AAS1   196.7   63.0 -1 -1    0.00    0.00
ACC1   261.1   43.4  1  1    0.00    0.00
AEC1   137.8   32.6  1  1    0.00    0.00
AEC2   148.1   56.6  1  1    0.00    0.00
AEC3   160.3   59.6  1  1    0.00    0.00
A02A   327.5   85.8  1  1    0.00    0.00
A03A   356.0   76.0 -1  1    0.00    0.00
A04A   307.8   85.9  1  1    0.00    0.00
A05A    23.9   54.7 -1 -1    0.00    0.00
A06A   326.4   71.6  1  1    0.00    0.00
A07A   293.4   71.1  1  1    0.00    0.00
A08A   304.5   41.1  1  1    0.00    0.00
A10A    82.7   67.2 -1 -1    0.00    0.00
A12A   208.7   83.5  1 -1    0.00    0.00
A13A   166.0   85.2  1  1    0.00    0.00
ACC1   261.1   43.4  0  0   -0.37    1.06
AEC1   137.8   32.6  0  0   -0.28    0.80
AEC2   148.1   56.6  0  0   -0.86    0.52
AEC3   160.3   59.6  0  0   -0.14    0.50
A03A   356.0   76.0  0  0   -1.01    0.99
A04A   307.8   85.9  0  0    0.00    0.00
A05A    23.9   54.7  0  0   -0.33    0.27
A06A   326.4   71.6  0  0   -0.12    0.89
A07A   293.4   71.1  0  0   -0.74    1.11
A08A   304.5   41.1  0  0   -0.20    0.91
A10A    82.7   67.2  0  0   -0.89    1.02
A12A   208.7   83.5  0  0   -0.38    1.38
A13A   166.0   85.2  0  0    0.00    0.00
             556  17  10   7 1
AAS1   332.3   68.2  1  1    0.00    0.00
AAS2   302.4   87.4  1  1    0.00    0.00
ACC1   339.0  102.5  1  1    0.00    0.00
AEC2    38.9   90.7  1  1    0.00    0.00
AID1    79.9   64.6  1 -1    0.00    0.00
A05A    11.0  110.7  1  1    0.00    0.00
A08A   347.8  106.5 -1  1    0.00    0.00
A12A   247.4   93.9 -1 -1    0.00    0.00
A13A   138.7   93.1  1  1    0.00    0.00
A14A   204.3   98.1  1  1    0.00    0.00
AAS1   332.3   68.2  0  0   -0.15    0.77
AAS2   302.4   87.4  0  0   -0.41    1.92
AID1    79.9   64.6  0  0   -0.23    1.03
A08A   347.8  106.5  0  0   -0.31    0.89
A12A   247.4   93.9  0  0   -0.39    1.48
A13A   138.7   93.1  0  0    0.21    1.80
A14A   204.3   98.1  0  0   -0.20    1.23
             557  21  11  10 1
AAS1   328.3   65.8  1  1    0.00    0.00
AAS2   300.2   86.1  1  1    0.00    0.00
ACC1   337.8  100.8  1  1    0.00    0.00
AEC1    17.6   96.2 -1 -1    0.00    0.00
AEC3    37.3   77.8 -1 -1    0.00    0.00
AID1    82.3   60.1  1 -1    0.00    0.00
A05A    10.4  109.3  1 -1    0.00    0.00
A08A   346.8  104.9 -1  1    0.00    0.00
A10A    38.6  106.7 -1 -1    0.00    0.00
A12A   246.8   93.0 -1 -1    0.00    0.00
A14A   204.9   96.9 -1 -1    0.00    0.00
AAS1   328.3   65.8  0  0   -0.18    0.71
AAS2   300.2   86.1  0  0   -0.40    1.74
AEC1    17.6   96.2  0  0   -0.22    1.39
AEC3    37.3   77.8  0  0   -0.13    1.03
AID1    82.3   60.1  0  0   -0.23    1.33
A05A    10.4  109.3  0  0    0.00    0.00
A08A   346.8  104.9  0  0   -0.26    0.93
A10A    38.6  106.7  0  0   -0.89    0.93
A12A   246.8   93.0  0  0   -0.14    1.54
A14A   204.9   96.9  0  0   -0.24    1.28
             558  21  11  10 1
AAS1   310.3   65.4  1  1    0.00    0.00
AAS2   294.3   82.0  1  1    0.00    0.00
ACC1   329.6   93.8  1  1    0.00    0.00
AEC1     5.1   84.4  1  1    0.00    0.00
AEC2    22.2   70.4  1  1    0.00    0.00
AID1    63.6   22.5 -1 -1    0.00    0.00
A07A   324.1  103.2  1  1    0.00    0.00
A08A   339.6   98.6  1  1    0.00    0.00
A10A    32.3   98.7  1  1    0.00    0.00
A12A   252.3   87.8  1  1    0.00    0.00
A14A   215.4   89.1  1  1    0.00    0.00
AAS1   310.3   65.4  0  0   -0.48    0.79
AAS2   294.3   82.0  0  0   -0.27    1.32
AEC1     5.1   84.4  0  0   -0.25    1.41
AEC2    22.2   70.4  0  0   -0.24    0.79
AID1    63.6   22.5  0  0   -0.21    1.06
A07A   324.1  103.2  0  0    0.00    0.00
A08A   339.6   98.6  0  0   -0.47    1.20
A10A    32.3   98.7  0  0    0.00    0.00
A12A   252.3   87.8  0  0   -0.47    1.99
A14A   215.4   89.1  0  0   -0.50    2.44
             559  22  11  11 1
ACC1   164.5   97.7 -1 -1    0.00    0.00
A01A    43.0   77.8  1  1    0.00    0.00
A02A   205.2   11.1 -1 -1    0.00    0.00
A03A   111.4   82.4  1  1    0.00    0.00
A04A   225.8   72.4  1  1    0.00    0.00
A05A   129.0   95.6  1  1    0.00    0.00
A06A   153.8   76.0 -1 -1    0.00    0.00
A07A   182.2   90.3 -1 -1    0.00    0.00
A08A   156.9   94.3 -1 -1    0.00    0.00
A09A   217.0   93.4  1  1    0.00    0.00
A14A   172.1  107.7  1 -1    0.00    0.00
ACC1   164.5   97.7  0  0    0.00    0.00
A01A    43.0   77.8  0  0    0.41    1.04
A02A   205.2   11.1  0  0    0.19    1.13
A03A   111.4   82.4  0  0   -0.30    1.27
A04A   225.8   72.4  0  0   -0.38    0.90
A05A   129.0   95.6  0  0   -0.51    1.48
A06A   153.8   76.0  0  0   -0.03    0.97
A07A   182.2   90.3  0  0    0.16    2.73
A08A   156.9   94.3  0  0    0.00    0.00
A09A   217.0   93.4  0  0   -0.01    1.57
A14A   172.1  107.7  0  0    0.00    0.00
             560  14   8   6 1
ACC1   229.0   54.3  1  1    0.00    0.00
AEC2   150.6   78.2  1  1    0.00    0.00
AEC3   159.5   80.2  1  1    0.00    0.00
A05A    46.1   56.3 -1 -1    0.00    0.00
A07A   281.3   75.6  1  1    0.00    0.00
A08A   271.1   33.4  1 -1    0.00    0.00
A10A    96.9   80.9  1  1    0.00    0.00
A14A   188.7   97.7 -1 -1    0.00    0.00
AEC2   150.6   78.2  0  0   -0.36    1.05
AEC3   159.5   80.2  0  0   -0.27    1.14
A07A   281.3   75.6  0  0   -0.01    1.75
A08A   271.1   33.4  0  0    0.00    0.00
A10A    96.9   80.9  0  0   -0.82    1.95
A14A   188.7   97.7  0  0    0.00    0.00
             561  16   8   8 1
AAS1   335.5   71.6  1 -1    0.00    0.00
AEC1    18.0   99.6  1  1    0.00    0.00
AEC2    37.2   92.4  1  1    0.00    0.00
AEC3    35.7   83.6  1  1    0.00    0.00
AID1    73.6   66.2  1  1    0.00    0.00
A08A   348.3  106.9 -1 -1    0.00    0.00
A11A   309.2  106.9 -1 -1    0.00    0.00
A13A   136.3   91.7  1 -1    0.00    0.00
AAS1   335.5   71.6  0  0    0.10    0.87
AEC1    18.0   99.6  0  0   -0.21    1.18
AEC2    37.2   92.4  0  0   -0.23    1.95
AEC3    35.7   83.6  0  0   -0.23    1.31
AID1    73.6   66.2  0  0   -0.22    0.87
A08A   348.3  106.9  0  0   -0.39    0.87
A11A   309.2  106.9  0  0    0.14    0.92
A13A   136.3   91.7  0  0    0.01    2.32
             562  15   8   7 1
AAS1   333.9   69.6  1  1    0.00    0.00
AAS2   305.0   86.5  1  1    0.00    0.00
AEC2    36.4   90.0  1 -1    0.00    0.00
AEC3    34.7   80.8  1 -1    0.00    0.00
AID1    73.0   62.3  1 -1    0.00    0.00
A12A   250.4   91.7 -1 -1    0.00    0.00
A13A   137.0   89.2  1  1    0.00    0.00
A14A   205.8   94.5 -1 -1    0.00    0.00
AAS1   333.9   69.6  0  0   -0.07    0.80
AAS2   305.0   86.5  0  0   -0.21    1.82
AEC3    34.7   80.8  0  0   -0.24    1.15
AID1    73.0   62.3  0  0   -0.31    0.99
A12A   250.4   91.7  0  0   -0.38    1.68
A13A   137.0   89.2  0  0    0.22    1.89
A14A   205.8   94.5  0  0   -0.38    1.46
             563  16   8   8 1
AAS1   309.4   57.4 -1 -1    0.00    0.00
AAS2   291.0   79.4  1 -1    0.00    0.00
AEC2    34.5   71.1  1  1    0.00    0.00
AEC3    31.2   57.6  1  1    0.00    0.00
AID1    97.1   36.5  1  1    0.00    0.00
A11A   302.3  101.1  1 -1    0.00    0.00
A12A   245.4   87.8  1  1    0.00    0.00
A14A   208.5   91.8  1  1    0.00    0.00
AAS1   309.4   57.4  0  0   -0.51    0.74
AAS2   291.0   79.4  0  0    0.00    0.00
AEC2    34.5   71.1  0  0   -0.47    0.81
AEC3    31.2   57.6  0  0   -0.30    0.42
AID1    97.1   36.5  0  0    0.00    0.00
A11A   302.3  101.1  0  0    0.00    0.00
A12A   245.4   87.8  0  0   -0.36    2.06
A14A   208.5   91.8  0  0   -0.02    1.82
             564  18  10   8 1
AAS2   191.6   84.2 -1  1    0.00    0.00
ACC1   193.1   66.9  1  1    0.00    0.00
AEC1   155.5   74.8  1  1    0.00    0.00
AID1   164.4   90.0  1  1    0.00    0.00
A03A    23.0   41.9  1  1    0.00    0.00
A06A   282.2   33.3  1 -1    0.00    0.00
A07A   240.3   62.6  1 -1    0.00    0.00
A08A   190.2   50.7  1  1    0.00    0.00
A10A   120.5   79.6 -1 -1    0.00    0.00
A12A   192.9   92.4  1  1    0.00    0.00
AAS2   191.6   84.2  0  0   -0.02    1.41
AEC1   155.5   74.8  0  0   -0.20    0.93
A03A    23.0   41.9  0  0   -0.45    0.07
A06A   282.2   33.3  0  0   -0.39    1.70
A07A   240.3   62.6  0  0   -0.24    0.74
A08A   190.2   50.7  0  0   -0.19    0.03
A10A   120.5   79.6  0  0    0.00    0.00
A12A   192.9   92.4  0  0    0.00    0.00
             565  16   8   8 1
AEC1   156.3   81.0  1 -1    0.00    0.00
A03A    19.4   49.4  1 -1    0.00    0.00
A05A   112.0   55.7  1  1    0.00    0.00
A06A   284.1   41.9  1 -1    0.00    0.00
A07A   242.2   70.6  1  1    0.00    0.00
A08A   192.9   57.3  1  1    0.00    0.00
A09A   257.8   88.5  1  1    0.00    0.00
A10A   120.3   85.4  1  1    0.00    0.00
AEC1   156.3   81.0  0  0   -0.16    1.17
A03A    19.4   49.4  0  0    0.00    0.00
A05A   112.0   55.7  0  0    0.05    1.09
A06A   284.1   41.9  0  0   -0.24    1.56
A07A   242.2   70.6  0  0   -0.22    0.89
A08A   192.9   57.3  0  0    0.00    0.00
A09A   257.8   88.5  0  0   -0.66    2.54
A10A   120.3   85.4  0  0    0.00    0.00
             566  28  14  14 1
AAS1   179.2   83.4  1  1    0.00    0.00
ACC1   193.1   66.3  1  1    0.00    0.00
AEC1   155.5   74.3  1  1    0.00    0.00
AEC2   156.0   82.1  1  1    0.00    0.00
AEC3   161.4   83.4  1  1    0.00    0.00
AID1   164.4   89.4  1  1    0.00    0.00
A01A   354.6   77.9 -1 -1    0.00    0.00
A02A   314.4   68.1  1  1    0.00    0.00
A04A   283.3   74.4  1  1    0.00    0.00
A06A   282.2   32.8  1  1    0.00    0.00
A07A   240.3   62.1  1  1    0.00    0.00
A08A   190.2   50.1  1  1    0.00    0.00
A12A   192.9   92.2  1  1    0.00    0.00
A14A   183.6   95.5 -1 -1    0.00    0.00
AAS1   179.2   83.4  0  0    0.00    0.00
ACC1   193.1   66.3  0  0    0.11    0.67
AEC1   155.5   74.3  0  0    0.07    0.93
AEC2   156.0   82.1  0  0   -0.21    1.25
AEC3   161.4   83.4  0  0    0.01    1.33
AID1   164.4   89.4  0  0    0.00    0.00
A01A   354.6   77.9  0  0   -0.20    1.05
A02A   314.4   68.1  0  0    0.15    0.79
A04A   283.3   74.4  0  0   -0.05    1.26
A06A   282.2   32.8  0  0   -0.16    1.51
A07A   240.3   62.1  0  0   -0.16    0.74
A08A   190.2   50.1  0  0    0.45   -0.00
A12A   192.9   92.2  0  0    0.00    0.00
A14A   183.6   95.5  0  0    0.00    0.00
             567  24  12  12 1
ACC1   192.5   67.4  1  1    0.00    0.00
AEC1   155.3   75.3  1  1    0.00    0.00
AEC2   155.8   82.9  1  1    0.00    0.00
AEC3   161.2   84.2  1  1    0.00    0.00
A01A   354.9   78.5 -1  1    0.00    0.00
A03A    24.2   42.1  1 -1    0.00    0.00
A06A   281.6   32.8  1 -1    0.00    0.00
A07A   239.7   62.8  1  1    0.00    0.00
A08A   189.4   51.3  1  1    0.00    0.00
A12A   192.7   92.5  1  1    0.00    0.00
A13A   164.6   95.2  1  1    0.00    0.00
A14A   183.5   96.4 -1  1    0.00    0.00
ACC1   192.5   67.4  0  0    0.11    0.71
AEC1   155.3   75.3  0  0   -0.04    0.94
AEC2   155.8   82.9  0  0   -0.19    1.27
AEC3   161.2   84.2  0  0    0.26    1.36
A01A   354.9   78.5  0  0   -0.38    1.09
A03A    24.2   42.1  0  0   -0.45    0.11
A06A   281.6   32.8  0  0   -0.21    1.70
A07A   239.7   62.8  0  0   -0.25    0.74
A08A   189.4   51.3  0  0    0.46    0.07
A12A   192.7   92.5  0  0    0.00    0.00
A13A   164.6   95.2  0  0    0.00    0.00
A14A   183.5   96.4  0  0    0.00    0.00
             568  36  18  18 1
AAS1   179.2   86.7  1  1    0.00    0.00
AAS2   191.7   87.2  1  1    0.00    0.00
ACC1   193.2   70.5  1  1    0.00    0.00
AEC1   155.3   78.4  1  1    0.00    0.00
AEC2   155.8   85.5  1  1    0.00    0.00
AEC3   161.3   86.6  1  1    0.00    0.00
A01A   354.7   82.1 -1  1    0.00    0.00
A02A   314.9   72.9  1  1    0.00    0.00
A03A    22.4   46.5  1 -1    0.00    0.00
A04A   283.8   78.7 -1 -1    0.00    0.00
A06A   284.1   36.8  1 -1    0.00    0.00
A07A   241.0   66.5  1  1    0.00    0.00
A08A   190.4   54.1  1  1    0.00    0.00
A09A   257.4   85.3  1 -1    0.00    0.00
A10A   120.0   83.0 -1 -1    0.00    0.00
A11A   221.4   83.6  1  1    0.00    0.00
A12A   193.0   94.3  1  1    0.00    0.00
A14A   183.7   97.6 -1  1    0.00    0.00
AAS1   179.2   86.7  0  0    0.00    0.00
AAS2   191.7   87.2  0  0   -0.27    1.75
ACC1   193.2   70.5  0  0    0.14    0.81
AEC1   155.3   78.4  0  0    0.05    1.06
AEC2   155.8   85.5  0  0   -0.24    1.47
AEC3   161.3   86.6  0  0   -0.12    1.59
A01A   354.7   82.1  0  0   -0.24    1.26
A02A   314.9   72.9  0  0    0.14    0.93
A03A    22.4   46.5  0  0   -0.21    0.06
A04A   283.8   78.7  0  0    0.16    1.30
A06A   284.1   36.8  0  0   -0.17    1.36
A07A   241.0   66.5  0  0   -0.23    0.82
A08A   190.4   54.1  0  0    0.51    0.24
A09A   257.4   85.3  0  0   -0.69    1.60
A10A   120.0   83.0  0  0    0.00    0.00
A11A   221.4   83.6  0  0    0.00    0.00
A12A   193.0   94.3  0  0    0.00    0.00
A14A   183.7   97.6  0  0    0.00    0.00
             569  26  13  13 1
AAS2   191.3   88.7 -1  1    0.00    0.00
ACC1   192.4   72.5  1  1    0.00    0.00
AEC1   154.9   80.3  1  1    0.00    0.00
AEC2   155.5   87.2  1  1    0.00    0.00
AEC3   160.9   88.3  1  1    0.00    0.00
A02A   315.1   74.3  1  1    0.00    0.00
A06A   283.7   37.1  1 -1    0.00    0.00
A07A   240.2   68.1  1  1    0.00    0.00
A08A   189.2   56.1  1  1    0.00    0.00
A09A   257.1   86.8  1 -1    0.00    0.00
A10A   120.0   84.8  1  1    0.00    0.00
A12A   192.7   95.4  1  1    0.00    0.00
A13A   164.5   97.4  1  1    0.00    0.00
AAS2   191.3   88.7  0  0   -0.04    2.10
ACC1   192.4   72.5  0  0    0.03    0.86
AEC1   154.9   80.3  0  0   -0.25    1.14
AEC2   155.5   87.2  0  0   -0.44    1.65
AEC3   160.9   88.3  0  0   -0.03    1.84
A02A   315.1   74.3  0  0    0.33    0.97
A06A   283.7   37.1  0  0   -0.46    1.49
A07A   240.2   68.1  0  0   -0.22    0.83
A08A   189.2   56.1  0  0    0.05    0.32
A09A   257.1   86.8  0  0   -0.73    1.81
A10A   120.0   84.8  0  0   -1.07    1.38
A12A   192.7   95.4  0  0    0.00    0.00
A13A   164.5   97.4  0  0    0.00    0.00
             570  16   8   8 1
AEC1   156.4   74.9  1 -1    0.00    0.00
A01A   354.0   77.8 -1 -1    0.00    0.00
A02A   313.2   68.3  1  1    0.00    0.00
A04A   282.3   74.9  1  1    0.00    0.00
A06A   279.1   33.9  1  1    0.00    0.00
A07A   239.7   63.2  1  1    0.00    0.00
A08A   191.1   51.6 -1 -1    0.00    0.00
A09A   256.5   82.2  1  1    0.00    0.00
AEC1   156.4   74.9  0  0   -0.18    0.93
A01A   354.0   77.8  0  0   -0.06    1.06
A02A   313.2   68.3  0  0    0.28    0.80
A04A   282.3   74.9  0  0    0.13    1.17
A06A   279.1   33.9  0  0   -0.56    1.41
A07A   239.7   63.2  0  0   -0.24    0.81
A08A   191.1   51.6  0  0   -0.01    0.16
A09A   256.5   82.2  0  0   -0.86    1.38
             571  22  11  11 1
ACC1   193.2   67.7  1  1    0.00    0.00
AEC1   156.3   75.2 -1  1    0.00    0.00
A02A   313.1   68.3  1  1    0.00    0.00
A03A    23.2   40.2 -1 -1    0.00    0.00
A04A   282.1   75.0  1  1    0.00    0.00
A06A   278.3   33.6  1  1    0.00    0.00
A07A   239.2   63.4  1  1    0.00    0.00
A08A   190.6   52.1  1  1    0.00    0.00
A09A   256.2   82.3  1  1    0.00    0.00
A10A   121.4   79.7  1  1    0.00    0.00
A14A   183.8   96.2  1 -1    0.00    0.00
ACC1   193.2   67.7  0  0    0.03    0.72
AEC1   156.3   75.2  0  0    0.03    0.94
A02A   313.1   68.3  0  0    0.00    0.00
A03A    23.2   40.2  0  0   -0.17    0.14
A04A   282.1   75.0  0  0    0.18    1.53
A06A   278.3   33.6  0  0   -0.34    2.56
A07A   239.2   63.4  0  0   -0.20    0.74
A08A   190.6   52.1  0  0   -0.02    0.12
A09A   256.2   82.3  0  0   -0.83    1.37
A10A   121.4   79.7  0  0    0.00    0.00
A14A   183.8   96.2  0  0    0.00    0.00
             572  16   8   8 1
AEC1   156.5   76.5  1  1    0.00    0.00
AEC3   162.0   85.0  1  1    0.00    0.00
A02A   312.5   68.7  1  1    0.00    0.00
A07A   238.1   64.6  1  1    0.00    0.00
A08A   189.9   54.0  1  1    0.00    0.00
A09A   255.6   83.1  1 -1    0.00    0.00
A10A   121.9   80.7 -1  1    0.00    0.00
A11A   220.2   81.7  1  1    0.00    0.00
AEC1   156.5   76.5  0  0    0.04    1.00
AEC3   162.0   85.0  0  0   -0.23    1.45
A02A   312.5   68.7  0  0    0.26    0.82
A07A   238.1   64.6  0  0   -0.23    0.77
A08A   189.9   54.0  0  0    0.32    0.23
A09A   255.6   83.1  0  0   -0.73    1.38
A10A   121.9   80.7  0  0    0.00    0.00
A11A   220.2   81.7  0  0    0.00    0.00
             573  18   9   9 1
A01A    38.7   84.0  1 -1    0.00    0.00
A02A   308.7    7.8  1 -1    0.00    0.00
A03A   105.8   84.4  1  1    0.00    0.00
A04A   232.2   73.4  1 -1    0.00    0.00
A05A   126.3   99.3  1  1    0.00    0.00
A06A   150.6   75.8  1  1    0.00    0.00
A07A   182.6   90.7 -1 -1    0.00    0.00
A10A   126.1  105.8  1  1    0.00    0.00
A14A   172.0  110.2 -1 -1    0.00    0.00
A01A    38.7   84.0  0  0    0.23    1.33
A02A   308.7    7.8  0  0   -0.10    1.58
A03A   105.8   84.4  0  0   -0.73    1.48
A04A   232.2   73.4  0  0    0.13    0.94
A05A   126.3   99.3  0  0   -0.63    1.26
A06A   150.6   75.8  0  0   -0.20    0.96
A07A   182.6   90.7  0  0    0.00    0.00
A10A   126.1  105.8  0  0    0.00    0.00
A14A   172.0  110.2  0  0    0.00    0.00
             574  17   9   8 1
AAS1   311.1   61.1 -1 -1    0.00    0.00
ACC1   332.4   97.1  1  1    0.00    0.00
AEC1    13.9   89.6 -1  1    0.00    0.00
AEC2    36.9   77.8  1  1    0.00    0.00
AEC3    34.6   64.5  1  1    0.00    0.00
AID1    97.8   45.2  1 -1    0.00    0.00
A12A   244.4   92.3  1  1    0.00    0.00
A13A   149.0   88.2  1  1    0.00    0.00
A14A   207.2   96.1  1  1    0.00    0.00
AAS1   311.1   61.1  0  0   -0.15    0.74
AEC1    13.9   89.6  0  0   -0.10    2.46
AEC2    36.9   77.8  0  0   -0.64    1.04
AEC3    34.6   64.5  0  0   -0.63    0.63
AID1    97.8   45.2  0  0   -0.29    2.39
A12A   244.4   92.3  0  0   -0.21    1.70
A13A   149.0   88.2  0  0    0.10    1.81
A14A   207.2   96.1  0  0   -0.04    1.36
             575  16   8   8 1
AAS1   234.3   43.7  1  1    0.00    0.00
AAS2   252.9   67.4 -1  1    0.00    0.00
AEC1    27.8   47.7  1  1    0.00    0.00
AEC3   119.2   32.1 -1 -1    0.00    0.00
A08A   334.2   79.2 -1 -1    0.00    0.00
A10A    51.2   85.1  1  1    0.00    0.00
A12A   224.8   85.7  1  1    0.00    0.00
A14A   199.6   90.7  1  1    0.00    0.00
AAS1   234.3   43.7  0  0   -0.88    0.64
AAS2   252.9   67.4  0  0   -0.42    0.95
AEC1    27.8   47.7  0  0   -0.02    0.17
AEC3   119.2   32.1  0  0   -0.07    1.03
A08A   334.2   79.2  0  0   -0.25    1.13
A10A    51.2   85.1  0  0   -0.89    1.41
A12A   224.8   85.7  0  0   -0.37    1.60
A14A   199.6   90.7  0  0   -0.39    2.18
             576  24  12  12 1
AAS1   233.9   43.4  1  1    0.00    0.00
ACC1   315.6   70.6 -1 -1    0.00    0.00
AEC1    28.3   47.8  1  1    0.00    0.00
AEC2    89.0   41.5  1 -1    0.00    0.00
AEC3   118.7   32.6 -1 -1    0.00    0.00
AID1   154.4   58.4 -1 -1    0.00    0.00
A06A   336.9   93.1 -1 -1    0.00    0.00
A08A   334.4   79.1 -1 -1    0.00    0.00
A10A    51.4   85.2  1  1    0.00    0.00
A12A   224.6   85.6  1  1    0.00    0.00
A13A   160.7   85.3 -1 -1    0.00    0.00
A14A   199.4   90.6  1  1    0.00    0.00
AAS1   233.9   43.4  0  0   -0.87    0.64
ACC1   315.6   70.6  0  0    0.12    0.88
AEC1    28.3   47.8  0  0   -0.03    0.17
AEC2    89.0   41.5  0  0   -0.51    1.59
AEC3   118.7   32.6  0  0   -0.05    1.03
AID1   154.4   58.4  0  0   -0.07    0.47
A06A   336.9   93.1  0  0    0.00    0.00
A08A   334.4   79.1  0  0   -0.32    1.14
A10A    51.4   85.2  0  0   -1.06    1.39
A12A   224.6   85.6  0  0   -0.38    1.63
A13A   160.7   85.3  0  0   -0.04    1.44
A14A   199.4   90.6  0  0   -0.36    2.13
             577  24  12  12 1
AAS1   237.3   43.6  1  1    0.00    0.00
AAS2   254.5   67.9 -1  1    0.00    0.00
AEC1    25.6   49.0  1  1    0.00    0.00
AEC2    85.8   40.6  1  1    0.00    0.00
AID1   154.7   57.3 -1 -1    0.00    0.00
A07A   315.3   91.3  1 -1    0.00    0.00
A08A   334.2   80.1 -1 -1    0.00    0.00
A10A    50.3   85.6  1  1    0.00    0.00
A11A   286.2   88.7  1 -1    0.00    0.00
A12A   225.7   85.9  1  1    0.00    0.00
A13A   161.0   85.2 -1 -1    0.00    0.00
A14A   200.1   90.5  1  1    0.00    0.00
AAS1   237.3   43.6  0  0   -0.84    0.74
AAS2   254.5   67.9  0  0   -0.35    1.02
AEC1    25.6   49.0  0  0   -0.00    0.19
AEC2    85.8   40.6  0  0   -0.49    1.57
AID1   154.7   57.3  0  0    0.08    0.42
A07A   315.3   91.3  0  0   -0.16    1.78
A08A   334.2   80.1  0  0   -0.56    1.19
A10A    50.3   85.6  0  0   -1.12    1.42
A11A   286.2   88.7  0  0   -0.59    3.11
A12A   225.7   85.9  0  0   -0.25    1.66
A13A   161.0   85.2  0  0    0.00    0.00
A14A   200.1   90.5  0  0   -0.33    2.20
             578  19  10   9 1
AAS1   236.9   44.5  1  1    0.00    0.00
AAS2   254.1   68.5 -1  1    0.00    0.00
AEC1    25.4   48.6  1  1    0.00    0.00
AEC2    86.8   40.4  1  1    0.00    0.00
A05A     9.9   87.5  1 -1    0.00    0.00
A08A   333.8   80.3 -1 -1    0.00    0.00
A10A    50.4   85.8  1  1    0.00    0.00
A11A   285.9   89.0  1  1    0.00    0.00
A12A   225.6   86.4  1  1    0.00    0.00
A14A   200.2   91.0 -1  1    0.00    0.00
AAS1   236.9   44.5  0  0   -0.73    0.62
AAS2   254.1   68.5  0  0   -0.25    0.94
AEC1    25.4   48.6  0  0    0.06    0.05
AEC2    86.8   40.4  0  0   -0.48    1.30
A05A     9.9   87.5  0  0    0.00    0.00
A08A   333.8   80.3  0  0   -0.70    1.20
A11A   285.9   89.0  0  0   -0.35    2.49
A12A   225.6   86.4  0  0   -0.11    1.74
A14A   200.2   91.0  0  0   -0.14    2.02
             579  24  12  12 1
AAS1   236.1   45.6  1  1    0.00    0.00
AAS2   253.6   69.5 -1  1    0.00    0.00
AEC1    25.8   49.0  1  1    0.00    0.00
AEC2    87.9   41.1  1  1    0.00    0.00
AEC3   119.4   31.5 -1 -1    0.00    0.00
AID1   155.7   59.0 -1 -1    0.00    0.00
A07A   314.8   92.1  1 -1    0.00    0.00
A08A   333.7   81.1 -1 -1    0.00    0.00
A10A    50.6   86.7  1  1    0.00    0.00
A12A   225.4   87.5  1  1    0.00    0.00
A13A   161.4   86.8 -1 -1    0.00    0.00
A14A   200.1   91.9 -1  1    0.00    0.00
AAS1   236.1   45.6  0  0   -0.88    0.65
AAS2   253.6   69.5  0  0   -0.27    0.98
AEC1    25.8   49.0  0  0   -0.12    0.13
AEC2    87.9   41.1  0  0   -0.43    1.51
AEC3   119.4   31.5  0  0   -0.06    1.03
AID1   155.7   59.0  0  0    0.00    0.00
A07A   314.8   92.1  0  0    0.06    1.65
A08A   333.7   81.1  0  0   -0.46    1.24
A10A    50.6   86.7  0  0   -0.95    1.51
A12A   225.4   87.5  0  0   -0.33    2.01
A13A   161.4   86.8  0  0    0.00    0.00
A14A   200.1   91.9  0  0   -0.38    1.79
             580  15   8   7 1
AAS1   238.1   46.9  1  1    0.00    0.00
AAS2   255.0   72.0  1  1    0.00    0.00
AEC1    25.3   53.3 -1 -1    0.00    0.00
AEC3   115.1   33.0 -1  1    0.00    0.00
A05A    10.0   91.8  1 -1    0.00    0.00
A08A   334.3   84.6 -1 -1    0.00    0.00
A10A    50.1   90.3  1  1    0.00    0.00
A11A   286.4   92.7  1  1    0.00    0.00
AAS2   255.0   72.0  0  0   -0.34    1.00
AEC1    25.3   53.3  0  0   -0.12    0.23
AEC3   115.1   33.0  0  0   -0.10    1.19
A05A    10.0   91.8  0  0    0.45    1.94
A08A   334.3   84.6  0  0   -0.55    1.49
A10A    50.1   90.3  0  0   -0.68    2.39
A11A   286.4   92.7  0  0    0.01    1.60
             581  17   9   8 1
AAS1   236.6   43.4  1 -1    0.00    0.00
AAS2   254.0   67.4 -1 -1    0.00    0.00
AEC1    26.0   48.0  1  1    0.00    0.00
AEC2    86.9   40.1  1  1    0.00    0.00
AEC3   117.7   30.4  1  1    0.00    0.00
A10A    50.6   84.8  1  1    0.00    0.00
A11A   286.0   88.1  1 -1    0.00    0.00
A12A   225.5   85.3  1  1    0.00    0.00
A14A   200.0   90.2  1  1    0.00    0.00
AAS1   236.6   43.4  0  0   -0.84    0.73
AAS2   254.0   67.4  0  0   -0.40    1.02
AEC1    26.0   48.0  0  0   -0.01    0.20
AEC3   117.7   30.4  0  0   -0.31    1.02
A10A    50.6   84.8  0  0   -0.93    1.39
A11A   286.0   88.1  0  0   -0.64    2.19
A12A   225.5   85.3  0  0   -0.45    1.55
A14A   200.0   90.2  0  0   -0.39    2.52
             582  15   8   7 1
AAS1   237.0   46.6  1  1    0.00    0.00
AAS2   254.4   71.6 -1  1    0.00    0.00
AEC1    26.1   52.7  1  1    0.00    0.00
AEC2    85.9   44.2  1 -1    0.00    0.00
AEC3   115.9   33.5 -1 -1    0.00    0.00
A07A   315.4   94.3  1 -1    0.00    0.00
A10A    50.5   90.2  1  1    0.00    0.00
A12A   225.5   90.3  1  1    0.00    0.00
AAS1   237.0   46.6  0  0   -0.67    0.66
AAS2   254.4   71.6  0  0   -0.15    1.02
AEC1    26.1   52.7  0  0    0.11    0.25
AEC3   115.9   33.5  0  0    0.03    1.08
A07A   315.4   94.3  0  0   -0.24    1.45
A10A    50.5   90.2  0  0   -0.72    2.29
A12A   225.5   90.3  0  0   -0.13    2.10
             583  28  14  14 1
AAS1   119.4   65.9  1  1    0.00    0.00
AAS2   154.1   42.5 -1 -1    0.00    0.00
AEC1    73.7   86.2  1  1    0.00    0.00
AEC2    93.3   89.4 -1  1    0.00    0.00
AEC3   100.8   86.4  1  1    0.00    0.00
A02A   353.4  100.8  1  1    0.00    0.00
A03A    19.9   99.8  1  1    0.00    0.00
A06A     5.2   95.1 -1  1    0.00    0.00
A07A   345.4   85.8  1  1    0.00    0.00
A08A    24.7   81.3  1  1    0.00    0.00
A09A   314.5   95.2  1  1    0.00    0.00
A11A   300.3   65.5  1  1    0.00    0.00
A12A   183.5   82.9  1  1    0.00    0.00
A14A   168.7   95.4 -1  1    0.00    0.00
AAS1   119.4   65.9  0  0   -0.06    0.84
AAS2   154.1   42.5  0  0    0.03    0.31
AEC1    73.7   86.2  0  0    0.07    1.51
AEC2    93.3   89.4  0  0   -0.17    2.32
AEC3   100.8   86.4  0  0   -0.23    1.57
A02A   353.4  100.8  0  0    0.00    0.00
A03A    19.9   99.8  0  0    0.00    0.00
A06A     5.2   95.1  0  0   -0.52    1.46
A07A   345.4   85.8  0  0    0.20    1.56
A08A    24.7   81.3  0  0    0.17    1.19
A09A   314.5   95.2  0  0   -0.25    1.40
A11A   300.3   65.5  0  0    0.46    0.85
A12A   183.5   82.9  0  0    0.18    1.31
A14A   168.7   95.4  0  0   -0.14    1.44
             584  16   8   8 1
A01A    73.7   57.6 -1 -1    0.00    0.00
A02A   182.6   51.5  1  1    0.00    0.00
A04A   208.3   77.3  1  1    0.00    0.00
A05A   139.0   92.6  1  1    0.00    0.00
A06A   162.7   80.9 -1  1    0.00    0.00
A08A   161.9   92.5 -1  1    0.00    0.00
A09A   208.4   91.1  1  1    0.00    0.00
A10A   135.0   98.5  1  1    0.00    0.00
A01A    73.7   57.6  0  0   -0.04    0.94
A02A   182.6   51.5  0  0    0.10    0.07
A04A   208.3   77.3  0  0    0.10    1.05
A05A   139.0   92.6  0  0    0.00    0.00
A06A   162.7   80.9  0  0    0.00    0.00
A08A   161.9   92.5  0  0    0.00    0.00
A09A   208.4   91.1  0  0    0.12    2.03
A10A   135.0   98.5  0  0    0.00    0.00
             585  19  10   9 1
AAS1   327.3   64.4  1  1    0.00    0.00
AAS2   299.5   85.2  1  1    0.00    0.00
ACC1   337.5   99.9  1  1    0.00    0.00
AEC1    17.5   94.8  1  1    0.00    0.00
AEC2    38.6   86.4  1  1    0.00    0.00
AID1    83.3   58.5 -1 -1    0.00    0.00
A05A    10.3  108.6  1  1    0.00    0.00
A12A   246.5   92.1  1  1    0.00    0.00
A13A   141.2   91.0  1  1    0.00    0.00
A14A   205.0   96.0  1  1    0.00    0.00
AAS1   327.3   64.4  0  0   -0.47    0.67
AAS2   299.5   85.2  0  0   -0.05    1.55
AEC1    17.5   94.8  0  0    0.22    1.49
AEC2    38.6   86.4  0  0   -0.32    1.56
AID1    83.3   58.5  0  0   -0.34    1.23
A05A    10.3  108.6  0  0    0.00    0.00
A12A   246.5   92.1  0  0   -0.25    1.72
A13A   141.2   91.0  0  0    0.30    2.47
A14A   205.0   96.0  0  0   -0.36    1.36
             586  17   9   8 1
AAS2   290.3   75.2  1  1    0.00    0.00
AEC1    12.9   80.5 -1 -1    0.00    0.00
AEC2    35.9   66.8  1 -1    0.00    0.00
AEC3    33.1   53.2  1 -1    0.00    0.00
AID1    99.8   34.8  1  1    0.00    0.00
A06A   341.5  102.7  1 -1    0.00    0.00
A10A    37.7   97.1 -1 -1    0.00    0.00
A12A   244.5   84.8  1  1    0.00    0.00
A14A   207.8   89.1 -1 -1    0.00    0.00
AAS2   290.3   75.2  0  0    0.05    1.21
AEC1    12.9   80.5  0  0   -0.01    1.16
AEC2    35.9   66.8  0  0   -0.64    0.69
AEC3    33.1   53.2  0  0   -0.57    0.29
AID1    99.8   34.8  0  0    0.00    0.00
A06A   341.5  102.7  0  0    0.00    0.00
A12A   244.5   84.8  0  0   -0.44    1.55
A14A   207.8   89.1  0  0   -0.02    2.52
             587  15   8   7 1
A03A     7.1   67.7  1 -1    0.00    0.00
A04A   290.7   91.7  1  1    0.00    0.00
A05A    92.8   54.0  1  1    0.00    0.00
A06A   302.2   60.4 -1  1    0.00    0.00
A07A   255.9   78.2  1  1    0.00    0.00
A08A   208.6   53.4 -1 -1    0.00    0.00
A09A   264.9   95.1  1  1    0.00    0.00
A10A   114.6   89.8  1  1    0.00    0.00
A03A     7.1   67.7  0  0   -0.53    0.71
A04A   290.7   91.7  0  0    0.00    0.00
A05A    92.8   54.0  0  0   -0.24    2.90
A06A   302.2   60.4  0  0   -0.34    0.79
A07A   255.9   78.2  0  0    0.12    1.20
A08A   208.6   53.4  0  0    0.09    0.36
A09A   264.9   95.1  0  0    0.00    0.00
             588  18   9   9 1
AAS1   307.2   54.9 -1 -1    0.00    0.00
AAS2   290.3   76.6  1 -1    0.00    0.00
AEC1    10.5   80.4  1  1    0.00    0.00
AEC3    28.1   52.3  1  1    0.00    0.00
AID1    98.0   30.0  1  1    0.00    0.00
A06A   340.8  102.5  1 -1    0.00    0.00
A07A   324.3  101.0 -1 -1    0.00    0.00
A12A   246.0   85.5  1  1    0.00    0.00
A14A   209.7   89.0  1  1    0.00    0.00
AAS1   307.2   54.9  0  0   -0.41    0.77
AAS2   290.3   76.6  0  0   -0.06    1.20
AEC1    10.5   80.4  0  0    0.03    1.16
AEC3    28.1   52.3  0  0   -0.36    0.23
AID1    98.0   30.0  0  0   -0.46    2.69
A06A   340.8  102.5  0  0    0.00    0.00
A07A   324.3  101.0  0  0    0.00    0.00
A12A   246.0   85.5  0  0   -0.10    1.60
A14A   209.7   89.0  0  0    0.09    2.43
             589  16   8   8 1
AAS2   291.1   76.4  1 -1    0.00    0.00
AEC1    11.2   81.0  1  1    0.00    0.00
AEC3    29.2   53.6  1  1    0.00    0.00
AID1    95.9   31.7  1  1    0.00    0.00
A06A   341.1  102.8 -1 -1    0.00    0.00
A07A   324.7  101.3 -1 -1    0.00    0.00
A11A   302.2   97.9  1 -1    0.00    0.00
A12A   246.0   85.2  1  1    0.00    0.00
AAS2   291.1   76.4  0  0   -0.08    1.12
AEC1    11.2   81.0  0  0    0.01    1.19
AEC3    29.2   53.6  0  0   -0.43    0.34
AID1    95.9   31.7  0  0   -0.37    1.82
A06A   341.1  102.8  0  0    0.00    0.00
A07A   324.7  101.3  0  0    0.00    0.00
A11A   302.2   97.9  0  0   -0.23    1.21
A12A   246.0   85.2  0  0   -0.08    1.59
             590  16   8   8 1
A01A    45.0   74.6  1 -1    0.00    0.00
A02A   189.3   12.8  1  1    0.00    0.00
A03A   112.3   80.2  1  1    0.00    0.00
A04A   223.5   69.7 -1 -1    0.00    0.00
A05A   129.3   93.5  1  1    0.00    0.00
A07A   181.4   87.5  1 -1    0.00    0.00
A08A   156.7   92.3  1  1    0.00    0.00
A09A   215.9   90.7 -1 -1    0.00    0.00
A01A    45.0   74.6  0  0   -0.28    0.92
A02A   189.3   12.8  0  0   -0.05    1.03
A03A   112.3   80.2  0  0   -0.63    1.16
A04A   223.5   69.7  0  0   -0.40    0.83
A05A   129.3   93.5  0  0   -0.39    1.80
A07A   181.4   87.5  0  0    0.25    1.74
A08A   156.7   92.3  0  0    0.00    0.00
A09A   215.9   90.7  0  0   -0.37    1.99
             591  21  11  10 1
AAS1   300.7   67.4  1  1    0.00    0.00
ACC1   325.6   94.1  1  1    0.00    0.00
AEC1     1.3   82.9  1  1    0.00    0.00
AEC2    18.6   66.1  1  1    0.00    0.00
AEC3     7.7   53.0 -1  1    0.00    0.00
AID1    93.4   10.7 -1 -1    0.00    0.00
A10A    31.6   98.1  1  1    0.00    0.00
A11A   300.1  102.9  1  1    0.00    0.00
A12A   250.0   90.9  1  1    0.00    0.00
A13A   161.0   75.7  1  1    0.00    0.00
A14A   216.1   91.8  1  1    0.00    0.00
AAS1   300.7   67.4  0  0   -0.13    0.88
AEC1     1.3   82.9  0  0   -0.23    1.31
AEC2    18.6   66.1  0  0   -0.50    0.66
AEC3     7.7   53.0  0  0   -0.08    0.16
AID1    93.4   10.7  0  0   -0.69    3.51
A10A    31.6   98.1  0  0    0.00    0.00
A11A   300.1  102.9  0  0    0.00    0.00
A12A   250.0   90.9  0  0   -0.12    1.92
A13A   161.0   75.7  0  0   -0.00    0.96
A14A   216.1   91.8  0  0   -0.64    1.80
             592  16   8   8 1
AAS1   300.9   65.1  1  1    0.00    0.00
AEC1     1.6   81.3  1  1    0.00    0.00
AEC2    19.0   64.2  1  1    0.00    0.00
AEC3     8.4   51.0  1  1    0.00    0.00
AID1    93.2   10.8 -1 -1    0.00    0.00
A10A    31.7   96.3  1  1    0.00    0.00
A12A   249.9   89.4 -1  1    0.00    0.00
A14A   215.9   90.6  1  1    0.00    0.00
AAS1   300.9   65.1  0  0   -0.22    0.85
AEC1     1.6   81.3  0  0   -0.12    1.21
AEC2    19.0   64.2  0  0   -0.30    0.60
AEC3     8.4   51.0  0  0   -0.00    0.04
AID1    93.2   10.8  0  0   -0.59    3.48
A10A    31.7   96.3  0  0    0.00    0.00
A12A   249.9   89.4  0  0   -0.06    2.68
A14A   215.9   90.6  0  0   -0.65    2.08
             593  15   8   7 1
AEC1   157.9   75.7  1 -1    0.00    0.00
A03A    17.7   40.9 -1 -1    0.00    0.00
A05A   115.8   48.8  1  1    0.00    0.00
A07A   241.2   65.8  1  1    0.00    0.00
A08A   194.5   53.1 -1  1    0.00    0.00
A09A   257.0   83.8  1  1    0.00    0.00
A10A   121.9   79.9 -1 -1    0.00    0.00
A11A   222.2   82.0  1  1    0.00    0.00
AEC1   157.9   75.7  0  0   -0.15    0.95
A03A    17.7   40.9  0  0   -0.34   -0.01
A05A   115.8   48.8  0  0    0.23    1.01
A07A   241.2   65.8  0  0    0.27    0.79
A08A   194.5   53.1  0  0    0.15    0.20
A09A   257.0   83.8  0  0   -0.43    1.49
A10A   121.9   79.9  0  0    0.00    0.00
             594  16   8   8 1
ACC1   164.5   97.7  1  1    0.00    0.00
A01A    41.2   78.8  1 -1    0.00    0.00
A02A   227.0    8.3  1 -1    0.00    0.00
A03A   109.8   82.0  1  1    0.00    0.00
A04A   228.1   71.9 -1 -1    0.00    0.00
A05A   128.3   95.6  1  1    0.00    0.00
A06A   153.3   74.8  1  1    0.00    0.00
A09A   218.0   93.4 -1 -1    0.00    0.00
ACC1   164.5   97.7  0  0    0.00    0.00
A01A    41.2   78.8  0  0   -0.26    1.06
A02A   227.0    8.3  0  0   -0.07    1.39
A03A   109.8   82.0  0  0   -0.51    1.23
A04A   228.1   71.9  0  0   -0.52    0.90
A05A   128.3   95.6  0  0   -0.70    1.53
A06A   153.3   74.8  0  0   -0.05    0.92
A09A   218.0   93.4  0  0   -0.64    1.54
             595  20  10  10 1
ACC1   255.1   48.7  1  1    0.00    0.00
AEC1   149.7   35.9 -1 -1    0.00    0.00
A03A   353.7   76.0  1  1    0.00    0.00
A05A    22.5   51.9  1 -1    0.00    0.00
A07A   289.4   73.0  1  1    0.00    0.00
A08A   294.7   43.0  1  1    0.00    0.00
A09A   283.1   87.7  1  1    0.00    0.00
A10A    86.3   66.9 -1 -1    0.00    0.00
A11A   255.9   78.3  1  1    0.00    0.00
A13A   167.8   86.9  1  1    0.00    0.00
ACC1   255.1   48.7  0  0   -0.50    1.05
AEC1   149.7   35.9  0  0   -0.41    0.50
A03A   353.7   76.0  0  0   -0.43    0.99
A05A    22.5   51.9  0  0    0.04    0.21
A07A   289.4   73.0  0  0    0.31    1.08
A08A   294.7   43.0  0  0   -0.15    0.96
A09A   283.1   87.7  0  0    0.00    0.00
A10A    86.3   66.9  0  0   -0.80    1.45
A11A   255.9   78.3  0  0   -0.14    1.21
A13A   167.8   86.9  0  0    0.00    0.00
             596  14   8   6 1
AAS1   240.4   57.9  1 -1    0.00    0.00
ACC1   309.9   79.8  1  1    0.00    0.00
AEC1    14.5   49.1 -1 -1    0.00    0.00
AEC2    91.4   35.1  1  1    0.00    0.00
AEC3   138.2   27.5  1  1    0.00    0.00
A08A   328.8   86.6  1  1    0.00    0.00
A10A    48.5   89.2  1 -1    0.00    0.00
A12A   227.5   93.2 -1 -1    0.00    0.00
AAS1   240.4   57.9  0  0   -0.54    0.73
AEC1    14.5   49.1  0  0   -0.64   -0.04
AEC2    91.4   35.1  0  0   -0.58    2.06
AEC3   138.2   27.5  0  0   -0.00    0.82
A08A   328.8   86.6  0  0    0.24    1.74
A12A   227.5   93.2  0  0   -0.31    1.56
             597  18  10   8 1
AAS1   237.4   58.7  1 -1    0.00    0.00
AAS2   252.6   78.9  1 -1    0.00    0.00
ACC1   309.6   79.7  1  1    0.00    0.00
AEC1    17.9   49.0 -1 -1    0.00    0.00
AEC2    95.3   38.3  1  1    0.00    0.00
AEC3   138.1   31.7  1  1    0.00    0.00
A08A   329.1   86.6  1  1    0.00    0.00
A10A    49.8   90.0 -1 -1    0.00    0.00
A11A   283.5   96.0  1  1    0.00    0.00
A12A   226.5   93.9 -1 -1    0.00    0.00
AAS1   237.4   58.7  0  0   -0.52    0.70
AAS2   252.6   78.9  0  0   -0.30    1.20
AEC1    17.9   49.0  0  0   -0.50    0.01
AEC2    95.3   38.3  0  0   -0.60    2.14
AEC3   138.1   31.7  0  0   -0.06    0.74
A08A   329.1   86.6  0  0    0.10    1.76
A10A    49.8   90.0  0  0   -0.73    2.19
A12A   226.5   93.9  0  0   -0.21    1.48
             598  19  10   9 1
AEC1   154.4   83.9  1  1    0.00    0.00
AEC2   155.3   94.3  1  1    0.00    0.00
AEC3   162.2   96.0  1  1    0.00    0.00
A03A     3.8   80.0  1  1    0.00    0.00
A04A   294.8   98.7 -1 -1    0.00    0.00
A06A   310.5   73.3  1  1    0.00    0.00
A07A   264.3   84.0 -1 -1    0.00    0.00
A08A   222.4   51.9 -1 -1    0.00    0.00
A09A   269.2  103.1 -1 -1    0.00    0.00
A10A   109.7   92.8  1 -1    0.00    0.00
AEC1   154.4   83.9  0  0   -0.46    1.33
AEC3   162.2   96.0  0  0   -0.63    1.41
A03A     3.8   80.0  0  0   -0.33    1.15
A04A   294.8   98.7  0  0   -0.00    1.21
A06A   310.5   73.3  0  0   -0.32    0.96
A07A   264.3   84.0  0  0   -0.37    1.51
A08A   222.4   51.9  0  0    0.11    0.44
A09A   269.2  103.1  0  0    0.00    0.00
A10A   109.7   92.8  0  0   -0.71    1.95
             599  17   9   8 1
AAS1   300.5   65.2  1 -1    0.00    0.00
AAS2   288.4   82.7  1 -1    0.00    0.00
ACC1   325.9   93.2  1  1    0.00    0.00
AEC1     2.5   81.8  1  1    0.00    0.00
A10A    32.4   97.3  1  1    0.00    0.00
A11A   300.0  101.6  1  1    0.00    0.00
A12A   249.1   90.0  1  1    0.00    0.00
A13A   160.0   75.8  1  1    0.00    0.00
A14A   215.0   91.3  1  1    0.00    0.00
AAS1   300.5   65.2  0  0   -0.59    0.89
AAS2   288.4   82.7  0  0    0.00    0.00
AEC1     2.5   81.8  0  0    0.05    1.24
A10A    32.4   97.3  0  0   -0.61    1.32
A11A   300.0  101.6  0  0    0.00    0.00
A12A   249.1   90.0  0  0   -0.38    2.30
A13A   160.0   75.8  0  0    0.01    0.96
A14A   215.0   91.3  0  0   -0.71    1.92
             600  17  10   7 1
AAS1   208.6   61.5 -1 -1    0.00    0.00
ACC1   283.4   55.4  1  1    0.00    0.00
AEC1   106.8   17.7  1  1    0.00    0.00
AEC2   143.5   48.9  1  1    0.00    0.00
AEC3   161.3   53.1  1  1    0.00    0.00
A05A    12.8   68.7  1 -1    0.00    0.00
A07A   300.7   80.9  1  1    0.00    0.00
A08A   315.5   59.6  1  1    0.00    0.00
A10A    69.0   71.9  1 -1    0.00    0.00
A13A   167.1   86.3 -1 -1    0.00    0.00
AEC1   106.8   17.7  0  0   -0.22    1.48
AEC3   161.3   53.1  0  0   -0.32    0.25
A05A    12.8   68.7  0  0    0.38    0.74
A07A   300.7   80.9  0  0   -0.28    1.25
A08A   315.5   59.6  0  0    0.13    0.63
A10A    69.0   71.9  0  0   -0.68    0.97
A13A   167.1   86.3  0  0    0.00    0.00
             601  14   8   6 1
ACC1   285.7   52.0  1 -1    0.00    0.00
AEC1    97.8   16.1 -1  1    0.00    0.00
AEC2   141.4   44.5  1  1    0.00    0.00
AEC3   160.1   48.3  1  1    0.00    0.00
A03A   353.6   82.9  1  1    0.00    0.00
A05A    12.7   66.2  1  1    0.00    0.00
A08A   317.1   56.9 -1 -1    0.00    0.00
A14A   196.8   87.9  1  1    0.00    0.00
AEC1    97.8   16.1  0  0   -0.27    2.53
AEC3   160.1   48.3  0  0   -0.39    0.23
A03A   353.6   82.9  0  0    0.00    0.00
A05A    12.7   66.2  0  0    0.52    0.66
A08A   317.1   56.9  0  0   -0.08    0.64
A14A   196.8   87.9  0  0    0.00    0.00
             602  18  10   8 1
AAS1   194.6   65.5 -1 -1    0.00    0.00
ACC1   253.9   43.5  1  1    0.00    0.00
AEC1   141.7   37.3  1 -1    0.00    0.00
AEC2   149.4   59.8  1 -1    0.00    0.00
AEC3   160.6   62.7 -1 -1    0.00    0.00
A03A   356.6   74.9 -1 -1    0.00    0.00
A04A   306.6   85.5  1  1    0.00    0.00
A05A    27.4   52.6 -1 -1    0.00    0.00
A07A   290.8   70.3  1  1    0.00    0.00
A08A   299.0   38.1  1  1    0.00    0.00
AAS1   194.6   65.5  0  0    0.00    0.00
AEC1   141.7   37.3  0  0    0.26    0.55
AEC3   160.6   62.7  0  0   -0.00    0.56
A03A   356.6   74.9  0  0   -0.94    0.95
A04A   306.6   85.5  0  0    0.00    0.00
A05A    27.4   52.6  0  0   -0.24    0.31
A07A   290.8   70.3  0  0   -0.62    0.99
A08A   299.0   38.1  0  0   -0.08    0.88
             603  16   9   7 1
ACC1   247.7   57.6  1  1    0.00    0.00
AEC1   146.8   52.6 -1 -1    0.00    0.00
AEC2   151.7   75.0 -1 -1    0.00    0.00
A03A   356.2   86.2 -1 -1    0.00    0.00
A05A    29.8   62.3  1 -1    0.00    0.00
A07A   287.7   82.6  1  1    0.00    0.00
A08A   291.1   47.7  1  1    0.00    0.00
A10A    89.6   80.6 -1  1    0.00    0.00
A11A   253.0   88.4  1  1    0.00    0.00
AEC1   146.8   52.6  0  0   -0.18    0.37
A03A   356.2   86.2  0  0   -0.29    1.59
A05A    29.8   62.3  0  0   -0.11    0.57
A07A   287.7   82.6  0  0    0.23    1.38
A08A   291.1   47.7  0  0   -0.24    0.93
A10A    89.6   80.6  0  0    0.00    0.00
A11A   253.0   88.4  0  0   -0.90    2.47
             604  15   8   7 1
AAS1   230.1   45.9  1  1    0.00    0.00
AAS2   249.9   67.6 -1  1    0.00    0.00
AEC1    29.6   43.2  1  1    0.00    0.00
AEC2    96.2   39.7  1 -1    0.00    0.00
AEC3   127.9   33.3 -1 -1    0.00    0.00
A08A   332.6   77.1 -1 -1    0.00    0.00
A10A    52.6   83.3  1  1    0.00    0.00
A12A   223.7   85.4 -1  1    0.00    0.00
AAS1   230.1   45.9  0  0   -0.43    0.56
AAS2   249.9   67.6  0  0   -0.54    0.91
AEC1    29.6   43.2  0  0   -0.24    0.23
AEC3   127.9   33.3  0  0   -0.23    0.87
A08A   332.6   77.1  0  0   -0.48    1.05
A10A    52.6   83.3  0  0   -0.69    1.27
A12A   223.7   85.4  0  0    0.05    1.59
             605  17   9   8 1
AAS2   290.4   75.6  1 -1    0.00    0.00
ACC1   331.7   90.6  1 -1    0.00    0.00
AEC1    13.1   81.0  1  1    0.00    0.00
AEC2    36.3   67.6  1  1    0.00    0.00
AEC3    33.6   53.9  1  1    0.00    0.00
AID1    99.6   35.8  1 -1    0.00    0.00
A07A   325.0  101.8 -1 -1    0.00    0.00
A12A   244.4   85.1  1  1    0.00    0.00
A13A   150.0   78.9 -1 -1    0.00    0.00
AAS2   290.4   75.6  0  0    0.00    0.00
AEC1    13.1   81.0  0  0   -0.15    1.18
AEC2    36.3   67.6  0  0   -0.52    0.71
AEC3    33.6   53.9  0  0   -0.54    0.37
AID1    99.6   35.8  0  0   -0.47    1.64
A07A   325.0  101.8  0  0    0.00    0.00
A12A   244.4   85.1  0  0   -0.50    1.58
A13A   150.0   78.9  0  0    0.00    0.00
             606  18   9   9 1
AAS1   255.1   55.1  1 -1    0.00    0.00
AAS2   262.3   76.8  1 -1    0.00    0.00
ACC1   313.1   81.3  1  1    0.00    0.00
AEC2    62.1   30.3  1  1    0.00    0.00
AEC3   110.0   11.7  1  1    0.00    0.00
AID1   167.6   50.8  1  1    0.00    0.00
A09A   301.2  100.8  1  1    0.00    0.00
A11A   287.6   93.8  1  1    0.00    0.00
A12A   232.5   90.5 -1 -1    0.00    0.00
AAS1   255.1   55.1  0  0   -0.82    0.97
AAS2   262.3   76.8  0  0    0.16    1.24
ACC1   313.1   81.3  0  0   -0.30    1.28
AEC2    62.1   30.3  0  0   -0.75    0.93
AEC3   110.0   11.7  0  0   -0.34    1.66
AID1   167.6   50.8  0  0   -0.08    0.12
A09A   301.2  100.8  0  0    0.00    0.00
A11A   287.6   93.8  0  0    0.00    0.00
A12A   232.5   90.5  0  0   -0.23    2.00
             607  19  10   9 1
AAS1   254.7   55.2  1  1    0.00    0.00
AAS2   262.2   77.3  1  1    0.00    0.00
ACC1   313.7   82.1  1  1    0.00    0.00
AEC1     7.1   56.5 -1 -1    0.00    0.00
AEC2    63.5   32.5 -1 -1    0.00    0.00
AEC3   107.4   13.7 -1 -1    0.00    0.00
AID1   165.9   52.2  1 -1    0.00    0.00
A10A    43.4   89.7  1  1    0.00    0.00
A11A   287.7   94.7  1  1    0.00    0.00
A12A   232.2   91.4 -1  1    0.00    0.00
AAS1   254.7   55.2  0  0   -0.67    0.88
AAS2   262.2   77.3  0  0    0.09    1.18
AEC1     7.1   56.5  0  0   -0.31    0.34
AEC2    63.5   32.5  0  0   -0.50    0.87
AEC3   107.4   13.7  0  0   -0.31    1.79
AID1   165.9   52.2  0  0   -0.02    0.24
A10A    43.4   89.7  0  0   -1.21    2.18
A11A   287.7   94.7  0  0    0.00    0.00
A12A   232.2   91.4  0  0   -0.10    1.83
             608  25  13  12 1
AAS1   257.2   53.8  1  1    0.00    0.00
AAS2   263.5   75.9  1  1    0.00    0.00
ACC1   314.1   81.1  1  1    0.00    0.00
AEC1     5.9   56.2 -1 -1    0.00    0.00
AEC2    58.6   31.5 -1 -1    0.00    0.00
AEC3    96.8   11.5 -1 -1    0.00    0.00
A08A   330.3   87.6  1  1    0.00    0.00
A09A   301.6  100.5  1  1    0.00    0.00
A10A    42.5   88.1  1 -1    0.00    0.00
A11A   288.3   93.3  1  1    0.00    0.00
A12A   233.1   89.6 -1 -1    0.00    0.00
A13A   166.1   84.6  1  1    0.00    0.00
A14A   206.3   92.5  1 -1    0.00    0.00
AAS1   257.2   53.8  0  0   -0.71    0.92
AAS2   263.5   75.9  0  0    0.16    1.16
ACC1   314.1   81.1  0  0   -0.10    1.26
AEC1     5.9   56.2  0  0   -0.02    0.32
AEC2    58.6   31.5  0  0   -0.73    0.81
AEC3    96.8   11.5  0  0   -0.64    2.70
A08A   330.3   87.6  0  0   -0.41    1.93
A10A    42.5   88.1  0  0   -1.36    1.74
A11A   288.3   93.3  0  0    0.00    0.00
A12A   233.1   89.6  0  0   -0.06    2.43
A13A   166.1   84.6  0  0    0.00    0.00
A14A   206.3   92.5  0  0    0.25    1.70
             609  17   9   8 1
AAS1   224.8   50.8  1  1    0.00    0.00
ACC1   305.3   65.0  1  1    0.00    0.00
AEC1    32.1   31.9 -1 -1    0.00    0.00
AEC3   145.5   35.6  1 -1    0.00    0.00
A07A   310.0   86.6  1  1    0.00    0.00
A08A   327.8   72.6  1  1    0.00    0.00
A09A   297.4   95.6  1  1    0.00    0.00
A10A    55.2   78.7  1 -1    0.00    0.00
A14A   199.6   89.9  1 -1    0.00    0.00
AAS1   224.8   50.8  0  0   -0.55    0.51
ACC1   305.3   65.0  0  0   -0.39    0.80
AEC1    32.1   31.9  0  0   -0.21    0.57
AEC3   145.5   35.6  0  0   -0.05    0.56
A08A   327.8   72.6  0  0   -0.02    0.90
A09A   297.4   95.6  0  0    0.00    0.00
A10A    55.2   78.7  0  0   -0.63    1.06
A14A   199.6   89.9  0  0   -0.29    2.72
             610  26  13  13 1
AAS1   317.3   59.4  1  1    0.00    0.00
AAS2   294.1   82.1  1  1    0.00    0.00
AEC1    15.6   89.6 -1 -1    0.00    0.00
AEC2    38.0   79.0  1 -1    0.00    0.00
AEC3    36.4   67.0  1 -1    0.00    0.00
AID1    92.0   48.6  1  1    0.00    0.00
A04A   326.7  111.4  1  1    0.00    0.00
A06A   343.0  109.5 -1 -1    0.00    0.00
A07A   326.7  107.3  1  1    0.00    0.00
A08A   344.4  101.4 -1 -1    0.00    0.00
A10A    38.4  103.5 -1 -1    0.00    0.00
A13A   146.0   87.1  1  1    0.00    0.00
A14A   206.2   94.6 -1 -1    0.00    0.00
AAS1   317.3   59.4  0  0   -0.77    0.66
AAS2   294.1   82.1  0  0   -0.32    1.37
AEC1    15.6   89.6  0  0   -0.46    2.33
AEC2    38.0   79.0  0  0   -0.19    1.07
AEC3    36.4   67.0  0  0    0.00    0.69
AID1    92.0   48.6  0  0   -0.37    1.71
A04A   326.7  111.4  0  0    0.00    0.00
A06A   343.0  109.5  0  0    0.00    0.00
A07A   326.7  107.3  0  0    0.00    0.00
A08A   344.4  101.4  0  0   -0.34    1.06
A10A    38.4  103.5  0  0   -1.25    1.03
A13A   146.0   87.1  0  0   -0.04    1.59
A14A   206.2   94.6  0  0    0.02    1.45
             611  13   8   5 1
ACC1   229.3   49.7  1  1    0.00    0.00
AEC1   150.1   54.2 -1 -1    0.00    0.00
AEC2   152.9   70.9  1 -1    0.00    0.00
AEC3   161.6   73.2 -1 -1    0.00    0.00
A07A   279.5   69.1  1  1    0.00    0.00
A08A   266.5   31.2  1  1    0.00    0.00
A10A    98.4   72.7  1  1    0.00    0.00
A11A   245.3   78.6  1  1    0.00    0.00
AEC1   150.1   54.2  0  0   -0.44    0.37
AEC3   161.6   73.2  0  0   -0.45    0.88
A07A   279.5   69.1  0  0   -0.77    1.21
A08A   266.5   31.2  0  0   -0.57    2.03
A11A   245.3   78.6  0  0    0.00    0.00
             612  13   8   5 1
ACC1   231.1   48.9  1 -1    0.00    0.00
AEC1   149.6   53.0  1  1    0.00    0.00
AEC2   152.7   70.1  1  1    0.00    0.00
AEC3   161.5   72.5  1  1    0.00    0.00
A05A    43.7   46.7  1 -1    0.00    0.00
A07A   280.6   69.1  1  1    0.00    0.00
A10A    97.5   72.3  1  1    0.00    0.00
A11A   246.1   78.4  1  1    0.00    0.00
AEC1   149.6   53.0  0  0   -0.42    0.39
AEC3   161.5   72.5  0  0   -0.30    0.86
A05A    43.7   46.7  0  0    0.16    0.48
A07A   280.6   69.1  0  0   -0.53    1.31
A11A   246.1   78.4  0  0    0.00    0.00
             613  20  10  10 1
ACC1   231.6   51.0  1  1    0.00    0.00
AEC1   150.3   54.4 -1 -1    0.00    0.00
AEC2   153.1   71.7 -1 -1    0.00    0.00
AEC3   162.0   74.0 -1 -1    0.00    0.00
A03A   358.5   73.2 -1 -1    0.00    0.00
A05A    43.0   47.9  1 -1    0.00    0.00
A07A   280.5   71.1  1  1    0.00    0.00
A08A   269.9   33.4  1  1    0.00    0.00
A10A    97.5   73.7  1  1    0.00    0.00
A11A   246.3   80.1  1  1    0.00    0.00
ACC1   231.6   51.0  0  0   -0.79    0.65
AEC1   150.3   54.4  0  0   -0.47    0.37
AEC2   153.1   71.7  0  0   -0.31    0.83
AEC3   162.0   74.0  0  0   -0.38    0.90
A03A   358.5   73.2  0  0   -0.58    0.89
A05A    43.0   47.9  0  0    0.28    0.51
A07A   280.5   71.1  0  0    0.27    1.18
A08A   269.9   33.4  0  0   -0.44    2.50
A10A    97.5   73.7  0  0   -0.82    1.29
A11A   246.3   80.1  0  0   -0.40    1.23
             614  19  10   9 1
ACC1   230.1   48.6  1  1    0.00    0.00
AEC3   161.7   72.0  1  1    0.00    0.00
A04A   301.7   84.3  1  1    0.00    0.00
A05A    44.6   45.3  1 -1    0.00    0.00
A06A   320.2   64.6  1  1    0.00    0.00
A07A   279.9   68.2  1  1    0.00    0.00
A08A   267.7   30.8  1  1    0.00    0.00
A09A   277.4   86.0  1  1    0.00    0.00
A10A    98.1   71.5  1  1    0.00    0.00
A11A   245.6   77.7  1  1    0.00    0.00
AEC3   161.7   72.0  0  0   -0.21    0.84
A04A   301.7   84.3  0  0   -0.22    1.50
A05A    44.6   45.3  0  0    0.03    0.41
A06A   320.2   64.6  0  0   -0.40    0.73
A07A   279.9   68.2  0  0    0.10    2.01
A08A   267.7   30.8  0  0   -0.62    1.42
A09A   277.4   86.0  0  0    0.00    0.00
A10A    98.1   71.5  0  0   -0.94    2.92
A11A   245.6   77.7  0  0   -0.45    1.11
             615  15   8   7 1
ACC1   231.6   48.7  1  1    0.00    0.00
AEC1   149.3   52.7 -1 -1    0.00    0.00
A04A   302.3   85.1  1  1    0.00    0.00
A05A    43.2   47.0  1 -1    0.00    0.00
A06A   320.9   66.0  1  1    0.00    0.00
A07A   280.9   69.2  1  1    0.00    0.00
A08A   271.0   31.4  1  1    0.00    0.00
A10A    97.1   72.3  1 -1    0.00    0.00
AEC1   149.3   52.7  0  0   -0.60    0.45
A04A   302.3   85.1  0  0   -0.16    1.61
A05A    43.2   47.0  0  0    0.18    0.38
A06A   320.9   66.0  0  0   -0.28    0.76
A07A   280.9   69.2  0  0    0.07    1.78
A08A   271.0   31.4  0  0   -0.67    1.58
A10A    97.1   72.3  0  0   -0.88    2.14
             616  16   9   7 1
AAS1   325.7   61.5 -1 -1    0.00    0.00
AAS2   300.3   80.4  1 -1    0.00    0.00
AEC1    15.1   89.5  1  1    0.00    0.00
AEC2    34.9   79.7  1  1    0.00    0.00
AEC3    32.4   69.5  1  1    0.00    0.00
AID1    76.8   48.4  1  1    0.00    0.00
A08A   345.6  100.9  1  1    0.00    0.00
A12A   249.2   86.3  1  1    0.00    0.00
A14A   207.6   89.7 -1  1    0.00    0.00
AAS1   325.7   61.5  0  0    0.00    0.62
AAS2   300.3   80.4  0  0   -0.08    1.23
AEC1    15.1   89.5  0  0   -0.26    2.29
AEC3    32.4   69.5  0  0   -0.26    0.77
AID1    76.8   48.4  0  0    0.00    0.00
A12A   249.2   86.3  0  0   -0.13    1.71
A14A   207.6   89.7  0  0   -0.41    3.00
             617  16   8   8 1
A01A    38.2   80.5  1 -1    0.00    0.00
A02A   264.3   11.7  1 -1    0.00    0.00
A03A   108.7   82.0  1  1    0.00    0.00
A04A   231.7   74.2 -1 -1    0.00    0.00
A05A   128.2   97.1  1  1    0.00    0.00
A06A   154.6   74.7  1  1    0.00    0.00
A08A   157.5   95.3  1  1    0.00    0.00
A09A   219.9   95.0 -1 -1    0.00    0.00
A01A    38.2   80.5  0  0   -0.48    1.13
A02A   264.3   11.7  0  0    0.10    2.48
A03A   108.7   82.0  0  0   -0.59    1.21
A04A   231.7   74.2  0  0    0.01    0.99
A05A   128.2   97.1  0  0    0.00    0.00
A06A   154.6   74.7  0  0    0.11    0.91
A08A   157.5   95.3  0  0   -0.47    1.48
A09A   219.9   95.0  0  0   -0.50    1.38
             618  19  10   9 1
ACC1   164.2   92.3  1  1    0.00    0.00
A01A    43.9   71.2  1 -1    0.00    0.00
A02A   194.6    9.6  1  1    0.00    0.00
A03A   111.4   75.9  1  1    0.00    0.00
A04A   224.8   65.4 -1 -1    0.00    0.00
A05A   128.9   90.4  1  1    0.00    0.00
A06A   153.2   69.6  1  1    0.00    0.00
A07A   181.6   82.8 -1 -1    0.00    0.00
A09A   216.5   87.1 -1 -1    0.00    0.00
A10A   127.8   97.8 -1  1    0.00    0.00
A01A    43.9   71.2  0  0   -0.22    0.82
A02A   194.6    9.6  0  0   -0.21    1.17
A03A   111.4   75.9  0  0   -0.86    1.07
A04A   224.8   65.4  0  0    0.18    0.72
A05A   128.9   90.4  0  0    0.00    0.00
A06A   153.2   69.6  0  0    0.25    0.77
A07A   181.6   82.8  0  0    0.00    0.00
A09A   216.5   87.1  0  0   -0.08    1.80
A10A   127.8   97.8  0  0    0.00    0.00
             619  17   9   8 1
AAS1   308.6   70.5  1  1    0.00    0.00
ACC1   326.1   90.7  1  1    0.00    0.00
AEC2     4.6   67.6  1  1    0.00    0.00
AEC3   353.6   59.9  1  1    0.00    0.00
AID1   344.7   25.2  1  1    0.00    0.00
A11A   303.3   95.9  1  1    0.00    0.00
A12A   260.6   85.4  1 -1    0.00    0.00
A13A   166.5   53.9 -1 -1    0.00    0.00
A14A   226.7   83.2 -1 -1    0.00    0.00
AAS1   308.6   70.5  0  0   -0.08    0.87
AEC2     4.6   67.6  0  0   -0.48    0.71
AEC3   353.6   59.9  0  0   -0.22    0.47
AID1   344.7   25.2  0  0   -0.23    0.66
A11A   303.3   95.9  0  0   -0.26    1.35
A12A   260.6   85.4  0  0   -0.06    1.60
A13A   166.5   53.9  0  0   -0.35    0.24
A14A   226.7   83.2  0  0   -0.03    1.36
             620  15   8   7 1
ACC1   168.4   92.7  1 -1    0.00    0.00
A01A    36.0   68.6  1  1    0.00    0.00
A02A   246.8   21.8  1  1    0.00    0.00
A03A   114.5   72.2  1 -1    0.00    0.00
A04A   232.1   71.2  1  1    0.00    0.00
A05A   131.9   89.8 -1 -1    0.00    0.00
A07A   188.1   84.1  1  1    0.00    0.00
A08A   161.5   88.5 -1 -1    0.00    0.00
A01A    36.0   68.6  0  0    0.50    0.75
A02A   246.8   21.8  0  0    0.19    1.26
A03A   114.5   72.2  0  0   -0.65    0.93
A04A   232.1   71.2  0  0    0.04    0.90
A05A   131.9   89.8  0  0   -0.23    2.13
A07A   188.1   84.1  0  0    0.00    0.00
A08A   161.5   88.5  0  0    0.00    0.00
             621  18   9   9 1
A01A    44.6   72.4  1  1    0.00    0.00
A02A   199.1   14.7  1  1    0.00    0.00
A03A   113.5   78.5  1 -1    0.00    0.00
A04A   224.1   69.7  1  1    0.00    0.00
A06A   155.2   73.1  1 -1    0.00    0.00
A07A   182.3   86.3 -1 -1    0.00    0.00
A08A   157.6   91.5 -1 -1    0.00    0.00
A09A   216.3   89.9  1  1    0.00    0.00
A10A   128.6   99.6 -1 -1    0.00    0.00
A01A    44.6   72.4  0  0    0.21    0.87
A02A   199.1   14.7  0  0   -0.18    0.99
A03A   113.5   78.5  0  0   -0.84    1.09
A04A   224.1   69.7  0  0   -0.21    0.83
A06A   155.2   73.1  0  0    0.26    0.87
A07A   182.3   86.3  0  0    0.18    1.60
A08A   157.6   91.5  0  0    0.04    2.14
A09A   216.3   89.9  0  0    0.26    2.39
A10A   128.6   99.6  0  0    0.00    0.00
             622  28  14  14 1
AAS1    98.2   68.2  1  1    0.00    0.00
AAS2   129.5   18.0 -1 -1    0.00    0.00
ACC1    15.9   85.6 -1 -1    0.00    0.00
AEC1    61.1   96.0  1  1    0.00    0.00
AEC3    88.4   93.3 -1  1    0.00    0.00
AID1   109.6   95.4  1  1    0.00    0.00
A02A   352.5  111.2 -1 -1    0.00    0.00
A03A    16.2  110.4  1 -1    0.00    0.00
A05A    34.7  106.0 -1 -1    0.00    0.00
A06A     2.3  106.1  1 -1    0.00    0.00
A09A   318.3  106.1 -1 -1    0.00    0.00
A10A    61.7  108.7  1  1    0.00    0.00
A12A   189.8   85.9  1 -1    0.00    0.00
A14A   169.7  100.5 -1 -1    0.00    0.00
AAS1    98.2   68.2  0  0   -0.48    1.25
AAS2   129.5   18.0  0  0   -0.50    1.08
ACC1    15.9   85.6  0  0   -0.09    1.49
AEC1    61.1   96.0  0  0   -0.14    1.48
AEC3    88.4   93.3  0  0   -0.10    2.32
AID1   109.6   95.4  0  0    0.13    1.56
A02A   352.5  111.2  0  0    0.00    0.00
A03A    16.2  110.4  0  0    0.00    0.00
A05A    34.7  106.0  0  0    0.00    0.00
A06A     2.3  106.1  0  0    0.00    0.00
A09A   318.3  106.1  0  0   -0.02    0.90
A10A    61.7  108.7  0  0    0.00    0.00
A12A   189.8   85.9  0  0    0.15    1.57
A14A   169.7  100.5  0  0   -0.41    1.14
             623  19  10   9 1
AAS1    96.4   74.1  1  1    0.00    0.00
AAS2   116.4   22.1 -1 -1    0.00    0.00
ACC1    17.2   90.6  1  1    0.00    0.00
AEC1    61.1   99.9  1  1    0.00    0.00
AEC2    81.3  100.4 -1  1    0.00    0.00
AEC3    87.8   97.8  1  1    0.00    0.00
A08A    17.4  100.2  1  1    0.00    0.00
A10A    61.7  111.4 -1  1    0.00    0.00
A12A   188.3   89.2  1  1    0.00    0.00
A14A   168.7  103.5  1  1    0.00    0.00
AAS1    96.4   74.1  0  0   -0.44    2.36
AAS2   116.4   22.1  0  0    0.00    0.00
AEC1    61.1   99.9  0  0    0.02    1.19
AEC2    81.3  100.4  0  0   -0.46    1.23
AEC3    87.8   97.8  0  0   -0.01    1.41
A08A    17.4  100.2  0  0    0.06    1.15
A10A    61.7  111.4  0  0    0.00    0.00
A12A   188.3   89.2  0  0    0.06    2.27
A14A   168.7  103.5  0  0   -0.44    1.01
             624  28  14  14 1
AAS1    98.3   69.3  1  1    0.00    0.00
AAS2   131.3   17.9 -1 -1    0.00    0.00
ACC1    15.6   87.1 -1 -1    0.00    0.00
AEC2    81.7   97.6 -1  1    0.00    0.00
AEC3    88.4   94.4 -1  1    0.00    0.00
AID1   109.6   96.5  1  1    0.00    0.00
A01A     5.3  114.3 -1 -1    0.00    0.00
A03A    16.1  111.2  1 -1    0.00    0.00
A05A    34.6  106.4 -1 -1    0.00    0.00
A07A   344.8  100.8 -1 -1    0.00    0.00
A09A   318.1  106.6 -1 -1    0.00    0.00
A10A    61.7  109.5  1  1    0.00    0.00
A12A   190.1   87.4  1 -1    0.00    0.00
A14A   169.9  101.5  1 -1    0.00    0.00
AAS1    98.3   69.3  0  0   -0.56    1.71
AAS2   131.3   17.9  0  0   -0.46    1.12
ACC1    15.6   87.1  0  0   -0.08    1.65
AEC2    81.7   97.6  0  0   -0.49    1.41
AEC3    88.4   94.4  0  0   -0.07    1.72
AID1   109.6   96.5  0  0    0.20    1.48
A01A     5.3  114.3  0  0    0.00    0.00
A03A    16.1  111.2  0  0    0.00    0.00
A05A    34.6  106.4  0  0    0.00    0.00
A07A   344.8  100.8  0  0    0.27    1.09
A09A   318.1  106.6  0  0   -0.17    0.89
A10A    61.7  109.5  0  0    0.00    0.00
A12A   190.1   87.4  0  0    0.10    1.79
A14A   169.9  101.5  0  0   -0.52    1.09
             625  16   8   8 1
AAS1   324.8   76.6  1  1    0.00    0.00
AAS2   300.2   93.9  1  1    0.00    0.00
AEC2    33.7   92.7 -1 -1    0.00    0.00
AEC3    30.9   83.1 -1 -1    0.00    0.00
A08A   345.2  110.0 -1  1    0.00    0.00
A12A   249.9   99.5 -1 -1    0.00    0.00
A13A   142.3   93.9  1  1    0.00    0.00
A14A   208.4  102.9 -1 -1    0.00    0.00
AAS1   324.8   76.6  0  0   -0.21    1.05
AAS2   300.2   93.9  0  0   -0.09    1.44
AEC2    33.7   92.7  0  0   -0.38    1.89
AEC3    30.9   83.1  0  0   -0.07    1.27
A08A   345.2  110.0  0  0    0.00    0.00
A12A   249.9   99.5  0  0    0.03    1.16
A13A   142.3   93.9  0  0   -0.51    1.71
A14A   208.4  102.9  0  0   -0.46    1.00
             626  24  12  12 1
AAS2   172.6   95.7 -1  1    0.00    0.00
ACC1   165.0   88.9  1  1    0.00    0.00
AEC1   147.5   93.8 -1  1    0.00    0.00
A01A    38.6   68.8  1  1    0.00    0.00
A03A   108.6   70.4  1  1    0.00    0.00
A04A   231.3   61.6 -1 -1    0.00    0.00
A05A   128.0   86.5  1  1    0.00    0.00
A06A   154.0   62.7  1  1    0.00    0.00
A07A   184.0   78.3  1  1    0.00    0.00
A08A   157.2   84.5  1  1    0.00    0.00
A09A   219.6   83.9 -1 -1    0.00    0.00
A14A   172.5  103.0 -1 -1    0.00    0.00
AAS2   172.6   95.7  0  0   -0.13    1.41
ACC1   165.0   88.9  0  0    0.00    0.00
AEC1   147.5   93.8  0  0    0.00    0.00
A01A    38.6   68.8  0  0   -0.31    0.77
A03A   108.6   70.4  0  0   -0.58    1.04
A04A   231.3   61.6  0  0   -0.27    0.68
A05A   128.0   86.5  0  0   -0.96    1.61
A06A   154.0   62.7  0  0    0.23    0.59
A07A   184.0   78.3  0  0    0.33    1.07
A08A   157.2   84.5  0  0    0.00    0.00
A09A   219.6   83.9  0  0   -0.53    1.38
A14A   172.5  103.0  0  0    0.00    0.00
             627  18  10   8 1
AAS1   327.9   66.2  1  1    0.00    0.00
AAS2   299.4   87.3  1  1    0.00    0.00
ACC1   337.7  102.1  1  1    0.00    0.00
AEC1    18.1   97.7  1  1    0.00    0.00
AEC2    39.4   89.1  1  1    0.00    0.00
AEC3    38.5   79.1  1  1    0.00    0.00
AID1    84.5   62.3  1 -1    0.00    0.00
A08A   346.9  106.3  1  1    0.00    0.00
A12A   245.9   94.6  1 -1    0.00    0.00
A13A   141.0   93.4  1  1    0.00    0.00
AAS1   327.9   66.2  0  0   -0.15    0.72
AAS2   299.4   87.3  0  0   -0.02    1.86
AEC1    18.1   97.7  0  0   -0.03    1.28
AEC3    38.5   79.1  0  0    0.01    1.09
AID1    84.5   62.3  0  0   -0.31    1.17
A08A   346.9  106.3  0  0    0.00    0.00
A12A   245.9   94.6  0  0   -0.26    1.44
A13A   141.0   93.4  0  0    0.07    1.70
             628  18   9   9 1
AAS1   328.4   66.5  1  1    0.00    0.00
AAS2   299.9   87.1  1  1    0.00    0.00
AEC2    39.1   89.0 -1  1    0.00    0.00
AEC3    38.1   79.1  1  1    0.00    0.00
AID1    83.5   62.0  1  1    0.00    0.00
A08A   346.9  106.0 -1 -1    0.00    0.00
A12A   246.3   94.3  1  1    0.00    0.00
A13A   140.8   93.0  1  1    0.00    0.00
A14A   204.6   98.5  1  1    0.00    0.00
AAS1   328.4   66.5  0  0   -0.17    0.73
AAS2   299.9   87.1  0  0    0.01    1.87
AEC2    39.1   89.0  0  0   -0.29    1.95
AEC3    38.1   79.1  0  0    0.15    1.08
AID1    83.5   62.0  0  0   -0.24    1.17
A08A   346.9  106.0  0  0   -0.27    0.90
A12A   246.3   94.3  0  0   -0.19    1.45
A13A   140.8   93.0  0  0    0.12    1.79
A14A   204.6   98.5  0  0   -0.08    1.20
             629  16   8   8 1
A01A    43.3   76.4  1 -1    0.00    0.00
A02A   136.6    3.8  1 -1    0.00    0.00
A03A   107.7   79.2  1  1    0.00    0.00
A04A   225.8   64.5 -1 -1    0.00    0.00
A05A   126.5   92.4  1  1    0.00    0.00
A06A   148.8   71.0  1  1    0.00    0.00
A08A   154.4   90.2  1  1    0.00    0.00
A09A   216.6   88.6 -1 -1    0.00    0.00
A01A    43.3   76.4  0  0    0.17    0.97
A02A   136.6    3.8  0  0    0.15    1.76
A03A   107.7   79.2  0  0   -0.54    1.22
A04A   225.8   64.5  0  0   -0.24    0.70
A05A   126.5   92.4  0  0    0.00    0.00
A06A   148.8   71.0  0  0   -0.07    0.81
A08A   154.4   90.2  0  0   -0.36    2.43
A09A   216.6   88.6  0  0    0.13    2.39
             630  18   9   9 1
AAS1   325.2   53.1 -1 -1    0.00    0.00
AAS2   298.0   74.9  1 -1    0.00    0.00
AEC2    39.2   75.7  1  1    0.00    0.00
AEC3    38.2   64.8  1  1    0.00    0.00
AID1    86.4   48.3  1  1    0.00    0.00
A07A   328.3  104.4  1 -1    0.00    0.00
A10A    38.9  102.2  1  1    0.00    0.00
A12A   245.5   83.3  1  1    0.00    0.00
A14A   204.8   88.4  1  1    0.00    0.00
AAS1   325.2   53.1  0  0   -0.17    0.52
AAS2   298.0   74.9  0  0   -0.08    1.07
AEC2    39.2   75.7  0  0   -0.37    0.96
AEC3    38.2   64.8  0  0   -0.30    0.64
AID1    86.4   48.3  0  0   -0.45    1.24
A07A   328.3  104.4  0  0    0.00    0.00
A10A    38.9  102.2  0  0    0.00    0.00
A12A   245.5   83.3  0  0   -0.24    1.40
A14A   204.8   88.4  0  0   -0.22    2.05
             631  16   8   8 1
A01A    43.5   79.5  1 -1    0.00    0.00
A02A   205.2   15.0  1  1    0.00    0.00
A03A   112.6   84.5  1  1    0.00    0.00
A04A   225.3   76.0 -1 -1    0.00    0.00
A06A   154.9   79.0  1  1    0.00    0.00
A07A   182.6   92.2  1 -1    0.00    0.00
A08A   157.5   97.2  1  1    0.00    0.00
A09A   216.9   96.1 -1 -1    0.00    0.00
A01A    43.5   79.5  0  0   -0.14    1.09
A02A   205.2   15.0  0  0    0.01    0.99
A03A   112.6   84.5  0  0   -0.86    1.34
A04A   225.3   76.0  0  0   -0.34    1.03
A06A   154.9   79.0  0  0   -0.35    1.07
A07A   182.6   92.2  0  0    0.18    1.83
A08A   157.5   97.2  0  0    0.00    0.00
A09A   216.9   96.1  0  0   -0.39    1.32
             632  16   8   8 1
A01A    48.0   66.4 -1 -1    0.00    0.00
A02A   196.9   24.2  1  1    0.00    0.00
A03A   118.5   76.4  1  1    0.00    0.00
A04A   221.0   70.5  1 -1    0.00    0.00
A05A   132.7   91.0  1  1    0.00    0.00
A06A   158.7   73.2 -1  1    0.00    0.00
A07A   183.1   85.3  1 -1    0.00    0.00
A09A   215.1   89.8 -1 -1    0.00    0.00
A01A    48.0   66.4  0  0    0.17    0.72
A02A   196.9   24.2  0  0   -0.09    0.68
A03A   118.5   76.4  0  0   -0.66    1.02
A04A   221.0   70.5  0  0   -0.11    0.84
A05A   132.7   91.0  0  0    0.02    4.20
A06A   158.7   73.2  0  0   -0.20    0.87
A07A   183.1   85.3  0  0    0.00    0.00
A09A   215.1   89.8  0  0    0.02    2.62
             633  21  11  10 1
AAS1   276.3   51.5  1  1    0.00    0.00
AAS2   274.0   73.1  1  1    0.00    0.00
ACC1   319.2   81.4  1  1    0.00    0.00
AEC3    24.0   20.1 -1 -1    0.00    0.00
AID1   162.0   30.8  1 -1    0.00    0.00
A02A   333.9  100.4  1  1    0.00    0.00
A07A   317.4   94.0  1  1    0.00    0.00
A08A   332.9   86.7  1  1    0.00    0.00
A09A   304.3   99.0  1  1    0.00    0.00
A10A    37.4   86.4  1 -1    0.00    0.00
A11A   293.2   91.9  1  1    0.00    0.00
AAS1   276.3   51.5  0  0   -0.49    1.65
AAS2   274.0   73.1  0  0   -0.17    1.92
AEC3    24.0   20.1  0  0   -0.19    0.83
AID1   162.0   30.8  0  0   -0.15    0.52
A02A   333.9  100.4  0  0    0.00    0.00
A07A   317.4   94.0  0  0    0.00    0.00
A08A   332.9   86.7  0  0   -0.41    1.72
A09A   304.3   99.0  0  0    0.00    0.00
A10A    37.4   86.4  0  0   -0.81    1.53
A11A   293.2   91.9  0  0    0.00    0.00
             634  15   8   7 1
ACC1   253.3   42.3  1  1    0.00    0.00
AEC1   142.2   36.4  1 -1    0.00    0.00
AEC2   149.6   58.5  1 -1    0.00    0.00
AEC3   160.8   61.4 -1 -1    0.00    0.00
A05A    27.7   50.9 -1 -1    0.00    0.00
A07A   290.5   68.8  1  1    0.00    0.00
A08A   298.3   36.6  1  1    0.00    0.00
A10A    86.5   66.5 -1 -1    0.00    0.00
ACC1   253.3   42.3  0  0   -0.29    0.99
AEC1   142.2   36.4  0  0    0.05    0.62
AEC3   160.8   61.4  0  0    0.05    0.54
A05A    27.7   50.9  0  0   -0.15    0.24
A07A   290.5   68.8  0  0   -0.55    1.05
A08A   298.3   36.6  0  0   -0.27    0.99
A10A    86.5   66.5  0  0   -0.74    1.30
             635  18   9   9 1
ACC1   253.9   43.2  1  1    0.00    0.00
AEC1   141.7   37.0  1  1    0.00    0.00
AEC2   149.4   59.4  1  1    0.00    0.00
AEC3   160.6   62.3  1  1    0.00    0.00
A05A    27.4   52.3 -1 -1    0.00    0.00
A07A   290.8   69.9  1  1    0.00    0.00
A08A   299.0   37.8  1  1    0.00    0.00
A10A    86.2   67.6 -1 -1    0.00    0.00
A11A   255.5   75.5  1 -1    0.00    0.00
ACC1   253.9   43.2  0  0   -0.43    1.01
AEC1   141.7   37.0  0  0   -0.27    0.61
AEC2   149.4   59.4  0  0   -0.78    0.53
AEC3   160.6   62.3  0  0   -0.08    0.57
A05A    27.4   52.3  0  0    0.17    0.28
A07A   290.8   69.9  0  0   -0.76    1.03
A08A   299.0   37.8  0  0   -0.46    0.95
A10A    86.2   67.6  0  0   -0.92    1.33
A11A   255.5   75.5  0  0   -0.34    1.09
             636  15   8   7 1
ACC1   249.5   46.6  1 -1    0.00    0.00
AEC1   143.3   42.9  1  1    0.00    0.00
AEC2   149.9   64.7  1  1    0.00    0.00
AEC3   160.7   67.5  1  1    0.00    0.00
A05A    30.0   54.4  1  1    0.00    0.00
A07A   289.2   72.7  1 -1    0.00    0.00
A08A   295.3   38.8  1 -1    0.00    0.00
A10A    88.3   71.5 -1 -1    0.00    0.00
ACC1   249.5   46.6  0  0   -0.23    0.84
AEC1   143.3   42.9  0  0   -0.32    0.54
AEC3   160.7   67.5  0  0   -0.29    0.71
A05A    30.0   54.4  0  0    0.34    0.32
A07A   289.2   72.7  0  0   -0.25    1.16
A08A   295.3   38.8  0  0   -0.72    1.08
A10A    88.3   71.5  0  0    0.00    0.00
             637  26  13  13 1
AAS1   195.6   66.9 -1 -1    0.00    0.00
ACC1   257.5   45.9  1  1    0.00    0.00
AEC1   139.9   37.1  1  1    0.00    0.00
AEC2   148.8   60.8  1  1    0.00    0.00
AID1   165.9   75.8  1 -1    0.00    0.00
A03A   356.3   77.8 -1 -1    0.00    0.00
A04A   307.2   87.8  1  1    0.00    0.00
A05A    25.6   56.3 -1 -1    0.00    0.00
A06A   325.9   73.4  1  1    0.00    0.00
A07A   292.1   73.2  1  1    0.00    0.00
A08A   301.9   41.9  1  1    0.00    0.00
A11A   256.9   78.1  1  1    0.00    0.00
A12A   207.9   86.0  1 -1    0.00    0.00
AAS1   195.6   66.9  0  0   -0.47    0.70
ACC1   257.5   45.9  0  0   -0.36    0.96
AEC1   139.9   37.1  0  0   -0.26    0.70
AEC2   148.8   60.8  0  0   -0.75    0.58
AID1   165.9   75.8  0  0    0.00    0.00
A03A   356.3   77.8  0  0   -0.91    1.06
A04A   307.2   87.8  0  0    0.00    0.00
A05A    25.6   56.3  0  0   -0.17    0.34
A06A   325.9   73.4  0  0   -0.01    0.94
A07A   292.1   73.2  0  0   -0.61    1.15
A08A   301.9   41.9  0  0   -0.33    0.95
A11A   256.9   78.1  0  0   -0.01    1.17
A12A   207.9   86.0  0  0   -0.38    1.62
             638  17   9   8 1
ACC1   163.9   93.2  1  1    0.00    0.00
A01A    43.3   73.3  1 -1    0.00    0.00
A02A   195.1    7.6  1  1    0.00    0.00
A03A   110.4   77.3  1  1    0.00    0.00
A04A   225.6   66.0 -1 -1    0.00    0.00
A05A   128.3   91.5 -1  1    0.00    0.00
A06A   152.3   70.5  1  1    0.00    0.00
A07A   181.4   83.9  1  1    0.00    0.00
A09A   216.8   88.1 -1 -1    0.00    0.00
A01A    43.3   73.3  0  0   -0.23    0.89
A02A   195.1    7.6  0  0    0.09    1.30
A03A   110.4   77.3  0  0   -0.74    1.06
A04A   225.6   66.0  0  0   -0.30    0.77
A05A   128.3   91.5  0  0    0.00    0.00
A06A   152.3   70.5  0  0    0.00    0.00
A07A   181.4   83.9  0  0    0.00    0.00
A09A   216.8   88.1  0  0   -0.41    2.12
             639  28  14  14 1
AAS2   172.6  103.7  1 -1    0.00    0.00
ACC1   165.0   99.2  1 -1    0.00    0.00
AEC1   147.4  102.2 -1  1    0.00    0.00
A01A    37.7   80.9  1 -1    0.00    0.00
A02A   278.8   11.0  1  1    0.00    0.00
A03A   107.6   81.7  1  1    0.00    0.00
A04A   232.7   73.1 -1 -1    0.00    0.00
A05A   127.6   96.7  1  1    0.00    0.00
A06A   153.7   73.6  1  1    0.00    0.00
A07A   184.2   89.6  1 -1    0.00    0.00
A08A   157.1   94.9 -1  1    0.00    0.00
A09A   220.2   94.6 -1 -1    0.00    0.00
A10A   127.0  103.6 -1  1    0.00    0.00
A14A   172.5  108.5 -1 -1    0.00    0.00
AAS2   172.6  103.7  0  0    0.00    0.00
ACC1   165.0   99.2  0  0    0.00    0.00
AEC1   147.4  102.2  0  0   -0.36    1.08
A01A    37.7   80.9  0  0   -0.19    1.17
A02A   278.8   11.0  0  0    0.31    2.14
A03A   107.6   81.7  0  0   -0.55    1.26
A04A   232.7   73.1  0  0   -0.39    0.93
A05A   127.6   96.7  0  0    0.00    0.00
A06A   153.7   73.6  0  0    0.06    0.89
A07A   184.2   89.6  0  0    0.37    2.53
A08A   157.1   94.9  0  0    0.00    0.00
A09A   220.2   94.6  0  0   -0.42    1.45
A10A   127.0  103.6  0  0    0.00    0.00
A14A   172.5  108.5  0  0    0.00    0.00
             640  18  10   8 1
AAS1   327.3   65.5  1 -1    0.00    0.00
AAS2   299.5   86.2  1 -1    0.00    0.00
ACC1   337.5  100.8 -1 -1    0.00    0.00
AEC1    17.5   95.9  1  1    0.00    0.00
AEC3    37.3   77.3  1  1    0.00    0.00
AID1    83.3   59.6  1  1    0.00    0.00
A05A    10.3  109.2  1  1    0.00    0.00
A07A   328.7  110.1 -1 -1    0.00    0.00
A13A   141.2   91.8  1 -1    0.00    0.00
A14A   205.0   97.1  1  1    0.00    0.00
AAS1   327.3   65.5  0  0   -0.16    0.70
AAS2   299.5   86.2  0  0   -0.25    1.71
AEC3    37.3   77.3  0  0   -0.48    1.02
AID1    83.3   59.6  0  0   -0.44    1.31
A05A    10.3  109.2  0  0    0.00    0.00
A07A   328.7  110.1  0  0    0.00    0.00
A13A   141.2   91.8  0  0   -0.14    2.14
A14A   205.0   97.1  0  0   -0.07    1.28
             641  18  10   8 1
AAS1   327.3   66.4  1  1    0.00    0.00
AAS2   299.8   86.5  1 -1    0.00    0.00
AEC1    17.1   96.1 -1  1    0.00    0.00
AEC2    38.0   87.5  1  1    0.00    0.00
AEC3    36.5   77.5  1  1    0.00    0.00
AID1    82.1   59.2  1  1    0.00    0.00
A04A   328.1  114.2 -1 -1    0.00    0.00
A08A   346.5  105.0  1  1    0.00    0.00
A12A   247.0   93.1  1  1    0.00    0.00
A14A   205.4   97.0  1  1    0.00    0.00
AAS1   327.3   66.4  0  0   -0.13    0.72
AAS2   299.8   86.5  0  0   -0.26    1.73
AEC1    17.1   96.1  0  0   -0.25    1.39
AEC3    36.5   77.5  0  0   -0.49    1.02
AID1    82.1   59.2  0  0   -0.45    1.16
A04A   328.1  114.2  0  0    0.00    0.00
A12A   247.0   93.1  0  0   -0.32    1.57
A14A   205.4   97.0  0  0   -0.21    1.29
             642  14   8   6 1
AEC1   154.9   86.9  1  1    0.00    0.00
AEC2   155.7   96.8  1  1    0.00    0.00
A04A   294.9  101.0 -1 -1    0.00    0.00
A07A   264.8   87.7 -1 -1    0.00    0.00
A08A   224.5   56.0  1 -1    0.00    0.00
A09A   269.4  104.6 -1 -1    0.00    0.00
A10A   109.6   95.2  1 -1    0.00    0.00
A11A   235.2   99.2 -1 -1    0.00    0.00
AEC1   154.9   86.9  0  0   -0.32    1.57
A04A   294.9  101.0  0  0   -0.48    1.09
A07A   264.8   87.7  0  0   -0.65    2.30
A08A   224.5   56.0  0  0   -0.14    0.58
A09A   269.4  104.6  0  0    0.00    0.00
A11A   235.2   99.2  0  0    0.00    0.00
             643  19  10   9 1
AAS1   325.7   58.9 -1 -1    0.00    0.00
AEC1    17.1   89.9  1  1    0.00    0.00
AEC2    38.3   80.5  1  1    0.00    0.00
AEC3    37.0   69.9  1  1    0.00    0.00
AID1    84.2   52.2  1  1    0.00    0.00
A03A   358.8  109.6  1  1    0.00    0.00
A07A   328.4  106.8  1 -1    0.00    0.00
A12A   246.4   87.3  1  1    0.00    0.00
A13A   142.0   85.2  1 -1    0.00    0.00
A14A   205.3   91.7  1  1    0.00    0.00
AAS1   325.7   58.9  0  0   -0.24    0.59
AEC1    17.1   89.9  0  0   -0.34    2.63
AEC3    37.0   69.9  0  0   -0.30    0.78
AID1    84.2   52.2  0  0   -0.48    1.14
A03A   358.8  109.6  0  0    0.00    0.00
A07A   328.4  106.8  0  0    0.00    0.00
A12A   246.4   87.3  0  0   -0.25    1.91
A13A   142.0   85.2  0  0    0.07    1.42
A14A   205.3   91.7  0  0   -0.40    1.85
             644  27  14  13 1
AAS1   324.7   59.5  1  1    0.00    0.00
AAS2   297.5   81.8  1  1    0.00    0.00
ACC1   336.8   97.3  1  1    0.00    0.00
AEC1    17.7   91.5  1  1    0.00    0.00
AEC2    39.6   82.4  1  1    0.00    0.00
AEC3    38.6   71.6  1  1    0.00    0.00
AID1    87.5   54.9  1 -1    0.00    0.00
A04A   327.7  111.9 -1  1    0.00    0.00
A06A   344.3  110.1  1  1    0.00    0.00
A07A   328.2  107.8  1  1    0.00    0.00
A08A   346.2  102.2  1  1    0.00    0.00
A10A    39.1  104.6 -1 -1    0.00    0.00
A11A   305.7  102.8  1  1    0.00    0.00
A14A   204.7   94.2  1  1    0.00    0.00
AAS1   324.7   59.5  0  0   -0.14    0.59
AAS2   297.5   81.8  0  0   -0.22    1.30
ACC1   336.8   97.3  0  0   -0.03    1.27
AEC1    17.7   91.5  0  0   -0.12    2.02
AEC3    38.6   71.6  0  0   -0.43    0.83
AID1    87.5   54.9  0  0   -0.40    1.31
A04A   327.7  111.9  0  0    0.00    0.00
A06A   344.3  110.1  0  0    0.00    0.00
A07A   328.2  107.8  0  0    0.00    0.00
A08A   346.2  102.2  0  0    0.00    0.00
A10A    39.1  104.6  0  0    0.00    0.00
A11A   305.7  102.8  0  0   -0.03    1.04
A14A   204.7   94.2  0  0   -0.42    1.51
             645  16   8   8 1
AAS1   235.9   48.1  1  1    0.00    0.00
AEC2    85.2   50.0  1 -1    0.00    0.00
AEC3   112.7   38.8 -1 -1    0.00    0.00
A08A   335.6   86.9 -1 -1    0.00    0.00
A09A   301.7  103.9 -1 -1    0.00    0.00
A10A    50.9   92.6  1  1    0.00    0.00
A11A   286.8   94.9 -1 -1    0.00    0.00
A12A   225.0   91.9  1  1    0.00    0.00
AAS1   235.9   48.1  0  0   -0.41    0.64
AEC2    85.2   50.0  0  0   -0.38    1.30
AEC3   112.7   38.8  0  0   -0.30    1.10
A08A   335.6   86.9  0  0   -0.51    1.74
A09A   301.7  103.9  0  0    0.00    0.00
A10A    50.9   92.6  0  0   -1.03    1.90
A11A   286.8   94.9  0  0   -0.07    1.43
A12A   225.0   91.9  0  0   -0.19    1.74
             646  22  12  10 1
AAS1   112.6   71.8  1 -1    0.00    0.00
AAS2   147.7   40.9  1  1    0.00    0.00
ACC1    25.0   76.1  1  1    0.00    0.00
AEC1    69.5   93.3 -1 -1    0.00    0.00
AEC3    96.6   92.5  1 -1    0.00    0.00
AID1   115.4   94.9 -1 -1    0.00    0.00
A02A   353.5  108.6 -1  1    0.00    0.00
A05A    39.3  103.6  1  1    0.00    0.00
A07A   346.0   94.3  1  1    0.00    0.00
A09A   316.3  102.6  1  1    0.00    0.00
A11A   306.1   77.1 -1 -1    0.00    0.00
A12A   184.3   87.4 -1  1    0.00    0.00
AAS1   112.6   71.8  0  0   -0.15    1.05
AAS2   147.7   40.9  0  0    0.03    0.50
AEC1    69.5   93.3  0  0    0.31    1.90
AEC3    96.6   92.5  0  0   -0.27    2.86
AID1   115.4   94.9  0  0   -0.00    1.63
A05A    39.3  103.6  0  0    0.00    0.00
A07A   346.0   94.3  0  0    0.13    1.48
A09A   316.3  102.6  0  0   -0.43    1.01
A11A   306.1   77.1  0  0    0.80    1.11
A12A   184.3   87.4  0  0   -0.10    1.74
             647  22  12  10 1
AAS1   309.8   52.0  1 -1    0.00    0.00
AAS2   290.1   76.3  1 -1    0.00    0.00
ACC1   332.3   91.4  1  1    0.00    0.00
AEC1    14.7   82.4  1  1    0.00    0.00
AEC2    38.6   69.8  1  1    0.00    0.00
AEC3    37.0   56.2  1  1    0.00    0.00
AID1   101.5   40.5  1  1    0.00    0.00
A09A   310.2  106.7  1  1    0.00    0.00
A11A   302.2   99.5  1  1    0.00    0.00
A12A   243.2   86.1  1  1    0.00    0.00
A13A   149.2   81.5  1  1    0.00    0.00
A14A   206.4   91.0  1  1    0.00    0.00
AAS1   309.8   52.0  0  0   -0.23    0.72
AAS2   290.1   76.3  0  0    0.06    1.19
AEC1    14.7   82.4  0  0   -0.17    1.27
AEC2    38.6   69.8  0  0   -0.69    0.79
AEC3    37.0   56.2  0  0   -0.53    0.43
AID1   101.5   40.5  0  0    0.00    0.00
A09A   310.2  106.7  0  0   -0.31    0.93
A12A   243.2   86.1  0  0   -0.23    1.63
A13A   149.2   81.5  0  0    0.00    0.00
A14A   206.4   91.0  0  0    0.02    2.10
             648  16   8   8 1
AAS1   307.5   50.7 -1 -1    0.00    0.00
AAS2   288.9   75.4  1 -1    0.00    0.00
AEC1    14.4   80.9  1  1    0.00    0.00
AEC2    38.7   67.7  1  1    0.00    0.00
AEC3    37.2   53.7  1  1    0.00    0.00
AID1   104.5   38.8  1  1    0.00    0.00
A12A   242.8   85.7  1  1    0.00    0.00
A14A   206.5   90.5  1  1    0.00    0.00
AAS1   307.5   50.7  0  0   -0.22    0.77
AAS2   288.9   75.4  0  0    0.00    0.00
AEC1    14.4   80.9  0  0   -0.34    1.18
AEC2    38.7   67.7  0  0   -0.61    0.72
AEC3    37.2   53.7  0  0   -0.59    0.37
AID1   104.5   38.8  0  0   -0.47    1.51
A12A   242.8   85.7  0  0   -0.53    1.62
A14A   206.5   90.5  0  0   -0.41    2.26
             649  22  11  11 1
A01A    44.0   74.4  1 -1    0.00    0.00
A02A   196.3   11.4  1  1    0.00    0.00
A03A   111.9   79.5  1  1    0.00    0.00
A04A   224.7   69.3 -1 -1    0.00    0.00
A05A   129.1   93.1  1  1    0.00    0.00
A06A   153.6   73.3  1  1    0.00    0.00
A07A   181.8   86.9 -1 -1    0.00    0.00
A08A   156.8   91.8  1  1    0.00    0.00
A09A   216.5   90.4 -1 -1    0.00    0.00
A10A   128.0  100.2  1  1    0.00    0.00
A14A   172.0  106.3  1  1    0.00    0.00
A01A    44.0   74.4  0  0   -0.52    0.91
A02A   196.3   11.4  0  0   -0.22    1.10
A03A   111.9   79.5  0  0   -0.60    1.14
A04A   224.7   69.3  0  0   -0.46    0.82
A05A   129.1   93.1  0  0    0.00    0.00
A06A   153.6   73.3  0  0   -0.10    0.87
A07A   181.8   86.9  0  0   -0.23    1.65
A08A   156.8   91.8  0  0    0.00    0.00
A09A   216.5   90.4  0  0   -0.48    2.11
A10A   128.0  100.2  0  0    0.00    0.00
A14A   172.0  106.3  0  0    0.00    0.00
             650  19  10   9 1
ACC1   165.1  105.6  1  1    0.00    0.00
A02A   268.9   13.7 -1 -1    0.00    0.00
A03A   108.3   89.8  1  1    0.00    0.00
A04A   231.9   82.7  1 -1    0.00    0.00
A05A   127.9  103.0  1  1    0.00    0.00
A06A   154.1   83.4  1  1    0.00    0.00
A07A   184.2   96.4 -1  1    0.00    0.00
A08A   157.3  101.4  1  1    0.00    0.00
A10A   127.2  110.4  1  1    0.00    0.00
A11A   189.9  107.5  1  1    0.00    0.00
A02A   268.9   13.7  0  0   -0.10    1.94
A03A   108.3   89.8  0  0   -0.57    2.21
A04A   231.9   82.7  0  0   -0.18    1.33
A05A   127.9  103.0  0  0    0.00    0.00
A06A   154.1   83.4  0  0    0.21    1.31
A07A   184.2   96.4  0  0    0.27    1.35
A08A   157.3  101.4  0  0   -0.37    1.10
A10A   127.2  110.4  0  0    0.00    0.00
A11A   189.9  107.5  0  0    0.00    0.00
             651  18   9   9 1
AAS2   172.4  106.7  1  1    0.00    0.00
A01A    36.0   85.1  1  1    0.00    0.00
A02A   312.1   14.9  1 -1    0.00    0.00
A03A   104.5   84.1  1  1    0.00    0.00
A04A   235.8   74.8  1  1    0.00    0.00
A05A   126.0   99.6  1  1    0.00    0.00
A06A   151.5   74.8  1  1    0.00    0.00
A07A   184.2   90.9 -1  1    0.00    0.00
A08A   156.2   96.9 -1  1    0.00    0.00
AAS2   172.4  106.7  0  0    0.00    0.00
A01A    36.0   85.1  0  0    0.16    1.43
A02A   312.1   14.9  0  0    0.04    1.21
A03A   104.5   84.1  0  0   -0.90    1.44
A04A   235.8   74.8  0  0   -0.01    0.98
A05A   126.0   99.6  0  0   -0.67    1.22
A06A   151.5   74.8  0  0    0.05    0.93
A07A   184.2   90.9  0  0    0.15    2.23
A08A   156.2   96.9  0  0   -0.15    1.35
             652  19  10   9 1
AAS2   301.1   76.2  1 -1    0.00    0.00
AEC1    18.8   88.4  1  1    0.00    0.00
AEC2    39.9   79.5  1  1    0.00    0.00
AEC3    39.1   69.5  1  1    0.00    0.00
AID1    82.8   53.6  1  1    0.00    0.00
A07A   329.4  105.4  1  1    0.00    0.00
A08A   347.6   99.7  1  1    0.00    0.00
A10A    39.2  103.6  1  1    0.00    0.00
A13A   139.5   83.0  1  1    0.00    0.00
A14A   203.8   88.8  1  1    0.00    0.00
AAS2   301.1   76.2  0  0   -0.07    1.08
AEC1    18.8   88.4  0  0    0.23    1.91
AEC3    39.1   69.5  0  0   -0.41    0.77
AID1    82.8   53.6  0  0    0.00    0.00
A07A   329.4  105.4  0  0    0.00    0.00
A08A   347.6   99.7  0  0    0.00    0.00
A10A    39.2  103.6  0  0    0.00    0.00
A13A   139.5   83.0  0  0    0.27    1.27
A14A   203.8   88.8  0  0   -0.20    2.20
             653  14   8   6 1
AAS1   336.8   94.6  1  1    0.00    0.00
AEC1     9.8  108.1  1 -1    0.00    0.00
AEC2    22.6  103.0 -1 -1    0.00    0.00
AEC3    18.2   97.4 -1 -1    0.00    0.00
AID1    35.1   79.8 -1 -1    0.00    0.00
A12A   269.3   99.9 -1  1    0.00    0.00
A13A   124.2   84.1  1  1    0.00    0.00
A14A   220.7   96.4 -1 -1    0.00    0.00
AAS1   336.8   94.6  0  0   -0.35    1.43
AEC3    18.2   97.4  0  0   -0.32    1.30
AID1    35.1   79.8  0  0    0.21    1.11
A12A   269.3   99.9  0  0   -0.01    1.28
A13A   124.2   84.1  0  0   -0.13    1.32
A14A   220.7   96.4  0  0   -0.14    1.30
             654  18   9   9 1
AAS1   324.7   61.2  1  1    0.00    0.00
AAS2   297.2   84.0  1 -1    0.00    0.00
AEC1    18.1   93.6  1  1    0.00    0.00
AEC2    40.2   84.8  1  1    0.00    0.00
AEC3    39.4   74.0  1  1    0.00    0.00
A05A    10.5  107.9 -1  1    0.00    0.00
A07A   328.2  108.9 -1 -1    0.00    0.00
A12A   244.7   92.0  1  1    0.00    0.00
A14A   204.3   96.3  1  1    0.00    0.00
AAS1   324.7   61.2  0  0   -0.52    0.62
AAS2   297.2   84.0  0  0   -0.08    1.46
AEC1    18.1   93.6  0  0    0.12    1.64
AEC2    40.2   84.8  0  0   -0.28    1.39
AEC3    39.4   74.0  0  0    0.10    0.90
A05A    10.5  107.9  0  0    0.06    0.85
A07A   328.2  108.9  0  0    0.00    0.00
A12A   244.7   92.0  0  0   -0.24    1.71
A14A   204.3   96.3  0  0   -0.30    1.33
             655  15   8   7 1
AAS1   307.5   62.4  1 -1    0.00    0.00
AAS2   290.6   83.3 -1 -1    0.00    0.00
ACC1   330.3   95.1  1 -1    0.00    0.00
AEC2    31.8   72.9  1  1    0.00    0.00
AEC3    27.1   59.3  1  1    0.00    0.00
AID1    96.4   34.2 -1 -1    0.00    0.00
A12A   246.4   90.8  1  1    0.00    0.00
A14A   210.0   93.8  1  1    0.00    0.00
AAS1   307.5   62.4  0  0   -0.24    0.77
AAS2   290.6   83.3  0  0    0.13    1.46
AEC2    31.8   72.9  0  0   -0.06    0.86
AEC3    27.1   59.3  0  0   -0.12    0.46
AID1    96.4   34.2  0  0   -0.14    2.06
A12A   246.4   90.8  0  0   -0.14    1.85
A14A   210.0   93.8  0  0   -0.23    1.51
             656  25  13  12 1
AAS1   339.2  102.2  1  1    0.00    0.00
AAS2   318.8  107.5  1  1    0.00    0.00
ACC1   340.8  115.3  1  1    0.00    0.00
AEC1     9.0  112.8 -1 -1    0.00    0.00
AEC2    20.3  108.1 -1 -1    0.00    0.00
AEC3    16.0  104.1 -1 -1    0.00    0.00
AID1    28.7   91.3 -1 -1    0.00    0.00
A05A     6.5  120.6  1 -1    0.00    0.00
A08A   347.4  117.3  1  1    0.00    0.00
A10A    29.2  117.9 -1 -1    0.00    0.00
A12A   275.8  103.7  1  1    0.00    0.00
A13A   114.3   87.8  1  1    0.00    0.00
A14A   226.3   98.1 -1 -1    0.00    0.00
AAS1   339.2  102.2  0  0    0.06    1.03
AAS2   318.8  107.5  0  0    0.14    0.86
AEC1     9.0  112.8  0  0   -0.43    0.70
AEC2    20.3  108.1  0  0   -0.42    0.86
AEC3    16.0  104.1  0  0   -0.29    0.99
AID1    28.7   91.3  0  0   -0.16    2.28
A05A     6.5  120.6  0  0    0.00    0.00
A08A   347.4  117.3  0  0    0.00    0.00
A10A    29.2  117.9  0  0    0.00    0.00
A12A   275.8  103.7  0  0   -0.05    1.76
A13A   114.3   87.8  0  0    0.38    1.61
A14A   226.3   98.1  0  0   -0.14    1.20
             657  25  13  12 1
AAS1   339.1  103.1  1  1    0.00    0.00
AAS2   318.9  108.3  1  1    0.00    0.00
ACC1   340.7  116.1  1  1    0.00    0.00
AEC1     8.8  113.6 -1 -1    0.00    0.00
AEC2    20.0  108.9 -1 -1    0.00    0.00
AEC3    15.6  104.9 -1 -1    0.00    0.00
AID1    28.0   92.7 -1 -1    0.00    0.00
A06A   345.4  122.1  1  1    0.00    0.00
A08A   347.3  118.0  1  1    0.00    0.00
A10A    29.0  118.5 -1 -1    0.00    0.00
A12A   276.1  104.5  1  1    0.00    0.00
A13A   113.9   88.9  1  1    0.00    0.00
A14A   226.9   99.0 -1 -1    0.00    0.00
AAS1   339.1  103.1  0  0   -0.17    0.99
AAS2   318.9  108.3  0  0    0.06    0.84
AEC1     8.8  113.6  0  0   -0.19    0.68
AEC2    20.0  108.9  0  0   -0.27    0.83
AEC3    15.6  104.9  0  0   -0.11    0.96
AID1    28.0   92.7  0  0   -0.30    1.83
A06A   345.4  122.1  0  0    0.00    0.00
A08A   347.3  118.0  0  0    0.00    0.00
A10A    29.0  118.5  0  0    0.00    0.00
A12A   276.1  104.5  0  0    0.04    1.71
A13A   113.9   88.9  0  0    0.64    1.77
A14A   226.9   99.0  0  0   -0.14    1.15
             658  17   9   8 1
AAS2   318.9  107.8  1  1    0.00    0.00
ACC1   340.6  115.4  1  1    0.00    0.00
AEC1     8.5  112.9 -1 -1    0.00    0.00
AEC2    19.7  108.3 -1 -1    0.00    0.00
AEC3    15.2  104.3 -1 -1    0.00    0.00
AID1    27.3   91.7 -1 -1    0.00    0.00
A10A    28.8  118.0  1 -1    0.00    0.00
A13A   113.4   87.1  1  1    0.00    0.00
A14A   227.5   98.1 -1 -1    0.00    0.00
AAS2   318.9  107.8  0  0    0.04    0.86
AEC1     8.5  112.9  0  0   -0.44    0.70
AEC2    19.7  108.3  0  0   -0.47    0.85
AEC3    15.2  104.3  0  0   -0.30    0.98
AID1    27.3   91.7  0  0   -0.28    2.15
A10A    28.8  118.0  0  0    0.00    0.00
A13A   113.4   87.1  0  0    0.37    1.53
A14A   227.5   98.1  0  0   -0.18    1.19
             659  16   8   8 1
AAS2   319.8  108.7  1  1    0.00    0.00
AEC2    19.6  109.4 -1 -1    0.00    0.00
AEC3    15.2  105.5 -1 -1    0.00    0.00
AID1    26.8   93.6 -1 -1    0.00    0.00
A05A     6.3  121.2  1 -1    0.00    0.00
A12A   277.7  104.6  1  1    0.00    0.00
A13A   111.0   88.4  1  1    0.00    0.00
A14A   228.4   98.4 -1 -1    0.00    0.00
AAS2   319.8  108.7  0  0   -0.12    0.82
AEC2    19.6  109.4  0  0   -0.49    0.82
AEC3    15.2  105.5  0  0   -0.29    0.94
AID1    26.8   93.6  0  0   -0.26    1.67
A05A     6.3  121.2  0  0    0.00    0.00
A12A   277.7  104.6  0  0   -0.49    1.52
A13A   111.0   88.4  0  0    0.32    1.68
A14A   228.4   98.4  0  0   -0.17    1.18
             660  16   8   8 1
AAS1   338.7  101.8  1 -1    0.00    0.00
AEC1     8.4  112.2 -1 -1    0.00    0.00
AEC2    19.4  107.6 -1 -1    0.00    0.00
AEC3    15.0  103.6 -1 -1    0.00    0.00
AID1    26.8   90.4 -1 -1    0.00    0.00
A08A   347.1  116.9 -1 -1    0.00    0.00
A10A    28.7  117.4 -1 -1    0.00    0.00
A14A   227.7   97.3 -1 -1    0.00    0.00
AAS1   338.7  101.8  0  0    0.35    1.06
AEC1     8.4  112.2  0  0   -0.04    0.72
AEC2    19.4  107.6  0  0   -0.28    0.87
AEC3    15.0  103.6  0  0   -0.22    1.00
AID1    26.8   90.4  0  0   -0.29    3.20
A08A   347.1  116.9  0  0    0.00    0.00
A10A    28.7  117.4  0  0    0.00    0.00
A14A   227.7   97.3  0  0   -0.21    1.27
             661  14   8   6 1
ACC1   340.8  115.2  1 -1    0.00    0.00
AEC2    19.3  108.3 -1 -1    0.00    0.00
AEC3    14.9  104.5 -1 -1    0.00    0.00
AID1    26.4   91.8 -1 -1    0.00    0.00
A10A    28.6  117.9 -1 -1    0.00    0.00
A12A   277.7  103.7  1  1    0.00    0.00
A13A   111.2   85.9  1  1    0.00    0.00
A14A   228.6   97.2 -1 -1    0.00    0.00
AEC3    14.9  104.5  0  0   -0.33    0.98
AID1    26.4   91.8  0  0   -0.15    2.07
A10A    28.6  117.9  0  0    0.00    0.00
A12A   277.7  103.7  0  0   -0.48    1.88
A13A   111.2   85.9  0  0    0.40    1.44
A14A   228.6   97.2  0  0   -0.22    1.24
             662  21  11  10 1
AAS1   339.2  103.4  1 -1    0.00    0.00
ACC1   340.8  116.3  1 -1    0.00    0.00
AEC1     9.0  113.9 -1 -1    0.00    0.00
AEC2    20.3  109.1 -1 -1    0.00    0.00
AEC3    16.0  105.1 -1 -1    0.00    0.00
AID1    28.7   93.1 -1 -1    0.00    0.00
A10A    29.2  118.7 -1 -1    0.00    0.00
A11A   315.7  117.9  1  1    0.00    0.00
A12A   275.8  104.7  1  1    0.00    0.00
A13A   114.3   89.9  1  1    0.00    0.00
A14A   226.3   99.5 -1 -1    0.00    0.00
AAS1   339.2  103.4  0  0    0.15    0.98
AEC1     9.0  113.9  0  0   -0.19    0.67
AEC2    20.3  109.1  0  0   -0.37    0.83
AEC3    16.0  105.1  0  0   -0.33    0.95
AID1    28.7   93.1  0  0   -0.27    1.76
A10A    29.2  118.7  0  0    0.00    0.00
A11A   315.7  117.9  0  0    0.35    0.65
A12A   275.8  104.7  0  0    0.10    1.73
A13A   114.3   89.9  0  0    0.48    1.98
A14A   226.3   99.5  0  0   -0.14    1.13
             663  16   8   8 1
AAS2   320.0  107.3  1  1    0.00    0.00
AEC2    19.8  108.0 -1 -1    0.00    0.00
AEC3    15.5  104.2 -1 -1    0.00    0.00
AID1    27.2   91.5 -1 -1    0.00    0.00
A10A    28.8  117.7  1 -1    0.00    0.00
A12A   277.8  103.1  1  1    0.00    0.00
A13A   110.8   85.6  1  1    0.00    0.00
A14A   228.1   96.5 -1 -1    0.00    0.00
AAS2   320.0  107.3  0  0    0.00    0.86
AEC2    19.8  108.0  0  0   -0.46    0.86
AEC3    15.5  104.2  0  0   -0.42    0.98
AID1    27.2   91.5  0  0   -0.07    2.20
A10A    28.8  117.7  0  0    0.00    0.00
A12A   277.8  103.1  0  0   -0.57    1.52
A13A   110.8   85.6  0  0    0.40    1.41
A14A   228.1   96.5  0  0   -0.04    1.28
             664  14   8   6 1
AAS2   319.0  108.1 -1  1    0.00    0.00
AEC1     8.1  113.0  1 -1    0.00    0.00
AEC2    19.0  108.4 -1 -1    0.00    0.00
AEC3    14.5  104.6 -1 -1    0.00    0.00
AID1    25.9   92.0 -1 -1    0.00    0.00
A10A    28.4  118.1  1 -1    0.00    0.00
A12A   277.2  104.2  1  1    0.00    0.00
A14A   228.7   98.0 -1 -1    0.00    0.00
AAS2   319.0  108.1  0  0    0.01    0.85
AEC3    14.5  104.6  0  0   -0.34    0.96
AID1    25.9   92.0  0  0    0.00    0.00
A10A    28.4  118.1  0  0    0.00    0.00
A12A   277.2  104.2  0  0   -0.19    1.56
A14A   228.7   98.0  0  0   -0.23    1.22
             665  15   8   7 1
AAS1   339.7  114.0  1  1    0.00    0.00
AAS2   319.2  117.5  1  1    0.00    0.00
AEC1     9.1  122.3 -1 -1    0.00    0.00
AEC2    20.4  118.2 -1 -1    0.00    0.00
AEC3    16.1  115.3 -1 -1    0.00    0.00
AID1    28.7  105.1 -1 -1    0.00    0.00
A05A     6.6  128.3  1 -1    0.00    0.00
A14A   226.4  111.5 -1 -1    0.00    0.00
AAS1   339.7  114.0  0  0    0.16    0.66
AAS2   319.2  117.5  0  0    0.26    0.65
AEC1     9.1  122.3  0  0   -0.08    0.39
AEC3    16.1  115.3  0  0   -0.03    0.63
AID1    28.7  105.1  0  0    0.17    0.97
A05A     6.6  128.3  0  0    0.36    0.09
A14A   226.4  111.5  0  0    0.19    0.75
             666  20  11   9 1
AAS1   339.4  101.9  1  1    0.00    0.00
AAS2   319.1  107.3  1  1    0.00    0.00
ACC1   340.8  115.0  1  1    0.00    0.00
AEC1     8.9  112.5 -1 -1    0.00    0.00
AEC2    20.2  107.9 -1 -1    0.00    0.00
AEC3    15.9  103.9 -1 -1    0.00    0.00
AID1    28.4   91.0 -1 -1    0.00    0.00
A10A    29.1  117.7 -1 -1    0.00    0.00
A12A   276.2  103.4  1  1    0.00    0.00
A13A   113.7   86.9  1  1    0.00    0.00
A14A   226.6   97.5 -1 -1    0.00    0.00
AAS1   339.4  101.9  0  0   -0.08    1.04
AAS2   319.1  107.3  0  0   -0.10    0.87
AEC1     8.9  112.5  0  0   -0.40    0.71
AEC3    15.9  103.9  0  0   -0.40    1.00
AID1    28.4   91.0  0  0   -0.28    2.64
A10A    29.1  117.7  0  0    0.00    0.00
A12A   276.2  103.4  0  0   -0.24    2.65
A13A   113.7   86.9  0  0    0.26    1.52
A14A   226.6   97.5  0  0   -0.27    1.22
             667  16   8   8 1
AAS1   305.1   66.3  1 -1    0.00    0.00
AEC3     7.4   54.9  1  1    0.00    0.00
AID1    56.4   12.7  1  1    0.00    0.00
A05A     2.2  100.5  1  1    0.00    0.00
A11A   301.6   99.9 -1 -1    0.00    0.00
A12A   252.3   88.5 -1 -1    0.00    0.00
A13A   159.2   70.9  1  1    0.00    0.00
A14A   217.3   89.3  1  1    0.00    0.00
AAS1   305.1   66.3  0  0    0.00    0.00
AEC3     7.4   54.9  0  0   -0.34    0.27
AID1    56.4   12.7  0  0    0.07    1.30
A05A     2.2  100.5  0  0   -0.04    1.12
A11A   301.6   99.9  0  0   -0.08    1.12
A12A   252.3   88.5  0  0    0.10    2.74
A13A   159.2   70.9  0  0   -0.07    0.80
A14A   217.3   89.3  0  0   -0.42    3.50
             668  15   8   7 1
A03A    10.8   68.6  1  1    0.00    0.00
A05A   101.1   61.9  1  1    0.00    0.00
A06A   296.7   60.8  1 -1    0.00    0.00
A07A   250.8   82.2  1  1    0.00    0.00
A08A   201.6   62.6  1  1    0.00    0.00
A09A   262.3  100.2  1  1    0.00    0.00
A10A   116.9   94.5 -1 -1    0.00    0.00
A11A   226.9   96.6  1  1    0.00    0.00
A03A    10.8   68.6  0  0   -0.48    0.74
A05A   101.1   61.9  0  0    0.12    1.67
A06A   296.7   60.8  0  0   -0.20    0.96
A07A   250.8   82.2  0  0   -0.50    1.33
A08A   201.6   62.6  0  0   -0.08    0.57
A09A   262.3  100.2  0  0    0.00    0.00
A11A   226.9   96.6  0  0   -0.52    1.29
             669  17   9   8 1
ACC1   199.1   73.5  1  1    0.00    0.00
AEC1   156.1   81.0  1  1    0.00    0.00
A02A   316.3   82.2  1  1    0.00    0.00
A03A    12.0   58.2  1  1    0.00    0.00
A04A   287.6   86.3  1  1    0.00    0.00
A06A   295.2   50.5  1  1    0.00    0.00
A07A   249.4   73.3  1  1    0.00    0.00
A08A   200.0   54.4  1 -1    0.00    0.00
A10A   117.5   86.4 -1  1    0.00    0.00
ACC1   199.1   73.5  0  0    0.24    0.90
AEC1   156.1   81.0  0  0   -0.26    1.18
A02A   316.3   82.2  0  0    0.16    1.30
A03A    12.0   58.2  0  0   -0.33    0.40
A04A   287.6   86.3  0  0   -0.06    1.69
A06A   295.2   50.5  0  0   -0.27    0.97
A07A   249.4   73.3  0  0   -0.43    0.99
A08A   200.0   54.4  0  0   -0.21    0.29
             670  20  10  10 1
ACC1   218.5   62.9  1 -1    0.00    0.00
AEC1   144.3   75.5  1  1    0.00    0.00
AEC2   148.9   89.5  1  1    0.00    0.00
AEC3   157.3   90.9  1  1    0.00    0.00
A02A   326.8   97.3  1  1    0.00    0.00
A04A   302.5   98.1 -1  1    0.00    0.00
A07A   278.3   81.3  1  1    0.00    0.00
A09A   276.4  100.1 -1  1    0.00    0.00
A10A    99.4   91.4  1  1    0.00    0.00
A11A   241.7   92.4  1  1    0.00    0.00
ACC1   218.5   62.9  0  0   -0.41    0.64
AEC1   144.3   75.5  0  0    0.08    0.96
AEC2   148.9   89.5  0  0   -0.68    2.20
AEC3   157.3   90.9  0  0   -0.49    2.36
A02A   326.8   97.3  0  0   -0.42    1.26
A04A   302.5   98.1  0  0   -0.43    1.23
A07A   278.3   81.3  0  0    0.46    1.47
A09A   276.4  100.1  0  0   -0.61    1.56
A10A    99.4   91.4  0  0   -0.74    2.37
A11A   241.7   92.4  0  0   -0.23    1.68
             671  18   9   9 1
AAS2   156.3   66.1  1 -1    0.00    0.00
ACC1    66.4   50.5  1  1    0.00    0.00
AEC1    90.8   85.4  1  1    0.00    0.00
AEC2   106.4   89.7  1  1    0.00    0.00
AEC3   113.6   88.6  1  1    0.00    0.00
A03A    27.1   95.1  1  1    0.00    0.00
A05A    52.9   91.5  1  1    0.00    0.00
A08A    44.3   70.1  1  1    0.00    0.00
A10A    78.7   96.7 -1  1    0.00    0.00
AAS2   156.3   66.1  0  0    0.12    0.68
ACC1    66.4   50.5  0  0    0.00    0.00
AEC1    90.8   85.4  0  0   -0.14    1.54
AEC2   106.4   89.7  0  0   -0.11    2.17
AEC3   113.6   88.6  0  0   -0.02    1.85
A03A    27.1   95.1  0  0    0.00    0.00
A05A    52.9   91.5  0  0   -0.44    2.14
A08A    44.3   70.1  0  0    0.15    0.80
A10A    78.7   96.7  0  0    0.00    0.00
             672  17   9   8 1
AAS1   332.1   73.9  1  1    0.00    0.00
AAS2   304.0   90.7  1  1    0.00    0.00
ACC1   338.7  104.7  1  1    0.00    0.00
AEC1    16.7  101.1 -1 -1    0.00    0.00
AEC2    35.9   92.9 -1 -1    0.00    0.00
AEC3    34.0   84.1 -1 -1    0.00    0.00
A12A   250.3   95.6  1 -1    0.00    0.00
A13A   138.1   92.6  1  1    0.00    0.00
A14A   206.4   99.2 -1 -1    0.00    0.00
AAS1   332.1   73.9  0  0   -0.49    0.94
AAS2   304.0   90.7  0  0   -0.06    1.87
AEC1    16.7  101.1  0  0    0.11    1.11
AEC2    35.9   92.9  0  0   -0.16    1.84
AEC3    34.0   84.1  0  0    0.04    1.34
A12A   250.3   95.6  0  0    0.07    1.34
A13A   138.1   92.6  0  0    0.13    1.97
A14A   206.4   99.2  0  0   -0.34    1.16
             673  14   8   6 1
ACC1   293.7   58.0  1  1    0.00    0.00
AEC1    75.4   24.6  1  1    0.00    0.00
AEC2   131.7   49.2  1  1    0.00    0.00
AEC3   152.6   51.5  1  1    0.00    0.00
A07A   305.4   84.3  1  1    0.00    0.00
A08A   323.5   65.4 -1  1    0.00    0.00
A10A    65.0   77.8  1 -1    0.00    0.00
A11A   272.3   84.3  1  1    0.00    0.00
AEC1    75.4   24.6  0  0   -0.09    1.28
AEC3   152.6   51.5  0  0   -0.59    0.33
A07A   305.4   84.3  0  0    0.01    1.52
A08A   323.5   65.4  0  0   -0.25    0.72
A10A    65.0   77.8  0  0    0.00    0.00
A11A   272.3   84.3  0  0    0.00    0.00
             674  19  10   9 1
AAS1   259.5   52.6  1  1    0.00    0.00
AAS2   265.0   76.2  1  1    0.00    0.00
ACC1   316.4   82.6  1  1    0.00    0.00
AEC3    82.4   16.3 -1 -1    0.00    0.00
AID1   161.3   49.0 -1 -1    0.00    0.00
A10A    42.8   90.6  1  1    0.00    0.00
A11A   289.5   94.6  1  1    0.00    0.00
A12A   233.2   90.7  1  1    0.00    0.00
A13A   164.3   85.8  1 -1    0.00    0.00
A14A   205.7   93.6  1  1    0.00    0.00
AAS1   259.5   52.6  0  0   -0.66    1.08
AAS2   265.0   76.2  0  0    0.06    1.28
AEC3    82.4   16.3  0  0   -0.61    1.64
AID1   161.3   49.0  0  0    0.16    0.19
A10A    42.8   90.6  0  0   -1.63    3.15
A11A   289.5   94.6  0  0   -0.51    1.46
A12A   233.2   90.7  0  0   -0.08    2.07
A13A   164.3   85.8  0  0    0.00    0.00
A14A   205.7   93.6  0  0    0.32    1.57
             675  18   9   9 1
AAS1   259.6   52.7  1  1    0.00    0.00
AAS2   265.0   76.2  1  1    0.00    0.00
ACC1   316.2   82.5  1  1    0.00    0.00
AEC2    57.0   36.6 -1 -1    0.00    0.00
AEC3    82.1   15.6 -1 -1    0.00    0.00
AID1   161.9   48.5 -1 -1    0.00    0.00
A10A    42.6   90.3  1  1    0.00    0.00
A13A   164.5   85.6  1 -1    0.00    0.00
A14A   205.9   93.4  1  1    0.00    0.00
AAS1   259.6   52.7  0  0   -0.69    1.08
AAS2   265.0   76.2  0  0    0.08    1.27
ACC1   316.2   82.5  0  0    0.09    1.31
AEC2    57.0   36.6  0  0   -0.54    0.76
AEC3    82.1   15.6  0  0   -0.78    1.64
AID1   161.9   48.5  0  0    0.16    0.18
A10A    42.6   90.3  0  0   -1.36    4.39
A13A   164.5   85.6  0  0    0.00    0.00
A14A   205.9   93.4  0  0   -0.05    1.60
             676  20  10  10 1
AAS1   294.0   68.4  1  1    0.00    0.00
AAS2   285.1   84.6  1  1    0.00    0.00
AEC1   357.0   80.2  1  1    0.00    0.00
AEC3   357.8   46.9 -1 -1    0.00    0.00
A08A   333.6   97.4  1  1    0.00    0.00
A10A    30.3   95.7  1  1    0.00    0.00
A11A   297.9  101.5  1  1    0.00    0.00
A12A   249.1   91.5 -1 -1    0.00    0.00
A13A   166.9   75.5  1  1    0.00    0.00
A14A   217.3   92.5  1  1    0.00    0.00
AAS1   294.0   68.4  0  0   -0.51    1.01
AAS2   285.1   84.6  0  0    0.00    0.00
AEC1   357.0   80.2  0  0   -0.20    1.16
AEC3   357.8   46.9  0  0   -0.42   -0.18
A08A   333.6   97.4  0  0   -0.40    1.26
A10A    30.3   95.7  0  0   -0.89    1.44
A11A   297.9  101.5  0  0    0.00    0.00
A12A   249.1   91.5  0  0   -0.20    1.81
A13A   166.9   75.5  0  0   -0.19    0.96
A14A   217.3   92.5  0  0   -0.51    1.68
             677  16   8   8 1
AAS1   329.0   71.3  1  1    0.00    0.00
AEC1     8.5   90.6  1  1    0.00    0.00
AEC2    22.5   80.6 -1 -1    0.00    0.00
AEC3    17.4   73.1 -1  1    0.00    0.00
AID1    39.4   47.4  1  1    0.00    0.00
A11A   310.0  101.8  1  1    0.00    0.00
A12A   262.4   83.4 -1 -1    0.00    0.00
A14A   218.3   82.1 -1 -1    0.00    0.00
AAS1   329.0   71.3  0  0    0.17    0.85
AEC1     8.5   90.6  0  0    0.01    2.44
AEC2    22.5   80.6  0  0   -0.19    1.16
AEC3    17.4   73.1  0  0   -0.12    0.88
AID1    39.4   47.4  0  0    0.24    0.44
A11A   310.0  101.8  0  0    0.00    0.00
A12A   262.4   83.4  0  0   -0.47    1.50
A14A   218.3   82.1  0  0    0.03    1.29
