               1 2022 10  7 13 29 49.860 L 1.000 X  45.95467 -129.98784   1.890 X  -9.000   0.300   0.200  -9.000    -18   -9   -9    7  49 -179   37 31  10 19 C  56 67   9 106 1  69 28
               2 2022 10  7 13 49 57.810 L 1.000 X  45.95500 -129.98816   1.960 X  -9.000   0.300   0.200  -9.000    -18   -9   -9  355  83 -177   32 30  10 28 B  65 70   9  94 1 112 28
               3 2022 10  7 14 37 57.090 L 1.000 X  45.95500 -129.98750   2.020 X  -9.000   0.300   0.200  -9.000    -18   -9   -9   31  53 -160   34 38   9 22 D  43 65   7 112 1 129 26
               4 2022 10  8  4  5  7.380 L 1.000 X  45.92500 -129.99117   0.900 X  -9.000   0.300   0.200  -9.000    -18   -9   -9  139  53  -92   36 29  10 40 B  69 45   9 160 1 100 62
               5 2022 10 11 18 56 49.040 L 1.000 X  45.93983 -130.01801   1.340 X  -9.000   0.300   0.200  -9.000    -18   -9   -9  298  36 -103   33 33  12 39 B  65 50  12 117 1  68 34
               6 2022 10 11 23 31 25.880 L 1.000 X  46.00117 -130.02750   1.370 X  -9.000   0.300   0.200  -9.000    -18   -9   -9  187  59 -143   30 30   8 16 B  75 41   7 190 1 116 71
               7 2022 10 14  6 24 36.370 L 1.000 X  45.92533 -129.98933   0.980 X  -9.000   0.300   0.200  -9.000    -18   -9   -9  272  57 -167   22 24   9 36 A  91 42   8 166 1 140 53
               8 2022 10 14 17 13  0.760 L 1.000 X  46.00017 -130.02716   1.560 X  -9.000   0.300   0.200  -9.000    -18   -9   -9  347  72  161   16 21  14 29 A  95 43  12 191 1  68 57
               9 2022 10 15  0  4 45.600 L 1.000 X  45.96900 -129.97350   0.500 X  -9.000   0.300   0.200  -9.000    -18   -9   -9  190   1  140   28 31  10 24 B  81 61  10 106 1 187 51
              10 2022 10 15  0 21 45.910 L 1.000 X  45.99467 -129.98300   0.500 X  -9.000   0.300   0.200  -9.000    -18   -9   -9  137  83  -90   38 41  11  9 D  46 82  10  66 1 243 51
              11 2022 10 15  0 22 16.180 L 1.000 X  45.97000 -129.97383   0.500 X  -9.000   0.300   0.200  -9.000    -18   -9   -9  297  83   87   33 31  11 22 B  68 70  10  99 1 209 51
              12 2022 10 15  0 47 16.750 L 1.000 X  45.99733 -129.98267   0.500 X  -9.000   0.300   0.200  -9.000    -18   -9   -9   59  88 -124   44 45   8 13 D  37 95   6  50 1 328 49
              13 2022 10 15  0 53 17.240 L 1.000 X  45.97133 -129.97450   0.630 X  -9.000   0.300   0.200  -9.000    -18   -9   -9  146  79  -87   41 46  10 19 C  54 65   9  95 1 189 61
              14 2022 10 15  0 53 46.920 L 1.000 X  45.99933 -129.98134   0.560 X  -9.000   0.300   0.200  -9.000    -18   -9   -9   97  86 -112   50 55   8 13 D  24 93   7   0 1 300 52
              15 2022 10 15  0 57 47.120 L 1.000 X  45.99650 -129.98351   0.500 X  -9.000   0.300   0.200  -9.000    -18   -9   -9  230  79  136   46 43   8  9 D  40 92   6  23 1 288 49
              16 2022 10 15  1 18 16.970 L 1.000 X  45.99567 -129.98784   0.500 X  -9.000   0.300   0.200  -9.000    -18   -9   -9  109  88  -88   37 36  11  0 C  53 84   9  51 1 261 49
              17 2022 10 15  1 22 16.680 L 1.000 X  45.99683 -129.98734   0.500 X  -9.000   0.300   0.200  -9.000    -18   -9   -9  218  39  172   42 40   8 25 D  43 96   6  24 1 330 49
              18 2022 10 15  1 24 16.630 L 1.000 X  45.99300 -129.99083   0.610 X  -9.000   0.300   0.200  -9.000    -18   -9   -9  102  79  -92   39 37   9 13 C  52 81   8  77 1 263 55
              19 2022 10 15  1 25 16.390 L 1.000 X  45.99967 -129.98500   0.590 X  -9.000   0.300   0.200  -9.000    -18   -9   -9  129  82  -96   45 47   9 17 D  42 77   8  78 1 109 55
              20 2022 10 15  1 31 16.240 L 1.000 X  45.97183 -129.97600   0.530 X  -9.000   0.300   0.200  -9.000    -18   -9   -9   53  10   14   43 44   9 26 D  44 65   8  97 1 193 36
              21 2022 10 15  1 32 15.900 L 1.000 X  45.98750 -129.96899   0.860 X  -9.000   0.300   0.200  -9.000    -18   -9   -9  306  30 -105   41 42   8 32 D  44 69   7 101 1 155 62
              22 2022 10 15  1 38 45.400 L 1.000 X  45.99866 -129.98567   0.500 X  -9.000   0.300   0.200  -9.000    -18   -9   -9  124  85  -84   39 39   8 28 C  53 86   7  63 1 270 49
              23 2022 10 15  1 42 45.090 L 1.000 X  45.99933 -129.98483   0.510 X  -9.000   0.300   0.200  -9.000    -18   -9   -9  334  10  -63   33 33  10 10 B  68 85   9  40 1 272 51
              24 2022 10 15  1 53 14.330 L 1.000 X  45.99883 -129.98750   0.500 X  -9.000   0.300   0.200  -9.000    -18   -9   -9  355   8  -28   33 36   9 21 B  64 87   7  56 1 139 49
              25 2022 10 15  2  6 13.320 L 1.000 X  45.99900 -129.98466   0.500 X  -9.000   0.300   0.200  -9.000    -18   -9   -9  269  80  140   43 41   8 13 D  38 89   7  39 1 290 49
              26 2022 10 15  5 19 11.620 L 1.000 X  45.92683 -129.98833   1.200 X  -9.000   0.300   0.200  -9.000    -18   -9   -9   83  55  -87   34 31  12  5 B  71 54  11 133 1  74 40
              27 2022 10 15 14 27 27.730 L 1.000 X  45.97250 -129.99451   1.090 X  -9.000   0.300   0.200  -9.000    -18   -9   -9   42  80 -172   28 35   8 27 B  75 30   6 200 1  77 63
              28 2022 10 16  5 45 17.690 L 1.000 X  45.92400 -129.98883   0.900 X  -9.000   0.300   0.200  -9.000    -18   -9   -9  169  87  168   27 28  10 13 B  79 51   8 142 1 129 67
              29 2022 10 17 10 17 26.740 L 1.000 X  45.93950 -130.01817   1.340 X  -9.000   0.300   0.200  -9.000    -18   -9   -9   94  68 -150   26 34  10 21 B  87 48   9 127 1 128 33
              30 2022 10 17 11 31 31.920 L 1.000 X  45.93383 -129.98083   1.450 X  -9.000   0.300   0.200  -9.000    -18   -9   -9  132  40 -117   33 25   8 20 B  75 56   7 153 1 126 22
              31 2022 10 21 11 51 48.420 L 1.000 X  45.92700 -129.98767   1.260 X  -9.000   0.300   0.200  -9.000    -18   -9   -9  225  37 -118   37 39  14 16 C  53 49  14 156 1  64 37
              32 2022 10 21 11 52  2.440 L 1.000 X  45.92683 -129.98750   1.220 X  -9.000   0.300   0.200  -9.000    -18   -9   -9  160  62  -82   20 18  13 17 A  96 50  13 143 1  81 37
              33 2022 10 22  9  0 24.520 L 1.000 X  45.92484 -129.99133   0.920 X  -9.000   0.300   0.200  -9.000    -18   -9   -9  308  35 -115   31 32   8 20 B  72 46   7 158 1 132 62
              34 2022 10 23  9 31 25.020 L 1.000 X  45.92583 -129.98750   1.100 X  -9.000   0.300   0.200  -9.000    -18   -9   -9  111  54  -94   46 47   9 36 D  38 51   8 136 1  96 41
              35 2022 10 24  1 29 52.660 L 1.000 X  46.00250 -130.02983   1.660 X  -9.000   0.300   0.200  -9.000    -18   -9   -9  322  57  140   42 41   8 18 C  51 45   7 124 1 127 60
              36 2022 10 24  1 30 13.480 L 1.000 X  46.00217 -130.02916   1.540 X  -9.000   0.300   0.200  -9.000    -18   -9   -9  150  83 -116   35 35   8 25 B  68 44   5 140 1  83 66
              37 2022 10 25  4 43 30.490 L 1.000 X  45.98900 -130.00833   1.910 X  -9.000   0.300   0.200  -9.000    -18   -9   -9   83  75  117   45 43   8 26 D  40 69   8  88 1  91 26
              38 2022 10 25  4 43 37.160 L 1.000 X  45.98917 -130.00800   1.950 X  -9.000   0.300   0.200  -9.000    -18   -9   -9   47  75  159   41 42  10 26 C  54 53   9  91 1  67 27
              39 2022 10 25  4 48 20.180 L 1.000 X  45.98883 -130.00734   1.580 X  -9.000   0.300   0.200  -9.000    -18   -9   -9  131  90  170   35 43   8  5 D  49 45   8 145 1  83 33
              40 2022 10 25  4 49 43.930 L 1.000 X  45.98933 -130.00867   1.690 X  -9.000   0.300   0.200  -9.000    -18   -9   -9   49  71 -170   52 64  12 53 D  19 50  11 128 1 101 30
              41 2022 10 25  4 50 22.970 L 1.000 X  45.98917 -130.00816   1.710 X  -9.000   0.300   0.200  -9.000    -18   -9   -9  274  83 -168   37 37   9 13 C  59 59   8 105 1 103 30
              42 2022 10 25  4 54 49.230 L 1.000 X  45.98883 -130.00766   1.800 X  -9.000   0.300   0.200  -9.000    -18   -9   -9   72  82  159   47 38   9 34 D  38 49   8 131 1  83 28
              43 2022 10 25  4 54 55.280 L 1.000 X  45.98933 -130.00850   1.660 X  -9.000   0.300   0.200  -9.000    -18   -9   -9  252  89 -153   39 34   8 15 C  52 65   7  92 1 101 31
              44 2022 10 25  4 55 40.060 L 1.000 X  45.98883 -130.00783   1.790 X  -9.000   0.300   0.200  -9.000    -18   -9   -9  147  88  161   41 43   9 27 D  44 55   9 131 1  65 28
              45 2022 10 25  4 56 27.570 L 1.000 X  45.98950 -130.00900   1.730 X  -9.000   0.300   0.200  -9.000    -18   -9   -9    3  63  120   55 51  13 26 D  31 48  10 147 1  66 30
              46 2022 10 25  4 56 36.840 L 1.000 X  45.98967 -130.00951   1.690 X  -9.000   0.300   0.200  -9.000    -18   -9   -9  261  82 -167   29 28  13 18 B  73 54  12 101 1  80 30
              47 2022 10 25  4 58 29.050 L 1.000 X  45.98917 -130.00934   1.790 X  -9.000   0.300   0.200  -9.000    -18   -9   -9   55  74  169   51 54   8 45 D  29 57   6 145 1 100 27
              48 2022 10 25  5  4 34.120 L 1.000 X  45.98883 -130.00717   1.620 X  -9.000   0.300   0.200  -9.000    -18   -9   -9  285  46  127   37 40  13 17 D  50 50  12 103 1 114 32
              49 2022 10 25  5  5 38.020 L 1.000 X  45.98883 -130.00751   1.760 X  -9.000   0.300   0.200  -9.000    -18   -9   -9   57  69 -175   38 34  12 33 C  68 57  11 123 1  63 29
              50 2022 10 25  5  7 29.750 L 1.000 X  45.98850 -130.00751   1.780 X  -9.000   0.300   0.200  -9.000    -18   -9   -9   59  78 -180   31 32  10 41 B  72 55  10 135 1  61 28
              51 2022 10 25  5  8 58.900 L 1.000 X  45.98850 -130.00734   1.730 X  -9.000   0.300   0.200  -9.000    -18   -9   -9   60  63 -175   44 40   9 42 D  48 57   8 115 1  88 29
              52 2022 10 25  5 15 45.960 L 1.000 X  45.98933 -130.00734   1.810 X  -9.000   0.300   0.200  -9.000    -18   -9   -9  265  85  -96   48 56   8 35 D  32 64   8  89 1 123 30
              53 2022 10 25  5 21 20.040 L 1.000 X  45.98750 -130.00700   1.690 X  -9.000   0.300   0.200  -9.000    -18   -9   -9   69  62 -172   58 59  10 42 D  27 58  10 107 1  77 28
              54 2022 10 25  5 24 40.440 L 1.000 X  45.98734 -130.00616   1.670 X  -9.000   0.300   0.200  -9.000    -18   -9   -9   48  53 -170   46 51  10 28 D  40 60   9  95 1 118 29
              55 2022 10 25  5 31 17.510 L 1.000 X  45.98750 -130.00616   1.750 X  -9.000   0.300   0.200  -9.000    -18   -9   -9   48  50 -142   44 43  13 46 D  44 51  12 154 1  87 28
              56 2022 10 25  5 33 16.460 L 1.000 X  45.98783 -130.00616   1.840 X  -9.000   0.300   0.200  -9.000    -18   -9   -9  159  57  136   44 47   9 21 D  50 52   8 121 1 119 33
              57 2022 10 25  5 34 25.050 L 1.000 X  45.98833 -130.00684   1.770 X  -9.000   0.300   0.200  -9.000    -18   -9   -9  116  76  134   48 51   8 37 D  33 53   7 145 1 145 29
              58 2022 10 25  5 36 55.740 L 1.000 X  45.98717 -130.00549   1.810 X  -9.000   0.300   0.200  -9.000    -18   -9   -9   75  38 -146   45 47  12 32 D  37 52   9 135 1  67 28
              59 2022 10 25  5 38  4.920 L 1.000 X  45.98767 -130.00583   1.920 X  -9.000   0.300   0.200  -9.000    -18   -9   -9  238  31  -83   26 28  11 40 B  82 56   9 110 1 124 33
              60 2022 10 25  5 38 38.530 L 1.000 X  45.98833 -130.00684   1.740 X  -9.000   0.300   0.200  -9.000    -18   -9   -9   79  37 -150   35 36  11 25 C  56 56  10 113 1  62 29
              61 2022 10 25  5 46 16.580 L 1.000 X  45.98750 -130.00633   1.810 X  -9.000   0.300   0.200  -9.000    -18   -9   -9   99  35  100   16 18  16 26 A  99 52  16 142 1  64 27
              62 2022 10 25  5 47 51.670 L 1.000 X  45.98700 -130.00616   1.710 X  -9.000   0.300   0.200  -9.000    -18   -9   -9   88  53  131   48 55  10 16 D  30 53   9 143 1 118 28
              63 2022 10 25  5 48  1.320 L 1.000 X  45.98850 -130.00534   2.090 X  -9.000   0.300   0.200  -9.000    -18   -9   -9   54  57  111   37 40   8 33 C  56 60   7 159 1 117 27
              64 2022 10 25  5 48 19.130 L 1.000 X  45.98767 -130.00583   1.650 X  -9.000   0.300   0.200  -9.000    -18   -9   -9  247  25 -157   49 48  10 41 D  54 57   8 129 1 117 31
              65 2022 10 25  5 48 43.710 L 1.000 X  45.98683 -130.00500   1.780 X  -9.000   0.300   0.200  -9.000    -18   -9   -9   51  62 -172   46 37  16 38 C  65 48  15 150 1  87 29
              66 2022 10 25  5 48 55.790 L 1.000 X  45.98734 -130.00500   1.900 X  -9.000   0.300   0.200  -9.000    -18   -9   -9  104  60  141   23 20   8 19 A  95 56   8 169 1 124 36
              67 2022 10 25  5 49  6.500 L 1.000 X  45.98717 -130.00484   1.840 X  -9.000   0.300   0.200  -9.000    -18   -9   -9   53  53 -121   38 36  13 40 C  59 54  13 162 1  69 29
              68 2022 10 25  5 49 55.850 L 1.000 X  45.98767 -130.00667   1.820 X  -9.000   0.300   0.200  -9.000    -18   -9   -9   60  42 -173   46 47   8 28 D  40 59   7 190 1 114 27
              69 2022 10 25  5 49 58.260 L 1.000 X  45.98683 -130.00450   1.790 X  -9.000   0.300   0.200  -9.000    -18   -9   -9   61  49 -165   50 57  11 47 D  43 52  10 162 1  95 31
              70 2022 10 25  5 51 11.190 L 1.000 X  45.98717 -130.00517   1.790 X  -9.000   0.300   0.200  -9.000    -18   -9   -9  133  87  150   28 35  10 31 B  67 53   9 146 1  86 29
              71 2022 10 25  5 51 26.270 L 1.000 X  45.98734 -130.00566   1.810 X  -9.000   0.300   0.200  -9.000    -18   -9   -9  259  82  167   49 38  11 28 D  33 54  11 151 1  66 28
              72 2022 10 25  5 51 47.570 L 1.000 X  45.98800 -130.00433   1.350 X  -9.000   0.300   0.200  -9.000    -18   -9   -9   38  51  174   57 61  13 32 D  27 47  11 165 1 121 42
              73 2022 10 25  5 51 54.060 L 1.000 X  45.98800 -130.00484   1.290 X  -9.000   0.300   0.200  -9.000    -18   -9   -9  139  90  141   35 40  12 31 C  59 42  11 180 1 119 48
              74 2022 10 25  5 52  7.350 L 1.000 X  45.98783 -130.00417   1.450 X  -9.000   0.300   0.200  -9.000    -18   -9   -9    4  74 -109   23 24  16 32 A  88 46  14 168 1 123 39
              75 2022 10 25  5 52 43.620 L 1.000 X  45.98583 -130.00433   1.720 X  -9.000   0.300   0.200  -9.000    -18   -9   -9  316  84 -125   39 47   8  0 D  44 52   8 138 1 125 36
              76 2022 10 25  5 54 47.640 L 1.000 X  45.98683 -130.00534   1.780 X  -9.000   0.300   0.200  -9.000    -18   -9   -9  214  82  106   44 41  12 22 C  53 52  12 153 1  99 28
              77 2022 10 25  5 55 22.200 L 1.000 X  45.98667 -130.00500   2.000 X  -9.000   0.300   0.200  -9.000    -18   -9   -9  216  73  106   33 23  14 12 B  75 59  13 115 1  70 25
              78 2022 10 25  5 56  8.200 L 1.000 X  45.98683 -130.00517   1.740 X  -9.000   0.300   0.200  -9.000    -18   -9   -9   18  90 -107   29 29  14 23 B  73 54  12 152 1  99 29
              79 2022 10 25  5 56 30.610 L 1.000 X  45.98734 -130.00650   1.750 X  -9.000   0.300   0.200  -9.000    -18   -9   -9   50  55   86   39 40  12 24 C  56 56  11 116 1  64 27
              80 2022 10 25  5 56 37.740 L 1.000 X  45.98700 -130.00583   1.660 X  -9.000   0.300   0.200  -9.000    -18   -9   -9   20  82 -119   31 34  10 26 B  65 60   8 119 1  97 29
              81 2022 10 25  5 58 40.390 L 1.000 X  45.98900 -130.00783   1.750 X  -9.000   0.300   0.200  -9.000    -18   -9   -9   48  65 -166   36 38  13 33 C  54 56  11 122 1  63 29
              82 2022 10 25  6  1  7.560 L 1.000 X  45.98550 -130.00284   1.770 X  -9.000   0.300   0.200  -9.000    -18   -9   -9  191  77 -149   41 51  12 70 D  42 47   8 137 1  89 32
              83 2022 10 25  6  3 20.950 L 1.000 X  45.98850 -130.00700   1.910 X  -9.000   0.300   0.200  -9.000    -18   -9   -9  211  37   65   48 50   9 38 D  34 65   8 107 1  63 27
              84 2022 10 25  6  9  1.050 L 1.000 X  45.98933 -130.00751   1.630 X  -9.000   0.300   0.200  -9.000    -18   -9   -9  187  79  130   33 36  14 24 B  69 46  12 135 1 104 33
              85 2022 10 25  6 10 47.520 L 1.000 X  45.98800 -130.00684   1.670 X  -9.000   0.300   0.200  -9.000    -18   -9   -9  157  80  132   35 41   9 20 C  60 55   7 121 1 167 34
              86 2022 10 25  7  2 51.440 L 1.000 X  45.98734 -130.00549   1.780 X  -9.000   0.300   0.200  -9.000    -18   -9   -9   65  49 -140   35 35   9 47 C  62 58   8 143 1 120 29
              87 2022 10 25  7 48 12.300 L 1.000 X  46.00067 -130.02684   1.450 X  -9.000   0.300   0.200  -9.000    -18   -9   -9  342  72  157   23 29   8 24 B  85 47   8 158 1 120 69
              88 2022 10 25  8  5 10.820 L 1.000 X  45.98633 -130.00517   1.790 X  -9.000   0.300   0.200  -9.000    -18   -9   -9  198  34 -173   54 57  15 28 D  48 53  14 135 1 101 27
              89 2022 10 25  8 12 51.170 L 1.000 X  45.98717 -130.00549   1.740 X  -9.000   0.300   0.200  -9.000    -18   -9   -9  196  26 -178   48 55  10 33 D  49 63  10 117 1 121 29
              90 2022 10 25  8 13 17.740 L 1.000 X  45.98633 -130.01033   2.060 X  -9.000   0.300   0.200  -9.000    -18   -9   -9   12  63  146   55 52  13 40 D  29 42  10 150 1 115 60
              91 2022 10 25  8 13 21.080 L 1.000 X  45.98700 -130.00549   1.770 X  -9.000   0.300   0.200  -9.000    -18   -9   -9   51  81 -143   40 35  11 51 D  40 52  11 165 1  68 28
              92 2022 10 25  8 13 56.010 L 1.000 X  45.98700 -130.00517   1.690 X  -9.000   0.300   0.200  -9.000    -18   -9   -9  350  73  -76   42 55  10 36 D  34 54  10 113 1  69 30
              93 2022 10 25  8 15 14.220 L 1.000 X  45.98700 -130.00433   1.940 X  -9.000   0.300   0.200  -9.000    -18   -9   -9   86  73 -158   39 28   9 11 C  60 64   8 143 1 101 28
              94 2022 10 25 19 48 59.080 L 1.000 X  45.97133 -129.99583   1.660 X  -9.000   0.300   0.200  -9.000    -18   -9   -9   12  61 -105   40 51   8 12 D  40 50   8 154 1  78 38
              95 2022 10 25 19 57 53.860 L 1.000 X  45.97100 -129.99567   1.560 X  -9.000   0.300   0.200  -9.000    -18   -9   -9   10  71 -126   34 39   8 25 C  55 41   5 149 1 121 51
              96 2022 10 26  6 23 46.570 L 1.000 X  45.99350 -130.00900   1.390 X  -9.000   0.300   0.200  -9.000    -18   -9   -9   60  78  171   50 48   8 25 D  36 51   6  95 1 148 50
              97 2022 10 26 16  5 37.140 L 1.000 X  46.00000 -130.02600   1.260 X  -9.000   0.300   0.200  -9.000    -18   -9   -9  209  54 -130   40 46  12 32 D  43 45  11 145 1  79 58
              98 2022 10 27  2 39 35.490 L 1.000 X  45.98883 -130.00566   1.560 X  -9.000   0.300   0.200  -9.000    -18   -9   -9  313  84  171   28 30  11 29 B  73 45  11 140 1 112 42
              99 2022 10 29  6 41 40.330 L 1.000 X  45.99567 -130.01601   1.840 X  -9.000   0.300   0.200  -9.000    -18   -9   -9  164  77 -169   60 66  10 44 D  21 51  10 117 1 127 38
             100 2022 10 29  6 42 48.230 L 1.000 X  45.99567 -130.01616   1.810 X  -9.000   0.300   0.200  -9.000    -18   -9   -9  235  84 -149   39 43   9 29 D  46 50   9 126 1 100 38
             101 2022 10 29  6 46 52.550 L 1.000 X  45.95133 -130.02583   1.600 X  -9.000   0.300   0.200  -9.000    -18   -9   -9  151  59  -88   27 27   8 15 B  88 36   6 160 1 114 48
             102 2022 10 29  8 20 33.730 L 1.000 X  45.93567 -129.98134   1.530 X  -9.000   0.300   0.200  -9.000    -18   -9   -9  103  51  -98   32 30   9 29 B  74 55   8 147 1  87 25
             103 2022 10 29  8 24 11.620 L 1.000 X  45.93550 -129.98183   1.460 X  -9.000   0.300   0.200  -9.000    -18   -9   -9  134  35 -131   25 28   9 25 B  82 44   8 165 1  88 22
             104 2022 10 29  8 27 49.070 L 1.000 X  45.93567 -129.98134   1.580 X  -9.000   0.300   0.200  -9.000    -18   -9   -9  350  87 -153   24 48  11 12 C  61 36  10 177 1  72 40
             105 2022 10 29  8 42 33.370 L 1.000 X  45.93567 -129.98183   1.580 X  -9.000   0.300   0.200  -9.000    -18   -9   -9  290  52  -82   32 36  14 28 B  61 46  13 150 1  54 22
             106 2022 10 29  8 47 40.400 L 1.000 X  45.93500 -129.98100   1.580 X  -9.000   0.300   0.200  -9.000    -18   -9   -9  122  88  135   43 36   9 13 D  50 50   8 149 1  95 20
             107 2022 10 29  9  7 44.980 L 1.000 X  45.93517 -129.98151   1.580 X  -9.000   0.300   0.200  -9.000    -18   -9   -9  359  61  -99   33 38  10  7 C  64 45  10 149 1  95 30
             108 2022 10 29  9 25 19.430 L 1.000 X  45.93517 -129.98199   1.460 X  -9.000   0.300   0.200  -9.000    -18   -9   -9  335  62 -102   28 34   8  0 B  69 42   7 168 1 164 38
             109 2022 10 29  9 29 23.480 L 1.000 X  45.93383 -129.98083   1.450 X  -9.000   0.300   0.200  -9.000    -18   -9   -9  116  41 -119   28 24   8 31 B  84 40   8 193 1  93 40
             110 2022 10 29  9 39 48.060 L 1.000 X  45.93433 -129.98151   1.500 X  -9.000   0.300   0.200  -9.000    -18   -9   -9  315  79 -139   37 40   9  9 D  47 50   7 156 1 115 21
             111 2022 10 29 23 56 10.880 L 1.000 X  45.93450 -129.98134   1.370 X  -9.000   0.300   0.200  -9.000    -18   -9   -9  165  28  -78   30 30   8 25 B  68 45   8 165 1 109 23
             112 2022 10 29 23 58 44.940 L 1.000 X  45.93400 -129.98033   1.430 X  -9.000   0.300   0.200  -9.000    -18   -9   -9  121  48 -132   44 45   9 38 C  62 52   8 148 1 128 22
             113 2022 10 30  0  2 45.280 L 1.000 X  45.93467 -129.98134   1.420 X  -9.000   0.300   0.200  -9.000    -18   -9   -9  134  38 -109   25 18  10  0 A  94 49   9 155 1 110 22
             114 2022 10 30  0 18 36.340 L 1.000 X  45.93433 -129.98100   1.440 X  -9.000   0.300   0.200  -9.000    -18   -9   -9  338  73 -135   26 43   8 29 B  65 49   5 144 1 221 22
             115 2022 10 30  1  3  8.950 L 1.000 X  45.93400 -129.98134   1.450 X  -9.000   0.300   0.200  -9.000    -18   -9   -9  191  29  -59   27 24   8 25 B  85 48   6 149 1 192 22
             116 2022 10 30  4 27 44.040 L 1.000 X  45.99650 -130.01517   1.900 X  -9.000   0.300   0.200  -9.000    -18   -9   -9  216  73 -127   48 49  10 28 D  52 59  10  69 1  86 37
             117 2022 10 30  4 37 54.380 L 1.000 X  45.93400 -129.98083   1.480 X  -9.000   0.300   0.200  -9.000    -18   -9   -9  344  86 -153   31 34  10 30 B  66 38   9 183 1  96 40
             118 2022 10 30  5  1 19.870 L 1.000 X  45.93450 -129.98100   1.430 X  -9.000   0.300   0.200  -9.000    -18   -9   -9  110  47 -127   18 21  12 11 A  98 42  11 182 1 118 22
             119 2022 10 30  7 36 24.690 L 1.000 X  45.93467 -129.98151   1.500 X  -9.000   0.300   0.200  -9.000    -18   -9   -9  118  44 -121   37 36   8 14 C  59 48   7 138 1 108 29
             120 2022 10 30  8 56 49.450 L 1.000 X  45.93583 -129.98033   1.580 X  -9.000   0.300   0.200  -9.000    -18   -9   -9  323  74 -119   42 37   8  9 C  55 57   7 105 1  89 20
             121 2022 10 30  9  9  9.000 L 1.000 X  45.93583 -129.98050   1.500 X  -9.000   0.300   0.200  -9.000    -18   -9   -9  197  28  -73   33 39   8 22 C  53 54   7 153 1  89 21
             122 2022 10 30 10 13 29.000 L 1.000 X  46.00000 -130.02617   1.370 X  -9.000   0.300   0.200  -9.000    -18   -9   -9  218  57 -118   38 43  10 18 C  57 42   8 149 1  96 59
             123 2022 10 31 23 59  5.920 L 1.000 X  45.96700 -129.99600   1.560 X  -9.000   0.300   0.200  -9.000    -18   -9   -9   30  55  -99   39 38   8 20 C  57 44   8 154 1 154 56
             124 2022 11  2 11 28 46.400 L 1.000 X  45.93117 -129.97749   1.280 X  -9.000   0.300   0.200  -9.000    -18   -9   -9  132  27  -87   50 56   8 51 D  25 54   5  59 1 103 35
             125 2022 11  3  9 11 41.680 L 1.000 X  45.93133 -129.97816   1.570 X  -9.000   0.300   0.200  -9.000    -18   -9   -9  175  31  -98   43 56   8 53 D  49 51   7 154 1 181 30
             126 2022 11  3  9 11 49.700 L 1.000 X  45.97667 -129.99651   1.640 X  -9.000   0.300   0.200  -9.000    -18   -9   -9   81  17  177   44 43   8 21 D  46 53   6 127 1 125 51
             127 2022 11  3  9 12 12.420 L 1.000 X  45.97683 -129.99683   1.820 X  -9.000   0.300   0.200  -9.000    -18   -9   -9  358  68 -123   39 40   8 35 D  43 66   6  97 1 146 47
             128 2022 11  3  9 14 51.700 L 1.000 X  45.97717 -129.99699   1.680 X  -9.000   0.300   0.200  -9.000    -18   -9   -9  341  71 -123   41 37   8  6 C  56 59   7 117 1 106 49
             129 2022 11  3  9 15  4.240 L 1.000 X  45.97667 -129.99683   1.500 X  -9.000   0.300   0.200  -9.000    -18   -9   -9    1  61 -129   18 21  12 34 A  96 41  10 162 1 101 55
             130 2022 11  3  9 15 11.370 L 1.000 X  45.97717 -129.99651   1.690 X  -9.000   0.300   0.200  -9.000    -18   -9   -9   24  55 -117   31 36   9 32 B  75 42   8 159 1 182 50
             131 2022 11  3  9 18 27.310 L 1.000 X  45.97783 -129.99667   1.810 X  -9.000   0.300   0.200  -9.000    -18   -9   -9   27  47 -113   22 30  11  6 B  87 58   9 130 1 108 46
             132 2022 11  3  9 19 34.060 L 1.000 X  45.97766 -129.99733   1.870 X  -9.000   0.300   0.200  -9.000    -18   -9   -9  248  48  -52   29 20  10 23 A  88 58  10 106 1 106 44
             133 2022 11  3  9 21 29.700 L 1.000 X  45.97800 -129.99667   1.830 X  -9.000   0.300   0.200  -9.000    -18   -9   -9    1  48 -129   13 17  10 23 A 100 56   8 150 1 108 45
             134 2022 11  3 10 28 27.930 L 1.000 X  45.97600 -129.99667   1.440 X  -9.000   0.300   0.200  -9.000    -18   -9   -9  326  46  -75   44 46  10 18 D  40 41   8 172 1  69 55
             135 2022 11  3 10 37 25.470 L 1.000 X  45.97650 -129.99651   1.690 X  -9.000   0.300   0.200  -9.000    -18   -9   -9  345  71 -120   44 56   8 11 D  30 49   7 138 1 161 48
             136 2022 11  3 10 39 35.010 L 1.000 X  45.97650 -129.99651   1.460 X  -9.000   0.300   0.200  -9.000    -18   -9   -9   83  32 -130   49 58  11 39 D  44 48  10 146 1  92 56
             137 2022 11  3 10 40  0.760 L 1.000 X  45.97633 -129.99667   1.600 X  -9.000   0.300   0.200  -9.000    -18   -9   -9  204  38  -81   47 69  10 47 D  43 49   8 139 1 106 51
             138 2022 11  3 10 40 10.130 L 1.000 X  45.97600 -129.99716   1.570 X  -9.000   0.300   0.200  -9.000    -18   -9   -9   52  82  178   32 36  11 22 B  66 50  11 143 1  99 51
             139 2022 11  3 10 45 46.840 L 1.000 X  45.97567 -129.99667   1.710 X  -9.000   0.300   0.200  -9.000    -18   -9   -9  241  80 -161   51 66  12 24 D  55 53  10 145 1 106 47
             140 2022 11  3 14  1 14.470 L 1.000 X  45.97700 -129.99750   1.190 X  -9.000   0.300   0.200  -9.000    -18   -9   -9  291  39  -98   43 47   8 17 D  33 40   5 163 1  91 62
             141 2022 11  3 14 40 20.450 L 1.000 X  45.97233 -129.99567   1.400 X  -9.000   0.300   0.200  -9.000    -18   -9   -9  294  69 -158   31 38   9 27 B  64 52   7 122 1  73 47
             142 2022 11  3 15  8 49.420 L 1.000 X  45.97233 -129.99583   1.620 X  -9.000   0.300   0.200  -9.000    -18   -9   -9  335  55 -127   32 40   9 16 C  59 54   7 130 1 103 41
             143 2022 11  3 20 52 45.400 L 1.000 X  46.00134 -130.02766   1.340 X  -9.000   0.300   0.200  -9.000    -18   -9   -9  131  86  172   46 47   8  0 D  34 47   8 147 1 183 71
             144 2022 11  6 17 13  1.120 L 1.000 X  46.00134 -130.03050   1.710 X  -9.000   0.300   0.200  -9.000    -18   -9   -9  347  81  145   46 41   8 49 D  41 53   8 120 1 131 54
             145 2022 11  7 18 28 13.680 L 1.000 X  45.92517 -129.99049   0.970 X  -9.000   0.300   0.200  -9.000    -18   -9   -9  135  51  -66   27 25  12  4 B  84 44  10 163 1 100 57
             146 2022 11  8  6 57 44.080 L 1.000 X  45.92550 -129.98584   1.010 X  -9.000   0.300   0.200  -9.000    -18   -9   -9   31  55 -118   37 33   9  0 C  63 49   8 150 1  77 39
             147 2022 11  8  8  7  7.350 L 1.000 X  45.96500 -129.99466   1.480 X  -9.000   0.300   0.200  -9.000    -18   -9   -9  123  71 -179   54 60   8 32 D  34 47   6 108 1 131 32
             148 2022 11 11 15 22 30.300 L 1.000 X  46.00050 -130.02850   1.680 X  -9.000   0.300   0.200  -9.000    -18   -9   -9    4  70  155   47 52   8 19 D  34 47   7 141 1  66 62
             149 2022 11 11 15 34 32.720 L 1.000 X  46.00017 -130.02850   1.700 X  -9.000   0.300   0.200  -9.000    -18   -9   -9  351  79  159   25 29  12 13 B  80 49  10 130 1  80 56
             150 2022 11 14  6 37 29.100 L 1.000 X  46.00050 -130.02850   1.230 X  -9.000   0.300   0.200  -9.000    -18   -9   -9  329  63 -149   38 39   9 26 C  56 38   9 199 1 176 65
             151 2022 11 15 13 30 23.450 L 1.000 X  45.92083 -129.98801   1.140 X  -9.000   0.300   0.200  -9.000    -18   -9   -9  186  78 -159   45 40   8 44 D  46 50   7 131 1  83 49
             152 2022 11 19  2 55 53.530 L 1.000 X  45.94267 -130.01733   1.340 X  -9.000   0.300   0.200  -9.000    -18   -9   -9  148  71 -161   35 33   9 28 B  65 50   8 118 1 111 45
             153 2022 11 20  0 19 28.070 L 1.000 X  45.92450 -129.99100   0.960 X  -9.000   0.300   0.200  -9.000    -18   -9   -9  151  84 -168   48 62   8 27 D  29 48   8 135 1 102 60
             154 2022 11 26  7  6 59.520 L 1.000 X  45.94217 -130.01833   1.360 X  -9.000   0.300   0.200  -9.000    -18   -9   -9  159  86 -171   37 35   8 14 C  61 44   8 123 1 162 43
             155 2022 11 27 15 18 57.510 L 1.000 X  46.00033 -130.02699   1.370 X  -9.000   0.300   0.200  -9.000    -18   -9   -9  225  56 -127   35 38  14 25 C  59 48  12 156 1  69 62
             156 2022 11 27 17 50 22.400 L 1.000 X  45.96283 -129.99516   1.380 X  -9.000   0.300   0.200  -9.000    -18   -9   -9  360  70 -113   38 38   9 34 D  50 45   7 171 1  82 33
             157 2022 12  7  5 30  0.200 L 1.000 X  46.00217 -130.02834   1.370 X  -9.000   0.300   0.200  -9.000    -18   -9   -9  356  85  173   39 39   9 26 D  49 43   9 155 1  82 63
             158 2022 12 30  9 11 49.410 L 1.000 X  45.97017 -129.99651   1.500 X  -9.000   0.300   0.200  -9.000    -18   -9   -9  157  81 -172   33 37   9 47 C  55 43   9 152 1 105 37
             159 2023  1  1 16 18 38.730 L 1.000 X  46.00333 -130.02434   1.440 X  -9.000   0.300   0.200  -9.000    -18   -9   -9  147  79  166   36 42  10 16 D  43 45  10 159 1  80 50
             160 2023  1  1 16 18 58.970 L 1.000 X  46.00350 -130.02467   1.500 X  -9.000   0.300   0.200  -9.000    -18   -9   -9  127  46  115   38 44   9 32 D  47 50   8 131 1 112 49
             161 2023  1  2 12 19 16.670 L 1.000 X  45.95833 -129.98883   1.770 X  -9.000   0.300   0.200  -9.000    -18   -9   -9    9  52 -158   37 43   8 12 D  33 66   7 116 1  87 40
             162 2023  1 10 22 26 20.560 L 1.000 X  45.92367 -129.97783   1.310 X  -9.000   0.300   0.200  -9.000    -18   -9   -9  112  66 -132   37 51   8 28 D  43 47   8 145 1  89 45
             163 2023  1 10 23 18 17.960 L 1.000 X  45.96500 -129.99634   1.270 X  -9.000   0.300   0.200  -9.000    -18   -9   -9  344  85 -157   50 44   8 30 D  41 30   6 192 1 113 35
             164 2023  1 15 23 43 32.320 L 1.000 X  46.00250 -130.02434   1.560 X  -9.000   0.300   0.200  -9.000    -18   -9   -9   79  67  176   33 37   9 43 B  84 42   9 166 1  75 51
             165 2023  1 16 22 27 22.200 L 1.000 X  45.92283 -129.99150   0.930 X  -9.000   0.300   0.200  -9.000    -18   -9   -9  271  53 -122   36 43  10 25 D  48 44   9 151 1  88 63
             166 2023  1 20  0 45 35.930 L 1.000 X  45.93983 -129.98666   0.860 X  -9.000   0.300   0.200  -9.000    -18   -9   -9  103  86 -179   29 32   8 10 B  79 66   8 144 1 110 64
             167 2023  1 21  8  6 33.110 L 1.000 X  45.92567 -129.99049   1.030 X  -9.000   0.300   0.200  -9.000    -18   -9   -9  156  62  -52   41 40   8 30 C  56 44   8 168 1  98 55
             168 2023  1 25 13 45 26.240 L 1.000 X  45.93967 -130.01750   1.430 X  -9.000   0.300   0.200  -9.000    -18   -9   -9  133  85 -129   20 22  16 16 A  92 44  16 129 1  56 31
             169 2023  1 25 20  9  1.000 L 1.000 X  45.93533 -130.01917   1.560 X  -9.000   0.300   0.200  -9.000    -18   -9   -9  144  66 -142   19 24   9 34 A  89 40   9 136 1 124 36
             170 2023  1 26  1 27  1.080 L 1.000 X  45.93983 -130.01817   1.350 X  -9.000   0.300   0.200  -9.000    -18   -9   -9  272  48 -165   33 32  13 22 B  73 43  13 137 1  95 34
             171 2023  1 26  9  3 15.420 L 1.000 X  45.93933 -130.01849   1.350 X  -9.000   0.300   0.200  -9.000    -18   -9   -9  254  44 -108   29 22  11 19 B  86 48  10 130 1 130 33
             172 2023  1 27 23 24 19.560 L 1.000 X  45.93933 -130.01801   1.450 X  -9.000   0.300   0.200  -9.000    -18   -9   -9   60  37  -80   29 40  10 32 C  58 44  10 134 1 163 58
             173 2023  1 28  1 24 46.710 L 1.000 X  45.93667 -130.01784   1.210 X  -9.000   0.300   0.200  -9.000    -18   -9   -9   69  47 -110   37 45  10 28 D  39 43   7 126 1  72 39
             174 2023  2  4 14  2 10.540 L 1.000 X  46.00217 -130.02817   1.490 X  -9.000   0.300   0.200  -9.000    -18   -9   -9  342  79  166   30 34   9 20 B  65 45   8 164 1  82 68
             175 2023  2  5  2 16 41.490 L 1.000 X  45.95000 -130.03984   2.410 X  -9.000   0.300   0.200  -9.000    -18   -9   -9  249  22 -141   41 31   9 40 D  38 67   6  75 1 191 50
             176 2023  2  9 14  8 23.790 L 1.000 X  45.99233 -130.01517   1.580 X  -9.000   0.300   0.200  -9.000    -18   -9   -9  170  75 -150   35 42  10 12 D  47 55  10 112 1  66 40
             177 2023  2 13 13 53 15.660 L 1.000 X  45.92500 -129.99066   1.000 X  -9.000   0.300   0.200  -9.000    -18   -9   -9  288  42 -129   33 32   8 24 B  65 49   8 157 1  80 57
             178 2023  2 13 17 12 22.280 L 1.000 X  45.92617 -129.98466   1.080 X  -9.000   0.300   0.200  -9.000    -18   -9   -9  220  39  -47   35 30   8 32 B  71 45   7 136 1 136 31
             179 2023  2 14 22 52 50.920 L 1.000 X  45.94250 -130.01967   1.410 X  -9.000   0.300   0.200  -9.000    -18   -9   -9  165  57 -132   37 39  11 18 D  48 47   9  98 1  76 44
             180 2023  2 15 13 44 25.380 L 1.000 X  45.99967 -130.02650   1.130 X  -9.000   0.300   0.200  -9.000    -18   -9   -9  355  88  175   26 28   8 29 B  85 47   6 153 1  81 71
             181 2023  2 16  4 32 24.670 L 1.000 X  45.96750 -129.99583   1.790 X  -9.000   0.300   0.200  -9.000    -18   -9   -9   22  65 -133   29 29  13 24 B  80 55  10 136 1  56 27
             182 2023  2 16 23 23 15.840 L 1.000 X  45.93884 -130.01900   1.300 X  -9.000   0.300   0.200  -9.000    -18   -9   -9   34  44  -79   38 38   8  0 D  49 39   7 131 1 122 33
             183 2023  2 18  0 22 34.520 L 1.000 X  45.97083 -129.99583   1.690 X  -9.000   0.300   0.200  -9.000    -18   -9   -9  211  51 -105   39 48  10 19 D  46 49   9 159 1  69 36
             184 2023  2 19  4 18 39.980 L 1.000 X  45.93800 -130.01883   1.210 X  -9.000   0.300   0.200  -9.000    -18   -9   -9   42  38  -81   23 27   8 21 B  83 39   7 175 1 101 65
             185 2023  2 19 17 25 12.260 L 1.000 X  46.00134 -130.02783   1.390 X  -9.000   0.300   0.200  -9.000    -18   -9   -9  328  63  139   37 39   9 24 C  59 47   9 148 1 100 64
             186 2023  2 20  1 43 51.420 L 1.000 X  45.93867 -129.97783   1.580 X  -9.000   0.300   0.200  -9.000    -18   -9   -9   88  56  -88   36 34   9 20 B  66 54   8 139 1  60 37
             187 2023  2 20  1 44  7.400 L 1.000 X  45.93850 -129.97717   1.610 X  -9.000   0.300   0.200  -9.000    -18   -9   -9  269  32  -89   32 35   9  8 B  65 61   9 124 1 122 33
             188 2023  2 20  1 57 13.310 L 1.000 X  45.92433 -129.99800   0.880 X  -9.000   0.300   0.200  -9.000    -18   -9   -9  341  42  -85   27 35   8 25 B  72 34   6 196 1  81 77
             189 2023  2 20  6  5 15.450 L 1.000 X  45.93783 -130.01883   1.250 X  -9.000   0.300   0.200  -9.000    -18   -9   -9   42  77 -126   35 47   8 14 D  48 45   5 140 1 103 34
             190 2023  2 20  6 35 19.000 L 1.000 X  45.93817 -130.01883   1.230 X  -9.000   0.300   0.200  -9.000    -18   -9   -9  108  77 -165   35 35  10 26 B  62 40   8 148 1  78 33
             191 2023  2 21  9 58 53.700 L 1.000 X  46.00400 -130.02617   1.610 X  -9.000   0.300   0.200  -9.000    -18   -9   -9   74  44 -112   46 47   9 33 D  42 61   6  72 1 115 50
             192 2023  2 25 12 59 57.190 L 1.000 X  45.93850 -130.01833   1.440 X  -9.000   0.300   0.200  -9.000    -18   -9   -9  292  35 -123   30 39  16 13 C  57 42  16 140 1  99 30
             193 2023  2 26  2 40 51.780 L 1.000 X  46.00017 -130.02766   1.600 X  -9.000   0.300   0.200  -9.000    -18   -9   -9  352  75  156   36 34   8  9 C  59 50   7 130 1  75 57
             194 2023  2 26  5 13 41.540 L 1.000 X  45.93783 -130.01833   1.220 X  -9.000   0.300   0.200  -9.000    -18   -9   -9  163  55  -96   29 28   8  4 B  76 36   5 179 1 114 35
             195 2023  2 26 11 34 11.890 L 1.000 X  45.92067 -129.97600   1.480 X  -9.000   0.300   0.200  -9.000    -18   -9   -9  211  69  167   27 24  10  8 B  87 59   9 104 1 141 29
             196 2023  2 26 13 33 11.130 L 1.000 X  46.00183 -130.02950   1.880 X  -9.000   0.300   0.200  -9.000    -18   -9   -9  340  73  152   33 27   8 23 B  75 59   8 136 1 178 52
             197 2023  2 26 21  4 17.320 L 1.000 X  45.93917 -130.01817   1.140 X  -9.000   0.300   0.200  -9.000    -18   -9   -9  152  80 -159   37 38   9 31 C  55 41   7 139 1  93 37
             198 2023  2 26 23 14  3.560 L 1.000 X  45.93817 -130.01917   1.160 X  -9.000   0.300   0.200  -9.000    -18   -9   -9  223  81 -156   17 17  14 24 A  98 39  14 176 1  84 34
             199 2023  2 27 16 37 32.650 L 1.000 X  45.93767 -130.01833   1.370 X  -9.000   0.300   0.200  -9.000    -18   -9   -9  255  42  -96   25 25  12 24 B  88 49  11 121 1  91 34
             200 2023  2 27 22 10 26.000 L 1.000 X  45.93083 -129.97600   1.650 X  -9.000   0.300   0.200  -9.000    -18   -9   -9  353  65 -162   26 40  12  6 B  67 51  11 168 1  81 23
             201 2023  3  3 21 53 29.880 L 1.000 X  46.00250 -130.02834   1.440 X  -9.000   0.300   0.200  -9.000    -18   -9   -9  356  87  178   21 22  10 19 A  95 46   8 143 1  82 70
             202 2023  3  4  9 29 30.840 L 1.000 X  45.97283 -130.03551   1.720 X  -9.000   0.300   0.200  -9.000    -18   -9   -9  166  62 -107   43 45   8  5 C  54 48   7 116 1 108 36
             203 2023  3  4 18 44 50.960 L 1.000 X  45.92300 -129.99017   0.890 X  -9.000   0.300   0.200  -9.000    -18   -9   -9  348  85  164   21 24  13 26 A  89 53  12 138 1 112 61
             204 2023  3 10  4 28 51.640 L 1.000 X  45.92617 -129.98534   1.210 X  -9.000   0.300   0.200  -9.000    -18   -9   -9  351  80 -149   22 24  12 12 A  92 43  11 151 1  64 30
             205 2023  3 11  5 17  3.060 L 1.000 X  45.96500 -129.99350   1.810 X  -9.000   0.300   0.200  -9.000    -18   -9   -9  115  71  165   33 36   9 15 C  53 51   8 142 1  74 29
             206 2023  3 12 11 23 59.130 L 1.000 X  45.91917 -129.98083   1.360 X  -9.000   0.300   0.200  -9.000    -18   -9   -9  225  61  146   40 49   9 31 D  43 57   7 110 1 133 35
             207 2023  3 12 17 15 51.680 L 1.000 X  45.92700 -129.98767   1.220 X  -9.000   0.300   0.200  -9.000    -18   -9   -9  140  57  -71   34 40   9 34 C  58 47   7 157 1  91 38
             208 2023  3 13 21 50 37.420 L 1.000 X  45.92583 -129.98967   0.990 X  -9.000   0.300   0.200  -9.000    -18   -9   -9  328  28 -110   20 32   9 23 B  81 46   7 133 1 170 54
             209 2023  3 17 14  5  3.270 L 1.000 X  45.92484 -129.99066   1.010 X  -9.000   0.300   0.200  -9.000    -18   -9   -9  274  50 -134   25 31  13 16 B  78 47  11 159 1 101 56
             210 2023  3 24 20  5  9.600 L 1.000 X  45.92333 -129.97701   1.470 X  -9.000   0.300   0.200  -9.000    -18   -9   -9  341  69 -168   35 36  10 32 C  61 49  10 112 1 133 53
             211 2023  3 24 20  7 31.500 L 1.000 X  45.92333 -129.97701   1.410 X  -9.000   0.300   0.200  -9.000    -18   -9   -9  159  61  161   43 47   9 25 C  55 43   8 158 1 148 42
             212 2023  3 24 20 12 29.920 L 1.000 X  45.92300 -129.97650   1.490 X  -9.000   0.300   0.200  -9.000    -18   -9   -9  185  65  167   45 43  11 30 D  47 52  10 111 1 134 39
             213 2023  3 27  6 47 48.260 L 1.000 X  45.92484 -129.99117   0.970 X  -9.000   0.300   0.200  -9.000    -18   -9   -9   88  79 -158   27 30   9 21 B  80 51   9 133 1  80 59
             214 2023  3 29 22 21 29.920 L 1.000 X  46.00267 -130.02884   1.470 X  -9.000   0.300   0.200  -9.000    -18   -9   -9  235  53 -130   49 47  11 21 D  27 50  10 123 1 126 73
             215 2023  3 30  1 48  9.740 L 1.000 X  46.00350 -130.02834   1.310 X  -9.000   0.300   0.200  -9.000    -18   -9   -9  199  48 -150   37 37   9 41 C  57 55   9 112 1 109 70
             216 2023  3 30 19 53 10.520 L 1.000 X  45.92650 -129.98849   1.090 X  -9.000   0.300   0.200  -9.000    -18   -9   -9  110  59 -110   44 32  10  4 C  52 48   7 163 1  73 46
             217 2023  4  2  0  3 15.020 L 1.000 X  45.94800 -129.98616   1.990 X  -9.000   0.300   0.200  -9.000    -18   -9   -9  171  71  172   30 30  12 16 B  70 57  11 110 1  63 34
             218 2023  4  2  0  3 26.590 L 1.000 X  45.94867 -129.98700   1.750 X  -9.000   0.300   0.200  -9.000    -18   -9   -9    2  77 -163   18 19  12  7 A  96 60  11 116 1  82 25
             219 2023  4  2  0  6 59.380 L 1.000 X  45.97066 -129.99617   1.650 X  -9.000   0.300   0.200  -9.000    -18   -9   -9  351  75 -121   39 37   8  6 C  54 52   6 134 1 135 36
             220 2023  4  4  0 28 11.240 L 1.000 X  45.96733 -129.99634   1.590 X  -9.000   0.300   0.200  -9.000    -18   -9   -9   33  44  -83   43 52  11 43 D  58 45  11 155 1  59 55
             221 2023  4  5 13 24 46.470 L 1.000 X  45.95417 -129.98633   1.940 X  -9.000   0.300   0.200  -9.000    -18   -9   -9   37  76 -142   43 38   8 16 C  57 74   6  99 1  68 26
             222 2023  4  5 14 16 36.230 L 1.000 X  45.93300 -129.97734   1.530 X  -9.000   0.300   0.200  -9.000    -18   -9   -9    8  54 -151   45 41  10 25 D  45 51  10 158 1 136 25
             223 2023  4  5 14 19 43.190 L 1.000 X  45.93283 -129.97667   1.550 X  -9.000   0.300   0.200  -9.000    -18   -9   -9    2  55 -160   46 49  11 19 D  45 48   9 171 1 137 26
             224 2023  4  5 16 27 55.120 L 1.000 X  45.92484 -129.99133   0.870 X  -9.000   0.300   0.200  -9.000    -18   -9   -9   93  55  -90   47 40  11 21 D  46 43  10 198 1  80 64
             225 2023  4  6  0 43 14.500 L 1.000 X  45.99367 -130.01334   1.310 X  -9.000   0.300   0.200  -9.000    -18   -9   -9  281  50 -114   56 67   9 33 D  23 36   9 167 1  80 59
             226 2023  4  6  0 45  6.650 L 1.000 X  45.99434 -130.01334   1.110 X  -9.000   0.300   0.200  -9.000    -18   -9   -9  155  68 -168   23 23  10 14 A  93 36   9 238 1  87 61
             227 2023  4  6  0 45 40.230 L 1.000 X  45.99417 -130.01367   1.280 X  -9.000   0.300   0.200  -9.000    -18   -9   -9  144  80 -177   30 35   9 38 B  71 42   8 154 1  73 54
             228 2023  4  6  0 49 17.110 L 1.000 X  45.99383 -130.01416   1.400 X  -9.000   0.300   0.200  -9.000    -18   -9   -9  281  29  -48   37 41   9 23 C  51 51   9 137 1  99 49
             229 2023  4  6  0 49 41.690 L 1.000 X  45.99400 -130.01350   1.290 X  -9.000   0.300   0.200  -9.000    -18   -9   -9  190  83  163   24 28   8 30 B  84 38   8 156 1  73 59
             230 2023  4  6  0 50 46.100 L 1.000 X  45.99417 -130.01367   1.090 X  -9.000   0.300   0.200  -9.000    -18   -9   -9  315  85  168   26 25  10 42 B  88 42   8 202 1  86 62
             231 2023  4  6  1 44 53.030 L 1.000 X  45.99283 -130.01450   1.670 X  -9.000   0.300   0.200  -9.000    -18   -9   -9  146  62 -164   38 45   8 28 C  51 60   8 100 1 112 39
             232 2023  4  6  3 14 59.120 L 1.000 X  45.93133 -130.01616   1.380 X  -9.000   0.300   0.200  -9.000    -18   -9   -9  303  60 -151   31 32   9 35 B  72 39   8 147 1  89 38
             233 2023  4  6 15 38 56.410 L 1.000 X  45.93867 -129.98483   1.480 X  -9.000   0.300   0.200  -9.000    -18   -9   -9  250  62  175   55 57   8 38 D  32 45   5 136 1 121 36
             234 2023  4  6 15 47 19.380 L 1.000 X  45.93884 -129.98466   1.540 X  -9.000   0.300   0.200  -9.000    -18   -9   -9   93  52 -107   28 31  10 23 B  76 50   9 157 1  93 25
             235 2023  4  7 16 20 41.800 L 1.000 X  45.92333 -129.99100   0.890 X  -9.000   0.300   0.200  -9.000    -18   -9   -9  159  53  143   50 50  12 33 D  34 50  11 152 1  85 63
             236 2023  4  7 16 27 23.970 L 1.000 X  45.92267 -129.99083   0.880 X  -9.000   0.300   0.200  -9.000    -18   -9   -9  179  87  179   37 35   8  7 C  65 49   7 140 1 164 71
             237 2023  4  7 16 42 55.690 L 1.000 X  45.92233 -129.99033   0.940 X  -9.000   0.300   0.200  -9.000    -18   -9   -9  355  90 -174   24 28  13 15 B  86 54  12 121 1  88 61
             238 2023  4  7 16 49 27.080 L 1.000 X  45.92317 -129.99083   0.880 X  -9.000   0.300   0.200  -9.000    -18   -9   -9    1  86 -174   33 33  10 15 B  69 47   8 150 1 115 63
             239 2023  4  7 21  5 18.200 L 1.000 X  45.98083 -129.99834   1.770 X  -9.000   0.300   0.200  -9.000    -18   -9   -9  197  28  -52   30 30   9  7 B  76 54   6 146 1 103 41
             240 2023  4  8 23 55 31.360 L 1.000 X  46.00417 -130.02600   1.580 X  -9.000   0.300   0.200  -9.000    -18   -9   -9  211  67 -134   37 39   8 38 C  54 50   7 147 1 105 68
             241 2023  4  9 12 26 15.980 L 1.000 X  46.00200 -130.02817   1.500 X  -9.000   0.300   0.200  -9.000    -18   -9   -9  202  65 -133   32 36  10 26 B  63 49   9 132 1  81 68
             242 2023  4 10  0 32 51.660 L 1.000 X  45.96583 -129.99567   1.640 X  -9.000   0.300   0.200  -9.000    -18   -9   -9   63  86  178   29 22  13 27 B  85 46  11 165 1  50 27
             243 2023  4 10 17 36 21.440 L 1.000 X  46.00350 -130.02901   1.500 X  -9.000   0.300   0.200  -9.000    -18   -9   -9  351  66  159   30 29   9 22 B  79 49   8 143 1  87 55
             244 2023  4 10 18 26  9.180 L 1.000 X  45.97133 -129.99466   1.170 X  -9.000   0.300   0.200  -9.000    -18   -9   -9  215  87  170   32 31  12 13 B  71 42   9 148 1  56 53
             245 2023  4 10 20 18  9.040 L 1.000 X  46.00083 -130.02983   1.580 X  -9.000   0.300   0.200  -9.000    -18   -9   -9  356  84  155   30 34   9  0 B  64 42   8 134 1  79 60
             246 2023  4 11 20 44 45.120 L 1.000 X  45.95533 -129.98801   1.970 X  -9.000   0.300   0.200  -9.000    -18   -9   -9    4  77 -170   33 37  10 16 C  55 61   8 121 1  94 28
             247 2023  4 12 18  1 42.520 L 1.000 X  45.97766 -129.99651   1.770 X  -9.000   0.300   0.200  -9.000    -18   -9   -9  187  25  -59   30 31  11 17 B  70 53  10 132 1  94 47
             248 2023  4 12 18 11 29.240 L 1.000 X  45.97700 -129.99634   1.480 X  -9.000   0.300   0.200  -9.000    -18   -9   -9   17  50  -88   25 20  10 43 A  91 44   9 154 1  49 56
             249 2023  4 12 18 17 38.280 L 1.000 X  45.97633 -129.99600   1.330 X  -9.000   0.300   0.200  -9.000    -18   -9   -9  309  57 -108   45 41   8 22 D  37 41   5 132 1 110 57
             250 2023  4 12 18 31 47.720 L 1.000 X  45.97550 -129.99583   1.350 X  -9.000   0.300   0.200  -9.000    -18   -9   -9  277  86 -161   35 32   8 27 B  72 44   7 170 1 109 57
             251 2023  4 12 18 33 29.880 L 1.000 X  45.97650 -129.99634   1.710 X  -9.000   0.300   0.200  -9.000    -18   -9   -9  204  18  -37   29 38   9 33 B  70 57   7  99 1  90 48
             252 2023  4 12 18 43  0.120 L 1.000 X  45.97683 -129.99617   1.350 X  -9.000   0.300   0.200  -9.000    -18   -9   -9   92  64  152   45 47   8 24 D  48 50   8 137 1  71 57
             253 2023  4 12 18 43 31.860 L 1.000 X  45.97550 -129.99617   1.550 X  -9.000   0.300   0.200  -9.000    -18   -9   -9   86  44 -134   32 39  13 18 D  48 48  12 158 1  67 51
             254 2023  4 12 18 44  1.080 L 1.000 X  45.97600 -129.99533   1.840 X  -9.000   0.300   0.200  -9.000    -18   -9   -9  325  82  -99   39 53  12 29 D  50 54  11 126 1  91 43
             255 2023  4 12 18 44 12.840 L 1.000 X  45.97667 -129.99617   1.810 X  -9.000   0.300   0.200  -9.000    -18   -9   -9  137  13  -91   46 35  11 11 D  45 57  10 124 1  91 45
             256 2023  4 12 19  5  2.600 L 1.000 X  45.99450 -129.99333   0.530 X  -9.000   0.300   0.200  -9.000    -18   -9   -9  271  27 -140   39 43   8 10 D  41 79   6  73 1 152 33
             257 2023  4 12 19 18 41.760 L 1.000 X  45.97633 -129.99651   1.240 X  -9.000   0.300   0.200  -9.000    -18   -9   -9  266  75 -169   43 47   8 24 D  38 45   7 158 1  70 61
             258 2023  4 12 19 19 46.120 L 1.000 X  45.97667 -129.99651   1.440 X  -9.000   0.300   0.200  -9.000    -18   -9   -9   99  39 -140   44 39   8 23 D  43 39   6 188 1  79 55
             259 2023  4 12 19 43 16.260 L 1.000 X  45.97717 -129.99651   1.670 X  -9.000   0.300   0.200  -9.000    -18   -9   -9    8  60 -126   27 34   8 47 B  78 53   7 126 1 161 50
             260 2023  4 12 19 44  3.120 L 1.000 X  45.97683 -129.99651   1.530 X  -9.000   0.300   0.200  -9.000    -18   -9   -9  169  31 -117   36 39   8 43 C  58 38   7 148 1 126 53
             261 2023  4 12 19 44 46.240 L 1.000 X  45.97733 -129.99617   1.870 X  -9.000   0.300   0.200  -9.000    -18   -9   -9  295  85 -128   38 36  10 21 C  55 60   9 111 1 109 46
             262 2023  4 12 19 55 14.200 L 1.000 X  45.97783 -129.99617   1.930 X  -9.000   0.300   0.200  -9.000    -18   -9   -9  343  69 -102   39 33  10 20 C  60 57   8 121 1 109 44
             263 2023  4 12 20  1 36.440 L 1.000 X  45.97750 -129.99699   1.190 X  -9.000   0.300   0.200  -9.000    -18   -9   -9  311  67 -149   43 48   8 21 D  37 49   7 124 1  98 63
             264 2023  4 12 20  2 10.080 L 1.000 X  45.97600 -129.99583   1.170 X  -9.000   0.300   0.200  -9.000    -18   -9   -9  184  42 -117   48 59   9 30 D  33 43   8 157 1 109 62
             265 2023  4 12 20  6 49.620 L 1.000 X  45.97733 -129.99683   1.740 X  -9.000   0.300   0.200  -9.000    -18   -9   -9  317  70 -118   33 35  10 32 B  69 50   8 144 1  92 48
             266 2023  4 12 20 10 54.240 L 1.000 X  45.97667 -129.99600   1.720 X  -9.000   0.300   0.200  -9.000    -18   -9   -9  110  37 -177   50 45  10 38 D  42 49   9 143 1  92 47
             267 2023  4 12 20 16 28.400 L 1.000 X  45.97833 -129.99651   1.600 X  -9.000   0.300   0.200  -9.000    -18   -9   -9   95  31 -130   43 38   9 11 D  48 49   5 133 1 176 51
             268 2023  4 12 20 16 46.000 L 1.000 X  45.97650 -129.99667   1.440 X  -9.000   0.300   0.200  -9.000    -18   -9   -9  181  40  -95   32 44  11 24 D  48 40   7 154 1  71 55
             269 2023  4 12 20 17 21.460 L 1.000 X  45.97783 -129.99634   1.480 X  -9.000   0.300   0.200  -9.000    -18   -9   -9   43  87  173   45 51   8 45 D  44 51   7 121 1  72 55
             270 2023  4 12 20 26 54.560 L 1.000 X  45.97633 -129.99651   1.350 X  -9.000   0.300   0.200  -9.000    -18   -9   -9  137  69 -155   41 45   8 39 D  36 41   8 152 1 109 57
             271 2023  4 12 20 35 13.740 L 1.000 X  45.97600 -129.99617   1.280 X  -9.000   0.300   0.200  -9.000    -18   -9   -9  130  48  -97   36 36   8 14 C  57 52   8 145 1 108 59
             272 2023  4 12 21 10  6.820 L 1.000 X  45.97600 -129.99667   1.260 X  -9.000   0.300   0.200  -9.000    -18   -9   -9  179  54  -67   27 31   8  0 B  77 42   7 144 1 108 60
             273 2023  4 14  7 29 49.290 L 1.000 X  45.92567 -129.98717   1.310 X  -9.000   0.300   0.200  -9.000    -18   -9   -9   58  56 -101   32 26  13 12 B  73 57  12 148 1  58 34
             274 2023  4 14  7 59 46.350 L 1.000 X  45.93717 -129.98033   1.500 X  -9.000   0.300   0.200  -9.000    -18   -9   -9  166  30  -87   26 28   8 21 B  81 60   7 146 1  82 24
             275 2023  4 14 21 21 39.620 L 1.000 X  45.95967 -129.98883   1.590 X  -9.000   0.300   0.200  -9.000    -18   -9   -9  241  78  167   27 36   8 20 B  63 54   7 124 1  94 47
             276 2023  4 14 21 33 59.840 L 1.000 X  45.95967 -129.98849   1.810 X  -9.000   0.300   0.200  -9.000    -18   -9   -9  190  17 -111   30 30  10 32 B  75 53   9 145 1  97 42
             277 2023  4 14 21 37 18.980 L 1.000 X  45.95933 -129.98866   2.000 X  -9.000   0.300   0.200  -9.000    -18   -9   -9  122  11 -179   41 35   8  0 D  50 60   8 127 1  88 38
             278 2023  4 15 13 36 38.790 L 1.000 X  45.94050 -130.01849   1.350 X  -9.000   0.300   0.200  -9.000    -18   -9   -9  223  52 -113   31 39  15 20 B  68 41  15 139 1  67 63
             279 2023  4 15 19 40 14.840 L 1.000 X  45.92567 -129.98616   1.020 X  -9.000   0.300   0.200  -9.000    -18   -9   -9  359  81 -157   25 31   8  9 B  79 44   8 162 1 130 39
             280 2023  4 15 19 43  3.520 L 1.000 X  45.92583 -129.98683   0.960 X  -9.000   0.300   0.200  -9.000    -18   -9   -9  176  88  145   28 36   8 17 B  72 50   7 160 1 120 44
             281 2023  4 15 22 35  0.980 L 1.000 X  45.93367 -129.97850   1.600 X  -9.000   0.300   0.200  -9.000    -18   -9   -9  146  69  134   41 35   8  6 C  52 50   7 174 1 202 24
             282 2023  4 15 22 38  4.380 L 1.000 X  45.93200 -129.97734   1.620 X  -9.000   0.300   0.200  -9.000    -18   -9   -9  283  18   87   42 45   8 20 D  44 62   6 100 1  91 21
             283 2023  4 15 22 39 34.880 L 1.000 X  45.93417 -129.97816   1.620 X  -9.000   0.300   0.200  -9.000    -18   -9   -9   11  57 -105   26 27  11 24 B  88 49  10 151 1 105 19
             284 2023  4 15 22 39 44.320 L 1.000 X  45.93417 -129.97867   1.550 X  -9.000   0.300   0.200  -9.000    -18   -9   -9    9  72  175   29 33  10 20 B  69 48   9 172 1  72 29
             285 2023  4 15 22 39 57.840 L 1.000 X  45.93100 -129.97600   1.770 X  -9.000   0.300   0.200  -9.000    -18   -9   -9  138  87  131   39 40   9 10 C  50 64   8 113 1 140 21
             286 2023  4 15 22 40 22.360 L 1.000 X  45.93117 -129.97633   1.690 X  -9.000   0.300   0.200  -9.000    -18   -9   -9  146  81  136   39 40   9 34 D  44 54   8 136 1 159 32
             287 2023  4 15 22 40 26.880 L 1.000 X  45.93333 -129.97783   1.680 X  -9.000   0.300   0.200  -9.000    -18   -9   -9  326  89 -136   32 35   9 16 B  68 53   9 129 1 157 29
             288 2023  4 15 22 40 35.200 L 1.000 X  45.93300 -129.97816   1.600 X  -9.000   0.300   0.200  -9.000    -18   -9   -9  130  76  127   32 34   8  4 B  68 55   6 150 1  92 23
             289 2023  4 15 22 41  3.220 L 1.000 X  45.93350 -129.97766   1.660 X  -9.000   0.300   0.200  -9.000    -18   -9   -9    5  66 -123   37 35   9 31 C  54 45   8 156 1 146 21
             290 2023  4 15 22 41 33.460 L 1.000 X  45.93350 -129.97783   1.650 X  -9.000   0.300   0.200  -9.000    -18   -9   -9  132  44 -106   33 40   9 31 C  77 47   8 150 1  79 21
             291 2023  4 15 22 42  0.660 L 1.000 X  45.93300 -129.97850   1.670 X  -9.000   0.300   0.200  -9.000    -18   -9   -9  341  78 -138   21 33  14 33 B  82 50  14 139 1  87 30
             292 2023  4 15 22 42 35.520 L 1.000 X  45.93150 -129.97684   1.660 X  -9.000   0.300   0.200  -9.000    -18   -9   -9  152  37  -90   31 39  11 22 C  66 51   9 162 1 120 21
             293 2023  4 15 22 42 50.840 L 1.000 X  45.93383 -129.97850   1.610 X  -9.000   0.300   0.200  -9.000    -18   -9   -9   17  54 -113   27 28  12 23 B  80 47  11 171 1  97 19
             294 2023  4 15 22 43 56.000 L 1.000 X  45.93167 -129.97717   1.590 X  -9.000   0.300   0.200  -9.000    -18   -9   -9  357  65 -161   40 49  12 20 D  32 50  10 162 1 119 26
             295 2023  4 15 22 44 39.660 L 1.000 X  45.93433 -129.97783   1.680 X  -9.000   0.300   0.200  -9.000    -18   -9   -9  330  87 -127   40 39   8  9 C  51 52   8 125 1 144 25
             296 2023  4 15 22 45  3.540 L 1.000 X  45.93233 -129.97766   1.750 X  -9.000   0.300   0.200  -9.000    -18   -9   -9  109  89  130   42 39   8 10 C  59 65   6 130 1 147 21
             297 2023  4 15 22 48  2.680 L 1.000 X  45.93350 -129.97800   1.570 X  -9.000   0.300   0.200  -9.000    -18   -9   -9  159  33  -99   44 39  10 20 C  56 49  10 166 1  98 21
             298 2023  4 15 22 48 17.540 L 1.000 X  45.93300 -129.97734   1.520 X  -9.000   0.300   0.200  -9.000    -18   -9   -9    7  89 -177   35 36   9  7 C  57 41   9 181 1  76 33
             299 2023  4 15 22 49 55.080 L 1.000 X  45.93333 -129.97783   1.570 X  -9.000   0.300   0.200  -9.000    -18   -9   -9  121  57  123   19 25  11 28 A  89 48   9 167 1  79 22
             300 2023  4 15 22 50  5.300 L 1.000 X  45.93283 -129.97783   1.650 X  -9.000   0.300   0.200  -9.000    -18   -9   -9  139  87  141   39 36  10 16 D  34 54  10 138 1  76 30
             301 2023  4 15 22 53 55.980 L 1.000 X  45.93450 -129.97816   1.670 X  -9.000   0.300   0.200  -9.000    -18   -9   -9  188  29  -74   27 29  10 35 B  83 52  10 131 1 103 25
             302 2023  4 15 22 54 52.240 L 1.000 X  45.92183 -129.99300   1.050 X  -9.000   0.300   0.200  -9.000    -18   -9   -9  268  87  174   31 29   8 36 B  73 37   7 172 1  90 63
             303 2023  4 15 22 57 56.260 L 1.000 X  45.93467 -129.97833   1.700 X  -9.000   0.300   0.200  -9.000    -18   -9   -9  130  41 -122   27 28  10  9 B  81 50   8 152 1 140 19
             304 2023  4 15 22 59  7.780 L 1.000 X  45.93417 -129.97766   1.680 X  -9.000   0.300   0.200  -9.000    -18   -9   -9  325  61 -114   34 33   9 27 B  63 59   9 137 1 145 25
             305 2023  4 15 23  0 12.240 L 1.000 X  45.93433 -129.97816   1.700 X  -9.000   0.300   0.200  -9.000    -18   -9   -9  348  79 -156   23 34  12  6 B  70 53  11 127 1  97 25
             306 2023  4 15 23  1 14.040 L 1.000 X  45.92167 -129.99234   1.090 X  -9.000   0.300   0.200  -9.000    -18   -9   -9  264  71 -165   21 27  10 17 A  84 44  10 147 1  85 60
             307 2023  4 15 23  2  9.280 L 1.000 X  45.93417 -129.97783   1.700 X  -9.000   0.300   0.200  -9.000    -18   -9   -9  162  35  -91   24 29  11 29 B  81 52  10 158 1 134 19
             308 2023  4 15 23  4 45.060 L 1.000 X  45.93400 -129.97867   1.570 X  -9.000   0.300   0.200  -9.000    -18   -9   -9  344  63 -118   22 24  12 23 A  91 52  12 140 1 103 25
             309 2023  4 15 23  6 58.720 L 1.000 X  45.93300 -129.97766   1.700 X  -9.000   0.300   0.200  -9.000    -18   -9   -9  149  39 -115   31 40   8 24 C  71 53   6 160 1 146 24
             310 2023  4 15 23  8 33.200 L 1.000 X  45.93333 -129.97766   1.700 X  -9.000   0.300   0.200  -9.000    -18   -9   -9  176  37  -75   31 24  10  1 B  79 47   8 195 1 176 24
             311 2023  4 15 23  9 14.240 L 1.000 X  45.93333 -129.97766   1.690 X  -9.000   0.300   0.200  -9.000    -18   -9   -9  317  59 -122   34 38   8  1 C  55 52   7 166 1 204 25
             312 2023  4 15 23  9 37.280 L 1.000 X  45.93317 -129.97734   1.720 X  -9.000   0.300   0.200  -9.000    -18   -9   -9  316  54 -123   36 28  10 15 B  64 50   9 170 1 135 28
             313 2023  4 15 23 11 45.280 L 1.000 X  45.93450 -129.97766   1.770 X  -9.000   0.300   0.200  -9.000    -18   -9   -9    1  53  -93   22 31   9 17 B  83 50   9 166 1 144 18
             314 2023  4 15 23 12  5.040 L 1.000 X  45.93233 -129.97766   1.570 X  -9.000   0.300   0.200  -9.000    -18   -9   -9  250  83 -134   44 44   8 24 C  57 58   7 127 1  92 22
             315 2023  4 15 23 13 20.320 L 1.000 X  45.93467 -129.97833   1.710 X  -9.000   0.300   0.200  -9.000    -18   -9   -9  322  89 -124   38 46   8 19 C  53 61   6 118 1 140 24
             316 2023  4 15 23 14 12.600 L 1.000 X  45.93417 -129.97800   1.730 X  -9.000   0.300   0.200  -9.000    -18   -9   -9  198  32  -70   31 32  11 27 B  64 53  10 145 1  97 18
             317 2023  4 15 23 14 45.040 L 1.000 X  45.93350 -129.97717   1.550 X  -9.000   0.300   0.200  -9.000    -18   -9   -9  140  42 -115   35 39  10 32 C  73 43   9 183 1 136 23
             318 2023  4 15 23 14 59.440 L 1.000 X  45.93300 -129.97701   1.600 X  -9.000   0.300   0.200  -9.000    -18   -9   -9  174  38  -59   41 47  11 30 C  54 46  10 173 1  76 25
             319 2023  4 15 23 15 27.740 L 1.000 X  45.91850 -129.99817   3.260 X  -9.000   0.300   0.200  -9.000    -18   -9   -9   51  36 -179   33 41  11 26 D  35 82  10  91 1 136 31
             320 2023  4 15 23 16 24.000 L 1.000 X  45.94333 -129.93233   2.840 X  -9.000   0.300   0.200  -9.000    -18   -9   -9  136  30 -143   20 16   8 20 A  98 46   8 143 1 253 45
             321 2023  4 15 23 16 43.440 L 1.000 X  45.93367 -129.97734   1.800 X  -9.000   0.300   0.200  -9.000    -18   -9   -9  312  54 -129   44 39   8 10 C  51 66   6 126 1 147 22
             322 2023  4 15 23 18 38.520 L 1.000 X  45.93283 -129.97701   1.560 X  -9.000   0.300   0.200  -9.000    -18   -9   -9  162  30  -67   31 31   9 41 B  80 56   9 152 1 137 25
             323 2023  4 15 23 19 14.460 L 1.000 X  45.93517 -129.97833   1.610 X  -9.000   0.300   0.200  -9.000    -18   -9   -9  188  32  -64   43 47   8 27 D  45 60   8 127 1 140 26
             324 2023  4 15 23 21 23.920 L 1.000 X  45.93350 -129.97701   1.550 X  -9.000   0.300   0.200  -9.000    -18   -9   -9  314  54  -83   37 24  10 19 B  67 38  10 205 1  99 28
             325 2023  4 15 23 23  7.840 L 1.000 X  45.93217 -129.97717   1.550 X  -9.000   0.300   0.200  -9.000    -18   -9   -9  335  58  -81   35 38   9  5 C  65 41   6 201 1  94 23
             326 2023  4 15 23 24 25.640 L 1.000 X  45.93300 -129.97749   1.540 X  -9.000   0.300   0.200  -9.000    -18   -9   -9  133  77  132   40 33  11 22 C  57 53   9 151 1  76 24
             327 2023  4 15 23 33  8.440 L 1.000 X  45.93250 -129.97701   1.520 X  -9.000   0.300   0.200  -9.000    -18   -9   -9  289  84 -133   38 41   9 13 C  54 51   8 167 1  77 25
             328 2023  4 15 23 35 59.060 L 1.000 X  45.93300 -129.97749   1.500 X  -9.000   0.300   0.200  -9.000    -18   -9   -9  318  86 -131   32 38   9 13 B  60 50   7 147 1 135 33
             329 2023  4 15 23 40 46.800 L 1.000 X  45.93184 -129.97749   1.590 X  -9.000   0.300   0.200  -9.000    -18   -9   -9  294  83 -112   26 32   9 13 B  80 55   9 144 1  94 21
             330 2023  4 15 23 41 34.800 L 1.000 X  45.93200 -129.97749   1.530 X  -9.000   0.300   0.200  -9.000    -18   -9   -9  329  87 -155   28 37  12 25 B  61 43  12 169 1  79 29
             331 2023  4 15 23 42 35.840 L 1.000 X  45.93217 -129.97734   1.570 X  -9.000   0.300   0.200  -9.000    -18   -9   -9  129  80  136   25 26  11 11 B  83 48  10 158 1  89 22
             332 2023  4 15 23 43  6.600 L 1.000 X  45.93217 -129.97749   1.590 X  -9.000   0.300   0.200  -9.000    -18   -9   -9  307  87 -135   30 34  10  6 B  69 53  10 142 1  77 22
             333 2023  4 15 23 45 37.380 L 1.000 X  45.93217 -129.97833   1.590 X  -9.000   0.300   0.200  -9.000    -18   -9   -9  164  32  -72   48 49   8 42 D  45 47   7 157 1 189 20
             334 2023  4 15 23 51 56.180 L 1.000 X  45.93267 -129.97749   1.550 X  -9.000   0.300   0.200  -9.000    -18   -9   -9  300  86 -141   40 33  12 14 C  54 49  12 145 1  76 24
             335 2023  4 15 23 54  9.300 L 1.000 X  45.93033 -129.97583   1.650 X  -9.000   0.300   0.200  -9.000    -18   -9   -9  148  65  142   51 52  11 24 D  31 55  11 139 1  82 21
             336 2023  4 15 23 56 26.440 L 1.000 X  45.93317 -129.97717   1.660 X  -9.000   0.300   0.200  -9.000    -18   -9   -9  226  83 -153   46 42  12 23 C  51 51  11 151 1  90 23
             337 2023  4 15 23 57 42.680 L 1.000 X  45.93217 -129.97749   1.550 X  -9.000   0.300   0.200  -9.000    -18   -9   -9  122  80  133   23 27  14 11 A  91 48  14 150 1  77 22
             338 2023  4 15 23 58 13.440 L 1.000 X  45.93117 -129.97701   1.580 X  -9.000   0.300   0.200  -9.000    -18   -9   -9  282  52 -109   42 32   8 29 C  57 51   8 136 1 184 33
             339 2023  4 16  0 10 18.240 L 1.000 X  45.93383 -129.97701   1.610 X  -9.000   0.300   0.200  -9.000    -18   -9   -9  308  64 -119   26 32   9  9 B  76 53   9 148 1  89 22
             340 2023  4 16  0 19 40.340 L 1.000 X  45.93383 -129.97684   1.580 X  -9.000   0.300   0.200  -9.000    -18   -9   -9    1  59 -158   37 45  12 11 C  59 46  12 167 1  98 22
             341 2023  4 16  0 29 13.660 L 1.000 X  45.93367 -129.97667   1.630 X  -9.000   0.300   0.200  -9.000    -18   -9   -9   23  51 -100   34 40  10 27 C  63 46   9 159 1 133 23
             342 2023  4 16  0 55  8.070 L 1.000 X  45.93267 -129.97650   1.650 X  -9.000   0.300   0.200  -9.000    -18   -9   -9  344  52  -76   30 34  10 27 B  86 48   8 152 1  77 25
             343 2023  4 16  1  2 36.170 L 1.000 X  45.93417 -129.97734   1.610 X  -9.000   0.300   0.200  -9.000    -18   -9   -9  333  51  -99   37 31  10 24 B  69 56   8 138 1  73 20
             344 2023  4 16  1  5 58.790 L 1.000 X  45.93367 -129.97650   1.600 X  -9.000   0.300   0.200  -9.000    -18   -9   -9  132  32  -88   29 27   9 43 B  79 57   9 137 1  77 23
             345 2023  4 16  1  6 25.330 L 1.000 X  45.93333 -129.97650   1.620 X  -9.000   0.300   0.200  -9.000    -18   -9   -9  227  82 -168   56 61   8 14 D  29 47   8 149 1 153 32
             346 2023  4 16  2 20 41.930 L 1.000 X  45.93250 -129.97816   1.580 X  -9.000   0.300   0.200  -9.000    -18   -9   -9  314  90 -132   39 39   8 13 C  51 50   8 152 1 143 25
             347 2023  4 16  2 58 32.630 L 1.000 X  45.93000 -129.97734   1.510 X  -9.000   0.300   0.200  -9.000    -18   -9   -9  250  29  -97   28 42   8 36 C  56 40   8 203 1  98 43
             348 2023  4 16  3 59 44.970 L 1.000 X  45.93867 -130.01833   1.310 X  -9.000   0.300   0.200  -9.000    -18   -9   -9   89  40  -61   33 28  15 24 B  71 46  15 145 1  88 31
             349 2023  4 16  7 51 10.280 L 1.000 X  45.93867 -130.02000   1.100 X  -9.000   0.300   0.200  -9.000    -18   -9   -9  207  78 -143   44 28   8 11 C  60 40   7 152 1 122 40
             350 2023  4 16 15  1 29.040 L 1.000 X  45.94167 -129.98567   1.300 X  -9.000   0.300   0.200  -9.000    -18   -9   -9  194  37  -70   40 36   8  8 C  64 51   7 156 1  90 39
             351 2023  4 18  1 26 23.670 L 1.000 X  45.93850 -130.01750   1.400 X  -9.000   0.300   0.200  -9.000    -18   -9   -9  326  81  178   33 32   8 41 B  75 47   8 130 1 162 58
             352 2023  4 18  1 26 53.670 L 1.000 X  45.93833 -130.01849   1.290 X  -9.000   0.300   0.200  -9.000    -18   -9   -9  226  62 -115   35 29  12 22 B  66 38  11 166 1 150 63
             353 2023  4 18  1 27  4.040 L 1.000 X  45.93967 -130.01933   1.060 X  -9.000   0.300   0.200  -9.000    -18   -9   -9  226  56  -98   28 38   8  4 B  67 38   6 195 1  87 45
             354 2023  4 18  1 58  8.980 L 1.000 X  45.93767 -130.01933   1.230 X  -9.000   0.300   0.200  -9.000    -18   -9   -9  211  55  -84   37 32   9 47 C  51 44   7 142 1  72 35
             355 2023  4 18 15 59  3.100 L 1.000 X  45.94067 -130.01967   1.380 X  -9.000   0.300   0.200  -9.000    -18   -9   -9   40  47  -78   36 41   8  0 D  48 46   6 113 1 110 39
             356 2023  4 18 18 33  6.320 L 1.000 X  45.93616 -130.01849   1.260 X  -9.000   0.300   0.200  -9.000    -18   -9   -9  309  61  142   35 41   8 40 C  78 36   8 151 1 150 39
             357 2023  4 18 18 33 38.120 L 1.000 X  45.96867 -129.99617   1.800 X  -9.000   0.300   0.200  -9.000    -18   -9   -9   72  30  143   51 43  10 27 D  31 56   7 142 1 106 28
             358 2023  4 18 18 39  0.440 L 1.000 X  45.96850 -129.99583   1.680 X  -9.000   0.300   0.200  -9.000    -18   -9   -9  332  86 -130   45 51   8 41 D  48 54   5 133 1 153 31
             359 2023  4 19  1 28 53.590 L 1.000 X  45.99683 -130.01649   1.910 X  -9.000   0.300   0.200  -9.000    -18   -9   -9  162  86  -95   48 56   8 14 D  38 61   8  96 1  84 34
             360 2023  4 19  1 33 25.800 L 1.000 X  45.99633 -130.01633   1.970 X  -9.000   0.300   0.200  -9.000    -18   -9   -9  104  19  -39   52 59   9 45 D  45 67   8  77 1  83 34
             361 2023  4 19  1 36 55.010 L 1.000 X  45.99600 -130.01666   1.940 X  -9.000   0.300   0.200  -9.000    -18   -9   -9  152  85 -164   40 43  10  7 D  39 59  10 113 1  81 34
             362 2023  4 19  1 41 16.540 L 1.000 X  45.99583 -130.01584   2.030 X  -9.000   0.300   0.200  -9.000    -18   -9   -9  230  85  -99   58 51  10 30 D  41 64   9  75 1  83 35
             363 2023  4 19  1 46 57.450 L 1.000 X  45.99600 -130.01534   1.910 X  -9.000   0.300   0.200  -9.000    -18   -9   -9  236  73 -103   32 28  10 34 B  78 58   9  92 1  84 37
             364 2023  4 19  2  4  5.760 L 1.000 X  45.99567 -130.01534   1.910 X  -9.000   0.300   0.200  -9.000    -18   -9   -9   62  42  166   44 47   8 26 D  44 66   7  90 1  83 38
             365 2023  4 19  2  5 25.240 L 1.000 X  45.99583 -130.01567   1.960 X  -9.000   0.300   0.200  -9.000    -18   -9   -9   72  13  -79   48 57   8 26 D  48 66   7  82 1  96 36
             366 2023  4 19 14 23 19.940 L 1.000 X  45.98283 -129.99884   1.930 X  -9.000   0.300   0.200  -9.000    -18   -9   -9  165   9  -79   38 46   9 27 D  43 66   7 118 1  97 37
             367 2023  4 19 15 12 51.640 L 1.000 X  45.98100 -129.99916   1.900 X  -9.000   0.300   0.200  -9.000    -18   -9   -9   96  48 -156   44 44   9 11 D  37 59   8 119 1  99 37
             368 2023  4 19 18  7  2.080 L 1.000 X  45.95450 -129.98750   1.950 X  -9.000   0.300   0.200  -9.000    -18   -9   -9  258  34  -57   27 23  16 15 A  94 57  15 120 1 113 26
             369 2023  4 19 18 21 46.760 L 1.000 X  45.95433 -129.98700   2.030 X  -9.000   0.300   0.200  -9.000    -18   -9   -9    3  89 -149   26 28  10 15 B  74 62   9 127 1 127 24
             370 2023  4 19 18 25 29.300 L 1.000 X  45.95433 -129.98717   2.020 X  -9.000   0.300   0.200  -9.000    -18   -9   -9   49  68  -98   19 21  16 32 A  95 59  16 115 1 114 24
             371 2023  4 19 18 26 40.560 L 1.000 X  45.95417 -129.98700   2.030 X  -9.000   0.300   0.200  -9.000    -18   -9   -9  193  12 -124   36 36  12 38 D  47 61   9 120 1  67 23
             372 2023  4 19 18 27 22.920 L 1.000 X  45.95433 -129.98717   1.960 X  -9.000   0.300   0.200  -9.000    -18   -9   -9   31  60 -142   28 22  14 22 A  87 58  12 101 1  59 25
             373 2023  4 19 18 37 37.400 L 1.000 X  45.95450 -129.98700   2.030 X  -9.000   0.300   0.200  -9.000    -18   -9   -9  221   7 -106   31 39  11 33 C  56 65   9 107 1  69 24
             374 2023  4 19 18 42  4.000 L 1.000 X  45.95417 -129.98683   1.950 X  -9.000   0.300   0.200  -9.000    -18   -9   -9  180  14  -95   25 22  10 31 A  90 62   9 108 1 115 24
             375 2023  4 19 18 43 24.780 L 1.000 X  45.95433 -129.98717   2.020 X  -9.000   0.300   0.200  -9.000    -18   -9   -9   28  75 -149   28 26  13  0 B  81 66  12 104 1 114 24
             376 2023  4 19 18 47 13.200 L 1.000 X  45.94400 -129.98567   1.770 X  -9.000   0.300   0.200  -9.000    -18   -9   -9  359  84  175   30 45  14 33 C  78 53  13 153 1  60 27
             377 2023  4 19 18 47 51.240 L 1.000 X  45.94417 -129.98567   1.750 X  -9.000   0.300   0.200  -9.000    -18   -9   -9    6  88 -177   28 25  11 19 B  84 53  11 157 1 110 27
             378 2023  4 19 18 53 30.320 L 1.000 X  45.94333 -129.98567   1.640 X  -9.000   0.300   0.200  -9.000    -18   -9   -9  175  81 -158   46 49   8 43 D  48 45   8 182 1 109 37
             379 2023  4 19 19  1 28.580 L 1.000 X  45.95450 -129.98734   1.980 X  -9.000   0.300   0.200  -9.000    -18   -9   -9   25  65 -135   29 25  16 10 B  81 61  16 112 1 114 25
             380 2023  4 19 19 19 30.360 L 1.000 X  45.95483 -129.98767   1.860 X  -9.000   0.300   0.200  -9.000    -18   -9   -9   54  83  -49   41 32  10 37 C  58 55  10 129 1  67 28
             381 2023  4 20 16 39 41.710 L 1.000 X  45.94083 -130.01933   1.330 X  -9.000   0.300   0.200  -9.000    -18   -9   -9  216  86 -180   26 41   9 23 B  67 35   8 165 1 112 65
             382 2023  4 20 20 56 49.580 L 1.000 X  45.92484 -129.99117   0.920 X  -9.000   0.300   0.200  -9.000    -18   -9   -9  346  32  -92   30 36  11 37 B  67 50   9 147 1 108 61
             383 2023  4 21 17 37 17.160 L 1.000 X  45.97867 -129.99667   1.190 X  -9.000   0.300   0.200  -9.000    -18   -9   -9   27  73 -140   36 41   8 31 D  46 46   6 167 1 119 62
             384 2023  4 21 21 49 24.940 L 1.000 X  45.93667 -130.01866   1.300 X  -9.000   0.300   0.200  -9.000    -18   -9   -9   58  73  166   26 41  11 27 B  60 42  10 133 1 126 37
             385 2023  4 22  0  4 38.580 L 1.000 X  45.93833 -130.01883   1.360 X  -9.000   0.300   0.200  -9.000    -18   -9   -9  138  57 -108   38 36   9 17 C  55 40   9 169 1 130 32
             386 2023  4 22 10 46 51.800 L 1.000 X  45.93783 -130.01950   1.280 X  -9.000   0.300   0.200  -9.000    -18   -9   -9  220  89 -163   20 18  14  7 A  95 42  13 164 1  80 33
             387 2023  4 22 14 36 49.540 L 1.000 X  45.95100 -129.98616   1.980 X  -9.000   0.300   0.200  -9.000    -18   -9   -9   31  73 -146   54 56   8 38 D  34 70   6  93 1  68 28
             388 2023  4 22 15  3 39.460 L 1.000 X  45.95367 -129.98734   2.030 X  -9.000   0.300   0.200  -9.000    -18   -9   -9  280  13  -20   46 47   8 41 D  34 70   5  87 1  71 46
             389 2023  4 22 15 19 26.500 L 1.000 X  45.95400 -129.98717   1.800 X  -9.000   0.300   0.200  -9.000    -18   -9   -9   47  85  -96   38 49   9 42 C  59 67   8 109 1  70 26
             390 2023  4 22 15 21 32.700 L 1.000 X  45.95333 -129.98750   1.880 X  -9.000   0.300   0.200  -9.000    -18   -9   -9   34  77 -147   45 40   8  0 D  50 74   7 106 1  72 24
             391 2023  4 22 16 28 27.010 L 1.000 X  45.98233 -129.99884   1.800 X  -9.000   0.300   0.200  -9.000    -18   -9   -9  304  79 -100   37 32   8  0 C  56 58   6  92 1 108 39
             392 2023  4 22 21 39 48.340 L 1.000 X  45.92550 -129.98933   1.120 X  -9.000   0.300   0.200  -9.000    -18   -9   -9  152  67  167   44 46   9 29 D  41 48   8 158 1 132 47
             393 2023  4 23  4 26 37.400 L 1.000 X  45.93667 -130.01767   1.230 X  -9.000   0.300   0.200  -9.000    -18   -9   -9   56  45  -73   37 50   8 17 D  38 46   6 126 1  84 39
             394 2023  4 23 14  6 17.430 L 1.000 X  45.93917 -130.01950   1.160 X  -9.000   0.300   0.200  -9.000    -18   -9   -9   37  35  -76   41 41   8 32 D  41 45   6 140 1  86 39
             395 2023  4 23 19 21  5.600 L 1.000 X  45.99467 -130.01151   1.750 X  -9.000   0.300   0.200  -9.000    -18   -9   -9   56  82  167   36 49   8 34 D  46 61   7  84 1  87 44
             396 2023  4 23 20  5 13.920 L 1.000 X  45.96617 -129.99567   1.510 X  -9.000   0.300   0.200  -9.000    -18   -9   -9   48  45  -90   32 33  11 12 B  76 49  11 151 1 101 30
             397 2023  4 23 20 15 13.880 L 1.000 X  45.99467 -130.01167   2.230 X  -9.000   0.300   0.200  -9.000    -18   -9   -9  150  77 -172   51 57   8 53 D  20 64   8  97 1  87 35
             398 2023  4 23 20 17 17.760 L 1.000 X  45.93850 -130.01883   1.150 X  -9.000   0.300   0.200  -9.000    -18   -9   -9  321  57  130   20 28  10 17 A  90 41   8 169 1  86 35
             399 2023  4 24  2 13 28.750 L 1.000 X  45.93817 -130.01950   1.150 X  -9.000   0.300   0.200  -9.000    -18   -9   -9  226  60  -90   48 57   8 20 D  26 35   7 171 1 120 35
             400 2023  4 24  3 14 12.850 L 1.000 X  45.99333 -130.01016   1.790 X  -9.000   0.300   0.200  -9.000    -18   -9   -9  148  87 -177   41 48  10 31 D  44 55  10  90 1  84 40
             401 2023  4 24  5 41 19.720 L 1.000 X  45.99450 -130.00983   1.930 X  -9.000   0.300   0.200  -9.000    -18   -9   -9   56  63 -159   32 37  12 20 B  69 57  12 108 1 133 40
             402 2023  4 24  6 15 32.660 L 1.000 X  45.94017 -130.01900   1.200 X  -9.000   0.300   0.200  -9.000    -18   -9   -9  357  76  159   23 22  13 15 A  90 42  12 158 1  88 68
             403 2023  4 24 14 34 22.920 L 1.000 X  45.93567 -130.01849   1.360 X  -9.000   0.300   0.200  -9.000    -18   -9   -9   38  81 -160   38 50   9 19 C  64 39   9 142 1 127 59
             404 2023  4 24 16 18 11.780 L 1.000 X  45.92683 -129.98717   1.310 X  -9.000   0.300   0.200  -9.000    -18   -9   -9  273  37 -122   30 27   9  5 B  77 49   7 156 1 128 34
             405 2023  4 24 19 49 44.800 L 1.000 X  45.93850 -130.01950   1.330 X  -9.000   0.300   0.200  -9.000    -18   -9   -9  216  62 -151   20 25  11 35 A  86 40  11 166 1 101 32
             406 2023  4 25  4 12 37.340 L 1.000 X  45.93884 -130.01833   1.450 X  -9.000   0.300   0.200  -9.000    -18   -9   -9   73  46  -78   15 16  17 13 A  96 44  17 127 1  88 29
             407 2023  4 26  3 30 56.250 L 1.000 X  45.93667 -130.01866   1.260 X  -9.000   0.300   0.200  -9.000    -18   -9   -9   51  90 -109   45 36  13 37 C  59 43  13 132 1  59 38
             408 2023  4 26  7 33 52.860 L 1.000 X  45.92233 -129.98750   0.930 X  -9.000   0.300   0.200  -9.000    -18   -9   -9  171  78  154   31 30   8 25 B  80 51   8 143 1 132 52
             409 2023  4 27  0 36 22.310 L 1.000 X  45.92467 -129.99066   1.100 X  -9.000   0.300   0.200  -9.000    -18   -9   -9  275  61 -164   29 30   9 21 B  76 48   8 172 1  70 52
             410 2023  4 27  1 11 39.270 L 1.000 X  45.93667 -130.01801   1.290 X  -9.000   0.300   0.200  -9.000    -18   -9   -9  316  79 -178   37 37   8 52 D  47 34   7 157 1 174 38
             411 2023  4 27 12 37 22.470 L 1.000 X  45.93917 -130.01833   1.380 X  -9.000   0.300   0.200  -9.000    -18   -9   -9  163  63 -111   31 22  14 22 B  82 44  14 134 1  67 31
             412 2023  4 27 23 47 24.920 L 1.000 X  45.94717 -130.02634   1.850 X  -9.000   0.300   0.200  -9.000    -18   -9   -9  104  52  -75   23 25   8  0 A  85 53   7 137 1 113 63
             413 2023  4 28 21 33  0.960 L 1.000 X  45.93917 -130.01833   1.350 X  -9.000   0.300   0.200  -9.000    -18   -9   -9   20  69 -165   42 41   9 30 D  49 46   9 131 1  86 61
             414 2023  4 28 23  7 50.440 L 1.000 X  45.95517 -129.98750   2.000 X  -9.000   0.300   0.200  -9.000    -18   -9   -9  185  25 -143   40 28  13 34 B  64 64  12 102 1 116 27
             415 2023  4 28 23 48 56.460 L 1.000 X  45.96283 -129.99167   1.960 X  -9.000   0.300   0.200  -9.000    -18   -9   -9  123  75  171   31 24   9 28 B  79 64   8 143 1  74 31
             416 2023  4 29  0 33 21.150 L 1.000 X  45.96700 -129.99617   1.790 X  -9.000   0.300   0.200  -9.000    -18   -9   -9   24  57 -124   40 35  11 34 C  57 57  11 129 1  86 50
             417 2023  4 29 13 43 56.560 L 1.000 X  45.93967 -130.01933   1.150 X  -9.000   0.300   0.200  -9.000    -18   -9   -9  204  84 -149   33 33  10 31 B  60 49   9 114 1  87 41
             418 2023  4 29 21 30 47.600 L 1.000 X  45.95433 -130.02617   1.860 X  -9.000   0.300   0.200  -9.000    -18   -9   -9    6  42 -138   38 45   9 21 D  43 55   7  99 1  84 37
             419 2023  4 29 21 32 24.040 L 1.000 X  45.95433 -130.02617   1.790 X  -9.000   0.300   0.200  -9.000    -18   -9   -9  152  73  -92   32 38   8 32 C  55 56   6 101 1 144 38
             420 2023  4 29 21 37 49.880 L 1.000 X  45.95367 -130.02583   1.780 X  -9.000   0.300   0.200  -9.000    -18   -9   -9  280  26 -137   42 37   8 12 D  47 49   6 144 1 149 38
             421 2023  4 30 22 58  7.060 L 1.000 X  45.93650 -130.01917   1.460 X  -9.000   0.300   0.200  -9.000    -18   -9   -9  255  44  -95   38 33  13 13 C  67 41  13 137 1 128 35
             422 2023  5  1 21 50  2.900 L 1.000 X  45.93667 -130.01817   1.260 X  -9.000   0.300   0.200  -9.000    -18   -9   -9   57  79 -169   40 47   8 24 D  47 43   7 148 1  83 38
             423 2023  5  2 12 41 38.170 L 1.000 X  45.92517 -129.98967   1.070 X  -9.000   0.300   0.200  -9.000    -18   -9   -9   84  48  -82   52 50  11 22 D  37 53   9 137 1 118 50
             424 2023  5  2 22 57  5.080 L 1.000 X  45.93983 -130.01900   1.300 X  -9.000   0.300   0.200  -9.000    -18   -9   -9   85  66 -135   35 38   9 33 C  59 48   8 120 1  68 37
             425 2023  5  3 13 23 56.620 L 1.000 X  45.93900 -130.01833   1.430 X  -9.000   0.300   0.200  -9.000    -18   -9   -9   81  42  -69   33 32  14 24 B  75 45  14 139 1  67 29
             426 2023  5  4  3 39 53.180 L 1.000 X  45.97550 -129.99617   1.320 X  -9.000   0.300   0.200  -9.000    -18   -9   -9  287  65 -160   37 41   9 15 C  52 42   7 126 1 143 57
             427 2023  5  8 20 57 31.520 L 1.000 X  45.94100 -129.98700   1.620 X  -9.000   0.300   0.200  -9.000    -18   -9   -9   90  75 -176   26 25  11 20 B  88 51  11 155 1  99 33
             428 2023  5  8 23 49 43.140 L 1.000 X  46.00350 -130.02901   1.440 X  -9.000   0.300   0.200  -9.000    -18   -9   -9  357  82  168   31 31   9 21 B  74 50   7 148 1  87 56
             429 2023  5 11 22 15  5.580 L 1.000 X  45.92467 -129.99117   0.980 X  -9.000   0.300   0.200  -9.000    -18   -9   -9   83  47  -98   30 19   9  9 A  81 50   8 152 1 101 59
             430 2023  5 11 22 16 20.160 L 1.000 X  45.92467 -129.99083   1.010 X  -9.000   0.300   0.200  -9.000    -18   -9   -9  321  34 -107   27 34   9 16 B  76 50   8 155 1 109 57
             431 2023  5 12  5 30 22.470 L 1.000 X  46.00083 -130.02817   1.430 X  -9.000   0.300   0.200  -9.000    -18   -9   -9  186  77 -153   32 37   8 26 C  59 42   7 171 1  80 64
             432 2023  5 12 12  5 30.360 L 1.000 X  45.92617 -129.98450   1.260 X  -9.000   0.300   0.200  -9.000    -18   -9   -9  205  49 -152   37 41  11  9 D  50 56  11 131 1 114 53
             433 2023  5 12 22 12  4.400 L 1.000 X  45.92500 -129.98466   1.230 X  -9.000   0.300   0.200  -9.000    -18   -9   -9  344  66 -146   50 59   8 42 D  45 51   6 132 1 118 30
             434 2023  5 13  0 22 11.160 L 1.000 X  45.93700 -130.01849   1.380 X  -9.000   0.300   0.200  -9.000    -18   -9   -9  173  63 -107   32 20  11 26 B  89 36   8 141 1  67 35
             435 2023  5 14 16  8 59.050 L 1.000 X  45.98800 -130.03934   1.500 X  -9.000   0.300   0.200  -9.000    -18   -9   -9  244  57 -140   26 26  10 23 B  84 36   9 191 1  77 29
             436 2023  5 14 21 33 54.940 L 1.000 X  45.92133 -129.98734   0.950 X  -9.000   0.300   0.200  -9.000    -18   -9   -9  259  81  169   27 26  10 34 B  85 46   8 133 1 118 54
             437 2023  5 15  9 16  7.830 L 1.000 X  45.99050 -130.00250   1.160 X  -9.000   0.300   0.200  -9.000    -18   -9   -9  253  36 -102   39 45   8 28 C  54 54   8 180 1 105 42
             438 2023  5 15 16 55 35.680 L 1.000 X  46.00300 -130.02667   1.500 X  -9.000   0.300   0.200  -9.000    -18   -9   -9  263  50 -117   47 47   8 33 D  45 50   7 130 1 119 56
             439 2023  5 17 12 40 36.190 L 1.000 X  45.94883 -129.98633   1.840 X  -9.000   0.300   0.200  -9.000    -18   -9   -9  348  81 -173   16 19  14  0 A  98 51  14 144 1  69 26
             440 2023  5 17 12 48 13.650 L 1.000 X  45.94867 -129.98717   1.740 X  -9.000   0.300   0.200  -9.000    -18   -9   -9  340  77 -173   38 35   9 20 C  58 56   8 136 1  74 25
             441 2023  5 17 12 53 21.100 L 1.000 X  45.94883 -129.98650   1.760 X  -9.000   0.300   0.200  -9.000    -18   -9   -9  137  44 -138   44 44  10 32 D  50 56   9 128 1  70 46
             442 2023  5 17 23 48 41.020 L 1.000 X  45.92667 -129.98801   1.220 X  -9.000   0.300   0.200  -9.000    -18   -9   -9  225  36 -116   41 39  11  8 C  52 46  10 165 1  75 39
             443 2023  5 18 13 35 43.760 L 1.000 X  45.96833 -129.99533   1.850 X  -9.000   0.300   0.200  -9.000    -18   -9   -9  340  76 -135   43 38   9 34 D  47 50   7 143 1  65 28
             444 2023  5 18 13 45 24.660 L 1.000 X  45.96783 -129.99550   1.840 X  -9.000   0.300   0.200  -9.000    -18   -9   -9   38  59 -166   24 22  11 10 A  84 60  11 128 1  99 27
             445 2023  5 18 13 45 45.820 L 1.000 X  45.96817 -129.99533   1.870 X  -9.000   0.300   0.200  -9.000    -18   -9   -9   46  63 -168   20 18  13 14 A  94 56  13 126 1  99 28
             446 2023  5 18 13 50 51.170 L 1.000 X  45.96833 -129.99550   1.850 X  -9.000   0.300   0.200  -9.000    -18   -9   -9   35  38 -180   44 57   9 26 D  37 57   8 133 1 145 28
             447 2023  5 18 13 51  0.850 L 1.000 X  45.96817 -129.99550   1.830 X  -9.000   0.300   0.200  -9.000    -18   -9   -9  191  89   97   38 42  10 15 C  57 61  10 109 1  86 28
             448 2023  5 18 14  0  2.040 L 1.000 X  45.96850 -129.99533   1.910 X  -9.000   0.300   0.200  -9.000    -18   -9   -9   38  62 -176   16 15  15 15 A  97 59  15 121 1  59 28
             449 2023  5 18 14  0 23.000 L 1.000 X  45.96883 -129.99533   1.850 X  -9.000   0.300   0.200  -9.000    -18   -9   -9  188  45 -139   34 30  10 28 B  64 60  10 119 1 148 29
             450 2023  5 18 14  1  7.220 L 1.000 X  45.96983 -129.99483   1.600 X  -9.000   0.300   0.200  -9.000    -18   -9   -9  122  79  166   36 37   8 16 C  56 56   7 128 1  83 37
             451 2023  5 18 14  6  8.060 L 1.000 X  45.96900 -129.99567   1.920 X  -9.000   0.300   0.200  -9.000    -18   -9   -9   50  50  -94   30 37  12 35 B  66 62  12 115 1 143 28
             452 2023  5 18 14 15 33.220 L 1.000 X  45.96950 -129.99583   1.650 X  -9.000   0.300   0.200  -9.000    -18   -9   -9   52  47  -95   15 17  14 36 A  98 50  14 156 1  86 33
             453 2023  5 18 14 21 22.140 L 1.000 X  45.96750 -129.99600   1.770 X  -9.000   0.300   0.200  -9.000    -18   -9   -9   27  51 -147   46 40   9 23 D  49 64   8 133 1  86 27
             454 2023  5 18 14 29 35.090 L 1.000 X  45.96833 -129.99617   1.720 X  -9.000   0.300   0.200  -9.000    -18   -9   -9  351  71 -140   50 52   9 43 D  27 62   7 123 1  61 29
             455 2023  5 18 14 32 43.710 L 1.000 X  45.96983 -129.99567   1.770 X  -9.000   0.300   0.200  -9.000    -18   -9   -9  345  86 -123   52 49   8 30 D  30 63   6 123 1  64 32
             456 2023  5 18 14 44 15.160 L 1.000 X  45.96933 -129.99600   1.640 X  -9.000   0.300   0.200  -9.000    -18   -9   -9  356  66 -137   39 40   8 36 D  42 54   7 142 1 110 33
             457 2023  5 18 14 45 41.530 L 1.000 X  45.97100 -129.99550   1.710 X  -9.000   0.300   0.200  -9.000    -18   -9   -9   35  49 -111   18 24  13 27 A  90 53  13 121 1  78 36
             458 2023  5 18 16 42  0.900 L 1.000 X  45.96950 -129.99600   1.750 X  -9.000   0.300   0.200  -9.000    -18   -9   -9   30  54  179   34 37  12 15 C  66 55  12 152 1  99 31
             459 2023  5 18 21 31 57.960 L 1.000 X  45.96167 -129.99567   1.390 X  -9.000   0.300   0.200  -9.000    -18   -9   -9  355  76 -141   57 50   9 33 D  25 46   9 142 1  95 33
             460 2023  5 19  1  3 46.930 L 1.000 X  45.92717 -129.98750   1.240 X  -9.000   0.300   0.200  -9.000    -18   -9   -9  266  70 -175   35 35   8  0 C  59 52   8 165 1  85 37
             461 2023  5 19 13 30 55.080 L 1.000 X  45.93800 -129.98717   1.320 X  -9.000   0.300   0.200  -9.000    -18   -9   -9   83  65  118   46 47  10 29 D  48 46  10 181 1  75 33
             462 2023  5 19 15  9 59.950 L 1.000 X  45.99050 -130.00734   1.990 X  -9.000   0.300   0.200  -9.000    -18   -9   -9  165  77 -156   63 66   8 40 D  20 66   7  90 1 132 30
             463 2023  5 19 15 12 31.880 L 1.000 X  45.98983 -130.00717   1.990 X  -9.000   0.300   0.200  -9.000    -18   -9   -9   63  18 -173   51 55  10 29 D  33 60  10  96 1  93 29
             464 2023  5 19 15 13  3.510 L 1.000 X  45.99000 -130.00684   1.980 X  -9.000   0.300   0.200  -9.000    -18   -9   -9  131  75  147   38 45   9 27 D  44 64   9 103 1  71 30
             465 2023  5 19 15 13 15.120 L 1.000 X  45.99000 -130.00684   1.970 X  -9.000   0.300   0.200  -9.000    -18   -9   -9  218  84  105   47 36  12  8 D  50 56  12 163 1  65 30
             466 2023  5 19 15 13 27.060 L 1.000 X  45.99033 -130.00751   1.990 X  -9.000   0.300   0.200  -9.000    -18   -9   -9  150  87 -178   41 44   9 35 D  47 66   9  97 1  72 30
             467 2023  5 19 15 16 15.150 L 1.000 X  45.97183 -129.99567   1.630 X  -9.000   0.300   0.200  -9.000    -18   -9   -9  298  84 -147   44 49   9 38 D  36 52   9 116 1 119 48
             468 2023  5 19 15 16 37.400 L 1.000 X  45.98967 -130.00700   1.840 X  -9.000   0.300   0.200  -9.000    -18   -9   -9  111  68  137   43 38  11 38 C  54 56  10 128 1  63 31
             469 2023  5 19 15 28 14.760 L 1.000 X  45.99017 -130.00734   1.970 X  -9.000   0.300   0.200  -9.000    -18   -9   -9   53  82  154   51 70   8 42 D  37 62   8 115 1  72 30
             470 2023  5 19 15 29 15.800 L 1.000 X  45.99017 -130.00751   1.960 X  -9.000   0.300   0.200  -9.000    -18   -9   -9   50  79  116   42 47   9 29 C  52 62   8 103 1 130 30
             471 2023  5 19 15 34  8.430 L 1.000 X  45.92867 -130.00183   1.380 X  -9.000   0.300   0.200  -9.000    -18   -9   -9  140  32  130   34 38   8 23 C  61 58   7 118 1  79 27
             472 2023  5 19 15 38  8.280 L 1.000 X  45.97183 -129.99533   1.600 X  -9.000   0.300   0.200  -9.000    -18   -9   -9   92  74  155   41 39   9 35 D  46 48   9 130 1 127 41
             473 2023  5 19 15 45 38.060 L 1.000 X  45.97167 -129.99550   1.630 X  -9.000   0.300   0.200  -9.000    -18   -9   -9   30  53 -115   45 50  10 32 D  40 57   9 106 1  72 40
             474 2023  5 19 15 46 17.270 L 1.000 X  45.97150 -129.99533   1.660 X  -9.000   0.300   0.200  -9.000    -18   -9   -9  140  81  174   35 38   9 47 C  58 58   8 131 1  71 39
             475 2023  5 19 15 57 27.770 L 1.000 X  45.97150 -129.99533   1.650 X  -9.000   0.300   0.200  -9.000    -18   -9   -9  293  87 -177   44 38  10 31 C  52 48   8 139 1  71 47
             476 2023  5 19 16  1 20.380 L 1.000 X  45.97150 -129.99533   1.660 X  -9.000   0.300   0.200  -9.000    -18   -9   -9  274  83 -179   27 23  10 14 B  84 50   9 115 1  77 47
             477 2023  5 19 16  4  7.260 L 1.000 X  46.00200 -129.98933   0.680 X  -9.000   0.300   0.200  -9.000    -18   -9   -9  304  23  -71   36 36   8 14 C  59 77   7 119 1 152 59
             478 2023  5 19 16  4 31.960 L 1.000 X  45.97150 -129.99533   1.670 X  -9.000   0.300   0.200  -9.000    -18   -9   -9  188  33 -142   47 55   9 43 D  30 59   8 115 1 122 39
             479 2023  5 19 16  4 49.960 L 1.000 X  45.97117 -129.99533   1.540 X  -9.000   0.300   0.200  -9.000    -18   -9   -9  184  31  -88   35 42  11 52 C  54 51  11 134 1  70 41
             480 2023  5 19 16 13  2.160 L 1.000 X  45.97183 -129.99533   1.680 X  -9.000   0.300   0.200  -9.000    -18   -9   -9   95  86  169   28 32  13 44 B  74 52  13 129 1  75 39
             481 2023  5 19 16 42  0.660 L 1.000 X  45.97217 -129.99567   1.590 X  -9.000   0.300   0.200  -9.000    -18   -9   -9  321  84 -121   44 52   8 26 D  46 60   6 114 1 102 42
             482 2023  5 20  2 11 51.860 L 1.000 X  46.00017 -130.02699   1.330 X  -9.000   0.300   0.200  -9.000    -18   -9   -9  220  41 -128   45 48  14 26 D  38 50  14 151 1  79 62
             483 2023  5 20  2 12 19.010 L 1.000 X  46.00017 -130.02667   1.350 X  -9.000   0.300   0.200  -9.000    -18   -9   -9  348  76  161   31 42  13 23 C  56 53  11 151 1 114 71
             484 2023  5 20 15 33 10.820 L 1.000 X  45.93850 -130.01933   1.440 X  -9.000   0.300   0.200  -9.000    -18   -9   -9  283  40 -137   39 39  14 22 C  51 43  14 134 1  67 30
             485 2023  5 21 17  9 46.040 L 1.000 X  45.97150 -129.99583   1.100 X  -9.000   0.300   0.200  -9.000    -18   -9   -9   49  76 -175   32 37   8  7 B  62 39   7 175 1  71 55
             486 2023  5 22 11 17 30.830 L 1.000 X  45.93733 -130.01900   1.280 X  -9.000   0.300   0.200  -9.000    -18   -9   -9  235  49 -100   41 37   9  5 C  64 44   7 115 1  80 35
             487 2023  5 22 15  4 12.500 L 1.000 X  45.93616 -130.01849   1.440 X  -9.000   0.300   0.200  -9.000    -18   -9   -9  297  89  154   41 32   8  9 C  62 29   6 184 1 105 57
             488 2023  5 22 15 31  7.300 L 1.000 X  45.92433 -129.99133   0.910 X  -9.000   0.300   0.200  -9.000    -18   -9   -9  276  64 -170   37 39   8 39 C  70 43   7 151 1 116 62
             489 2023  5 22 18 38  7.920 L 1.000 X  45.97467 -129.99516   1.690 X  -9.000   0.300   0.200  -9.000    -18   -9   -9  327  73 -131   38 30   8  8 C  57 50   7 141 1 109 46
             490 2023  5 22 23 44 33.020 L 1.000 X  45.97233 -129.99550   1.650 X  -9.000   0.300   0.200  -9.000    -18   -9   -9   57  77  173   29 24   9 27 B  82 61   8 126 1 105 41
             491 2023  5 23  0  7 33.530 L 1.000 X  45.97283 -129.99567   1.690 X  -9.000   0.300   0.200  -9.000    -18   -9   -9   57  54 -155   29 22  11  6 B  87 53  11 140 1 105 41
             492 2023  5 23  3 23 37.080 L 1.000 X  45.94083 -130.01900   1.440 X  -9.000   0.300   0.200  -9.000    -18   -9   -9  145  72 -129   30 22  12 17 B  85 46  12 130 1  94 37
             493 2023  5 23  3 24 35.870 L 1.000 X  45.94100 -130.01900   1.400 X  -9.000   0.300   0.200  -9.000    -18   -9   -9  303  85  113   31 23  13 15 B  82 47  12 114 1  68 38
             494 2023  5 23 10  3 10.320 L 1.000 X  45.93817 -130.01866   1.260 X  -9.000   0.300   0.200  -9.000    -18   -9   -9  196  58 -143   44 45   9 12 D  40 45   7 127 1 100 33
             495 2023  5 23 16 43 28.960 L 1.000 X  45.97083 -129.99567   1.650 X  -9.000   0.300   0.200  -9.000    -18   -9   -9   44  72  178   45 46   9 26 D  41 59   7 150 1  68 37
             496 2023  5 23 16 43 51.280 L 1.000 X  45.97117 -129.99567   1.660 X  -9.000   0.300   0.200  -9.000    -18   -9   -9  353  75  -98   37 39  10 31 C  67 55   7 140 1  70 38
             497 2023  5 23 16 51 59.780 L 1.000 X  45.96617 -129.99634   1.410 X  -9.000   0.300   0.200  -9.000    -18   -9   -9    7  53 -125   41 47   9 29 C  53 43   6 144 1  93 60
             498 2023  5 23 22 10 58.120 L 1.000 X  45.93717 -130.01950   1.310 X  -9.000   0.300   0.200  -9.000    -18   -9   -9   52  43  -79   28 33   8  0 B  72 42   7 164 1 127 35
             499 2023  5 23 23 40 57.840 L 1.000 X  45.91950 -129.98883   0.890 X  -9.000   0.300   0.200  -9.000    -18   -9   -9   73  88  179   34 37   9 19 C  64 45   8 138 1 119 65
             500 2023  5 23 23 56 45.020 L 1.000 X  45.92000 -129.98950   0.900 X  -9.000   0.300   0.200  -9.000    -18   -9   -9   53  58 -147   44 48   8 19 D  42 47   7 138 1 119 65
             501 2023  5 24  0 55 35.210 L 1.000 X  45.97033 -129.99583   1.600 X  -9.000   0.300   0.200  -9.000    -18   -9   -9   32  49 -100   24 28  10 32 B  84 44   8 165 1  65 50
             502 2023  5 24 10 54 54.350 L 1.000 X  45.93767 -130.01833   1.380 X  -9.000   0.300   0.200  -9.000    -18   -9   -9  252  50  -95   22 19  12  7 A  99 41  11 158 1 104 34
             503 2023  5 24 13 15 32.640 L 1.000 X  45.92717 -129.98767   1.230 X  -9.000   0.300   0.200  -9.000    -18   -9   -9  265  81  177   37 33   8 19 C  51 52   8 164 1 116 38
             504 2023  5 24 14 10  3.040 L 1.000 X  45.97017 -129.99634   1.560 X  -9.000   0.300   0.200  -9.000    -18   -9   -9   41  69 -147   45 54  11 32 D  36 51   9 157 1  65 36
             505 2023  5 24 15 35 46.510 L 1.000 X  45.93850 -130.01883   1.430 X  -9.000   0.300   0.200  -9.000    -18   -9   -9  253  43  -96   16 17  16 22 A  97 42  16 129 1  67 30
             506 2023  5 24 19  2  4.800 L 1.000 X  45.96333 -129.99249   2.000 X  -9.000   0.300   0.200  -9.000    -18   -9   -9  119  59  169   31 27   9 50 B  72 63   8 126 1 104 29
             507 2023  5 24 19  9  9.100 L 1.000 X  45.96283 -129.99217   1.630 X  -9.000   0.300   0.200  -9.000    -18   -9   -9  137  85  137   48 50   8 38 D  41 51   6 140 1 117 36
             508 2023  5 24 19 56 12.120 L 1.000 X  45.96817 -129.99600   1.600 X  -9.000   0.300   0.200  -9.000    -18   -9   -9  146  52 -110   32 25  10 27 B  73 49   7 153 1  65 31
             509 2023  5 24 19 56 31.280 L 1.000 X  45.96800 -129.99600   1.580 X  -9.000   0.300   0.200  -9.000    -18   -9   -9   48  45  -90   24 33  10 38 B  89 42  10 180 1  58 54
             510 2023  5 24 19 57 26.320 L 1.000 X  45.96400 -129.99266   1.810 X  -9.000   0.300   0.200  -9.000    -18   -9   -9  344  59 -140   40 34   9 33 C  59 54   9 147 1  69 49
             511 2023  5 24 19 58 36.760 L 1.000 X  45.96800 -129.99617   1.500 X  -9.000   0.300   0.200  -9.000    -18   -9   -9    8  47 -106   36 39   9 63 C  59 37   6 173 1 150 56
             512 2023  5 24 20 57 51.240 L 1.000 X  46.00033 -130.03000   1.480 X  -9.000   0.300   0.200  -9.000    -18   -9   -9  104  40  -69   40 37   9  0 D  50 35   8 163 1  88 68
             513 2023  5 24 22 42 37.840 L 1.000 X  45.98100 -129.99867   1.810 X  -9.000   0.300   0.200  -9.000    -18   -9   -9  234  83 -174   32 23  13 31 B  72 52  13 112 1  95 40
             514 2023  5 24 22 42 51.240 L 1.000 X  45.98067 -129.99800   1.700 X  -9.000   0.300   0.200  -9.000    -18   -9   -9  332  81 -145   33 39   9 40 D  41 52   9  95 1  97 43
             515 2023  5 25  6 11  8.780 L 1.000 X  46.00017 -130.02800   1.460 X  -9.000   0.300   0.200  -9.000    -18   -9   -9    3  90  166   28 29   9 45 B  74 40   9 172 1  67 62
             516 2023  5 26  8 44 54.240 L 1.000 X  45.93683 -130.01883   1.370 X  -9.000   0.300   0.200  -9.000    -18   -9   -9  221  47  -84   29 26  15 25 B  70 39  15 146 1  67 36
             517 2023  5 26 17 19 34.720 L 1.000 X  45.93667 -130.01917   1.190 X  -9.000   0.300   0.200  -9.000    -18   -9   -9  215  84 -168   27 32   9 11 B  73 37   9 149 1  69 38
             518 2023  5 27  7 14 52.750 L 1.000 X  45.93683 -130.01883   1.330 X  -9.000   0.300   0.200  -9.000    -18   -9   -9   35  41  -83   37 46  11 29 C  53 38  10 151 1 127 36
             519 2023  5 27 10 41 37.420 L 1.000 X  45.93967 -130.01883   1.140 X  -9.000   0.300   0.200  -9.000    -18   -9   -9  236  55  -68   38 41  12 16 C  57 47  12 135 1  89 40
             520 2023  5 27 21 15 20.480 L 1.000 X  45.93750 -130.01933   1.200 X  -9.000   0.300   0.200  -9.000    -18   -9   -9   65  41  -72   25 32  11 24 B  83 43   8 148 1  69 35
             521 2023  5 28  6 34 21.960 L 1.000 X  45.92050 -129.98883   0.940 X  -9.000   0.300   0.200  -9.000    -18   -9   -9  170  69 -149   31 35   9 16 B  66 46   8 155 1 116 66
             522 2023  5 28  6 38 25.050 L 1.000 X  45.92050 -129.98801   1.190 X  -9.000   0.300   0.200  -9.000    -18   -9   -9  358  83 -170   24 26  11  4 B  86 52   9 133 1  84 47
             523 2023  5 28  9 29 34.690 L 1.000 X  45.93683 -130.01950   1.170 X  -9.000   0.300   0.200  -9.000    -18   -9   -9   77  41  -74   38 40  11 42 D  49 40  11 167 1  80 38
             524 2023  5 28 15 22 55.730 L 1.000 X  45.93616 -130.01917   1.180 X  -9.000   0.300   0.200  -9.000    -18   -9   -9   38  71  159   31 30  10 36 B  80 38  10 130 1 102 40
             525 2023  5 28 20 27 26.560 L 1.000 X  45.94250 -130.01933   1.430 X  -9.000   0.300   0.200  -9.000    -18   -9   -9  147  79 -162   25 25  13 41 B  87 42  13 132 1 111 43
             526 2023  5 29 19 26 17.040 L 1.000 X  45.92567 -129.98450   1.260 X  -9.000   0.300   0.200  -9.000    -18   -9   -9  248  55 -154   32 25   9 31 B  74 50   8 144 1  79 29
             527 2023  5 30 10 35 46.790 L 1.000 X  45.96600 -129.99583   1.660 X  -9.000   0.300   0.200  -9.000    -18   -9   -9  193  44 -130   44 47  12 39 D  48 50  11 139 1  58 53
             528 2023  5 31 17 18  2.580 L 1.000 X  45.93700 -130.01849   1.280 X  -9.000   0.300   0.200  -9.000    -18   -9   -9  220  90  142   31 31  12 14 B  65 40  10 150 1  57 37
             529 2023  6  1 11 36 46.620 L 1.000 X  45.92683 -129.98849   1.270 X  -9.000   0.300   0.200  -9.000    -18   -9   -9   75  55  -78   36 37  13 19 C  59 47  12 160 1  84 39
             530 2023  6  1 12 14 31.160 L 1.000 X  45.90533 -130.01666   0.500 X  -9.000   0.300   0.200  -9.000    -18   -9   -9   63  28 -151   36 35   8 19 C  55 81   7 107 1 287 50
             531 2023  6  2 12 40 19.160 L 1.000 X  45.98283 -129.99933   1.880 X  -9.000   0.300   0.200  -9.000    -18   -9   -9   77  20 -108   27 44   8 22 C  53 65   7 115 1 113 36
             532 2023  6  2 14 39 36.190 L 1.000 X  45.98400 -129.99950   1.940 X  -9.000   0.300   0.200  -9.000    -18   -9   -9  215  80   71   37 36   8  8 C  57 66   7 110 1 123 35
             533 2023  6  2 15 20 13.910 L 1.000 X  45.93917 -129.98767   1.230 X  -9.000   0.300   0.200  -9.000    -18   -9   -9  350  34  172   51 49   8  6 D  23 56   4 109 1 115 39
             534 2023  6  2 15 27  8.440 L 1.000 X  45.93800 -129.98801   1.360 X  -9.000   0.300   0.200  -9.000    -18   -9   -9  105  62  -84   43 42   8 33 D  34 48   7 188 1  96 43
             535 2023  6  2 17 22 50.120 L 1.000 X  45.95700 -129.98933   2.000 X  -9.000   0.300   0.200  -9.000    -18   -9   -9  355  64 -164   35 30   8  8 B  73 70   5 107 1 100 34
             536 2023  6  3  2 11  2.960 L 1.000 X  45.96650 -129.99600   1.360 X  -9.000   0.300   0.200  -9.000    -18   -9   -9   49  86  176   36 55  13 25 D  47 40  11 187 1  76 62
             537 2023  6  3 11 23 44.060 L 1.000 X  45.93683 -130.01933   1.290 X  -9.000   0.300   0.200  -9.000    -18   -9   -9  322  52  146   59 65   9 41 D  39 40   7 155 1 103 36
             538 2023  6  3 15 40 34.600 L 1.000 X  45.94017 -130.01933   1.250 X  -9.000   0.300   0.200  -9.000    -18   -9   -9    4  75  168   40 37   8 36 C  54 44   8 170 1  77 67
             539 2023  6  3 20 49 42.980 L 1.000 X  45.92317 -129.99150   1.110 X  -9.000   0.300   0.200  -9.000    -18   -9   -9  263  66  176   27 23   8 10 A  88 46   6 186 1  98 55
             540 2023  6  3 21 52 42.480 L 1.000 X  45.92383 -129.99200   0.940 X  -9.000   0.300   0.200  -9.000    -18   -9   -9  276  47 -125   35 34   8  0 B  63 52   6 156 1 165 64
             541 2023  6  3 21 53 18.160 L 1.000 X  45.92417 -129.99249   0.970 X  -9.000   0.300   0.200  -9.000    -18   -9   -9  271  51 -134   19 17  11 16 A  96 49  10 175 1 103 64
             542 2023  6  3 22 11 28.760 L 1.000 X  45.92300 -129.99066   1.320 X  -9.000   0.300   0.200  -9.000    -18   -9   -9  258  50 -155   41 48   8 28 D  40 61   6 123 1  86 46
             543 2023  6  3 22 12 43.360 L 1.000 X  45.92400 -129.99266   0.940 X  -9.000   0.300   0.200  -9.000    -18   -9   -9  273  55 -136   17 17  11 17 A  98 46  11 186 1  83 65
             544 2023  6  3 22 15 26.040 L 1.000 X  45.92250 -129.99049   1.140 X  -9.000   0.300   0.200  -9.000    -18   -9   -9  245  62  175   52 56   8 39 D  34 45   7 163 1 125 52
             545 2023  6  3 22 18 56.200 L 1.000 X  45.92333 -129.99049   1.230 X  -9.000   0.300   0.200  -9.000    -18   -9   -9  243  89  153   39 42   8 24 D  40 52   7 135 1 132 47
             546 2023  6  3 22 24 51.120 L 1.000 X  45.92350 -129.99150   1.230 X  -9.000   0.300   0.200  -9.000    -18   -9   -9   69  70 -134   46 36  11 33 D  49 52   9 131 1  82 50
             547 2023  6  4  0  4 28.470 L 1.000 X  46.00367 -130.02783   1.410 X  -9.000   0.300   0.200  -9.000    -18   -9   -9  348  18  -78   36 49  11 22 C  59 44  11 145 1  84 72
             548 2023  6  4  3 49 17.920 L 1.000 X  45.94083 -130.01883   1.380 X  -9.000   0.300   0.200  -9.000    -18   -9   -9  113  77 -146   30 30  14 32 B  81 47  14 131 1 101 38
             549 2023  6  4  4 36 53.880 L 1.000 X  45.93633 -130.01917   1.370 X  -9.000   0.300   0.200  -9.000    -18   -9   -9  219  51  -97   30 26  12  3 B  73 33  12 162 1 126 60
             550 2023  6  4 22  1 50.060 L 1.000 X  45.94567 -130.03917   1.710 X  -9.000   0.300   0.200  -9.000    -18   -9   -9   13  31 -102   50 53   8 46 D  48 49   8 109 1 169 48
             551 2023  6  5  3  5 26.460 L 1.000 X  45.95733 -129.98784   1.710 X  -9.000   0.300   0.200  -9.000    -18   -9   -9  359  55 -171   26 21   8  0 A  90 67   7 139 1  96 37
             552 2023  6  5  7  6 44.260 L 1.000 X  45.91633 -129.99033   0.930 X  -9.000   0.300   0.200  -9.000    -18   -9   -9  112  46  -76   41 36   8  6 C  51 38   7 163 1 134 74
             553 2023  6  5 10 13 27.770 L 1.000 X  45.92467 -129.99150   1.040 X  -9.000   0.300   0.200  -9.000    -18   -9   -9  293  76  158   33 29  11 35 B  77 44  11 141 1 101 57
             554 2023  6  6 14 38  5.090 L 1.000 X  45.93717 -130.01950   1.180 X  -9.000   0.300   0.200  -9.000    -18   -9   -9  225  85 -161   31 37  11 37 B  72 36  10 171 1  81 37
             555 2023  6  6 16  9  1.720 L 1.000 X  45.95683 -129.98917   2.060 X  -9.000   0.300   0.200  -9.000    -18   -9   -9  358  82 -158   28 34  15 12 B  68 63  13 134 1  58 32
             556 2023  6  7  3 15 27.720 L 1.000 X  45.92400 -129.99200   0.920 X  -9.000   0.300   0.200  -9.000    -18   -9   -9  288  57  -38   36 36  10 26 C  65 46   7 151 1  83 64
             557 2023  6  7  3 16  2.340 L 1.000 X  45.92450 -129.99117   0.970 X  -9.000   0.300   0.200  -9.000    -18   -9   -9  174  79  166   29 29  11 31 B  75 51  10 151 1  81 60
             558 2023  6  7 17 11 19.760 L 1.000 X  45.92400 -129.98300   1.260 X  -9.000   0.300   0.200  -9.000    -18   -9   -9  279  44  -80   28 32  11  0 B  74 45  10 174 1  80 42
             559 2023  6  7 19 24 11.440 L 1.000 X  46.00250 -130.02800   1.390 X  -9.000   0.300   0.200  -9.000    -18   -9   -9  142  54 -123   33 29  11 15 B  69 45  11 144 1  83 61
             560 2023  6  8  0 24 58.420 L 1.000 X  45.96400 -129.99350   1.590 X  -9.000   0.300   0.200  -9.000    -18   -9   -9  359  51 -133   48 37   8  9 C  54 44   6 183 1  87 33
             561 2023  6  8  6 28 32.610 L 1.000 X  45.92283 -129.99217   0.920 X  -9.000   0.300   0.200  -9.000    -18   -9   -9  273  77 -177   30 33   8 21 C  53 49   8 141 1  99 66
             562 2023  6  8  7 45 41.430 L 1.000 X  45.92283 -129.99167   0.990 X  -9.000   0.300   0.200  -9.000    -18   -9   -9  181  86  166   29 35   8 40 B  79 38   7 159 1  88 62
             563 2023  6  8  7 56 12.120 L 1.000 X  45.92650 -129.98683   1.180 X  -9.000   0.300   0.200  -9.000    -18   -9   -9  269  58 -170   33 34   8 19 B  61 49   8 150 1 123 36
             564 2023  6  8 23 48 51.000 L 1.000 X  45.98083 -130.00017   2.040 X  -9.000   0.300   0.200  -9.000    -18   -9   -9  236  72 -158   55 45  10 25 D  41 61   8 106 1  97 33
             565 2023  6  9  0 11 49.680 L 1.000 X  45.98033 -129.99916   1.700 X  -9.000   0.300   0.200  -9.000    -18   -9   -9  310  62 -147   56 53   8 44 D  28 48   8 170 1  95 41
             566 2023  6  9  4  7 25.290 L 1.000 X  45.98083 -130.00017   2.070 X  -9.000   0.300   0.200  -9.000    -18   -9   -9   68   4 -159   32 34  14  0 B  68 56  14 104 1 142 32
             567 2023  6  9  4 20 16.150 L 1.000 X  45.98100 -130.00050   2.020 X  -9.000   0.300   0.200  -9.000    -18   -9   -9  282  68  -70   33 43  12 33 C  56 62  12 105 1 131 32
             568 2023  6  9  4 28 17.580 L 1.000 X  45.98050 -130.00017   1.840 X  -9.000   0.300   0.200  -9.000    -18   -9   -9   53  59 -153   38 20  18 29 B  69 51  18 123 1  97 36
             569 2023  6  9  4 28 41.010 L 1.000 X  45.98067 -130.00067   1.760 X  -9.000   0.300   0.200  -9.000    -18   -9   -9  273  58  -63   18 25  13 12 A  92 46  13 157 1 107 37
             570 2023  6  9  4 29  9.710 L 1.000 X  45.98133 -129.99966   2.050 X  -9.000   0.300   0.200  -9.000    -18   -9   -9  126  63  177   26 21   8 15 A  91 57   8 115 1 162 33
             571 2023  6  9  4 30 21.680 L 1.000 X  45.98150 -129.99983   2.040 X  -9.000   0.300   0.200  -9.000    -18   -9   -9  326  77 -102   18 21  11 18 A  98 58  11 118 1  98 33
             572 2023  6  9  5 34 35.050 L 1.000 X  45.98200 -130.00000   1.990 X  -9.000   0.300   0.200  -9.000    -18   -9   -9   60  32 -134   25 14   8 15 A  95 58   8 106 1 169 53
             573 2023  6 10  0  6 52.650 L 1.000 X  45.99983 -130.02783   1.240 X  -9.000   0.300   0.200  -9.000    -18   -9   -9  347  77 -177   33 44   9 36 C  59 44   9 147 1  81 61
             574 2023  6 10  7  9  6.700 L 1.000 X  45.92667 -129.98784   1.060 X  -9.000   0.300   0.200  -9.000    -18   -9   -9  276  41 -123   18 23   9  7 A  94 42   8 176 1 158 45
             575 2023  6 12 23  6 39.380 L 1.000 X  45.93950 -129.98734   1.540 X  -9.000   0.300   0.200  -9.000    -18   -9   -9   97  54 -158   35 38   8 12 D  40 54   8 155 1 105 32
             576 2023  6 12 23  7  8.640 L 1.000 X  45.93950 -129.98750   1.540 X  -9.000   0.300   0.200  -9.000    -18   -9   -9   95  85 -173   26 17  12  5 A  92 54  12 146 1  81 32
             577 2023  6 12 23  7 22.600 L 1.000 X  45.93900 -129.98700   1.530 X  -9.000   0.300   0.200  -9.000    -18   -9   -9  273  84  172   20 15  12 13 A  96 45  12 181 1  64 40
             578 2023  6 12 23 13 51.440 L 1.000 X  45.93917 -129.98683   1.520 X  -9.000   0.300   0.200  -9.000    -18   -9   -9  286  86 -175   42 43  10 23 D  49 46   9 163 1 138 40
             579 2023  6 12 23 18 18.440 L 1.000 X  45.93933 -129.98683   1.490 X  -9.000   0.300   0.200  -9.000    -18   -9   -9   96  89 -175   25 20  12 17 A  88 49  12 163 1  80 31
             580 2023  6 12 23 18 29.000 L 1.000 X  45.93884 -129.98700   1.390 X  -9.000   0.300   0.200  -9.000    -18   -9   -9  312  76 -152   41 45   8 21 D  42 43   7 159 1  81 32
             581 2023  6 12 23 18 42.440 L 1.000 X  45.93917 -129.98700   1.550 X  -9.000   0.300   0.200  -9.000    -18   -9   -9  251  58  177   39 30   9 21 B  71 45   8 182 1 107 30
             582 2023  6 12 23 43 41.540 L 1.000 X  45.93900 -129.98717   1.400 X  -9.000   0.300   0.200  -9.000    -18   -9   -9   96  70 -167   40 33   8 31 C  68 48   7 152 1 131 33
             583 2023  6 13  2 19 17.270 L 1.000 X  45.94150 -130.01950   1.360 X  -9.000   0.300   0.200  -9.000    -18   -9   -9   56  47  -87   22 21  14 14 A  86 44  14 133 1 100 42
             584 2023  6 13 20 38 17.960 L 1.000 X  46.01467 -130.02834   1.690 X  -9.000   0.300   0.200  -9.000    -18   -9   -9   62  38 -133   36 42   8 21 C  53 52   8  96 1 106 51
             585 2023  6 13 23 47 29.760 L 1.000 X  45.92467 -129.99100   1.000 X  -9.000   0.300   0.200  -9.000    -18   -9   -9  113  45  -82   36 34  10  0 D  42 40   9 166 1 102 58
             586 2023  6 17 14 38 12.520 L 1.000 X  45.92683 -129.98717   1.300 X  -9.000   0.300   0.200  -9.000    -18   -9   -9  326  71 -175   38 36   9 56 C  54 49   8 151 1  82 34
             587 2023  6 18 16 49 41.530 L 1.000 X  45.97500 -129.99600   1.440 X  -9.000   0.300   0.200  -9.000    -18   -9   -9  318  84  174   44 45   8 45 D  45 47   7 137 1  93 53
             588 2023  6 21 11 44  3.030 L 1.000 X  45.92650 -129.98584   1.310 X  -9.000   0.300   0.200  -9.000    -18   -9   -9  256  59 -175   37 34   9 22 C  61 45   9 162 1  69 30
             589 2023  6 21 11 44 48.700 L 1.000 X  45.92633 -129.98633   1.300 X  -9.000   0.300   0.200  -9.000    -18   -9   -9  264  68  169   42 36   8 19 C  61 48   8 141 1  84 31
             590 2023  6 23 20 18 41.360 L 1.000 X  46.00317 -130.02867   1.490 X  -9.000   0.300   0.200  -9.000    -18   -9   -9  350  85  173   27 32   8 29 B  72 42   8 162 1  85 56
             591 2023  6 25 22 35 15.460 L 1.000 X  45.92583 -129.98050   1.220 X  -9.000   0.300   0.200  -9.000    -18   -9   -9   99  50  -88   27 23  11 18 A  90 49  10 170 1  89 42
             592 2023  6 25 22 35 23.440 L 1.000 X  45.92583 -129.98067   1.290 X  -9.000   0.300   0.200  -9.000    -18   -9   -9  102  58 -104   40 37   8  2 D  49 47   8 184 1 118 40
             593 2023  6 26 13 55 27.020 L 1.000 X  45.98117 -129.99817   1.980 X  -9.000   0.300   0.200  -9.000    -18   -9   -9  294  87 -142   40 49   8 33 D  32 64   7  78 1 120 40
             594 2023  6 27  3 38  1.740 L 1.000 X  46.00167 -130.02766   1.380 X  -9.000   0.300   0.200  -9.000    -18   -9   -9  355  85  172   23 24   8 27 A  89 47   8 162 1  80 63
             595 2023  6 27 10 11 33.570 L 1.000 X  45.95867 -129.98734   1.980 X  -9.000   0.300   0.200  -9.000    -18   -9   -9   23  82  -95   29 22  10 19 B  86 54  10 119 1  87 35
             596 2023  6 27 14 35 36.330 L 1.000 X  45.93983 -129.98334   1.320 X  -9.000   0.300   0.200  -9.000    -18   -9   -9  355  74  152   47 51   8 23 D  48 51   6 145 1 102 27
             597 2023  6 27 16 13 18.950 L 1.000 X  45.94033 -129.98399   1.280 X  -9.000   0.300   0.200  -9.000    -18   -9   -9  358  79  155   21 29  10 24 B  89 46   8 163 1  91 31
             598 2023  6 27 23 26  3.700 L 1.000 X  45.97150 -129.99483   1.210 X  -9.000   0.300   0.200  -9.000    -18   -9   -9  214  69 -174   28 35  10  3 B  72 42   9 159 1  85 51
             599 2023  6 28 12 16 46.530 L 1.000 X  45.92617 -129.98117   1.250 X  -9.000   0.300   0.200  -9.000    -18   -9   -9  287  47  -96   25 27   9 22 B  82 40   8 181 1  75 65
             600 2023  6 28 22 53  4.340 L 1.000 X  45.95083 -129.98567   1.780 X  -9.000   0.300   0.200  -9.000    -18   -9   -9  147  58  110   58 63  10 20 D  20 64   7 105 1  74 31
             601 2023  6 28 23  6 41.040 L 1.000 X  45.95016 -129.98584   1.940 X  -9.000   0.300   0.200  -9.000    -18   -9   -9  233  88 -138   50 55   8 11 D  32 61   6 107 1  88 28
             602 2023  6 29  1 46 42.860 L 1.000 X  45.95850 -129.98984   2.040 X  -9.000   0.300   0.200  -9.000    -18   -9   -9  148  81  153   28 30  10 25 B  74 72   8  98 1 114 37
             603 2023  6 29 12  8 53.830 L 1.000 X  45.96017 -129.98967   1.500 X  -9.000   0.300   0.200  -9.000    -18   -9   -9  129  65  171   30 33   9 21 B  72 49   7 147 1  95 47
             604 2023  6 29 17 18 57.680 L 1.000 X  45.94067 -129.98700   1.570 X  -9.000   0.300   0.200  -9.000    -18   -9   -9   98  76 -175   48 54   8 22 D  61 59   7 129 1  95 33
             605 2023  6 30 15 29 20.910 L 1.000 X  45.92683 -129.98734   1.280 X  -9.000   0.300   0.200  -9.000    -18   -9   -9  102  69 -125   43 38   9 19 C  53 52   8 153 1  92 35
             606 2023  7  1 15 52 48.480 L 1.000 X  45.93683 -129.98151   1.420 X  -9.000   0.300   0.200  -9.000    -18   -9   -9  360  75  141   27 47   9 20 C  64 46   9 151 1  99 21
             607 2023  7  1 15 59 15.400 L 1.000 X  45.93683 -129.98199   1.380 X  -9.000   0.300   0.200  -9.000    -18   -9   -9  339  60  -93   26 28  10 25 B  84 50   9 155 1  88 20
             608 2023  7  2  9 25 15.060 L 1.000 X  45.93633 -129.98167   1.440 X  -9.000   0.300   0.200  -9.000    -18   -9   -9  358  71 -129   22 35  13 12 B  75 40  12 186 1  66 22
             609 2023  7  2 12 37 46.410 L 1.000 X  45.94316 -129.98550   1.660 X  -9.000   0.300   0.200  -9.000    -18   -9   -9   15  74 -125   38 43   9 29 D  45 60   8 132 1  80 31
             610 2023  7  5 22 46 41.880 L 1.000 X  45.92600 -129.98917   1.080 X  -9.000   0.300   0.200  -9.000    -18   -9   -9  160  82 -176   14 17  13 20 A  99 51  13 167 1  75 48
             611 2023  7  9 13 36 13.120 L 1.000 X  45.96467 -129.99217   1.910 X  -9.000   0.300   0.200  -9.000    -18   -9   -9  121  49  166   26 25   8 17 B  85 55   5 168 1 178 31
             612 2023  7  9 13 39 59.420 L 1.000 X  45.96416 -129.99200   1.920 X  -9.000   0.300   0.200  -9.000    -18   -9   -9    7  51 -139   48 45   8 34 D  49 65   5 103 1 123 46
             613 2023  7  9 13 51 15.150 L 1.000 X  45.96416 -129.99167   1.840 X  -9.000   0.300   0.200  -9.000    -18   -9   -9  119  68  168   22 22  10 15 A  94 58  10 140 1  77 33
             614 2023  7  9 14  5 48.650 L 1.000 X  45.96450 -129.99200   1.960 X  -9.000   0.300   0.200  -9.000    -18   -9   -9  357  69 -119   41 43  10 20 D  44 45   9 171 1  84 30
             615 2023  7  9 14 27 51.450 L 1.000 X  45.96400 -129.99200   1.920 X  -9.000   0.300   0.200  -9.000    -18   -9   -9  359  83 -115   39 42   8 25 D  46 50   7 158 1  82 31
             616 2023  7 10  1  6 27.950 L 1.000 X  45.92383 -129.98967   1.140 X  -9.000   0.300   0.200  -9.000    -18   -9   -9  154  56  -52   23 25   9 11 A  88 43   7 179 1  88 48
             617 2023  7 10  6  9 32.610 L 1.000 X  46.00083 -130.02634   1.310 X  -9.000   0.300   0.200  -9.000    -18   -9   -9    1  89  168   33 30   8 19 B  68 43   8 163 1  77 62
             618 2023  7 10 22  1 19.780 L 1.000 X  46.00267 -130.02850   1.620 X  -9.000   0.300   0.200  -9.000    -18   -9   -9  353  75  162   27 32  10 23 B  70 50   9 122 1  83 55
             619 2023  7 11 10 10  6.090 L 1.000 X  45.92067 -129.97600   1.510 X  -9.000   0.300   0.200  -9.000    -18   -9   -9  185  41  178   32 33   9  3 B  66 61   8 112 1 118 28
             620 2023  7 11 20 11 44.840 L 1.000 X  46.00250 -130.02299   1.580 X  -9.000   0.300   0.200  -9.000    -18   -9   -9   84  66  172   38 33   8 23 C  63 46   7 123 1 101 46
             621 2023  7 13 13 29 19.760 L 1.000 X  46.00350 -130.02783   1.530 X  -9.000   0.300   0.200  -9.000    -18   -9   -9   96  67  160   36 29   9 27 B  65 47   9 138 1  84 54
             622 2023  7 17 10 21 11.780 L 1.000 X  45.93533 -130.01683   1.050 X  -9.000   0.300   0.200  -9.000    -18   -9   -9  132  80  180   30 35  14 27 B  74 45  14 158 1  82 50
             623 2023  7 17 10 21 24.190 L 1.000 X  45.93500 -130.01767   0.950 X  -9.000   0.300   0.200  -9.000    -18   -9   -9  320  42  -86   43 31  10 25 C  53 36   9 169 1 107 46
             624 2023  7 17 10 22  7.730 L 1.000 X  45.93533 -130.01666   1.020 X  -9.000   0.300   0.200  -9.000    -18   -9   -9  131  82 -170   47 37  14 30 D  45 44  14 157 1  82 47
             625 2023  7 18  5  9 36.070 L 1.000 X  45.92367 -129.98917   0.810 X  -9.000   0.300   0.200  -9.000    -18   -9   -9  176  90  176   21 23   8 22 A  95 44   8 160 1 108 69
             626 2023  7 19  0 55 19.250 L 1.000 X  46.00083 -130.02667   1.750 X  -9.000   0.300   0.200  -9.000    -18   -9   -9   39  11  -65   28 37  12 13 B  77 53  12 135 1  96 61
             627 2023  7 19 17  2  4.680 L 1.000 X  45.92484 -129.99133   0.920 X  -9.000   0.300   0.200  -9.000    -18   -9   -9  263  42  -70   37 41  10 16 C  56 44   8 142 1 101 62
             628 2023  7 19 17  2 56.500 L 1.000 X  45.92467 -129.99133   0.930 X  -9.000   0.300   0.200  -9.000    -18   -9   -9  154  57 -121   35 48   9  6 D  48 44   9 146 1 132 61
             629 2023  7 20  7  1 24.000 L 1.000 X  46.00117 -130.03000   1.530 X  -9.000   0.300   0.200  -9.000    -18   -9   -9  180  85 -159   32 31   8 30 B  65 40   8 158 1  80 60
             630 2023  7 20 18 46 44.920 L 1.000 X  45.92517 -129.99083   1.200 X  -9.000   0.300   0.200  -9.000    -18   -9   -9  275  56 -161   25 26   9 21 B  84 54   9 139 1  72 48
             631 2023  7 22 18 15 28.440 L 1.000 X  46.00300 -130.02766   1.290 X  -9.000   0.300   0.200  -9.000    -18   -9   -9  358  82  168   37 39   8 21 C  71 48   8 151 1 112 60
             632 2023  7 26 15  5 59.030 L 1.000 X  46.00583 -130.02699   1.620 X  -9.000   0.300   0.200  -9.000    -18   -9   -9  359  69  173   30 32   8 46 B  80 50   8 169 1  95 42
             633 2023  7 27  1  7 16.410 L 1.000 X  45.93217 -129.98100   1.550 X  -9.000   0.300   0.200  -9.000    -18   -9   -9    5  64 -116   36 32  11 27 B  65 44  10 173 1 111 21
             634 2023  7 31 14 22 14.250 L 1.000 X  45.95867 -129.98984   2.120 X  -9.000   0.300   0.200  -9.000    -18   -9   -9  275  12   10   30 33   8 31 B  67 68   7 109 1  92 36
             635 2023  7 31 15 28 19.430 L 1.000 X  45.95850 -129.98984   2.060 X  -9.000   0.300   0.200  -9.000    -18   -9   -9  358  19  143   35 29   9  7 B  72 65   9 125 1  93 36
             636 2023  7 31 18 16 49.900 L 1.000 X  45.95950 -129.99033   1.880 X  -9.000   0.300   0.200  -9.000    -18   -9   -9  230  73 -149   55 61   8 30 D  44 67   7 103 1  94 38
             637 2023  7 31 19 34 12.600 L 1.000 X  45.95767 -129.98950   1.920 X  -9.000   0.300   0.200  -9.000    -18   -9   -9  341  85 -157   17 23  13 13 A  92 61  13 131 1 114 37
             638 2023  8  1  2 44 30.290 L 1.000 X  46.00217 -130.02867   1.570 X  -9.000   0.300   0.200  -9.000    -18   -9   -9    1  76  162   37 48   9 18 C  52 46   8 154 1  82 58
             639 2023  8  1 13 54 59.250 L 1.000 X  46.00033 -130.02650   1.320 X  -9.000   0.300   0.200  -9.000    -18   -9   -9  343  53  145   48 50  14 50 D  53 45  14 158 1  67 60
             640 2023  8  2  6  6 52.800 L 1.000 X  45.92467 -129.99100   0.970 X  -9.000   0.300   0.200  -9.000    -18   -9   -9  263  63  179   38 42  10 23 C  66 49   8 162 1 102 59
             641 2023  8  2  6 10  1.110 L 1.000 X  45.92450 -129.99083   0.970 X  -9.000   0.300   0.200  -9.000    -18   -9   -9  113  52 -105   39 32  10 13 C  55 48   8 157 1 102 59
             642 2023  8  3  5 10 38.720 L 1.000 X  45.97133 -129.99434   1.130 X  -9.000   0.300   0.200  -9.000    -18   -9   -9  211  88  178   39 36   8 36 C  56 37   6 178 1  79 56
             643 2023  8  4 18 40 13.460 L 1.000 X  45.92484 -129.99066   1.110 X  -9.000   0.300   0.200  -9.000    -18   -9   -9  274  55 -147   26 34  10 21 B  72 47   9 175 1  79 52
             644 2023  8  7 10 50 43.530 L 1.000 X  45.92533 -129.99083   1.060 X  -9.000   0.300   0.200  -9.000    -18   -9   -9  236  39 -111   26 28  14 15 B  83 52  13 146 1  78 54
             645 2023  8  8  5 52  5.420 L 1.000 X  45.93884 -129.98801   1.270 X  -9.000   0.300   0.200  -9.000    -18   -9   -9   87  61 -180   36 32   8 13 B  67 39   8 182 1 109 38
             646 2023  8  8  8 42  0.930 L 1.000 X  45.93933 -130.01917   1.120 X  -9.000   0.300   0.200  -9.000    -18   -9   -9  226  89 -139   40 53  12 28 D  39 42  10 144 1  87 40
             647 2023  8  8  9 45 44.450 L 1.000 X  45.92717 -129.98816   1.210 X  -9.000   0.300   0.200  -9.000    -18   -9   -9  313  29 -104   35 39  12 19 C  51 49  10 139 1  90 40
             648 2023  8  8 18 46 30.920 L 1.000 X  45.92750 -129.98784   1.250 X  -9.000   0.300   0.200  -9.000    -18   -9   -9  261  52 -167   35 35   8  8 C  58 52   8 166 1 138 38
             649 2023  8  9  1 24 49.630 L 1.000 X  46.00283 -130.02834   1.500 X  -9.000   0.300   0.200  -9.000    -18   -9   -9  355  83  166   30 28  11 13 B  77 48  11 160 1  83 57
             650 2023  8 13 13 25 58.930 L 1.000 X  46.00067 -130.02650   1.080 X  -9.000   0.300   0.200  -9.000    -18   -9   -9  228  43 -107   32 28  10 19 B  72 43   9 167 1  98 55
             651 2023  8 14  8 52 43.320 L 1.000 X  45.99900 -130.02667   1.200 X  -9.000   0.300   0.200  -9.000    -18   -9   -9  263  47  -85   57 68   9 28 D  27 44   9 151 1  84 58
             652 2023  8 15 20 36  4.880 L 1.000 X  45.92450 -129.99200   1.160 X  -9.000   0.300   0.200  -9.000    -18   -9   -9  259  51 -138   19 18  10  9 A  97 46   9 148 1  81 53
             653 2023  8 16  4 46 43.070 L 1.000 X  45.91567 -129.98816   0.770 X  -9.000   0.300   0.200  -9.000    -18   -9   -9  356  79 -178   30 33   8 26 B  70 46   6 141 1 192 71
             654 2023  8 18 13  7 50.230 L 1.000 X  45.92550 -129.99100   1.010 X  -9.000   0.300   0.200  -9.000    -18   -9   -9  101  59 -126   32 27   9 22 B  77 50   9 138 1  99 61
             655 2023  8 21  5 17 30.660 L 1.000 X  45.92633 -129.98567   1.130 X  -9.000   0.300   0.200  -9.000    -18   -9   -9   81  81 -166   34 36   8 29 B  64 46   7 139 1 140 34
             656 2023  8 21 18  4 28.440 L 1.000 X  45.91300 -129.98801   0.670 X  -9.000   0.300   0.200  -9.000    -18   -9   -9  349  85  172   18 25  13 12 A  95 57  12 135 1 197 59
             657 2023  8 21 18 10 23.240 L 1.000 X  45.91283 -129.98784   0.650 X  -9.000   0.300   0.200  -9.000    -18   -9   -9  347  84  166   18 27  13  0 A  89 59  12 124 1 197 57
             658 2023  8 21 18 11 21.620 L 1.000 X  45.91267 -129.98767   0.670 X  -9.000   0.300   0.200  -9.000    -18   -9   -9  163  88 -174   24 25   9 16 A  85 58   8 136 1 198 62
             659 2023  8 21 18 11 31.960 L 1.000 X  45.91217 -129.98784   0.650 X  -9.000   0.300   0.200  -9.000    -18   -9   -9  340  89  168   23 24   8 22 A  89 51   8 145 1 201 58
             660 2023  8 21 18 11 35.520 L 1.000 X  45.91267 -129.98750   0.690 X  -9.000   0.300   0.200  -9.000    -18   -9   -9  137  40  131   32 33   8 12 B  65 60   8 147 1 199 62
             661 2023  8 21 18 13  2.820 L 1.000 X  45.91217 -129.98767   0.680 X  -9.000   0.300   0.200  -9.000    -18   -9   -9  157  86 -170   30 35   8 20 B  68 45   6 168 1 200 62
             662 2023  8 21 18 13 42.960 L 1.000 X  45.91300 -129.98801   0.640 X  -9.000   0.300   0.200  -9.000    -18   -9   -9  338  88  170   22 28  11 23 A  87 57  10 121 1 197 61
             663 2023  8 21 18 15 48.000 L 1.000 X  45.91217 -129.98801   0.690 X  -9.000   0.300   0.200  -9.000    -18   -9   -9  341  88  166   22 22   8 21 A  93 47   8 147 1 199 62
             664 2023  8 21 18 30 39.080 L 1.000 X  45.91233 -129.98734   0.670 X  -9.000   0.300   0.200  -9.000    -18   -9   -9  344  51  172   56 57   8 50 D  25 56   6 134 1 200 61
             665 2023  8 21 18 46 36.340 L 1.000 X  45.91283 -129.98816   0.500 X  -9.000   0.300   0.200  -9.000    -18   -9   -9  168  82 -173   26 38   8 15 B  75 83   7  52 1 197 51
             666 2023  8 21 19 16 37.320 L 1.000 X  45.91283 -129.98801   0.680 X  -9.000   0.300   0.200  -9.000    -18   -9   -9  163  88 -172   22 24  11  0 A  94 51   9 165 1 197 62
             667 2023  8 22  9 11 24.500 L 1.000 X  45.92450 -129.98067   1.310 X  -9.000   0.300   0.200  -9.000    -18   -9   -9  228  75  170   38 36   8 16 C  60 49   8 166 1  65 42
             668 2023  8 23  9 49 39.640 L 1.000 X  45.97700 -129.99716   1.270 X  -9.000   0.300   0.200  -9.000    -18   -9   -9  281  63 -151   44 45   8 14 D  40 50   7 137 1 100 60
             669 2023  8 23 11  2 57.230 L 1.000 X  45.97750 -129.99750   1.590 X  -9.000   0.300   0.200  -9.000    -18   -9   -9  223  39  -96   46 51   9 24 D  30 57   8 111 1 105 50
             670 2023  8 24  3 53 27.070 L 1.000 X  45.96567 -129.99634   1.280 X  -9.000   0.300   0.200  -9.000    -18   -9   -9   13  43 -106   17 19  10 42 A  96 32  10 192 1  84 62
             671 2023  8 24  8 10 39.460 L 1.000 X  45.95000 -130.02434   1.470 X  -9.000   0.300   0.200  -9.000    -18   -9   -9  355  39  -81   22 27   9 31 A  90 36   9 160 1 145 50
             672 2023  8 24 13 16 20.190 L 1.000 X  45.92300 -129.99117   0.870 X  -9.000   0.300   0.200  -9.000    -18   -9   -9  173  83  173   22 26   9  7 A  90 41   8 153 1 102 73
             673 2023  8 25  8 15 22.270 L 1.000 X  45.94817 -129.98750   1.640 X  -9.000   0.300   0.200  -9.000    -18   -9   -9  347  84  155   49 41   8 28 D  36 56   6 120 1 119 24
             674 2023  8 25 14 40 29.120 L 1.000 X  45.93567 -129.98283   1.380 X  -9.000   0.300   0.200  -9.000    -18   -9   -9  142  40 -112   21 20  10 10 A  97 36   9 192 1  69 32
             675 2023  8 25 14 41 15.240 L 1.000 X  45.93567 -129.98267   1.390 X  -9.000   0.300   0.200  -9.000    -18   -9   -9  131  31 -129   31 20   9 10 B  80 44   9 191 1  79 23
             676 2023  8 25 19 39 19.960 L 1.000 X  45.92700 -129.97800   1.270 X  -9.000   0.300   0.200  -9.000    -18   -9   -9  266  50  -76   25 33  10  0 B  66 48  10 156 1  74 46
             677 2023  8 26  3 34  8.550 L 1.000 X  45.91867 -129.98633   1.260 X  -9.000   0.300   0.200  -9.000    -18   -9   -9  196  59  175   44 34   8 18 C  61 52   8 127 1  90 47
