               1 2022 10  5 10 23  1.500 L 1.000 X  45.95917 -129.98883   1.360 X  -9.000   0.300   0.200  -9.000    -18   -9   -9  212  43  -72   45 43   8  5 D  45 45   5 167 1 140 52
               2 2022 10  7 13 25 16.960 L 1.000 X  45.99967 -130.02467   1.960 X  -9.000   0.300   0.200  -9.000    -18   -9   -9   74  60  142   42 61   8 35 D  51 39   7 193 1 185 60
               3 2022 10  7 13 29 49.860 L 1.000 X  45.95467 -129.98784   1.890 X  -9.000   0.300   0.200  -9.000    -18   -9   -9  255   5  -64   47 49   9 40 D  53 70   8 107 1  69 28
               4 2022 10  7 13 49 57.810 L 1.000 X  45.95500 -129.98816   1.960 X  -9.000   0.300   0.200  -9.000    -18   -9   -9   48  86  143   41 41   9 22 C  51 71   8 108 1  71 28
               5 2022 10  7 14 13 32.170 L 1.000 X  45.95517 -129.98784   1.970 X  -9.000   0.300   0.200  -9.000    -18   -9   -9  292  14  -30   55 56   8 37 D  44 70   5  94 1 106 28
               6 2022 10 11  8 28 15.340 L 1.000 X  45.92400 -129.98334   1.040 X  -9.000   0.300   0.200  -9.000    -18   -9   -9  288  39  -86   41 36   8  3 D  46 51   7 134 1 157 39
               7 2022 10 13  5  4 47.820 L 1.000 X  45.95984 -129.98816   1.440 X  -9.000   0.300   0.200  -9.000    -18   -9   -9  133  59 -159   39 37   9 17 C  56 52   6 135 1  95 51
               8 2022 10 14  6 24 36.370 L 1.000 X  45.92533 -129.98933   0.980 X  -9.000   0.300   0.200  -9.000    -18   -9   -9  272  62 -171   28 27  10 30 B  80 47   9 158 1 124 53
               9 2022 10 14 17 13  0.760 L 1.000 X  46.00017 -130.02716   1.560 X  -9.000   0.300   0.200  -9.000    -18   -9   -9  150  63  148   43 37   8 34 C  53 42   7 189 1  69 59
              10 2022 10 14 23 35 14.520 L 1.000 X  45.99300 -129.98033   0.500 X  -9.000   0.300   0.200  -9.000    -18   -9   -9  235  34 -153   50 52   8 32 D  28 74   7 136 1 200 50
              11 2022 10 15  0 21 45.910 L 1.000 X  45.99467 -129.98300   0.500 X  -9.000   0.300   0.200  -9.000    -18   -9   -9  223  41  146   50 52   8 28 D  26 85   7   0 1 188 49
              12 2022 10 15  0 22 16.180 L 1.000 X  45.97000 -129.97383   0.500 X  -9.000   0.300   0.200  -9.000    -18   -9   -9   89  85 -108   43 41   8 17 D  41 78   7  87 1 267 51
              13 2022 10 15  0 53 17.240 L 1.000 X  45.97133 -129.97450   0.630 X  -9.000   0.300   0.200  -9.000    -18   -9   -9  261  86  127   43 36  11 19 D  41 82   9  90 1 165 41
              14 2022 10 15  0 53 46.920 L 1.000 X  45.99933 -129.98134   0.560 X  -9.000   0.300   0.200  -9.000    -18   -9   -9  296  33 -142   53 48   8 37 D  27 96   6   0 1 331 52
              15 2022 10 15  0 54 47.000 L 1.000 X  45.99800 -129.98233   0.540 X  -9.000   0.300   0.200  -9.000    -18   -9   -9  204  53  152   50 55   8 27 D  26 82   6 129 1 211 51
              16 2022 10 15  0 57 47.120 L 1.000 X  45.99650 -129.98351   0.500 X  -9.000   0.300   0.200  -9.000    -18   -9   -9   12  32 -169   35 38   9 24 C  57 89   7  22 1 176 49
              17 2022 10 15  1 22 16.680 L 1.000 X  45.99683 -129.98734   0.500 X  -9.000   0.300   0.200  -9.000    -18   -9   -9  261  87  117   43 43   8 36 D  41 95   6  20 1 303 49
              18 2022 10 15  1 23 46.520 L 1.000 X  45.99900 -129.98416   0.580 X  -9.000   0.300   0.200  -9.000    -18   -9   -9  272   9  -92   46 45   8 20 D  32 87   6  61 1 203 53
              19 2022 10 15  1 31 45.930 L 1.000 X  45.99866 -129.98466   0.510 X  -9.000   0.300   0.200  -9.000    -18   -9   -9  330   7  -41   47 51   8 20 D  31 88   7  63 1 203 50
              20 2022 10 15  1 42 45.090 L 1.000 X  45.99933 -129.98483   0.510 X  -9.000   0.300   0.200  -9.000    -18   -9   -9  219  80  142   45 45   9  0 D  37 91   8  21 1 287 50
              21 2022 10 15  2  6 13.320 L 1.000 X  45.99900 -129.98466   0.500 X  -9.000   0.300   0.200  -9.000    -18   -9   -9  207  66  153   50 53   8 22 D  27 92   7  42 1 290 49
              22 2022 10 15  5 19 11.620 L 1.000 X  45.92683 -129.98833   1.200 X  -9.000   0.300   0.200  -9.000    -18   -9   -9  270  61  175   21 23  13 28 A  97 49  12 143 1  80 40
              23 2022 10 15 14 27 27.730 L 1.000 X  45.97250 -129.99451   1.090 X  -9.000   0.300   0.200  -9.000    -18   -9   -9   39  87 -175   26 25   9 29 B  88 33   7 195 1  77 63
              24 2022 10 16  5 45 17.690 L 1.000 X  45.92400 -129.98883   0.900 X  -9.000   0.300   0.200  -9.000    -18   -9   -9  355  87 -162   33 38  10 21 C  73 53   8 147 1 129 55
              25 2022 10 18 13 36 15.430 L 1.000 X  45.93217 -129.97717   1.500 X  -9.000   0.300   0.200  -9.000    -18   -9   -9  316  49   79   45 39  11 20 C  57 45   9 198 1 137 23
              26 2022 10 21 11 51 48.420 L 1.000 X  45.92700 -129.98767   1.260 X  -9.000   0.300   0.200  -9.000    -18   -9   -9  266  44 -153   27 31  11 31 B  78 48  11 164 1  85 37
              27 2022 10 21 11 52  2.440 L 1.000 X  45.92683 -129.98750   1.220 X  -9.000   0.300   0.200  -9.000    -18   -9   -9  261  49 -157   28 29  11 32 B  75 48  11 157 1  81 37
              28 2022 10 22  9  0 24.520 L 1.000 X  45.92484 -129.99133   0.920 X  -9.000   0.300   0.200  -9.000    -18   -9   -9  150  58  -99   27 26   9 14 B  85 45   8 175 1 132 62
              29 2022 10 24  1 29 52.660 L 1.000 X  46.00250 -130.02983   1.660 X  -9.000   0.300   0.200  -9.000    -18   -9   -9  192  48 -109   38 36   9  5 C  53 46   7 136 1 160 62
              30 2022 10 25  4 43 30.490 L 1.000 X  45.98900 -130.00833   1.910 X  -9.000   0.300   0.200  -9.000    -18   -9   -9  160  81 -152   41 44   8 20 D  47 66   8  91 1  95 26
              31 2022 10 25  4 43 37.160 L 1.000 X  45.98917 -130.00800   1.950 X  -9.000   0.300   0.200  -9.000    -18   -9   -9  221  38 -177   44 42  12 29 C  50 60  10  69 1  63 27
              32 2022 10 25  4 48 20.180 L 1.000 X  45.98883 -130.00734   1.580 X  -9.000   0.300   0.200  -9.000    -18   -9   -9  164  76 -144   43 46   9 24 D  44 58   8  95 1  86 33
              33 2022 10 25  4 49 43.930 L 1.000 X  45.98933 -130.00867   1.690 X  -9.000   0.300   0.200  -9.000    -18   -9   -9  266  16 -166   23 28  12 20 B  83 54   9 121 1  94 30
              34 2022 10 25  4 50 22.970 L 1.000 X  45.98917 -130.00816   1.710 X  -9.000   0.300   0.200  -9.000    -18   -9   -9  108  88  -71   35 29  12 18 B  67 59  10 100 1 103 30
              35 2022 10 25  4 54  1.200 L 1.000 X  45.98900 -130.00816   1.760 X  -9.000   0.300   0.200  -9.000    -18   -9   -9  242  21 -153   22 35  11 11 B  77 62   9 105 1  91 29
              36 2022 10 25  4 54 49.230 L 1.000 X  45.98883 -130.00766   1.800 X  -9.000   0.300   0.200  -9.000    -18   -9   -9  234  21 -166   23 39  10 12 B  71 63   8 102 1  90 28
              37 2022 10 25  4 54 55.280 L 1.000 X  45.98933 -130.00850   1.660 X  -9.000   0.300   0.200  -9.000    -18   -9   -9  198   7  175   23 31  10  5 B  78 61   9 104 1 101 31
              38 2022 10 25  4 55 40.060 L 1.000 X  45.98883 -130.00783   1.790 X  -9.000   0.300   0.200  -9.000    -18   -9   -9  313  13  -97   44 50   8 17 D  27 63   8  80 1  91 28
              39 2022 10 25  4 56 27.570 L 1.000 X  45.98950 -130.00900   1.730 X  -9.000   0.300   0.200  -9.000    -18   -9   -9  174  17  141   36 38  14 25 C  51 53  11 115 1  66 30
              40 2022 10 25  4 56 36.840 L 1.000 X  45.98967 -130.00951   1.690 X  -9.000   0.300   0.200  -9.000    -18   -9   -9  198  44 -144   44 53  13 28 D  34 55  11 102 1  97 30
              41 2022 10 25  4 58 29.050 L 1.000 X  45.98917 -130.00934   1.790 X  -9.000   0.300   0.200  -9.000    -18   -9   -9  235   8 -150   20 33  10  2 B  78 63   8 103 1  94 27
              42 2022 10 25  4 59 53.780 L 1.000 X  45.98500 -130.00450   1.350 X  -9.000   0.300   0.200  -9.000    -18   -9   -9  204  68 -137   40 37   8 36 C  50 54   7 130 1  74 36
              43 2022 10 25  5  2 22.300 L 1.000 X  45.98850 -130.00734   1.980 X  -9.000   0.300   0.200  -9.000    -18   -9   -9  152  89 -143   36 43  10 17 D  46 67  10  85 1  88 26
              44 2022 10 25  5  4 34.120 L 1.000 X  45.98883 -130.00717   1.620 X  -9.000   0.300   0.200  -9.000    -18   -9   -9  241  32 -132   37 46  10 18 D  43 53   8 100 1 152 32
              45 2022 10 25  5  5 38.020 L 1.000 X  45.98883 -130.00751   1.760 X  -9.000   0.300   0.200  -9.000    -18   -9   -9  288  86   80   28 24  12  8 B  84 57  11 128 1  89 29
              46 2022 10 25  5  5 56.950 L 1.000 X  45.98850 -130.00717   1.750 X  -9.000   0.300   0.200  -9.000    -18   -9   -9  232  29 -165   23 35  11 23 B  77 59  10 123 1  87 29
              47 2022 10 25  5  7 29.750 L 1.000 X  45.98850 -130.00751   1.780 X  -9.000   0.300   0.200  -9.000    -18   -9   -9  111  86  -65   35 22  12 10 B  73 59  11 130 1  89 28
              48 2022 10 25  5  8 49.850 L 1.000 X  45.98867 -130.00684   1.800 X  -9.000   0.300   0.200  -9.000    -18   -9   -9  167  85 -153   33 37   8 13 C  59 65   8  95 1  85 29
              49 2022 10 25  5  8 58.900 L 1.000 X  45.98850 -130.00734   1.730 X  -9.000   0.300   0.200  -9.000    -18   -9   -9  108  88  -69   33 18  11  3 B  75 59  10 116 1  88 29
              50 2022 10 25  5 21 20.040 L 1.000 X  45.98750 -130.00700   1.690 X  -9.000   0.300   0.200  -9.000    -18   -9   -9  140  76  -73   38 38  10 31 C  56 58  10 107 1  77 28
              51 2022 10 25  5 24 40.440 L 1.000 X  45.98734 -130.00616   1.670 X  -9.000   0.300   0.200  -9.000    -18   -9   -9   53  15  128   25 27  15 21 B  83 51  14 109 1  95 29
              52 2022 10 25  5 24 51.330 L 1.000 X  45.98700 -130.00566   1.690 X  -9.000   0.300   0.200  -9.000    -18   -9   -9  139  76  136   44 39  10 20 C  53 57   9 103 1  74 29
              53 2022 10 25  5 31 17.510 L 1.000 X  45.98750 -130.00616   1.750 X  -9.000   0.300   0.200  -9.000    -18   -9   -9   50  67 -165   32 28  15 27 B  77 52  14 148 1  65 28
              54 2022 10 25  5 32 21.490 L 1.000 X  45.98867 -130.00650   1.880 X  -9.000   0.300   0.200  -9.000    -18   -9   -9  250  28 -162   33 37   8 16 B  61 68   7  80 1 138 29
              55 2022 10 25  5 32 28.610 L 1.000 X  45.98750 -130.00583   1.790 X  -9.000   0.300   0.200  -9.000    -18   -9   -9   67  48 -164   36 49   9 37 C  54 63   8 122 1  77 28
              56 2022 10 25  5 33  4.100 L 1.000 X  45.98817 -130.00650   1.910 X  -9.000   0.300   0.200  -9.000    -18   -9   -9  226  29 -170   24 31   9 12 B  81 63   8 138 1  82 27
              57 2022 10 25  5 33 16.460 L 1.000 X  45.98783 -130.00616   1.840 X  -9.000   0.300   0.200  -9.000    -18   -9   -9  172  12  150   39 45  12 34 C  65 61  11 106 1  63 28
              58 2022 10 25  5 34 14.450 L 1.000 X  45.98900 -130.00717   1.920 X  -9.000   0.300   0.200  -9.000    -18   -9   -9  195  20 -168   43 42   8 16 D  42 69   8  87 1  88 28
              59 2022 10 25  5 34 25.050 L 1.000 X  45.98833 -130.00684   1.770 X  -9.000   0.300   0.200  -9.000    -18   -9   -9  170  10  145   43 42  10 18 D  41 61   9 107 1  85 29
              60 2022 10 25  5 36 55.740 L 1.000 X  45.98717 -130.00549   1.810 X  -9.000   0.300   0.200  -9.000    -18   -9   -9  227  72  123   37 28  15 27 B  61 48  12 154 1  67 28
              61 2022 10 25  5 37 52.230 L 1.000 X  45.98817 -130.00633   1.880 X  -9.000   0.300   0.200  -9.000    -18   -9   -9  105  69  150   41 49   8 28 C  58 66   7 115 1 124 32
              62 2022 10 25  5 38  4.920 L 1.000 X  45.98767 -130.00583   1.920 X  -9.000   0.300   0.200  -9.000    -18   -9   -9  197  80   98   30 30  13  1 B  67 56  11 124 1  65 27
              63 2022 10 25  5 38 38.530 L 1.000 X  45.98833 -130.00684   1.740 X  -9.000   0.300   0.200  -9.000    -18   -9   -9   55  56 -172   42 41  11 35 C  52 60   9 101 1  62 29
              64 2022 10 25  5 39 47.040 L 1.000 X  45.98833 -130.00650   1.690 X  -9.000   0.300   0.200  -9.000    -18   -9   -9  129  81  -62   36 36   8 24 C  63 52   7 136 1  90 31
              65 2022 10 25  5 46 16.580 L 1.000 X  45.98750 -130.00633   1.810 X  -9.000   0.300   0.200  -9.000    -18   -9   -9   45  58 -169   36 35  14 35 C  70 58  14 133 1  64 27
              66 2022 10 25  5 47 51.670 L 1.000 X  45.98700 -130.00616   1.710 X  -9.000   0.300   0.200  -9.000    -18   -9   -9  240  63  143   35 29  14 17 B  71 52  13 140 1  66 28
              67 2022 10 25  5 48  1.320 L 1.000 X  45.98850 -130.00534   2.090 X  -9.000   0.300   0.200  -9.000    -18   -9   -9   82  29  155   42 38   9 19 C  59 66   8 140 1  78 27
              68 2022 10 25  5 48 19.130 L 1.000 X  45.98767 -130.00583   1.650 X  -9.000   0.300   0.200  -9.000    -18   -9   -9   65  43  178   30 27  13 27 B  79 52  10 115 1 117 31
              69 2022 10 25  5 48 43.710 L 1.000 X  45.98683 -130.00500   1.780 X  -9.000   0.300   0.200  -9.000    -18   -9   -9  232  74  144   30 32  15 19 B  70 47  14 158 1  70 29
              70 2022 10 25  5 48 55.790 L 1.000 X  45.98734 -130.00500   1.900 X  -9.000   0.300   0.200  -9.000    -18   -9   -9  256  86  168   45 37  11 30 D  38 54  11 161 1 124 28
              71 2022 10 25  5 49  6.500 L 1.000 X  45.98717 -130.00484   1.840 X  -9.000   0.300   0.200  -9.000    -18   -9   -9  139   4  128   26 38  14 16 B  70 55  14 151 1  69 29
              72 2022 10 25  5 49 55.850 L 1.000 X  45.98767 -130.00667   1.820 X  -9.000   0.300   0.200  -9.000    -18   -9   -9    7  85  -82   37 35  10  2 C  65 56   8 189 1 114 27
              73 2022 10 25  5 49 58.260 L 1.000 X  45.98683 -130.00450   1.790 X  -9.000   0.300   0.200  -9.000    -18   -9   -9   54  60 -170   28 21  13 28 A  85 50  12 156 1  87 31
              74 2022 10 25  5 50 28.540 L 1.000 X  45.98734 -130.00301   0.500 X  -9.000   0.300   0.200  -9.000    -18   -9   -9   38  77  170   46 49   8 32 D  46 80   6 110 1 131 49
              75 2022 10 25  5 51 11.190 L 1.000 X  45.98717 -130.00517   1.790 X  -9.000   0.300   0.200  -9.000    -18   -9   -9   52  62 -171   42 41  12 47 C  62 48  10 176 1  68 29
              76 2022 10 25  5 51 26.270 L 1.000 X  45.98734 -130.00566   1.810 X  -9.000   0.300   0.200  -9.000    -18   -9   -9  223  75  116   31 23  12 13 B  80 55  11 143 1  66 28
              77 2022 10 25  5 51 44.720 L 1.000 X  45.98800 -130.00734   1.990 X  -9.000   0.300   0.200  -9.000    -18   -9   -9   48  83 -169   49 50   8 42 D  24 67   6  80 1 137 26
              78 2022 10 25  5 51 47.570 L 1.000 X  45.98800 -130.00433   1.350 X  -9.000   0.300   0.200  -9.000    -18   -9   -9   88  40 -132   40 38  14 27 C  64 51  12 147 1 113 42
              79 2022 10 25  5 51 54.060 L 1.000 X  45.98800 -130.00484   1.290 X  -9.000   0.300   0.200  -9.000    -18   -9   -9  112  62  115   46 43  11 20 C  50 52  11 175 1 119 42
              80 2022 10 25  5 52  7.350 L 1.000 X  45.98783 -130.00417   1.450 X  -9.000   0.300   0.200  -9.000    -18   -9   -9  195  61  108   33 29  14 15 B  73 52  13 156 1 123 39
              81 2022 10 25  5 52 43.620 L 1.000 X  45.98583 -130.00433   1.720 X  -9.000   0.300   0.200  -9.000    -18   -9   -9   44  43  176   46 37  10 32 C  59 55   9 136 1  75 30
              82 2022 10 25  5 54 47.640 L 1.000 X  45.98683 -130.00534   1.780 X  -9.000   0.300   0.200  -9.000    -18   -9   -9   50  65 -169   27 24  15 40 B  84 49  13 164 1  69 28
              83 2022 10 25  5 55  5.960 L 1.000 X  45.98717 -130.00549   1.760 X  -9.000   0.300   0.200  -9.000    -18   -9   -9  123  23  108   44 50   9 40 D  47 60   9 130 1  67 29
              84 2022 10 25  5 55  9.220 L 1.000 X  45.98617 -130.00400   1.980 X  -9.000   0.300   0.200  -9.000    -18   -9   -9   38   7 -155   51 60   8 33 D  34 61   6  90 1 159 27
              85 2022 10 25  5 55 22.200 L 1.000 X  45.98667 -130.00500   2.000 X  -9.000   0.300   0.200  -9.000    -18   -9   -9  227  77  132   25 19  16 13 A  88 54  14 137 1  70 25
              86 2022 10 25  5 56  8.200 L 1.000 X  45.98683 -130.00517   1.740 X  -9.000   0.300   0.200  -9.000    -18   -9   -9  215  72  108   36 27  14 16 B  73 56  12 129 1  69 29
              87 2022 10 25  5 56 30.610 L 1.000 X  45.98734 -130.00650   1.750 X  -9.000   0.300   0.200  -9.000    -18   -9   -9   90   9  171   26 24  13  3 A  88 58  10 106 1  79 27
              88 2022 10 25  5 56 37.740 L 1.000 X  45.98700 -130.00583   1.660 X  -9.000   0.300   0.200  -9.000    -18   -9   -9  270   9  -17   20 24  11  5 A  87 59   9 117 1  97 29
              89 2022 10 25  5 57 41.730 L 1.000 X  45.98633 -130.00366   1.910 X  -9.000   0.300   0.200  -9.000    -18   -9   -9  233  40 -174   50 49   8 15 D  46 61   7 155 1  94 29
              90 2022 10 25  5 58 40.390 L 1.000 X  45.98900 -130.00783   1.750 X  -9.000   0.300   0.200  -9.000    -18   -9   -9  291  74   90   25 23  14 22 A  87 56  12 122 1  63 29
              91 2022 10 25  6  1  7.560 L 1.000 X  45.98550 -130.00284   1.770 X  -9.000   0.300   0.200  -9.000    -18   -9   -9   85  50  179   42 33  13 29 C  56 51   9 120 1  89 32
              92 2022 10 25  6  1 33.020 L 1.000 X  45.98734 -130.00500   1.790 X  -9.000   0.300   0.200  -9.000    -18   -9   -9   92  55  156   39 41   8 30 C  57 61   7 113 1 181 30
              93 2022 10 25  6  3 20.950 L 1.000 X  45.98850 -130.00700   1.910 X  -9.000   0.300   0.200  -9.000    -18   -9   -9  162  79 -149   36 43   9 17 D  48 69   8  89 1  86 27
              94 2022 10 25  6  5 27.530 L 1.000 X  45.98850 -130.00751   1.680 X  -9.000   0.300   0.200  -9.000    -18   -9   -9  193  51 -152   36 42  11 25 C  52 59  10  96 1  85 30
              95 2022 10 25  6  9  1.050 L 1.000 X  45.98933 -130.00751   1.630 X  -9.000   0.300   0.200  -9.000    -18   -9   -9  129  76  129   56 63  12 43 D  26 55  10 118 1 104 33
              96 2022 10 25  6 10 47.520 L 1.000 X  45.98800 -130.00684   1.670 X  -9.000   0.300   0.200  -9.000    -18   -9   -9  199  52 -149   35 35  11 33 C  62 48   9 121 1 145 34
              97 2022 10 25  6 32 29.850 L 1.000 X  45.98750 -130.00600   1.840 X  -9.000   0.300   0.200  -9.000    -18   -9   -9   42  52  164   50 52   8 30 D  28 57   6 136 1 172 27
              98 2022 10 25  7  2 51.440 L 1.000 X  45.98734 -130.00549   1.780 X  -9.000   0.300   0.200  -9.000    -18   -9   -9  240  65  141   29 26  16 15 B  80 49  13 158 1  67 29
              99 2022 10 25  7 12  8.090 L 1.000 X  45.98833 -130.00734   1.760 X  -9.000   0.300   0.200  -9.000    -18   -9   -9  177  12  154   35 37   9 16 C  62 63   8 112 1  63 28
             100 2022 10 25  8  5 10.820 L 1.000 X  45.98633 -130.00517   1.790 X  -9.000   0.300   0.200  -9.000    -18   -9   -9  230  73  122   38 25  15 24 B  63 53  15 143 1  71 27
             101 2022 10 25  8  5 40.670 L 1.000 X  45.98633 -130.00500   1.750 X  -9.000   0.300   0.200  -9.000    -18   -9   -9   68  47 -152   28 35   8 19 B  70 62   6 121 1 172 37
             102 2022 10 25  8 12 51.170 L 1.000 X  45.98717 -130.00549   1.740 X  -9.000   0.300   0.200  -9.000    -18   -9   -9  216  46  135   36 30  15 40 B  65 52  13 132 1  67 29
             103 2022 10 25  8 13 17.740 L 1.000 X  45.98633 -130.01033   2.060 X  -9.000   0.300   0.200  -9.000    -18   -9   -9  291  66   99   29 23  14 15 B  66 52  12 131 1  60 28
             104 2022 10 25  8 13 21.080 L 1.000 X  45.98700 -130.00549   1.770 X  -9.000   0.300   0.200  -9.000    -18   -9   -9  231  71  135   25 18  15 15 A  90 51  14 152 1  68 28
             105 2022 10 25  8 13 56.010 L 1.000 X  45.98700 -130.00517   1.690 X  -9.000   0.300   0.200  -9.000    -18   -9   -9   78  56 -167   44 39  10 41 C  53 59  10 109 1  72 30
             106 2022 10 25  8 15 14.220 L 1.000 X  45.98700 -130.00433   1.940 X  -9.000   0.300   0.200  -9.000    -18   -9   -9  209  25  167   39 42  10 23 C  61 57   9 155 1  71 28
             107 2022 10 25 10 40  9.970 L 1.000 X  45.98633 -130.00166   1.690 X  -9.000   0.300   0.200  -9.000    -18   -9   -9   87  39 -135   40 38  10 29 C  56 53   8 130 1 130 37
             108 2022 10 25 17  0  4.800 L 1.000 X  45.97100 -129.99583   1.620 X  -9.000   0.300   0.200  -9.000    -18   -9   -9  224  62 -162   33 41  11 29 C  60 56   9 142 1  69 38
             109 2022 10 25 17 17 23.600 L 1.000 X  45.97066 -129.99567   1.520 X  -9.000   0.300   0.200  -9.000    -18   -9   -9  116  86  172   57 55   9 43 D  28 49   7 157 1  68 39
             110 2022 10 25 19 47 20.320 L 1.000 X  45.97100 -129.99567   1.520 X  -9.000   0.300   0.200  -9.000    -18   -9   -9  187  56 -101   40 47  10 18 C  50 45   6 161 1 121 40
             111 2022 10 25 19 48 59.080 L 1.000 X  45.97133 -129.99583   1.660 X  -9.000   0.300   0.200  -9.000    -18   -9   -9  237  50  -57   48 46  10 15 D  48 54  10 149 1  70 38
             112 2022 10 25 19 57 53.860 L 1.000 X  45.97100 -129.99567   1.560 X  -9.000   0.300   0.200  -9.000    -18   -9   -9  216  21  -97   40 43  11 23 C  54 51   7 114 1  69 51
             113 2022 10 26  1 23 29.910 L 1.000 X  45.98734 -130.00116   1.290 X  -9.000   0.300   0.200  -9.000    -18   -9   -9  237  52 -112   42 45   8 41 C  51 52   7 144 1 115 49
             114 2022 10 26  4 23 45.620 L 1.000 X  45.96650 -129.99533   1.520 X  -9.000   0.300   0.200  -9.000    -18   -9   -9  273  82  170   42 35   9 15 C  57 47   6 152 1  87 56
             115 2022 10 26  6 21  6.210 L 1.000 X  45.99333 -130.00900   1.530 X  -9.000   0.300   0.200  -9.000    -18   -9   -9   61  60 -153   41 44  10 24 D  45 54   7 103 1  86 46
             116 2022 10 26  6 23 46.570 L 1.000 X  45.99350 -130.00900   1.390 X  -9.000   0.300   0.200  -9.000    -18   -9   -9  254  89 -171   39 34   9 17 C  56 57   7  88 1 148 50
             117 2022 10 26 16  5 37.140 L 1.000 X  46.00000 -130.02600   1.260 X  -9.000   0.300   0.200  -9.000    -18   -9   -9  246  73  138   46 42  10 20 D  50 51  10 132 1 131 56
             118 2022 10 27  2 39 35.490 L 1.000 X  45.98883 -130.00566   1.560 X  -9.000   0.300   0.200  -9.000    -18   -9   -9   90  49  105   51 53  12 40 D  43 52  12 126 1 112 36
             119 2022 10 29  4 15  9.740 L 1.000 X  45.99750 -130.01666   2.230 X  -9.000   0.300   0.200  -9.000    -18   -9   -9  298  70  -90   46 35   9 24 D  42 64   8 100 1 175 28
             120 2022 10 29  6 39 11.100 L 1.000 X  45.99717 -130.00366   0.500 X  -9.000   0.300   0.200  -9.000    -18   -9   -9  269  57  174   44 46   8 20 D  36 75   7  76 1 244 49
             121 2022 10 29  6 41 40.330 L 1.000 X  45.99567 -130.01601   1.840 X  -9.000   0.300   0.200  -9.000    -18   -9   -9   99  36 -135   43 36   9 22 D  42 50   9 130 1 161 38
             122 2022 10 29  6 42 48.230 L 1.000 X  45.99567 -130.01616   1.810 X  -9.000   0.300   0.200  -9.000    -18   -9   -9   94  35 -149   48 43   9 35 D  41 51   9 118 1 103 38
             123 2022 10 29  6 44 22.510 L 1.000 X  45.99500 -130.01550   1.820 X  -9.000   0.300   0.200  -9.000    -18   -9   -9  290  52 -148   40 35   8 13 C  61 46   6 146 1 121 40
             124 2022 10 29  8 20 33.730 L 1.000 X  45.93567 -129.98134   1.530 X  -9.000   0.300   0.200  -9.000    -18   -9   -9  204  47 -176   38 44  11 18 C  53 54   9 138 1  93 20
             125 2022 10 29  8 24 11.620 L 1.000 X  45.93550 -129.98183   1.460 X  -9.000   0.300   0.200  -9.000    -18   -9   -9    8  62 -103   32 44   8 26 C  53 46   7 167 1  96 22
             126 2022 10 29  8 27 49.070 L 1.000 X  45.93567 -129.98134   1.580 X  -9.000   0.300   0.200  -9.000    -18   -9   -9  225  65 -155   43 36  10 45 C  55 40   9 175 1  94 40
             127 2022 10 29  8 42 33.370 L 1.000 X  45.93567 -129.98183   1.580 X  -9.000   0.300   0.200  -9.000    -18   -9   -9    8  72 -101   47 55  10 43 D  58 50   9 148 1  94 22
             128 2022 10 29  8 46 57.850 L 1.000 X  45.93583 -129.98167   1.480 X  -9.000   0.300   0.200  -9.000    -18   -9   -9  212  24  -72   45 58   8 26 D  46 51   6 132 1  93 22
             129 2022 10 29  9  7 44.980 L 1.000 X  45.93517 -129.98151   1.580 X  -9.000   0.300   0.200  -9.000    -18   -9   -9    3  73 -119   46 50  12 25 D  65 48  11 169 1  96 21
             130 2022 10 29  9 25 19.430 L 1.000 X  45.93517 -129.98199   1.460 X  -9.000   0.300   0.200  -9.000    -18   -9   -9    4  67  146   56 60  10 34 D  33 49   8 163 1  97 21
             131 2022 10 29  9 26  3.420 L 1.000 X  45.93483 -129.98151   1.480 X  -9.000   0.300   0.200  -9.000    -18   -9   -9  124  74  154   36 36  10 16 C  70 51   7 148 1 105 21
             132 2022 10 29  9 29 23.480 L 1.000 X  45.93383 -129.98083   1.450 X  -9.000   0.300   0.200  -9.000    -18   -9   -9  117  55  -93   43 51  10 33 D  53 50   9 161 1  93 22
             133 2022 10 29  9 34 56.910 L 1.000 X  45.93483 -129.98183   1.460 X  -9.000   0.300   0.200  -9.000    -18   -9   -9  169  31 -116   51 56   8 34 D  28 48   6 150 1 101 22
             134 2022 10 29  9 39 48.060 L 1.000 X  45.93433 -129.98151   1.500 X  -9.000   0.300   0.200  -9.000    -18   -9   -9  131  86  141   40 29   9  9 B  61 45   7 176 1 115 21
             135 2022 10 29 23 58 44.940 L 1.000 X  45.93400 -129.98033   1.430 X  -9.000   0.300   0.200  -9.000    -18   -9   -9  141  79  140   36 43   8  8 C  56 52   7 156 1 128 27
             136 2022 10 30  0 20 12.210 L 1.000 X  45.93417 -129.98083   1.530 X  -9.000   0.300   0.200  -9.000    -18   -9   -9  213  49  159   61 64   8 39 D  18 65   8  94 1  95 23
             137 2022 10 30  4 13 58.010 L 1.000 X  46.00033 -130.02733   1.400 X  -9.000   0.300   0.200  -9.000    -18   -9   -9  141  73  145   58 62   8 28 D  14 45   7 135 1 130 64
             138 2022 10 30  4 27 44.040 L 1.000 X  45.99650 -130.01517   1.900 X  -9.000   0.300   0.200  -9.000    -18   -9   -9   94  60 -156   28 23   9 18 B  86 56   9  91 1 105 51
             139 2022 10 30  4 28  6.960 L 1.000 X  45.99633 -130.01517   1.800 X  -9.000   0.300   0.200  -9.000    -18   -9   -9   91  44 -125   32 40   8 23 C  68 56   7  85 1  85 53
             140 2022 10 30  4 37 54.380 L 1.000 X  45.93400 -129.98083   1.480 X  -9.000   0.300   0.200  -9.000    -18   -9   -9  349  71 -140   27 30   9 27 B  89 52   8 161 1 132 21
             141 2022 10 30  4 42  8.160 L 1.000 X  45.93300 -129.97983   1.500 X  -9.000   0.300   0.200  -9.000    -18   -9   -9  344  78 -166   36 30   8 23 B  67 49   5 190 1  98 20
             142 2022 10 30  5  1 19.870 L 1.000 X  45.93450 -129.98100   1.430 X  -9.000   0.300   0.200  -9.000    -18   -9   -9  132  72  140   35 31   8 39 B  65 38   7 241 1 118 42
             143 2022 10 30  7  1 26.170 L 1.000 X  45.93500 -129.98183   1.560 X  -9.000   0.300   0.200  -9.000    -18   -9   -9  343  76 -123   37 42   8 25 C  75 58   7 156 1 100 20
             144 2022 10 30  7 36 24.690 L 1.000 X  45.93467 -129.98151   1.500 X  -9.000   0.300   0.200  -9.000    -18   -9   -9    4  57  111   62 65   8 44 D  32 48   5 185 1 108 22
             145 2022 10 30  8 56 49.450 L 1.000 X  45.93583 -129.98033   1.580 X  -9.000   0.300   0.200  -9.000    -18   -9   -9  343  77 -130   45 58  10 39 D  41 56   8 122 1  89 20
             146 2022 10 30  9  8 27.050 L 1.000 X  45.93683 -129.98134   1.610 X  -9.000   0.300   0.200  -9.000    -18   -9   -9  319  86 -128   39 37   8  0 C  54 59   6 117 1  87 29
             147 2022 10 30  9  9  9.000 L 1.000 X  45.93583 -129.98050   1.500 X  -9.000   0.300   0.200  -9.000    -18   -9   -9  132  88  126   38 41   8  5 C  55 54   7 156 1  97 21
             148 2022 10 30 10 13 29.000 L 1.000 X  46.00000 -130.02617   1.370 X  -9.000   0.300   0.200  -9.000    -18   -9   -9  208  49 -109   41 50   8 18 D  64 48   7 146 1 153 71
             149 2022 11  3  9 10 20.940 L 1.000 X  45.97700 -129.99683   1.560 X  -9.000   0.300   0.200  -9.000    -18   -9   -9   96  79  136   40 36   8 19 C  63 59   6 131 1 107 53
             150 2022 11  3  9 11 41.680 L 1.000 X  45.93133 -129.97816   1.570 X  -9.000   0.300   0.200  -9.000    -18   -9   -9  231  77 -155   32 34   9 14 B  68 46   8 175 1 134 34
             151 2022 11  3  9 11 49.700 L 1.000 X  45.97667 -129.99651   1.640 X  -9.000   0.300   0.200  -9.000    -18   -9   -9  345  71 -148   44 40   9 25 C  56 55   7 149 1 107 51
             152 2022 11  3  9 12 12.420 L 1.000 X  45.97683 -129.99683   1.820 X  -9.000   0.300   0.200  -9.000    -18   -9   -9  226  81   72   49 50   8 30 D  32 71   5  87 1 106 47
             153 2022 11  3  9 14 51.700 L 1.000 X  45.97717 -129.99699   1.680 X  -9.000   0.300   0.200  -9.000    -18   -9   -9  342  65 -162   47 51   9 24 D  39 58   7 115 1  91 49
             154 2022 11  3  9 15  4.240 L 1.000 X  45.97667 -129.99683   1.500 X  -9.000   0.300   0.200  -9.000    -18   -9   -9  114  67  148   50 46   9 16 D  54 49   7 151 1 106 55
             155 2022 11  3  9 15 11.370 L 1.000 X  45.97717 -129.99651   1.690 X  -9.000   0.300   0.200  -9.000    -18   -9   -9  102  64  156   43 52   9 17 D  72 58   7 138 1 108 50
             156 2022 11  3  9 18 27.310 L 1.000 X  45.97783 -129.99667   1.810 X  -9.000   0.300   0.200  -9.000    -18   -9   -9  106  61  147   39 44   9 19 C  66 64   7 124 1 108 46
             157 2022 11  3  9 19 34.060 L 1.000 X  45.97766 -129.99733   1.870 X  -9.000   0.300   0.200  -9.000    -18   -9   -9  114  76  134   33 23   9  0 B  76 63   8 108 1 106 44
             158 2022 11  3  9 21 29.700 L 1.000 X  45.97800 -129.99667   1.830 X  -9.000   0.300   0.200  -9.000    -18   -9   -9  120  72  162   31 26  10 19 B  84 56   8 151 1 108 45
             159 2022 11  3  9 57 25.040 L 1.000 X  45.97600 -129.99651   1.750 X  -9.000   0.300   0.200  -9.000    -18   -9   -9   76  20 -145   49 53   8  5 D  29 58   5 104 1 157 47
             160 2022 11  3 10  4 10.000 L 1.000 X  45.97567 -129.99550   1.090 X  -9.000   0.300   0.200  -9.000    -18   -9   -9  291  83 -139   46 54   8 39 D  38 44   6 161 1 124 68
             161 2022 11  3 10 15 54.740 L 1.000 X  45.97633 -129.99699   1.560 X  -9.000   0.300   0.200  -9.000    -18   -9   -9  126  82  155   44 46   8 18 D  35 63   5  93 1 106 52
             162 2022 11  3 10 28 27.930 L 1.000 X  45.97600 -129.99667   1.440 X  -9.000   0.300   0.200  -9.000    -18   -9   -9  280  83 -175   42 44  10 41 D  44 45   7 155 1  69 55
             163 2022 11  3 10 37 25.470 L 1.000 X  45.97650 -129.99651   1.690 X  -9.000   0.300   0.200  -9.000    -18   -9   -9  317  75  -60   51 51   9  9 D  34 50   7 138 1 161 48
             164 2022 11  3 10 39 35.010 L 1.000 X  45.97650 -129.99651   1.460 X  -9.000   0.300   0.200  -9.000    -18   -9   -9  306  59  -67   34 39   9 28 C  61 46   8 153 1 100 56
             165 2022 11  3 10 40  0.760 L 1.000 X  45.97633 -129.99667   1.600 X  -9.000   0.300   0.200  -9.000    -18   -9   -9   74  89  179   36 37  11 31 C  59 51   8 150 1 100 51
             166 2022 11  3 10 40 10.130 L 1.000 X  45.97600 -129.99716   1.570 X  -9.000   0.300   0.200  -9.000    -18   -9   -9  183  51 -146   57 57   9 34 D  31 54   9 147 1  99 51
             167 2022 11  3 10 40 54.390 L 1.000 X  45.97600 -129.99651   1.200 X  -9.000   0.300   0.200  -9.000    -18   -9   -9  273  31 -150   37 40   8 34 C  58 46   6 183 1 104 62
             168 2022 11  3 10 42 42.550 L 1.000 X  45.97650 -129.99667   1.520 X  -9.000   0.300   0.200  -9.000    -18   -9   -9  130  89  163   44 46   8 22 D  37 48   5 115 1  73 53
             169 2022 11  3 10 45 46.840 L 1.000 X  45.97567 -129.99667   1.710 X  -9.000   0.300   0.200  -9.000    -18   -9   -9   86  71 -139   41 52  11 43 D  42 57   9 141 1 106 47
             170 2022 11  3 10 54 15.470 L 1.000 X  45.97583 -129.99634   1.170 X  -9.000   0.300   0.200  -9.000    -18   -9   -9  274  68 -164   41 40   8 14 C  65 45   7 159 1 109 63
             171 2022 11  3 13 55 41.510 L 1.000 X  45.97667 -129.99716   0.920 X  -9.000   0.300   0.200  -9.000    -18   -9   -9  147  56  -64   49 44   8 11 D  42 45   4 163 1 213 72
             172 2022 11  3 14 13 43.510 L 1.000 X  45.97167 -129.99567   1.380 X  -9.000   0.300   0.200  -9.000    -18   -9   -9   96  82 -162   48 48   8 31 D  33 48   6 128 1  75 55
             173 2022 11  3 14 40 20.450 L 1.000 X  45.97233 -129.99567   1.400 X  -9.000   0.300   0.200  -9.000    -18   -9   -9  286  84 -175   46 42   8 28 C  54 48   6 126 1 103 47
             174 2022 11  3 15  8 49.420 L 1.000 X  45.97233 -129.99583   1.620 X  -9.000   0.300   0.200  -9.000    -18   -9   -9  104  86 -176   48 45  10 53 D  46 55   8 125 1  74 41
             175 2022 11  3 15 15 47.740 L 1.000 X  45.97233 -129.99567   1.650 X  -9.000   0.300   0.200  -9.000    -18   -9   -9  114  37  168   63 57   9 25 D  26 49   7 134 1 130 41
             176 2022 11  5  5 39  9.760 L 1.000 X  45.97783 -129.99716   1.270 X  -9.000   0.300   0.200  -9.000    -18   -9   -9   10  48 -103   46 51   9 30 D  35 41   8 178 1 144 59
             177 2022 11  7 18 28 13.680 L 1.000 X  45.92517 -129.99049   0.970 X  -9.000   0.300   0.200  -9.000    -18   -9   -9  138  76 -145   38 45  10 18 D  34 46   8 168 1 131 57
             178 2022 11  8  2 37 58.980 L 1.000 X  45.95917 -129.98883   1.390 X  -9.000   0.300   0.200  -9.000    -18   -9   -9   77  27  -62   51 50   8 36 D  32 52   5 106 1 140 52
             179 2022 11  8  3 26 11.880 L 1.000 X  45.95900 -129.98866   1.320 X  -9.000   0.300   0.200  -9.000    -18   -9   -9  133  65 -167   36 34   8 26 B  64 47   7 149 1  90 53
             180 2022 11  8  6 57 44.080 L 1.000 X  45.92550 -129.98584   1.010 X  -9.000   0.300   0.200  -9.000    -18   -9   -9  284  44  -79   29 40  10 15 B  63 52   8 135 1  95 39
             181 2022 11  8  8  7  7.350 L 1.000 X  45.96500 -129.99466   1.480 X  -9.000   0.300   0.200  -9.000    -18   -9   -9  122  78 -173   35 32   9 23 B  63 48   7 125 1  83 32
             182 2022 11 11 15 22 30.300 L 1.000 X  46.00050 -130.02850   1.680 X  -9.000   0.300   0.200  -9.000    -18   -9   -9  116  47  102   43 42   8 22 D  48 40   6 160 1  66 69
             183 2022 11 11 15 34 32.720 L 1.000 X  46.00017 -130.02850   1.700 X  -9.000   0.300   0.200  -9.000    -18   -9   -9  308  52  121   33 33  11 15 B  65 43   8 155 1  92 68
             184 2022 11 12  5 30 23.160 L 1.000 X  45.95900 -129.99234   1.260 X  -9.000   0.300   0.200  -9.000    -18   -9   -9  235  59  150   48 53   8 38 D  51 38   6 161 1 103 50
             185 2022 11 14  6 37 29.100 L 1.000 X  46.00050 -130.02850   1.230 X  -9.000   0.300   0.200  -9.000    -18   -9   -9  323  45 -118   32 37  10 24 B  62 46  10 198 1 176 65
             186 2022 11 15 13 33 25.460 L 1.000 X  45.92083 -129.98933   0.900 X  -9.000   0.300   0.200  -9.000    -18   -9   -9  154  73  172   42 55   8 20 D  45 50   7 152 1 116 62
             187 2022 11 26  0 33 33.600 L 1.000 X  45.99233 -130.01350   1.650 X  -9.000   0.300   0.200  -9.000    -18   -9   -9   85  61 -116   42 40   9 37 D  45 56   6 118 1 155 38
             188 2022 11 26  4 10  1.090 L 1.000 X  45.92717 -130.00433   0.800 X  -9.000   0.300   0.200  -9.000    -18   -9   -9  286  83 -176   43 48   9 36 D  45 57   7 110 1 103 56
             189 2022 11 27 15 18 57.510 L 1.000 X  46.00033 -130.02699   1.370 X  -9.000   0.300   0.200  -9.000    -18   -9   -9  146  57 -112   55 60  10 38 D  36 47   8 158 1 127 63
             190 2022 11 27 17 50 22.400 L 1.000 X  45.96283 -129.99516   1.380 X  -9.000   0.300   0.200  -9.000    -18   -9   -9  216  70 -175   48 46   8 37 D  40 42   6 207 1  82 33
             191 2022 12  7 10 45 21.810 L 1.000 X  45.97000 -129.99617   1.660 X  -9.000   0.300   0.200  -9.000    -18   -9   -9  141  84 -159   23 24   8 28 A  87 48   8 160 1 117 34
             192 2022 12 23  3  7 42.260 L 1.000 X  45.96933 -129.99600   1.720 X  -9.000   0.300   0.200  -9.000    -18   -9   -9   53  69  173   52 32   8 34 D  38 47   8 148 1 123 31
             193 2023  1  1 16 18 38.730 L 1.000 X  46.00333 -130.02434   1.440 X  -9.000   0.300   0.200  -9.000    -18   -9   -9  334  72  165   43 48   9 47 D  38 50   9 140 1  80 50
             194 2023  1  1 16 18 58.970 L 1.000 X  46.00350 -130.02467   1.500 X  -9.000   0.300   0.200  -9.000    -18   -9   -9  344  60  169   50 51   8 24 D  31 51   7 129 1  83 49
             195 2023  1  2 12 19 16.670 L 1.000 X  45.95833 -129.98883   1.770 X  -9.000   0.300   0.200  -9.000    -18   -9   -9  358  79 -150   37 37   9 14 C  56 64   7 117 1  87 40
             196 2023  1 10 23 18 17.960 L 1.000 X  45.96500 -129.99634   1.270 X  -9.000   0.300   0.200  -9.000    -18   -9   -9  120  73  173   46 37  10  8 C  52 34   7 174 1  71 31
             197 2023  1 16 22 27 22.200 L 1.000 X  45.92283 -129.99150   0.930 X  -9.000   0.300   0.200  -9.000    -18   -9   -9  274  72  176   30 37   8 57 C  60 43   7 159 1  88 63
             198 2023  1 19  5 15 11.050 L 1.000 X  45.92683 -129.98216   1.320 X  -9.000   0.300   0.200  -9.000    -18   -9   -9  154  48  148   38 26   9  4 B  65 45   8 161 1  77 29
             199 2023  1 21  8  6 33.110 L 1.000 X  45.92567 -129.99049   1.030 X  -9.000   0.300   0.200  -9.000    -18   -9   -9  327  33  -99   39 39   9 12 D  44 45   7 177 1 130 55
             200 2023  1 23 16  0 38.020 L 1.000 X  45.96783 -129.99567   1.900 X  -9.000   0.300   0.200  -9.000    -18   -9   -9  114  33 -177   40 33   8 19 C  54 53   8 128 1 102 26
             201 2023  1 23 16  2  6.550 L 1.000 X  45.96800 -129.99516   1.740 X  -9.000   0.300   0.200  -9.000    -18   -9   -9  112  84  169   38 36  10 29 C  65 52  10 123 1  89 30
             202 2023  1 25 13 45 26.240 L 1.000 X  45.93967 -130.01750   1.430 X  -9.000   0.300   0.200  -9.000    -18   -9   -9   67  48   91   22 30   9 22 B  84 46   9 140 1  95 31
             203 2023  1 26  1 27  1.080 L 1.000 X  45.93983 -130.01817   1.350 X  -9.000   0.300   0.200  -9.000    -18   -9   -9   55  78 -162   39 48  11 50 D  35 49  11 144 1  95 34
             204 2023  1 28  1 24 46.710 L 1.000 X  45.93667 -130.01784   1.210 X  -9.000   0.300   0.200  -9.000    -18   -9   -9  330  69  162   28 26  10  0 B  79 44   6 118 1  72 39
             205 2023  1 30 17 35 31.080 L 1.000 X  45.94017 -130.01817   1.150 X  -9.000   0.300   0.200  -9.000    -18   -9   -9   11  81  149   36 37   8 12 C  59 48   6 153 1 114 41
             206 2023  1 31  6 35 49.950 L 1.000 X  45.92633 -129.98900   1.030 X  -9.000   0.300   0.200  -9.000    -18   -9   -9  156  82  175   38 37   8 13 D  48 48   8 146 1  97 50
             207 2023  2  3 20 34 56.160 L 1.000 X  45.94150 -129.98750   1.550 X  -9.000   0.300   0.200  -9.000    -18   -9   -9   98  49 -167   45 49   8 36 D  49 56   4 148 1  91 36
             208 2023  2  4 14  2 10.540 L 1.000 X  46.00217 -130.02817   1.490 X  -9.000   0.300   0.200  -9.000    -18   -9   -9  255  86  164   51 47   8 21 D  43 44   7 176 1 155 72
             209 2023  2  5  4  5  8.250 L 1.000 X  45.92417 -129.98900   0.890 X  -9.000   0.300   0.200  -9.000    -18   -9   -9  360  86 -152   26 32  11 20 B  76 51   8 152 1 128 56
             210 2023  2  7  4 52 36.520 L 1.000 X  45.92300 -129.99150   0.840 X  -9.000   0.300   0.200  -9.000    -18   -9   -9  171  70 -155   48 51   9 13 D  40 44   7 147 1 101 67
             211 2023  2  7 17  6 59.260 L 1.000 X  45.99633 -130.01633   1.800 X  -9.000   0.300   0.200  -9.000    -18   -9   -9  167  86 -177   50 59   8 37 D  38 51   6 138 1  96 37
             212 2023  2  9 14  8 23.790 L 1.000 X  45.99233 -130.01517   1.580 X  -9.000   0.300   0.200  -9.000    -18   -9   -9  144  81 -172   54 60   9 44 D  23 52   8 126 1  73 40
             213 2023  2 12  9 42 12.710 L 1.000 X  46.00333 -130.02916   1.480 X  -9.000   0.300   0.200  -9.000    -18   -9   -9  149  64  138   48 50   9 14 D  34 48   8 147 1 127 59
             214 2023  2 13 13 53 15.660 L 1.000 X  45.92500 -129.99066   1.000 X  -9.000   0.300   0.200  -9.000    -18   -9   -9  160  58  -97   34 44  10 22 C  59 41   8 171 1 132 57
             215 2023  2 13 17 12 22.280 L 1.000 X  45.92617 -129.98466   1.080 X  -9.000   0.300   0.200  -9.000    -18   -9   -9  355  77 -154   38 46   9 24 C  67 46   8 138 1  77 31
             216 2023  2 13 22  2 41.940 L 1.000 X  45.97000 -129.99634   1.600 X  -9.000   0.300   0.200  -9.000    -18   -9   -9  104  84 -172   36 35  10 37 D  50 55   6 118 1  98 35
             217 2023  2 15 13 44 25.380 L 1.000 X  45.99967 -130.02650   1.130 X  -9.000   0.300   0.200  -9.000    -18   -9   -9  349  74 -179   22 25   9 19 A  88 47   7 169 1 154 67
             218 2023  2 16  4 32 24.670 L 1.000 X  45.96750 -129.99583   1.790 X  -9.000   0.300   0.200  -9.000    -18   -9   -9   30  63 -145   32 31  12 22 B  69 58   9 131 1  56 27
             219 2023  2 16 23 23 15.840 L 1.000 X  45.93884 -130.01900   1.300 X  -9.000   0.300   0.200  -9.000    -18   -9   -9  242  67 -134   40 41  10 20 D  49 44   8 136 1  83 33
             220 2023  2 18  0 22 34.520 L 1.000 X  45.97083 -129.99583   1.690 X  -9.000   0.300   0.200  -9.000    -18   -9   -9  206  76 -167   34 43  10 18 C  57 55   9 144 1  68 36
             221 2023  2 19 17 25 12.260 L 1.000 X  46.00134 -130.02783   1.390 X  -9.000   0.300   0.200  -9.000    -18   -9   -9  102  54  135   42 41  10 32 D  37 46  10 153 1  92 65
             222 2023  2 20  1 57 13.310 L 1.000 X  45.92433 -129.99800   0.880 X  -9.000   0.300   0.200  -9.000    -18   -9   -9  153  55  144   42 54   9 17 D  42 41   7 180 1  69 69
             223 2023  2 20  4 12 44.500 L 1.000 X  45.93800 -130.01900   1.290 X  -9.000   0.300   0.200  -9.000    -18   -9   -9   40  85 -149   32 43   9 23 C  69 40   7 170 1 103 33
             224 2023  2 20  6  5 15.450 L 1.000 X  45.93783 -130.01883   1.250 X  -9.000   0.300   0.200  -9.000    -18   -9   -9   39  86 -152   32 46   9 43 C  60 43   7 158 1 103 34
             225 2023  2 20  6 35 19.000 L 1.000 X  45.93817 -130.01883   1.230 X  -9.000   0.300   0.200  -9.000    -18   -9   -9   52  90 -170   30 45  10 32 C  53 46   7 139 1  71 33
             226 2023  2 24 18  2 27.480 L 1.000 X  45.97350 -129.99550   0.980 X  -9.000   0.300   0.200  -9.000    -18   -9   -9  305  87  165   44 35   9 35 D  46 32   8 151 1 205 70
             227 2023  2 25  7  0 40.620 L 1.000 X  45.97667 -129.99600   1.370 X  -9.000   0.300   0.200  -9.000    -18   -9   -9   90  66  156   50 43   8 38 D  33 46   7 150 1 163 56
             228 2023  2 25 12 59 57.190 L 1.000 X  45.93850 -130.01833   1.440 X  -9.000   0.300   0.200  -9.000    -18   -9   -9   53  79 -154   33 39  10 36 C  63 40  10 162 1 127 30
             229 2023  2 26  2 40 51.780 L 1.000 X  46.00017 -130.02766   1.600 X  -9.000   0.300   0.200  -9.000    -18   -9   -9  358  84  176   35 51   9 44 C  54 41   7 148 1  73 60
             230 2023  2 26  5 13 41.540 L 1.000 X  45.93783 -130.01833   1.220 X  -9.000   0.300   0.200  -9.000    -18   -9   -9  136  78 -166   42 40   8 30 D  41 35   5 182 1 100 35
             231 2023  2 26 21  4 17.320 L 1.000 X  45.93917 -130.01817   1.140 X  -9.000   0.300   0.200  -9.000    -18   -9   -9   71  70 -158   44 63   9 31 D  43 42   7 144 1  90 37
             232 2023  2 27  2 17 22.500 L 1.000 X  45.97383 -129.99683   1.530 X  -9.000   0.300   0.200  -9.000    -18   -9   -9   32  51  -83   50 53   9 48 D  40 48   6 153 1 110 46
             233 2023  2 27 16 37 32.650 L 1.000 X  45.93767 -130.01833   1.370 X  -9.000   0.300   0.200  -9.000    -18   -9   -9  271  40  104   34 37  10 43 C  69 52   9 115 1  91 34
             234 2023  2 27 22 10 26.000 L 1.000 X  45.93083 -129.97600   1.650 X  -9.000   0.300   0.200  -9.000    -18   -9   -9  307  80 -151   20 24  12  5 A  92 49  11 166 1  81 24
             235 2023  2 27 22 18  3.400 L 1.000 X  45.92983 -129.97600   1.580 X  -9.000   0.300   0.200  -9.000    -18   -9   -9   94  73   84   46 45   8  6 D  42 58   5  85 1  83 31
             236 2023  3  1 18 16 57.080 L 1.000 X  45.93833 -130.02000   1.340 X  -9.000   0.300   0.200  -9.000    -18   -9   -9   48  77  139   40 38   8 26 C  58 46   5 140 1  73 32
             237 2023  3  3 12  5 23.520 L 1.000 X  45.97467 -129.99550   1.250 X  -9.000   0.300   0.200  -9.000    -18   -9   -9  151  75 -156   49 50   8 42 D  36 43   6 141 1 142 58
             238 2023  3  3 21 53 29.880 L 1.000 X  46.00250 -130.02834   1.440 X  -9.000   0.300   0.200  -9.000    -18   -9   -9  174  71  180   36 46   9 40 C  58 46   7 156 1 155 73
             239 2023  3  4  2  1 13.650 L 1.000 X  45.92417 -129.99933   0.930 X  -9.000   0.300   0.200  -9.000    -18   -9   -9  250  39   83   26 29  10  5 B  84 49   8 140 1  81 62
             240 2023  3  4 18 44 50.960 L 1.000 X  45.92300 -129.99017   0.890 X  -9.000   0.300   0.200  -9.000    -18   -9   -9  273  85  171   40 44   9 41 C  53 48   8 136 1 114 61
             241 2023  3  6 21 29 23.760 L 1.000 X  45.92617 -129.98450   1.450 X  -9.000   0.300   0.200  -9.000    -18   -9   -9   82  89 -159   36 32   8 20 C  57 50   5 154 1  76 25
             242 2023  3  9 12 19 54.630 L 1.000 X  45.96684 -129.99583   1.640 X  -9.000   0.300   0.200  -9.000    -18   -9   -9   99  61  173   43 39   9 27 C  53 54   7 143 1 143 28
             243 2023  3  9 13 49 48.970 L 1.000 X  45.96583 -129.99300   1.680 X  -9.000   0.300   0.200  -9.000    -18   -9   -9  115  71 -179   51 50   8 40 D  35 53   7 136 1  83 33
             244 2023  3 10  4 28 51.640 L 1.000 X  45.92617 -129.98534   1.210 X  -9.000   0.300   0.200  -9.000    -18   -9   -9  348  76 -143   22 25  13 16 A  91 45  11 151 1  86 30
             245 2023  3 10 23 30  5.600 L 1.000 X  45.97417 -129.99600   1.200 X  -9.000   0.300   0.200  -9.000    -18   -9   -9   32  87 -145   45 50   8  6 D  31 46   6 104 1  66 58
             246 2023  3 11  4 58  7.500 L 1.000 X  45.97883 -129.99683   0.940 X  -9.000   0.300   0.200  -9.000    -18   -9   -9  240  66 -179   52 56   8 35 D  34 49   7 146 1 180 65
             247 2023  3 11  5 12 43.700 L 1.000 X  45.96450 -129.99350   1.710 X  -9.000   0.300   0.200  -9.000    -18   -9   -9  205  82   64   36 47   8 20 D  34 50   6 132 1 127 31
             248 2023  3 11  5 17  3.060 L 1.000 X  45.96500 -129.99350   1.810 X  -9.000   0.300   0.200  -9.000    -18   -9   -9   95  38  140   26 24  11 32 B  81 52  10 136 1  84 29
             249 2023  3 12 17 15 51.680 L 1.000 X  45.92700 -129.98767   1.220 X  -9.000   0.300   0.200  -9.000    -18   -9   -9  265  69  179   35 26   9 17 B  71 48   7 155 1  91 38
             250 2023  3 13 21 49 39.200 L 1.000 X  45.92533 -129.98967   0.990 X  -9.000   0.300   0.200  -9.000    -18   -9   -9  276  83  166   39 41   8 28 D  50 52   7 136 1 131 54
             251 2023  3 13 21 50 37.420 L 1.000 X  45.92583 -129.98967   0.990 X  -9.000   0.300   0.200  -9.000    -18   -9   -9   84  63 -125   46 42   9  5 C  50 49   8 134 1 154 54
             252 2023  3 16 12 24  3.280 L 1.000 X  45.95016 -130.04150   2.080 X  -9.000   0.300   0.200  -9.000    -18   -9   -9  357  57 -171   22 19   8 18 A  97 56   6 129 1 224 56
             253 2023  3 16 23 21 18.280 L 1.000 X  45.95933 -129.98883   1.750 X  -9.000   0.300   0.200  -9.000    -18   -9   -9  130  51 -172   30 29   9 37 B  74 61   6 107 1  92 43
             254 2023  3 16 23 23 26.800 L 1.000 X  45.95883 -129.98883   1.830 X  -9.000   0.300   0.200  -9.000    -18   -9   -9  233  83   89   36 47   9 15 D  41 63   6 105 1  90 40
             255 2023  3 17  4 22 43.330 L 1.000 X  45.95867 -129.98883   2.090 X  -9.000   0.300   0.200  -9.000    -18   -9   -9    9  79  -93   35 43   8 32 C  55 71   5  96 1  91 35
             256 2023  3 17 14  5  3.270 L 1.000 X  45.92484 -129.99066   1.010 X  -9.000   0.300   0.200  -9.000    -18   -9   -9  271  68  179   41 38  10 15 C  58 42   8 176 1 132 56
             257 2023  3 24 16 17 51.930 L 1.000 X  45.96300 -129.99200   1.870 X  -9.000   0.300   0.200  -9.000    -18   -9   -9  119  63 -176   42 34  10 13 C  61 55   8 165 1  75 32
             258 2023  3 27  6 47 48.260 L 1.000 X  45.92484 -129.99117   0.970 X  -9.000   0.300   0.200  -9.000    -18   -9   -9   50  88 -164   39 48   9 23 D  50 48   7 140 1 132 59
             259 2023  3 30  1 48  9.740 L 1.000 X  46.00350 -130.02834   1.310 X  -9.000   0.300   0.200  -9.000    -18   -9   -9  233  40 -102   49 52   8 40 D  23 56   6 114 1 155 70
             260 2023  3 30 15 33 21.150 L 1.000 X  45.94150 -130.01950   1.330 X  -9.000   0.300   0.200  -9.000    -18   -9   -9   45  32   89   37 42   9 51 C  66 44   7 154 1  90 43
             261 2023  3 30 19 53 10.520 L 1.000 X  45.92650 -129.98849   1.090 X  -9.000   0.300   0.200  -9.000    -18   -9   -9  269  54 -154   28 29  13 27 B  77 44  11 175 1 129 46
             262 2023  4  1 10 23 14.920 L 1.000 X  46.00600 -130.02817   1.740 X  -9.000   0.300   0.200  -9.000    -18   -9   -9  319  81  163   47 59   8 26 D  44 51   6 106 1 148 64
             263 2023  4  2  0  3 15.020 L 1.000 X  45.94800 -129.98616   1.990 X  -9.000   0.300   0.200  -9.000    -18   -9   -9  353  66  158   34 36   9  3 C  51 62   8 103 1  80 25
             264 2023  4  3  1 35  7.460 L 1.000 X  45.96350 -129.99234   1.630 X  -9.000   0.300   0.200  -9.000    -18   -9   -9  357  77 -132   51 58   8 26 D  24 51   4 107 1 120 35
             265 2023  4  3  1 37 20.370 L 1.000 X  45.96467 -129.99367   1.850 X  -9.000   0.300   0.200  -9.000    -18   -9   -9   26  16  112   39 48   8 40 D  36 58   5 142 1 142 28
             266 2023  4  3  1 40 37.060 L 1.000 X  45.96483 -129.99283   1.760 X  -9.000   0.300   0.200  -9.000    -18   -9   -9   15  22  136   49 56   8 40 D  36 47   6 143 1 127 32
             267 2023  4  4  0 28 11.240 L 1.000 X  45.96733 -129.99634   1.590 X  -9.000   0.300   0.200  -9.000    -18   -9   -9  224  53   98   25 26   9 14 B  88 43   9 150 1  92 28
             268 2023  4  4  2 21 33.210 L 1.000 X  45.92900 -130.00616   0.940 X  -9.000   0.300   0.200  -9.000    -18   -9   -9   84  80 -148   33 48   8 40 C  55 60   7 128 1  90 48
             269 2023  4  4  2 51 22.320 L 1.000 X  45.95417 -129.98666   2.000 X  -9.000   0.300   0.200  -9.000    -18   -9   -9   24  79 -137   30 23  10 14 B  88 66   8  98 1  67 24
             270 2023  4  5 13 24 46.470 L 1.000 X  45.95417 -129.98633   1.940 X  -9.000   0.300   0.200  -9.000    -18   -9   -9   50  78 -121   21 31   9 15 B  83 71   7 112 1  68 26
             271 2023  4  5 14 16 36.230 L 1.000 X  45.93300 -129.97734   1.530 X  -9.000   0.300   0.200  -9.000    -18   -9   -9  178  34  116   46 52   9 26 D  55 44   8 186 1 205 25
             272 2023  4  5 14 19 43.190 L 1.000 X  45.93283 -129.97667   1.550 X  -9.000   0.300   0.200  -9.000    -18   -9   -9  326  72 -147   46 60   9 39 D  39 45   7 171 1 206 26
             273 2023  4  5 14 19 49.470 L 1.000 X  45.93300 -129.97717   1.570 X  -9.000   0.300   0.200  -9.000    -18   -9   -9  188  51  145   53 51   8 28 D  35 49   7 178 1 205 26
             274 2023  4  5 14 25 51.860 L 1.000 X  45.97850 -129.99867   1.340 X  -9.000   0.300   0.200  -9.000    -18   -9   -9  107  72 -172   52 52   8 17 D  32 43   5 143 1  90 53
             275 2023  4  5 16 27 55.120 L 1.000 X  45.92484 -129.99133   0.870 X  -9.000   0.300   0.200  -9.000    -18   -9   -9  272  68  179   45 40  10  9 C  54 38   9 241 1  80 64
             276 2023  4  6  0 43 14.500 L 1.000 X  45.99367 -130.01334   1.310 X  -9.000   0.300   0.200  -9.000    -18   -9   -9  151  71 -163   40 41  11 26 C  64 45   9 148 1 119 51
             277 2023  4  6  0 44 11.760 L 1.000 X  45.99417 -130.01317   1.190 X  -9.000   0.300   0.200  -9.000    -18   -9   -9  321  84  166   32 32  10 33 B  66 45   9 180 1  95 57
             278 2023  4  6  0 45  6.650 L 1.000 X  45.99434 -130.01334   1.110 X  -9.000   0.300   0.200  -9.000    -18   -9   -9  149  86 -175   29 27   9 18 B  76 40   8 204 1 116 61
             279 2023  4  6  0 45 40.230 L 1.000 X  45.99417 -130.01367   1.280 X  -9.000   0.300   0.200  -9.000    -18   -9   -9  168  50 -132   45 39  10 31 D  42 44   8 169 1  96 54
             280 2023  4  6  0 49 41.690 L 1.000 X  45.99400 -130.01350   1.290 X  -9.000   0.300   0.200  -9.000    -18   -9   -9  300  85  173   36 39   8 43 C  62 48   8 145 1 118 53
             281 2023  4  6  0 50 46.100 L 1.000 X  45.99417 -130.01367   1.090 X  -9.000   0.300   0.200  -9.000    -18   -9   -9  138  87 -168   28 28   9 28 B  79 48   7 193 1 107 62
             282 2023  4  6 15 26  2.950 L 1.000 X  45.93900 -129.98734   1.520 X  -9.000   0.300   0.200  -9.000    -18   -9   -9  320  51  116   33 37   8 49 C  75 51   7 139 1 186 43
             283 2023  4  6 15 47 19.380 L 1.000 X  45.93884 -129.98466   1.540 X  -9.000   0.300   0.200  -9.000    -18   -9   -9  181  89  133   49 54   9 34 D  38 46   8 166 1 108 23
             284 2023  4  7 16 20 41.800 L 1.000 X  45.92333 -129.99100   0.890 X  -9.000   0.300   0.200  -9.000    -18   -9   -9  171  83 -179   29 34  11 26 B  72 49   9 139 1  86 63
             285 2023  4  7 16 27 23.970 L 1.000 X  45.92267 -129.99083   0.880 X  -9.000   0.300   0.200  -9.000    -18   -9   -9  326  86  173   43 49   9 25 D  28 47   7 140 1 116 71
             286 2023  4  7 16 42 55.690 L 1.000 X  45.92233 -129.99033   0.940 X  -9.000   0.300   0.200  -9.000    -18   -9   -9   95  50  107   55 50  10 21 D  18 48   8 133 1  91 68
             287 2023  4  7 16 49 27.080 L 1.000 X  45.92317 -129.99083   0.880 X  -9.000   0.300   0.200  -9.000    -18   -9   -9  158  61  148   34 35  12 23 C  59 52  10 122 1 115 63
             288 2023  4  7 16 58 14.780 L 1.000 X  45.92317 -129.99100   0.890 X  -9.000   0.300   0.200  -9.000    -18   -9   -9  165  74  168   42 44   9 21 D  40 45   7 162 1 115 63
             289 2023  4  7 20 44 11.920 L 1.000 X  45.93817 -130.01917   1.180 X  -9.000   0.300   0.200  -9.000    -18   -9   -9  326  65 -173   28 29   8 21 B  79 41   7 186 1  80 34
             290 2023  4  7 21  5 18.200 L 1.000 X  45.98083 -129.99834   1.770 X  -9.000   0.300   0.200  -9.000    -18   -9   -9  127  75  167   39 48   9 30 C  53 54   6 149 1 103 41
             291 2023  4  9 15 17 54.320 L 1.000 X  46.00350 -130.02617   1.400 X  -9.000   0.300   0.200  -9.000    -18   -9   -9    1  86  165   44 50   9 23 D  38 49   6 124 1 153 75
             292 2023  4 10  0 32 51.660 L 1.000 X  45.96583 -129.99567   1.640 X  -9.000   0.300   0.200  -9.000    -18   -9   -9  239  61 -165   26 21  10 33 A  86 46   8 171 1  86 27
             293 2023  4 10 18 26  9.180 L 1.000 X  45.97133 -129.99466   1.170 X  -9.000   0.300   0.200  -9.000    -18   -9   -9   38  78  168   29 27  11 26 B  78 37   7 169 1  65 60
             294 2023  4 11 20 44 45.120 L 1.000 X  45.95533 -129.98801   1.970 X  -9.000   0.300   0.200  -9.000    -18   -9   -9    3  54 -180   29 33  10 24 B  73 68   8 115 1  94 28
             295 2023  4 12 18  1 42.520 L 1.000 X  45.97766 -129.99651   1.770 X  -9.000   0.300   0.200  -9.000    -18   -9   -9  332  60 -140   37 41  11 12 D  46 54   9 137 1  94 47
             296 2023  4 12 18 11 29.240 L 1.000 X  45.97700 -129.99634   1.480 X  -9.000   0.300   0.200  -9.000    -18   -9   -9  103  46 -165   37 43   9 17 D  35 41   7 172 1  70 56
             297 2023  4 12 18 14 37.560 L 1.000 X  45.97850 -129.99651   1.820 X  -9.000   0.300   0.200  -9.000    -18   -9   -9  355  44 -125   53 59   8 44 D  33 47   7 181 1 177 45
             298 2023  4 12 18 15 52.440 L 1.000 X  45.97683 -129.99600   1.410 X  -9.000   0.300   0.200  -9.000    -18   -9   -9  132  59  -98   44 51   9 16 D  37 49   7 114 1  70 55
             299 2023  4 12 18 17 13.440 L 1.000 X  45.97717 -129.99634   1.640 X  -9.000   0.300   0.200  -9.000    -18   -9   -9  317  66  -85   48 48   8  9 D  30 47   6 122 1 147 50
             300 2023  4 12 18 17 38.280 L 1.000 X  45.97633 -129.99600   1.330 X  -9.000   0.300   0.200  -9.000    -18   -9   -9  284  72 -163   43 41   8 17 D  47 41   5 136 1 110 57
             301 2023  4 12 18 33 29.880 L 1.000 X  45.97650 -129.99634   1.710 X  -9.000   0.300   0.200  -9.000    -18   -9   -9  101  39  174   42 38   9 38 D  46 56   7 111 1 161 48
             302 2023  4 12 18 42 48.740 L 1.000 X  45.97717 -129.99651   1.330 X  -9.000   0.300   0.200  -9.000    -18   -9   -9  302  60 -144   42 40   8 18 D  49 46   8 140 1 100 58
             303 2023  4 12 18 43  0.120 L 1.000 X  45.97683 -129.99617   1.350 X  -9.000   0.300   0.200  -9.000    -18   -9   -9  117  90  160   45 41   9  8 D  39 47   9 140 1  71 57
             304 2023  4 12 18 43 31.860 L 1.000 X  45.97550 -129.99617   1.550 X  -9.000   0.300   0.200  -9.000    -18   -9   -9  112  69  147   50 55  10 26 D  28 46   9 153 1  67 51
             305 2023  4 12 18 44  1.080 L 1.000 X  45.97600 -129.99533   1.840 X  -9.000   0.300   0.200  -9.000    -18   -9   -9  143  74 -169   44 38  11 44 C  51 54  10 117 1 159 43
             306 2023  4 12 18 44 12.840 L 1.000 X  45.97667 -129.99617   1.810 X  -9.000   0.300   0.200  -9.000    -18   -9   -9  326  84 -170   47 48  10 41 D  50 57   9 132 1  91 45
             307 2023  4 12 18 48  2.440 L 1.000 X  45.97667 -129.99567   1.650 X  -9.000   0.300   0.200  -9.000    -18   -9   -9  326  80  -89   52 54   8 28 D  26 57   7  99 1  75 48
             308 2023  4 12 18 49 38.040 L 1.000 X  45.97683 -129.99651   1.440 X  -9.000   0.300   0.200  -9.000    -18   -9   -9  156  34  -72   29 35  10 19 B  71 49   6 137 1  74 57
             309 2023  4 12 19  5  2.600 L 1.000 X  45.99450 -129.99333   0.530 X  -9.000   0.300   0.200  -9.000    -18   -9   -9  308  18  -74   38 36   9 11 C  54 80   6  73 1 152 33
             310 2023  4 12 19 18 41.760 L 1.000 X  45.97633 -129.99651   1.240 X  -9.000   0.300   0.200  -9.000    -18   -9   -9  283  74 -169   39 41   9 35 C  52 44   8 160 1  70 61
             311 2023  4 12 19 19 46.120 L 1.000 X  45.97667 -129.99651   1.440 X  -9.000   0.300   0.200  -9.000    -18   -9   -9  272  83 -167   45 42  10 25 D  40 47   7 164 1  71 55
             312 2023  4 12 19 29 45.520 L 1.000 X  45.97233 -129.99550   1.550 X  -9.000   0.300   0.200  -9.000    -18   -9   -9  107  85  154   44 43   8 18 D  38 47   4 135 1 178 43
             313 2023  4 12 19 33 27.940 L 1.000 X  45.97617 -129.99651   1.170 X  -9.000   0.300   0.200  -9.000    -18   -9   -9  154  52  -61   37 41   9 14 D  49 46   6 124 1 106 63
             314 2023  4 12 19 43 43.420 L 1.000 X  45.97700 -129.99617   1.430 X  -9.000   0.300   0.200  -9.000    -18   -9   -9  288  75 -141   41 40   8 14 C  52 47   7 153 1 102 55
             315 2023  4 12 19 44  3.120 L 1.000 X  45.97683 -129.99651   1.530 X  -9.000   0.300   0.200  -9.000    -18   -9   -9  199  42 -100   46 46  10 32 D  44 38   8 158 1  99 53
             316 2023  4 12 19 44 26.320 L 1.000 X  45.97667 -129.99634   1.310 X  -9.000   0.300   0.200  -9.000    -18   -9   -9  279  71 -152   51 49   8 26 D  45 40   7 150 1 110 58
             317 2023  4 12 19 44 46.240 L 1.000 X  45.97733 -129.99617   1.870 X  -9.000   0.300   0.200  -9.000    -18   -9   -9  102  85  144   44 42   9 40 D  43 63   8 110 1 109 46
             318 2023  4 12 19 44 57.360 L 1.000 X  45.97650 -129.99617   1.750 X  -9.000   0.300   0.200  -9.000    -18   -9   -9  287  80 -147   38 43   8 17 D  39 50   5 119 1 196 46
             319 2023  4 12 19 51 55.680 L 1.000 X  45.97633 -129.99567   1.620 X  -9.000   0.300   0.200  -9.000    -18   -9   -9  171  39 -127   46 42   9 27 D  36 49   8 121 1 145 48
             320 2023  4 12 19 53  5.820 L 1.000 X  45.97583 -129.99583   1.280 X  -9.000   0.300   0.200  -9.000    -18   -9   -9  278  75 -165   43 39   9 23 C  63 39   7 162 1 109 58
             321 2023  4 12 19 53 54.440 L 1.000 X  45.97817 -129.99716   1.840 X  -9.000   0.300   0.200  -9.000    -18   -9   -9  101  37  175   37 37   8 31 C  58 57   7  91 1 173 44
             322 2023  4 12 19 54 27.200 L 1.000 X  45.97700 -129.99699   1.560 X  -9.000   0.300   0.200  -9.000    -18   -9   -9  308  88 -151   35 42   8  6 C  53 55   6  89 1  73 52
             323 2023  4 12 19 55 14.200 L 1.000 X  45.97783 -129.99617   1.930 X  -9.000   0.300   0.200  -9.000    -18   -9   -9   94  43  175   35 35  10 22 C  56 61   8 112 1  96 43
             324 2023  4 12 19 57 11.840 L 1.000 X  45.97683 -129.99634   1.340 X  -9.000   0.300   0.200  -9.000    -18   -9   -9  298  58 -139   40 36   9 14 D  45 42   6 126 1 110 58
             325 2023  4 12 19 58  0.840 L 1.000 X  45.97567 -129.99567   1.380 X  -9.000   0.300   0.200  -9.000    -18   -9   -9  298  75 -124   38 36   8 15 C  55 55   6  80 1 119 57
             326 2023  4 12 20  1 36.440 L 1.000 X  45.97750 -129.99699   1.190 X  -9.000   0.300   0.200  -9.000    -18   -9   -9  138  81 -165   44 51   8 28 D  40 50   7 119 1  98 63
             327 2023  4 12 20  2 10.080 L 1.000 X  45.97600 -129.99583   1.170 X  -9.000   0.300   0.200  -9.000    -18   -9   -9  317  57 -114   43 44  10 27 D  39 41   8 180 1 105 62
             328 2023  4 12 20  5 40.160 L 1.000 X  45.97700 -129.99683   1.450 X  -9.000   0.300   0.200  -9.000    -18   -9   -9  288  72 -145   41 40   8 15 D  46 47   8 146 1 101 56
             329 2023  4 12 20  6 49.620 L 1.000 X  45.97733 -129.99683   1.740 X  -9.000   0.300   0.200  -9.000    -18   -9   -9  311  72 -106   47 50  10 54 D  29 54   7 142 1  92 48
             330 2023  4 12 20 10 54.240 L 1.000 X  45.97667 -129.99600   1.720 X  -9.000   0.300   0.200  -9.000    -18   -9   -9   87  60  145   47 47  10 47 D  41 53   7 131 1 163 47
             331 2023  4 12 20 16 14.320 L 1.000 X  45.97783 -129.99583   1.230 X  -9.000   0.300   0.200  -9.000    -18   -9   -9   64  86  171   50 44   8 26 D  39 42   6 125 1  98 61
             332 2023  4 12 20 16 28.400 L 1.000 X  45.97833 -129.99651   1.600 X  -9.000   0.300   0.200  -9.000    -18   -9   -9   95  35 -168   44 43   9 40 C  58 49   5 134 1 176 51
             333 2023  4 12 20 16 46.000 L 1.000 X  45.97650 -129.99667   1.440 X  -9.000   0.300   0.200  -9.000    -18   -9   -9  112  69 -174   41 33  10 40 C  55 43   6 148 1  71 55
             334 2023  4 12 20 17 21.460 L 1.000 X  45.97783 -129.99634   1.480 X  -9.000   0.300   0.200  -9.000    -18   -9   -9  106  65  169   42 48   9 18 D  41 50   8 127 1  52 54
             335 2023  4 12 20 24 33.320 L 1.000 X  45.97717 -129.99699   0.990 X  -9.000   0.300   0.200  -9.000    -18   -9   -9  284  49 -139   40 36   8 12 C  53 44   8 156 1  99 73
             336 2023  4 12 20 26 23.480 L 1.000 X  45.97717 -129.99683   1.180 X  -9.000   0.300   0.200  -9.000    -18   -9   -9  304  60 -158   51 43   8 30 D  34 35   8 191 1 148 64
             337 2023  4 12 20 26 54.560 L 1.000 X  45.97633 -129.99651   1.350 X  -9.000   0.300   0.200  -9.000    -18   -9   -9  276  75 -172   46 46   9 23 D  56 41   9 178 1  70 57
             338 2023  4 12 20 33  9.020 L 1.000 X  45.97766 -129.99683   1.140 X  -9.000   0.300   0.200  -9.000    -18   -9   -9  318  73 -166   41 45   8 18 D  45 40   7 179 1 145 65
             339 2023  4 12 20 35 13.740 L 1.000 X  45.97600 -129.99617   1.280 X  -9.000   0.300   0.200  -9.000    -18   -9   -9  129  44 -101   39 36   8 19 C  55 52   8 145 1 108 59
             340 2023  4 12 21  3 21.620 L 1.000 X  45.97633 -129.99667   1.360 X  -9.000   0.300   0.200  -9.000    -18   -9   -9  281  78 -165   40 38   8 18 C  56 39   8 163 1 109 57
             341 2023  4 12 21  3 32.740 L 1.000 X  45.97783 -129.99667   1.370 X  -9.000   0.300   0.200  -9.000    -18   -9   -9  145  87 -178   49 46   8 28 D  35 35   5 198 1 108 57
             342 2023  4 12 21  8 48.680 L 1.000 X  45.97567 -129.99600   1.410 X  -9.000   0.300   0.200  -9.000    -18   -9   -9  145  30  -49   39 48   9 14 D  46 47   7 162 1 107 55
             343 2023  4 12 21 10  6.820 L 1.000 X  45.97600 -129.99667   1.260 X  -9.000   0.300   0.200  -9.000    -18   -9   -9  153  58 -138   39 46   9 37 C  56 40   7 156 1 108 60
             344 2023  4 12 21 12 20.860 L 1.000 X  45.97600 -129.99583   1.170 X  -9.000   0.300   0.200  -9.000    -18   -9   -9  291  68 -143   38 35  10 27 C  59 46   8 165 1 105 62
             345 2023  4 12 22 32 29.500 L 1.000 X  45.98067 -129.99817   1.580 X  -9.000   0.300   0.200  -9.000    -18   -9   -9  144  80  173   52 58   8 22 D  32 57   7  88 1  95 46
             346 2023  4 13  4 17 45.420 L 1.000 X  45.97683 -129.99634   0.930 X  -9.000   0.300   0.200  -9.000    -18   -9   -9  166  80  175   28 28   8 26 B  74 52   6 144 1 103 73
             347 2023  4 13 13 45  8.150 L 1.000 X  45.95800 -129.98883   1.350 X  -9.000   0.300   0.200  -9.000    -18   -9   -9  142  64  165   42 36   9 33 C  54 53   5 126 1  94 50
             348 2023  4 13 18  2 57.720 L 1.000 X  45.97983 -129.99817   1.400 X  -9.000   0.300   0.200  -9.000    -18   -9   -9  347  82 -179   46 55   9 13 D  43 46   8 124 1  75 51
             349 2023  4 14  3 15  1.110 L 1.000 X  45.94000 -129.99017   1.440 X  -9.000   0.300   0.200  -9.000    -18   -9   -9  136  20 -119   48 48   8 18 D  54 50   5 166 1 105 42
             350 2023  4 14  3 21 15.460 L 1.000 X  45.94100 -129.99001   1.480 X  -9.000   0.300   0.200  -9.000    -18   -9   -9    5  86  151   26 35   8 38 B  82 47   8 163 1  89 42
             351 2023  4 14  3 36 55.360 L 1.000 X  45.94033 -129.99066   1.230 X  -9.000   0.300   0.200  -9.000    -18   -9   -9  324  82  134   37 48   8 41 D  43 52   6 169 1 104 47
             352 2023  4 14 11  9  9.590 L 1.000 X  45.95800 -129.98967   1.500 X  -9.000   0.300   0.200  -9.000    -18   -9   -9  134  60  171   40 33   8 13 C  68 60   7 114 1  95 47
             353 2023  4 14 11 24  1.240 L 1.000 X  45.95767 -129.98984   1.920 X  -9.000   0.300   0.200  -9.000    -18   -9   -9  354  70 -159   40 54   8 19 D  43 65   5 119 1  97 37
             354 2023  4 14 19 40 41.880 L 1.000 X  45.99183 -130.01483   1.430 X  -9.000   0.300   0.200  -9.000    -18   -9   -9  157  74 -172   33 42   9 21 C  69 48   6 132 1 145 56
             355 2023  4 14 21 21 39.620 L 1.000 X  45.95967 -129.98883   1.590 X  -9.000   0.300   0.200  -9.000    -18   -9   -9  233  76  133   38 45   9 31 C  67 52   7 131 1  97 47
             356 2023  4 14 21 27 39.760 L 1.000 X  45.95850 -129.98933   1.850 X  -9.000   0.300   0.200  -9.000    -18   -9   -9   47  90  -93   41 45   8 31 C  51 66   6 102 1  92 40
             357 2023  4 14 21 33 59.840 L 1.000 X  45.95967 -129.98849   1.810 X  -9.000   0.300   0.200  -9.000    -18   -9   -9  215  87  153   30 33  11 10 B  65 56  10 129 1  87 42
             358 2023  4 14 21 37 18.980 L 1.000 X  45.95933 -129.98866   2.000 X  -9.000   0.300   0.200  -9.000    -18   -9   -9  222  86   90   26 22   9 10 A  91 68   9 115 1  88 38
             359 2023  4 14 21 39 19.800 L 1.000 X  45.95933 -129.98866   2.020 X  -9.000   0.300   0.200  -9.000    -18   -9   -9  279   6  -65   43 49   8 31 D  47 67   6 109 1  92 38
             360 2023  4 14 22 14  1.240 L 1.000 X  45.95850 -129.98950   1.850 X  -9.000   0.300   0.200  -9.000    -18   -9   -9  352  70 -158   43 58   8 21 D  35 60   4 130 1 104 40
             361 2023  4 14 22 35 11.080 L 1.000 X  45.96733 -129.99417   1.730 X  -9.000   0.300   0.200  -9.000    -18   -9   -9  128  75 -165   45 47   8 22 D  47 47   7 157 1 143 31
             362 2023  4 15  3 45 56.060 L 1.000 X  45.95950 -129.98849   1.320 X  -9.000   0.300   0.200  -9.000    -18   -9   -9  134  69 -168   37 32   8 46 B  63 42   6 178 1 141 54
             363 2023  4 15 10 18 41.970 L 1.000 X  45.96733 -129.99367   1.460 X  -9.000   0.300   0.200  -9.000    -18   -9   -9   33  46 -177   49 49   8 21 D  44 48   5 142 1 143 38
             364 2023  4 15 18 25 28.300 L 1.000 X  45.92550 -129.98567   1.070 X  -9.000   0.300   0.200  -9.000    -18   -9   -9    4  80 -150   38 43   8 16 C  69 50   7 141 1 149 36
             365 2023  4 15 18 39 32.120 L 1.000 X  45.92567 -129.98633   0.980 X  -9.000   0.300   0.200  -9.000    -18   -9   -9    2  82 -151   28 32   8 24 B  75 46   7 150 1 159 41
             366 2023  4 15 18 41 26.560 L 1.000 X  45.92550 -129.98633   1.030 X  -9.000   0.300   0.200  -9.000    -18   -9   -9  173  89  146   34 34   9 28 B  65 45   7 147 1 121 40
             367 2023  4 15 18 55 50.800 L 1.000 X  45.92567 -129.98584   1.050 X  -9.000   0.300   0.200  -9.000    -18   -9   -9    2  82 -157   30 36   8  7 B  66 48   6 144 1 159 37
             368 2023  4 15 19 40 14.840 L 1.000 X  45.92567 -129.98616   1.020 X  -9.000   0.300   0.200  -9.000    -18   -9   -9    8  82 -151   35 35   9 29 B  77 51   8 138 1 149 39
             369 2023  4 15 19 43  3.520 L 1.000 X  45.92583 -129.98683   0.960 X  -9.000   0.300   0.200  -9.000    -18   -9   -9  359  90 -147   44 52   9 33 D  63 55   7 137 1  95 44
             370 2023  4 15 22 32  3.100 L 1.000 X  45.93184 -129.97717   1.600 X  -9.000   0.300   0.200  -9.000    -18   -9   -9  127  83  159   30 28   9 11 B  81 49   8 164 1 154 35
             371 2023  4 15 22 38  4.380 L 1.000 X  45.93200 -129.97734   1.620 X  -9.000   0.300   0.200  -9.000    -18   -9   -9  117  43  -97   47 48   8 55 D  31 56   5 117 1 163 21
             372 2023  4 15 22 39 34.880 L 1.000 X  45.93417 -129.97816   1.620 X  -9.000   0.300   0.200  -9.000    -18   -9   -9  353  58  109   60 54  14 31 D  29 54  13 143 1  97 18
             373 2023  4 15 22 39 44.320 L 1.000 X  45.93417 -129.97867   1.550 X  -9.000   0.300   0.200  -9.000    -18   -9   -9    7  54 -161   50 43  11 18 D  42 55  10 143 1  72 20
             374 2023  4 15 22 39 57.840 L 1.000 X  45.93100 -129.97600   1.770 X  -9.000   0.300   0.200  -9.000    -18   -9   -9  318  84 -148   47 47   8  4 D  38 56   7 153 1 140 21
             375 2023  4 15 22 40  4.000 L 1.000 X  45.93350 -129.97766   1.660 X  -9.000   0.300   0.200  -9.000    -18   -9   -9  116  81  122   38 44   8 18 C  51 59   6 147 1 146 21
             376 2023  4 15 22 40 22.360 L 1.000 X  45.93117 -129.97633   1.690 X  -9.000   0.300   0.200  -9.000    -18   -9   -9  307  41   99   42 42   8 21 D  35 48   7 157 1 182 34
             377 2023  4 15 22 40 26.880 L 1.000 X  45.93333 -129.97783   1.680 X  -9.000   0.300   0.200  -9.000    -18   -9   -9  354  62 -161   34 51  11 12 D  38 57  10 137 1 145 22
             378 2023  4 15 22 40 35.200 L 1.000 X  45.93300 -129.97816   1.600 X  -9.000   0.300   0.200  -9.000    -18   -9   -9  250  45 -133   56 42  10 25 D  38 47   7 158 1 128 23
             379 2023  4 15 22 41  3.220 L 1.000 X  45.93350 -129.97766   1.660 X  -9.000   0.300   0.200  -9.000    -18   -9   -9  346  57 -104   29 39  12 28 B  70 52  10 133 1 146 21
             380 2023  4 15 22 41 33.460 L 1.000 X  45.93350 -129.97783   1.650 X  -9.000   0.300   0.200  -9.000    -18   -9   -9  106  58  101   25 30  11 19 B  80 50   9 155 1  74 21
             381 2023  4 15 22 42  0.660 L 1.000 X  45.93300 -129.97850   1.670 X  -9.000   0.300   0.200  -9.000    -18   -9   -9  334  57 -104   27 18  12 27 A  92 54  12 133 1  99 21
             382 2023  4 15 22 42 35.520 L 1.000 X  45.93150 -129.97684   1.660 X  -9.000   0.300   0.200  -9.000    -18   -9   -9  338  74 -154   23 39  11  7 B  75 46   8 175 1 120 21
             383 2023  4 15 22 42 50.840 L 1.000 X  45.93383 -129.97850   1.610 X  -9.000   0.300   0.200  -9.000    -18   -9   -9  322  68 -124   31 28  12 25 B  79 54  11 137 1  97 19
             384 2023  4 15 22 43 56.000 L 1.000 X  45.93167 -129.97717   1.590 X  -9.000   0.300   0.200  -9.000    -18   -9   -9  325  87 -155   27 27  10 21 B  84 48   8 177 1 119 36
             385 2023  4 15 22 44 39.660 L 1.000 X  45.93433 -129.97783   1.680 X  -9.000   0.300   0.200  -9.000    -18   -9   -9  329  68 -124   26 29  10 23 B  85 57   9 109 1 144 18
             386 2023  4 15 22 45  3.540 L 1.000 X  45.93233 -129.97766   1.750 X  -9.000   0.300   0.200  -9.000    -18   -9   -9  254  90 -132   25 26  10 11 B  87 55   8 142 1 147 21
             387 2023  4 15 22 46 12.520 L 1.000 X  45.93267 -129.97766   1.730 X  -9.000   0.300   0.200  -9.000    -18   -9   -9  281  81 -126   35 37   9 15 C  64 56   8 181 1 147 22
             388 2023  4 15 22 47 23.800 L 1.000 X  45.92367 -129.94467   2.830 X  -9.000   0.300   0.200  -9.000    -18   -9   -9  255  63 -169   38 38   8 47 C  51 45   6 151 1 280 49
             389 2023  4 15 22 48  2.680 L 1.000 X  45.93350 -129.97800   1.570 X  -9.000   0.300   0.200  -9.000    -18   -9   -9  174  38  -88   23 26  12 35 A  85 50  11 156 1  98 21
             390 2023  4 15 22 48 17.540 L 1.000 X  45.93300 -129.97734   1.520 X  -9.000   0.300   0.200  -9.000    -18   -9   -9  313  80 -126   32 31  11 19 B  68 48  10 161 1  76 32
             391 2023  4 15 22 48 25.480 L 1.000 X  45.93350 -129.97833   1.570 X  -9.000   0.300   0.200  -9.000    -18   -9   -9  340  74 -164   33 49   9  4 D  41 57   7 146 1  74 21
             392 2023  4 15 22 48 43.580 L 1.000 X  45.93433 -129.97816   1.610 X  -9.000   0.300   0.200  -9.000    -18   -9   -9  338  68 -143   32 41   9 29 C  60 59   8 126 1 142 19
             393 2023  4 15 22 49 55.080 L 1.000 X  45.93333 -129.97783   1.570 X  -9.000   0.300   0.200  -9.000    -18   -9   -9  256  60 -139   44 40  10 43 C  54 50   7 156 1  75 25
             394 2023  4 15 22 50  5.300 L 1.000 X  45.93283 -129.97783   1.650 X  -9.000   0.300   0.200  -9.000    -18   -9   -9   26  38  176   33 29  10  6 B  72 56  10 123 1  89 30
             395 2023  4 15 22 52 17.360 L 1.000 X  45.93383 -129.97833   1.620 X  -9.000   0.300   0.200  -9.000    -18   -9   -9  330  59   69   44 53  12 25 D  41 52  11 147 1  73 19
             396 2023  4 15 22 53 55.980 L 1.000 X  45.93450 -129.97816   1.670 X  -9.000   0.300   0.200  -9.000    -18   -9   -9  117  35  -65   33 38  12 17 C  62 44  12 160 1  84 27
             397 2023  4 15 22 57 56.260 L 1.000 X  45.93467 -129.97833   1.700 X  -9.000   0.300   0.200  -9.000    -18   -9   -9  328  66 -124   49 49   9 43 D  46 53   7 150 1 199 27
             398 2023  4 15 22 59  7.780 L 1.000 X  45.93417 -129.97766   1.680 X  -9.000   0.300   0.200  -9.000    -18   -9   -9  337  63 -111   39 43   9 38 C  63 54   8 153 1 202 28
             399 2023  4 15 23  0 12.240 L 1.000 X  45.93433 -129.97816   1.700 X  -9.000   0.300   0.200  -9.000    -18   -9   -9  345  63 -106   46 48  11 42 D  58 48  11 142 1  84 26
             400 2023  4 15 23  1 14.040 L 1.000 X  45.92167 -129.99234   1.090 X  -9.000   0.300   0.200  -9.000    -18   -9   -9  263  53 -111   21 21   9  9 A  93 46   8 146 1 140 60
             401 2023  4 15 23  2  9.280 L 1.000 X  45.93417 -129.97783   1.700 X  -9.000   0.300   0.200  -9.000    -18   -9   -9  171  31  -54   29 32  11 35 B  72 52  10 163 1 134 27
             402 2023  4 15 23  3 53.580 L 1.000 X  45.93417 -129.97884   1.520 X  -9.000   0.300   0.200  -9.000    -18   -9   -9    4  53 -116   38 27   8  0 B  62 47   5 156 1 157 25
             403 2023  4 15 23  4 45.060 L 1.000 X  45.93400 -129.97867   1.570 X  -9.000   0.300   0.200  -9.000    -18   -9   -9  344  65 -117   26 30  10 14 B  79 50  10 154 1 103 25
             404 2023  4 15 23  6 58.720 L 1.000 X  45.93300 -129.97766   1.700 X  -9.000   0.300   0.200  -9.000    -18   -9   -9  328  25  122   42 44  11 11 C  58 56   9 148 1 135 23
             405 2023  4 15 23  7 19.680 L 1.000 X  45.93450 -129.97867   1.560 X  -9.000   0.300   0.200  -9.000    -18   -9   -9  358  61 -159   44 43   9 12 D  41 58   8 141 1  84 28
             406 2023  4 15 23  8 33.200 L 1.000 X  45.93333 -129.97766   1.700 X  -9.000   0.300   0.200  -9.000    -18   -9   -9  349  45  107   42 45  10 52 C  58 53   8 176 1 146 22
             407 2023  4 15 23  9 14.240 L 1.000 X  45.93333 -129.97766   1.690 X  -9.000   0.300   0.200  -9.000    -18   -9   -9  332  42  113   26 31  10 16 B  73 55   8 150 1 146 22
             408 2023  4 15 23  9 37.280 L 1.000 X  45.93317 -129.97734   1.720 X  -9.000   0.300   0.200  -9.000    -18   -9   -9  346  49  110   32 32  11 43 B  72 52  10 167 1 135 23
             409 2023  4 15 23 11 45.280 L 1.000 X  45.93450 -129.97766   1.770 X  -9.000   0.300   0.200  -9.000    -18   -9   -9  353  56 -124   38 41  10 25 C  72 53   9 159 1 201 28
             410 2023  4 15 23 12  9.520 L 1.000 X  45.93367 -129.97783   1.770 X  -9.000   0.300   0.200  -9.000    -18   -9   -9  343  66 -147   51 54   8 25 D  19 63   7 138 1 144 20
             411 2023  4 15 23 13  0.200 L 1.000 X  45.93350 -129.97766   1.730 X  -9.000   0.300   0.200  -9.000    -18   -9   -9  341  45   99   33 34  10 34 B  69 57   7 137 1 146 21
             412 2023  4 15 23 13 20.320 L 1.000 X  45.93467 -129.97833   1.710 X  -9.000   0.300   0.200  -9.000    -18   -9   -9  354  51  106   52 45   9 36 D  38 57   7 136 1 140 18
             413 2023  4 15 23 13 33.720 L 1.000 X  45.93367 -129.97800   1.760 X  -9.000   0.300   0.200  -9.000    -18   -9   -9  248  82 -139   45 50   9 33 D  48 60   7 143 1 143 20
             414 2023  4 15 23 14 12.600 L 1.000 X  45.93417 -129.97800   1.730 X  -9.000   0.300   0.200  -9.000    -18   -9   -9  349  61 -108   33 40  10 14 C  68 50   9 156 1 201 26
             415 2023  4 15 23 14 45.040 L 1.000 X  45.93350 -129.97717   1.550 X  -9.000   0.300   0.200  -9.000    -18   -9   -9  170  39  -87   31 30  12 21 B  69 48  10 174 1 136 23
             416 2023  4 15 23 14 59.440 L 1.000 X  45.93300 -129.97701   1.600 X  -9.000   0.300   0.200  -9.000    -18   -9   -9    3  49 -103   43 44  12 11 D  49 48  11 190 1  76 25
             417 2023  4 15 23 15 20.560 L 1.000 X  45.93117 -129.97617   1.580 X  -9.000   0.300   0.200  -9.000    -18   -9   -9  130  47   90   26 23   8  8 A  89 45   8 171 1 102 35
             418 2023  4 15 23 15 27.740 L 1.000 X  45.91850 -129.99817   3.260 X  -9.000   0.300   0.200  -9.000    -18   -9   -9  120  85   97   12 17  12 28 A 100 79  11 104 1 136 31
             419 2023  4 15 23 16 24.000 L 1.000 X  45.94333 -129.93233   2.840 X  -9.000   0.300   0.200  -9.000    -18   -9   -9  311  41 -129   22 30  10 18 B  81 47  10 136 1 253 45
             420 2023  4 15 23 18 38.520 L 1.000 X  45.93283 -129.97701   1.560 X  -9.000   0.300   0.200  -9.000    -18   -9   -9  349  66 -161   51 60   9 40 D  19 45   8 174 1 137 25
             421 2023  4 15 23 19 14.460 L 1.000 X  45.93517 -129.97833   1.610 X  -9.000   0.300   0.200  -9.000    -18   -9   -9  167  31  -83   32 39   9 30 C  57 62   8 122 1 132 22
             422 2023  4 15 23 21 23.920 L 1.000 X  45.93350 -129.97701   1.550 X  -9.000   0.300   0.200  -9.000    -18   -9   -9  285  61 -104   32 27  13 16 B  74 46  13 176 1  99 23
             423 2023  4 15 23 23  7.840 L 1.000 X  45.93217 -129.97717   1.550 X  -9.000   0.300   0.200  -9.000    -18   -9   -9  343  51  -51   43 40  12  9 D  45 50   9 163 1  78 23
             424 2023  4 15 23 24 25.640 L 1.000 X  45.93300 -129.97749   1.540 X  -9.000   0.300   0.200  -9.000    -18   -9   -9  234  83 -127   33 35  11 12 B  65 53   9 139 1  88 24
             425 2023  4 15 23 33  8.440 L 1.000 X  45.93250 -129.97701   1.520 X  -9.000   0.300   0.200  -9.000    -18   -9   -9  313  86 -138   40 39   8 11 D  49 57   6 139 1  94 25
             426 2023  4 15 23 35 59.060 L 1.000 X  45.93300 -129.97749   1.500 X  -9.000   0.300   0.200  -9.000    -18   -9   -9   82  85  129   30 31  11 10 B  72 50   9 152 1  88 25
             427 2023  4 15 23 40 46.800 L 1.000 X  45.93184 -129.97749   1.590 X  -9.000   0.300   0.200  -9.000    -18   -9   -9  291  86 -124   26 31   9 13 B  83 57   9 154 1  78 21
             428 2023  4 15 23 40 53.460 L 1.000 X  45.93117 -129.97717   1.530 X  -9.000   0.300   0.200  -9.000    -18   -9   -9  275  72 -133   44 41   9 35 C  59 50   8 108 1  80 23
             429 2023  4 15 23 41 34.800 L 1.000 X  45.93200 -129.97749   1.530 X  -9.000   0.300   0.200  -9.000    -18   -9   -9  341  58 -108   32 43  11 11 C  55 45  11 157 1  78 29
             430 2023  4 15 23 42 35.840 L 1.000 X  45.93217 -129.97734   1.570 X  -9.000   0.300   0.200  -9.000    -18   -9   -9  312  82 -142   28 24  11 16 B  81 45   9 156 1  93 22
             431 2023  4 15 23 43  6.600 L 1.000 X  45.93217 -129.97749   1.590 X  -9.000   0.300   0.200  -9.000    -18   -9   -9   16  43  171   24 30  11  6 B  80 55  10 133 1  90 22
             432 2023  4 15 23 45 14.280 L 1.000 X  45.93117 -129.97633   1.630 X  -9.000   0.300   0.200  -9.000    -18   -9   -9  289  47  -90   48 51   8 20 D  38 56   7 131 1  80 35
             433 2023  4 15 23 47 16.200 L 1.000 X  45.93383 -129.97749   1.570 X  -9.000   0.300   0.200  -9.000    -18   -9   -9  292  86 -134   36 38   8 14 C  65 58   7 141 1  74 24
             434 2023  4 15 23 47 25.040 L 1.000 X  45.93233 -129.97867   1.370 X  -9.000   0.300   0.200  -9.000    -18   -9   -9  127  70  137   42 37   9 42 C  51 52   8 170 1  87 20
             435 2023  4 15 23 51 56.180 L 1.000 X  45.93267 -129.97749   1.550 X  -9.000   0.300   0.200  -9.000    -18   -9   -9  357  50  139   38 40  12 12 D  47 52  11 148 1  89 24
             436 2023  4 15 23 52 10.880 L 1.000 X  45.93383 -129.97684   1.590 X  -9.000   0.300   0.200  -9.000    -18   -9   -9  326  62 -118   49 50   8 35 D  37 60   6 124 1 150 22
             437 2023  4 15 23 54  9.300 L 1.000 X  45.93033 -129.97583   1.650 X  -9.000   0.300   0.200  -9.000    -18   -9   -9  184  53  138   22 19  11 36 A  97 52  10 144 1 102 26
             438 2023  4 15 23 55  3.060 L 1.000 X  45.92983 -129.97517   1.640 X  -9.000   0.300   0.200  -9.000    -18   -9   -9  281  84 -140   27 32  10 18 B  79 49   7 148 1 103 28
             439 2023  4 15 23 56 26.440 L 1.000 X  45.93317 -129.97717   1.660 X  -9.000   0.300   0.200  -9.000    -18   -9   -9  342  57 -109   44 38  13 37 D  50 52  12 157 1  75 23
             440 2023  4 15 23 57 42.680 L 1.000 X  45.93217 -129.97749   1.550 X  -9.000   0.300   0.200  -9.000    -18   -9   -9  321  79 -146   27 27  14 20 B  84 47  13 152 1  77 22
             441 2023  4 15 23 58 13.440 L 1.000 X  45.93117 -129.97701   1.580 X  -9.000   0.300   0.200  -9.000    -18   -9   -9  176  40  137   34 36  11 24 C  58 49   8 141 1  80 22
             442 2023  4 15 23 58 23.020 L 1.000 X  45.93433 -129.97783   1.590 X  -9.000   0.300   0.200  -9.000    -18   -9   -9  344  63 -158   32 38   9  3 C  69 49   8 167 1  77 29
             443 2023  4 15 23 58 58.900 L 1.000 X  45.93184 -129.97749   1.510 X  -9.000   0.300   0.200  -9.000    -18   -9   -9  340  66 -142   39 42   8 21 C  53 62   7 143 1  93 21
             444 2023  4 16  0 10 18.240 L 1.000 X  45.93383 -129.97701   1.610 X  -9.000   0.300   0.200  -9.000    -18   -9   -9  323  43   93   30 44  11 38 C  63 51  10 159 1  74 22
             445 2023  4 16  0 19 40.340 L 1.000 X  45.93383 -129.97684   1.580 X  -9.000   0.300   0.200  -9.000    -18   -9   -9  355  51  122   48 45  14 21 D  58 48  13 158 1  74 22
             446 2023  4 16  0 29 13.660 L 1.000 X  45.93367 -129.97667   1.630 X  -9.000   0.300   0.200  -9.000    -18   -9   -9  121  17  -74   35 38  12 25 C  65 52  11 151 1 117 23
             447 2023  4 16  0 45 52.580 L 1.000 X  45.93283 -129.97667   1.590 X  -9.000   0.300   0.200  -9.000    -18   -9   -9  152  40  101   34 46   8 11 C  57 54   7 139 1  77 26
             448 2023  4 16  0 55  8.070 L 1.000 X  45.93267 -129.97650   1.650 X  -9.000   0.300   0.200  -9.000    -18   -9   -9  262  73 -153   37 42  10 36 C  63 48   8 153 1  77 25
             449 2023  4 16  0 56 35.950 L 1.000 X  45.93267 -129.97583   1.620 X  -9.000   0.300   0.200  -9.000    -18   -9   -9  161  48   89   39 43   8 11 C  68 57   5 125 1  81 27
             450 2023  4 16  1  2 36.170 L 1.000 X  45.93417 -129.97734   1.610 X  -9.000   0.300   0.200  -9.000    -18   -9   -9  278  90 -138   30 37  11 30 B  72 54   9 139 1  73 20
             451 2023  4 16  1  5 58.790 L 1.000 X  45.93367 -129.97650   1.600 X  -9.000   0.300   0.200  -9.000    -18   -9   -9  268  80 -135   47 57  11 39 D  52 54  10 139 1  77 23
             452 2023  4 16  1  6 25.330 L 1.000 X  45.93333 -129.97650   1.620 X  -9.000   0.300   0.200  -9.000    -18   -9   -9  344  54  119   59 64   8 21 D  38 47   7 155 1 153 28
             453 2023  4 16  2 40  3.360 L 1.000 X  45.92933 -129.97717   1.570 X  -9.000   0.300   0.200  -9.000    -18   -9   -9  343  89 -147   50 52   8 42 D  37 47   6 152 1 164 30
             454 2023  4 16  2 58 32.630 L 1.000 X  45.93000 -129.97734   1.510 X  -9.000   0.300   0.200  -9.000    -18   -9   -9   34  81  140   36 32   9 34 B  71 35   8 208 1  82 31
             455 2023  4 16  3 59 44.970 L 1.000 X  45.93867 -130.01833   1.310 X  -9.000   0.300   0.200  -9.000    -18   -9   -9  145  82 -170   24 28  12 25 B  82 36  12 173 1  99 31
             456 2023  4 16  7 39  3.980 L 1.000 X  45.96367 -129.99316   1.830 X  -9.000   0.300   0.200  -9.000    -18   -9   -9  233  71   89   44 49   9 27 D  35 59   5 133 1  81 30
             457 2023  4 18  0  8 38.940 L 1.000 X  45.92933 -130.00633   1.270 X  -9.000   0.300   0.200  -9.000    -18   -9   -9  275  71   71   49 57   8 40 D  29 49   5 151 1 116 35
             458 2023  4 18  1 26 53.670 L 1.000 X  45.93833 -130.01849   1.290 X  -9.000   0.300   0.200  -9.000    -18   -9   -9  319  74  164   27 30   9 12 B  77 43   8 158 1 130 63
             459 2023  4 18  1 28 50.760 L 1.000 X  45.93767 -130.01883   1.140 X  -9.000   0.300   0.200  -9.000    -18   -9   -9  320  51  171   48 49   8 18 D  39 49   3  88 1 126 36
             460 2023  4 18  1 58  8.980 L 1.000 X  45.93767 -130.01933   1.230 X  -9.000   0.300   0.200  -9.000    -18   -9   -9  341  81  165   40 40   8  7 D  49 46   7 146 1 125 35
             461 2023  4 18 13 24 46.470 L 1.000 X  45.93800 -130.01933   1.140 X  -9.000   0.300   0.200  -9.000    -18   -9   -9   25  39  -90   44 47   9 41 D  41 44   7 136 1 127 35
             462 2023  4 18 15 59  3.100 L 1.000 X  45.94067 -130.01967   1.380 X  -9.000   0.300   0.200  -9.000    -18   -9   -9   88  87 -167   41 39   9 15 C  50 46   6 115 1 152 39
             463 2023  4 18 16  2 33.460 L 1.000 X  45.96750 -129.99451   1.780 X  -9.000   0.300   0.200  -9.000    -18   -9   -9  110  73  173   38 36  10 30 C  60 58   7 141 1  89 30
             464 2023  4 18 18 33 38.120 L 1.000 X  45.96867 -129.99617   1.800 X  -9.000   0.300   0.200  -9.000    -18   -9   -9  226  61   85   46 54   8 36 D  39 57   5 150 1 154 28
             465 2023  4 19  1 28 53.590 L 1.000 X  45.99683 -130.01649   1.910 X  -9.000   0.300   0.200  -9.000    -18   -9   -9   27  19   58   59 62   8 21 D  35 64   7 104 1  94 34
             466 2023  4 19  1 33 25.800 L 1.000 X  45.99633 -130.01633   1.970 X  -9.000   0.300   0.200  -9.000    -18   -9   -9  101  53 -171   33 22   9 17 B  78 61   8 100 1 166 34
             467 2023  4 19  1 36 55.010 L 1.000 X  45.99600 -130.01666   1.940 X  -9.000   0.300   0.200  -9.000    -18   -9   -9   88  18  108   46 43  10 24 D  31 64   9 103 1  81 34
             468 2023  4 19  1 40 57.130 L 1.000 X  45.99683 -130.01601   2.190 X  -9.000   0.300   0.200  -9.000    -18   -9   -9  225  82 -113   43 34   8 29 C  59 58   7 117 1 171 31
             469 2023  4 19  1 41 16.540 L 1.000 X  45.99583 -130.01584   2.030 X  -9.000   0.300   0.200  -9.000    -18   -9   -9  293  57 -168   36 34   9 11 C  69 53   8 112 1 163 35
             470 2023  4 19  1 41 42.190 L 1.000 X  45.99700 -130.01584   2.710 X  -9.000   0.300   0.200  -9.000    -18   -9   -9   94  57 -170   35 48  10 22 C  62 70   8  98 1  86 25
             471 2023  4 19  1 46 57.450 L 1.000 X  45.99600 -130.01534   1.910 X  -9.000   0.300   0.200  -9.000    -18   -9   -9  290  69 -172   34 30   9 11 B  75 52   8 119 1 165 37
             472 2023  4 19  1 56 53.520 L 1.000 X  45.99650 -130.01633   1.970 X  -9.000   0.300   0.200  -9.000    -18   -9   -9  155  81  179   32 46   8 27 C  61 67   7 118 1  95 34
             473 2023  4 19  2  3 20.180 L 1.000 X  45.99717 -130.01700   2.230 X  -9.000   0.300   0.200  -9.000    -18   -9   -9  172  85 -110   38 50   8 10 D  35 63   7 137 1  94 28
             474 2023  4 19  2  4  5.760 L 1.000 X  45.99567 -130.01534   1.910 X  -9.000   0.300   0.200  -9.000    -18   -9   -9  263  66  -93   27 29   9 32 B  87 53   7 123 1 162 38
             475 2023  4 19  2  5 25.240 L 1.000 X  45.99583 -130.01567   1.960 X  -9.000   0.300   0.200  -9.000    -18   -9   -9  296  63 -178   33 34   9 41 B  78 52   8 118 1 103 36
             476 2023  4 19  2  5 38.640 L 1.000 X  45.99667 -130.01616   2.110 X  -9.000   0.300   0.200  -9.000    -18   -9   -9  262  69  -93   30 36   8 29 B  80 59   7 108 1 169 32
             477 2023  4 19  2  7 42.780 L 1.000 X  45.99767 -130.01633   2.610 X  -9.000   0.300   0.200  -9.000    -18   -9   -9   90  37  174   23 19   8 20 A  97 66   7  98 1 177 25
             478 2023  4 19  4 33 36.210 L 1.000 X  45.99617 -130.01700   2.270 X  -9.000   0.300   0.200  -9.000    -18   -9   -9   86  80  -89   45 51   8 19 D  36 67   6 122 1  99 29
             479 2023  4 19 12 45 41.520 L 1.000 X  45.96600 -129.99667   1.480 X  -9.000   0.300   0.200  -9.000    -18   -9   -9  202  39  117   59 79   8 21 D  32 41   6 166 1  88 29
             480 2023  4 19 14 15 23.730 L 1.000 X  45.98033 -129.99800   1.310 X  -9.000   0.300   0.200  -9.000    -18   -9   -9  137  86  168   34 35   8 17 B  62 55   8 121 1  82 54
             481 2023  4 19 14 23 19.940 L 1.000 X  45.98283 -129.99884   1.930 X  -9.000   0.300   0.200  -9.000    -18   -9   -9   92  58  157   36 39  11 34 C  53 64   8 122 1  97 37
             482 2023  4 19 14 54 18.800 L 1.000 X  45.98050 -129.99850   1.370 X  -9.000   0.300   0.200  -9.000    -18   -9   -9  109  79  118   36 36   9  6 C  59 49   7 144 1 116 51
             483 2023  4 19 15  7 47.030 L 1.000 X  45.97917 -129.99850   1.210 X  -9.000   0.300   0.200  -9.000    -18   -9   -9   14  58  -42   42 38   8  8 C  51 51   7 126 1  86 57
             484 2023  4 19 15 12 37.060 L 1.000 X  45.98267 -129.99850   1.960 X  -9.000   0.300   0.200  -9.000    -18   -9   -9  117  67  178   38 38  11 18 C  50 56   9 143 1 102 37
             485 2023  4 19 15 12 51.640 L 1.000 X  45.98100 -129.99916   1.900 X  -9.000   0.300   0.200  -9.000    -18   -9   -9  120  45 -171   39 33   9 11 C  58 59   8 119 1  99 37
             486 2023  4 19 15 14 18.940 L 1.000 X  45.98017 -129.99899   1.660 X  -9.000   0.300   0.200  -9.000    -18   -9   -9  107  70 -173   37 43  13 32 D  49 45  11 174 1 101 43
             487 2023  4 19 15 33 57.150 L 1.000 X  45.98200 -129.99867   2.070 X  -9.000   0.300   0.200  -9.000    -18   -9   -9   93  14 -135   39 49  10 43 C  56 62   6 135 1  97 35
             488 2023  4 19 18  7  2.080 L 1.000 X  45.95450 -129.98750   1.950 X  -9.000   0.300   0.200  -9.000    -18   -9   -9   54  79 -128   25 24  13  0 A  89 65  12 116 1  58 26
             489 2023  4 19 18 14 53.080 L 1.000 X  45.95483 -129.98683   2.040 X  -9.000   0.300   0.200  -9.000    -18   -9   -9   60  65 -107   25 33  10 32 B  70 68   8  93 1  70 25
             490 2023  4 19 18 15  1.240 L 1.000 X  45.95500 -129.98700   1.910 X  -9.000   0.300   0.200  -9.000    -18   -9   -9  264   8  -59   25 24   8 23 A  87 68   6  95 1 106 27
             491 2023  4 19 18 15 30.040 L 1.000 X  45.95467 -129.98717   1.950 X  -9.000   0.300   0.200  -9.000    -18   -9   -9  313   5   -6   37 26   8 31 B  70 74   7  99 1  69 26
             492 2023  4 19 18 16 35.880 L 1.000 X  45.95450 -129.98717   2.030 X  -9.000   0.300   0.200  -9.000    -18   -9   -9   37  82 -103   35 36   8 18 C  55 63   5 113 1 100 24
             493 2023  4 19 18 21 46.760 L 1.000 X  45.95433 -129.98700   2.030 X  -9.000   0.300   0.200  -9.000    -18   -9   -9   37  76 -149   31 25  11  0 B  84 62   9 128 1  68 24
             494 2023  4 19 18 25 29.300 L 1.000 X  45.95433 -129.98717   2.020 X  -9.000   0.300   0.200  -9.000    -18   -9   -9   54  80 -142   20 25  11 19 A  92 67  11 118 1  59 24
             495 2023  4 19 18 26 40.560 L 1.000 X  45.95417 -129.98700   2.030 X  -9.000   0.300   0.200  -9.000    -18   -9   -9   48  73 -150   37 43  11 20 C  58 62   8 121 1  67 23
             496 2023  4 19 18 27 22.920 L 1.000 X  45.95433 -129.98717   1.960 X  -9.000   0.300   0.200  -9.000    -18   -9   -9    1  82 -101   40 51  10 16 D  44 68   7  97 1  68 25
             497 2023  4 19 18 37 37.400 L 1.000 X  45.95450 -129.98700   2.030 X  -9.000   0.300   0.200  -9.000    -18   -9   -9  360  77 -144   21 30  11 19 B  69 65   8 118 1  69 24
             498 2023  4 19 18 42  4.000 L 1.000 X  45.95417 -129.98683   1.950 X  -9.000   0.300   0.200  -9.000    -18   -9   -9    2  84 -137   29 28  10 18 B  73 62   8 128 1  67 24
             499 2023  4 19 18 43 24.780 L 1.000 X  45.95433 -129.98717   2.020 X  -9.000   0.300   0.200  -9.000    -18   -9   -9   52  81 -132   35 30  11 14 B  73 65  10 123 1  68 24
             500 2023  4 19 18 47 13.200 L 1.000 X  45.94400 -129.98567   1.770 X  -9.000   0.300   0.200  -9.000    -18   -9   -9   49  51 -107   26 24  14 24 B  83 53  13 152 1  60 27
             501 2023  4 19 18 47 51.240 L 1.000 X  45.94417 -129.98567   1.750 X  -9.000   0.300   0.200  -9.000    -18   -9   -9   37  45 -145   27 35  10 11 B  76 55  10 149 1  91 27
             502 2023  4 19 18 53 30.320 L 1.000 X  45.94333 -129.98567   1.640 X  -9.000   0.300   0.200  -9.000    -18   -9   -9   50  47 -109   36 41  10 17 D  47 48   9 173 1 166 31
             503 2023  4 19 19  1 28.580 L 1.000 X  45.95450 -129.98734   1.980 X  -9.000   0.300   0.200  -9.000    -18   -9   -9   33  82 -101   30 31  13 20 B  75 63  13 129 1  59 25
             504 2023  4 19 19  2 37.960 L 1.000 X  45.95483 -129.98700   1.800 X  -9.000   0.300   0.200  -9.000    -18   -9   -9   53  84  -90   27 23   9 29 B  83 70   7  93 1  70 28
             505 2023  4 19 19 12 24.080 L 1.000 X  45.95483 -129.98633   1.780 X  -9.000   0.300   0.200  -9.000    -18   -9   -9   57  86 -104   34 27   8  5 B  70 67   5  99 1  98 27
             506 2023  4 19 19 19 30.360 L 1.000 X  45.95483 -129.98767   1.860 X  -9.000   0.300   0.200  -9.000    -18   -9   -9   48  90  -95   25 26  10 13 B  85 65  10 130 1  61 28
             507 2023  4 19 19 43 29.280 L 1.000 X  45.95483 -129.98683   1.890 X  -9.000   0.300   0.200  -9.000    -18   -9   -9   25  85 -130   48 51   8 20 D  39 73   5  96 1  70 27
             508 2023  4 19 19 53 36.600 L 1.000 X  45.94533 -129.98816   3.650 X  -9.000   0.300   0.200  -9.000    -18   -9   -9  324  53   68   35 41   8 12 D  48 77   6  86 1 140 29
             509 2023  4 19 21 35 46.780 L 1.000 X  45.95500 -129.98750   1.930 X  -9.000   0.300   0.200  -9.000    -18   -9   -9   35  83  -70   28 39   8  0 B  60 65   6 118 1  99 27
             510 2023  4 19 21 36 47.120 L 1.000 X  45.95533 -129.98700   1.750 X  -9.000   0.300   0.200  -9.000    -18   -9   -9   66  86  -95   33 33   8  5 B  67 69   6 102 1  72 30
             511 2023  4 20  9  6 34.320 L 1.000 X  45.96867 -129.99716   1.720 X  -9.000   0.300   0.200  -9.000    -18   -9   -9  100  65  166   37 31   8  1 C  57 50   7 142 1 106 28
             512 2023  4 20 14 11 54.080 L 1.000 X  45.96800 -129.99533   1.750 X  -9.000   0.300   0.200  -9.000    -18   -9   -9  102  57  166   45 48   9 38 D  49 52   6 126 1 148 29
             513 2023  4 20 14 15 19.710 L 1.000 X  45.96833 -129.99567   1.700 X  -9.000   0.300   0.200  -9.000    -18   -9   -9  115  71 -170   42 44   8 43 D  48 55   5 134 1 152 30
             514 2023  4 20 14 44  9.280 L 1.000 X  45.97400 -129.99583   1.490 X  -9.000   0.300   0.200  -9.000    -18   -9   -9  315  88  -68   40 43   8  0 D  34 53   5  97 1 143 49
             515 2023  4 20 20 56 49.580 L 1.000 X  45.92484 -129.99117   0.920 X  -9.000   0.300   0.200  -9.000    -18   -9   -9   96  87 -148   52 38   8 17 D  43 47   8 162 1 108 61
             516 2023  4 21 17 37 17.160 L 1.000 X  45.97867 -129.99667   1.190 X  -9.000   0.300   0.200  -9.000    -18   -9   -9  311  88  176   37 32  10 22 B  65 51   7 162 1 119 62
             517 2023  4 21 21 49 24.940 L 1.000 X  45.93667 -130.01866   1.300 X  -9.000   0.300   0.200  -9.000    -18   -9   -9  147  82 -157   31 34   9 17 B  66 42   8 126 1 127 37
             518 2023  4 22  0  4 38.580 L 1.000 X  45.93833 -130.01883   1.360 X  -9.000   0.300   0.200  -9.000    -18   -9   -9  147  80 -176   39 40   9 36 C  55 42   9 170 1 130 32
             519 2023  4 22  0  5 17.460 L 1.000 X  45.93817 -130.01917   1.280 X  -9.000   0.300   0.200  -9.000    -18   -9   -9  205  49 -102   49 56   8 49 D  35 42   6 148 1 125 33
             520 2023  4 22 10 46 51.800 L 1.000 X  45.93783 -130.01950   1.280 X  -9.000   0.300   0.200  -9.000    -18   -9   -9  193  48  -93   58 77   9 29 D  41 41   8 193 1  73 33
             521 2023  4 22 14 36 49.540 L 1.000 X  45.95100 -129.98616   1.980 X  -9.000   0.300   0.200  -9.000    -18   -9   -9   46  74 -105   29 33   8 26 B  72 66   6 103 1 122 28
             522 2023  4 22 15  3 39.460 L 1.000 X  45.95367 -129.98734   2.030 X  -9.000   0.300   0.200  -9.000    -18   -9   -9   43  81 -104   31 29   9 16 B  75 65   7  95 1  71 23
             523 2023  4 22 15 19 26.500 L 1.000 X  45.95400 -129.98717   1.800 X  -9.000   0.300   0.200  -9.000    -18   -9   -9   44  85  -98   40 51   9 42 D  56 67   8 109 1  70 26
             524 2023  4 22 15 21 32.700 L 1.000 X  45.95333 -129.98750   1.880 X  -9.000   0.300   0.200  -9.000    -18   -9   -9   58  83  -85   33 35   9 29 B  68 70   8 109 1  72 24
             525 2023  4 22 16 28 27.010 L 1.000 X  45.98233 -129.99884   1.800 X  -9.000   0.300   0.200  -9.000    -18   -9   -9  101  16 -140   46 58   9 28 D  42 53   6 113 1 108 39
             526 2023  4 22 18 50  0.760 L 1.000 X  45.96383 -129.99300   1.870 X  -9.000   0.300   0.200  -9.000    -18   -9   -9  118  65 -175   31 21  11 15 B  74 53   9 146 1  78 29
             527 2023  4 22 19 10 43.760 L 1.000 X  45.93616 -130.01866   1.310 X  -9.000   0.300   0.200  -9.000    -18   -9   -9   47  90 -150   40 47   8 39 D  49 40   6 132 1 116 39
             528 2023  4 22 21 39 48.340 L 1.000 X  45.92550 -129.98933   1.120 X  -9.000   0.300   0.200  -9.000    -18   -9   -9  269  63 -156   47 60  11 35 D  34 45  10 149 1  82 47
             529 2023  4 23 14  6 17.430 L 1.000 X  45.93917 -130.01950   1.160 X  -9.000   0.300   0.200  -9.000    -18   -9   -9  228  57  -72   37 39   9 29 C  56 45   7 153 1  86 39
             530 2023  4 23 19 10 31.540 L 1.000 X  45.96717 -129.99567   1.470 X  -9.000   0.300   0.200  -9.000    -18   -9   -9   38  57  162   49 49   8 21 D  38 50   5 144 1  89 32
             531 2023  4 23 20  5 13.920 L 1.000 X  45.96617 -129.99567   1.510 X  -9.000   0.300   0.200  -9.000    -18   -9   -9  238  48 -153   47 54  11 37 D  48 47  10 174 1  67 30
             532 2023  4 23 20 17 17.760 L 1.000 X  45.93850 -130.01883   1.150 X  -9.000   0.300   0.200  -9.000    -18   -9   -9  320  79 -174   34 36   8  3 C  63 45   6 181 1  86 35
             533 2023  4 23 23 35  3.680 L 1.000 X  45.99517 -130.01167   2.080 X  -9.000   0.300   0.200  -9.000    -18   -9   -9  133  71  -95   43 46   9 41 C  54 67   8  73 1  89 39
             534 2023  4 24  3 14 12.850 L 1.000 X  45.99333 -130.01016   1.790 X  -9.000   0.300   0.200  -9.000    -18   -9   -9   98  83 -159   43 29  12 56 C  56 44  12 143 1  84 43
             535 2023  4 24  5 41 19.720 L 1.000 X  45.99450 -130.00983   1.930 X  -9.000   0.300   0.200  -9.000    -18   -9   -9   98  85 -115   42 32  10 14 C  54 58  10  95 1 137 40
             536 2023  4 24 16 18 11.780 L 1.000 X  45.92683 -129.98717   1.310 X  -9.000   0.300   0.200  -9.000    -18   -9   -9  259  54 -157   25 29  11 38 B  81 49   9 147 1  84 34
             537 2023  4 24 17 30 38.720 L 1.000 X  45.96667 -129.99617   1.410 X  -9.000   0.300   0.200  -9.000    -18   -9   -9   92  51  162   51 55   8 15 D  41 38   7 193 1  90 41
             538 2023  4 24 19 49 44.800 L 1.000 X  45.93850 -130.01950   1.330 X  -9.000   0.300   0.200  -9.000    -18   -9   -9   56  79 -151   40 52   8 37 D  38 41   8 180 1 127 32
             539 2023  4 25  4 12 37.340 L 1.000 X  45.93884 -130.01833   1.450 X  -9.000   0.300   0.200  -9.000    -18   -9   -9  331  78 -162   60 57  12 50 D  38 39  12 143 1  88 29
             540 2023  4 26  3 30 56.250 L 1.000 X  45.93667 -130.01866   1.260 X  -9.000   0.300   0.200  -9.000    -18   -9   -9  334  83  165   31 29  11 20 B  78 40  11 141 1  71 38
             541 2023  4 26 22 30 44.300 L 1.000 X  45.93833 -130.01984   1.360 X  -9.000   0.300   0.200  -9.000    -18   -9   -9  237  55  117   58 68   8 54 D  21 48   8 137 1  90 31
             542 2023  4 27 12 37 22.470 L 1.000 X  45.93917 -130.01833   1.380 X  -9.000   0.300   0.200  -9.000    -18   -9   -9  234  59  107   62 73  10 29 D  26 42  10 146 1  95 31
             543 2023  4 28 17  8 55.700 L 1.000 X  45.95583 -129.98717   1.940 X  -9.000   0.300   0.200  -9.000    -18   -9   -9   11  77 -107   36 28  10 42 B  66 64  10 122 1  74 29
             544 2023  4 28 21 33  0.960 L 1.000 X  45.93917 -130.01833   1.350 X  -9.000   0.300   0.200  -9.000    -18   -9   -9  275  85  170   38 37  10 31 C  54 42  10 141 1 123 32
             545 2023  4 28 23  7 50.440 L 1.000 X  45.95517 -129.98750   2.000 X  -9.000   0.300   0.200  -9.000    -18   -9   -9   59  67 -133   33 26  12 20 B  71 64  11 116 1  71 27
             546 2023  4 28 23 48 56.460 L 1.000 X  45.96283 -129.99167   1.960 X  -9.000   0.300   0.200  -9.000    -18   -9   -9  122  42  174   34 28  10 16 B  71 61   9 138 1  74 31
             547 2023  4 29  0 33 21.150 L 1.000 X  45.96700 -129.99617   1.790 X  -9.000   0.300   0.200  -9.000    -18   -9   -9   36  55  178   54 40  11 23 D  36 57  11 142 1  57 25
             548 2023  4 29  0 36 23.970 L 1.000 X  45.96767 -129.99617   1.600 X  -9.000   0.300   0.200  -9.000    -18   -9   -9  107  79  170   52 51   9 32 D  38 54   8 142 1  91 29
             549 2023  4 29  1 52 39.760 L 1.000 X  45.96684 -129.99434   1.550 X  -9.000   0.300   0.200  -9.000    -18   -9   -9  119  74 -166   43 45   8 41 D  37 44   5 182 1  71 33
             550 2023  4 29 13 43 56.560 L 1.000 X  45.93967 -130.01933   1.150 X  -9.000   0.300   0.200  -9.000    -18   -9   -9  161  88 -165   39 42   8 38 D  48 46   8 124 1 159 41
             551 2023  4 29 21 30 47.600 L 1.000 X  45.95433 -130.02617   1.860 X  -9.000   0.300   0.200  -9.000    -18   -9   -9  186  70 -103   24 30   8 35 B  81 56   7 102 1  84 37
             552 2023  4 29 21 37 49.880 L 1.000 X  45.95367 -130.02583   1.780 X  -9.000   0.300   0.200  -9.000    -18   -9   -9  160  77 -141   40 40   9 28 D  38 54   6  96 1  88 38
             553 2023  4 30 22 58  7.060 L 1.000 X  45.93650 -130.01917   1.460 X  -9.000   0.300   0.200  -9.000    -18   -9   -9   25  63 -170   50 53   9 38 D  31 41   9 151 1 128 35
             554 2023  5  1 21 50  2.900 L 1.000 X  45.93667 -130.01817   1.260 X  -9.000   0.300   0.200  -9.000    -18   -9   -9  347  87  163   35 39   9 18 C  58 45   8 138 1  94 38
             555 2023  5  2 12 41 38.170 L 1.000 X  45.92517 -129.98967   1.070 X  -9.000   0.300   0.200  -9.000    -18   -9   -9  275  56 -152   31 31  11 12 B  70 48   9 157 1  75 50
             556 2023  5  2 18 13 48.080 L 1.000 X  45.93583 -130.01883   1.390 X  -9.000   0.300   0.200  -9.000    -18   -9   -9  303  52  143   47 52   9 60 D  34 38   6 141 1 103 38
             557 2023  5  3  2  7 18.720 L 1.000 X  45.93917 -130.01950   1.180 X  -9.000   0.300   0.200  -9.000    -18   -9   -9  175  53 -126   37 41   8 21 C  53 47   5 123 1  86 38
             558 2023  5  3 13 23 56.620 L 1.000 X  45.93900 -130.01833   1.430 X  -9.000   0.300   0.200  -9.000    -18   -9   -9   47  66 -150   50 56  12 36 D  30 41  12 155 1  95 29
             559 2023  5  4  3 39 53.180 L 1.000 X  45.97550 -129.99617   1.320 X  -9.000   0.300   0.200  -9.000    -18   -9   -9  140  79 -167   47 48   8 44 D  40 41   6 145 1 143 57
             560 2023  5  4  4 54 23.820 L 1.000 X  45.93917 -130.01817   1.180 X  -9.000   0.300   0.200  -9.000    -18   -9   -9  224  57 -123   46 50   8 37 D  55 46   8 134 1  93 35
             561 2023  5  8 20 57 31.520 L 1.000 X  45.94100 -129.98700   1.620 X  -9.000   0.300   0.200  -9.000    -18   -9   -9   95  62  164   20 25  11 36 A  94 50  11 161 1  66 33
             562 2023  5  9 14 59 52.040 L 1.000 X  45.95900 -129.98849   2.080 X  -9.000   0.300   0.200  -9.000    -18   -9   -9    5  56 -166   46 44  10 16 D  47 63   8 121 1  90 36
             563 2023  5 11 22 15  5.580 L 1.000 X  45.92467 -129.99117   0.980 X  -9.000   0.300   0.200  -9.000    -18   -9   -9  125  88 -164   36 39  10 28 C  50 47   8 168 1 132 59
             564 2023  5 11 22 16 20.160 L 1.000 X  45.92467 -129.99083   1.010 X  -9.000   0.300   0.200  -9.000    -18   -9   -9  156  58  -90   23 24   9 14 A  90 43   6 170 1 132 57
             565 2023  5 12  5 30 22.470 L 1.000 X  46.00083 -130.02817   1.430 X  -9.000   0.300   0.200  -9.000    -18   -9   -9  115  50  108   45 54   8 35 D  48 40   7 174 1 103 68
             566 2023  5 12 12  5 30.360 L 1.000 X  45.92617 -129.98450   1.260 X  -9.000   0.300   0.200  -9.000    -18   -9   -9  357  79 -172   20 23  12  7 A  97 50  12 144 1  76 27
             567 2023  5 12 14  1 57.050 L 1.000 X  45.93733 -130.01900   1.240 X  -9.000   0.300   0.200  -9.000    -18   -9   -9  324  43 -122   41 43   8  0 D  43 37   5 146 1 129 36
             568 2023  5 12 20 26 14.160 L 1.000 X  45.93767 -130.01883   1.220 X  -9.000   0.300   0.200  -9.000    -18   -9   -9  200  89 -153   42 53   8 37 D  34 45   5 126 1 126 35
             569 2023  5 13  0 22 11.160 L 1.000 X  45.93700 -130.01849   1.380 X  -9.000   0.300   0.200  -9.000    -18   -9   -9  149  77 -146   44 42   9 36 D  33 37   6 170 1 114 35
             570 2023  5 13 20 50 27.480 L 1.000 X  45.94100 -130.01984   1.360 X  -9.000   0.300   0.200  -9.000    -18   -9   -9  244  70  136   40 42   8 29 D  48 43   6 140 1 146 41
             571 2023  5 14  9 15 43.830 L 1.000 X  45.93850 -130.01833   1.220 X  -9.000   0.300   0.200  -9.000    -18   -9   -9   28  56  127   34 38   9 56 C  75 47   6 138 1  81 32
             572 2023  5 14 21 33 54.940 L 1.000 X  45.92133 -129.98734   0.950 X  -9.000   0.300   0.200  -9.000    -18   -9   -9   93  77 -155   39 35   9 14 C  53 46   6 144 1 175 72
             573 2023  5 15  9 16  7.830 L 1.000 X  45.99050 -130.00250   1.160 X  -9.000   0.300   0.200  -9.000    -18   -9   -9   61  61 -161   41 33   9 29 D  42 51   7 192 1 133 42
             574 2023  5 16 12 13  7.760 L 1.000 X  45.96583 -129.99600   1.150 X  -9.000   0.300   0.200  -9.000    -18   -9   -9  228  55  121   47 43   8 48 D  38 35   7 164 1 108 37
             575 2023  5 17 12 40 36.190 L 1.000 X  45.94883 -129.98633   1.840 X  -9.000   0.300   0.200  -9.000    -18   -9   -9   60  17 -129   31 35  10  3 B  69 49  10 145 1  69 29
             576 2023  5 17 12 48 13.650 L 1.000 X  45.94867 -129.98717   1.740 X  -9.000   0.300   0.200  -9.000    -18   -9   -9  349  62  173   28 43   8 12 C  57 53   7 152 1  74 28
             577 2023  5 17 12 53 21.100 L 1.000 X  45.94883 -129.98650   1.760 X  -9.000   0.300   0.200  -9.000    -18   -9   -9  125  56 -129   38 31   9 41 B  76 54   8 135 1  70 46
             578 2023  5 17 13  6 23.570 L 1.000 X  45.96250 -129.99150   1.550 X  -9.000   0.300   0.200  -9.000    -18   -9   -9  124  71 -147   45 44   8 21 C  60 47   6 151 1 114 40
             579 2023  5 17 23 48 41.020 L 1.000 X  45.92667 -129.98801   1.220 X  -9.000   0.300   0.200  -9.000    -18   -9   -9  294  18 -138   34 28  11 12 B  76 46  10 183 1  75 39
             580 2023  5 18 13 22 55.810 L 1.000 X  45.96667 -129.99533   1.490 X  -9.000   0.300   0.200  -9.000    -18   -9   -9   48  63 -177   36 31  10 31 B  67 51   9 144 1  68 32
             581 2023  5 18 13 35 43.760 L 1.000 X  45.96833 -129.99533   1.850 X  -9.000   0.300   0.200  -9.000    -18   -9   -9  152  67 -156   48 53   9 34 D  34 59   8 126 1  64 28
             582 2023  5 18 13 45 24.660 L 1.000 X  45.96783 -129.99550   1.840 X  -9.000   0.300   0.200  -9.000    -18   -9   -9   93  42  154   36 30   8 26 B  65 60   8 123 1 138 27
             583 2023  5 18 13 45 45.820 L 1.000 X  45.96817 -129.99533   1.870 X  -9.000   0.300   0.200  -9.000    -18   -9   -9  112  38  161   38 34  10 23 C  60 60  10 125 1  99 28
             584 2023  5 18 13 50 51.170 L 1.000 X  45.96833 -129.99550   1.850 X  -9.000   0.300   0.200  -9.000    -18   -9   -9   52   7 -164   47 40  11 12 D  45 58  10 121 1  99 28
             585 2023  5 18 13 51  0.850 L 1.000 X  45.96817 -129.99550   1.830 X  -9.000   0.300   0.200  -9.000    -18   -9   -9   94  56  145   26 21   9 22 A  90 62   9 116 1  99 28
             586 2023  5 18 13 51 33.500 L 1.000 X  45.96867 -129.99550   1.880 X  -9.000   0.300   0.200  -9.000    -18   -9   -9  283   7   87   49 51   9 26 D  33 66   6 109 1  61 28
             587 2023  5 18 13 57 49.770 L 1.000 X  45.96867 -129.99567   1.900 X  -9.000   0.300   0.200  -9.000    -18   -9   -9  140  78   71   50 53   8 15 D  32 54   6 155 1  80 28
             588 2023  5 18 14  0  2.040 L 1.000 X  45.96850 -129.99533   1.910 X  -9.000   0.300   0.200  -9.000    -18   -9   -9   32  64 -171   29 33  12 18 B  79 62  12 124 1  59 28
             589 2023  5 18 14  0 23.000 L 1.000 X  45.96883 -129.99533   1.850 X  -9.000   0.300   0.200  -9.000    -18   -9   -9   40  68  179   27 24  13 21 B  77 60  13 127 1 100 29
             590 2023  5 18 14  0 39.270 L 1.000 X  45.96917 -129.99500   1.580 X  -9.000   0.300   0.200  -9.000    -18   -9   -9   52  68  169   43 40   8  3 C  57 59   7 129 1  62 36
             591 2023  5 18 14  1 42.540 L 1.000 X  45.96867 -129.99516   1.780 X  -9.000   0.300   0.200  -9.000    -18   -9   -9  131  86  116   36 37   8 24 C  53 62   7 125 1  92 30
             592 2023  5 18 14  6  8.060 L 1.000 X  45.96900 -129.99567   1.920 X  -9.000   0.300   0.200  -9.000    -18   -9   -9   51  88  161   31 33  11 15 B  72 58  11 132 1  98 28
             593 2023  5 18 14 15 33.220 L 1.000 X  45.96950 -129.99583   1.650 X  -9.000   0.300   0.200  -9.000    -18   -9   -9   56  71  153   25 27  11 25 B  91 51  11 166 1  84 33
             594 2023  5 18 14 21 22.140 L 1.000 X  45.96750 -129.99600   1.770 X  -9.000   0.300   0.200  -9.000    -18   -9   -9   32  68  179   46 25  11 15 C  51 60  10 135 1  56 27
             595 2023  5 18 14 29 35.090 L 1.000 X  45.96833 -129.99617   1.720 X  -9.000   0.300   0.200  -9.000    -18   -9   -9  221  63 -162   39 39   9 18 C  56 59   7 133 1  93 29
             596 2023  5 18 14 29 48.420 L 1.000 X  45.96917 -129.99617   1.700 X  -9.000   0.300   0.200  -9.000    -18   -9   -9    2  31  142   68 72   8 34 D  16 58   7 140 1  95 31
             597 2023  5 18 14 32 43.710 L 1.000 X  45.96983 -129.99567   1.770 X  -9.000   0.300   0.200  -9.000    -18   -9   -9   47  79  173   52 56   8 18 D  33 62   7 142 1  64 32
             598 2023  5 18 14 45 41.530 L 1.000 X  45.97100 -129.99550   1.710 X  -9.000   0.300   0.200  -9.000    -18   -9   -9  208  70 -174   37 42  13 31 C  56 57  13 125 1  69 36
             599 2023  5 18 14 57 35.640 L 1.000 X  45.96967 -129.99533   1.670 X  -9.000   0.300   0.200  -9.000    -18   -9   -9   43  69  171   45 49   8 20 D  41 58   8 128 1 113 34
             600 2023  5 18 14 57 41.090 L 1.000 X  45.96983 -129.99516   1.780 X  -9.000   0.300   0.200  -9.000    -18   -9   -9   48  47  167   51 51   8 20 D  31 59   8 129 1  83 33
             601 2023  5 18 16 42  0.900 L 1.000 X  45.96950 -129.99600   1.750 X  -9.000   0.300   0.200  -9.000    -18   -9   -9   82  50  136   33 39  11 41 C  71 52  11 168 1  99 31
             602 2023  5 19  1  3 46.930 L 1.000 X  45.92717 -129.98750   1.240 X  -9.000   0.300   0.200  -9.000    -18   -9   -9  270  54 -166   40 37   8 30 C  58 50   8 165 1 115 37
             603 2023  5 19  3 25 36.260 L 1.000 X  45.96983 -129.99634   1.770 X  -9.000   0.300   0.200  -9.000    -18   -9   -9  263  84  122   51 52   8 36 D  24 62   6 110 1  97 31
             604 2023  5 19 13 30 55.080 L 1.000 X  45.93800 -129.98717   1.320 X  -9.000   0.300   0.200  -9.000    -18   -9   -9   78  44 -105   56 62   8 50 D  40 40   8 204 1 104 36
             605 2023  5 19 14 55 29.200 L 1.000 X  45.96550 -129.99217   1.300 X  -9.000   0.300   0.200  -9.000    -18   -9   -9  123  80 -166   30 34   8 27 B  75 35   6 174 1 130 44
             606 2023  5 19 15  9 59.950 L 1.000 X  45.99050 -130.00734   1.990 X  -9.000   0.300   0.200  -9.000    -18   -9   -9  305  83  105   42 43   9 25 D  47 68   8  93 1  87 30
             607 2023  5 19 15 12 31.880 L 1.000 X  45.98983 -130.00717   1.990 X  -9.000   0.300   0.200  -9.000    -18   -9   -9  190  40 -166   48 46  10 27 D  31 69   9  92 1  70 29
             608 2023  5 19 15 13  3.510 L 1.000 X  45.99000 -130.00684   1.980 X  -9.000   0.300   0.200  -9.000    -18   -9   -9  326  89  135   52 56   8 34 D  33 71   8  91 1  86 30
             609 2023  5 19 15 13 15.120 L 1.000 X  45.99000 -130.00684   1.970 X  -9.000   0.300   0.200  -9.000    -18   -9   -9  221   8 -161   43 43  11 24 D  37 59  11 165 1  65 30
             610 2023  5 19 15 13 27.060 L 1.000 X  45.99033 -130.00751   1.990 X  -9.000   0.300   0.200  -9.000    -18   -9   -9  195  16 -177   44 46  11 33 D  34 68  10  92 1  72 30
             611 2023  5 19 15 16 15.150 L 1.000 X  45.97183 -129.99567   1.630 X  -9.000   0.300   0.200  -9.000    -18   -9   -9  327  77  -89   34 31  14 18 B  74 54  14 121 1  71 40
             612 2023  5 19 15 16 37.400 L 1.000 X  45.98967 -130.00700   1.840 X  -9.000   0.300   0.200  -9.000    -18   -9   -9   52  80 -126   52 49  12 29 D  35 54  12 141 1  63 31
             613 2023  5 19 15 17 18.070 L 1.000 X  45.99083 -130.00700   1.780 X  -9.000   0.300   0.200  -9.000    -18   -9   -9  158  80 -152   40 39   8 18 C  59 61   7 108 1  90 35
             614 2023  5 19 15 21 43.540 L 1.000 X  45.99000 -130.00684   1.940 X  -9.000   0.300   0.200  -9.000    -18   -9   -9   66  13   15   46 45   9 29 D  36 70   8  93 1  86 31
             615 2023  5 19 15 28 14.760 L 1.000 X  45.99017 -130.00734   1.970 X  -9.000   0.300   0.200  -9.000    -18   -9   -9    9   5   -2   42 46   8 26 D  43 71   7  97 1  87 30
             616 2023  5 19 15 29 15.800 L 1.000 X  45.99017 -130.00751   1.960 X  -9.000   0.300   0.200  -9.000    -18   -9   -9  113   6  101   40 42  10 22 D  50 68   9  91 1  72 30
             617 2023  5 19 15 38  8.280 L 1.000 X  45.97183 -129.99533   1.600 X  -9.000   0.300   0.200  -9.000    -18   -9   -9  103  87  158   53 58  12 30 D  43 52  11 119 1  73 41
             618 2023  5 19 15 40  5.020 L 1.000 X  45.99000 -130.00700   1.960 X  -9.000   0.300   0.200  -9.000    -18   -9   -9   83  87  -91   51 50   8 26 D  26 71   8  95 1  87 30
             619 2023  5 19 15 45 38.060 L 1.000 X  45.97167 -129.99550   1.630 X  -9.000   0.300   0.200  -9.000    -18   -9   -9  112  76  166   33 33  11 41 B  67 53  10 110 1  72 40
             620 2023  5 19 15 46 17.270 L 1.000 X  45.97150 -129.99533   1.660 X  -9.000   0.300   0.200  -9.000    -18   -9   -9  208  56   66   37 39  11 43 D  47 56   9 126 1  71 39
             621 2023  5 19 15 57 27.770 L 1.000 X  45.97150 -129.99533   1.650 X  -9.000   0.300   0.200  -9.000    -18   -9   -9  103  86  164   35 28  12 26 B  76 52   9 134 1  71 39
             622 2023  5 19 16  1 20.380 L 1.000 X  45.97150 -129.99533   1.660 X  -9.000   0.300   0.200  -9.000    -18   -9   -9  111  86  160   31 30  11 20 B  71 52  10 124 1  69 39
             623 2023  5 19 16  1 32.360 L 1.000 X  45.97167 -129.99500   1.600 X  -9.000   0.300   0.200  -9.000    -18   -9   -9  126  89  179   34 34  10 15 B  64 50   8 127 1 100 41
             624 2023  5 19 16  1 54.220 L 1.000 X  45.97167 -129.99516   1.710 X  -9.000   0.300   0.200  -9.000    -18   -9   -9  108  82  160   31 29   9  0 B  70 54   8 131 1  72 39
             625 2023  5 19 16  4  1.350 L 1.000 X  45.97133 -129.99567   1.280 X  -9.000   0.300   0.200  -9.000    -18   -9   -9  269  67  170   40 38   8 18 C  66 43   7 139 1  76 59
             626 2023  5 19 16  4  7.260 L 1.000 X  46.00200 -129.98933   0.680 X  -9.000   0.300   0.200  -9.000    -18   -9   -9  255  73 -179   35 43   9 22 D  47 78   8 115 1 152 59
             627 2023  5 19 16  4 31.960 L 1.000 X  45.97150 -129.99533   1.670 X  -9.000   0.300   0.200  -9.000    -18   -9   -9   79  43  119   31 27  13 36 B  74 53  12 137 1  71 39
             628 2023  5 19 16  4 49.960 L 1.000 X  45.97117 -129.99533   1.540 X  -9.000   0.300   0.200  -9.000    -18   -9   -9   65  46 -147   38 34  13 17 C  59 47  13 141 1  70 41
             629 2023  5 19 16  8 12.970 L 1.000 X  45.95517 -129.98567   1.810 X  -9.000   0.300   0.200  -9.000    -18   -9   -9   48  86 -103   34 34   8 17 C  60 68   6 103 1  99 27
             630 2023  5 19 16  9 31.670 L 1.000 X  45.97283 -129.99533   1.410 X  -9.000   0.300   0.200  -9.000    -18   -9   -9  292  87 -172   33 39   9 24 C  57 48   7 124 1  72 49
             631 2023  5 19 16 12 51.860 L 1.000 X  45.97150 -129.99567   1.610 X  -9.000   0.300   0.200  -9.000    -18   -9   -9   76  24  161   51 51   8 39 D  20 53   7 136 1  91 39
             632 2023  5 19 16 13  2.160 L 1.000 X  45.97183 -129.99533   1.680 X  -9.000   0.300   0.200  -9.000    -18   -9   -9   99  70  155   24 21  14 24 A  93 53  14 133 1  73 39
             633 2023  5 19 16 14 35.070 L 1.000 X  45.97183 -129.99516   1.620 X  -9.000   0.300   0.200  -9.000    -18   -9   -9  213  47  174   52 58  10 27 D  30 59   7 133 1  73 41
             634 2023  5 19 16 17 18.290 L 1.000 X  45.97167 -129.99583   1.670 X  -9.000   0.300   0.200  -9.000    -18   -9   -9   96  62  156   48 44   8 47 D  33 54   7 133 1 126 38
             635 2023  5 19 16 28 57.220 L 1.000 X  45.97167 -129.99550   1.640 X  -9.000   0.300   0.200  -9.000    -18   -9   -9   39  68 -160   36 50  11 26 D  45 55   9 124 1  72 40
             636 2023  5 19 16 42  0.660 L 1.000 X  45.97217 -129.99567   1.590 X  -9.000   0.300   0.200  -9.000    -18   -9   -9  129  89  177   41 36   8  7 C  58 56   6 125 1 102 42
             637 2023  5 19 18 32 36.480 L 1.000 X  45.97100 -129.99533   1.690 X  -9.000   0.300   0.200  -9.000    -18   -9   -9  102  72  173   58 56   9 33 D  22 59   6 118 1  88 37
             638 2023  5 19 18 34 18.120 L 1.000 X  45.97150 -129.99533   1.680 X  -9.000   0.300   0.200  -9.000    -18   -9   -9  135  71 -164   49 46   8 34 D  40 58   7 120 1 125 39
             639 2023  5 20 15 33 10.820 L 1.000 X  45.93850 -130.01933   1.440 X  -9.000   0.300   0.200  -9.000    -18   -9   -9  200  21   85   38 43  10 15 D  45 42  10 147 1  94 30
             640 2023  5 20 18 51  9.920 L 1.000 X  45.92467 -130.00166   0.870 X  -9.000   0.300   0.200  -9.000    -18   -9   -9  353  82 -176   29 28   9 38 B  79 52   9 138 1 122 62
             641 2023  5 21 13 43 28.780 L 1.000 X  45.96667 -129.99583   1.650 X  -9.000   0.300   0.200  -9.000    -18   -9   -9  120  76  170   48 42   8 35 D  47 55   7 139 1  88 28
             642 2023  5 21 13 49 26.690 L 1.000 X  45.96667 -129.99600   1.660 X  -9.000   0.300   0.200  -9.000    -18   -9   -9   51  29   92   45 29   9 19 C  53 57   7 142 1  89 27
             643 2023  5 21 14 50 47.380 L 1.000 X  45.96783 -129.99550   1.490 X  -9.000   0.300   0.200  -9.000    -18   -9   -9   47  30   61   63 66   8 30 D  22 54   4 102 1 148 34
             644 2023  5 21 17  9 46.040 L 1.000 X  45.97150 -129.99583   1.100 X  -9.000   0.300   0.200  -9.000    -18   -9   -9   44  64 -162   22 33   9 19 B  87 42   7 169 1  71 55
             645 2023  5 22  5  5 40.450 L 1.000 X  45.94017 -130.01950   1.250 X  -9.000   0.300   0.200  -9.000    -18   -9   -9  330  82  167   44 41   8 44 D  45 46   6 160 1 121 40
             646 2023  5 22 11 17 30.830 L 1.000 X  45.93733 -130.01900   1.280 X  -9.000   0.300   0.200  -9.000    -18   -9   -9  301  70  173   40 38   9 33 C  51 42   7 144 1 127 35
             647 2023  5 22 15  4 12.500 L 1.000 X  45.93616 -130.01849   1.440 X  -9.000   0.300   0.200  -9.000    -18   -9   -9   48  71 -146   50 62   8 29 D  47 33   6 173 1 105 37
             648 2023  5 22 15 31  7.300 L 1.000 X  45.92433 -129.99133   0.910 X  -9.000   0.300   0.200  -9.000    -18   -9   -9  276  75  170   40 45   8 45 C  56 42   7 155 1 116 62
             649 2023  5 22 18 48 11.320 L 1.000 X  45.97583 -129.99617   1.880 X  -9.000   0.300   0.200  -9.000    -18   -9   -9  113  86  128   45 38   8 25 D  46 62   8 109 1  99 44
             650 2023  5 22 23 12 14.680 L 1.000 X  45.97317 -129.99583   1.730 X  -9.000   0.300   0.200  -9.000    -18   -9   -9   83  81  144   39 38   9 26 C  59 63   7 115 1 105 41
             651 2023  5 22 23 23 22.520 L 1.000 X  45.97200 -129.99583   1.660 X  -9.000   0.300   0.200  -9.000    -18   -9   -9   94  70  145   33 34   9 21 B  70 64   5 115 1 104 39
             652 2023  5 22 23 29 41.400 L 1.000 X  45.97250 -129.99583   1.640 X  -9.000   0.300   0.200  -9.000    -18   -9   -9   76  88  172   38 44   9 34 D  46 64   6 114 1 104 41
             653 2023  5 22 23 31 29.400 L 1.000 X  45.97300 -129.99533   1.630 X  -9.000   0.300   0.200  -9.000    -18   -9   -9   53  79  174   40 41   8 23 D  49 64   6 140 1 106 43
             654 2023  5 22 23 37 24.360 L 1.000 X  45.93733 -130.01917   1.330 X  -9.000   0.300   0.200  -9.000    -18   -9   -9  320  90  163   26 29   9 33 B  79 38   6 189 1 103 35
             655 2023  5 23  0  3 33.410 L 1.000 X  45.97383 -129.99550   1.840 X  -9.000   0.300   0.200  -9.000    -18   -9   -9  132  46  178   41 40   8 29 D  42 58   4  99 1 167 41
             656 2023  5 23  0  7 33.530 L 1.000 X  45.97283 -129.99567   1.690 X  -9.000   0.300   0.200  -9.000    -18   -9   -9   40  66 -162   40 31  10 11 C  51 58  10 134 1 105 41
             657 2023  5 23  0 45  6.250 L 1.000 X  45.97267 -129.99533   1.500 X  -9.000   0.300   0.200  -9.000    -18   -9   -9   36  63 -166   36 35  10 22 C  54 43   6 153 1 139 46
             658 2023  5 23 10  3 10.320 L 1.000 X  45.93817 -130.01866   1.260 X  -9.000   0.300   0.200  -9.000    -18   -9   -9  210  55 -134   51 56   9 24 D  49 45   7 126 1 100 33
             659 2023  5 23 15 50 57.260 L 1.000 X  45.97033 -129.99550   1.620 X  -9.000   0.300   0.200  -9.000    -18   -9   -9   18  53 -103   53 57   8 36 D  35 57   5 136 1 117 37
             660 2023  5 23 15 52 11.780 L 1.000 X  45.97066 -129.99567   1.670 X  -9.000   0.300   0.200  -9.000    -18   -9   -9   34  86 -178   38 48  11 23 D  49 51   9 147 1  88 36
             661 2023  5 23 16 37 53.180 L 1.000 X  45.97100 -129.99583   1.670 X  -9.000   0.300   0.200  -9.000    -18   -9   -9   34  67 -168   51 53  10 41 D  28 58   8 120 1 121 37
             662 2023  5 23 16 43 28.960 L 1.000 X  45.97083 -129.99567   1.650 X  -9.000   0.300   0.200  -9.000    -18   -9   -9  213  55 -178   42 51  10 30 D  40 61   7 136 1  68 37
             663 2023  5 23 16 43 51.280 L 1.000 X  45.97117 -129.99567   1.660 X  -9.000   0.300   0.200  -9.000    -18   -9   -9    2  89 -126   49 49  11 18 D  37 57   7 138 1  70 38
             664 2023  5 23 20 50 48.740 L 1.000 X  45.93633 -130.01900   1.160 X  -9.000   0.300   0.200  -9.000    -18   -9   -9  318  59  166   32 38   9 12 C  59 47   7 119 1  80 40
             665 2023  5 23 21 24 41.920 L 1.000 X  45.96700 -129.99617   1.620 X  -9.000   0.300   0.200  -9.000    -18   -9   -9  108  69  172   38 30   9 33 B  67 51   7 146 1 144 28
             666 2023  5 23 22 10 58.120 L 1.000 X  45.93717 -130.01950   1.310 X  -9.000   0.300   0.200  -9.000    -18   -9   -9  168  85 -170   44 48   8 37 D  40 40   6 146 1 127 35
             667 2023  5 23 22 11 12.440 L 1.000 X  45.93683 -130.01933   1.290 X  -9.000   0.300   0.200  -9.000    -18   -9   -9  208  50  -92   38 46   8 33 C  53 41   6 132 1 126 36
             668 2023  5 24  0 55 35.210 L 1.000 X  45.97033 -129.99583   1.600 X  -9.000   0.300   0.200  -9.000    -18   -9   -9  218  45 -101   30 38  11 15 B  68 53   9 145 1  65 36
             669 2023  5 24  7 54 19.900 L 1.000 X  45.97200 -129.99617   1.650 X  -9.000   0.300   0.200  -9.000    -18   -9   -9  196  83  149   29 31  10 20 B  76 57   8 119 1  72 39
             670 2023  5 24 10 54 54.350 L 1.000 X  45.93767 -130.01833   1.380 X  -9.000   0.300   0.200  -9.000    -18   -9   -9  316  83  178   43 44   8 46 C  61 43   7 175 1 131 34
             671 2023  5 24 13 15 32.640 L 1.000 X  45.92717 -129.98767   1.230 X  -9.000   0.300   0.200  -9.000    -18   -9   -9  269  57 -170   38 38   8 31 C  66 50   8 170 1 116 38
             672 2023  5 24 14 10  3.040 L 1.000 X  45.97017 -129.99634   1.560 X  -9.000   0.300   0.200  -9.000    -18   -9   -9   43  74  175   50 50   8 33 D  33 49   7 168 1  98 36
             673 2023  5 24 15 35 46.510 L 1.000 X  45.93850 -130.01883   1.430 X  -9.000   0.300   0.200  -9.000    -18   -9   -9  222  61 -144   40 38  10 35 C  70 42  10 140 1  94 30
             674 2023  5 24 19  2  4.800 L 1.000 X  45.96333 -129.99249   2.000 X  -9.000   0.300   0.200  -9.000    -18   -9   -9   99  23  144   27 27  10 25 B  81 62   9 135 1  77 29
             675 2023  5 24 19  6 42.280 L 1.000 X  45.96333 -129.99217   2.110 X  -9.000   0.300   0.200  -9.000    -18   -9   -9  136  82   97   62 64   8 35 D  19 56   6 121 1 119 28
             676 2023  5 24 19  8 45.400 L 1.000 X  45.96383 -129.99234   1.930 X  -9.000   0.300   0.200  -9.000    -18   -9   -9  110  32  175   33 34   9 47 B  69 57   7 140 1 122 30
             677 2023  5 24 19  9  9.100 L 1.000 X  45.96283 -129.99217   1.630 X  -9.000   0.300   0.200  -9.000    -18   -9   -9   12  16  151   48 51  10 28 D  49 55   8 127 1 117 36
             678 2023  5 24 19 10 18.040 L 1.000 X  45.96400 -129.99150   1.740 X  -9.000   0.300   0.200  -9.000    -18   -9   -9   75  10 -162   48 50   8 39 D  37 58   6 123 1 121 35
             679 2023  5 24 19 56 12.120 L 1.000 X  45.96817 -129.99600   1.600 X  -9.000   0.300   0.200  -9.000    -18   -9   -9  114  77  171   27 28   9 22 B  78 52   7 135 1  92 31
             680 2023  5 24 19 56 31.280 L 1.000 X  45.96800 -129.99600   1.580 X  -9.000   0.300   0.200  -9.000    -18   -9   -9  110  64  158   37 30  10 33 B  62 49  10 152 1  77 31
             681 2023  5 24 19 56 56.600 L 1.000 X  45.96767 -129.99634   1.460 X  -9.000   0.300   0.200  -9.000    -18   -9   -9  105  80  174   41 44   9 27 D  45 47   6 152 1  92 32
             682 2023  5 24 19 57 21.840 L 1.000 X  45.96867 -129.99583   1.540 X  -9.000   0.300   0.200  -9.000    -18   -9   -9  110  87  177   35 32   8 25 B  62 46   7 157 1  94 54
             683 2023  5 24 19 57 26.320 L 1.000 X  45.96400 -129.99266   1.810 X  -9.000   0.300   0.200  -9.000    -18   -9   -9  115  65  179   58 62   9 52 D  43 57   9 135 1  78 31
             684 2023  5 24 21 55 45.240 L 1.000 X  45.98050 -129.99884   1.640 X  -9.000   0.300   0.200  -9.000    -18   -9   -9   92  15 -147   36 46  10 20 D  44 56   8  96 1  95 43
             685 2023  5 24 21 57  0.460 L 1.000 X  45.98017 -129.99783   1.570 X  -9.000   0.300   0.200  -9.000    -18   -9   -9   89  18 -152   49 52   8 12 D  31 59   6  47 1  97 47
             686 2023  5 24 22  0 15.000 L 1.000 X  45.97917 -129.99834   1.230 X  -9.000   0.300   0.200  -9.000    -18   -9   -9   84  59 -157   50 51   8 44 D  28 53   6 112 1  87 57
             687 2023  5 24 22 42 37.840 L 1.000 X  45.98100 -129.99867   1.810 X  -9.000   0.300   0.200  -9.000    -18   -9   -9  247  64  -96   37 25  10 23 B  72 54  10 123 1  95 40
             688 2023  5 24 22 42 51.240 L 1.000 X  45.98067 -129.99800   1.700 X  -9.000   0.300   0.200  -9.000    -18   -9   -9  125  75  149   28 35   9 41 B  76 56   9 112 1  97 43
             689 2023  5 24 22 44 50.300 L 1.000 X  45.97933 -129.99867   1.290 X  -9.000   0.300   0.200  -9.000    -18   -9   -9  282  49 -134   31 38  10 33 B  65 50   6 119 1  85 54
             690 2023  5 25  6 11  8.780 L 1.000 X  46.00017 -130.02800   1.460 X  -9.000   0.300   0.200  -9.000    -18   -9   -9  269  90  175   40 49   8 29 C  64 36   7 188 1 146 65
             691 2023  5 25  6 53 35.170 L 1.000 X  45.98050 -129.99966   1.720 X  -9.000   0.300   0.200  -9.000    -18   -9   -9  120  85  152   44 50   8 33 D  40 58   8 119 1  97 40
             692 2023  5 26  8 44 54.240 L 1.000 X  45.93683 -130.01883   1.370 X  -9.000   0.300   0.200  -9.000    -18   -9   -9   71  52  101   55 71  10 43 D  28 40  10 154 1 127 36
             693 2023  5 26 17 19 34.720 L 1.000 X  45.93667 -130.01917   1.190 X  -9.000   0.300   0.200  -9.000    -18   -9   -9  329  60 -157   39 38   8 24 D  45 39   8 151 1 103 38
             694 2023  5 27  7 14 52.750 L 1.000 X  45.93683 -130.01883   1.330 X  -9.000   0.300   0.200  -9.000    -18   -9   -9   44  47   86   47 59  10 38 D  33 43   9 142 1  67 36
             695 2023  5 27 20 53 43.940 L 1.000 X  45.93900 -130.01967   1.220 X  -9.000   0.300   0.200  -9.000    -18   -9   -9  276  75  163   40 38  10 28 D  48 50   9 127 1  70 36
             696 2023  5 27 21 15 20.480 L 1.000 X  45.93750 -130.01933   1.200 X  -9.000   0.300   0.200  -9.000    -18   -9   -9  153  79 -160   41 39  10 18 D  45 45   9 144 1  92 35
             697 2023  5 28  6 38 25.050 L 1.000 X  45.92050 -129.98801   1.190 X  -9.000   0.300   0.200  -9.000    -18   -9   -9  330  89 -166   31 32  10  0 B  69 53   9 134 1  76 47
             698 2023  5 28  9 29 34.690 L 1.000 X  45.93683 -130.01950   1.170 X  -9.000   0.300   0.200  -9.000    -18   -9   -9  345  49 -132   37 35   9  0 C  51 37   9 175 1 115 38
             699 2023  5 29 19 23 35.700 L 1.000 X  45.92567 -129.98567   1.110 X  -9.000   0.300   0.200  -9.000    -18   -9   -9  163  86  153   33 38   8  5 C  54 51   7 124 1 159 34
             700 2023  5 29 19 26 17.040 L 1.000 X  45.92567 -129.98450   1.260 X  -9.000   0.300   0.200  -9.000    -18   -9   -9  346  78 -150   23 28  11 11 B  86 48  10 139 1  61 29
             701 2023  5 30 10 35 46.790 L 1.000 X  45.96600 -129.99583   1.660 X  -9.000   0.300   0.200  -9.000    -18   -9   -9  141  80  175   26 35   9 27 B  69 48   8 129 1  87 27
             702 2023  5 31 17 18  2.580 L 1.000 X  45.93700 -130.01849   1.280 X  -9.000   0.300   0.200  -9.000    -18   -9   -9  310  66 -171   35 43   9 40 C  60 43   7 168 1  83 37
             703 2023  6  1 11 36 46.620 L 1.000 X  45.92683 -129.98849   1.270 X  -9.000   0.300   0.200  -9.000    -18   -9   -9  271  58  179   28 26  11 22 B  81 51  10 145 1  84 39
             704 2023  6  1 11 52 24.130 L 1.000 X  45.95800 -129.98883   1.830 X  -9.000   0.300   0.200  -9.000    -18   -9   -9    0  48 -169   42 44   8 38 D  47 70   7 102 1  94 38
             705 2023  6  1 14 14 30.570 L 1.000 X  45.93683 -130.01833   1.350 X  -9.000   0.300   0.200  -9.000    -18   -9   -9  200  53  -95   45 46  10 23 D  43 36   8 168 1  77 36
             706 2023  6  1 14 24 37.100 L 1.000 X  45.95450 -129.98666   1.970 X  -9.000   0.300   0.200  -9.000    -18   -9   -9   53  65 -138   19 29  11  9 A  86 62   9 122 1  83 24
             707 2023  6  2 12 40 19.160 L 1.000 X  45.98283 -129.99933   1.880 X  -9.000   0.300   0.200  -9.000    -18   -9   -9  119  56  163   30 21  10 19 B  82 57   9 126 1 113 36
             708 2023  6  2 13 30 27.130 L 1.000 X  45.98350 -129.99800   1.780 X  -9.000   0.300   0.200  -9.000    -18   -9   -9  130  81  151   51 54   8 38 D  40 57   6 148 1 103 38
             709 2023  6  2 15 27  8.440 L 1.000 X  45.93800 -129.98801   1.360 X  -9.000   0.300   0.200  -9.000    -18   -9   -9  354  68  -86   40 46  10 18 D  43 39   8 192 1 104 35
             710 2023  6  2 15 28 11.820 L 1.000 X  45.93900 -129.98750   1.180 X  -9.000   0.300   0.200  -9.000    -18   -9   -9  105  62  125   39 44   8 21 D  44 45   5 172 1 115 40
             711 2023  6  2 17 22 50.120 L 1.000 X  45.95700 -129.98933   2.000 X  -9.000   0.300   0.200  -9.000    -18   -9   -9  359  60 -158   45 54   8 26 D  35 70   5 107 1 100 34
             712 2023  6  2 17 25 15.280 L 1.000 X  45.95717 -129.98883   1.990 X  -9.000   0.300   0.200  -9.000    -18   -9   -9    2  80 -114   33 41   8 32 C  55 71   5  91 1  98 33
             713 2023  6  2 18 21 30.300 L 1.000 X  45.95733 -129.98833   1.980 X  -9.000   0.300   0.200  -9.000    -18   -9   -9  139  22 -172   36 35   8 32 C  60 71   5 101 1  97 33
             714 2023  6  2 18 31 49.240 L 1.000 X  45.95717 -129.98917   1.980 X  -9.000   0.300   0.200  -9.000    -18   -9   -9  352  90 -142   34 40   9 13 C  57 66   6 123 1  99 34
             715 2023  6  2 18 40 13.340 L 1.000 X  45.95683 -129.98917   1.940 X  -9.000   0.300   0.200  -9.000    -18   -9   -9  359  58 -168   38 41   8 10 C  56 69   5 106 1 100 34
             716 2023  6  3  2 11  2.960 L 1.000 X  45.96650 -129.99600   1.360 X  -9.000   0.300   0.200  -9.000    -18   -9   -9  229  48   85   37 38  10 33 C  65 32   9 229 1 126 74
             717 2023  6  3 11 23 44.060 L 1.000 X  45.93683 -130.01933   1.290 X  -9.000   0.300   0.200  -9.000    -18   -9   -9  320  84  179   28 32   8 39 B  73 41   7 157 1 103 36
             718 2023  6  3 17 37 56.560 L 1.000 X  45.93767 -130.01917   1.290 X  -9.000   0.300   0.200  -9.000    -18   -9   -9  163  48 -107   35 39   8 13 C  52 36   4 137 1 128 34
             719 2023  6  3 20 49 42.980 L 1.000 X  45.92317 -129.99150   1.110 X  -9.000   0.300   0.200  -9.000    -18   -9   -9    3  42  -97   41 42   8 11 C  52 49   5 155 1  91 55
             720 2023  6  3 21 52 42.480 L 1.000 X  45.92383 -129.99200   0.940 X  -9.000   0.300   0.200  -9.000    -18   -9   -9  146  64 -120   41 44   9 19 C  51 44   7 172 1  94 64
             721 2023  6  3 21 53 18.160 L 1.000 X  45.92417 -129.99249   0.970 X  -9.000   0.300   0.200  -9.000    -18   -9   -9  274  69 -175   34 32   9 36 B  74 44   8 187 1  96 64
             722 2023  6  3 22 12 43.360 L 1.000 X  45.92400 -129.99266   0.940 X  -9.000   0.300   0.200  -9.000    -18   -9   -9  145  59 -113   40 46   8 41 D  39 40   8 208 1  95 65
             723 2023  6  3 22 15 26.040 L 1.000 X  45.92250 -129.99049   1.140 X  -9.000   0.300   0.200  -9.000    -18   -9   -9  324  81 -151   40 52   8 50 D  23 50   6 151 1  97 52
             724 2023  6  3 22 17  0.600 L 1.000 X  45.92300 -129.99167   1.000 X  -9.000   0.300   0.200  -9.000    -18   -9   -9  131  64 -116   43 47   8 44 D  38 46   6 170 1 177 61
             725 2023  6  4  0  4 28.470 L 1.000 X  46.00367 -130.02783   1.410 X  -9.000   0.300   0.200  -9.000    -18   -9   -9  350  70 -177   22 24   8 47 A  94 45   8 144 1 154 72
             726 2023  6  4  3 49 17.920 L 1.000 X  45.94083 -130.01883   1.380 X  -9.000   0.300   0.200  -9.000    -18   -9   -9   79  55  118   31 32   8 15 B  70 54   8 116 1 128 38
             727 2023  6  4  4 36 53.880 L 1.000 X  45.93633 -130.01917   1.370 X  -9.000   0.300   0.200  -9.000    -18   -9   -9  324  76 -175   31 30  10 39 B  76 38  10 154 1 129 37
             728 2023  6  4 15 16  9.960 L 1.000 X  45.94883 -129.98550   1.780 X  -9.000   0.300   0.200  -9.000    -18   -9   -9  126  49 -158   45 33   8 27 C  54 62   8 135 1  73 27
             729 2023  6  5  3  5 26.460 L 1.000 X  45.95733 -129.98784   1.710 X  -9.000   0.300   0.200  -9.000    -18   -9   -9    7  61  170   31 37   9  0 B  63 68   8 131 1  96 37
             730 2023  6  5  4 24  3.670 L 1.000 X  45.95683 -129.98784   1.810 X  -9.000   0.300   0.200  -9.000    -18   -9   -9   33  84 -100   40 43   8 37 C  56 60   6 120 1  99 34
             731 2023  6  6 14 38  5.090 L 1.000 X  45.93717 -130.01950   1.180 X  -9.000   0.300   0.200  -9.000    -18   -9   -9  315  82  179   33 32   9 41 B  73 42   8 185 1 116 37
             732 2023  6  6 14 40 30.060 L 1.000 X  45.93767 -130.01950   1.130 X  -9.000   0.300   0.200  -9.000    -18   -9   -9  325  74 -177   37 37   8 19 C  52 45   7 134 1  88 36
             733 2023  6  6 16  9  1.720 L 1.000 X  45.95683 -129.98917   2.060 X  -9.000   0.300   0.200  -9.000    -18   -9   -9  129  58  166   27 35  13 31 B  77 64  11 136 1  64 32
             734 2023  6  6 18 56  0.100 L 1.000 X  45.95750 -129.98866   1.390 X  -9.000   0.300   0.200  -9.000    -18   -9   -9    2  68 -171   27 28   9 14 B  80 53   7 148 1  96 47
             735 2023  6  7  3 16  2.340 L 1.000 X  45.92450 -129.99117   0.970 X  -9.000   0.300   0.200  -9.000    -18   -9   -9  156  86 -178   37 39   9 25 C  67 50   8 144 1 102 60
             736 2023  6  7 16 45 30.830 L 1.000 X  45.90917 -129.95934   0.870 X  -9.000   0.300   0.200  -9.000    -18   -9   -9  270  75  135   39 38   9 44 D  43 58   7 124 1 289 64
             737 2023  6  7 17 11 19.760 L 1.000 X  45.92400 -129.98300   1.260 X  -9.000   0.300   0.200  -9.000    -18   -9   -9    3  70 -148   35 40  11  9 C  67 48  10 181 1  80 36
             738 2023  6  7 19 23 52.440 L 1.000 X  45.97900 -129.99750   1.400 X  -9.000   0.300   0.200  -9.000    -18   -9   -9  230  79  -85   54 59   8 26 D  26 49   8 125 1  90 54
             739 2023  6  8  2 51 14.260 L 1.000 X  45.92250 -129.99083   1.190 X  -9.000   0.300   0.200  -9.000    -18   -9   -9  281  45  128   42 50   8 44 D  51 58   6 121 1  97 50
             740 2023  6  8  6 28 32.610 L 1.000 X  45.92283 -129.99217   0.920 X  -9.000   0.300   0.200  -9.000    -18   -9   -9  273  80  180   41 43   8 38 C  68 42   8 164 1  94 66
             741 2023  6  8  7 45 41.430 L 1.000 X  45.92283 -129.99167   0.990 X  -9.000   0.300   0.200  -9.000    -18   -9   -9  174  86 -166   44 55   9 37 D  52 45   7 145 1  88 62
             742 2023  6  8  7 56 12.120 L 1.000 X  45.92650 -129.98683   1.180 X  -9.000   0.300   0.200  -9.000    -18   -9   -9  263  60 -174   36 41   8 29 C  56 48   7 150 1  93 36
             743 2023  6  8 22 51 42.640 L 1.000 X  45.97950 -129.99916   1.410 X  -9.000   0.300   0.200  -9.000    -18   -9   -9  129  86 -178   40 43   8 34 C  58 49   8 141 1  78 49
             744 2023  6  8 23 48 51.000 L 1.000 X  45.98083 -130.00017   2.040 X  -9.000   0.300   0.200  -9.000    -18   -9   -9   95  31  116   44 52  10 25 D  54 63   9 108 1  97 33
             745 2023  6  9  0 11 49.680 L 1.000 X  45.98033 -129.99916   1.700 X  -9.000   0.300   0.200  -9.000    -18   -9   -9  117  67 -180   41 38   8 48 C  61 49   8 167 1  95 41
             746 2023  6  9  3 33  1.070 L 1.000 X  45.98133 -130.00017   2.090 X  -9.000   0.300   0.200  -9.000    -18   -9   -9  121  56  157   34 42   9 20 C  67 65   8 105 1 104 32
             747 2023  6  9  4  7 25.290 L 1.000 X  45.98083 -130.00017   2.070 X  -9.000   0.300   0.200  -9.000    -18   -9   -9  103  48  138   31 29  10 19 B  74 56  10 125 1 107 32
             748 2023  6  9  4 13  7.170 L 1.000 X  45.98050 -129.99916   2.010 X  -9.000   0.300   0.200  -9.000    -18   -9   -9  110  13 -141   41 43   8 25 C  52 63   7 108 1  96 35
             749 2023  6  9  4 13 45.110 L 1.000 X  45.98217 -129.99966   2.230 X  -9.000   0.300   0.200  -9.000    -18   -9   -9  314  84  -79   36 36   9 16 C  60 65   7 101 1  98 31
             750 2023  6  9  4 20 16.150 L 1.000 X  45.98100 -130.00050   2.020 X  -9.000   0.300   0.200  -9.000    -18   -9   -9   97  35  116   27 31  11 16 B  76 57  11 124 1  96 32
             751 2023  6  9  4 28 17.580 L 1.000 X  45.98050 -130.00017   1.840 X  -9.000   0.300   0.200  -9.000    -18   -9   -9  113  64  158   21 21  11 37 A  98 49  11 138 1  97 36
             752 2023  6  9  4 28 41.010 L 1.000 X  45.98067 -130.00067   1.760 X  -9.000   0.300   0.200  -9.000    -18   -9   -9  113  60  160   31 31  12 33 B  70 49  12 155 1  95 37
             753 2023  6  9  4 29  9.710 L 1.000 X  45.98133 -129.99966   2.050 X  -9.000   0.300   0.200  -9.000    -18   -9   -9  350  63 -126   37 38  13 17 C  51 57  12 134 1  98 33
             754 2023  6  9  4 30 21.680 L 1.000 X  45.98150 -129.99983   2.040 X  -9.000   0.300   0.200  -9.000    -18   -9   -9  118  66  158   39 46   9 22 C  51 61   8 110 1  98 33
             755 2023  6  9  5 34 35.050 L 1.000 X  45.98200 -130.00000   1.990 X  -9.000   0.300   0.200  -9.000    -18   -9   -9  114  85  140   17 17  11 10 A  96 59  10 127 1  97 33
             756 2023  6  9 20 37 28.460 L 1.000 X  45.98100 -129.99867   2.070 X  -9.000   0.300   0.200  -9.000    -18   -9   -9  215  51  139   50 61   8 37 D  24 64   7 121 1 102 35
             757 2023  6 11  5 44  7.880 L 1.000 X  45.96367 -129.99516   1.510 X  -9.000   0.300   0.200  -9.000    -18   -9   -9  228  59 -171   35 48   9 29 C  62 45   8 158 1 130 30
             758 2023  6 12 23  6 39.380 L 1.000 X  45.93950 -129.98734   1.540 X  -9.000   0.300   0.200  -9.000    -18   -9   -9  338  58  101   49 57   8 60 D  39 47   7 176 1 105 32
             759 2023  6 12 23  7 22.600 L 1.000 X  45.93900 -129.98700   1.530 X  -9.000   0.300   0.200  -9.000    -18   -9   -9   91  65  171   27 24   8 28 B  89 35   8 213 1  90 40
             760 2023  6 12 23 13 51.440 L 1.000 X  45.93917 -129.98683   1.520 X  -9.000   0.300   0.200  -9.000    -18   -9   -9  335  72 -104   39 41   9 23 C  56 43   8 177 1 107 30
             761 2023  6 12 23 18 18.440 L 1.000 X  45.93933 -129.98683   1.490 X  -9.000   0.300   0.200  -9.000    -18   -9   -9   98  67 -179   23 25   8 23 A  89 44   8 171 1  80 31
             762 2023  6 12 23 18 42.440 L 1.000 X  45.93917 -129.98700   1.550 X  -9.000   0.300   0.200  -9.000    -18   -9   -9  349  66   96   36 48   8 28 C  60 52   7 166 1 107 30
             763 2023  6 12 23 43 41.540 L 1.000 X  45.93900 -129.98717   1.400 X  -9.000   0.300   0.200  -9.000    -18   -9   -9  118  34 -143   48 44   8 16 D  53 40   6 186 1  95 33
             764 2023  6 13  2 19 17.270 L 1.000 X  45.94150 -130.01950   1.360 X  -9.000   0.300   0.200  -9.000    -18   -9   -9  334  84  178   28 29  10 11 B  83 46  10 132 1 112 42
             765 2023  6 13 23 47 29.760 L 1.000 X  45.92467 -129.99100   1.000 X  -9.000   0.300   0.200  -9.000    -18   -9   -9  170  77  139   37 40  10 29 C  58 49   9 151 1 109 58
             766 2023  6 16  4  9 34.100 L 1.000 X  45.95550 -129.98683   2.030 X  -9.000   0.300   0.200  -9.000    -18   -9   -9  282  17  -25   37 35   8  7 C  59 65   6 101 1 116 26
             767 2023  6 17 14 38 12.520 L 1.000 X  45.92683 -129.98717   1.300 X  -9.000   0.300   0.200  -9.000    -18   -9   -9  262  59 -168   28 27   8 33 B  83 51   8 148 1  84 34
             768 2023  6 21 11 44  3.030 L 1.000 X  45.92650 -129.98584   1.310 X  -9.000   0.300   0.200  -9.000    -18   -9   -9  272  51 -101   46 50   9  4 D  47 46   8 170 1  97 30
             769 2023  6 21 11 44 48.700 L 1.000 X  45.92633 -129.98633   1.300 X  -9.000   0.300   0.200  -9.000    -18   -9   -9  347  90   93   52 50   8 15 D  33 54   7 146 1 147 31
             770 2023  6 24 20 28 56.020 L 1.000 X  45.91333 -129.98633   0.690 X  -9.000   0.300   0.200  -9.000    -18   -9   -9   64  89  170   33 36   8 23 B  64 57   6 126 1 199 62
             771 2023  6 25 16 19 43.990 L 1.000 X  45.92650 -129.98801   1.150 X  -9.000   0.300   0.200  -9.000    -18   -9   -9  270  72  165   31 29   9 14 B  74 53   8 136 1  82 41
             772 2023  6 25 22 35 15.460 L 1.000 X  45.92583 -129.98050   1.220 X  -9.000   0.300   0.200  -9.000    -18   -9   -9  134  55  -79   41 35   9 44 D  47 47   8 181 1  89 42
             773 2023  6 26 13 55 27.020 L 1.000 X  45.98117 -129.99817   1.980 X  -9.000   0.300   0.200  -9.000    -18   -9   -9  122  74  174   51 61   9 36 D  33 61   8  97 1  98 37
             774 2023  6 26 18  8 10.160 L 1.000 X  45.97083 -129.99266   1.780 X  -9.000   0.300   0.200  -9.000    -18   -9   -9   50  41 -180   34 42   8 18 C  54 59   6 126 1 164 39
             775 2023  6 27  3 38  1.740 L 1.000 X  46.00167 -130.02766   1.380 X  -9.000   0.300   0.200  -9.000    -18   -9   -9  279  41   83   44 50   8 34 D  40 43   8 166 1  81 66
             776 2023  6 27 10 11 33.570 L 1.000 X  45.95867 -129.98734   1.980 X  -9.000   0.300   0.200  -9.000    -18   -9   -9   42  86 -114   23 26  10  6 A  93 56   9 113 1  88 35
             777 2023  6 27 16 13 18.950 L 1.000 X  45.94033 -129.98399   1.280 X  -9.000   0.300   0.200  -9.000    -18   -9   -9  114  87  148   24 32   9  7 B  81 48   7 147 1  85 31
             778 2023  6 27 23 26  3.700 L 1.000 X  45.97150 -129.99483   1.210 X  -9.000   0.300   0.200  -9.000    -18   -9   -9   41  83 -176   22 26  10 29 A  90 40   8 175 1  72 59
             779 2023  6 28 12 16 46.530 L 1.000 X  45.92617 -129.98117   1.250 X  -9.000   0.300   0.200  -9.000    -18   -9   -9  122  49 -125   40 45   8 14 C  56 44   7 181 1  75 51
             780 2023  6 28 22 53  4.340 L 1.000 X  45.95083 -129.98567   1.780 X  -9.000   0.300   0.200  -9.000    -18   -9   -9  241  16  -84   40 38  10 27 C  53 62   7 108 1  74 31
             781 2023  6 28 23  5 29.780 L 1.000 X  45.95050 -129.98567   1.930 X  -9.000   0.300   0.200  -9.000    -18   -9   -9   47  73  -97   26 32   9 23 B  73 66   6 112 1  75 29
             782 2023  6 28 23  6 41.040 L 1.000 X  45.95016 -129.98584   1.940 X  -9.000   0.300   0.200  -9.000    -18   -9   -9  255  15  -76   28 25   9 18 B  85 64   7  99 1  76 32
             783 2023  6 29  1 46 42.860 L 1.000 X  45.95850 -129.98984   2.040 X  -9.000   0.300   0.200  -9.000    -18   -9   -9  336  73 -172   37 40  11 27 C  56 65   9 118 1  59 37
             784 2023  6 29 11 53 41.020 L 1.000 X  45.95950 -129.98967   1.430 X  -9.000   0.300   0.200  -9.000    -18   -9   -9   34  85  158   35 50   8 27 C  55 45   6 187 1 139 50
             785 2023  6 29 12  8 53.830 L 1.000 X  45.96017 -129.98967   1.500 X  -9.000   0.300   0.200  -9.000    -18   -9   -9  125  64 -164   30 35  10 16 C  51 50   8 152 1  85 47
             786 2023  6 30 11  1  4.840 L 1.000 X  45.95800 -129.99083   1.860 X  -9.000   0.300   0.200  -9.000    -18   -9   -9   74  84  -92   41 41   8 17 C  56 67   5  86 1  96 40
             787 2023  6 30 15 29 20.910 L 1.000 X  45.92683 -129.98734   1.280 X  -9.000   0.300   0.200  -9.000    -18   -9   -9  265  54 -176   38 38   9 31 C  54 47   8 180 1  84 35
             788 2023  7  1 15 52 48.480 L 1.000 X  45.93683 -129.98151   1.420 X  -9.000   0.300   0.200  -9.000    -18   -9   -9  294  38  115   52 70  10 24 D  33 56  10 155 1  87 22
             789 2023  7  1 15 59 15.400 L 1.000 X  45.93683 -129.98199   1.380 X  -9.000   0.300   0.200  -9.000    -18   -9   -9    1  70 -115   49 56   9 24 D  46 51   8 170 1  88 25
             790 2023  7  2  9 25 15.060 L 1.000 X  45.93633 -129.98167   1.440 X  -9.000   0.300   0.200  -9.000    -18   -9   -9  356  70 -115   23 32   9 35 B  85 47   8 190 1  91 23
             791 2023  7  2 12 37 46.410 L 1.000 X  45.94316 -129.98550   1.660 X  -9.000   0.300   0.200  -9.000    -18   -9   -9  221  85 -131   36 29  12 18 B  62 56  11 137 1  64 31
             792 2023  7  5 22 46 41.880 L 1.000 X  45.92600 -129.98917   1.080 X  -9.000   0.300   0.200  -9.000    -18   -9   -9  359  86 -164   20 30  10 17 A  85 44  10 165 1 129 48
             793 2023  7  9 13 36 13.120 L 1.000 X  45.96467 -129.99217   1.910 X  -9.000   0.300   0.200  -9.000    -18   -9   -9  229  66 -159   56 59   9 19 D  27 59   6 140 1 125 31
             794 2023  7  9 13 39 59.420 L 1.000 X  45.96416 -129.99200   1.920 X  -9.000   0.300   0.200  -9.000    -18   -9   -9  101  21  131   51 56   9 47 D  35 58   6 146 1 123 31
             795 2023  7  9 13 51 15.150 L 1.000 X  45.96416 -129.99167   1.840 X  -9.000   0.300   0.200  -9.000    -18   -9   -9  116  63  173   27 20  10 18 A  88 58  10 139 1  77 33
             796 2023  7  9 14  5 48.650 L 1.000 X  45.96450 -129.99200   1.960 X  -9.000   0.300   0.200  -9.000    -18   -9   -9  104  27  169   40 35   9 45 C  53 56   7 147 1 124 30
             797 2023  7  9 14 27 51.450 L 1.000 X  45.96400 -129.99200   1.920 X  -9.000   0.300   0.200  -9.000    -18   -9   -9  130  71 -165   49 41   9 18 D  43 59   7 147 1  78 31
             798 2023  7  9 16 14 56.550 L 1.000 X  45.92500 -129.99234   0.880 X  -9.000   0.300   0.200  -9.000    -18   -9   -9  142  72 -159   41 48   8 41 C  52 52   7 134 1 108 65
             799 2023  7  9 23 26 18.320 L 1.000 X  45.98000 -129.99783   1.640 X  -9.000   0.300   0.200  -9.000    -18   -9   -9  132  78  174   43 43   8 18 C  52 59   7 136 1  90 46
             800 2023  7 10  0 59 31.150 L 1.000 X  45.92350 -129.99017   1.010 X  -9.000   0.300   0.200  -9.000    -18   -9   -9  272  69 -171   35 37   8 48 C  63 47   7 153 1 135 56
             801 2023  7 10  1  1 44.960 L 1.000 X  45.92400 -129.99033   0.940 X  -9.000   0.300   0.200  -9.000    -18   -9   -9  273  53 -139   30 34   9 28 B  71 47   8 143 1 134 59
             802 2023  7 10  1  6 27.950 L 1.000 X  45.92383 -129.98967   1.140 X  -9.000   0.300   0.200  -9.000    -18   -9   -9  165  84 -170   62 72   8 54 D  26 42   7 174 1  88 48
             803 2023  7 10  6  9 32.610 L 1.000 X  46.00083 -130.02634   1.310 X  -9.000   0.300   0.200  -9.000    -18   -9   -9  104  45  120   36 47   8 35 D  16 42   7 169 1 109 63
             804 2023  7 10 15  4 23.370 L 1.000 X  45.92267 -129.99150   0.820 X  -9.000   0.300   0.200  -9.000    -18   -9   -9  194  86  122   58 60   8 23 D  29 55   7 125 1 149 66
             805 2023  7 12 10  5 43.260 L 1.000 X  45.95867 -129.98767   1.580 X  -9.000   0.300   0.200  -9.000    -18   -9   -9  135  63 -150   32 33   8 24 B  66 51   6 140 1  90 51
             806 2023  7 12 10 54 15.360 L 1.000 X  45.93767 -130.02034   1.520 X  -9.000   0.300   0.200  -9.000    -18   -9   -9   59  49  -81   37 43   9  9 D  48 36   7 182 1 126 37
             807 2023  7 12 11 43 39.030 L 1.000 X  45.92650 -129.98700   1.070 X  -9.000   0.300   0.200  -9.000    -18   -9   -9  347  73  175   62 61   8 48 D  33 50   7 164 1 158 41
             808 2023  7 13  9 50 19.440 L 1.000 X  45.92667 -129.98833   1.120 X  -9.000   0.300   0.200  -9.000    -18   -9   -9  270  78  174   29 25   9 23 B  84 51   9 150 1  83 44
             809 2023  7 17 10 22  7.730 L 1.000 X  45.93533 -130.01666   1.020 X  -9.000   0.300   0.200  -9.000    -18   -9   -9  247  49  -97   37 40   8 20 C  62 53   8 153 1 153 47
             810 2023  7 19  0 55 19.250 L 1.000 X  46.00083 -130.02667   1.750 X  -9.000   0.300   0.200  -9.000    -18   -9   -9  348  66  176   18 21   8 45 A  99 52   8 149 1 132 62
             811 2023  7 19 17  2  4.680 L 1.000 X  45.92484 -129.99133   0.920 X  -9.000   0.300   0.200  -9.000    -18   -9   -9  281  69  161   48 39   9 38 C  51 47   7 145 1 108 62
             812 2023  7 19 22 49 30.640 L 1.000 X  45.96167 -129.99384   1.980 X  -9.000   0.300   0.200  -9.000    -18   -9   -9   36  89  149   36 44   8 29 C  62 58   6 130 1 163 27
             813 2023  7 20 18 46 44.920 L 1.000 X  45.92517 -129.99083   1.200 X  -9.000   0.300   0.200  -9.000    -18   -9   -9  268  63 -179   38 33   9 25 C  62 48   8 150 1 100 48
             814 2023  7 26 22 48 56.340 L 1.000 X  45.94183 -130.01984   1.350 X  -9.000   0.300   0.200  -9.000    -18   -9   -9  148  84 -177   32 33  12 22 B  72 40  11 158 1  77 44
             815 2023  7 27  1  7 16.410 L 1.000 X  45.93217 -129.98100   1.550 X  -9.000   0.300   0.200  -9.000    -18   -9   -9   21  75  144   25 23  11 28 A  86 43  10 169 1 111 30
             816 2023  7 31 14 22 14.250 L 1.000 X  45.95867 -129.98984   2.120 X  -9.000   0.300   0.200  -9.000    -18   -9   -9  223   3  -57   39 40   8 17 D  44 63   8 109 1  92 36
             817 2023  7 31 15 28 19.430 L 1.000 X  45.95850 -129.98984   2.060 X  -9.000   0.300   0.200  -9.000    -18   -9   -9  355  43 -143   36 36  10 16 C  64 60  10 135 1  93 36
             818 2023  7 31 19 34 12.600 L 1.000 X  45.95767 -129.98950   1.920 X  -9.000   0.300   0.200  -9.000    -18   -9   -9  134  65  171   24 21  12 27 A  91 60  12 148 1  61 37
             819 2023  8  1 13 54 59.250 L 1.000 X  46.00033 -130.02650   1.320 X  -9.000   0.300   0.200  -9.000    -18   -9   -9  163  68  148   57 64  10 62 D  41 47  10 148 1 125 60
             820 2023  8  2  3 34 46.380 L 1.000 X  45.92650 -129.97983   2.170 X  -9.000   0.300   0.200  -9.000    -18   -9   -9  320  63 -110   28 23   8 12 B  84 64   8 101 1 103 25
             821 2023  8  2  6  6 52.800 L 1.000 X  45.92467 -129.99100   0.970 X  -9.000   0.300   0.200  -9.000    -18   -9   -9  342  83  173   27 37   9 18 B  70 43   6 166 1 102 59
             822 2023  8  2  6 10  1.110 L 1.000 X  45.92450 -129.99083   0.970 X  -9.000   0.300   0.200  -9.000    -18   -9   -9  150  53  -93   45 41   8 15 D  33 46   6 170 1 133 59
             823 2023  8  3  5 10 38.720 L 1.000 X  45.97133 -129.99434   1.130 X  -9.000   0.300   0.200  -9.000    -18   -9   -9   33  80 -172   24 24   8 16 A  90 35   5 193 1  92 62
             824 2023  8  4 18 40 13.460 L 1.000 X  45.92484 -129.99066   1.110 X  -9.000   0.300   0.200  -9.000    -18   -9   -9  160  54 -104   35 36  12 17 C  66 45  10 161 1  86 52
             825 2023  8  7 10 50 43.530 L 1.000 X  45.92533 -129.99083   1.060 X  -9.000   0.300   0.200  -9.000    -18   -9   -9  273  77  171   34 30  10 28 B  75 44   9 167 1  87 54
             826 2023  8  8  5 52  5.420 L 1.000 X  45.93884 -129.98801   1.270 X  -9.000   0.300   0.200  -9.000    -18   -9   -9   88  45 -138   29 37   8 18 B  71 39   8 177 1  99 38
             827 2023  8  8  9 45 44.450 L 1.000 X  45.92717 -129.98816   1.210 X  -9.000   0.300   0.200  -9.000    -18   -9   -9  260  59 -157   29 27  14 32 B  62 50  11 138 1  76 40
             828 2023  8  9  1 24 49.630 L 1.000 X  46.00283 -130.02834   1.500 X  -9.000   0.300   0.200  -9.000    -18   -9   -9  328  37  133   49 48   9 38 D  33 47   9 166 1 112 61
             829 2023  8 10 13 38 55.690 L 1.000 X  45.97717 -129.99733   1.450 X  -9.000   0.300   0.200  -9.000    -18   -9   -9  103  87  173   43 45   8 46 D  40 46   7 128 1 109 55
             830 2023  8 12  0 13  6.840 L 1.000 X  45.99883 -130.02650   1.210 X  -9.000   0.300   0.200  -9.000    -18   -9   -9  198  52 -152   45 41  11 40 D  41 52  10 142 1 154 53
             831 2023  8 12 17 53 45.940 L 1.000 X  45.95967 -129.98967   2.120 X  -9.000   0.300   0.200  -9.000    -18   -9   -9  140  32 -172   42 40   8  6 D  38 68   4  92 1  95 35
             832 2023  8 13 13  5 22.850 L 1.000 X  45.92767 -129.98216   1.300 X  -9.000   0.300   0.200  -9.000    -18   -9   -9  348  72  171   32 33   8 25 B  72 43   6 191 1 118 44
             833 2023  8 15 20 36  4.880 L 1.000 X  45.92450 -129.99200   1.160 X  -9.000   0.300   0.200  -9.000    -18   -9   -9  254  59 -167   55 63  10 32 D  44 48   8 144 1  97 53
             834 2023  8 16  0  8 34.920 L 1.000 X  45.96700 -129.99667   1.530 X  -9.000   0.300   0.200  -9.000    -18   -9   -9  226  62  129   42 49   8  4 D  43 51   5 133 1  95 29
             835 2023  8 18 13  7 50.230 L 1.000 X  45.92550 -129.99100   1.010 X  -9.000   0.300   0.200  -9.000    -18   -9   -9  269  56 -134   58 64   8 32 D  32 46   7 156 1 130 57
             836 2023  8 21  5 17 30.660 L 1.000 X  45.92633 -129.98567   1.130 X  -9.000   0.300   0.200  -9.000    -18   -9   -9  168  85  150   31 35   8 15 B  68 47   7 141 1 121 34
             837 2023  8 21 18  4 28.440 L 1.000 X  45.91300 -129.98801   0.670 X  -9.000   0.300   0.200  -9.000    -18   -9   -9  156  75 -180   30 26  10 41 B  77 51   9 162 1 197 62
             838 2023  8 21 18  4 48.920 L 1.000 X  45.91267 -129.98784   0.680 X  -9.000   0.300   0.200  -9.000    -18   -9   -9  167  86 -168   27 30   9 16 B  76 51   8 136 1 199 59
             839 2023  8 21 18 10 23.240 L 1.000 X  45.91283 -129.98784   0.650 X  -9.000   0.300   0.200  -9.000    -18   -9   -9  159  76 -179   30 27  10 40 B  82 53   9 144 1 197 61
             840 2023  8 21 18 10 36.960 L 1.000 X  45.91250 -129.98767   0.630 X  -9.000   0.300   0.200  -9.000    -18   -9   -9  153  89 -164   28 31  10 13 B  73 52   6 155 1 200 58
             841 2023  8 21 18 11 21.620 L 1.000 X  45.91267 -129.98767   0.670 X  -9.000   0.300   0.200  -9.000    -18   -9   -9  156  76 -178   26 23   9 33 A  84 51   8 160 1 198 62
             842 2023  8 21 18 11 31.960 L 1.000 X  45.91217 -129.98784   0.650 X  -9.000   0.300   0.200  -9.000    -18   -9   -9  150  89 -157   25 28   8 18 B  75 52   8 152 1 201 58
             843 2023  8 21 18 11 35.520 L 1.000 X  45.91267 -129.98750   0.690 X  -9.000   0.300   0.200  -9.000    -18   -9   -9  154  68  179   32 29  11 34 B  75 56  11 128 1 199 62
             844 2023  8 21 18 13  2.820 L 1.000 X  45.91217 -129.98767   0.680 X  -9.000   0.300   0.200  -9.000    -18   -9   -9  336  85  166   29 33   8 18 B  72 46   5 160 1 202 64
             845 2023  8 21 18 13 42.960 L 1.000 X  45.91300 -129.98801   0.640 X  -9.000   0.300   0.200  -9.000    -18   -9   -9  346  86  169   25 22  11 16 A  88 57  10 122 1 197 61
             846 2023  8 21 18 15 48.000 L 1.000 X  45.91217 -129.98801   0.690 X  -9.000   0.300   0.200  -9.000    -18   -9   -9  156  88 -168   26 27   8 18 B  81 46   7 163 1 199 62
             847 2023  8 21 18 30 39.080 L 1.000 X  45.91233 -129.98734   0.670 X  -9.000   0.300   0.200  -9.000    -18   -9   -9  341  83  166   40 46   8 20 D  36 57   5 150 1 200 61
             848 2023  8 21 18 32 17.160 L 1.000 X  45.91283 -129.98784   0.620 X  -9.000   0.300   0.200  -9.000    -18   -9   -9  155  82 -177   28 27   8 39 B  79 49   6 158 1 112 62
             849 2023  8 21 18 46 36.340 L 1.000 X  45.91283 -129.98816   0.500 X  -9.000   0.300   0.200  -9.000    -18   -9   -9  316  90  133   33 38   8 26 C  58 75   7  74 1 197 51
             850 2023  8 21 18 48 12.980 L 1.000 X  45.91233 -129.98767   0.680 X  -9.000   0.300   0.200  -9.000    -18   -9   -9  337  87  168   20 22   9 32 A  94 53   8 126 1 201 63
             851 2023  8 21 19 16 37.320 L 1.000 X  45.91283 -129.98801   0.680 X  -9.000   0.300   0.200  -9.000    -18   -9   -9  156  89  172   27 31  11 38 B  73 54   9 154 1 197 58
             852 2023  8 23  9 49 39.640 L 1.000 X  45.97700 -129.99716   1.270 X  -9.000   0.300   0.200  -9.000    -18   -9   -9  155  45  -70   42 42   8 21 D  38 51   7 131 1 100 60
             853 2023  8 23 11  0 34.230 L 1.000 X  45.97717 -129.99716   1.220 X  -9.000   0.300   0.200  -9.000    -18   -9   -9  315  87 -164   48 52   8 57 D  36 46   6 143 1  99 62
             854 2023  8 24  3 53 27.070 L 1.000 X  45.96567 -129.99634   1.280 X  -9.000   0.300   0.200  -9.000    -18   -9   -9  115  82  179   37 30   9 28 B  67 29   9 206 1 106 34
             855 2023  8 24 13 16 20.190 L 1.000 X  45.92300 -129.99117   0.870 X  -9.000   0.300   0.200  -9.000    -18   -9   -9  160  78 -165   45 42  10 16 C  60 46   9 141 1 121 65
             856 2023  8 25 19 39 19.960 L 1.000 X  45.92700 -129.97800   1.270 X  -9.000   0.300   0.200  -9.000    -18   -9   -9  181  87  168   32 32   9  9 B  78 39   8 181 1  74 68
