2022 9 1 9 35 49.830 45.955623 -129.990910 1.818 -1.39 224400000
2022 9 2 6 12 31.910 45.960832 -129.995679 2.068 -1.18 224500002
2022 9 2 7 57 59.200 45.926912 -129.985360 0.894 -1.56 224500004
2022 9 3 17 24 36.540 45.927250 -129.987598 0.885 -1.67 224600001
2022 9 3 22 38 29.820 45.922017 -129.984399 1.277 -1.79 224600002
2022 9 6 12 29 29.390 45.922201 -129.991357 0.732 -1.35 224900009
2022 9 6 21 2 9.520 46.000895 -130.026937 1.436 -1.03 224900021
2022 9 6 22 7 0.880 46.003162 -130.027645 1.309 -0.95 224900022
2022 9 7 1 2 1.340 45.925106 -129.990072 0.999 -1.16 225000003
2022 9 7 1 4 23.550 45.925260 -129.990340 0.868 -1.33 225000004
2022 9 7 6 45 17.960 46.004179 -130.027271 1.280 -1.26 225000022
2022 9 7 11 23 50.270 46.010649 -130.017928 2.931 -1.24 225000036
2022 9 7 11 27 5.470 45.980396 -129.998031 1.609 -1.63 225000037
2022 9 7 13 44 10.850 45.922713 -129.986035 1.047 -1.68 225000042
2022 9 8 12 21 48.000 45.999772 -130.026733 1.349 -1.20 225100018
2022 9 8 22 46 29.120 45.922660 -129.987598 0.842 -1.36 225100036
2022 9 9 8 44 37.960 45.981429 -130.052604 2.161 -1.24 225200005
2022 9 9 9 13 40.600 45.992493 -130.006405 0.325 -1.12 225200006
2022 9 9 11 52 49.240 45.923690 -129.988989 0.875 -1.13 225200008
2022 9 9 11 53 23.770 45.920333 -129.992586 1.157 -1.43 225200010
2022 9 9 11 53 28.130 45.924634 -129.990438 0.773 -1.98 225200011
2022 9 9 11 53 55.950 45.928137 -129.989079 2.012 -1.14 225200012
2022 9 9 12 10 24.070 45.925159 -129.991154 0.985 -0.79 225200017
2022 9 9 12 39 44.860 45.919202 -130.039868 0.441 -1.46 225200025
2022 9 9 15 16 4.680 46.003878 -130.030501 1.069 -0.76 225200031
2022 9 9 18 52 56.340 45.948637 -130.025114 0.211 -1.30 225200040
2022 9 9 18 54 0.760 45.935726 -130.021460 0.692 -1.26 225200042
2022 9 9 22 31 8.080 46.000749 -130.034554 2.206 -0.92 225200056
2022 9 9 23 27 48.920 45.949683 -130.040137 1.394 -1.41 225200058
2022 9 9 23 28 48.000 45.949023 -130.041797 1.850 -1.01 225200060
2022 9 10 0 4 45.910 45.965348 -129.995516 1.388 -0.45 225300000
2022 9 10 0 5 39.720 45.965352 -129.996346 1.396 -1.45 225300001
2022 9 10 0 6 5.780 45.965466 -129.994914 0.960 -1.35 225300003
2022 9 10 0 40 19.370 46.001766 -130.033187 1.189 -0.51 225300005
2022 9 10 15 25 37.250 45.964343 -129.992456 1.096 -1.54 225300042
2022 9 10 18 14 14.780 46.002645 -130.028011 1.267 -0.76 225300047
2022 9 10 18 18 55.640 46.003837 -130.030046 1.462 -1.35 225300048
2022 9 11 1 59 33.010 46.000598 -130.027507 1.250 -1.16 225400002
2022 9 11 3 17 45.290 45.925854 -129.985978 0.998 -1.64 225400003
2022 9 11 3 44 27.150 45.916532 -129.995182 1.341 -1.08 225400006
2022 9 11 4 48 49.550 46.011218 -130.032251 1.470 -1.38 225400010
2022 9 11 4 59 1.890 46.013770 -130.033105 1.537 -1.05 225400012
2022 9 11 5 40 56.400 45.923926 -129.981063 1.497 -1.66 225400013
2022 9 11 11 22 1.290 45.925545 -129.988184 3.706 -1.93 225400025
2022 9 11 13 37 56.430 46.000163 -130.015283 0.848 -1.34 225400035
2022 9 11 14 18 15.000 46.003548 -130.028687 1.386 -1.27 225400040
2022 9 11 18 11 9.360 45.952002 -129.987207 1.726 -1.39 225400052
2022 9 11 20 34 16.360 45.950614 -129.987638 1.836 -1.36 225400056
2022 9 11 23 44 25.180 46.002816 -130.028589 1.514 -1.41 225400059
2022 9 11 23 45 56.880 45.924231 -129.984587 1.001 -1.84 225400060
2022 9 12 2 36 31.680 45.959029 -129.988485 1.304 -1.83 225500000
2022 9 12 2 44 5.220 45.958712 -129.988200 1.299 -1.57 225500001
2022 9 12 5 3 40.830 45.974251 -129.995947 1.803 -1.55 225500045
2022 9 12 5 21 42.280 45.974141 -129.995687 1.757 -1.02 225500050
2022 9 12 5 24 1.390 45.974137 -129.995304 1.411 -1.78 225500051
2022 9 12 5 24 38.930 45.973722 -129.995264 1.618 -1.40 225500052
2022 9 12 5 25 11.510 45.973763 -129.994678 1.745 -1.25 225500053
2022 9 12 5 26 54.120 45.974422 -129.995426 1.334 -1.25 225500054
2022 9 12 5 31 1.220 45.973669 -129.995711 1.616 -1.72 225500055
2022 9 12 22 27 8.080 46.001302 -130.029761 1.655 -1.23 225500062
2022 9 13 0 28 25.680 45.925427 -129.980192 1.183 -1.71 225600000
2022 9 13 2 59 19.300 45.922591 -129.986206 1.146 -1.81 225600002
2022 9 13 5 59 41.600 46.002116 -130.023226 1.824 -0.98 225600005
2022 9 13 8 10 30.640 45.964661 -129.996086 1.330 -1.65 225600006
2022 9 13 18 55 51.320 46.006702 -130.028817 1.517 -1.89 225600013
2022 9 14 3 28 26.220 46.002389 -130.028442 1.557 -1.48 225700003
2022 9 14 5 35 17.330 46.018579 -130.033333 1.304 -1.76 225700004
2022 9 14 5 37 42.460 46.003341 -130.030363 1.632 -1.38 225700005
2022 9 14 5 37 58.790 46.005802 -130.035067 1.527 -1.47 225700006
2022 9 14 5 41 51.350 46.016370 -130.032056 1.740 -0.80 225700007
2022 9 14 6 9 10.560 46.017696 -130.032528 1.623 -1.78 225700008
2022 9 14 7 25 27.260 45.998547 -130.026514 1.281 -0.16 225700020
2022 9 14 10 2 26.290 45.999589 -130.029468 1.448 -0.60 225700031
2022 9 14 12 29 48.220 45.917078 -129.990991 0.784 -2.00 225700032
2022 9 14 14 0 2.920 45.998352 -130.026123 1.221 -1.45 225700033
2022 9 14 14 57 31.510 46.000313 -130.026685 1.155 -1.16 225700034
2022 9 14 16 27 9.640 45.924500 -129.992196 0.865 -1.64 225700036
2022 9 15 1 23 16.390 45.915645 -129.989388 0.813 -1.56 225800010
2022 9 15 1 34 18.440 45.915942 -129.989844 0.846 -1.81 225800012
2022 9 15 1 57 34.510 46.001766 -130.027474 1.469 -1.69 225800013
2022 9 15 2 20 40.270 45.915788 -129.989193 0.964 -1.53 225800014
2022 9 15 4 59 38.560 45.998230 -130.027791 1.287 -1.50 225800015
2022 9 15 6 34 48.180 45.978874 -129.996777 1.339 -1.80 225800017
2022 9 15 13 48 40.910 45.925077 -129.982463 1.291 -2.00 225800052
2022 9 16 3 56 30.290 45.926912 -129.986328 1.179 -2.00 225900002
2022 9 16 4 33 9.050 45.927026 -129.988883 0.857 -1.90 225900004
2022 9 16 5 40 15.320 46.001701 -130.022453 1.653 -1.51 225900005
2022 9 16 6 59 58.160 45.952429 -129.986694 1.765 -1.75 225900008
2022 9 16 11 13 58.520 46.002372 -130.027808 1.447 -0.95 225900012
2022 9 16 12 29 24.800 45.911857 -130.014779 0.208 -1.57 225900014
2022 9 16 14 2 0.550 45.939062 -129.987899 1.240 -1.67 225900018
2022 9 16 21 55 9.960 46.001058 -130.027694 1.378 -1.60 225900025
2022 9 17 3 50 7.990 46.001774 -130.028784 1.423 -1.25 226000002
2022 9 17 5 53 43.340 45.922367 -129.995288 0.869 -1.87 226000004
2022 9 17 5 53 49.770 45.922253 -129.995020 0.762 -1.46 226000005
2022 9 17 6 27 8.140 45.924703 -129.991162 0.829 -1.57 226000008
2022 9 17 9 31 11.430 45.956836 -129.992261 1.294 -1.44 226000010
2022 9 17 9 45 38.180 45.965177 -129.992310 1.262 -1.23 226000011
2022 9 17 9 46 48.860 46.002441 -130.027669 1.536 -1.71 226000012
2022 9 17 16 8 41.500 45.997184 -130.016268 1.885 -1.12 226000018
2022 9 17 20 34 0.480 45.924451 -129.990283 0.889 -1.67 226000019
2022 9 18 1 1 3.670 45.921370 -129.990706 0.890 -1.58 226100000
2022 9 18 5 24 45.220 45.990287 -130.005916 1.695 -1.02 226100004
2022 9 18 6 34 48.250 46.000903 -130.029028 1.402 -1.01 226100008
2022 9 18 7 29 8.070 46.000692 -130.026831 1.501 -1.36 226100010
2022 9 18 7 51 36.710 45.930481 -129.974601 2.904 -1.46 226100013
2022 9 18 12 29 6.310 46.008919 -130.029793 0.940 -0.60 226100030
2022 9 18 15 22 21.250 45.923279 -129.990308 0.798 -2.00 226100035
2022 9 19 12 1 37.660 46.003227 -130.022152 1.212 -0.84 226200118
2022 9 19 20 33 44.320 45.950509 -130.028532 0.408 -1.25 226200381
2022 9 20 2 10 27.660 45.939018 -130.020239 3.024 -1.81 226300013
2022 9 20 9 12 18.700 45.977429 -129.997575 1.619 -1.10 226300040
2022 9 20 16 10 28.080 45.923376 -129.990422 0.833 -0.63 226300059
2022 9 20 16 12 6.680 45.922595 -129.990137 0.819 -2.00 226300060
2022 9 20 16 13 2.880 45.923332 -129.990194 0.830 -1.26 226300061
2022 9 20 16 17 22.400 45.923324 -129.989990 0.870 -1.55 226300062
2022 9 20 16 23 11.520 45.923067 -129.990413 0.714 -1.60 226300063
2022 9 20 16 29 17.230 45.923234 -129.990259 0.868 -1.95 226300064
2022 9 20 16 34 29.600 45.923665 -129.989901 0.846 -1.20 226300065
2022 9 20 17 25 43.820 45.995516 -130.026090 0.782 -1.67 226300068
2022 9 20 18 19 24.440 45.923360 -129.990129 0.827 -1.87 226300076
2022 9 20 23 50 12.160 46.005400 -130.037948 0.544 -1.18 226300116
2022 9 21 0 17 36.470 46.000334 -130.029370 1.804 -1.88 226400017
2022 9 21 0 52 6.370 45.989001 -130.010962 0.403 -0.99 226400054
2022 9 21 1 4 5.210 45.989876 -130.011328 0.178 -1.14 226400066
2022 9 21 1 7 5.260 46.001762 -130.033089 0.504 -0.96 226400069
2022 9 21 2 14 58.880 46.002161 -129.993473 0.301 -0.94 226400137
2022 9 21 2 45 56.260 46.003548 -129.991439 0.708 -1.17 226400156
2022 9 21 2 54 55.660 45.988289 -130.005981 0.392 -1.32 226400163
2022 9 21 3 9 54.420 45.987891 -130.007170 0.383 -1.57 226400169
2022 9 21 3 10 54.610 45.987638 -130.019938 1.167 -1.22 226400170
2022 9 21 4 28 47.660 45.973446 -129.980168 1.187 -1.30 226400222
2022 9 21 4 45 45.970 45.907125 -129.947957 0.687 -0.71 226400240
2022 9 21 5 17 44.280 45.973165 -129.978141 0.470 -1.29 226400276
2022 9 21 5 23 44.370 45.992505 -129.972298 2.908 -1.37 226400280
2022 9 21 5 27 44.790 45.984477 -129.965788 3.582 -1.15 226400284
2022 9 21 5 48 46.830 45.981856 -129.980990 1.455 -1.32 226400304
2022 9 21 5 55 5.280 45.922823 -129.978092 1.750 -2.00 226400311
2022 9 21 6 50 53.120 46.001754 -130.003662 0.272 -1.08 226400347
2022 9 21 7 1 54.510 45.998637 -130.037972 0.487 -1.29 226400355
2022 9 21 9 33 0.400 45.981287 -129.987598 0.924 -1.12 226400402
2022 9 21 10 49 57.760 46.004614 -130.029557 2.045 -1.38 226400418
2022 9 21 11 2 57.310 45.976436 -129.972770 1.029 -1.29 226400423
2022 9 21 11 22 57.250 45.994425 -130.041390 0.240 -1.36 226400428
2022 9 21 11 41 46.130 46.010714 -130.036621 1.057 -0.50 226400434
2022 9 21 11 59 26.050 45.946134 -129.992741 1.394 -1.55 226400439
2022 9 21 12 1 53.940 46.004960 -130.028768 1.807 -0.69 226400441
2022 9 21 12 18 33.840 45.927035 -129.985116 0.984 -1.63 226400452
2022 9 21 12 23 43.860 45.927458 -129.985034 0.923 -1.53 226400458
2022 9 21 12 23 55.760 46.010929 -130.032178 1.325 -1.24 226400459
2022 9 21 12 40 4.220 45.921362 -129.979102 0.563 -0.99 226400468
2022 9 21 12 49 55.390 45.994271 -130.049658 0.209 -1.14 226400475
2022 9 21 12 55 55.290 45.994120 -130.050195 0.209 -1.18 226400478
2022 9 21 13 16 54.700 46.003593 -130.014258 3.147 -1.31 226400485
2022 9 21 13 24 54.090 46.005033 -130.008740 0.229 -0.85 226400487
2022 9 21 13 51 54.250 45.987040 -130.021167 0.008 -1.08 226400494
2022 9 21 14 6 54.430 45.990755 -130.051009 0.089 -1.53 226400498
2022 9 21 14 28 52.110 45.998812 -130.001546 1.867 -1.33 226400510
2022 9 21 14 31 53.020 46.000106 -130.043099 0.351 -1.16 226400514
2022 9 21 14 33 52.840 45.988460 -130.020589 0.065 -1.49 226400515
2022 9 21 14 34 53.150 45.999080 -130.040918 0.186 -1.39 226400516
2022 9 21 14 41 53.140 45.989587 -130.018587 0.069 -1.23 226400520
2022 9 21 14 49 53.980 45.992887 -130.053727 0.105 -1.44 226400528
2022 9 21 14 51 53.620 45.987703 -130.018107 0.197 -1.15 226400531
2022 9 21 14 52 53.590 45.995211 -130.003784 3.157 -1.39 226400532
2022 9 21 14 53 53.580 46.005933 -130.008830 0.850 -1.25 226400533
2022 9 21 14 56 54.090 45.985067 -129.995841 0.704 -1.10 226400536
2022 9 21 15 2 54.020 46.004529 -130.046859 0.459 -1.24 226400542
2022 9 21 15 6 53.950 45.989840 -130.017830 0.203 -1.13 226400545
2022 9 21 17 29 54.080 45.997087 -130.015796 2.413 -1.41 226400555
2022 9 21 17 30 5.800 45.996781 -130.016659 2.670 -2.00 226400556
2022 9 21 18 48 47.960 45.950317 -130.044580 2.015 -1.22 226400560
2022 9 21 20 3 17.660 46.004378 -130.029272 1.288 -0.86 226400562
2022 9 21 20 37 23.600 45.926180 -129.983870 1.253 -1.75 226400565
2022 9 21 22 22 59.140 46.016650 -130.030037 2.011 -1.33 226400571
2022 9 22 2 0 50.320 45.951314 -130.041740 1.221 -1.78 226500009
2022 9 22 2 5 45.730 45.951624 -130.040389 1.933 -1.72 226500010
2022 9 22 2 9 59.150 45.958423 -129.987378 1.800 -1.41 226500011
2022 9 22 9 43 43.870 46.002848 -130.028003 1.361 -1.00 226500031
2022 9 22 11 34 8.790 45.910063 -129.980884 3.444 -1.30 226500033
2022 9 22 11 40 41.230 46.013123 -130.035791 1.401 -1.17 226500034
2022 9 22 14 4 4.140 46.001355 -130.027189 1.231 -0.90 226500035
2022 9 22 14 57 18.360 46.005013 -130.028223 1.105 -1.19 226500039
2022 9 22 14 59 1.190 46.006209 -130.031559 0.964 -0.46 226500040
2022 9 22 15 53 39.410 45.912297 -129.989014 0.535 -1.61 226500042
2022 9 22 15 53 44.870 45.904883 -129.982267 2.540 -1.18 226500043
2022 9 22 15 57 33.340 45.912577 -129.988224 0.632 -1.58 226500044
2022 9 22 16 2 37.700 45.911963 -129.987736 0.585 -1.52 226500045
2022 9 22 16 5 27.890 45.912061 -129.989811 0.533 -1.89 226500046
2022 9 22 16 6 6.170 45.912797 -129.988216 0.623 -1.39 226500047
2022 9 22 16 12 59.650 45.906775 -129.982438 2.418 -1.65 226500048
2022 9 22 16 17 10.350 45.912427 -129.988127 0.646 -1.46 226500049
2022 9 22 16 23 34.300 45.912366 -129.989071 0.466 -1.90 226500052
2022 9 22 16 25 38.440 45.922835 -129.990348 0.987 -1.95 226500053
2022 9 22 16 26 15.780 45.922611 -129.991650 0.941 -1.49 226500054
2022 9 22 17 21 19.560 45.912651 -129.987915 0.638 -1.22 226500057
2022 9 22 17 33 46.580 45.912231 -129.988892 0.582 -1.27 226500059
2022 9 22 20 14 16.480 45.923730 -129.991374 0.887 -2.00 226500060
2022 9 22 20 35 36.400 46.004114 -130.030363 1.485 -1.41 226500061
2022 9 22 20 58 18.520 45.922298 -129.986125 1.024 -1.91 226500062
2022 9 22 23 56 13.160 46.005550 -130.025928 0.724 -1.37 226500065
2022 9 23 8 7 20.910 45.925338 -129.985384 1.057 -1.95 226600001
2022 9 23 13 0 18.170 45.922839 -129.966317 1.454 -1.43 226600005
2022 9 23 13 54 29.640 46.003206 -130.029574 1.549 -1.19 226600009
2022 9 23 14 3 14.520 45.927535 -130.009896 1.585 -1.74 226600011
2022 9 23 16 39 51.270 45.998531 -130.037256 0.135 -1.27 226600016
2022 9 24 0 28 10.100 46.005318 -130.030737 1.586 -1.84 226700000
2022 9 24 1 23 44.240 45.944963 -130.021021 1.740 -0.63 226700001
2022 9 24 6 21 37.600 45.941679 -130.019800 1.166 -1.74 226700005
2022 9 24 7 40 27.590 45.924215 -129.989119 0.684 -1.94 226700006
2022 9 24 9 22 47.880 45.998604 -130.026815 1.055 -1.52 226700009
2022 9 24 10 50 3.520 45.963440 -129.995036 1.484 -1.55 226700012
2022 9 24 14 16 17.930 45.952409 -130.039469 1.851 -1.52 226700015
2022 9 24 14 44 14.390 45.950985 -130.041764 2.156 -1.01 226700017
2022 9 24 22 26 57.400 46.000631 -130.027441 1.278 -1.82 226700027
2022 9 25 3 12 14.370 45.924109 -129.978084 1.326 -1.26 226800001
2022 9 25 6 36 45.990 46.004451 -130.030143 1.503 -0.32 226800002
2022 9 25 6 36 54.530 46.003723 -130.028597 1.443 -0.50 226800004
2022 9 25 6 37 6.390 46.003723 -130.029411 1.493 0.30 226800005
2022 9 25 6 37 30.700 46.004419 -130.029085 1.393 -1.26 226800006
2022 9 25 6 37 42.300 45.999992 -130.024146 1.501 -0.16 226800007
2022 9 25 6 37 42.350 46.000977 -130.026554 1.260 -1.09 226800008
2022 9 25 6 38 12.440 46.003715 -130.029500 1.377 -0.83 226800011
2022 9 25 6 38 42.920 46.004724 -130.029989 1.342 -1.45 226800012
2022 9 25 6 43 29.630 46.002368 -130.028353 1.462 -1.49 226800014
2022 9 25 7 45 26.940 46.004696 -130.030599 1.781 -0.66 226800015
2022 9 25 7 51 22.310 46.004358 -130.029614 1.410 -1.69 226800016
2022 9 25 9 59 43.280 45.923515 -129.986442 1.002 -1.92 226800017
2022 9 25 10 49 50.640 45.939758 -129.988167 0.924 -1.91 226800018
2022 9 25 22 32 13.200 46.001786 -130.026912 1.118 -1.26 226800024
2022 9 26 13 55 28.570 46.002283 -130.022550 1.113 -0.66 226900014
2022 9 26 13 55 53.450 46.002791 -130.023039 1.565 -1.25 226900015
2022 9 26 17 40 27.960 46.005900 -130.029964 1.550 -0.78 226900018
2022 9 26 17 45 21.960 46.002917 -130.028809 1.487 -1.34 226900019
2022 9 26 20 34 46.220 45.993042 -130.017163 1.164 -0.75 226900021
2022 9 27 1 28 47.790 46.001961 -130.029508 1.465 -0.98 227000001
2022 9 27 7 34 27.070 45.988273 -130.005640 1.785 -1.29 227000014
2022 9 27 8 11 15.320 45.924540 -129.985815 0.923 -2.00 227000016
2022 9 27 13 36 23.760 45.923999 -130.020711 1.094 -1.50 227000025
2022 9 27 17 18 56.400 45.917342 -129.996053 1.020 -1.56 227000027
2022 9 27 18 52 59.480 45.960685 -129.993416 1.158 -1.52 227000031
2022 9 27 23 7 28.040 45.954830 -129.988232 1.907 -0.87 227000045
2022 9 27 23 9 37.200 45.955192 -129.988151 1.886 -0.70 227000046
2022 9 27 23 13 7.300 45.956006 -129.987288 1.246 -1.30 227000049
2022 9 28 1 43 48.030 45.926347 -129.985148 0.965 -1.64 227100003
2022 9 28 4 6 10.990 45.926599 -129.986922 1.064 -1.82 227100006
2022 9 28 4 55 0.980 45.958403 -129.988175 2.026 -1.40 227100007
2022 9 28 4 55 10.990 45.958960 -129.987646 1.887 -1.76 227100008
2022 9 28 4 56 8.590 45.958915 -129.988110 1.357 -1.61 227100010
2022 9 28 4 56 18.550 45.958956 -129.960824 0.038 -1.27 227100011
2022 9 28 4 56 38.040 45.958907 -129.987166 1.286 -1.58 227100013
2022 9 28 4 56 50.490 45.958679 -129.988249 2.044 -1.28 227100014
2022 9 28 4 56 58.530 45.958748 -129.988281 1.276 -1.58 227100015
2022 9 28 4 57 13.460 45.958883 -129.988460 1.939 -1.21 227100016
2022 9 28 4 57 18.480 45.959045 -129.987581 1.368 -1.13 227100017
2022 9 28 4 57 21.800 45.958748 -129.988314 1.994 -0.97 227100018
2022 9 28 4 58 24.170 45.958720 -129.987671 1.195 -1.67 227100020
2022 9 28 4 58 41.920 45.958639 -129.987972 2.002 -1.05 227100021
2022 9 28 4 58 45.100 45.958899 -129.987695 1.360 -1.42 227100022
2022 9 28 4 58 54.980 45.958899 -129.987826 1.388 -1.49 227100023
2022 9 28 4 58 58.280 45.958862 -129.987720 1.597 -1.59 227100024
2022 9 28 4 59 0.970 45.959733 -129.986507 0.968 -1.74 227100025
2022 9 28 4 59 12.940 45.958988 -129.987964 1.838 -1.40 227100026
2022 9 28 4 59 37.650 45.958956 -129.987516 1.361 -1.75 227100028
2022 9 28 5 1 4.870 45.958887 -129.987842 1.361 -1.81 227100029
2022 9 28 5 1 18.270 45.958309 -129.988542 1.238 -1.63 227100030
2022 9 28 5 2 15.970 45.959086 -129.987598 1.315 -1.92 227100031
2022 9 28 5 6 9.620 45.959029 -129.988021 1.240 -1.39 227100032
2022 9 28 5 8 10.010 45.958940 -129.987842 1.358 -1.48 227100033
2022 9 28 5 8 15.140 45.958561 -129.987834 1.997 -1.32 227100034
2022 9 28 5 10 18.370 46.000712 -129.980786 1.171 -1.90 227100035
2022 9 28 5 17 19.220 45.958565 -129.989762 1.302 -1.14 227100036
2022 9 28 5 19 30.370 45.958427 -129.987443 2.095 -1.83 227100038
2022 9 28 5 21 21.360 45.958472 -129.988420 1.502 -1.75 227100040
2022 9 28 6 6 16.690 45.958130 -129.988273 1.896 -1.44 227100043
2022 9 28 7 19 7.910 46.002865 -130.029948 1.565 -1.58 227100045
2022 9 28 14 35 25.010 45.956099 -129.987134 1.190 -1.43 227100051
2022 9 28 23 3 48.360 45.997636 -130.015983 1.968 -1.11 227100058
2022 9 28 23 43 44.400 46.001827 -130.027734 1.284 -1.64 227100059
2022 9 29 9 31 56.330 45.979272 -130.047835 1.319 -0.44 227200022
2022 9 29 15 13 19.180 45.985376 -130.005249 0.088 -0.99 227200142
2022 9 29 16 3 22.620 46.001799 -130.018522 1.445 -1.12 227200193
2022 9 29 16 9 23.440 45.970223 -130.016488 1.439 -1.08 227200198
2022 9 29 19 14 28.520 45.990649 -130.032397 0.278 -1.19 227200376
2022 9 29 23 47 9.760 45.974125 -130.026831 0.209 -1.14 227200456
2022 9 29 23 49 9.440 45.973657 -130.009961 0.589 -1.08 227200458
2022 9 30 0 4 6.990 46.003837 -130.020199 0.443 -0.95 227300006
2022 9 30 4 16 47.550 45.926815 -129.987337 1.035 -2.00 227300043
2022 9 30 5 7 57.310 46.003870 -130.029663 0.236 -0.92 227300046
2022 9 30 5 57 26.560 46.008276 -130.023340 0.506 -1.20 227300075
2022 9 30 6 2 37.890 46.000602 -130.026392 1.358 -1.22 227300084
2022 9 30 6 4 26.930 46.000704 -130.026392 1.315 -1.04 227300088
2022 9 30 7 46 36.230 45.955847 -130.038232 3.265 -1.43 227300103
2022 9 30 8 47 34.970 46.001078 -130.027319 1.565 -1.26 227300104
2022 9 30 14 39 52.540 45.988965 -130.017269 2.805 -1.19 227300116
2022 9 30 16 57 24.090 46.003097 -130.000675 0.432 -1.47 227300231
2022 9 30 17 7 55.420 46.001595 -130.022811 0.217 -1.26 227300250
2022 9 30 19 43 3.100 45.987541 -130.036540 0.096 -0.99 227300463
2022 9 30 19 44 1.360 46.023438 -130.017074 0.542 -0.95 227300466
2022 9 30 19 54 4.400 45.986589 -130.025627 1.442 -1.17 227300487
2022 9 30 20 0 33.920 45.998303 -130.053369 0.194 -1.06 227300500
2022 10 1 1 18 46.180 46.005994 -130.027246 1.735 -1.47 227400000
2022 10 1 8 59 44.950 45.922693 -129.976603 1.223 -1.99 227400062
2022 10 1 9 19 27.980 45.921655 -129.987972 0.861 -1.82 227400063
2022 10 1 9 19 37.310 45.921301 -129.987801 0.865 -1.91 227400064
2022 10 1 9 50 8.050 45.937842 -129.991553 1.123 -0.80 227400076
2022 10 1 11 18 4.250 46.007442 -130.029712 1.861 -0.85 227400157
2022 10 1 12 31 28.700 45.921594 -129.983667 2.593 -1.82 227400183
2022 10 1 17 14 4.000 46.004346 -130.027791 1.597 -0.65 227400220
2022 10 1 18 13 52.480 45.998185 -130.026693 1.276 -1.00 227400222
2022 10 1 19 16 37.960 45.920813 -129.990275 0.810 -1.93 227400223
2022 10 1 19 18 16.040 45.919971 -129.989014 0.916 -2.00 227400224
2022 10 1 19 18 29.660 45.919328 -129.986906 1.302 -1.99 227400225
2022 10 1 19 21 59.520 45.919596 -129.988940 0.920 -1.45 227400227
2022 10 1 19 22 51.120 45.920581 -129.989152 0.951 -1.67 227400228
2022 10 1 19 23 12.400 45.920325 -129.990470 0.905 -1.54 227400229
2022 10 1 19 42 0.320 45.920695 -129.988721 1.160 -1.63 227400233
2022 10 1 19 58 57.760 45.919906 -129.988501 1.040 -1.78 227400238
2022 10 1 21 5 28.640 45.920296 -129.975439 1.431 -1.67 227400243
2022 10 1 21 9 2.120 45.917615 -129.967879 1.549 -1.73 227400244
2022 10 1 22 29 18.500 45.924650 -129.991724 0.805 -1.88 227400245
2022 10 2 8 24 18.510 45.926591 -129.988045 1.110 -1.31 227500024
2022 10 2 9 6 30.810 45.923039 -129.989966 0.946 -1.75 227500025
2022 10 2 9 9 7.060 45.923755 -129.989705 0.897 -2.00 227500027
2022 10 2 9 29 34.860 45.923698 -129.990186 0.767 -1.86 227500028
2022 10 2 10 2 40.050 45.924479 -129.991504 0.595 -1.83 227500030
2022 10 2 15 19 57.990 46.017843 -130.037085 1.589 -0.80 227500043
2022 10 2 18 32 36.700 46.004529 -130.028467 1.758 -0.94 227500053
2022 10 2 18 52 1.520 46.002148 -130.027629 1.272 -1.28 227500054
2022 10 2 19 43 10.640 46.003129 -130.028361 1.640 -1.32 227500055
2022 10 2 20 7 33.920 45.920736 -129.986735 0.911 -2.00 227500056
2022 10 2 20 45 56.720 45.922257 -129.987687 0.939 -1.68 227500058
2022 10 2 22 56 17.200 45.923824 -129.985254 0.979 -1.97 227500062
2022 10 2 23 27 12.840 45.923775 -129.951733 0.157 -1.72 227500064
2022 10 3 6 49 44.280 45.924984 -129.983813 1.244 -2.00 227600006
2022 10 3 8 34 3.730 45.986849 -130.004891 1.920 -1.49 227600007
2022 10 3 9 15 55.360 46.014140 -130.037882 1.416 -1.01 227600008
2022 10 3 9 35 39.310 45.962557 -129.995369 1.703 -0.85 227600009
2022 10 3 12 39 49.470 45.939050 -129.987703 1.386 -1.46 227600011
2022 10 3 13 47 25.980 45.920003 -129.988794 0.795 -2.00 227600012
2022 10 3 15 12 10.640 45.912687 -129.983757 1.302 -1.50 227600014
2022 10 3 15 36 8.210 45.921891 -129.979915 1.169 -1.35 227600015
2022 10 3 16 39 36.270 46.004207 -130.029614 1.344 -1.29 227600016
2022 10 3 17 7 12.440 46.000464 -130.028735 1.532 -1.80 227600017
2022 10 3 19 5 52.000 45.940238 -130.019051 1.291 -2.00 227600018
2022 10 4 4 58 18.850 45.924174 -129.990755 0.884 -1.97 227700014
2022 10 4 5 28 44.130 46.003894 -130.025789 1.647 -1.39 227700016
2022 10 4 5 29 2.590 46.004822 -130.026335 1.676 -1.44 227700017
2022 10 4 5 50 54.140 45.925085 -129.982886 0.627 -1.52 227700018
2022 10 4 6 21 56.030 46.002726 -130.029460 1.595 -0.72 227700021
2022 10 4 6 25 11.420 45.984119 -129.997282 0.463 -0.95 227700023
2022 10 4 6 37 55.150 46.002889 -130.028979 1.586 -1.22 227700025
2022 10 4 8 37 2.670 46.011926 -130.029102 1.933 -1.12 227700038
2022 10 4 8 39 38.440 46.012842 -130.031087 1.722 -1.08 227700040
2022 10 4 8 42 35.530 46.011548 -130.029997 1.802 -0.36 227700041
2022 10 4 8 46 10.270 46.013127 -130.031274 2.112 -1.02 227700042
2022 10 4 9 2 30.330 46.012272 -130.031242 1.812 -1.05 227700044
2022 10 4 9 39 25.160 45.961414 -129.990120 1.307 -1.44 227700046
2022 10 4 16 57 5.530 45.924646 -129.976912 1.267 -1.57 227700054
2022 10 5 4 13 17.680 45.942712 -130.013867 0.629 -1.11 227800004
2022 10 5 8 47 38.070 45.947685 -129.992749 1.498 -1.68 227800009
2022 10 5 10 23 1.500 45.959208 -129.988867 1.357 -1.34 227800012
2022 10 5 16 29 59.540 45.917004 -129.987199 2.141 -1.56 227800022
2022 10 5 17 16 12.680 45.992749 -130.014811 1.497 -1.64 227800027
2022 10 5 18 58 24.100 45.923063 -129.988289 1.034 -1.93 227800033
2022 10 5 19 23 0.480 46.006258 -130.027384 1.501 -1.23 227800034
2022 10 5 22 32 8.680 46.002218 -130.027450 1.237 -1.22 227800036
2022 10 6 0 57 34.110 45.920443 -129.975244 1.503 -1.06 227900003
2022 10 6 5 20 26.650 46.002734 -130.028117 1.334 -1.32 227900027
2022 10 6 5 57 11.630 46.001318 -130.027214 1.258 -1.32 227900028
2022 10 6 5 57 15.700 46.002494 -130.030005 1.484 -1.31 227900029
2022 10 6 11 6 37.570 45.926282 -129.987581 1.276 -1.06 227900043
2022 10 6 11 12 52.820 45.927006 -129.989176 0.984 -1.52 227900044
2022 10 6 11 39 12.300 45.922611 -129.989551 0.917 -1.72 227900045
2022 10 6 15 34 46.330 46.000354 -130.027856 1.431 -1.34 227900052
2022 10 6 15 57 53.270 45.924524 -129.987183 0.981 -1.79 227900054
2022 10 6 19 35 11.200 45.919515 -129.989437 0.836 -1.06 227900061
2022 10 7 2 9 8.570 46.001660 -130.023739 1.352 -1.41 228000001
2022 10 7 2 16 1.040 45.997559 -129.995125 2.996 -1.24 228000002
2022 10 7 3 54 10.620 46.000932 -130.027881 1.429 -1.20 228000006
2022 10 7 13 6 41.990 45.955033 -129.987882 1.747 -1.70 228000022
2022 10 7 13 9 51.950 45.955546 -129.986548 1.945 -1.65 228000023
2022 10 7 13 24 32.700 46.001493 -130.028442 1.265 -1.08 228000025
2022 10 7 13 25 16.960 45.999666 -130.024699 1.958 -1.18 228000027
2022 10 7 13 29 49.860 45.954728 -129.987817 1.885 -1.33 228000028
2022 10 7 13 33 11.590 45.955570 -129.986328 2.107 -1.24 228000029
2022 10 7 13 41 55.570 45.955656 -129.987362 1.835 -1.34 228000031
2022 10 7 13 49 57.810 45.954952 -129.988241 1.960 -1.25 228000034
2022 10 7 13 57 18.730 46.003707 -130.023128 1.450 -0.70 228000035
2022 10 7 14 5 3.010 45.955514 -129.987150 1.738 -1.76 228000036
2022 10 7 14 9 3.470 45.955151 -129.986735 2.046 -0.89 228000038
2022 10 7 14 13 32.170 45.955176 -129.987915 1.965 -1.34 228000040
2022 10 7 14 23 35.160 45.926115 -129.986426 0.876 -2.00 228000041
2022 10 7 14 28 33.480 45.956209 -129.986442 0.966 -1.22 228000043
2022 10 7 14 29 10.800 45.956478 -129.986987 1.373 -1.66 228000044
2022 10 7 14 32 18.740 45.955265 -129.987524 1.885 -1.58 228000045
2022 10 7 14 37 36.100 45.955444 -129.986165 1.785 -1.25 228000046
2022 10 7 14 37 57.090 45.955050 -129.987549 2.021 -1.29 228000047
2022 10 7 15 16 36.900 45.954944 -129.987248 1.797 -1.41 228000050
2022 10 7 16 18 18.730 45.966703 -129.993612 1.925 -1.46 228000053
2022 10 7 18 11 3.880 45.950191 -130.040625 2.436 -1.71 228000055
2022 10 7 18 11 10.040 45.948905 -130.042993 1.541 -1.63 228000056
2022 10 7 22 55 57.760 45.956490 -129.986995 1.399 -1.67 228000062
2022 10 8 2 57 46.350 45.962561 -130.025602 0.274 -1.84 228100008
2022 10 8 4 5 7.380 45.925004 -129.991178 0.900 -1.51 228100011
2022 10 8 4 10 6.460 45.914921 -129.997599 1.911 -2.00 228100013
2022 10 8 4 18 3.460 46.002124 -130.031258 1.747 -0.74 228100014
2022 10 8 4 18 12.040 46.001473 -130.030103 1.645 -0.73 228100015
2022 10 8 4 18 42.740 46.004277 -130.034196 2.290 -0.91 228100016
2022 10 8 11 1 6.240 46.004521 -130.026164 1.892 -1.33 228100032
2022 10 8 11 12 40.200 46.003121 -130.025098 0.979 -1.12 228100034
2022 10 8 12 41 31.040 45.954985 -129.989087 1.898 -1.29 228100039
2022 10 8 13 57 33.770 45.986068 -130.001237 0.729 -1.42 228100050
2022 10 8 15 22 45.290 45.965035 -129.994735 1.843 -1.84 228100058
2022 10 8 23 30 55.000 46.003805 -130.025700 1.692 -1.22 228100078
2022 10 9 2 3 58.440 45.958049 -129.989193 1.161 -1.83 228200015
2022 10 9 7 40 6.120 45.924377 -129.975130 1.304 -1.18 228200052
2022 10 9 10 18 38.310 45.995911 -130.023665 1.371 -1.85 228200064
2022 10 9 13 15 41.930 45.961898 -129.994694 1.562 -1.30 228200070
2022 10 10 1 22 1.000 45.943502 -129.979565 1.555 -1.00 228300008
2022 10 10 1 22 36.410 45.943587 -129.979980 1.563 -0.50 228300009
2022 10 10 1 47 7.950 46.004858 -130.025806 1.636 -0.29 228300015
2022 10 10 2 0 0.140 45.939176 -129.963688 0.233 -1.18 228300017
2022 10 10 2 19 55.370 45.948108 -129.983683 1.519 -1.13 228300021
2022 10 10 2 25 15.560 46.006388 -130.030697 1.389 -0.98 228300022
2022 10 10 2 31 50.340 45.948885 -129.983130 1.553 -0.96 228300025
2022 10 10 3 26 48.640 45.940849 -130.017546 0.992 -1.64 228300039
2022 10 11 0 20 46.350 45.935758 -130.018994 1.046 -1.73 228400000
2022 10 11 1 1 7.070 45.940499 -130.018441 1.158 -1.81 228400001
2022 10 11 2 37 36.450 45.939168 -129.977824 1.518 -1.15 228400013
2022 10 11 2 37 42.930 45.939278 -129.977669 1.618 -1.39 228400014
2022 10 11 2 37 45.770 45.938708 -129.977214 1.548 -1.16 228400015
2022 10 11 2 37 59.930 45.939079 -129.977132 1.499 -1.49 228400016
2022 10 11 2 41 39.550 45.939673 -129.976782 1.523 -1.46 228400018
2022 10 11 2 41 42.880 45.938855 -129.976847 1.535 -1.44 228400019
2022 10 11 2 42 44.100 45.937907 -129.975903 1.602 -1.26 228400021
2022 10 11 3 18 37.450 45.911369 -129.992660 1.165 -0.98 228400026
2022 10 11 5 40 12.440 45.921688 -129.985433 3.555 -1.70 228400038
2022 10 11 8 28 0.000 45.924060 -129.983781 0.891 -1.91 228400053
2022 10 11 8 28 15.340 45.923975 -129.983366 1.040 -1.36 228400054
2022 10 11 17 14 21.120 45.923104 -129.984774 1.184 -1.87 228400162
2022 10 11 18 56 49.040 45.939893 -130.018034 1.338 0.33 228400166
2022 10 11 18 57 7.980 45.941366 -130.013363 0.617 -1.43 228400167
2022 10 11 18 58 25.440 45.941064 -130.017952 1.037 -1.51 228400169
2022 10 11 18 59 58.360 45.940096 -130.017521 1.257 -1.71 228400170
2022 10 11 19 57 32.000 46.009497 -130.029858 1.442 -0.97 228400171
2022 10 11 23 31 25.880 46.001208 -130.027572 1.369 -0.86 228400182
2022 10 11 23 32 54.860 46.002653 -130.029329 1.531 -0.79 228400183
2022 10 12 3 39 34.250 45.943652 -130.018457 1.382 -1.51 228500009
2022 10 12 7 54 20.220 45.989783 -130.013102 2.988 -1.69 228500016
2022 10 12 7 54 22.970 45.974890 -129.995687 1.862 -1.44 228500017
2022 10 12 9 43 45.060 45.959985 -129.988216 2.032 -1.23 228500020
2022 10 12 11 33 54.100 45.923584 -129.979362 2.506 -1.59 228500023
2022 10 12 12 26 49.280 45.947652 -129.987834 1.585 -1.27 228500026
2022 10 12 16 28 59.380 45.924809 -129.992318 0.886 -1.55 228500031
2022 10 12 16 30 10.240 45.924386 -129.991789 1.054 -1.54 228500032
2022 10 12 16 39 40.560 46.003829 -130.024154 1.466 -1.35 228500035
2022 10 12 19 36 41.560 45.922583 -129.996183 0.811 -2.00 228500056
2022 10 13 5 4 47.820 45.959798 -129.988184 1.441 -1.64 228600044
2022 10 13 5 10 29.320 45.959599 -129.987874 1.484 -1.67 228600046
2022 10 13 7 16 34.220 45.964530 -129.993685 1.960 -1.77 228600053
2022 10 13 11 4 16.430 45.927091 -129.986759 1.306 -1.70 228600065
2022 10 14 6 3 19.100 45.958875 -129.988501 1.463 -1.42 228700026
2022 10 14 6 8 21.590 45.925765 -129.988729 0.797 -1.35 228700027
2022 10 14 6 13 35.520 45.923238 -129.989730 0.925 -1.29 228700028
2022 10 14 6 24 36.370 45.925334 -129.989355 0.982 -0.95 228700029
2022 10 14 7 4 9.680 45.959005 -129.987842 1.478 -1.47 228700031
2022 10 14 7 5 7.560 45.959200 -129.988298 1.620 -1.31 228700032
2022 10 14 7 5 19.250 45.957540 -129.990129 1.735 -1.59 228700033
2022 10 14 8 26 41.910 45.956820 -129.990259 2.012 -1.18 228700036
2022 10 14 10 14 57.220 45.987288 -130.033797 2.155 -1.15 228700050
2022 10 14 14 24 53.580 45.966895 -129.942521 0.295 -1.41 228700089
2022 10 14 17 13 0.760 46.000191 -130.027140 1.559 -0.47 228700115
2022 10 14 23 35 14.520 45.992936 -129.980265 0.305 -0.74 228700222
2022 10 15 0 4 15.510 45.973499 -129.966813 0.424 -0.66 228800009
2022 10 15 0 4 45.600 45.968945 -129.973519 0.188 -0.55 228800010
2022 10 15 0 8 45.780 45.968441 -129.973836 0.280 -0.36 228800018
2022 10 15 0 13 45.920 45.971139 -129.973910 0.381 -0.40 228800028
2022 10 15 0 19 45.880 45.980599 -129.966154 2.366 -0.78 228800040
2022 10 15 0 21 45.910 45.994727 -129.982918 0.235 -0.79 228800045
2022 10 15 0 22 16.180 45.969922 -129.973771 0.373 -0.90 228800046
2022 10 15 0 32 46.280 45.996395 -129.982812 0.416 -0.60 228800071
2022 10 15 0 33 16.780 45.989526 -130.016016 0.489 -0.76 228800072
2022 10 15 0 40 16.560 45.996114 -129.983903 0.536 -0.65 228800088
2022 10 15 0 47 16.750 45.997331 -129.982642 0.435 -0.76 228800106
2022 10 15 0 53 17.240 45.971269 -129.974536 0.632 -0.75 228800119
2022 10 15 0 53 46.920 45.999251 -129.981299 0.560 -0.93 228800120
2022 10 15 0 54 47.000 45.997982 -129.982349 0.540 -0.75 228800122
2022 10 15 0 57 47.120 45.996431 -129.983545 0.451 -0.92 228800128
2022 10 15 1 12 47.210 45.997815 -129.985482 0.502 -0.75 228800159
2022 10 15 1 15 17.120 45.996606 -129.985783 0.398 -0.77 228800164
2022 10 15 1 16 17.040 45.998775 -129.985189 0.526 -0.72 228800166
2022 10 15 1 18 16.970 45.995650 -129.987826 0.356 -0.88 228800170
2022 10 15 1 19 17.140 45.972575 -129.975317 0.627 -0.94 228800173
2022 10 15 1 22 16.680 45.996769 -129.987362 0.440 -0.97 228800181
2022 10 15 1 23 46.520 45.999052 -129.984090 0.580 -0.93 228800184
2022 10 15 1 24 16.630 45.992961 -129.990869 0.609 -1.08 228800186
2022 10 15 1 25 16.390 45.999711 -129.985050 0.588 -0.86 228800188
2022 10 15 1 31 16.240 45.971887 -129.976009 0.530 -0.97 228800200
2022 10 15 1 31 45.930 45.998665 -129.984652 0.512 -1.05 228800201
2022 10 15 1 32 15.900 45.987541 -129.968921 0.862 -1.24 228800202
2022 10 15 1 38 45.400 45.998743 -129.985596 0.498 -0.75 228800215
2022 10 15 1 42 45.090 45.999264 -129.984871 0.508 -0.64 228800223
2022 10 15 1 50 44.510 45.997274 -129.986800 0.317 -0.72 228800241
2022 10 15 1 52 22.670 45.983073 -129.996338 1.491 -0.75 228800249
2022 10 15 1 53 14.330 45.998828 -129.987541 0.439 -0.77 228800252
2022 10 15 1 59 33.540 45.990971 -130.010474 0.181 -1.06 228800266
2022 10 15 2 6 13.320 45.999019 -129.984725 0.462 -0.85 228800283
2022 10 15 2 7 13.560 45.970235 -129.979590 0.209 -0.67 228800286
2022 10 15 2 10 13.000 45.999105 -129.986702 0.287 -0.73 228800296
2022 10 15 2 11 43.160 45.973714 -129.972355 0.603 -0.86 228800299
2022 10 15 2 11 51.540 46.008565 -130.001839 0.375 -0.56 228800300
2022 10 15 2 16 12.530 46.001827 -129.987044 0.439 -0.78 228800309
2022 10 15 2 17 17.450 46.025700 -130.008366 0.753 -1.02 228800313
2022 10 15 2 21 12.100 46.003585 -129.978402 0.829 -0.75 228800321
2022 10 15 2 25 42.330 45.966382 -129.973958 0.361 -0.58 228800330
2022 10 15 2 27 41.810 45.998425 -129.987272 0.471 -0.88 228800334
2022 10 15 2 45 10.440 46.003027 -129.985417 0.926 -0.74 228800370
2022 10 15 2 52 10.270 45.971602 -129.978491 0.392 -0.79 228800386
2022 10 15 2 58 9.530 45.997046 -129.991178 0.185 -0.69 228800398
2022 10 15 3 2 9.620 45.970959 -129.980778 0.798 -0.79 228800407
2022 10 15 3 6 38.690 46.003939 -129.985197 0.054 -0.72 228800416
2022 10 15 3 21 32.570 46.001786 -130.029549 1.477 -0.92 228800446
2022 10 15 3 38 39.980 45.930037 -129.983154 1.563 -1.27 228800466
2022 10 15 3 47 22.140 46.017611 -130.030094 1.743 -1.03 228800473
2022 10 15 3 48 17.880 46.019893 -130.034806 1.942 -0.66 228800474
2022 10 15 5 19 11.620 45.926754 -129.988330 1.202 -0.55 228800516
2022 10 15 6 9 53.920 45.976477 -129.989046 1.804 -1.04 228800527
2022 10 15 6 14 46.690 45.925810 -129.989665 0.992 -1.48 228800528
2022 10 15 6 36 39.580 45.951733 -130.024666 1.606 -1.31 228800530
2022 10 15 6 56 5.320 45.920402 -129.989274 0.903 -1.78 228800534
2022 10 15 7 25 52.620 45.897868 -129.995011 0.472 -0.73 228800538
2022 10 15 8 47 10.980 45.994649 -130.000391 0.326 -1.13 228800589
2022 10 15 8 59 11.240 45.989237 -130.011743 0.262 -2.00 228800598
2022 10 15 9 0 41.220 45.998218 -130.000130 0.284 -1.35 228800600
2022 10 15 9 1 11.370 45.964062 -130.045581 0.599 -1.19 228800601
2022 10 15 9 1 41.610 45.999304 -130.035107 0.483 -1.03 228800602
2022 10 15 9 4 41.400 45.988619 -130.012703 0.277 -1.22 228800605
2022 10 15 9 6 41.480 45.988212 -130.013525 0.320 -1.01 228800608
2022 10 15 9 10 41.530 45.989299 -130.012492 0.246 -1.08 228800615
2022 10 15 9 12 11.490 46.002926 -130.003792 0.672 -1.12 228800617
2022 10 15 9 17 41.910 45.980546 -129.982202 0.917 -1.50 228800625
2022 10 15 9 18 12.220 45.994035 -130.017090 2.706 -0.63 228800626
2022 10 15 9 19 41.760 45.988879 -130.014575 0.218 -0.86 228800628
2022 10 15 9 22 11.800 45.989185 -130.014062 0.185 -1.44 228800631
2022 10 15 9 25 11.890 45.989018 -130.013517 0.216 -1.16 228800636
2022 10 15 9 28 42.290 45.979781 -129.984782 0.663 -1.15 228800643
2022 10 15 10 1 44.740 46.001469 -129.972241 0.503 -0.68 228800675
2022 10 15 10 4 15.480 45.996806 -130.045117 0.580 -1.05 228800677
2022 10 15 11 47 54.690 45.988159 -130.011930 1.948 -1.38 228800721
2022 10 15 13 52 6.200 45.986979 -130.042424 0.034 -1.18 228800778
2022 10 15 14 18 38.410 46.008252 -129.991170 2.535 -0.94 228800809
2022 10 15 14 27 8.930 45.998405 -130.031893 0.280 -1.92 228800823
2022 10 15 14 27 27.730 45.972489 -129.994507 1.087 -1.26 228800824
2022 10 15 14 53 11.260 46.011019 -130.026416 0.714 -1.09 228800878
2022 10 15 15 53 16.700 45.988725 -130.013175 0.380 -0.38 228800991
2022 10 15 16 16 17.910 46.008423 -129.979932 0.028 -0.99 228801038
2022 10 15 16 23 19.220 45.982072 -129.977677 0.413 -0.98 228801051
2022 10 15 16 24 49.650 45.988053 -130.009001 0.369 -0.91 228801054
2022 10 15 16 41 50.910 46.010718 -130.033073 0.201 -0.84 228801091
2022 10 15 17 36 54.020 46.009696 -130.046289 0.328 -1.30 228801126
2022 10 15 17 39 54.440 45.976160 -130.015869 1.297 -1.05 228801133
2022 10 15 17 59 52.400 45.994865 -130.032853 0.603 -0.93 228801174
2022 10 15 18 2 21.520 46.005660 -129.992244 0.444 -0.75 228801179
2022 10 15 18 4 51.940 45.997559 -130.033285 0.593 -1.16 228801185
2022 10 15 18 36 20.200 46.012215 -130.026270 0.329 -0.89 228801249
2022 10 15 18 38 20.380 46.013123 -130.024764 0.511 -0.73 228801253
2022 10 15 18 39 20.160 46.015116 -130.011068 1.700 -0.67 228801255
2022 10 15 18 44 21.140 46.004061 -130.033626 0.583 -0.89 228801265
2022 10 15 19 20 24.560 45.996647 -130.042472 0.009 -1.33 228801344
2022 10 15 19 42 26.800 45.992143 -129.997811 1.708 -0.94 228801379
2022 10 15 19 59 57.800 45.998722 -130.000928 0.073 -1.11 228801415
2022 10 15 20 4 28.400 46.007751 -130.025090 0.363 -0.96 228801425
2022 10 15 20 5 28.640 45.976750 -130.027922 0.364 -0.93 228801427
2022 10 15 20 12 59.640 45.996977 -130.046908 0.472 -0.93 228801442
2022 10 15 20 13 59.140 46.015572 -130.011629 0.550 -0.96 228801444
2022 10 15 20 55 13.020 46.001530 -130.021330 1.349 -1.39 228801533
2022 10 15 20 59 33.280 45.987968 -130.008179 0.270 -0.88 228801542
2022 10 15 21 9 4.440 46.000142 -130.038265 0.219 -0.45 228801564
2022 10 15 21 12 12.160 45.924760 -129.985856 1.193 -1.55 228801571
2022 10 15 21 34 37.080 45.983020 -130.023812 0.339 -0.82 228801623
2022 10 15 21 42 7.280 45.977238 -129.979460 1.079 -0.80 228801640
2022 10 15 21 45 37.160 46.003137 -129.998820 0.118 -0.79 228801647
2022 10 15 22 4 8.680 46.011137 -129.980151 0.746 -0.91 228801693
2022 10 16 2 46 18.820 45.919824 -129.989852 1.005 -1.60 228900023
2022 10 16 2 46 24.190 45.920846 -129.991414 0.788 -1.42 228900024
2022 10 16 4 59 38.410 45.926050 -130.008602 1.334 -1.69 228900079
2022 10 16 5 45 17.690 45.924060 -129.988794 0.896 -1.22 228900115
2022 10 16 6 9 19.260 45.942525 -130.017668 1.246 -1.84 228900128
2022 10 16 7 40 17.820 45.929517 -129.976807 1.533 -1.23 228900161
2022 10 16 9 40 2.960 46.003638 -130.028711 1.390 -0.50 228900193
2022 10 16 15 19 19.000 45.939937 -130.019865 1.254 -1.60 228900267
2022 10 16 17 54 52.540 46.006982 -130.033667 1.470 -0.86 228900296
2022 10 16 17 55 4.400 46.004065 -130.029443 1.520 -1.08 228900297
2022 10 16 17 55 59.000 46.004069 -130.025627 1.098 -1.03 228900298
2022 10 16 23 56 55.540 45.920671 -129.989681 1.010 -1.83 228900358
2022 10 17 0 55 20.820 45.934098 -129.980241 1.514 -1.56 229000014
2022 10 17 0 55 46.380 45.934090 -129.980265 1.540 -1.43 229000015
2022 10 17 0 57 33.970 45.942424 -129.985636 0.944 -1.68 229000017
2022 10 17 8 29 55.820 45.915572 -129.990609 0.729 -0.93 229000059
2022 10 17 8 55 55.750 45.915316 -129.989941 0.875 -1.59 229000060
2022 10 17 10 17 26.740 45.939494 -130.018091 1.336 -0.58 229000071
2022 10 17 10 41 12.390 45.999150 -130.026685 1.104 -0.55 229000075
2022 10 17 11 31 31.920 45.933789 -129.980892 1.450 -1.19 229000079
2022 10 17 13 46 51.080 46.002193 -130.028394 1.613 -1.56 229000100
2022 10 17 14 53 50.830 45.916451 -129.989787 0.772 -1.28 229000121
2022 10 17 16 44 33.400 45.957935 -130.031250 2.152 -1.79 229000143
2022 10 17 17 46 18.260 45.917261 -129.989364 1.494 -1.67 229000151
2022 10 17 22 55 53.940 45.965031 -129.996257 1.437 -1.62 229000173
2022 10 17 23 39 24.040 45.924451 -129.983594 1.175 -1.97 229000181
2022 10 18 1 58 1.140 45.947913 -130.005168 3.373 -1.29 229100018
2022 10 18 3 24 10.720 45.945479 -129.984351 1.496 -0.98 229100030
2022 10 18 9 9 52.240 45.934208 -129.980208 1.402 -1.79 229100070
2022 10 18 9 9 55.450 45.933366 -129.978727 1.560 -1.65 229100071
2022 10 18 9 10 8.260 45.939905 -129.987899 1.146 -1.58 229100072
2022 10 18 9 47 39.930 46.001408 -130.027930 1.355 -0.83 229100075
2022 10 18 11 39 54.450 45.921623 -129.991146 0.825 -1.97 229100081
2022 10 18 13 36 15.430 45.932161 -129.977165 1.500 -1.28 229100083
2022 10 18 17 22 54.240 46.014063 -130.033358 0.327 -1.15 229100094
2022 10 18 17 24 56.720 46.013753 -130.036890 1.460 -1.14 229100095
2022 10 18 18 18 54.400 45.924740 -129.990340 0.682 -1.39 229100097
2022 10 18 22 10 4.080 45.922359 -129.990218 0.979 -1.79 229100106
2022 10 19 0 19 27.640 45.987923 -130.038403 1.389 -1.41 229200000
2022 10 19 0 19 52.740 45.991166 -130.039600 1.804 -1.49 229200001
2022 10 19 8 5 23.750 45.931706 -129.977645 3.520 -1.19 229200011
2022 10 19 13 49 48.700 46.019291 -129.996753 0.560 -1.18 229200038
2022 10 19 14 5 33.830 46.000476 -130.020532 0.901 -1.30 229200044
2022 10 20 21 55 41.620 45.923442 -129.979606 1.284 -1.99 229300096
2022 10 21 5 31 2.400 46.003190 -130.030892 1.707 -1.56 229400001
2022 10 21 8 58 55.500 46.001843 -130.029411 1.582 -1.56 229400002
2022 10 21 11 43 46.780 45.927275 -129.987508 1.207 -1.32 229400004
2022 10 21 11 51 48.420 45.926973 -129.987728 1.263 -0.22 229400005
2022 10 21 11 52 2.440 45.926774 -129.987435 1.217 -0.65 229400006
2022 10 21 18 32 42.320 45.967436 -129.995369 1.703 -1.32 229400012
2022 10 21 22 50 37.180 45.922221 -129.993669 0.961 -1.45 229400017
2022 10 22 7 4 26.770 46.000557 -130.027035 1.336 -1.07 229500005
2022 10 22 9 0 24.520 45.924854 -129.991300 0.916 -1.34 229500006
2022 10 22 10 57 18.980 45.956152 -129.987882 1.646 -1.67 229500008
2022 10 22 11 15 50.780 45.988590 -130.001514 1.869 -1.05 229500009
2022 10 22 14 40 50.130 45.942944 -130.022339 1.245 -1.18 229500015
2022 10 22 21 2 27.840 45.982483 -129.994556 1.726 -0.53 229500025
2022 10 22 22 25 52.300 45.923405 -129.989274 0.763 -1.25 229500031
2022 10 22 23 0 32.420 45.923376 -129.989648 0.819 -1.86 229500032
2022 10 23 0 16 5.470 45.923722 -129.988786 0.891 -1.60 229600000
2022 10 23 3 28 17.410 45.925370 -129.981909 1.143 -1.84 229600003
2022 10 23 9 31 25.020 45.925854 -129.987565 1.102 -1.28 229600030
2022 10 23 9 52 31.430 46.005863 -130.027026 1.389 -1.19 229600031
2022 10 23 15 36 15.490 45.945931 -130.038786 1.900 -0.78 229600039
2022 10 23 18 40 8.400 46.013196 -130.036808 1.405 -0.87 229600042
2022 10 24 1 28 43.780 46.002437 -130.028988 1.655 -1.36 229700003
2022 10 24 1 29 28.920 46.001461 -130.027531 1.570 -1.23 229700004
2022 10 24 1 29 52.660 46.002543 -130.029875 1.660 -0.60 229700005
2022 10 24 1 30 13.480 46.002091 -130.029159 1.537 -0.74 229700007
2022 10 24 3 39 4.300 45.920540 -129.985775 1.200 -1.74 229700015
2022 10 24 3 39 23.840 45.924788 -129.982894 2.934 -1.34 229700016
2022 10 24 3 50 5.820 46.002458 -130.029549 1.574 -1.53 229700019
2022 10 24 3 53 33.510 45.977645 -130.015047 2.997 -1.06 229700020
2022 10 24 4 38 59.660 45.920313 -129.990609 0.442 -1.17 229700023
2022 10 24 4 42 0.460 45.921139 -129.989632 0.846 -1.28 229700024
2022 10 24 4 42 2.720 45.920439 -129.988631 0.976 -0.77 229700025
2022 10 24 5 22 38.100 46.004045 -130.027311 1.477 -0.73 229700029
2022 10 24 10 38 48.140 45.928792 -129.973674 2.646 -1.63 229700044
2022 10 24 15 0 17.040 46.003886 -130.028874 1.367 -0.73 229700060
2022 10 24 16 42 53.110 46.004614 -130.029435 1.382 -1.08 229700066
2022 10 24 18 53 17.200 45.987992 -130.004004 2.182 -0.92 229700068
2022 10 24 23 36 57.960 45.963395 -129.991886 1.461 -1.72 229700072
2022 10 25 1 44 24.980 45.952523 -129.988241 1.671 -1.08 229800001
2022 10 25 2 46 44.770 45.988074 -130.006209 1.524 -1.26 229800003
2022 10 25 4 42 57.880 45.989323 -130.008138 1.854 -1.67 229800006
2022 10 25 4 43 30.490 45.989054 -130.008382 1.913 -1.21 229800008
2022 10 25 4 43 37.160 45.989119 -130.007983 1.945 -0.66 229800009
2022 10 25 4 43 49.130 45.990068 -130.008618 1.548 -1.12 229800010
2022 10 25 4 44 4.940 45.989229 -129.999552 1.691 -1.32 229800011
2022 10 25 4 44 51.450 45.989038 -130.008382 1.688 -1.42 229800015
2022 10 25 4 45 11.400 45.988912 -130.007804 1.531 -1.01 229800016
2022 10 25 4 46 41.400 45.998328 -130.007495 2.573 -1.39 229800021
2022 10 25 4 48 20.180 45.988835 -130.007267 1.583 -1.24 229800023
2022 10 25 4 48 37.610 45.988826 -130.007340 1.563 -1.28 229800025
2022 10 25 4 49 32.410 45.988277 -130.007593 2.193 -1.50 229800026
2022 10 25 4 49 43.930 45.989278 -130.008586 1.685 -1.08 229800027
2022 10 25 4 49 56.860 45.989095 -130.008529 1.868 -1.40 229800028
2022 10 25 4 50 0.880 45.987252 -130.007568 1.617 -0.81 229800029
2022 10 25 4 50 22.970 45.989144 -130.008138 1.714 -1.06 229800030
2022 10 25 4 50 45.730 45.983545 -130.001221 0.438 -1.02 229800031
2022 10 25 4 52 17.130 45.989083 -130.009725 1.807 -1.40 229800036
2022 10 25 4 52 32.440 46.012158 -130.047192 1.284 -0.81 229800038
2022 10 25 4 53 42.190 45.990015 -130.008586 1.672 -1.09 229800040
2022 10 25 4 54 1.200 45.989030 -130.008228 1.756 -1.26 229800041
2022 10 25 4 54 42.010 45.992188 -130.001506 0.501 -1.11 229800043
2022 10 25 4 54 49.230 45.988908 -130.007625 1.797 -1.19 229800044
2022 10 25 4 54 55.280 45.989355 -130.008455 1.657 -0.92 229800045
2022 10 25 4 55 7.840 45.989449 -130.007878 1.644 -1.46 229800046
2022 10 25 4 55 20.310 45.990023 -130.009074 1.577 -1.29 229800047
2022 10 25 4 55 40.060 45.988774 -130.007804 1.795 -1.12 229800049
2022 10 25 4 56 27.570 45.989583 -130.008952 1.734 -0.81 229800051
2022 10 25 4 56 36.840 45.989730 -130.009456 1.690 -0.85 229800052
2022 10 25 4 56 46.020 45.984623 -130.035856 2.383 -1.09 229800054
2022 10 25 4 58 29.050 45.989172 -130.009277 1.791 -1.07 229800060
2022 10 25 4 59 7.620 45.989266 -130.008968 1.783 -1.36 229800061
2022 10 25 4 59 53.780 45.984985 -130.004427 1.346 -0.74 229800064
2022 10 25 5 0 3.970 45.989583 -130.009123 1.963 -1.43 229800065
2022 10 25 5 0 35.600 45.989164 -130.008244 1.703 -0.98 229800066
2022 10 25 5 2 22.300 45.988505 -130.007292 1.984 -0.87 229800068
2022 10 25 5 2 56.690 45.988953 -130.007975 1.765 -1.46 229800070
2022 10 25 5 3 50.320 45.987695 -130.006136 2.138 -1.29 229800075
2022 10 25 5 3 59.130 45.987980 -130.006925 1.748 -1.00 229800076
2022 10 25 5 4 8.700 45.989201 -130.007544 1.792 -1.29 229800077
2022 10 25 5 4 12.150 45.992590 -130.010075 0.774 -1.14 229800078
2022 10 25 5 4 14.600 45.988794 -130.007267 1.892 -0.70 229800079
2022 10 25 5 4 34.120 45.988851 -130.007088 1.618 -0.33 229800081
2022 10 25 5 5 2.660 45.989132 -130.007235 1.857 -0.59 229800084
2022 10 25 5 5 15.290 45.988098 -129.993864 1.235 -0.79 229800086
2022 10 25 5 5 20.960 45.988928 -130.007048 1.585 -0.84 229800087
2022 10 25 5 5 38.020 45.988843 -130.007560 1.756 -0.71 229800088
2022 10 25 5 5 47.250 45.989205 -130.006250 0.374 -1.18 229800089
2022 10 25 5 5 56.950 45.988472 -130.007170 1.754 -0.99 229800090
2022 10 25 5 6 10.770 45.987195 -130.006209 1.825 -1.27 229800091
2022 10 25 5 6 24.640 45.989347 -130.008960 1.705 -1.23 229800092
2022 10 25 5 6 45.140 45.982625 -130.010775 0.354 -1.51 229800094
2022 10 25 5 6 56.300 45.988529 -130.007723 1.261 -0.88 229800095
2022 10 25 5 7 29.750 45.988570 -130.007487 1.783 -1.00 229800098
2022 10 25 5 7 41.110 45.988118 -130.006201 1.969 -1.26 229800100
2022 10 25 5 7 45.720 45.987952 -130.006470 2.326 -0.78 229800101
2022 10 25 5 7 51.780 45.988908 -130.006551 1.725 -1.33 229800102
2022 10 25 5 8 49.850 45.988729 -130.006844 1.800 -0.99 229800105
2022 10 25 5 8 58.900 45.988497 -130.007332 1.734 -1.19 229800106
2022 10 25 5 9 13.210 45.988957 -130.007568 1.333 -1.34 229800107
2022 10 25 5 9 16.000 45.987056 -130.006340 1.891 -1.00 229800108
2022 10 25 5 9 22.280 45.987256 -130.010164 2.184 -0.94 229800109
2022 10 25 5 9 51.840 45.979663 -129.997957 0.726 -0.66 229800111
2022 10 25 5 10 15.800 45.979370 -130.002913 0.079 -1.44 229800112
2022 10 25 5 10 32.880 45.988285 -130.006681 1.847 -1.17 229800113
2022 10 25 5 10 59.970 45.989575 -130.003019 1.237 -1.10 229800114
2022 10 25 5 11 48.130 45.988167 -130.007349 1.529 -1.22 229800116
2022 10 25 5 11 55.960 45.987687 -130.001318 2.053 -1.20 229800117
2022 10 25 5 12 4.530 45.989742 -130.008000 1.658 -1.59 229800118
2022 10 25 5 14 4.120 45.987939 -130.006787 1.689 -1.48 229800124
2022 10 25 5 14 28.170 45.986373 -130.005550 1.471 -1.49 229800126
2022 10 25 5 15 20.140 45.986446 -130.006177 1.629 -1.19 229800129
2022 10 25 5 15 45.960 45.989278 -130.007324 1.815 -1.00 229800130
2022 10 25 5 15 50.030 45.985909 -130.003890 1.540 -1.36 229800131
2022 10 25 5 15 54.190 45.982426 -130.010303 2.480 -1.38 229800132
2022 10 25 5 16 45.900 45.983573 -130.002604 1.229 -1.32 229800134
2022 10 25 5 16 51.590 45.987606 -130.006738 2.003 -0.84 229800135
2022 10 25 5 18 30.410 45.984973 -130.004435 0.924 -0.83 229800139
2022 10 25 5 19 13.820 45.988611 -130.006632 1.880 -1.18 229800141
2022 10 25 5 19 18.410 45.984835 -129.992944 1.420 -0.91 229800142
2022 10 25 5 19 47.500 45.989083 -130.007861 2.385 -1.84 229800144
2022 10 25 5 20 52.760 45.987427 -130.005282 1.928 -1.04 229800149
2022 10 25 5 21 20.040 45.987492 -130.006966 1.686 -1.05 229800150
2022 10 25 5 22 57.930 45.982690 -130.020166 0.885 -1.09 229800152
2022 10 25 5 23 51.020 45.989026 -130.007576 1.788 -1.31 229800154
2022 10 25 5 24 40.440 45.987354 -130.006087 1.671 -1.03 229800155
2022 10 25 5 24 51.330 45.987032 -130.005599 1.689 -1.11 229800157
2022 10 25 5 25 36.470 45.999882 -130.006160 0.706 -1.73 229800158
2022 10 25 5 27 58.640 45.988908 -130.008073 1.830 -1.54 229800162
2022 10 25 5 28 2.720 45.988704 -130.006372 1.514 -1.66 229800163
2022 10 25 5 29 9.650 45.988053 -130.006331 1.906 -1.27 229800165
2022 10 25 5 29 47.240 45.987236 -130.006169 1.686 -1.11 229800168
2022 10 25 5 30 4.660 45.987162 -130.004598 1.852 -1.62 229800169
2022 10 25 5 31 17.510 45.987581 -130.006226 1.750 -0.33 229800173
2022 10 25 5 32 4.060 45.987020 -130.005754 1.821 -1.58 229800175
2022 10 25 5 32 8.960 45.978996 -130.004818 0.940 -1.44 229800176
2022 10 25 5 32 21.490 45.988676 -130.006453 1.884 -1.28 229800177
2022 10 25 5 32 28.610 45.987419 -130.005892 1.786 -1.03 229800178
2022 10 25 5 32 45.050 45.988009 -130.006331 1.922 -1.30 229800180
2022 10 25 5 33 4.100 45.988216 -130.006551 1.914 -1.30 229800182
2022 10 25 5 33 16.460 45.987891 -130.006201 1.845 -1.09 229800183
2022 10 25 5 33 48.820 45.986430 -130.005322 2.115 -1.66 229800185
2022 10 25 5 34 14.450 45.989022 -130.007202 1.923 -1.48 229800187
2022 10 25 5 34 25.050 45.988391 -130.006795 1.768 -1.25 229800188
2022 10 25 5 34 53.600 45.989246 -130.007511 1.544 -1.22 229800190
2022 10 25 5 36 55.740 45.987138 -130.005550 1.807 -0.84 229800193
2022 10 25 5 37 52.230 45.988208 -130.006331 1.878 -1.34 229800194
2022 10 25 5 38 4.920 45.987622 -130.005868 1.916 -1.06 229800195
2022 10 25 5 38 28.100 45.986491 -130.004582 1.509 -0.90 229800196
2022 10 25 5 38 38.530 45.988277 -130.006828 1.735 -1.22 229800197
2022 10 25 5 39 23.450 45.987834 -130.006226 1.694 -1.11 229800200
2022 10 25 5 39 47.040 45.988395 -130.006551 1.690 -1.16 229800201
2022 10 25 5 40 30.040 45.983232 -130.000391 0.334 -1.27 229800203
2022 10 25 5 40 34.670 45.982312 -130.008789 0.476 -1.13 229800204
2022 10 25 5 41 6.590 45.976994 -129.994002 0.181 -0.91 229800206
2022 10 25 5 42 51.590 45.989355 -130.006445 1.809 -1.37 229800210
2022 10 25 5 43 45.740 45.986239 -130.004687 1.427 -0.98 229800212
2022 10 25 5 44 1.400 45.985079 -130.003613 1.630 -1.47 229800213
2022 10 25 5 44 38.550 45.986580 -130.004427 1.680 -1.57 229800215
2022 10 25 5 45 56.630 45.987113 -130.005298 1.672 -1.60 229800217
2022 10 25 5 46 16.580 45.987439 -130.006323 1.807 -0.20 229800218
2022 10 25 5 46 45.830 45.988180 -130.006755 1.600 -1.53 229800220
2022 10 25 5 46 54.980 45.989148 -130.006689 1.743 -1.66 229800221
2022 10 25 5 47 51.670 45.986979 -130.006095 1.712 -0.71 229800224
2022 10 25 5 48 1.320 45.988578 -130.005355 2.089 -0.93 229800225
2022 10 25 5 48 19.130 45.987618 -130.005892 1.645 -1.10 229800227
2022 10 25 5 48 43.710 45.986906 -130.005078 1.784 0.03 229800228
2022 10 25 5 48 55.790 45.987292 -130.004924 1.896 -0.18 229800229
2022 10 25 5 48 59.800 45.986108 -130.009074 2.480 -0.18 229800230
2022 10 25 5 49 6.500 45.987227 -130.004769 1.841 0.21 229800231
2022 10 25 5 49 35.860 45.987610 -130.005729 1.489 -0.54 229800233
2022 10 25 5 49 55.850 45.987671 -130.006641 1.822 -0.80 229800235
2022 10 25 5 49 58.260 45.986784 -130.004574 1.787 -0.49 229800236
2022 10 25 5 50 18.380 45.990698 -130.010368 1.842 -1.19 229800237
2022 10 25 5 50 28.540 45.987349 -130.002938 0.274 -1.04 229800238
2022 10 25 5 51 11.190 45.987093 -130.005192 1.788 -1.08 229800243
2022 10 25 5 51 26.270 45.987280 -130.005607 1.810 -0.62 229800244
2022 10 25 5 51 44.720 45.987972 -130.007332 1.993 -0.67 229800246
2022 10 25 5 51 47.570 45.987996 -130.004289 1.351 -0.68 229800247
2022 10 25 5 51 54.060 45.987984 -130.004883 1.288 -0.67 229800248
2022 10 25 5 52 7.350 45.987781 -130.004134 1.449 -0.72 229800249
2022 10 25 5 52 24.630 45.988281 -130.005566 1.992 -1.46 229800251
2022 10 25 5 52 43.620 45.985909 -130.004281 1.724 -0.75 229800252
2022 10 25 5 53 51.240 45.987752 -130.005892 2.093 -0.89 229800259
2022 10 25 5 54 47.640 45.986877 -130.005322 1.784 -0.78 229800263
2022 10 25 5 55 5.960 45.987142 -130.005509 1.760 -1.03 229800264
2022 10 25 5 55 9.220 45.986190 -130.003963 1.977 -0.86 229800265
2022 10 25 5 55 22.200 45.986727 -130.004964 1.996 -0.13 229800266
2022 10 25 5 56 8.200 45.986820 -130.005208 1.742 -0.61 229800268
2022 10 25 5 56 30.610 45.987374 -130.006527 1.754 -0.97 229800271
2022 10 25 5 56 37.740 45.987069 -130.005794 1.664 -0.80 229800272
2022 10 25 5 57 41.730 45.986283 -130.003735 1.905 -0.92 229800277
2022 10 25 5 57 57.420 45.986572 -130.004614 1.824 -1.31 229800278
2022 10 25 5 58 4.570 45.987345 -130.010490 0.388 -0.93 229800279
2022 10 25 5 58 28.940 45.985421 -130.005355 1.369 -1.03 229800280
2022 10 25 5 58 40.390 45.989063 -130.007902 1.754 -0.57 229800281
2022 10 25 5 59 18.980 45.989502 -130.005778 1.380 -1.78 229800284
2022 10 25 5 59 56.480 45.987740 -130.002767 2.044 -1.33 229800286
2022 10 25 6 1 7.560 45.985478 -130.002848 1.773 -0.98 229800291
2022 10 25 6 1 23.110 45.986373 -130.003695 2.094 -1.10 229800294
2022 10 25 6 1 33.020 45.987301 -130.005054 1.790 -1.11 229800295
2022 10 25 6 2 51.530 45.980945 -129.999040 0.453 -1.39 229800299
2022 10 25 6 3 4.010 45.989189 -130.007690 1.823 -1.79 229800300
2022 10 25 6 3 20.950 45.988546 -130.007072 1.910 -1.40 229800301
2022 10 25 6 3 59.980 45.989990 -130.007576 1.958 -1.27 229800303
2022 10 25 6 4 43.610 45.988542 -130.006649 1.800 -1.58 229800306
2022 10 25 6 5 27.530 45.988574 -130.007446 1.677 -1.07 229800309
2022 10 25 6 5 39.160 45.987504 -130.010099 1.167 -1.50 229800310
2022 10 25 6 6 8.010 45.987602 -130.004053 2.272 -1.58 229800312
2022 10 25 6 6 13.510 45.988753 -130.000757 0.374 -1.60 229800313
2022 10 25 6 7 2.100 45.986304 -130.001693 1.812 -1.14 229800315
2022 10 25 6 7 14.660 45.985099 -130.000741 1.918 -1.37 229800316
2022 10 25 6 9 1.050 45.989327 -130.007552 1.634 -0.72 229800319
2022 10 25 6 9 44.240 45.985059 -130.012166 2.510 -1.21 229800322
2022 10 25 6 10 14.120 45.985221 -130.007788 0.599 -1.88 229800323
2022 10 25 6 10 47.520 45.988041 -130.006893 1.667 -0.75 229800324
2022 10 25 6 13 12.360 45.988241 -130.006771 1.736 -1.03 229800327
2022 10 25 6 13 46.290 45.983671 -130.006299 1.327 -1.23 229800328
2022 10 25 6 14 21.960 45.985315 -129.999211 2.196 -1.29 229800330
2022 10 25 6 17 7.230 45.980518 -129.998674 1.098 -1.43 229800335
2022 10 25 6 20 38.830 45.989620 -130.009285 1.530 -1.92 229800337
2022 10 25 6 22 52.910 45.921045 -129.984871 1.320 -1.99 229800340
2022 10 25 6 24 26.650 45.988204 -130.006413 1.731 -0.66 229800342
2022 10 25 6 25 12.080 45.986137 -130.004004 1.601 -0.55 229800343
2022 10 25 6 25 16.720 45.986853 -130.003019 1.714 -1.49 229800344
2022 10 25 6 27 18.620 45.987231 -130.006177 1.551 -1.60 229800347
2022 10 25 6 27 46.630 45.997103 -130.015885 1.462 -1.33 229800348
2022 10 25 6 29 27.560 45.981641 -129.998560 1.405 -1.17 229800350
2022 10 25 6 32 29.850 45.987537 -130.005949 1.839 -1.25 229800352
2022 10 25 6 36 30.820 45.982495 -129.998926 1.269 -1.14 229800355
2022 10 25 6 46 38.080 45.982088 -129.998950 1.572 -1.13 229800357
2022 10 25 6 47 7.430 45.986324 -130.003499 1.969 -1.53 229800359
2022 10 25 6 47 53.110 45.980859 -129.998397 1.148 -1.37 229800360
2022 10 25 6 51 27.040 45.986776 -130.005282 1.879 -1.52 229800362
2022 10 25 6 51 35.680 45.988574 -130.007235 1.733 -1.85 229800363
2022 10 25 6 55 9.850 45.981986 -129.998511 1.455 -1.49 229800365
2022 10 25 6 57 51.320 45.981132 -129.997900 1.306 -1.51 229800366
2022 10 25 7 2 51.440 45.987337 -130.005583 1.776 -1.08 229800369
2022 10 25 7 12 8.090 45.988403 -130.007267 1.762 -1.28 229800371
2022 10 25 7 17 36.840 45.987777 -130.004940 1.608 -1.73 229800373
2022 10 25 7 17 42.100 45.989547 -130.005623 1.479 -1.52 229800374
2022 10 25 7 28 12.690 45.990479 -130.005859 2.169 -1.14 229800376
2022 10 25 7 46 14.560 45.986365 -130.004077 1.763 -1.25 229800377
2022 10 25 7 48 12.300 46.000651 -130.026799 1.451 -0.73 229800378
2022 10 25 7 48 53.620 45.986873 -130.004069 2.051 -1.00 229800379
2022 10 25 7 53 45.600 45.989262 -130.007528 1.667 -1.70 229800382
2022 10 25 8 5 10.820 45.986377 -130.005119 1.787 -0.02 229800386
2022 10 25 8 5 40.670 45.986361 -130.004972 1.753 -1.33 229800389
2022 10 25 8 9 59.770 45.987199 -130.002840 1.663 -1.17 229800393
2022 10 25 8 12 5.440 45.986694 -130.004395 1.684 -1.24 229800398
2022 10 25 8 12 51.170 45.987109 -130.005526 1.738 -1.23 229800400
2022 10 25 8 13 17.740 45.986300 -130.010278 2.055 -0.25 229800401
2022 10 25 8 13 21.080 45.987061 -130.005436 1.768 -0.07 229800402
2022 10 25 8 13 56.010 45.987036 -130.005225 1.692 -1.38 229800403
2022 10 25 8 15 14.220 45.987032 -130.004386 1.943 -1.12 229800406
2022 10 25 8 15 21.850 45.986523 -130.004028 1.896 -1.02 229800407
2022 10 25 8 16 1.260 45.987614 -130.004541 1.949 -1.65 229800408
2022 10 25 8 19 7.230 45.986829 -130.004272 1.680 -1.41 229800414
2022 10 25 8 19 47.540 45.986829 -130.004419 1.752 -1.47 229800415
2022 10 25 8 23 35.280 45.988330 -130.002474 2.070 -1.59 229800419
2022 10 25 8 24 50.650 45.977401 -129.992993 0.779 -1.45 229800421
2022 10 25 8 32 59.090 45.986938 -130.001676 1.333 -1.38 229800423
2022 10 25 8 37 34.750 45.985571 -130.002783 1.638 -1.45 229800424
2022 10 25 8 45 16.090 45.987878 -130.005786 1.906 -1.20 229800426
2022 10 25 8 56 1.630 45.982206 -129.998608 1.284 -1.39 229800429
2022 10 25 8 58 16.500 45.986971 -130.005135 1.687 -1.02 229800430
2022 10 25 10 34 28.310 45.988843 -130.004655 1.293 -0.69 229800436
2022 10 25 10 40 9.970 45.986361 -130.001668 1.691 -1.23 229800437
2022 10 25 10 40 20.900 45.989311 -129.998796 0.144 -1.30 229800438
2022 10 25 11 23 10.290 45.999479 -130.027303 1.198 -0.93 229800440
2022 10 25 13 45 10.540 46.003503 -130.028613 1.443 -1.16 229800442
2022 10 25 15 10 56.090 45.987565 -130.004435 1.657 -1.47 229800443
2022 10 25 17 0 4.800 45.970984 -129.995915 1.620 -1.00 229800444
2022 10 25 17 1 11.460 45.970862 -129.995703 1.553 -1.40 229800445
2022 10 25 17 11 54.640 45.970349 -129.995475 1.353 -1.09 229800446
2022 10 25 17 13 44.120 45.970793 -129.995776 1.506 -1.11 229800447
2022 10 25 17 17 23.600 45.970715 -129.995597 1.522 -1.38 229800448
2022 10 25 19 47 20.320 45.971016 -129.995638 1.525 -1.03 229800451
2022 10 25 19 48 59.080 45.971313 -129.995801 1.661 -0.89 229800452
2022 10 25 19 57 53.860 45.970988 -129.995687 1.565 -0.97 229800453
2022 10 25 20 11 29.800 45.971061 -129.995313 1.471 -1.21 229800454
2022 10 26 0 36 16.890 45.926099 -129.989022 1.124 -0.94 229900001
2022 10 26 1 23 29.910 45.987272 -130.001147 1.292 -1.10 229900002
2022 10 26 4 14 37.510 45.996029 -130.025334 0.930 -1.39 229900007
2022 10 26 4 23 45.620 45.966520 -129.995410 1.518 -1.20 229900009
2022 10 26 5 14 10.340 45.916874 -129.943449 1.792 -1.14 229900017
2022 10 26 5 21 36.340 45.989823 -130.008276 1.602 -0.82 229900018
2022 10 26 6 16 2.450 46.001208 -130.027612 1.395 -1.23 229900019
2022 10 26 6 21 6.210 45.993282 -130.009066 1.532 -0.96 229900020
2022 10 26 6 23 46.570 45.993429 -130.009033 1.394 -0.55 229900025
2022 10 26 7 12 34.410 45.989779 -130.005355 1.616 -0.85 229900029
2022 10 26 7 52 47.660 45.912553 -129.965373 0.602 -1.10 229900032
2022 10 26 8 7 14.320 46.002413 -130.024634 1.680 -1.06 229900033
2022 10 26 8 18 54.610 45.992167 -130.008822 2.121 -1.80 229900035
2022 10 26 8 23 23.140 45.992379 -130.010026 2.266 -1.95 229900037
2022 10 26 8 23 48.560 45.993005 -130.009041 1.443 -1.47 229900038
2022 10 26 9 5 40.450 45.989514 -130.003027 1.908 -1.21 229900043
2022 10 26 16 5 37.140 45.999947 -130.025952 1.261 -0.55 229900065
2022 10 26 21 9 26.980 45.965694 -130.032397 0.481 -1.32 229900075
2022 10 26 23 42 59.280 45.960819 -129.993905 1.596 -1.83 229900081
2022 10 26 23 53 53.480 45.961759 -129.992798 1.297 -1.30 229900082
2022 10 27 0 37 7.840 45.917741 -129.972860 1.421 -1.10 230000002
2022 10 27 1 7 40.250 45.920589 -129.975187 1.514 -1.06 230000003
2022 10 27 1 52 27.660 45.994649 -130.020695 1.930 -0.61 230000004
2022 10 27 2 26 57.020 45.927743 -130.005924 1.905 -1.62 230000006
2022 10 27 2 39 28.830 45.989913 -129.999902 1.007 -1.22 230000007
2022 10 27 2 39 35.490 45.988908 -130.005713 1.563 -0.77 230000008
2022 10 27 3 8 1.160 45.989917 -130.002970 1.261 -1.30 230000010
2022 10 27 3 31 29.470 45.950659 -130.043197 2.305 -1.50 230000012
2022 10 27 3 33 14.590 45.996468 -130.016520 1.786 -1.32 230000013
2022 10 27 3 33 43.560 45.946334 -129.983960 1.500 -1.81 230000014
2022 10 27 3 43 45.950 45.963350 -129.992049 1.628 -1.58 230000015
2022 10 27 3 59 19.120 45.998136 -130.016553 2.235 -0.89 230000017
2022 10 27 4 0 22.130 45.929159 -129.988094 3.230 -1.37 230000018
2022 10 27 4 11 0.320 45.921798 -129.989640 0.926 -1.29 230000019
2022 10 27 4 42 17.400 45.970764 -129.995093 0.858 -1.55 230000021
2022 10 27 5 22 57.890 45.996859 -130.016187 1.737 -0.99 230000027
2022 10 27 5 28 34.120 45.909526 -129.958162 1.265 -1.26 230000029
2022 10 27 5 52 30.310 45.925655 -129.985059 1.099 -1.18 230000033
2022 10 27 6 3 43.400 45.926786 -129.998218 1.282 -1.07 230000037
2022 10 27 6 58 50.700 45.972229 -130.003727 2.941 -1.15 230000039
2022 10 27 7 26 22.100 45.922819 -129.988273 0.937 -1.92 230000041
2022 10 27 7 27 13.250 45.918437 -129.965023 2.064 -1.85 230000042
2022 10 27 12 5 43.230 46.003512 -130.032096 1.853 -1.06 230000048
2022 10 27 14 8 23.220 45.988147 -130.005347 1.452 -0.95 230000050
2022 10 28 1 17 56.590 46.003121 -130.024194 1.740 -1.13 230100000
2022 10 28 1 18 56.570 46.004187 -130.024495 1.691 -1.32 230100001
2022 10 28 2 36 1.770 45.988163 -130.000073 1.254 -1.24 230100003
2022 10 28 4 26 13.440 46.007910 -130.030713 1.445 -0.26 230100010
2022 10 28 5 23 8.160 45.987817 -129.985425 3.995 -1.16 230100018
2022 10 28 7 46 48.420 45.920797 -129.987305 0.863 -1.31 230100025
2022 10 28 14 28 53.840 46.008223 -130.021891 1.496 -0.82 230100032
2022 10 28 19 28 38.360 46.001803 -130.027043 1.337 -1.00 230100044
2022 10 28 20 5 0.060 46.003585 -130.028752 1.414 -1.12 230100045
2022 10 28 20 20 51.200 45.915715 -129.989917 0.815 -1.25 230100047
2022 10 28 21 18 1.840 46.003609 -130.014852 1.451 -0.98 230100052
2022 10 29 3 13 59.310 46.002185 -130.028491 1.346 -1.01 230200000
2022 10 29 4 15 9.740 45.997481 -130.016732 2.234 -0.50 230200006
2022 10 29 4 30 44.310 45.997335 -130.016488 2.284 -1.00 230200009
2022 10 29 4 54 10.290 45.920903 -129.989714 0.816 -1.65 230200014
2022 10 29 6 23 7.370 45.998238 -130.017432 2.474 -1.26 230200018
2022 10 29 6 25 19.790 45.995943 -130.018132 1.798 -1.18 230200020
2022 10 29 6 26 16.350 45.996753 -130.015942 1.780 -1.19 230200021
2022 10 29 6 36 3.510 45.997323 -130.016781 2.213 -1.20 230200023
2022 10 29 6 39 11.100 45.997237 -130.003743 0.250 -0.43 230200024
2022 10 29 6 39 17.270 45.986991 -130.029346 4.384 0.04 230200025
2022 10 29 6 41 36.510 45.996472 -130.017692 1.143 -1.04 230200027
2022 10 29 6 41 40.330 45.995707 -130.016073 1.842 -0.32 230200028
2022 10 29 6 42 48.230 45.995650 -130.016203 1.809 -0.11 230200030
2022 10 29 6 43 17.000 45.996615 -130.016512 1.698 -0.78 230200033
2022 10 29 6 44 22.510 45.994954 -130.015544 1.824 -0.79 230200035
2022 10 29 6 45 57.670 45.996163 -130.016325 2.340 -0.89 230200036
2022 10 29 6 46 52.550 45.951310 -130.025806 1.596 -0.82 230200037
2022 10 29 6 46 54.710 45.953288 -130.019995 0.986 -0.32 230200038
2022 10 29 6 48 9.470 46.002148 -130.011076 2.624 -0.66 230200039
2022 10 29 6 57 4.350 45.996818 -130.016056 2.240 -1.36 230200040
2022 10 29 7 10 37.570 45.995679 -130.016748 1.850 -0.77 230200041
2022 10 29 7 41 45.180 45.936222 -129.981763 1.476 -0.71 230200043
2022 10 29 8 9 55.820 45.944173 -129.985441 0.935 -1.59 230200047
2022 10 29 8 20 33.730 45.935738 -129.981348 1.526 -1.43 230200049
2022 10 29 8 24 11.620 45.935449 -129.981893 1.463 -1.02 230200050
2022 10 29 8 27 49.070 45.935612 -129.981299 1.585 -0.70 230200052
2022 10 29 8 29 22.280 45.937813 -129.982520 1.597 -1.58 230200054
2022 10 29 8 29 40.140 45.935059 -129.979118 1.993 -1.37 230200055
2022 10 29 8 33 44.010 45.936271 -129.980119 1.869 -1.47 230200056
2022 10 29 8 38 40.480 45.935714 -129.981828 1.512 -1.59 230200058
2022 10 29 8 40 2.750 45.935685 -129.981836 1.549 -1.41 230200062
2022 10 29 8 41 19.580 45.932092 -129.980518 1.000 -1.24 230200063
2022 10 29 8 42 33.370 45.935689 -129.981828 1.580 -0.21 230200064
2022 10 29 8 45 34.190 46.005611 -130.020679 0.082 -1.15 230200065
2022 10 29 8 46 1.230 45.934660 -129.980615 1.772 -1.16 230200066
2022 10 29 8 46 57.850 45.935868 -129.981657 1.482 -1.48 230200068
2022 10 29 8 47 40.400 45.934961 -129.980924 1.584 -1.00 230200069
2022 10 29 8 49 42.290 45.936426 -129.981877 1.420 -1.14 230200070
2022 10 29 8 49 44.100 45.957467 -130.015308 2.811 -1.06 230200071
2022 10 29 8 50 25.400 45.930233 -129.979329 1.083 -1.81 230200072
2022 10 29 8 50 37.420 45.934155 -129.979321 1.811 -1.30 230200073
2022 10 29 9 7 44.980 45.935087 -129.981567 1.581 -0.83 230200079
2022 10 29 9 16 14.150 45.935803 -129.982113 1.487 -1.25 230200080
2022 10 29 9 22 54.530 45.935075 -129.981942 1.417 -1.46 230200081
2022 10 29 9 22 57.030 45.973340 -129.972957 0.591 -0.94 230200082
2022 10 29 9 24 2.560 45.967297 -130.003711 0.304 -1.08 230200084
2022 10 29 9 25 19.430 45.935225 -129.982015 1.457 -1.46 230200086
2022 10 29 9 26 3.420 45.934810 -129.981494 1.481 -1.33 230200087
2022 10 29 9 29 23.480 45.933883 -129.980876 1.449 -1.22 230200090
2022 10 29 9 34 56.910 45.934916 -129.981836 1.464 -1.61 230200094
2022 10 29 9 35 4.410 45.934912 -129.981763 1.432 -1.33 230200095
2022 10 29 9 39 48.060 45.934261 -129.981445 1.501 -1.44 230200099
2022 10 29 10 4 21.060 45.935038 -129.980371 1.511 -1.47 230200102
2022 10 29 19 1 58.920 45.995740 -130.014461 1.243 -1.37 230200166
2022 10 29 23 51 10.460 45.934204 -129.980973 1.345 -0.97 230200197
2022 10 29 23 56 10.880 45.934420 -129.981413 1.372 -1.21 230200200
2022 10 29 23 56 40.440 45.933663 -129.980273 1.379 -0.97 230200202
2022 10 29 23 56 44.580 45.935470 -129.981567 1.429 -0.88 230200203
2022 10 29 23 57 4.120 45.934639 -129.980933 1.384 -1.03 230200204
2022 10 29 23 58 44.940 45.934078 -129.980355 1.430 -1.24 230200205
2022 10 29 23 58 58.040 45.934912 -129.981193 1.399 -1.33 230200206
2022 10 29 23 59 6.040 45.935217 -129.981632 1.353 -1.67 230200207
2022 10 30 0 1 27.470 45.934566 -129.981152 1.426 -1.29 230300001
2022 10 30 0 2 14.280 45.934924 -129.980680 1.358 -1.56 230300002
2022 10 30 0 2 45.280 45.934684 -129.981299 1.416 -0.91 230300003
2022 10 30 0 12 44.450 45.934367 -129.981673 1.429 -1.29 230300006
2022 10 30 0 14 2.180 45.934054 -129.980575 1.355 -1.37 230300007
2022 10 30 0 16 18.400 45.933468 -129.980591 1.382 -1.72 230300008
2022 10 30 0 18 36.340 45.934342 -129.980965 1.444 -1.16 230300009
2022 10 30 0 18 45.580 45.933895 -129.980477 1.480 -0.99 230300010
2022 10 30 0 19 46.580 45.926111 -129.974284 1.158 -1.19 230300011
2022 10 30 0 20 12.210 45.934111 -129.980811 1.530 -1.16 230300012
2022 10 30 0 21 58.010 45.929191 -129.976717 1.341 -1.32 230300013
2022 10 30 1 3 8.950 45.934066 -129.981364 1.447 -1.29 230300017
2022 10 30 1 5 56.390 45.935640 -129.980233 1.638 -1.24 230300018
2022 10 30 1 30 52.070 45.933805 -129.980290 1.401 -1.45 230300019
2022 10 30 1 47 35.700 45.997135 -130.015381 1.230 -1.99 230300022
2022 10 30 1 52 48.910 45.934656 -129.981006 1.395 -1.21 230300023
2022 10 30 1 53 25.170 45.934265 -129.979435 1.521 -0.76 230300024
2022 10 30 2 36 38.310 45.971590 -130.017562 1.133 -1.18 230300032
2022 10 30 2 36 41.990 45.931771 -129.992131 1.534 -1.38 230300033
2022 10 30 3 1 7.670 45.930554 -129.976685 1.932 -1.40 230300043
2022 10 30 3 6 20.770 45.934106 -129.981755 1.424 -1.52 230300045
2022 10 30 3 8 0.560 45.933948 -129.979907 1.358 -1.31 230300046
2022 10 30 3 59 20.350 45.933936 -129.980623 1.492 -1.47 230300057
2022 10 30 4 4 43.790 45.932751 -129.980721 1.503 -1.14 230300061
2022 10 30 4 5 16.010 45.974723 -129.987817 0.815 -1.10 230300062
2022 10 30 4 7 20.370 45.931604 -129.979215 1.445 -1.47 230300063
2022 10 30 4 13 58.010 46.000362 -130.027303 1.402 -1.06 230300065
2022 10 30 4 17 44.270 45.932251 -129.979793 1.448 -1.44 230300068
2022 10 30 4 17 57.650 45.935746 -129.983040 1.457 -1.44 230300069
2022 10 30 4 18 35.650 45.934013 -129.981429 1.476 -1.12 230300070
2022 10 30 4 18 41.230 45.934123 -129.981242 1.596 -1.22 230300071
2022 10 30 4 19 9.540 45.933040 -129.980037 1.466 -1.12 230300072
2022 10 30 4 22 38.990 45.932593 -129.977726 2.049 -1.45 230300076
2022 10 30 4 27 44.040 45.996488 -130.015243 1.902 -0.33 230300079
2022 10 30 4 28 6.960 45.996297 -130.015096 1.797 -0.88 230300081
2022 10 30 4 28 23.280 45.997282 -130.016911 1.412 -1.00 230300082
2022 10 30 4 32 7.620 45.935319 -129.982747 1.401 -1.27 230300084
2022 10 30 4 36 0.120 45.934574 -129.982601 1.424 -1.91 230300085
2022 10 30 4 36 20.380 45.934224 -129.981576 1.396 -1.36 230300086
2022 10 30 4 37 54.380 45.933968 -129.980908 1.477 -0.98 230300087
2022 10 30 4 39 5.380 45.932601 -129.979842 1.493 -1.08 230300088
2022 10 30 4 40 57.820 45.933667 -129.980241 1.494 -1.40 230300089
2022 10 30 4 41 51.280 45.933272 -129.980835 1.476 -1.36 230300090
2022 10 30 4 42 8.160 45.932951 -129.979826 1.502 -1.39 230300091
2022 10 30 4 45 43.020 45.932837 -129.979671 1.535 -1.22 230300093
2022 10 30 4 48 3.140 45.932190 -129.980062 1.552 -1.61 230300096
2022 10 30 4 50 50.570 45.994657 -130.009945 2.186 -1.15 230300098
2022 10 30 4 51 50.650 45.932495 -129.980037 1.529 -1.65 230300100
2022 10 30 4 53 34.990 45.994511 -130.010164 1.489 -1.49 230300104
2022 10 30 5 1 19.870 45.934473 -129.981079 1.434 -0.94 230300107
2022 10 30 5 1 29.620 45.934082 -129.980990 1.440 -1.18 230300108
2022 10 30 5 2 2.750 45.931681 -129.979858 1.361 -0.82 230300109
2022 10 30 5 17 26.060 45.995504 -130.009790 2.492 -1.53 230300116
2022 10 30 5 30 49.860 45.933830 -129.980452 1.676 -1.34 230300123
2022 10 30 5 31 4.600 45.933378 -129.980599 1.512 -1.48 230300124
2022 10 30 5 32 19.120 45.934823 -129.981486 1.424 -1.54 230300125
2022 10 30 5 33 35.310 45.958504 -130.028019 1.157 -1.27 230300126
2022 10 30 5 33 56.340 45.934094 -129.980786 1.615 -1.32 230300127
2022 10 30 5 34 12.760 45.934635 -129.982056 1.435 -1.36 230300128
2022 10 30 5 35 26.840 45.934985 -129.982121 1.410 -1.67 230300129
2022 10 30 5 36 40.980 45.934603 -129.981364 1.722 -1.23 230300130
2022 10 30 5 36 50.220 45.933533 -129.981030 1.533 -1.88 230300131
2022 10 30 5 48 41.580 46.014844 -130.038086 1.668 -1.01 230300134
2022 10 30 5 49 50.500 45.933659 -129.981217 1.456 -1.46 230300135
2022 10 30 6 4 32.740 45.937236 -129.982039 1.295 -1.34 230300140
2022 10 30 6 7 16.790 45.938334 -129.978133 1.600 -1.02 230300141
2022 10 30 6 7 56.770 45.932064 -129.978597 1.603 -1.11 230300142
2022 10 30 6 11 49.730 45.933834 -129.981283 1.381 -1.45 230300145
2022 10 30 6 20 46.260 45.929000 -129.979256 1.016 -1.44 230300148
2022 10 30 6 26 53.440 45.935730 -129.981763 1.404 -1.39 230300150
2022 10 30 6 40 24.430 45.935059 -129.981812 1.420 -1.65 230300152
2022 10 30 7 1 26.170 45.935034 -129.981844 1.557 -1.42 230300153
2022 10 30 7 14 59.640 45.934347 -129.980876 1.429 -0.84 230300157
2022 10 30 7 18 9.790 45.935368 -129.982902 1.454 -1.61 230300159
2022 10 30 7 36 24.690 45.934599 -129.981462 1.497 -1.40 230300161
2022 10 30 7 46 53.780 45.934753 -129.981942 1.465 -1.14 230300164
2022 10 30 7 57 43.210 45.921427 -129.986694 1.011 -1.92 230300168
2022 10 30 8 23 19.330 45.935608 -129.980420 1.520 -1.56 230300170
2022 10 30 8 42 52.330 45.935494 -129.981209 1.471 -1.07 230300171
2022 10 30 8 47 47.320 45.936255 -129.980428 1.531 -1.03 230300173
2022 10 30 8 49 2.120 45.933854 -129.977507 1.945 -1.55 230300174
2022 10 30 8 51 11.550 45.936983 -129.981047 1.509 -1.11 230300175
2022 10 30 8 52 9.700 45.936304 -129.980623 1.535 -1.35 230300176
2022 10 30 8 52 14.510 45.936332 -129.980094 1.543 -1.59 230300177
2022 10 30 8 53 23.210 45.935885 -129.980477 1.512 -0.49 230300178
2022 10 30 8 54 12.940 45.945711 -129.991235 2.995 -1.34 230300180
2022 10 30 8 55 14.750 45.936239 -129.980143 1.571 -1.58 230300181
2022 10 30 8 55 58.890 45.935360 -129.980249 1.727 -0.89 230300182
2022 10 30 8 56 49.450 45.935828 -129.980306 1.578 -1.02 230300184
2022 10 30 9 0 3.960 45.936259 -129.981022 1.540 -0.99 230300187
2022 10 30 9 8 27.050 45.936800 -129.981299 1.611 -0.83 230300188
2022 10 30 9 9 9.000 45.935791 -129.980526 1.502 -1.11 230300189
2022 10 30 9 9 36.720 45.936580 -129.981177 1.473 -1.77 230300190
2022 10 30 9 15 48.920 45.936210 -129.980680 1.512 -1.04 230300191
2022 10 30 9 16 7.200 45.935571 -129.980078 1.630 -1.21 230300192
2022 10 30 9 16 46.050 45.935954 -129.979744 1.579 -1.31 230300193
2022 10 30 9 30 13.340 45.934595 -129.981877 1.361 -1.07 230300196
2022 10 30 10 13 29.000 45.999984 -130.026090 1.374 -0.46 230300197
2022 10 30 11 2 10.870 45.937236 -129.981429 1.508 -1.55 230300202
2022 10 30 11 34 16.980 45.955794 -129.984399 1.084 -1.44 230300203
2022 10 30 15 37 7.910 45.924919 -129.982723 1.135 -1.38 230300207
2022 10 30 18 22 52.120 45.936108 -129.981877 1.312 -0.91 230300209
2022 10 30 18 39 55.300 45.936727 -129.982031 1.380 -0.39 230300210
2022 10 31 3 53 35.520 45.939933 -130.019393 1.813 -1.32 230400004
2022 10 31 4 37 12.560 45.994845 -130.009855 1.651 -0.86 230400007
2022 10 31 4 45 23.330 45.994963 -130.011540 2.584 -1.52 230400009
2022 10 31 5 1 54.530 45.994307 -130.011418 2.018 -1.45 230400010
2022 10 31 7 2 53.440 45.935632 -129.980534 1.270 -0.41 230400019
2022 10 31 14 8 15.950 46.000053 -130.026921 1.341 -1.21 230400032
2022 10 31 16 15 42.630 45.935494 -129.981169 1.235 -0.99 230400042
2022 10 31 16 47 32.990 45.936060 -129.980949 1.169 -0.86 230400043
2022 10 31 22 10 3.520 45.996643 -130.025854 1.159 -0.40 230400046
2022 10 31 23 59 5.920 45.966935 -129.996004 1.560 -0.71 230400047
2022 11 1 4 44 8.170 45.941813 -130.019100 1.259 -1.24 230500004
2022 11 1 5 29 2.620 45.925252 -130.028198 2.498 -0.94 230500011
2022 11 1 11 32 18.720 46.003524 -130.028939 1.711 -1.15 230500087
2022 11 1 11 32 27.870 46.003894 -130.029256 1.739 -0.80 230500088
2022 11 1 11 32 56.080 46.003678 -130.029386 1.775 -1.09 230500090
2022 11 1 11 33 23.910 46.004932 -130.030981 1.675 -1.12 230500092
2022 11 1 11 33 57.590 46.004358 -130.029704 1.627 -0.44 230500095
2022 11 1 11 58 10.520 46.000675 -130.027604 0.648 -0.63 230500101
2022 11 1 11 58 28.120 46.005387 -130.030241 1.688 -1.33 230500102
2022 11 1 12 24 9.080 46.004537 -130.029964 1.787 -0.84 230500104
2022 11 1 12 28 4.520 46.005249 -130.030656 1.783 -1.34 230500105
2022 11 1 16 4 48.640 45.935893 -129.981388 1.586 -1.22 230500521
2022 11 1 17 1 5.080 45.952690 -130.043213 2.386 -1.17 230500779
2022 11 1 19 50 7.720 45.971688 -129.995150 1.829 -1.17 230500857
2022 11 2 0 1 36.790 45.936686 -129.981852 1.343 -1.89 230600000
2022 11 2 4 12 11.320 45.927096 -129.978507 1.542 -1.19 230600009
2022 11 2 5 28 40.130 45.910213 -129.981934 1.577 -1.46 230600012
2022 11 2 8 24 15.510 45.925224 -129.999707 1.250 -1.87 230600014
2022 11 2 8 35 44.680 45.959762 -129.994368 1.803 -1.62 230600016
2022 11 2 8 43 28.580 45.924788 -129.992765 0.858 -1.56 230600018
2022 11 2 10 44 45.600 46.015723 -130.037419 1.748 -0.55 230600024
2022 11 2 11 26 0.770 45.931677 -129.978581 1.439 -1.88 230600027
2022 11 2 11 28 46.400 45.931242 -129.977507 1.278 -1.40 230600029
2022 11 2 11 32 41.610 45.930965 -129.977393 1.460 -1.81 230600030
2022 11 2 11 34 59.320 45.930774 -129.977808 1.499 -1.77 230600031
2022 11 2 14 57 1.420 46.001803 -130.028434 1.639 -1.32 230600035
2022 11 2 19 12 13.360 45.985327 -130.005111 1.757 -1.32 230600065
2022 11 3 7 22 3.040 45.922461 -129.985799 1.238 -1.80 230700014
2022 11 3 8 2 4.020 45.921895 -129.988452 0.861 -1.22 230700016
2022 11 3 9 10 20.940 45.976941 -129.996916 1.560 -0.95 230700020
2022 11 3 9 11 10.210 45.976729 -129.996403 1.324 -1.10 230700022
2022 11 3 9 11 41.680 45.931307 -129.978231 1.567 -1.24 230700023
2022 11 3 9 11 49.700 45.976636 -129.996525 1.640 -0.87 230700024
2022 11 3 9 12 12.420 45.976876 -129.996810 1.822 -1.20 230700025
2022 11 3 9 12 35.340 45.975822 -129.996362 1.083 -1.48 230700027
2022 11 3 9 12 52.860 45.976628 -129.996655 1.280 -1.12 230700028
2022 11 3 9 13 28.800 45.930229 -129.977319 1.625 -1.51 230700029
2022 11 3 9 14 42.860 45.976436 -129.996891 1.338 -1.40 230700030
2022 11 3 9 14 51.700 45.977165 -129.996948 1.681 -1.19 230700031
2022 11 3 9 15 4.240 45.976717 -129.996753 1.496 -0.68 230700032
2022 11 3 9 15 11.370 45.977226 -129.996501 1.685 -0.54 230700033
2022 11 3 9 16 42.010 45.979500 -129.996598 1.240 -0.94 230700036
2022 11 3 9 17 26.610 45.976359 -129.997021 1.186 -1.52 230700037
2022 11 3 9 17 46.900 45.976477 -129.996647 1.144 -1.31 230700038
2022 11 3 9 17 50.660 45.979293 -129.995459 1.702 -1.51 230700039
2022 11 3 9 18 27.310 45.977869 -129.996712 1.811 -0.79 230700041
2022 11 3 9 19 34.060 45.977600 -129.997347 1.868 -0.69 230700043
2022 11 3 9 20 6.570 45.975590 -129.996452 1.220 -1.62 230700044
2022 11 3 9 21 5.150 45.976701 -129.995947 1.454 -1.25 230700045
2022 11 3 9 21 29.700 45.977930 -129.996729 1.835 -0.92 230700047
2022 11 3 9 42 16.240 45.976351 -129.996419 1.265 -1.30 230700051
2022 11 3 9 42 46.910 45.993184 -130.036963 0.806 -1.47 230700052
2022 11 3 9 49 6.290 45.977173 -129.997428 1.153 -1.40 230700054
2022 11 3 9 56 14.920 45.974235 -129.995557 1.599 -1.57 230700059
2022 11 3 9 57 25.040 45.975997 -129.996574 1.747 -1.61 230700060
2022 11 3 9 58 32.770 45.975667 -129.993791 1.996 -1.20 230700061
2022 11 3 10 4 10.000 45.975684 -129.995500 1.093 -0.98 230700063
2022 11 3 10 4 51.040 45.974687 -129.994865 1.184 -0.50 230700064
2022 11 3 10 8 28.810 45.973901 -129.994645 1.873 -1.04 230700065
2022 11 3 10 9 11.270 45.975488 -129.995622 1.799 -1.26 230700067
2022 11 3 10 15 54.740 45.976383 -129.997005 1.562 -1.45 230700068
2022 11 3 10 17 24.840 45.976025 -129.996737 1.344 -1.47 230700069
2022 11 3 10 20 38.640 45.975598 -129.995695 1.206 -1.80 230700070
2022 11 3 10 28 22.450 45.975033 -129.994417 2.034 -0.81 230700073
2022 11 3 10 28 27.930 45.975993 -129.996590 1.441 -0.94 230700074
2022 11 3 10 35 17.610 45.976648 -129.996842 1.652 -1.69 230700079
2022 11 3 10 35 50.240 45.976314 -129.996940 1.299 -1.36 230700080
2022 11 3 10 37 25.470 45.976485 -129.996501 1.685 -1.18 230700082
2022 11 3 10 39 12.180 45.975997 -129.997070 1.497 -0.74 230700084
2022 11 3 10 39 35.010 45.976485 -129.996460 1.461 -0.80 230700086
2022 11 3 10 39 43.190 45.975651 -129.997469 1.198 -1.01 230700087
2022 11 3 10 40 0.760 45.976367 -129.996729 1.603 -0.86 230700088
2022 11 3 10 40 10.130 45.976078 -129.997127 1.567 -0.69 230700089
2022 11 3 10 40 54.390 45.976009 -129.996493 1.201 -1.23 230700090
2022 11 3 10 41 5.770 45.975667 -129.996834 1.295 -1.06 230700091
2022 11 3 10 42 42.550 45.976444 -129.996631 1.518 -1.31 230700094
2022 11 3 10 43 36.420 45.978609 -130.003589 0.701 -1.21 230700095
2022 11 3 10 45 21.020 45.975700 -129.996183 1.320 -1.12 230700096
2022 11 3 10 45 46.840 45.975736 -129.996712 1.707 -0.70 230700097
2022 11 3 10 48 6.520 45.975696 -129.996777 1.209 -1.61 230700099
2022 11 3 10 54 15.470 45.975753 -129.996297 1.170 -1.16 230700105
2022 11 3 13 55 41.510 45.976681 -129.997176 0.916 -1.23 230700113
2022 11 3 13 59 30.950 45.977861 -129.997298 1.261 -1.32 230700114
2022 11 3 14 1 14.470 45.976994 -129.997542 1.189 -1.22 230700115
2022 11 3 14 10 9.110 45.977551 -129.997241 1.282 -1.19 230700118
2022 11 3 14 13 43.510 45.971741 -129.995605 1.379 -1.22 230700119
2022 11 3 14 14 16.610 45.970805 -129.995223 1.369 -1.51 230700120
2022 11 3 14 40 20.450 45.972257 -129.995719 1.396 -1.15 230700122
2022 11 3 15 8 49.420 45.972335 -129.995801 1.620 -1.07 230700124
2022 11 3 15 15 47.740 45.972355 -129.995589 1.645 -1.00 230700125
2022 11 3 15 35 17.180 45.976009 -129.993563 0.951 -1.00 230700126
2022 11 3 20 52 45.400 46.001322 -130.027718 1.337 -0.20 230700130
2022 11 4 12 41 19.350 45.937610 -129.983244 1.287 -1.23 230800048
2022 11 4 18 17 28.800 45.976025 -129.997160 1.013 -0.89 230800055
2022 11 4 21 40 14.240 45.975659 -129.994043 1.683 -1.01 230800057
2022 11 5 3 34 58.110 45.922607 -129.990210 0.870 -2.00 230900014
2022 11 5 3 35 28.880 45.978072 -130.019010 3.945 -1.13 230900015
2022 11 5 3 45 19.780 45.923108 -129.984383 2.813 -1.28 230900017
2022 11 5 4 1 17.140 45.923437 -129.990430 0.888 -1.61 230900018
2022 11 5 4 3 32.590 45.923299 -129.990853 0.790 -1.21 230900020
2022 11 5 4 29 45.050 45.923560 -129.991170 0.924 -1.08 230900022
2022 11 5 5 39 9.760 45.977852 -129.997095 1.267 -1.15 230900023
2022 11 5 11 52 31.630 45.925757 -130.003784 0.879 -0.89 230900030
2022 11 5 12 24 23.370 45.977112 -129.993978 2.106 -1.03 230900033
2022 11 5 14 49 1.610 45.928243 -129.982943 3.642 -1.42 230900036
2022 11 5 20 37 42.660 45.921025 -129.981299 1.611 -2.00 230900062
2022 11 6 1 50 37.070 45.923519 -129.991243 0.980 -1.56 231000098
2022 11 6 6 51 7.250 46.005155 -130.026497 1.551 -1.39 231000136
2022 11 6 12 45 30.570 45.926733 -129.987671 0.997 -1.75 231000138
2022 11 6 17 4 31.180 46.002091 -130.030957 1.724 -1.27 231000146
2022 11 6 17 4 43.360 46.001676 -130.030428 1.685 -0.87 231000147
2022 11 6 17 11 25.880 46.001721 -130.030892 1.693 -0.82 231000148
2022 11 6 17 12 20.880 46.001265 -130.029305 1.538 -1.21 231000149
2022 11 6 17 13 1.120 46.001408 -130.030436 1.714 -1.01 231000150
2022 11 6 20 19 24.320 45.924178 -129.996851 0.648 -1.33 231000162
2022 11 7 2 22 12.460 46.011731 -130.035962 1.826 -0.24 231100002
2022 11 7 15 38 1.280 46.002018 -130.027474 1.333 -0.06 231100009
2022 11 7 15 38 1.050 45.998490 -130.039315 0.002 -1.12 231100010
2022 11 7 15 39 49.820 46.000907 -130.027262 1.318 -0.99 231100012
2022 11 7 18 28 13.680 45.925171 -129.990462 0.966 -0.93 231100023
2022 11 7 20 55 43.480 45.963688 -129.994368 1.201 -1.06 231100040
2022 11 7 22 5 31.100 45.994987 -130.016048 1.356 -1.48 231100041
2022 11 8 2 18 29.190 45.958997 -129.990576 1.777 -1.66 231200003
2022 11 8 2 37 58.980 45.959188 -129.988867 1.393 -1.62 231200005
2022 11 8 3 26 11.880 45.958984 -129.988688 1.319 -1.26 231200008
2022 11 8 4 53 45.570 45.927604 -130.011711 1.577 -1.92 231200010
2022 11 8 6 57 44.080 45.925448 -129.985897 1.014 -1.18 231200013
2022 11 8 7 32 42.180 45.928097 -129.976855 3.054 -1.32 231200014
2022 11 8 8 7 7.350 45.964933 -129.994653 1.483 -1.23 231200015
2022 11 8 8 17 3.880 45.993636 -130.018018 2.425 -1.19 231200017
2022 11 8 9 10 0.000 45.925716 -129.985767 0.984 -1.85 231200018
2022 11 8 15 57 5.200 45.899658 -129.987288 2.133 -1.06 231200021
2022 11 8 19 2 6.480 45.965617 -129.995703 1.347 -1.52 231200031
2022 11 8 19 8 36.040 45.920418 -129.975700 1.459 -0.72 231200032
2022 11 8 23 48 2.840 45.977030 -129.997282 1.121 -1.10 231200033
2022 11 9 1 31 48.060 45.922172 -129.967660 1.571 -1.48 231300001
2022 11 9 2 57 23.530 45.993046 -130.036222 1.792 -1.68 231300005
2022 11 9 4 28 38.470 45.927657 -129.987044 1.279 -1.67 231300007
2022 11 9 13 24 25.090 45.910665 -129.984440 0.994 -1.39 231300009
2022 11 9 15 24 31.920 46.003162 -130.028597 1.629 -1.18 231300011
2022 11 10 3 17 33.450 46.000277 -130.021281 1.739 -1.00 231400001
2022 11 11 2 41 7.340 45.997998 -130.028410 1.404 -1.46 231500003
2022 11 11 4 29 44.900 45.922595 -129.991064 0.875 -1.49 231500007
2022 11 11 7 53 28.390 45.920707 -129.968237 2.089 -1.56 231500014
2022 11 11 10 59 50.010 46.004915 -130.031030 1.382 -0.83 231500015
2022 11 11 11 10 7.440 45.997929 -130.028190 1.393 -1.31 231500016
2022 11 11 11 13 4.380 45.998531 -130.028133 1.443 -1.13 231500017
2022 11 11 11 13 17.170 45.997990 -130.027629 1.417 -1.04 231500018
2022 11 11 11 13 59.570 45.997892 -130.027930 1.407 -1.43 231500019
2022 11 11 11 17 6.300 46.005603 -130.037069 1.476 -0.19 231500021
2022 11 11 11 17 19.930 45.999243 -130.027889 1.567 -1.36 231500022
2022 11 11 11 17 36.380 45.999373 -130.028035 1.058 -1.71 231500023
2022 11 11 11 17 56.280 45.998556 -130.028328 1.547 -0.80 231500025
2022 11 11 11 18 11.390 45.998690 -130.028971 1.416 -0.90 231500026
2022 11 11 11 18 16.830 45.999308 -130.028792 1.139 -0.86 231500027
2022 11 11 11 18 27.310 45.997432 -130.028076 1.464 -1.06 231500028
2022 11 11 11 18 31.570 46.000285 -130.031380 1.708 -1.18 231500029
2022 11 11 11 18 42.540 45.997534 -130.027604 1.333 -1.08 231500031
2022 11 11 11 18 46.690 45.998954 -130.028687 1.543 -0.67 231500032
2022 11 11 11 18 56.570 45.999268 -130.028564 1.620 -1.04 231500033
2022 11 11 11 19 10.410 45.999483 -130.028947 1.650 -0.88 231500034
2022 11 11 11 19 32.960 45.998865 -130.028703 1.594 -0.29 231500037
2022 11 11 11 19 39.970 45.999825 -130.028890 1.390 -0.45 231500038
2022 11 11 11 19 43.650 45.998507 -130.028442 1.347 -0.43 231500039
2022 11 11 11 19 47.530 45.998348 -130.028923 1.625 -0.23 231500040
2022 11 11 11 20 7.350 45.999251 -130.028239 1.109 -0.46 231500041
2022 11 11 11 20 34.480 45.998962 -130.029110 1.703 -1.01 231500043
2022 11 11 11 20 46.420 46.000065 -130.029517 1.617 -1.04 231500044
2022 11 11 11 21 0.240 45.998393 -130.028410 1.537 -0.95 231500045
2022 11 11 11 21 5.480 45.998319 -130.028353 1.455 -1.28 231500046
2022 11 11 11 21 25.630 46.000590 -130.031022 2.012 -1.50 231500047
2022 11 11 11 21 30.360 46.003544 -130.035327 2.105 -1.05 231500048
2022 11 11 11 23 2.950 45.991711 -130.025814 0.649 -1.33 231500050
2022 11 11 11 25 12.480 45.999243 -130.027840 1.609 -1.28 231500051
2022 11 11 11 27 52.930 45.999650 -130.029118 1.737 -1.53 231500053
2022 11 11 11 38 34.590 46.000810 -130.027897 1.688 -1.72 231500055
2022 11 11 13 41 52.290 46.000281 -130.028198 1.441 -1.13 231500058
2022 11 11 14 54 44.310 45.998299 -130.026042 1.861 -1.24 231500060
2022 11 11 15 15 49.900 46.000488 -130.029338 1.859 -1.02 231500061
2022 11 11 15 22 30.300 46.000468 -130.028573 1.681 -0.91 231500063
2022 11 11 15 30 54.060 46.001697 -130.029484 1.911 -0.95 231500065
2022 11 11 15 32 25.510 45.996993 -130.029679 2.386 -0.96 231500066
2022 11 11 15 34 32.720 46.000159 -130.028507 1.696 -0.58 231500069
2022 11 11 15 45 15.850 46.002087 -130.030168 1.845 -0.60 231500072
2022 11 11 15 48 17.520 46.000826 -130.028882 1.919 -0.94 231500077
2022 11 11 15 49 37.280 46.000378 -130.029655 2.144 -1.43 231500078
2022 11 11 15 50 12.260 46.000606 -130.028337 1.660 -0.78 231500079
2022 11 12 4 49 48.290 45.923368 -129.988916 0.995 -1.82 231600003
2022 11 12 5 30 23.160 45.958936 -129.992326 1.265 -1.18 231600006
2022 11 12 6 21 58.180 45.922066 -129.973405 1.563 -1.55 231600008
2022 11 12 17 29 6.660 45.939856 -130.026774 1.466 -1.19 231600057
2022 11 13 0 50 3.510 45.919169 -129.976766 1.068 -1.49 231700001
2022 11 14 6 30 27.540 46.001526 -130.029036 1.495 -1.07 231800016
2022 11 14 6 36 47.470 46.003186 -130.030257 1.376 -1.52 231800023
2022 11 14 6 37 29.100 46.000521 -130.028434 1.225 -0.25 231800024
2022 11 15 13 30 23.450 45.920825 -129.987964 1.141 -1.68 231900014
2022 11 15 13 33 25.460 45.920907 -129.989331 0.900 -1.66 231900015
2022 11 15 14 52 29.380 46.003446 -130.025171 1.546 -0.89 231900017
2022 11 15 14 55 9.630 46.004386 -130.025171 1.635 -0.32 231900019
2022 11 15 20 7 45.420 45.900431 -130.011556 0.038 -1.67 231900026
2022 11 17 2 58 17.710 46.001298 -130.027327 1.251 -1.14 232100001
2022 11 19 2 55 53.530 45.942619 -130.017277 1.337 -0.91 232300001
2022 11 19 9 9 40.510 45.994031 -130.028743 1.336 -0.48 232300004
2022 11 19 9 57 55.740 46.002787 -130.029093 1.485 -0.87 232300006
2022 11 19 10 5 6.300 45.932222 -130.016927 1.106 -1.40 232300007
2022 11 19 20 3 37.540 46.004012 -130.023901 1.400 -1.42 232300014
2022 11 19 23 32 16.100 45.996004 -130.026009 0.809 -1.24 232300016
2022 11 20 0 14 49.390 45.925024 -129.991805 1.028 -1.58 232400002
2022 11 20 0 19 28.070 45.924418 -129.990951 0.963 -1.18 232400004
2022 11 20 1 19 27.870 45.988265 -130.039486 1.461 -1.61 232400007
2022 11 21 0 57 12.740 46.003259 -130.026888 1.605 -1.28 232500000
2022 11 22 1 13 33.670 45.915426 -129.991016 0.325 -1.43 232600004
2022 11 22 1 17 30.150 45.984875 -129.991349 2.162 -0.84 232600008
2022 11 22 1 23 36.620 45.914270 -129.988786 0.696 -1.18 232600009
2022 11 22 11 8 8.290 46.001196 -130.028662 1.330 -1.52 232600039
2022 11 22 19 58 8.720 45.986507 -130.016675 0.149 -0.60 232600145
2022 11 22 22 31 28.860 46.002242 -130.030542 1.689 -1.00 232600151
2022 11 23 2 27 53.390 45.939429 -129.986117 1.348 -1.89 232700004
2022 11 23 5 42 8.760 45.990043 -130.002246 0.268 -0.83 232700006
2022 11 23 5 42 16.670 46.001770 -130.027783 1.366 -1.13 232700007
2022 11 23 7 40 20.120 45.916211 -129.991268 0.944 -1.60 232700024
2022 11 23 15 11 13.420 46.004513 -130.032023 2.023 -0.69 232700168
2022 11 24 1 59 25.660 45.928495 -129.979159 2.133 -1.02 232800001
2022 11 25 0 34 21.310 45.922262 -129.994897 0.886 -0.78 232900010
2022 11 25 16 10 48.320 46.001074 -130.029598 1.827 -1.34 232900045
2022 11 25 22 2 20.320 45.992586 -130.014274 1.542 -0.88 232900063
2022 11 25 22 31 9.040 46.001526 -130.026571 1.506 -1.32 232900067
2022 11 26 0 33 33.600 45.992330 -130.013534 1.654 -1.09 233000001
2022 11 26 4 10 1.090 45.927132 -130.004386 0.802 -1.23 233000010
2022 11 26 5 41 9.820 46.003939 -130.030192 1.114 -0.99 233000020
2022 11 26 5 41 59.340 46.000692 -130.026058 1.092 -0.04 233000022
2022 11 26 5 42 9.870 46.005257 -130.031665 1.178 -1.23 233000023
2022 11 26 5 42 19.170 46.003284 -130.030379 0.885 -1.25 233000024
2022 11 26 5 43 14.900 46.005355 -130.031649 1.171 -0.79 233000027
2022 11 26 5 43 17.660 46.007703 -130.034424 0.602 -0.89 233000028
2022 11 26 5 45 42.130 46.003194 -130.031079 1.072 -1.67 233000033
2022 11 26 5 57 21.280 46.002612 -130.029989 1.077 -1.15 233000034
2022 11 26 6 17 25.080 45.923234 -129.986051 1.109 -2.00 233000035
2022 11 26 7 6 59.520 45.942126 -130.018254 1.365 -1.08 233000036
2022 11 26 10 22 45.510 45.920915 -129.976839 1.414 -1.25 233000041
2022 11 27 0 42 52.190 45.987533 -130.002303 1.368 -1.43 233100000
2022 11 27 7 18 57.730 45.962826 -129.995150 1.424 -1.20 233100097
2022 11 27 15 18 57.510 46.000317 -130.026961 1.371 -0.57 233100721
2022 11 27 17 50 22.400 45.962769 -129.995231 1.381 -0.79 233100916
2022 11 28 11 53 29.390 46.003023 -130.029207 1.492 -1.24 233200010
2022 11 28 21 13 40.120 45.925586 -129.988444 2.647 -0.78 233200034
2022 11 29 5 3 30.950 45.919047 -129.980990 1.241 -1.47 233300004
2022 11 29 9 56 37.440 45.926599 -129.986589 1.076 -1.58 233300010
2022 11 29 13 38 6.820 46.002738 -130.029639 1.630 -1.01 233300017
2022 11 30 22 8 43.500 46.002018 -130.028223 1.369 -1.16 233400011
2022 11 30 23 34 42.820 46.001343 -130.030054 1.589 -1.01 233400012
2022 12 1 18 59 2.520 45.999837 -130.026538 1.229 -1.69 233500017
2022 12 4 13 59 26.440 45.988704 -130.004907 1.804 -0.86 233800007
2022 12 5 8 42 57.820 45.922758 -129.985555 1.027 -1.29 233900029
2022 12 5 17 12 58.480 45.997632 -130.026750 1.001 -0.92 233900031
2022 12 5 23 3 10.120 45.995866 -130.028719 1.289 -1.14 233900035
2022 12 5 23 3 50.740 45.996476 -130.029395 1.314 -1.28 233900036
2022 12 7 5 28 35.130 46.002116 -130.027539 1.434 -1.42 234100005
2022 12 7 5 30 0.200 46.002189 -130.028402 1.366 -0.90 234100006
2022 12 7 8 56 24.890 45.974451 -129.996313 1.003 -1.17 234100007
2022 12 7 9 27 47.120 45.969519 -129.996712 1.615 -1.50 234100008
2022 12 7 10 45 21.810 45.970003 -129.996175 1.656 -0.57 234100009
2022 12 7 10 47 4.150 45.970117 -129.996411 1.467 -1.24 234100010
2022 12 9 4 35 52.230 46.004508 -130.031502 1.827 -0.92 234300008
2022 12 10 6 39 34.930 45.995634 -130.011686 2.348 -1.31 234400011
2022 12 10 15 43 4.940 45.926542 -129.981356 1.079 -0.29 234400023
2022 12 10 17 52 45.820 46.007979 -130.031730 1.998 -1.08 234400025
2022 12 11 2 38 27.190 45.996773 -130.010938 1.932 -1.37 234500008
2022 12 11 5 14 29.870 45.997852 -130.014950 2.111 -1.02 234500013
2022 12 11 5 50 5.710 45.956531 -130.010718 0.387 -0.95 234500015
2022 12 11 6 5 0.670 45.961393 -130.027718 0.024 -0.75 234500018
2022 12 11 6 9 55.720 45.967468 -130.029712 0.352 -0.84 234500020
2022 12 12 6 5 11.050 45.980587 -129.997485 2.506 -1.16 234600000
2022 12 12 7 10 28.980 45.919316 -129.989648 0.977 -0.96 234600002
2022 12 12 7 32 53.720 45.921216 -129.987077 1.215 -1.05 234600003
2022 12 12 9 17 31.950 45.991707 -130.019491 2.208 -1.16 234600006
2022 12 12 11 26 19.180 45.895968 -129.975789 0.809 -0.84 234600010
2022 12 12 13 59 37.570 46.002873 -130.033732 2.345 -1.12 234600013
2022 12 15 3 42 18.180 46.006120 -130.027376 1.655 -0.48 234900002
2022 12 15 4 46 51.060 46.005371 -130.026872 1.681 -0.62 234900003
2022 12 15 4 47 25.260 46.017301 -130.028149 1.482 -1.21 234900004
2022 12 17 13 3 3.460 46.012301 -130.034310 1.848 -0.84 235100002
2022 12 17 17 27 29.980 46.003597 -130.029061 1.275 -1.17 235100005
2022 12 17 19 37 45.600 45.919434 -129.989608 0.874 -1.02 235100007
2022 12 17 19 41 23.320 45.921057 -129.988485 1.551 -1.07 235100009
2022 12 17 21 40 34.700 45.969751 -129.996322 1.626 -1.12 235100011
2022 12 19 0 4 26.720 45.966170 -129.996525 1.365 -1.36 235300000
2022 12 20 1 58 4.180 45.994877 -130.023918 1.488 -1.78 235400050
2022 12 20 2 20 34.530 45.991972 -130.005957 0.424 -0.79 235400051
2022 12 20 5 42 11.830 45.925765 -129.988566 2.112 -1.30 235400052
2022 12 20 6 39 53.950 46.003768 -130.027710 1.460 -0.81 235400054
2022 12 20 16 56 37.350 46.002189 -130.022160 1.533 -0.53 235400071
2022 12 22 13 57 41.900 46.002087 -130.028198 1.440 -0.56 235600024
2022 12 22 14 10 0.310 45.933028 -129.976432 1.384 -1.13 235600029
2022 12 22 15 11 33.420 45.933915 -129.977734 1.164 -0.63 235600032
2022 12 22 16 18 43.730 45.940523 -129.985514 1.353 -0.82 235600035
2022 12 23 1 1 43.320 46.003174 -130.023975 1.742 -1.11 235700008
2022 12 23 1 46 19.640 45.986845 -129.990462 0.482 0.17 235700012
2022 12 23 1 46 31.920 45.968258 -129.995020 1.806 -0.47 235700013
2022 12 23 1 47 19.770 45.968213 -129.995068 1.792 -0.43 235700014
2022 12 23 1 48 21.180 45.969385 -129.995671 1.868 -0.70 235700016
2022 12 23 1 52 30.830 45.982699 -129.990641 0.405 -0.19 235700021
2022 12 23 1 53 13.380 45.969356 -129.995117 1.804 -0.75 235700022
2022 12 23 1 54 13.550 45.955839 -129.997762 1.786 -0.46 235700023
2022 12 23 1 54 31.020 45.968066 -129.995483 1.862 -0.05 235700024
2022 12 23 1 56 27.090 45.969596 -129.995313 1.688 -0.41 235700026
2022 12 23 1 58 1.540 45.969710 -129.995239 1.803 -0.99 235700028
2022 12 23 1 59 21.230 45.968258 -129.994360 1.867 -0.28 235700029
2022 12 23 2 9 51.840 45.969002 -129.995109 1.473 -0.95 235700037
2022 12 23 2 54 42.100 45.970711 -129.995597 1.758 -0.90 235700045
2022 12 23 2 56 9.000 45.969141 -129.994971 1.681 -0.63 235700047
2022 12 23 3 7 42.260 45.969385 -129.995988 1.723 -0.42 235700049
2022 12 23 3 8 10.260 45.968612 -129.994336 1.871 -1.29 235700051
2022 12 23 3 40 10.500 45.973067 -129.997160 1.870 -0.34 235700053
2022 12 23 3 43 45.770 45.970345 -129.995459 1.889 -0.52 235700056
2022 12 23 3 46 43.600 45.971419 -129.994735 1.361 -1.01 235700057
2022 12 23 5 18 13.470 46.000562 -130.025252 1.256 -0.61 235700060
2022 12 23 11 46 7.620 45.969373 -129.995939 1.495 -1.04 235700069
2022 12 23 11 46 36.400 45.968380 -129.995573 1.586 -0.72 235700070
2022 12 23 22 44 25.820 45.966191 -129.995101 1.311 -0.91 235700148
2022 12 24 0 20 51.610 45.927572 -129.987427 1.077 -1.76 235800007
2022 12 24 3 13 39.220 45.994348 -130.011613 2.202 -0.79 235800031
2022 12 24 4 29 58.060 45.939563 -129.986051 1.171 -1.30 235800033
2022 12 24 11 54 43.500 46.002995 -130.017985 1.470 -0.93 235800053
2022 12 25 4 4 0.220 45.980554 -129.997062 1.000 -1.26 235900051
2022 12 25 5 13 47.950 45.961357 -129.978247 2.066 -0.60 235900055
2022 12 26 7 1 33.630 45.947766 -129.985409 2.316 -0.64 236000021
2022 12 26 12 0 7.660 45.966097 -129.995907 1.428 -1.05 236000033
2022 12 27 9 59 46.920 46.003019 -130.028955 1.581 -0.66 236100015
2022 12 28 6 27 19.040 46.008317 -130.032943 1.610 -0.92 236200011
2022 12 28 6 27 48.290 46.008598 -130.032780 1.806 -1.14 236200012
2022 12 28 6 52 9.190 45.996057 -130.013118 1.014 -0.37 236200013
2022 12 29 0 52 50.440 45.999927 -130.027043 1.262 -1.08 236300001
2022 12 30 4 32 59.510 46.013057 -130.039461 1.724 -1.04 236400006
2022 12 30 5 11 3.360 46.012504 -130.037842 1.741 -0.38 236400009
2022 12 30 5 13 27.220 46.012378 -130.038826 1.398 -0.35 236400011
2022 12 30 7 55 10.470 45.961751 -129.990324 1.467 -0.26 236400025
2022 12 30 8 10 2.430 45.989278 -129.984147 0.450 -0.58 236400027
2022 12 30 9 11 49.410 45.970150 -129.996517 1.501 -0.82 236400033
2022 12 30 9 44 26.450 45.967285 -129.993132 1.494 -0.78 236400038
2022 12 30 9 48 37.020 45.967285 -129.993188 1.831 -1.02 236400041
2022 12 30 9 57 49.870 45.967855 -129.993709 1.884 -0.92 236400044
2022 12 30 10 30 52.110 45.965694 -129.992936 1.878 -0.88 236400057
2022 12 30 12 25 23.940 45.964596 -129.993254 1.669 -0.77 236400070
2022 12 30 13 30 42.790 45.966919 -129.993604 1.856 -0.67 236400072
2022 12 30 15 1 27.040 45.965169 -129.993270 1.467 -0.60 236400076
2022 12 30 15 27 40.700 45.966345 -129.993197 1.545 -0.73 236400080
2022 12 30 15 27 47.100 45.966166 -129.993669 1.575 -0.88 236400081
2022 12 30 15 28 22.980 45.964933 -129.993018 1.501 -0.84 236400082
2022 12 30 15 59 25.050 45.964404 -129.993018 1.402 -0.72 236400083
2022 12 30 16 6 38.280 45.964889 -129.993254 1.453 -0.92 236400085
2022 12 30 16 6 56.860 45.965275 -129.993099 1.579 -0.60 236400086
2022 12 30 16 16 34.620 45.963798 -129.992342 1.251 -0.46 236400090
2022 12 30 16 38 56.310 45.966292 -129.993498 1.662 -0.99 236400095
2022 12 30 16 45 28.220 45.966980 -129.993774 1.747 -0.83 236400096
2022 12 30 16 50 39.700 45.967574 -129.993547 1.683 -0.55 236400097
2022 12 30 16 50 58.580 45.966935 -129.992830 1.462 -1.39 236400098
2022 12 30 16 53 12.140 45.967098 -129.993669 1.786 -1.05 236400099
2022 12 30 17 0 10.800 45.965967 -129.993962 1.482 -1.17 236400102
2022 12 30 17 35 40.280 45.966007 -129.992757 1.908 -0.76 236400105
2022 12 30 21 26 21.400 45.967452 -129.993880 1.337 -1.14 236400113
2022 12 30 21 26 35.400 45.967912 -129.994002 1.364 -0.89 236400114
2022 12 30 21 26 43.180 45.967440 -129.994694 1.840 -1.61 236400115
2022 12 30 21 36 29.860 45.971708 -129.994067 1.397 -1.01 236400117
2022 12 31 7 39 55.540 46.022445 -130.037118 1.778 -1.35 236500008
2022 12 31 13 28 54.600 46.002100 -130.028345 1.435 -0.80 236500014
2023 1 1 1 15 24.510 45.919889 -129.981974 1.188 -1.39 300100085
2023 1 1 2 21 26.560 45.988826 -130.026717 1.260 -1.79 300100155
2023 1 1 2 29 26.450 46.012846 -130.037744 1.677 -0.66 300100156
2023 1 1 4 5 3.870 46.012923 -130.037410 1.635 -1.36 300100159
2023 1 1 6 23 42.890 46.001180 -130.027124 1.248 -1.06 300100165
2023 1 1 7 11 1.360 45.985238 -129.979826 3.131 -0.03 300100167
2023 1 1 16 18 38.730 46.003377 -130.024325 1.442 -0.12 300100178
2023 1 1 16 18 58.970 46.003487 -130.024634 1.501 -0.78 300100180
2023 1 1 16 40 34.090 45.925822 -129.977743 1.759 -1.49 300100181
2023 1 1 17 6 54.680 46.004561 -130.030884 1.442 -1.12 300100183
2023 1 1 19 39 17.640 46.001799 -130.036157 1.151 -1.12 300100185
2023 1 1 20 57 39.600 46.012390 -130.036873 1.715 -0.74 300100191
2023 1 1 23 18 40.680 45.942147 -130.018978 2.286 0.14 300100199
2023 1 2 12 17 19.610 45.958634 -129.988395 1.340 -1.06 300200037
2023 1 2 12 19 16.670 45.958386 -129.988770 1.768 -0.77 300200039
2023 1 3 5 2 23.780 46.018453 -130.033887 1.566 -0.32 300300016
2023 1 4 4 42 8.670 45.959200 -129.990967 1.964 -1.15 300400046
2023 1 4 4 43 22.980 45.958557 -129.992082 1.971 -1.38 300400048
2023 1 4 17 0 16.040 45.936662 -129.980770 2.950 -0.23 300400224
2023 1 5 1 43 49.040 45.912012 -129.941593 2.469 -0.93 300500026
2023 1 5 7 43 4.940 45.932039 -129.977384 1.451 -1.11 300500058
2023 1 5 7 52 43.880 45.929932 -129.973511 2.071 -0.66 300500060
2023 1 5 21 14 38.560 45.925850 -129.990340 1.080 -1.20 300500159
2023 1 6 4 27 2.870 46.002885 -130.029980 1.642 -0.49 300600039
2023 1 6 4 27 25.360 46.002812 -130.032699 1.842 -0.69 300600040
2023 1 6 4 29 34.790 46.000667 -130.029980 1.720 -0.98 300600042
2023 1 6 4 31 32.640 46.001127 -130.030070 1.735 -1.31 300600043
2023 1 6 22 5 12.240 46.002311 -130.022876 0.601 0.05 300600198
2023 1 7 3 10 15.090 45.970553 -130.003190 0.860 -0.40 300700018
2023 1 8 12 38 14.340 46.002913 -130.029500 1.430 -0.83 300800134
2023 1 9 3 50 15.000 45.937390 -130.017554 1.121 -1.58 300900009
2023 1 9 12 40 6.070 45.967891 -129.996257 1.796 -0.68 300900050
2023 1 10 21 7 55.280 45.994458 -130.025358 0.696 -1.34 301000230
2023 1 10 22 26 20.560 45.923653 -129.977791 1.307 -0.44 301000233
2023 1 10 23 18 17.960 45.965047 -129.996370 1.272 -0.98 301000237
2023 1 11 15 19 21.180 46.003931 -130.032194 1.771 -0.60 301100015
2023 1 12 6 9 4.410 45.928898 -130.006893 1.072 -1.24 301200016
2023 1 12 8 33 31.650 45.976457 -130.047860 0.464 -1.04 301200029
2023 1 13 3 55 39.140 46.005924 -130.027336 1.693 -0.66 301300020
2023 1 13 6 48 47.020 46.002197 -130.024658 1.658 -1.10 301300031
2023 1 13 8 10 9.950 45.992692 -130.024967 0.316 -1.18 301300037
2023 1 13 12 13 7.260 46.002706 -130.024357 1.667 -0.39 301300047
2023 1 14 3 21 35.920 45.903658 -129.989282 0.078 -0.48 301400044
2023 1 14 5 23 54.090 45.925920 -129.978914 2.351 -1.17 301400098
2023 1 14 8 25 22.740 46.003186 -130.022030 2.243 -1.33 301400100
2023 1 14 8 26 11.000 46.014274 -130.036532 1.561 -0.66 301400101
2023 1 14 12 37 20.660 46.014111 -130.036564 1.496 -1.13 301400107
2023 1 14 16 41 12.330 45.924963 -129.986328 0.512 -1.13 301400110
2023 1 14 19 7 52.120 45.940491 -130.016724 1.337 -0.89 301400115
2023 1 15 23 43 32.320 46.002474 -130.024284 1.562 -0.65 301500077
2023 1 15 23 43 41.240 46.004199 -130.026261 1.852 -1.00 301500079
2023 1 16 5 15 32.680 45.926493 -129.980835 1.140 -1.45 301600077
2023 1 16 20 2 40.280 46.004228 -130.040601 0.677 -1.67 301600126
2023 1 16 22 27 22.200 45.922913 -129.991553 0.932 -1.29 301600132
2023 1 17 2 41 4.330 46.024622 -130.036678 1.913 -1.10 301700020
2023 1 17 17 9 37.780 45.942424 -130.015177 0.844 -1.68 301700063
2023 1 18 3 13 43.190 45.992249 -130.019067 0.888 -0.74 301800005
2023 1 19 3 17 7.470 45.978284 -129.990177 0.440 -1.38 301900060
2023 1 19 5 15 11.050 45.926835 -129.982235 1.322 -1.03 301900064
2023 1 19 8 22 23.120 45.919149 -129.989307 0.880 -1.34 301900065
2023 1 19 8 50 44.240 45.919096 -129.990413 0.743 -1.85 301900066
2023 1 20 0 45 35.930 45.939856 -129.986719 0.860 0.09 302000007
2023 1 20 0 54 6.030 45.939807 -129.986190 0.749 -0.94 302000009
2023 1 20 1 19 26.010 45.938936 -129.986336 1.508 -1.01 302000013
2023 1 20 2 8 7.190 45.954696 -129.986792 1.752 -0.42 302000020
2023 1 20 2 18 41.440 45.954106 -129.986979 1.663 -0.90 302000023
2023 1 20 2 38 19.280 45.995740 -130.013322 1.376 -1.29 302000025
2023 1 21 1 28 28.920 45.940125 -129.993595 1.582 -1.66 302100034
2023 1 21 2 31 34.510 45.962179 -129.992098 2.132 -1.24 302100073
2023 1 21 2 31 37.970 45.962207 -129.992765 2.083 -1.27 302100074
2023 1 21 2 41 9.980 45.962846 -129.992212 1.177 -0.97 302100085
2023 1 21 8 6 33.110 45.925684 -129.990576 1.026 -1.22 302100357
2023 1 22 3 41 42.290 45.980396 -129.992936 0.713 -1.04 302200075
2023 1 22 5 0 8.640 45.943176 -130.032072 0.754 -1.62 302200114
2023 1 22 5 22 5.200 45.926001 -129.981315 1.276 -1.43 302200120
2023 1 22 10 2 15.140 45.999089 -130.026945 1.095 -1.00 302200141
2023 1 23 3 29 22.260 45.955066 -129.987248 1.718 -1.01 302300020
2023 1 23 3 31 57.540 45.955078 -129.987118 1.713 -1.33 302300021
2023 1 23 8 47 18.210 45.988420 -130.006486 1.461 -1.45 302300044
2023 1 23 11 27 20.460 45.950586 -130.022323 1.441 -0.64 302300081
2023 1 23 15 57 28.890 45.966960 -129.995207 1.776 -1.47 302300092
2023 1 23 15 59 54.390 45.967155 -129.995199 1.860 -0.79 302300094
2023 1 23 16 0 16.290 45.968872 -129.994214 1.765 -1.13 302300095
2023 1 23 16 0 38.020 45.967908 -129.995687 1.904 -0.76 302300096
2023 1 23 16 2 6.550 45.968034 -129.995207 1.740 -0.67 302300097
2023 1 23 16 2 45.770 45.967594 -129.995223 1.906 -1.01 302300098
2023 1 23 16 4 43.290 45.967708 -129.995003 1.647 -1.16 302300099
2023 1 24 0 47 51.130 45.966557 -129.995866 1.398 -1.63 302400001
2023 1 24 14 49 13.860 45.955432 -130.023584 0.873 -0.57 302400032
2023 1 25 5 16 5.780 45.925484 -129.991007 0.975 -1.64 302500057
2023 1 25 5 16 13.530 45.926103 -129.992464 0.699 -1.89 302500058
2023 1 25 5 17 16.430 45.925203 -129.990942 1.000 -1.33 302500061
2023 1 25 5 18 32.340 45.925305 -129.990837 1.067 -0.86 302500062
2023 1 25 5 24 1.810 45.925521 -129.990999 1.026 -1.77 302500063
2023 1 25 8 56 23.980 46.005554 -130.026424 1.481 -1.49 302500073
2023 1 25 12 25 9.530 45.921952 -129.989681 0.981 -1.70 302500075
2023 1 25 12 25 13.740 45.921297 -129.988867 0.981 -1.33 302500076
2023 1 25 13 45 26.240 45.939616 -130.017432 1.426 1.12 302500077
2023 1 25 15 51 34.390 45.940527 -130.016951 1.126 -1.07 302500078
2023 1 25 18 48 2.360 45.941130 -130.016414 0.872 -0.82 302500080
2023 1 25 19 16 59.040 45.949630 -130.041276 1.834 -1.02 302500084
2023 1 25 19 17 2.040 45.944690 -130.028800 0.272 -0.80 302500085
2023 1 25 19 17 15.020 45.949516 -130.040698 2.260 -1.45 302500086
2023 1 25 20 9 1.000 45.935307 -130.019100 1.563 -0.81 302500095
2023 1 25 20 23 0.320 45.951815 -130.036759 1.169 -1.06 302500099
2023 1 25 20 24 23.800 45.964889 -129.992847 3.406 -1.19 302500101
2023 1 25 20 29 29.440 45.952661 -130.036450 1.394 -1.18 302500103
2023 1 25 20 29 44.960 45.937211 -130.017472 1.275 -1.48 302500104
2023 1 25 20 37 58.840 45.936186 -130.017546 1.345 -0.89 302500106
2023 1 25 20 58 19.480 45.951400 -130.038192 2.111 -0.54 302500115
2023 1 25 21 5 41.720 45.937708 -130.018734 1.335 -1.64 302500117
2023 1 25 21 5 44.560 45.934196 -130.018172 1.500 -1.48 302500118
2023 1 25 21 19 53.640 45.949691 -130.040308 1.896 -1.23 302500119
2023 1 25 21 24 18.080 45.950085 -130.041870 2.000 -1.28 302500121
2023 1 25 21 31 30.720 45.949597 -130.041439 2.122 -1.04 302500123
2023 1 25 23 3 8.560 45.920654 -129.961239 1.673 -1.23 302500128
2023 1 26 1 1 23.200 45.939587 -130.017790 1.213 -1.45 302600003
2023 1 26 1 27 1.080 45.939766 -130.018197 1.349 -0.33 302600004
2023 1 26 4 33 15.350 45.990450 -129.991903 0.410 -0.84 302600012
2023 1 26 9 3 15.420 45.939262 -130.018514 1.349 -0.91 302600017
2023 1 26 9 23 41.970 45.939600 -130.018384 1.357 -1.81 302600019
2023 1 26 17 50 47.880 45.937272 -130.018701 1.639 -1.73 302600025
2023 1 26 20 28 1.800 45.949744 -130.036385 0.018 -1.22 302600027
2023 1 27 0 14 57.570 46.003882 -130.024430 1.430 -1.16 302700000
2023 1 27 4 56 34.810 45.966972 -129.996281 1.651 -1.02 302700006
2023 1 27 7 25 19.340 45.937109 -130.018213 1.152 -1.50 302700012
2023 1 27 8 13 30.210 45.923979 -129.989730 0.888 -1.63 302700014
2023 1 27 8 13 32.850 45.923954 -129.990430 0.772 -1.44 302700015
2023 1 27 8 51 59.110 45.939433 -130.017611 1.232 -1.57 302700019
2023 1 27 13 13 41.360 45.941109 -130.017912 1.010 -2.00 302700023
2023 1 27 14 13 40.720 45.925785 -129.991219 1.007 -1.65 302700026
2023 1 27 15 2 49.450 45.940564 -130.023551 1.698 -1.94 302700030
2023 1 27 15 51 9.190 45.999727 -130.026595 1.071 -1.11 302700031
2023 1 27 19 43 37.600 45.938550 -130.017375 1.106 -1.50 302700035
2023 1 27 23 24 19.560 45.939335 -130.017985 1.446 -0.78 302700067
2023 1 28 1 24 46.710 45.936609 -130.017798 1.213 -1.24 302800001
2023 1 28 20 21 23.840 46.003088 -130.037882 0.645 -1.21 302800073
2023 1 28 20 25 59.920 45.919307 -129.978630 1.301 -1.71 302800079
2023 1 28 20 36 19.420 46.001119 -130.023910 2.646 -1.32 302800102
2023 1 28 22 34 19.860 46.002979 -130.029020 1.673 -1.32 302800127
2023 1 28 22 55 43.640 46.002246 -130.028597 1.446 -0.83 302800128
2023 1 29 15 29 15.100 46.002824 -130.031592 1.730 -1.92 302900013
2023 1 29 15 35 23.140 45.923356 -129.987541 1.170 -1.80 302900015
2023 1 29 18 56 37.940 45.940706 -130.016911 0.788 -1.19 302900039
2023 1 30 2 51 14.760 45.927730 -129.987305 1.200 -1.89 303000063
2023 1 30 8 33 53.340 46.003219 -130.022363 1.477 -0.75 303000233
2023 1 30 8 48 17.630 45.919755 -129.988582 1.015 -1.89 303000234
2023 1 30 8 54 38.680 45.918616 -129.989909 0.881 -1.90 303000235
2023 1 30 8 54 43.240 45.919336 -129.989844 0.765 -1.59 303000236
2023 1 30 8 55 12.310 45.917269 -130.004159 1.381 -0.98 303000239
2023 1 30 16 7 29.280 45.922835 -129.984367 0.284 -1.48 303000259
2023 1 30 17 35 31.080 45.940141 -130.018099 1.145 -1.55 303000263
2023 1 30 20 38 57.680 45.926347 -129.989746 1.008 -1.95 303000269
2023 1 30 22 4 4.400 45.926554 -129.985701 0.973 -1.92 303000275
2023 1 30 22 57 4.320 45.937455 -129.984139 1.463 -1.87 303000277
2023 1 31 6 35 49.950 45.926383 -129.989062 1.032 -1.46 303100078
2023 1 31 8 47 31.280 45.938782 -130.018921 1.112 -1.32 303100097
2023 1 31 15 18 16.520 45.921891 -129.988070 0.874 -1.83 303100166
2023 1 31 18 55 4.320 45.913062 -129.984904 0.824 -1.56 303100173
2023 1 31 19 54 46.080 45.919637 -129.991951 0.299 -1.19 303100176
2023 1 31 23 0 47.920 45.913814 -130.012581 1.444 -1.02 303100331
2023 2 1 0 45 27.510 45.942456 -130.017635 1.164 -1.86 303200013
2023 2 2 1 19 21.280 45.911682 -129.985498 0.659 -1.58 303300006
2023 2 2 4 18 15.580 46.003467 -130.028939 1.340 -1.25 303300008
2023 2 2 6 0 4.590 45.946427 -130.038949 1.871 -1.26 303300010
2023 2 2 6 4 48.080 45.940828 -130.036385 1.181 -1.34 303300012
2023 2 2 8 30 45.240 45.903117 -130.035449 0.535 -1.26 303300018
2023 2 3 17 10 40.560 46.001839 -130.029761 2.164 -1.15 303400142
2023 2 3 18 5 33.740 45.925252 -129.978467 1.180 -1.12 303400145
2023 2 3 20 34 56.160 45.941439 -129.987557 1.555 -1.40 303400147
2023 2 3 20 36 36.740 45.941777 -129.986035 1.363 -0.88 303400148
2023 2 4 7 18 33.930 45.923108 -129.989006 0.878 -1.90 303500026
2023 2 4 14 2 10.540 46.002140 -130.028101 1.491 -0.66 303500045
2023 2 4 14 18 39.240 46.002897 -130.030037 1.615 -0.59 303500047
2023 2 4 20 24 39.140 46.001624 -130.028084 1.530 -1.04 303500055
2023 2 4 23 17 39.240 45.981604 -130.053312 2.044 -0.45 303500076
2023 2 4 23 56 40.000 45.994198 -130.007796 1.288 -0.88 303500087
2023 2 5 0 37 52.270 46.002258 -130.024528 1.973 -1.04 303600009
2023 2 5 2 6 26.710 46.004069 -130.023568 2.084 -1.48 303600023
2023 2 5 2 16 41.490 45.949992 -130.039893 2.414 -1.22 303600025
2023 2 5 4 5 8.250 45.924093 -129.988940 0.894 -1.07 303600039
2023 2 6 5 5 53.830 45.965247 -129.996338 1.616 -1.16 303700007
2023 2 6 10 37 57.020 45.962508 -129.995841 1.668 -1.27 303700038
2023 2 6 17 19 46.240 45.909098 -129.962882 0.879 -0.84 303700059
2023 2 6 17 40 21.640 45.995687 -130.003955 1.151 -0.36 303700061
2023 2 6 18 41 15.160 45.923474 -129.973494 1.367 -1.17 303700070
2023 2 7 4 52 36.520 45.922933 -129.991553 0.838 -1.00 303800013
2023 2 7 6 14 33.130 45.910685 -129.986157 0.777 -0.93 303800019
2023 2 7 17 6 59.260 45.996383 -130.016260 1.805 -1.22 303800052
2023 2 8 9 41 0.650 45.926530 -129.988704 1.149 -1.05 303900024
2023 2 8 16 13 48.280 45.917000 -129.991187 0.775 -1.50 303900074
2023 2 8 19 34 39.080 45.922139 -129.987842 1.255 -1.91 303900085
2023 2 8 22 33 49.200 45.924683 -129.986084 1.075 -1.36 303900090
2023 2 9 1 36 53.210 46.003247 -130.028027 1.624 -0.86 304000003
2023 2 9 12 3 26.590 46.003426 -130.030542 1.718 -1.40 304000066
2023 2 9 13 45 29.410 45.992163 -130.015763 1.827 -1.22 304000080
2023 2 9 13 45 32.930 45.992782 -130.015479 1.568 -1.03 304000081
2023 2 9 14 3 19.200 45.992350 -130.014860 1.723 -0.68 304000083
2023 2 9 14 8 23.790 45.992387 -130.015243 1.581 -0.99 304000085
2023 2 9 14 10 19.990 45.992362 -130.015601 1.496 -1.57 304000086
2023 2 9 14 11 17.120 45.989030 -130.021395 2.007 -1.39 304000088
2023 2 9 14 32 7.640 45.993274 -130.015682 1.894 -1.69 304000096
2023 2 9 15 37 28.550 45.922115 -129.986621 1.118 -0.88 304000134
2023 2 9 19 9 7.320 45.921021 -129.989876 0.878 -1.00 304000206
2023 2 10 5 13 13.550 45.999500 -130.008382 0.538 -0.69 304100048
2023 2 10 5 17 46.100 45.994035 -130.016512 1.051 -1.37 304100050
2023 2 10 12 5 45.080 45.989653 -130.005037 1.217 -1.10 304100069
2023 2 10 14 26 31.850 45.920549 -129.989876 0.836 -1.00 304100086
2023 2 10 14 41 34.200 45.919649 -129.987663 1.183 -1.86 304100087
2023 2 10 22 17 56.140 45.914583 -129.984399 3.156 -1.69 304100098
2023 2 10 22 18 59.320 45.917924 -129.990397 0.894 -1.66 304100099
2023 2 10 22 19 25.320 45.918132 -129.990511 0.794 -1.76 304100100
2023 2 10 22 25 8.560 45.918408 -129.990316 0.831 -1.45 304100102
2023 2 10 22 26 19.760 45.919267 -129.992448 0.690 -1.89 304100105
2023 2 10 22 35 21.800 45.917171 -129.989494 0.829 -1.34 304100107
2023 2 10 22 52 48.520 45.917952 -129.990885 0.778 -1.27 304100108
2023 2 10 22 52 59.360 45.910543 -129.982536 2.129 -1.46 304100109
2023 2 10 23 25 12.800 45.991695 -130.013558 1.925 -0.56 304100113
2023 2 10 23 25 21.460 45.992716 -130.013411 1.663 -1.11 304100115
2023 2 10 23 25 37.160 45.988009 -130.014860 0.423 -1.53 304100116
2023 2 10 23 29 56.600 45.993644 -130.014583 1.605 -1.59 304100119
2023 2 10 23 30 9.300 45.993636 -130.012972 1.357 -1.75 304100120
2023 2 11 1 33 46.250 45.994194 -130.012923 1.789 -0.60 304200000
2023 2 11 6 37 24.680 46.002653 -130.016610 1.012 -1.28 304200011
2023 2 11 6 37 38.320 46.001335 -130.016992 1.168 -1.46 304200012
2023 2 11 10 2 42.990 45.993762 -130.025496 1.313 -1.73 304200018
2023 2 12 0 9 55.270 45.919222 -129.981087 1.222 -1.80 304300001
2023 2 12 9 8 39.730 45.917550 -129.989274 1.115 -1.70 304300024
2023 2 12 9 35 33.430 45.900488 -129.978158 0.037 -1.09 304300028
2023 2 12 9 42 12.710 46.003292 -130.029224 1.482 -0.42 304300029
2023 2 12 18 39 37.940 45.967721 -129.995549 1.442 -1.14 304300049
2023 2 13 9 18 6.270 46.002087 -130.027979 1.279 -1.16 304400013
2023 2 13 9 40 18.370 45.926847 -129.970939 2.894 -1.41 304400019
2023 2 13 13 53 15.660 45.924992 -129.990658 0.997 -1.10 304400025
2023 2 13 14 49 38.390 45.926180 -129.985661 1.016 -1.58 304400028
2023 2 13 15 20 7.300 45.925993 -129.985449 1.097 -1.97 304400030
2023 2 13 17 12 22.280 45.926192 -129.984717 1.084 -1.10 304400031
2023 2 13 17 12 37.480 45.926514 -129.985311 0.940 -1.76 304400032
2023 2 13 21 23 10.160 45.999373 -130.027433 1.521 -0.87 304400040
2023 2 13 22 2 41.940 45.969950 -129.996346 1.597 -1.18 304400043
2023 2 13 22 2 58.960 45.969076 -129.996672 1.593 -1.36 304400044
2023 2 14 21 43 24.880 45.938529 -129.987687 1.274 -0.71 304500277
2023 2 14 22 52 50.920 45.942513 -130.019694 1.410 -0.41 304500284
2023 2 15 3 50 13.770 45.922701 -129.986646 1.144 -1.87 304600011
2023 2 15 11 37 34.880 45.921680 -129.987012 1.207 -1.25 304600025
2023 2 15 13 44 25.380 45.999707 -130.026424 1.134 -0.74 304600027
2023 2 15 14 50 14.990 46.001184 -130.031681 1.561 -0.59 304600029
2023 2 15 20 26 28.940 45.927531 -129.986597 1.218 -1.96 304600036
2023 2 15 20 43 58.880 45.941414 -130.020280 1.248 -0.75 304600037
2023 2 15 21 51 25.700 45.960246 -129.988444 1.829 -1.32 304600047
2023 2 16 4 5 44.600 45.954708 -129.987183 1.930 -1.05 304700109
2023 2 16 4 32 24.670 45.967542 -129.995866 1.794 -1.03 304700121
2023 2 16 6 2 0.920 45.938517 -130.018986 1.256 -1.27 304700183
2023 2 16 10 1 23.220 45.925191 -129.986646 1.256 -1.03 304700381
2023 2 16 12 25 53.590 45.918860 -129.986287 1.442 -0.75 304700403
2023 2 16 23 23 15.840 45.938892 -130.019019 1.299 -0.75 304700544
2023 2 17 1 13 26.070 45.954521 -129.986776 1.364 -1.59 304800013
2023 2 17 1 17 27.930 45.953129 -129.986678 1.698 -1.67 304800015
2023 2 17 1 22 4.150 45.952563 -129.987370 1.612 -0.78 304800018
2023 2 17 21 41 18.120 45.926957 -129.987663 1.180 -1.51 304800262
2023 2 17 22 32 11.120 45.926029 -129.977588 1.195 -1.39 304800266
2023 2 18 0 22 34.520 45.970862 -129.995890 1.689 -1.19 304900001
2023 2 18 4 5 58.310 45.932149 -130.014201 1.379 -1.61 304900023
2023 2 18 7 17 55.890 45.932812 -130.016659 1.256 -1.53 304900039
2023 2 18 7 19 51.260 45.933020 -130.015820 1.529 -1.39 304900040
2023 2 18 7 19 56.530 45.933297 -130.014958 1.488 -1.06 304900041
2023 2 18 7 20 2.150 45.932377 -130.014079 1.464 -1.39 304900042
2023 2 18 14 0 10.000 45.937162 -130.018563 1.265 -1.00 304900096
2023 2 19 1 25 33.770 45.937899 -129.976074 0.734 -1.28 305000011
2023 2 19 1 25 36.830 45.948332 -129.983830 1.493 -1.87 305000012
2023 2 19 1 25 41.120 45.948608 -129.983488 1.638 -1.44 305000013
2023 2 19 2 25 48.840 45.941374 -130.020825 3.036 -1.30 305000026
2023 2 19 2 52 38.470 46.003845 -129.989697 0.348 -1.20 305000032
2023 2 19 4 18 39.980 45.937976 -130.018783 1.207 -1.04 305000053
2023 2 19 17 25 12.260 46.001331 -130.027905 1.385 -0.24 305000149
2023 2 19 17 26 35.760 46.013485 -130.030029 1.609 -1.38 305000150
2023 2 19 19 20 18.720 46.001432 -130.028060 1.359 -0.82 305000169
2023 2 19 23 17 11.960 45.924849 -129.959245 0.634 -1.20 305000188
2023 2 20 1 4 37.440 46.004533 -130.025545 1.677 -0.57 305100006
2023 2 20 1 20 46.930 45.905745 -129.965088 2.009 -1.21 305100008
2023 2 20 1 36 21.460 45.920544 -129.997192 1.703 -1.19 305100011
2023 2 20 1 43 51.420 45.938684 -129.977824 1.576 -0.88 305100015
2023 2 20 1 44 7.400 45.938440 -129.977238 1.607 -0.45 305100016
2023 2 20 1 44 11.570 45.941353 -130.005900 0.101 -0.57 305100017
2023 2 20 1 57 13.310 45.924349 -129.998079 0.881 -1.18 305100021
2023 2 20 3 30 11.670 45.992647 -130.020288 1.558 -1.48 305100034
2023 2 20 4 12 44.500 45.937935 -130.019027 1.288 -1.18 305100036
2023 2 20 4 15 33.900 45.939465 -129.984611 1.188 -1.15 305100037
2023 2 20 4 35 12.710 45.991602 -130.021785 1.561 -0.79 305100038
2023 2 20 6 5 15.450 45.937858 -130.018831 1.253 -1.29 305100041
2023 2 20 6 29 17.500 46.001099 -130.027531 1.303 -0.96 305100043
2023 2 20 6 35 19.000 45.938184 -130.018815 1.231 -1.40 305100044
2023 2 20 6 51 35.130 45.937179 -130.016838 1.017 -1.44 305100045
2023 2 20 14 5 38.400 45.909696 -129.957943 1.081 -1.07 305100056
2023 2 20 19 20 12.560 45.986796 -129.978947 1.325 -0.94 305100095
2023 2 20 19 20 43.460 46.010339 -130.031055 2.074 -0.74 305100096
2023 2 21 9 58 53.700 46.004004 -130.026229 1.606 -0.43 305200011
2023 2 21 11 35 18.380 46.002848 -130.031787 1.665 -0.87 305200013
2023 2 21 13 41 23.670 45.924687 -129.992464 1.049 -1.61 305200014
2023 2 21 13 42 18.050 45.924097 -129.991642 0.973 -1.03 305200016
2023 2 22 0 51 46.260 45.937695 -130.019206 1.310 -1.08 305300003
2023 2 22 4 36 12.860 45.955701 -129.991333 1.914 -0.98 305300012
2023 2 22 5 44 31.230 45.990238 -129.994800 1.493 -1.19 305300013
2023 2 22 8 30 54.740 46.007048 -130.026440 1.376 -0.67 305300015
2023 2 22 10 2 28.410 45.999504 -130.027100 1.459 -0.80 305300016
2023 2 22 15 48 16.410 45.930713 -129.983732 1.376 -0.96 305300059
2023 2 22 18 0 13.980 45.938672 -130.019393 1.346 -0.90 305300102
2023 2 22 21 19 16.000 45.939001 -130.020361 0.515 -0.88 305300163
2023 2 23 4 25 19.470 45.922982 -129.991895 1.009 -0.44 305400004
2023 2 23 4 28 4.810 45.924528 -129.993066 0.822 -1.35 305400006
2023 2 23 4 28 26.810 45.924093 -129.992611 0.941 -1.31 305400007
2023 2 23 11 7 39.960 45.922225 -129.986792 1.151 -1.65 305400009
2023 2 23 11 8 7.180 45.925016 -129.990698 0.996 -1.41 305400010
2023 2 23 15 28 33.380 45.941720 -130.019124 1.149 -1.09 305400014
2023 2 23 19 4 59.120 46.000444 -130.028988 1.566 -0.56 305400016
2023 2 23 19 42 2.280 45.999133 -130.028255 1.328 -0.78 305400017
2023 2 24 1 54 22.220 46.013228 -130.035547 1.751 -0.32 305500001
2023 2 24 18 2 27.480 45.973499 -129.995500 0.978 -1.48 305500049
2023 2 24 18 7 26.320 45.975134 -129.996273 1.438 -1.34 305500053
2023 2 24 23 12 38.340 46.003910 -130.025968 1.673 -1.20 305500125
2023 2 25 4 6 10.480 45.958634 -130.008114 2.907 -1.01 305600023
2023 2 25 6 27 8.590 45.918420 -129.990975 0.930 -1.76 305600028
2023 2 25 7 0 40.620 45.976742 -129.995988 1.374 -1.41 305600030
2023 2 25 8 32 24.110 45.923364 -129.987882 0.839 -1.89 305600034
2023 2 25 9 40 45.730 45.938684 -130.019491 1.252 -0.89 305600036
2023 2 25 10 3 17.440 45.957442 -129.991724 1.593 -1.49 305600037
2023 2 25 12 59 57.190 45.938517 -130.018359 1.438 -0.15 305600049
2023 2 25 17 0 40.560 45.938558 -130.018286 1.086 -1.63 305600056
2023 2 25 17 2 41.320 45.938330 -130.018986 1.161 -1.46 305600057
2023 2 25 17 44 6.940 45.910173 -129.981014 3.477 -1.23 305600061
2023 2 25 18 50 35.380 45.978695 -129.996134 1.276 -1.37 305600065
2023 2 25 19 17 21.560 45.977653 -129.996143 1.207 -1.24 305600067
2023 2 26 0 24 6.210 45.978007 -129.996240 1.173 -0.88 305700001
2023 2 26 2 40 51.780 46.000159 -130.027596 1.598 -0.96 305700010
2023 2 26 2 41 9.940 45.999858 -130.026937 1.262 -0.69 305700011
2023 2 26 2 41 49.240 46.000033 -130.028003 1.659 -1.09 305700014
2023 2 26 2 41 59.520 45.998702 -130.026139 1.490 -1.84 305700015
2023 2 26 2 42 10.220 46.000700 -130.028857 1.598 -1.24 305700016
2023 2 26 2 42 14.740 46.000960 -130.030135 1.777 -1.13 305700017
2023 2 26 2 42 29.580 45.999495 -130.027035 1.563 -1.01 305700018
2023 2 26 5 13 41.540 45.937756 -130.018262 1.224 -1.20 305700019
2023 2 26 7 24 19.890 46.003031 -130.029118 1.434 -1.42 305700020
2023 2 26 7 52 45.590 45.940137 -130.018799 0.948 -1.52 305700021
2023 2 26 11 34 11.890 45.920687 -129.975952 1.483 -0.50 305700030
2023 2 26 11 52 26.470 45.920911 -129.975936 1.456 -1.09 305700031
2023 2 26 11 54 47.660 45.920650 -129.974479 1.511 -0.52 305700032
2023 2 26 13 17 46.990 45.938013 -130.019596 1.157 -1.67 305700037
2023 2 26 13 29 30.350 46.000391 -130.026546 0.859 -1.09 305700038
2023 2 26 13 30 24.460 46.000236 -130.028442 1.763 -1.54 305700039
2023 2 26 13 31 2.850 45.999622 -130.026644 1.628 -1.35 305700040
2023 2 26 13 31 28.210 46.002132 -130.029834 1.614 -1.27 305700042
2023 2 26 13 31 35.330 45.998124 -130.025716 0.028 -1.02 305700043
2023 2 26 13 31 39.390 46.001774 -130.028988 1.612 -0.76 305700044
2023 2 26 13 31 52.350 46.000354 -130.028125 1.556 -1.33 305700045
2023 2 26 13 32 7.370 46.000464 -130.027563 1.528 -0.94 305700046
2023 2 26 13 32 9.370 45.994535 -130.021606 2.639 -1.27 305700047
2023 2 26 13 33 11.130 46.001868 -130.029582 1.881 -0.93 305700050
2023 2 26 13 34 49.560 46.001611 -130.029118 1.711 -0.99 305700052
2023 2 26 13 43 44.190 46.000655 -130.027482 1.409 -1.05 305700055
2023 2 26 13 44 0.110 45.992171 -130.026742 0.417 -1.22 305700056
2023 2 26 13 44 11.990 45.997709 -130.024398 1.651 -1.18 305700057
2023 2 26 14 1 35.340 45.940092 -130.038241 1.730 -1.33 305700061
2023 2 26 14 23 12.920 46.001400 -130.027930 1.570 -0.84 305700068
2023 2 26 15 36 23.490 45.937215 -130.020190 1.340 -1.81 305700079
2023 2 26 16 56 32.820 45.999219 -130.027507 1.633 -1.45 305700106
2023 2 26 19 8 55.160 45.940507 -129.991398 1.126 -1.27 305700144
2023 2 26 19 25 58.560 45.999447 -130.026432 1.410 -1.24 305700151
2023 2 26 21 4 17.320 45.939095 -130.018123 1.144 -1.38 305700158
2023 2 26 21 44 19.900 45.995113 -130.021663 1.031 -0.60 305700166
2023 2 26 21 44 35.220 45.997502 -130.026839 1.228 -0.93 305700167
2023 2 26 23 14 3.560 45.938216 -130.019181 1.163 -0.41 305700200
2023 2 27 0 12 42.850 45.999239 -130.026261 1.190 -0.76 305800002
2023 2 27 1 52 33.340 46.003048 -130.024292 1.594 -0.97 305800009
2023 2 27 2 17 22.500 45.973901 -129.996834 1.527 -1.23 305800012
2023 2 27 3 49 56.160 45.997412 -130.024959 1.313 -1.44 305800025
2023 2 27 3 50 3.040 46.003141 -130.027295 1.059 -0.77 305800026
2023 2 27 4 40 53.490 45.957524 -129.987264 2.098 -1.03 305800039
2023 2 27 7 48 54.940 45.938318 -130.018628 1.198 -1.46 305800068
2023 2 27 15 51 30.370 46.000566 -130.031999 1.639 -1.44 305800105
2023 2 27 16 29 34.100 46.002645 -130.025960 1.543 -0.99 305800106
2023 2 27 16 37 32.650 45.937695 -130.018351 1.374 -0.37 305800107
2023 2 27 16 50 29.450 45.934151 -129.982251 3.439 -1.38 305800109
2023 2 27 17 27 50.840 45.960132 -130.049471 1.815 -1.05 305800112
2023 2 27 18 11 18.260 45.984253 -129.980762 2.143 0.22 305800113
2023 2 27 19 23 0.760 45.971985 -129.995288 1.006 -1.86 305800116
2023 2 27 20 43 48.640 45.939303 -130.017765 0.890 -1.30 305800127
2023 2 27 21 7 54.220 45.955229 -129.986922 2.060 -1.32 305800128
2023 2 27 21 11 51.560 45.955709 -129.987061 1.761 -1.29 305800131
2023 2 27 21 15 33.260 45.926917 -129.987215 1.101 -1.81 305800132
2023 2 27 21 26 4.880 45.968884 -129.993180 1.129 -1.35 305800133
2023 2 27 22 10 26.000 45.930774 -129.975968 1.654 -0.71 305800144
2023 2 27 22 18 3.400 45.929753 -129.976066 1.576 -1.23 305800146
2023 2 27 22 21 6.440 45.952848 -130.011003 4.193 -0.87 305800148
2023 2 27 23 0 58.440 45.982296 -130.011336 1.609 -0.40 305800160
2023 2 27 23 10 26.880 45.998364 -130.028963 1.479 -1.35 305800162
2023 2 28 6 46 21.780 45.933207 -130.016691 1.184 -1.20 305900022
2023 2 28 7 7 36.440 45.989388 -129.993278 0.632 -1.24 305900031
2023 2 28 19 6 55.040 45.932402 -129.984041 3.701 -1.05 305900069
2023 2 28 19 56 38.920 45.919128 -129.973299 1.486 -1.68 305900071
2023 2 28 20 52 11.640 45.924609 -129.986759 0.928 -1.21 305900075
2023 2 28 21 27 5.040 45.958614 -129.989575 1.441 -1.77 305900078
2023 2 28 21 27 8.180 45.958724 -129.989136 1.498 -1.67 305900079
2023 2 28 22 6 52.540 46.005477 -130.027336 1.878 -0.56 305900081
2023 2 28 22 22 16.700 45.993449 -130.030168 1.109 -1.54 305900084
2023 2 28 22 26 8.020 45.996383 -130.013778 0.268 -0.86 305900085
2023 3 1 3 32 24.900 45.919303 -129.980843 1.384 -1.67 306000039
2023 3 1 4 21 20.230 45.925195 -129.976766 1.200 -2.00 306000042
2023 3 1 4 51 11.710 46.002629 -130.025488 1.486 -1.29 306000043
2023 3 1 6 1 24.880 45.996684 -130.026790 1.180 -0.38 306000044
2023 3 1 9 5 48.150 45.923356 -129.988989 0.831 -1.56 306000068
2023 3 1 9 56 34.060 45.967208 -129.995646 1.510 -1.42 306000072
2023 3 1 9 56 42.100 45.968079 -129.997550 1.340 -1.76 306000073
2023 3 1 18 16 57.080 45.938261 -130.020011 1.337 -1.19 306000170
2023 3 1 22 6 43.400 46.001575 -130.027669 1.404 -0.87 306000202
2023 3 2 0 35 13.190 45.941838 -130.018986 1.108 -1.42 306100012
2023 3 2 1 27 29.820 45.938501 -130.019897 1.431 -0.96 306100021
2023 3 2 1 35 12.320 45.969474 -129.993652 1.636 -1.55 306100022
2023 3 2 2 36 21.820 45.937463 -130.021558 1.648 -1.40 306100026
2023 3 2 2 36 24.490 45.938416 -130.019515 1.375 -1.57 306100027
2023 3 2 4 1 25.720 45.960689 -129.988232 1.405 -1.52 306100028
2023 3 2 7 28 16.500 45.941150 -130.019393 1.353 -0.82 306100029
2023 3 2 18 21 45.840 45.921973 -129.986995 0.905 -1.94 306100037
2023 3 2 18 29 13.080 45.921851 -129.986410 1.098 -1.92 306100038
2023 3 2 18 29 20.560 45.921956 -129.988118 0.913 -1.57 306100039
2023 3 2 19 7 57.000 45.921354 -129.989950 1.688 -1.05 306100040
2023 3 2 21 28 24.220 45.922904 -129.986060 1.149 -1.54 306100042
2023 3 2 22 20 4.960 45.939290 -130.019515 1.229 -1.37 306100044
2023 3 2 23 1 45.480 45.944051 -129.982804 1.539 -1.64 306100046
2023 3 2 23 5 28.900 45.944104 -129.982658 1.430 -1.77 306100047
2023 3 2 23 14 1.760 45.922701 -129.985449 0.987 -1.97 306100048
2023 3 2 23 24 53.320 45.950138 -130.024325 1.426 -1.40 306100049
2023 3 3 1 41 51.410 45.941711 -130.014062 0.515 -1.87 306200006
2023 3 3 2 13 42.540 45.921204 -129.986466 0.907 -1.91 306200008
2023 3 3 3 45 0.760 45.972807 -129.995736 1.906 -1.51 306200015
2023 3 3 3 47 51.560 45.972595 -129.995020 1.560 -1.94 306200016
2023 3 3 3 47 54.960 45.972107 -129.995394 1.835 -1.29 306200017
2023 3 3 3 48 21.690 45.973132 -129.995703 1.826 -1.21 306200018
2023 3 3 3 50 33.050 45.972538 -129.995190 1.613 -1.20 306200019
2023 3 3 3 52 41.750 45.972282 -129.996021 1.701 -1.45 306200022
2023 3 3 4 36 29.070 45.918429 -129.987264 1.682 -1.44 306200027
2023 3 3 4 51 22.260 45.971383 -129.995866 1.644 -1.37 306200028
2023 3 3 5 11 50.090 45.973275 -129.995386 1.687 -1.04 306200029
2023 3 3 11 37 33.920 45.974573 -129.995744 1.251 -1.45 306200033
2023 3 3 11 42 30.540 45.973767 -129.994784 1.604 -1.53 306200034
2023 3 3 11 53 23.150 45.974040 -129.994670 1.329 -1.61 306200038
2023 3 3 12 5 23.520 45.974731 -129.995516 1.249 -1.11 306200039
2023 3 3 12 11 4.380 45.974825 -129.995964 1.420 -1.57 306200043
2023 3 3 13 19 20.640 45.974581 -129.995915 1.680 -1.48 306200046
2023 3 3 17 0 40.160 45.989884 -129.991838 0.936 -1.88 306200055
2023 3 3 20 12 32.620 45.924589 -129.979110 1.303 -1.93 306200073
2023 3 3 20 21 1.100 45.925468 -129.980868 1.183 -1.71 306200075
2023 3 3 21 15 32.720 45.920500 -129.975212 1.412 -1.27 306200076
2023 3 3 21 34 58.920 45.939921 -130.018612 1.020 -1.84 306200077
2023 3 3 21 38 11.840 45.972095 -129.995435 1.357 -1.54 306200078
2023 3 3 21 53 29.880 46.002551 -130.028255 1.444 -0.55 306200079
2023 3 3 21 53 44.920 46.001929 -130.027856 1.259 -1.00 306200081
2023 3 3 21 54 7.600 46.003735 -130.028931 1.458 -1.19 306200082
2023 3 3 22 28 51.340 45.925330 -129.991097 0.987 -1.24 306200084
2023 3 4 0 1 9.340 45.909391 -129.976904 0.594 -1.33 306300000
2023 3 4 2 1 13.650 45.924194 -129.999308 0.927 -1.24 306300025
2023 3 4 3 46 18.680 46.003967 -130.026001 1.891 -1.31 306300029
2023 3 4 8 8 51.070 45.942224 -130.019645 1.406 -1.28 306300034
2023 3 4 8 49 41.380 45.941125 -130.011393 0.497 -1.55 306300035
2023 3 4 9 19 6.630 45.973869 -130.034798 1.549 -0.89 306300036
2023 3 4 9 21 9.050 45.973161 -130.037288 1.854 -0.88 306300037
2023 3 4 9 25 0.100 45.963232 -130.033415 3.218 -0.99 306300038
2023 3 4 9 29 30.840 45.972819 -130.035571 1.724 -0.67 306300039
2023 3 4 12 31 44.380 46.006242 -130.030469 1.880 -0.68 306300040
2023 3 4 14 9 27.530 45.978064 -129.993294 0.902 -1.39 306300042
2023 3 4 18 30 31.920 45.921928 -130.000838 0.838 -1.64 306300051
2023 3 4 18 32 8.240 45.921981 -129.989355 1.165 -1.45 306300052
2023 3 4 18 44 50.960 45.922986 -129.990112 0.889 -0.62 306300053
2023 3 4 18 45 8.880 45.926074 -129.988053 3.799 -1.55 306300054
2023 3 4 18 45 20.700 45.919238 -129.985596 1.316 -1.45 306300055
2023 3 4 18 55 57.720 45.923096 -129.989811 0.918 -1.81 306300056
2023 3 4 21 45 27.800 45.996318 -129.994800 0.542 -0.85 306300057
2023 3 4 22 7 16.920 45.914872 -129.954769 1.551 -1.12 306300059
2023 3 4 22 24 14.200 46.003365 -130.028451 1.456 -1.01 306300062
2023 3 5 0 19 55.870 45.971847 -129.996012 1.517 -1.57 306400001
2023 3 5 1 55 14.900 45.953984 -129.987598 2.029 -1.46 306400003
2023 3 5 2 25 26.940 45.937878 -130.018164 1.351 -1.30 306400004
2023 3 5 2 28 44.490 45.935929 -130.018254 1.283 -1.64 306400005
2023 3 5 2 42 37.730 45.977596 -129.999056 0.988 -1.58 306400006
2023 3 5 3 32 5.530 45.999483 -130.027759 1.362 -1.18 306400010
2023 3 5 4 8 23.090 46.000655 -130.027450 1.586 -1.17 306400013
2023 3 5 6 42 11.930 45.977669 -129.998730 1.289 -1.29 306400018
2023 3 5 7 57 3.170 45.999654 -130.027791 1.428 -1.66 306400022
2023 3 5 16 30 4.740 45.921289 -129.973844 1.381 -1.52 306400029
2023 3 5 21 43 46.500 45.942301 -130.020060 1.356 -1.64 306400037
2023 3 6 1 36 3.430 45.975745 -129.995565 1.157 -1.25 306500004
2023 3 6 2 37 36.580 45.923283 -129.988778 0.911 -2.00 306500011
2023 3 6 3 4 46.600 45.923608 -129.988379 0.942 -1.47 306500012
2023 3 6 3 27 14.110 45.951335 -129.985490 1.852 -2.00 306500014
2023 3 6 3 30 28.410 45.963859 -129.995133 1.221 -1.24 306500015
2023 3 6 3 57 43.260 45.959554 -129.989201 1.248 -1.33 306500016
2023 3 6 4 4 42.930 45.959444 -129.988940 1.463 -1.43 306500017
2023 3 6 5 12 56.180 45.978760 -129.996167 1.260 -1.70 306500019
2023 3 6 12 44 16.350 45.975427 -129.996134 1.563 -1.52 306500032
2023 3 6 21 29 23.760 45.926131 -129.984489 1.449 -1.80 306500047
2023 3 7 0 15 5.550 45.926107 -130.009757 1.364 -1.26 306600003
2023 3 7 5 59 20.220 45.930530 -129.978271 1.030 -1.23 306600011
2023 3 7 6 2 10.630 45.978743 -129.994881 2.122 -2.00 306600012
2023 3 7 8 56 21.420 45.918298 -129.989827 1.029 -1.72 306600020
2023 3 7 10 6 58.970 45.917822 -129.991048 0.864 -1.80 306600025
2023 3 7 11 39 5.170 45.948128 -130.022673 1.620 -1.29 306600029
2023 3 7 21 35 29.760 45.918009 -129.963167 0.223 -1.13 306600179
2023 3 7 22 46 0.720 45.905241 -129.979191 0.309 -1.32 306600218
2023 3 7 22 51 3.120 45.917794 -129.990658 0.831 -1.48 306600220
2023 3 7 23 4 47.880 45.917989 -129.989893 0.864 -1.56 306600236
2023 3 8 3 54 0.090 46.001196 -130.019458 2.368 -1.40 306700080
2023 3 8 3 56 54.390 46.012817 -130.037842 1.700 -1.71 306700081
2023 3 8 10 50 6.070 45.915780 -129.988175 0.774 -1.77 306700180
2023 3 8 17 48 46.080 45.939160 -129.987826 1.390 -1.73 306700188
2023 3 8 19 14 2.740 45.925138 -129.991870 0.972 -2.00 306700189
2023 3 8 23 7 34.200 46.007039 -130.003182 0.588 -0.88 306700203
2023 3 8 23 28 10.420 45.920325 -129.973983 3.651 -1.65 306700204
2023 3 9 3 52 19.700 45.941842 -129.985734 1.743 -1.37 306800001
2023 3 9 5 19 56.900 46.001900 -130.029517 1.555 -1.30 306800002
2023 3 9 5 22 46.460 46.002791 -130.030859 1.694 -1.28 306800004
2023 3 9 6 39 26.760 45.925069 -129.980452 1.136 -1.52 306800007
2023 3 9 6 42 11.850 45.923429 -129.981779 1.222 -1.52 306800008
2023 3 9 9 24 1.170 45.939966 -130.027450 0.715 -1.40 306800013
2023 3 9 9 24 5.470 45.940438 -130.026090 0.923 -1.26 306800014
2023 3 9 11 0 34.950 45.940401 -130.018791 1.121 -1.81 306800015
2023 3 9 12 19 54.630 45.966846 -129.995825 1.644 -1.20 306800016
2023 3 9 13 49 48.970 45.965828 -129.993034 1.676 -1.53 306800017
2023 3 9 14 55 11.290 45.944857 -130.023079 1.793 -2.00 306800019
2023 3 9 15 10 52.140 45.909562 -129.975618 0.515 -1.50 306800020
2023 3 9 16 4 38.920 45.906978 -129.961198 0.917 -1.18 306800021
2023 3 9 17 40 53.640 46.002930 -130.024976 1.811 -1.81 306800024
2023 3 9 20 22 43.220 45.926200 -129.988558 0.940 -1.93 306800032
2023 3 9 20 22 45.920 45.925863 -129.989616 0.802 -1.90 306800033
2023 3 9 20 22 57.920 45.903825 -129.960189 2.136 -1.45 306800034
2023 3 9 20 24 40.800 45.909220 -129.968840 0.695 -1.72 306800035
2023 3 9 20 33 44.760 45.926412 -129.989233 1.050 -1.87 306800036
2023 3 9 20 38 22.920 45.926017 -129.988338 1.032 -1.61 306800037
2023 3 9 23 15 50.560 45.962516 -129.993522 1.907 -1.79 306800041
2023 3 9 23 15 54.060 45.962244 -129.992594 1.347 -2.00 306800042
2023 3 9 23 16 39.400 45.961027 -130.005664 0.580 -1.38 306800043
2023 3 10 1 10 45.500 46.001339 -130.026782 1.307 -1.42 306900000
2023 3 10 4 28 51.640 45.926147 -129.985286 1.210 -0.88 306900002
2023 3 10 4 40 58.410 45.951591 -130.053353 2.262 -1.01 306900003
2023 3 10 4 48 11.010 45.961792 -129.994963 1.086 -1.69 306900005
2023 3 10 10 33 35.890 45.992883 -130.025366 0.441 -0.68 306900112
2023 3 10 13 44 28.630 45.923328 -129.985921 0.909 -1.86 306900128
2023 3 10 22 43 15.180 45.922713 -129.988192 0.871 -1.68 306900175
2023 3 10 23 30 5.600 45.974182 -129.995972 1.195 -1.39 306900191
2023 3 11 3 5 51.240 45.931498 -130.034367 0.995 -1.22 307000047
2023 3 11 4 58 7.500 45.978853 -129.996777 0.938 -1.07 307000062
2023 3 11 5 12 32.780 45.966528 -129.993099 1.719 -1.03 307000063
2023 3 11 5 12 43.700 45.964425 -129.993555 1.707 -1.32 307000064
2023 3 11 5 13 54.960 45.903817 -130.023844 3.053 -1.22 307000066
2023 3 11 5 17 3.060 45.964966 -129.993506 1.808 -0.61 307000070
2023 3 11 19 34 58.760 45.939730 -130.000936 2.155 -1.56 307000359
2023 3 11 19 38 59.080 45.926176 -129.984049 0.752 -1.58 307000361
2023 3 11 20 58 56.640 45.965247 -129.994930 0.979 -1.75 307000388
2023 3 12 6 30 47.450 46.003267 -130.031356 1.889 -1.07 307100070
2023 3 12 11 23 59.130 45.919092 -129.980778 1.363 -1.13 307100139
2023 3 12 11 33 54.590 45.913908 -130.003394 0.573 -0.98 307100142
2023 3 12 15 54 59.650 45.999528 -130.026538 1.262 -0.99 307100168
2023 3 12 17 15 51.680 45.926945 -129.987622 1.218 -1.13 307100208
2023 3 12 18 8 47.340 45.926058 -129.988843 1.010 -1.58 307100220
2023 3 12 18 36 5.620 45.931787 -129.982471 3.612 -1.41 307100225
2023 3 12 20 6 3.400 45.912801 -129.985775 0.513 -1.17 307100244
2023 3 12 20 55 5.780 45.935270 -129.981445 3.683 -1.48 307100268
2023 3 12 20 57 1.420 45.926501 -129.987744 1.072 -1.90 307100269
2023 3 12 21 2 55.520 45.921484 -129.987492 1.049 -1.34 307100272
2023 3 13 9 30 28.170 45.946891 -129.990951 1.590 -2.00 307200100
2023 3 13 9 34 6.750 45.946464 -129.991097 1.726 -1.74 307200101
2023 3 13 9 39 6.070 45.904753 -129.966772 1.428 -1.78 307200102
2023 3 13 10 3 8.530 45.999959 -130.027059 1.152 -1.74 307200107
2023 3 13 11 49 8.710 45.919873 -129.980290 1.090 -1.83 307200113
2023 3 13 13 52 22.950 46.011971 -130.036768 1.893 -0.79 307200120
2023 3 13 19 35 48.740 45.899862 -130.005721 0.059 -1.34 307200140
2023 3 13 19 38 16.240 45.925541 -129.979948 1.254 -1.17 307200141
2023 3 13 21 0 43.720 45.922038 -129.988338 0.837 -1.61 307200145
2023 3 13 21 1 5.920 45.920431 -129.986816 0.939 -2.00 307200146
2023 3 13 21 1 45.480 45.921273 -129.987956 0.881 -1.99 307200147
2023 3 13 21 36 18.480 45.925879 -129.979484 1.352 -2.00 307200148
2023 3 13 21 37 54.280 45.925806 -129.989950 0.943 -1.87 307200149
2023 3 13 21 48 5.160 45.925732 -129.989380 0.918 -1.39 307200151
2023 3 13 21 49 39.200 45.925358 -129.989738 0.991 -1.47 307200152
2023 3 13 21 49 45.120 45.944588 -130.034717 0.479 -1.42 307200153
2023 3 13 21 50 37.420 45.925798 -129.989681 0.992 -1.60 307200154
2023 3 13 21 51 30.380 45.926563 -129.990706 0.896 -1.84 307200155
2023 3 13 23 3 53.980 45.922107 -129.986125 1.108 -1.67 307200156
2023 3 13 23 4 53.960 45.950663 -130.022160 0.306 -1.46 307200157
2023 3 13 23 48 10.800 45.922819 -129.995638 0.887 -1.53 307200159
2023 3 14 14 25 54.960 45.927600 -129.975944 1.470 -1.47 307300108
2023 3 14 19 13 47.720 45.941187 -130.018750 1.236 -1.70 307300201
2023 3 14 19 52 8.680 46.007043 -130.030697 1.492 -0.95 307300209
2023 3 14 19 52 13.680 46.008333 -130.031974 1.665 -1.03 307300210
2023 3 14 19 54 13.360 46.008577 -130.032528 1.582 -0.94 307300214
2023 3 14 19 54 32.600 46.006657 -130.030876 1.547 -0.96 307300216
2023 3 14 22 42 35.040 45.925521 -129.981714 1.218 -1.58 307300224
2023 3 14 23 26 22.080 45.953784 -130.013070 0.105 -1.73 307300226
2023 3 14 23 29 57.440 45.924756 -129.982853 1.130 -1.97 307300227
2023 3 14 23 30 9.440 45.924585 -129.979508 1.407 -2.00 307300228
2023 3 15 1 9 21.480 45.942078 -130.020182 1.469 -1.55 307400009
2023 3 15 8 14 42.460 45.922302 -129.987882 0.835 -2.00 307400032
2023 3 15 8 55 35.960 46.005131 -130.040837 1.940 -0.96 307400038
2023 3 15 10 37 25.770 45.998275 -130.020817 1.096 -1.30 307400046
2023 3 15 12 24 38.950 45.965592 -129.995540 1.461 -1.50 307400063
2023 3 15 22 4 23.260 46.002380 -130.022843 1.412 -1.42 307400113
2023 3 15 22 6 21.440 46.002954 -130.023698 1.516 -1.32 307400115
2023 3 15 22 16 25.840 46.000480 -130.027873 1.466 -1.47 307400117
2023 3 15 22 36 39.640 45.922974 -129.993058 0.973 -2.00 307400118
2023 3 15 23 3 30.440 46.005286 -130.026904 1.513 -1.50 307400119
2023 3 16 0 28 48.860 46.013639 -130.037874 1.527 -1.06 307500000
2023 3 16 9 25 36.890 45.926335 -129.993286 0.894 -1.99 307500013
2023 3 16 9 27 9.750 45.924296 -129.991659 0.962 -1.79 307500014
2023 3 16 10 2 41.350 45.921037 -129.988656 0.837 -1.88 307500017
2023 3 16 10 2 53.110 45.920215 -129.987899 0.900 -1.92 307500018
2023 3 16 10 6 44.260 45.926168 -130.009953 1.302 -1.62 307500020
2023 3 16 10 7 12.790 45.920272 -130.002629 0.875 -1.74 307500021
2023 3 16 12 23 19.820 45.949882 -130.041178 1.608 -1.42 307500023
2023 3 16 12 23 51.540 45.963338 -129.999292 2.953 -1.18 307500024
2023 3 16 12 24 3.280 45.950163 -130.041447 2.082 -1.14 307500025
2023 3 16 13 28 2.970 45.924500 -129.991048 1.117 -1.36 307500034
2023 3 16 21 19 30.080 46.000366 -130.023161 2.133 -1.52 307500050
2023 3 16 21 22 26.920 46.001013 -130.024089 1.460 -0.81 307500053
2023 3 16 21 22 39.480 46.001343 -130.024382 1.908 -1.06 307500054
2023 3 16 21 23 9.960 46.001855 -130.024650 1.865 -1.09 307500056
2023 3 16 21 23 26.200 46.000566 -130.023438 2.128 -1.74 307500058
2023 3 16 21 26 4.360 46.001176 -130.023787 1.998 -0.81 307500061
2023 3 16 21 26 18.600 46.000684 -130.023796 1.986 -1.25 307500062
2023 3 16 21 26 21.280 46.001213 -130.023918 1.873 -1.00 307500063
2023 3 16 23 21 18.280 45.959290 -129.988916 1.753 -1.41 307500069
2023 3 16 23 22 16.040 45.959338 -129.989722 1.615 -1.30 307500070
2023 3 16 23 23 26.800 45.958761 -129.988900 1.832 -0.94 307500072
2023 3 16 23 29 39.960 45.959521 -129.988200 1.221 -1.15 307500074
2023 3 17 4 22 43.330 45.958667 -129.988900 2.092 -1.28 307600027
2023 3 17 5 40 23.590 46.001383 -130.023478 1.722 -1.04 307600032
2023 3 17 6 53 17.430 45.932365 -129.978190 1.386 -1.05 307600037
2023 3 17 7 59 6.010 45.925407 -129.982332 1.645 -1.10 307600041
2023 3 17 10 8 56.750 45.907776 -129.968368 0.915 -0.77 307600051
2023 3 17 14 3 5.690 46.003092 -130.028231 1.505 -1.19 307600057
2023 3 17 14 5 3.270 45.924829 -129.990715 1.006 -1.01 307600058
2023 3 17 20 17 45.340 45.923751 -129.990348 0.734 -2.00 307600062
2023 3 17 22 41 29.400 46.003951 -130.022127 1.510 -1.43 307600074
2023 3 17 23 59 11.720 45.963944 -129.991756 1.831 -1.54 307600085
2023 3 18 0 43 26.050 45.943274 -130.018604 1.340 -1.85 307700013
2023 3 18 9 26 55.830 45.992936 -130.024032 1.016 -1.36 307700030
2023 3 18 10 8 9.890 45.913668 -129.984961 0.715 -1.44 307700032
2023 3 18 10 9 44.420 45.913464 -129.984351 0.781 -1.34 307700033
2023 3 18 11 5 56.480 45.921594 -129.986385 0.980 -1.21 307700034
2023 3 18 21 49 30.160 45.930644 -130.010832 1.185 -1.50 307700042
2023 3 18 22 57 32.260 45.941850 -130.019596 1.393 -0.68 307700046
2023 3 18 23 12 32.960 45.921916 -129.987671 1.224 -1.62 307700047
2023 3 19 4 34 48.500 45.921859 -129.996110 0.976 -1.85 307800006
2023 3 19 9 39 13.500 45.927572 -129.987801 0.830 -0.85 307800015
2023 3 19 10 33 33.500 45.991431 -130.005160 0.192 -0.47 307800016
2023 3 19 12 24 5.790 45.932646 -129.978556 3.612 -1.33 307800017
2023 3 19 14 47 26.100 45.965519 -129.996379 1.185 -1.30 307800021
2023 3 19 22 19 37.040 46.003044 -130.025627 1.515 -0.38 307800064
2023 3 19 22 29 58.000 45.969527 -130.042887 0.690 -1.19 307800066
2023 3 20 6 35 43.660 45.922571 -129.985205 1.049 -1.46 307900013
2023 3 20 10 40 49.580 45.932096 -129.974658 3.190 -1.23 307900066
2023 3 20 12 29 56.010 46.015299 -130.037402 1.702 -1.14 307900107
2023 3 20 14 56 38.260 45.926156 -129.988306 1.105 -1.54 307900168
2023 3 20 16 29 10.630 45.941711 -129.984180 1.716 -1.29 307900195
2023 3 20 17 0 50.580 46.007324 -130.030452 1.642 -1.29 307900206
2023 3 20 17 2 18.880 46.005322 -130.032463 2.580 -0.70 307900207
2023 3 20 17 2 31.240 46.003625 -130.030990 1.812 -0.67 307900208
2023 3 20 17 18 35.380 45.939315 -130.028849 1.387 -1.58 307900217
2023 3 20 21 14 49.220 45.922477 -129.979631 2.592 -1.49 307900293
2023 3 21 10 18 35.850 45.969279 -129.993001 1.776 -1.22 308000135
2023 3 21 13 47 28.630 46.009993 -130.035506 1.640 -0.69 308000245
2023 3 21 13 47 40.030 46.004936 -130.030745 1.727 -1.56 308000246
2023 3 21 13 47 51.040 46.006352 -130.031828 1.626 -0.68 308000247
2023 3 21 14 26 36.140 45.920194 -129.991235 0.758 -1.89 308000249
2023 3 22 5 27 34.250 45.993599 -129.980200 0.399 -1.31 308100007
2023 3 22 23 48 20.080 45.925712 -129.986304 1.069 -1.31 308100027
2023 3 22 23 50 15.140 46.002177 -130.031087 1.698 -1.54 308100028
2023 3 23 1 44 4.810 46.000769 -130.028035 1.381 -1.72 308200003
2023 3 23 2 19 52.460 45.928849 -129.976473 2.221 -2.00 308200005
2023 3 23 6 3 43.160 46.004045 -130.030062 1.422 -0.93 308200008
2023 3 23 8 27 18.060 45.918685 -129.988232 0.939 -1.91 308200016
2023 3 23 8 28 41.420 45.920378 -129.990405 0.912 -1.68 308200018
2023 3 23 8 30 4.750 45.919963 -129.989746 0.896 -1.91 308200019
2023 3 23 19 19 7.340 45.920414 -129.990804 0.753 -1.86 308200036
2023 3 24 5 9 52.870 45.907971 -129.970028 0.660 -1.52 308300004
2023 3 24 6 4 47.200 46.003992 -130.038175 0.960 -1.80 308300006
2023 3 24 6 41 35.910 45.922811 -129.985514 1.082 -1.35 308300007
2023 3 24 6 42 1.960 45.923617 -129.985335 1.095 -1.49 308300008
2023 3 24 6 42 20.540 45.922929 -129.985409 1.103 -1.35 308300009
2023 3 24 7 59 25.260 45.922473 -129.975496 1.434 -1.05 308300013
2023 3 24 15 21 52.270 45.924150 -129.998804 1.157 -0.98 308300034
2023 3 24 16 17 51.930 45.963082 -129.992033 1.867 -1.20 308300035
2023 3 24 18 18 17.360 45.964762 -129.995736 1.289 -1.28 308300040
2023 3 24 20 5 9.600 45.923368 -129.977059 1.467 -0.45 308300046
2023 3 24 20 7 31.500 45.923311 -129.977018 1.410 -0.76 308300047
2023 3 24 20 12 29.920 45.923043 -129.976522 1.492 -0.66 308300048
2023 3 24 20 27 39.840 45.922860 -129.976872 1.445 -0.62 308300049
2023 3 25 1 37 7.670 46.001717 -130.029362 1.849 -1.67 308400002
2023 3 25 1 37 11.870 46.003878 -130.031307 1.914 -1.36 308400003
2023 3 25 5 48 37.290 46.000785 -130.028914 1.376 -1.05 308400006
2023 3 25 12 8 48.880 45.920353 -129.987435 1.038 -1.15 308400022
2023 3 25 12 38 11.130 45.922062 -129.964266 0.891 -1.54 308400023
2023 3 25 12 49 38.790 45.918038 -129.971688 1.747 -1.45 308400024
2023 3 25 13 30 43.720 45.921680 -129.976742 1.414 -0.84 308400027
2023 3 25 13 46 31.960 46.000899 -130.029305 1.491 -1.45 308400029
2023 3 25 15 6 24.890 45.922278 -129.991528 0.835 -1.49 308400035
2023 3 25 15 15 7.840 45.922428 -129.992912 0.727 -1.89 308400038
2023 3 25 15 45 15.320 45.923649 -129.986702 3.571 -1.62 308400042
2023 3 25 19 29 15.640 45.922770 -129.985848 2.329 -1.37 308400054
2023 3 25 22 25 33.480 45.922034 -129.978166 1.358 -1.65 308400061
2023 3 25 23 0 5.960 45.987952 -130.039168 1.464 -1.49 308400062
2023 3 26 2 50 20.360 46.004167 -130.029175 1.628 -0.98 308500003
2023 3 26 7 32 53.680 46.003227 -130.028784 1.717 -1.47 308500022
2023 3 26 14 2 40.200 45.926095 -129.985343 1.408 -1.72 308500058
2023 3 26 15 20 32.430 46.000871 -130.027482 1.168 -1.74 308500062
2023 3 26 16 30 43.840 45.940519 -129.988704 1.701 -1.78 308500065
2023 3 26 19 2 21.200 45.954036 -129.986572 2.094 -1.63 308500070
2023 3 26 20 17 1.280 46.001392 -130.030632 1.675 -1.44 308500074
2023 3 26 23 26 33.660 45.977527 -129.996273 1.636 -1.57 308500079
2023 3 27 1 37 27.420 45.920601 -129.983146 1.242 -2.00 308600002
2023 3 27 3 0 26.420 45.923621 -129.984188 1.030 -1.24 308600004
2023 3 27 4 42 47.240 45.928756 -130.035189 0.318 -1.82 308600007
2023 3 27 6 42 31.280 45.924227 -129.984253 1.060 -1.18 308600009
2023 3 27 6 47 48.260 45.924894 -129.991170 0.974 -0.86 308600010
2023 3 27 8 57 49.620 46.000850 -130.028003 1.546 -1.54 308600026
2023 3 27 9 48 21.570 45.924479 -129.982707 1.145 -0.72 308600031
2023 3 27 21 4 47.680 45.922058 -129.986890 1.145 -1.90 308600050
2023 3 27 21 5 54.200 45.923356 -129.982788 2.885 -1.91 308600051
2023 3 28 21 45 39.680 45.925077 -129.980884 1.073 -1.66 308700037
2023 3 29 19 58 31.080 45.964958 -129.995736 1.439 -1.24 308800062
2023 3 29 20 51 13.860 45.963468 -129.994914 1.212 -1.73 308800080
2023 3 29 21 10 8.120 45.960002 -129.988721 1.374 -1.30 308800081
2023 3 29 21 15 13.600 45.959159 -129.989339 1.326 -1.93 308800082
2023 3 29 21 47 47.400 45.962447 -129.993604 1.443 -1.55 308800088
2023 3 29 21 56 3.640 45.958984 -129.990234 2.177 -1.37 308800091
2023 3 29 22 21 29.920 46.002726 -130.028841 1.465 -0.12 308800095
2023 3 29 22 21 41.160 46.002958 -130.028963 1.377 -0.41 308800096
2023 3 29 22 48 9.000 46.001807 -130.028483 1.468 -0.51 308800105
2023 3 29 22 49 33.880 45.991549 -130.007804 1.459 -1.65 308800107
2023 3 29 23 3 49.920 45.964583 -129.995361 1.385 -1.61 308800110
2023 3 30 0 9 4.320 46.002783 -130.028418 1.478 -1.23 308900005
2023 3 30 0 9 41.880 45.986914 -129.998853 0.305 -0.63 308900006
2023 3 30 1 4 26.340 45.920101 -129.982145 1.548 -1.84 308900013
2023 3 30 1 28 3.770 45.968803 -130.044686 0.087 -0.21 308900016
2023 3 30 1 48 9.740 46.003503 -130.028337 1.306 -0.10 308900019
2023 3 30 5 4 0.860 46.012553 -130.036564 1.815 -0.72 308900029
2023 3 30 5 27 34.260 45.914787 -129.988908 0.823 -1.32 308900041
2023 3 30 5 47 17.990 45.991711 -130.007690 2.218 -1.60 308900073
2023 3 30 7 59 3.940 45.925525 -129.990267 0.863 -1.54 308900081
2023 3 30 8 31 43.660 46.030131 -130.030062 0.955 -0.57 308900084
2023 3 30 9 38 11.550 45.988485 -129.981559 1.388 -1.41 308900100
2023 3 30 10 19 32.230 45.968579 -129.973201 0.692 -1.47 308900102
2023 3 30 10 22 56.900 45.967224 -129.979924 0.122 -1.73 308900104
2023 3 30 10 49 1.280 45.993396 -130.002344 1.422 -1.44 308900116
2023 3 30 10 57 55.960 45.972917 -129.984985 0.825 -1.66 308900137
2023 3 30 15 27 40.890 45.957479 -129.991203 1.774 -1.57 308900153
2023 3 30 15 33 21.150 45.941577 -130.019515 1.331 -1.11 308900154
2023 3 30 16 41 16.150 45.999666 -130.027458 1.096 -1.79 308900156
2023 3 30 19 53 10.520 45.926501 -129.988493 1.095 -1.13 308900174
2023 3 31 0 47 11.830 45.925476 -129.999683 1.146 -1.61 309000001
2023 3 31 2 39 57.840 46.003597 -130.029215 1.273 -1.41 309000004
2023 3 31 5 13 8.270 45.989657 -129.989299 0.874 -1.51 309000007
2023 3 31 12 46 57.640 45.924939 -129.990983 0.943 -1.53 309000034
2023 3 31 14 4 4.570 45.931307 -130.014714 1.228 -2.00 309000038
2023 3 31 14 7 38.460 45.932629 -130.013273 1.350 -0.15 309000039
2023 3 31 22 25 49.200 46.001339 -130.027596 1.387 -0.95 309000054
2023 3 31 22 33 15.220 45.911434 -129.986239 0.732 -1.56 309000057
2023 3 31 22 35 5.260 45.925680 -129.974105 2.200 -1.34 309000059
2023 3 31 23 18 33.540 45.968636 -129.994954 1.585 -1.35 309000060
2023 3 31 23 20 9.520 45.933891 -129.990413 2.822 -1.69 309000061
2023 3 31 23 39 50.240 45.923507 -129.984049 1.006 -2.00 309000062
2023 4 1 0 40 13.980 45.967297 -129.994198 1.531 -1.51 309100001
2023 4 1 0 57 21.210 45.911450 -129.986849 0.811 -1.73 309100002
2023 4 1 2 40 8.140 45.911190 -129.986092 0.744 -1.36 309100013
2023 4 1 3 32 50.190 45.922278 -129.995109 0.922 -1.47 309100022
2023 4 1 4 14 12.990 45.922343 -129.983651 1.179 -1.38 309100024
2023 4 1 5 2 34.220 45.983285 -130.041764 1.300 -1.54 309100027
2023 4 1 5 33 21.930 45.923539 -129.980607 1.218 -1.50 309100030
2023 4 1 5 35 23.040 45.922408 -129.986003 1.142 -2.00 309100032
2023 4 1 7 35 29.390 45.922982 -129.982902 1.143 -2.00 309100046
2023 4 1 9 0 37.360 46.014901 -130.037769 1.637 -1.13 309100048
2023 4 1 9 10 4.420 45.939242 -130.018685 1.137 -1.71 309100049
2023 4 1 10 1 12.370 46.006523 -130.029289 1.667 -0.74 309100053
2023 4 1 10 1 56.490 46.004724 -130.026799 1.789 -0.99 309100055
2023 4 1 10 3 6.660 46.005269 -130.027816 1.776 -0.85 309100059
2023 4 1 10 7 53.080 46.006812 -130.030200 1.851 -1.58 309100063
2023 4 1 10 8 0.320 46.005725 -130.029224 1.805 -1.72 309100064
2023 4 1 10 12 59.820 45.933879 -129.965275 3.947 -1.29 309100067
2023 4 1 10 23 14.920 46.005986 -130.028149 1.743 -0.83 309100069
2023 4 1 10 30 22.990 46.000724 -130.020817 1.780 -1.33 309100072
2023 4 1 10 32 5.950 46.006055 -130.028304 1.665 -0.91 309100075
2023 4 1 10 32 28.740 46.006746 -130.029321 1.806 -1.20 309100077
2023 4 1 10 32 44.090 46.005485 -130.028239 1.649 -1.20 309100078
2023 4 1 10 32 52.500 46.007149 -130.029997 1.762 -1.00 309100079
2023 4 1 10 34 33.560 46.006425 -130.029500 1.947 -1.55 309100082
2023 4 1 10 36 28.610 46.005872 -130.028141 1.636 -0.80 309100083
2023 4 1 10 37 1.700 46.005994 -130.028215 1.678 -1.20 309100085
2023 4 1 10 39 3.170 46.005375 -130.027498 1.713 -1.35 309100088
2023 4 1 10 42 21.930 46.007015 -130.030168 1.744 -1.12 309100090
2023 4 1 10 42 43.100 46.005493 -130.027254 1.645 -1.33 309100091
2023 4 1 10 48 59.040 46.005558 -130.028084 1.738 -1.08 309100093
2023 4 1 10 50 27.850 46.006213 -130.028247 1.877 -1.15 309100094
2023 4 1 10 55 3.670 46.006913 -130.028833 1.695 -0.90 309100095
2023 4 1 10 57 3.560 46.002519 -130.022803 1.787 -1.47 309100097
2023 4 1 10 57 58.670 46.005497 -130.030859 1.964 -1.92 309100098
2023 4 1 10 58 37.120 46.005253 -130.027734 1.665 -1.36 309100099
2023 4 1 11 13 43.290 46.005212 -130.028263 1.889 -1.70 309100105
2023 4 1 11 38 2.330 45.988289 -130.001335 0.285 -1.02 309100109
2023 4 1 11 38 41.370 46.005306 -130.027913 1.794 -0.87 309100110
2023 4 1 13 3 55.860 46.004919 -130.026823 1.942 -1.24 309100117
2023 4 1 13 8 18.290 46.004053 -130.026668 1.757 -1.50 309100118
2023 4 1 13 13 11.220 46.006445 -130.038314 0.741 -1.77 309100119
2023 4 1 14 30 2.860 46.004215 -130.025985 1.694 -0.94 309100123
2023 4 1 14 30 29.490 46.004708 -130.029655 2.150 -1.03 309100124
2023 4 1 14 30 40.370 46.005001 -130.027450 1.920 -1.24 309100125
2023 4 1 17 10 56.200 45.941378 -130.018726 1.155 -1.50 309100126
2023 4 1 19 13 56.520 45.924312 -129.982690 1.264 -1.54 309100128
2023 4 1 19 53 14.440 46.005863 -130.027319 1.557 -1.62 309100129
2023 4 1 22 5 17.240 45.994963 -130.015731 1.864 -1.74 309100141
2023 4 1 22 6 7.880 45.995296 -130.014258 2.157 -1.54 309100143
2023 4 1 22 33 30.200 45.962537 -129.993286 1.803 -1.37 309100148
2023 4 2 0 3 4.130 45.913375 -130.017310 2.523 -1.24 309200000
2023 4 2 0 3 15.020 45.948083 -129.986149 1.991 -1.02 309200001
2023 4 2 0 3 26.590 45.948645 -129.987028 1.753 -1.00 309200002
2023 4 2 0 4 15.630 45.937699 -129.987606 1.449 -1.16 309200003
2023 4 2 0 6 20.220 45.970007 -129.996696 1.757 -0.93 309200004
2023 4 2 0 6 25.660 45.970870 -129.996891 1.586 -1.41 309200005
2023 4 2 0 6 38.220 45.989417 -129.990951 0.267 -1.43 309200007
2023 4 2 0 6 59.380 45.970683 -129.996216 1.650 -1.29 309200008
2023 4 2 0 7 55.620 45.969800 -129.997013 1.705 -1.22 309200009
2023 4 2 0 25 27.420 45.950590 -129.984953 1.578 -1.64 309200012
2023 4 2 0 26 13.450 45.948889 -129.985677 1.894 -1.18 309200013
2023 4 2 0 56 24.440 45.938505 -130.016081 0.922 -1.99 309200017
2023 4 2 2 29 18.300 46.003947 -130.029085 1.291 -0.58 309200024
2023 4 2 2 29 18.340 46.002714 -130.028589 1.456 0.54 309200025
2023 4 2 2 34 37.360 46.002698 -130.028117 1.408 -1.02 309200027
2023 4 2 2 57 33.050 46.003178 -130.028402 1.409 -1.32 309200028
2023 4 2 11 25 17.030 46.004102 -130.029329 1.409 -1.22 309200044
2023 4 2 13 5 58.010 45.995907 -130.018921 1.318 -2.00 309200046
2023 4 2 13 27 18.220 46.003625 -130.028101 1.404 -1.61 309200047
2023 4 2 13 27 33.350 46.003780 -130.029085 1.477 -1.41 309200048
2023 4 3 0 17 52.570 46.003825 -130.026888 1.354 -0.93 309300000
2023 4 3 0 19 55.090 45.921261 -129.988623 0.838 -1.78 309300001
2023 4 3 0 35 10.380 46.003231 -130.030396 1.613 -1.05 309300002
2023 4 3 1 5 47.340 45.996143 -130.020223 1.512 -1.13 309300005
2023 4 3 1 28 52.360 45.964323 -129.992489 1.358 -1.54 309300008
2023 4 3 1 29 22.980 45.963944 -129.992440 1.601 -1.53 309300009
2023 4 3 1 35 7.460 45.963513 -129.992301 1.633 -1.70 309300010
2023 4 3 1 37 20.370 45.964616 -129.993709 1.855 -1.59 309300011
2023 4 3 1 40 37.060 45.964775 -129.992847 1.760 -1.32 309300013
2023 4 3 3 1 22.420 45.912215 -129.984416 3.015 -1.58 309300017
2023 4 3 6 39 20.970 45.948372 -129.991707 1.720 -1.47 309300024
2023 4 3 9 5 19.600 45.987777 -130.005029 1.285 -1.67 309300029
2023 4 3 10 31 19.980 45.969149 -129.996549 1.471 -1.73 309300033
2023 4 3 10 43 18.610 45.969470 -129.996549 1.287 -1.97 309300034
2023 4 3 11 51 3.530 45.969019 -129.996468 1.278 -1.87 309300036
2023 4 3 12 18 12.970 45.936190 -130.019157 1.259 -1.48 309300037
2023 4 3 20 55 43.580 45.909013 -129.939868 1.181 -1.45 309300054
2023 4 3 22 26 43.800 45.939840 -129.987923 1.188 -1.12 309300057
2023 4 4 0 27 5.690 45.957129 -129.989144 1.971 -1.59 309400000
2023 4 4 0 28 11.240 45.967399 -129.996379 1.590 -0.80 309400001
2023 4 4 0 30 48.900 45.966410 -129.997103 1.606 -1.68 309400002
2023 4 4 0 48 0.090 45.966646 -129.995280 1.357 -1.45 309400004
2023 4 4 0 57 54.810 45.955444 -129.986979 2.098 -1.57 309400005
2023 4 4 1 10 47.960 45.946826 -130.022493 1.605 -1.58 309400006
2023 4 4 2 5 22.320 45.928829 -130.007869 1.021 -1.94 309400008
2023 4 4 2 11 30.740 45.924622 -129.980957 2.218 -1.83 309400010
2023 4 4 2 16 58.860 45.917721 -129.990951 0.764 -1.75 309400011
2023 4 4 2 19 35.260 45.918982 -129.976562 1.629 -1.37 309400013
2023 4 4 2 21 33.210 45.928971 -130.006226 0.939 -0.94 309400014
2023 4 4 2 32 16.720 45.918473 -129.991105 0.846 -2.00 309400015
2023 4 4 2 33 13.490 46.002161 -130.028792 1.562 -1.19 309400016
2023 4 4 2 51 22.320 45.954126 -129.986646 1.999 -1.50 309400018
2023 4 4 3 58 40.430 45.969267 -129.995036 1.486 -1.71 309400020
2023 4 4 4 6 53.570 45.975366 -129.982780 0.760 -1.35 309400021
2023 4 4 4 41 50.890 46.002071 -130.028133 1.411 -0.63 309400024
2023 4 4 4 52 3.990 45.994010 -130.013070 1.549 -2.00 309400025
2023 4 4 6 6 7.720 45.925289 -129.984831 1.246 -1.53 309400028
2023 4 4 6 11 34.560 45.925993 -129.983919 1.179 -1.49 309400029
2023 4 4 7 37 42.990 45.925191 -129.990389 0.866 -1.76 309400032
2023 4 4 8 3 37.640 46.003805 -130.021761 1.385 -1.11 309400033
2023 4 4 9 58 4.480 46.003796 -130.024992 1.478 -1.44 309400036
2023 4 4 11 39 42.480 46.002486 -130.028507 1.389 -1.38 309400042
2023 4 4 16 48 31.870 45.996338 -130.011564 1.520 -1.48 309400046
2023 4 4 17 6 5.680 45.923950 -129.979484 1.831 -1.80 309400047
2023 4 4 19 21 58.760 45.925024 -129.989632 0.688 -2.00 309400051
2023 4 4 19 34 37.080 45.926839 -129.989461 0.986 -2.00 309400052
2023 4 4 23 58 53.120 45.981425 -129.998543 1.347 -1.83 309400214
2023 4 5 1 35 31.420 45.948466 -129.982886 1.531 -1.59 309500020
2023 4 5 1 39 21.380 45.947791 -129.983179 1.532 -1.62 309500021
2023 4 5 1 41 12.840 45.920443 -129.986784 1.083 -2.00 309500024
2023 4 5 1 57 44.370 45.946993 -129.984831 1.596 -2.00 309500028
2023 4 5 2 30 54.830 45.966166 -129.993766 1.648 -2.00 309500038
2023 4 5 3 0 55.790 45.935579 -129.983724 1.841 -1.60 309500047
2023 4 5 3 2 5.230 45.937789 -129.985579 1.519 -1.89 309500048
2023 4 5 3 31 21.010 45.924715 -129.999984 0.951 -1.66 309500055
2023 4 5 5 10 52.700 45.931274 -129.975081 1.643 -1.49 309500062
2023 4 5 8 31 15.500 45.969645 -130.066911 0.412 -0.96 309500076
2023 4 5 8 33 3.710 45.921936 -129.969295 1.601 -1.62 309500077
2023 4 5 8 53 56.580 45.979932 -130.016805 0.123 -0.87 309500080
2023 4 5 10 42 12.900 45.917310 -129.956665 0.907 -1.48 309500106
2023 4 5 12 47 30.970 45.926355 -130.000993 1.160 -1.77 309500115
2023 4 5 13 24 28.630 45.954130 -129.986890 1.762 -1.57 309500117
2023 4 5 13 24 46.470 45.954138 -129.986271 1.941 -1.44 309500118
2023 4 5 14 16 36.230 45.932959 -129.977262 1.531 -0.87 309500121
2023 4 5 14 19 43.190 45.932760 -129.976725 1.547 -1.49 309500122
2023 4 5 14 19 49.470 45.933028 -129.977181 1.575 -1.27 309500123
2023 4 5 14 20 7.920 45.932922 -129.976237 1.571 -1.58 309500124
2023 4 5 14 25 51.860 45.978548 -129.998641 1.344 -1.36 309500125
2023 4 5 14 29 41.760 45.904362 -129.982812 2.624 -0.99 309500126
2023 4 5 14 30 50.290 45.911051 -129.989290 0.812 -1.17 309500127
2023 4 5 14 39 53.140 45.931177 -129.976042 1.563 -1.62 309500129
2023 4 5 15 26 17.290 45.918587 -129.987923 1.426 -1.34 309500130
2023 4 5 15 27 29.280 45.920044 -129.990267 0.884 -1.32 309500131
2023 4 5 15 27 50.330 45.919722 -129.990039 0.904 -1.49 309500132
2023 4 5 15 27 58.270 45.919442 -129.989860 0.894 -1.46 309500133
2023 4 5 15 28 0.940 45.919731 -129.989551 1.293 -1.29 309500134
2023 4 5 16 27 55.120 45.924797 -129.991252 0.870 -1.50 309500144
2023 4 5 17 25 46.600 46.004793 -130.030623 1.319 -1.43 309500171
2023 4 5 18 10 3.520 45.941394 -130.020614 1.398 -1.54 309500175
2023 4 5 23 10 20.180 45.947274 -129.991724 1.566 -1.28 309500187
2023 4 6 0 42 38.460 45.994031 -130.013135 1.296 -1.36 309600000
2023 4 6 0 43 14.500 45.993717 -130.013289 1.307 -0.61 309600001
2023 4 6 0 43 41.720 45.994312 -130.012899 1.171 -0.33 309600004
2023 4 6 0 43 52.220 45.994344 -130.014681 1.507 -0.82 309600005
2023 4 6 0 44 6.280 45.993970 -130.014176 0.848 -0.89 309600007
2023 4 6 0 44 11.760 45.994230 -130.013118 1.187 -0.62 309600008
2023 4 6 0 44 19.680 46.001937 -130.025431 0.042 -0.78 309600010
2023 4 6 0 44 37.360 46.003097 -130.019271 0.847 -1.24 309600012
2023 4 6 0 44 40.250 45.993901 -130.012362 1.096 -0.89 309600013
2023 4 6 0 45 6.650 45.994295 -130.013387 1.108 -0.73 309600015
2023 4 6 0 45 27.320 45.994242 -130.014535 1.741 -0.87 309600018
2023 4 6 0 45 40.230 45.994169 -130.013745 1.281 -0.56 309600019
2023 4 6 0 48 23.780 45.992074 -130.015511 1.693 -1.00 309600021
2023 4 6 0 49 8.530 45.993884 -130.012158 1.147 -0.91 309600022
2023 4 6 0 49 17.110 45.993888 -130.014168 1.399 -0.65 309600023
2023 4 6 0 49 27.670 46.010295 -130.038281 0.274 -0.91 309600024
2023 4 6 0 49 41.690 45.993998 -130.013525 1.294 -0.32 309600025
2023 4 6 0 49 44.190 45.992957 -130.017928 1.157 -0.09 309600026
2023 4 6 0 49 57.040 45.948238 -130.030591 0.067 -0.93 309600027
2023 4 6 0 50 46.100 45.994206 -130.013745 1.094 -0.49 309600030
2023 4 6 0 57 47.620 45.995300 -130.014225 0.969 -1.09 309600032
2023 4 6 0 58 35.580 45.972827 -130.006820 4.078 -0.95 309600033
2023 4 6 1 6 42.670 46.002966 -130.020304 0.263 -1.10 309600036
2023 4 6 1 9 25.530 45.993123 -130.013981 1.923 -1.55 309600037
2023 4 6 1 44 53.030 45.992757 -130.014551 1.667 -1.19 309600039
2023 4 6 3 5 56.160 45.931226 -130.017554 1.426 -1.68 309600046
2023 4 6 3 7 23.030 45.932060 -130.018807 1.434 -1.95 309600047
2023 4 6 3 10 23.700 45.932011 -130.021240 1.430 -1.57 309600050
2023 4 6 3 14 59.120 45.931344 -130.016187 1.379 -0.87 309600053
2023 4 6 3 16 25.430 45.930929 -130.015999 1.349 -1.08 309600055
2023 4 6 3 16 56.460 45.931803 -130.016097 1.563 -1.91 309600056
2023 4 6 3 38 28.490 45.921309 -130.033407 3.641 -1.56 309600058
2023 4 6 3 44 1.530 45.931372 -130.036841 2.606 -1.45 309600059
2023 4 6 4 3 3.240 46.012703 -130.035563 1.784 -1.25 309600061
2023 4 6 4 3 57.660 46.012903 -130.035612 1.687 -0.91 309600062
2023 4 6 4 5 55.020 45.993742 -130.014909 1.606 -1.44 309600064
2023 4 6 4 14 18.280 45.998730 -130.028809 1.174 -1.41 309600066
2023 4 6 8 32 5.780 45.925244 -129.981576 2.746 -1.51 309600080
2023 4 6 9 29 9.780 45.923047 -129.985840 1.112 -1.56 309600082
2023 4 6 10 44 17.490 45.926054 -130.005428 0.951 -1.56 309600085
2023 4 6 13 17 57.740 45.938949 -130.018522 1.090 -1.36 309600094
2023 4 6 13 34 54.290 45.916036 -129.990405 0.904 -1.75 309600095
2023 4 6 13 38 14.050 45.915853 -129.990487 0.744 -1.88 309600099
2023 4 6 13 45 8.360 46.012370 -130.037687 1.563 -1.45 309600100
2023 4 6 13 47 23.720 45.915816 -129.990470 0.609 -1.25 309600101
2023 4 6 13 47 55.160 45.915617 -129.989746 0.757 -1.39 309600102
2023 4 6 13 48 2.560 45.912354 -129.985360 2.861 -1.78 309600103
2023 4 6 13 48 39.670 45.915312 -129.989811 0.869 -1.65 309600104
2023 4 6 13 50 4.680 45.916260 -129.989632 1.017 -0.90 309600106
2023 4 6 13 52 42.600 46.000439 -130.036019 1.881 -1.82 309600107
2023 4 6 13 53 40.990 45.912956 -129.983854 3.145 -1.17 309600109
2023 4 6 13 58 56.170 45.940495 -129.978166 1.492 -1.40 309600111
2023 4 6 14 11 30.090 45.915723 -129.990112 0.736 -1.65 309600112
2023 4 6 14 26 36.210 46.001538 -130.028540 1.555 -1.22 309600114
2023 4 6 14 55 31.180 45.998328 -130.012492 1.952 -1.53 309600118
2023 4 6 15 1 44.340 45.921130 -129.989941 0.854 -1.77 309600121
2023 4 6 15 9 59.100 45.892546 -129.973918 2.529 -1.17 309600123
2023 4 6 15 16 31.120 45.904333 -130.034782 1.296 -1.53 309600125
2023 4 6 15 19 38.550 45.949931 -130.024284 1.743 -1.51 309600128
2023 4 6 15 24 11.500 45.938786 -129.987069 1.479 -1.59 309600129
2023 4 6 15 26 2.950 45.938957 -129.987345 1.524 -1.36 309600131
2023 4 6 15 26 21.230 45.938802 -129.986930 1.547 -1.32 309600132
2023 4 6 15 27 43.810 45.938590 -129.984041 1.630 -2.00 309600134
2023 4 6 15 28 53.370 45.938021 -129.985132 1.567 -1.56 309600136
2023 4 6 15 30 36.720 45.938192 -129.984106 1.619 -2.00 309600137
2023 4 6 15 33 16.200 45.938627 -129.985018 1.536 -1.19 309600138
2023 4 6 15 36 2.210 45.939530 -129.985148 1.449 -1.50 309600140
2023 4 6 15 36 50.210 45.938525 -129.984530 1.462 -1.59 309600141
2023 4 6 15 36 52.390 45.926042 -129.979256 2.433 -1.48 309600142
2023 4 6 15 38 56.410 45.938684 -129.984863 1.479 -1.66 309600144
2023 4 6 15 39 6.430 45.938509 -129.985059 1.550 -1.71 309600145
2023 4 6 15 39 43.130 45.938245 -129.984668 1.532 -1.22 309600146
2023 4 6 15 43 9.390 45.936898 -129.983431 1.595 -1.71 309600148
2023 4 6 15 44 59.420 45.938245 -129.984562 1.510 -1.42 309600149
2023 4 6 15 47 19.380 45.938826 -129.984692 1.539 -1.28 309600150
2023 4 6 15 59 41.740 45.915898 -129.961027 3.550 -1.07 309600163
2023 4 6 16 21 52.240 45.937288 -129.982739 2.400 -1.59 309600166
2023 4 6 16 22 6.960 45.914799 -129.951090 2.388 -1.14 309600167
2023 4 6 16 24 13.130 45.938236 -129.985278 1.434 -1.66 309600169
2023 4 6 16 25 9.160 45.985217 -129.999959 2.423 -1.47 309600170
2023 4 6 16 25 36.440 45.939258 -129.986336 1.470 -1.28 309600171
2023 4 6 16 42 16.740 45.985331 -130.000195 2.258 -1.72 309600174
2023 4 6 23 21 58.620 45.941602 -129.980054 1.507 -1.86 309600179
2023 4 6 23 22 24.540 45.989901 -129.981063 0.783 -1.08 309600180
2023 4 7 1 50 34.300 45.984969 -130.000334 2.143 -1.88 309700000
2023 4 7 1 51 16.740 45.939966 -130.019214 1.477 -1.72 309700001
2023 4 7 1 51 24.730 45.940548 -130.019108 1.271 -1.75 309700002
2023 4 7 2 9 51.240 45.940413 -130.019141 1.414 -1.87 309700004
2023 4 7 2 27 35.020 45.983378 -129.998739 2.097 -1.23 309700005
2023 4 7 4 11 0.910 45.920911 -129.995898 0.990 -1.70 309700009
2023 4 7 4 17 10.070 45.984766 -129.998950 2.133 -1.13 309700012
2023 4 7 7 0 25.390 45.913928 -129.985238 1.666 -1.26 309700027
2023 4 7 7 57 53.130 45.914046 -129.989950 1.739 -1.68 309700029
2023 4 7 8 5 41.540 45.972904 -130.002970 1.514 -1.18 309700031
2023 4 7 8 10 56.220 45.912268 -129.987126 2.592 -1.50 309700032
2023 4 7 8 22 48.000 45.950399 -130.024235 1.843 -1.67 309700033
2023 4 7 8 23 3.130 45.950423 -130.024788 1.616 -1.70 309700034
2023 4 7 9 14 13.510 46.005469 -130.026693 1.549 -1.58 309700036
2023 4 7 9 30 19.370 45.952726 -130.024927 1.518 -1.81 309700037
2023 4 7 10 27 16.490 46.004342 -130.022876 1.643 -2.00 309700039
2023 4 7 12 9 32.890 45.926318 -129.983415 0.877 -1.50 309700043
2023 4 7 13 5 2.150 45.936975 -129.982886 1.211 -1.45 309700045
2023 4 7 13 16 53.850 45.914079 -129.966073 0.667 -1.24 309700046
2023 4 7 15 1 47.040 45.981226 -130.003923 1.286 -2.00 309700048
2023 4 7 15 5 11.130 45.952722 -129.987915 1.631 -1.51 309700049
2023 4 7 16 20 18.920 45.925171 -129.987231 3.149 -1.91 309700071
2023 4 7 16 20 41.800 45.923348 -129.991007 0.888 -1.28 309700072
2023 4 7 16 21 11.450 45.922689 -129.991024 0.881 -1.88 309700073
2023 4 7 16 22 48.310 45.922933 -129.990877 0.775 -1.94 309700075
2023 4 7 16 25 35.090 45.921879 -129.989388 1.026 -1.61 309700079
2023 4 7 16 25 59.950 45.922445 -129.990666 1.011 -2.00 309700080
2023 4 7 16 27 23.970 45.922721 -129.990755 0.880 -1.58 309700083
2023 4 7 16 28 22.310 45.924060 -129.992122 0.689 -2.00 309700085
2023 4 7 16 29 5.920 45.925114 -129.987191 2.769 -1.70 309700086
2023 4 7 16 31 40.830 45.922860 -129.990609 0.863 -1.87 309700087
2023 4 7 16 42 55.690 45.922408 -129.990413 0.942 -1.20 309700093
2023 4 7 16 49 27.080 45.923214 -129.990853 0.880 -1.59 309700096
2023 4 7 16 54 34.240 45.921456 -129.982129 1.129 -1.51 309700099
2023 4 7 16 58 14.780 45.923238 -129.991016 0.888 -1.41 309700100
2023 4 7 16 58 31.540 45.922270 -129.990918 0.861 -1.48 309700101
2023 4 7 16 59 9.710 45.922677 -129.991333 0.985 -2.00 309700102
2023 4 7 17 1 47.680 45.921745 -129.983854 0.190 -1.83 309700103
2023 4 7 17 7 34.280 45.931291 -129.992106 4.070 -0.86 309700104
2023 4 7 17 10 30.120 45.922693 -129.990560 0.943 -1.68 309700106
2023 4 7 17 16 46.260 45.949451 -129.986694 1.473 -1.96 309700107
2023 4 7 17 30 31.720 45.899837 -129.984310 1.185 -1.24 309700109
2023 4 7 17 31 55.320 45.975045 -129.995662 1.353 -1.26 309700110
2023 4 7 17 32 39.360 45.974809 -129.995728 1.427 -1.88 309700111
2023 4 7 17 37 23.160 45.922888 -129.990706 0.769 -1.55 309700115
2023 4 7 17 53 26.040 45.965088 -129.993962 1.680 -1.90 309700118
2023 4 7 17 56 46.340 45.923197 -129.990243 0.859 -1.77 309700119
2023 4 7 18 25 18.460 45.920492 -129.989795 0.928 -1.57 309700122
2023 4 7 20 44 11.920 45.938098 -130.019189 1.176 -1.13 309700128
2023 4 7 21 5 18.200 45.980859 -129.998413 1.770 -0.95 309700129
2023 4 7 21 8 19.040 45.979350 -129.998429 1.246 -1.20 309700132
2023 4 7 21 8 54.480 45.981746 -129.998169 1.974 -1.56 309700133
2023 4 7 23 12 41.940 45.945516 -130.046110 1.879 -1.44 309700140
2023 4 8 2 0 30.020 45.945020 -129.982332 1.693 -1.33 309800000
2023 4 8 7 13 42.690 45.919466 -129.968579 1.366 -1.54 309800010
2023 4 8 12 13 27.870 45.924508 -129.981616 1.105 -1.58 309800022
2023 4 8 13 3 41.780 46.003739 -130.024764 1.492 -1.51 309800023
2023 4 8 16 28 30.000 45.946395 -129.983236 1.528 -1.26 309800036
2023 4 8 17 1 20.080 45.979183 -129.997274 1.281 -1.28 309800041
2023 4 8 17 12 2.340 45.967220 -129.995630 1.534 -1.40 309800042
2023 4 8 17 57 4.680 46.010897 -130.034416 0.773 -0.93 309800047
2023 4 8 18 29 34.700 46.004053 -130.024398 1.851 -1.55 309800051
2023 4 8 18 31 50.800 45.951046 -130.025057 1.638 -1.40 309800052
2023 4 8 19 55 48.640 45.917367 -129.986589 1.969 -1.90 309800054
2023 4 8 21 2 14.320 46.004236 -130.026831 1.519 -1.09 309800056
2023 4 8 23 10 7.840 45.949756 -130.050228 2.103 -1.42 309800060
2023 4 8 23 55 31.360 46.004159 -130.025968 1.578 -1.11 309800061
2023 4 9 0 55 20.070 45.935217 -129.986483 1.400 -1.56 309900000
2023 4 9 1 1 6.200 46.005440 -130.027563 1.975 -1.16 309900003
2023 4 9 1 41 7.470 45.953296 -130.022176 0.331 -1.20 309900005
2023 4 9 1 50 30.670 45.997705 -130.028149 0.844 -1.02 309900006
2023 4 9 4 6 27.350 46.011882 -130.035726 1.756 -1.36 309900009
2023 4 9 12 26 15.980 46.002067 -130.028231 1.498 -0.28 309900051
2023 4 9 12 28 26.340 46.002108 -130.028011 1.474 -0.91 309900053
2023 4 9 15 17 54.320 46.003483 -130.026139 1.400 -0.99 309900056
2023 4 9 16 5 23.330 45.989880 -130.002767 1.837 -1.75 309900060
2023 4 9 16 37 1.800 45.910347 -129.956486 1.605 -1.61 309900064
2023 4 9 17 16 40.100 46.003699 -130.029093 1.616 -1.40 309900066
2023 4 9 17 17 14.040 46.004867 -130.030257 1.621 -1.46 309900067
2023 4 9 17 17 29.720 46.003288 -130.030273 1.639 -0.70 309900068
2023 4 9 17 17 45.760 45.992578 -130.014494 0.965 -0.80 309900070
2023 4 9 17 18 1.660 46.003430 -130.029557 1.635 -1.63 309900073
2023 4 9 17 28 49.600 46.003166 -130.030037 1.584 -1.28 309900079
2023 4 9 17 39 48.600 45.990621 -130.007332 2.273 -1.47 309900080
2023 4 9 17 45 58.480 45.948018 -129.986027 1.737 -1.69 309900081
2023 4 9 18 2 0.760 46.005416 -130.031608 1.848 -1.58 309900091
2023 4 9 18 14 46.300 46.003569 -130.029289 1.717 -0.79 309900100
2023 4 9 18 16 19.360 46.004789 -130.030094 1.745 -1.33 309900104
2023 4 9 23 12 8.120 45.917843 -129.989233 2.923 -1.85 309900192
2023 4 10 0 25 47.720 45.996045 -130.026750 1.299 -1.90 310000001
2023 4 10 0 32 51.660 45.965800 -129.995646 1.640 -0.48 310000003
2023 4 10 0 34 39.290 45.966361 -129.995964 1.450 -1.50 310000004
2023 4 10 0 53 40.310 45.965377 -129.995662 1.329 -1.04 310000006
2023 4 10 3 17 10.220 46.002433 -130.024121 1.829 -0.88 310000010
2023 4 10 3 24 47.900 46.004203 -130.024373 1.491 -1.61 310000011
2023 4 10 5 20 6.300 45.911202 -129.985229 0.956 -1.28 310000014
2023 4 10 5 26 50.160 45.912040 -129.985685 0.749 -1.39 310000016
2023 4 10 7 58 41.860 46.000134 -130.028255 1.534 -0.44 310000021
2023 4 10 8 14 26.480 45.996851 -130.011727 1.763 -1.97 310000022
2023 4 10 9 20 48.240 46.009835 -130.028451 0.699 -1.45 310000023
2023 4 10 10 56 23.380 45.924772 -129.993734 0.928 -1.76 310000024
2023 4 10 15 25 44.590 45.922961 -129.984538 1.241 -1.94 310000028
2023 4 10 16 16 4.210 45.939978 -129.979362 1.491 -1.63 310000030
2023 4 10 16 17 22.940 45.940015 -129.978288 1.483 -1.61 310000031
2023 4 10 16 39 37.650 45.991142 -130.021867 1.054 -1.81 310000034
2023 4 10 17 36 21.440 46.003475 -130.029069 1.495 -0.95 310000036
2023 4 10 18 22 14.800 45.917737 -129.987231 1.489 -1.78 310000039
2023 4 10 18 26 9.180 45.971273 -129.994710 1.165 -1.36 310000040
2023 4 10 20 13 5.940 46.000887 -130.030168 1.634 -1.18 310000043
2023 4 10 20 13 13.740 46.001579 -130.031307 1.827 -1.06 310000044
2023 4 10 20 15 27.800 46.001192 -130.030249 1.599 -1.41 310000045
2023 4 10 20 16 15.660 46.000810 -130.030127 1.674 -1.10 310000046
2023 4 10 20 16 21.360 46.017672 -130.038379 2.487 -0.97 310000047
2023 4 10 20 18 9.040 46.000830 -130.029801 1.580 -0.98 310000048
2023 4 10 20 37 34.360 46.000932 -130.030583 1.599 -1.53 310000050
2023 4 10 21 23 18.420 45.921928 -129.985278 1.171 -1.81 310000052
2023 4 10 21 28 20.000 46.001823 -130.030623 1.674 -0.90 310000054
2023 4 10 22 30 58.480 46.002287 -130.030216 1.671 -1.21 310000064
2023 4 10 22 31 10.940 46.002714 -130.031307 1.664 -2.00 310000065
2023 4 10 22 52 42.720 46.001713 -130.029012 1.429 -1.54 310000070
2023 4 11 0 19 22.750 45.923686 -129.989950 0.933 -1.54 310100000
2023 4 11 0 56 34.960 45.923690 -129.989632 0.980 -1.54 310100004
2023 4 11 2 35 36.680 45.925431 -129.985791 0.922 -1.57 310100009
2023 4 11 4 1 24.990 45.934212 -129.982845 1.305 -1.52 310100010
2023 4 11 4 2 26.360 45.934049 -129.982739 1.329 -1.14 310100011
2023 4 11 4 4 30.330 45.934131 -129.982593 1.321 -1.21 310100012
2023 4 11 4 19 59.770 45.933492 -129.981006 1.356 -1.37 310100013
2023 4 11 15 0 57.710 45.930823 -130.009424 0.308 -1.41 310100025
2023 4 11 17 53 56.920 45.925920 -129.984513 1.018 -1.99 310100027
2023 4 11 20 38 54.440 45.922913 -129.986580 1.169 -1.55 310100038
2023 4 11 20 44 45.120 45.955322 -129.988013 1.971 -1.36 310100039
2023 4 11 20 46 40.160 46.007349 -130.030444 1.688 -0.75 310100040
2023 4 11 20 48 42.100 45.955294 -129.987345 1.842 -1.48 310100041
2023 4 11 21 43 52.760 46.002441 -130.023169 1.665 -1.40 310100047
2023 4 11 21 45 24.360 45.961654 -129.990894 1.914 -1.25 310100048
2023 4 11 23 52 41.160 45.996130 -130.008911 1.646 -0.01 310100062
2023 4 11 23 59 33.040 45.924923 -129.978288 2.733 -1.94 310100064
2023 4 12 0 16 3.460 45.921985 -129.986776 1.020 -1.70 310200006
2023 4 12 6 25 56.710 46.002275 -130.028198 1.371 -1.47 310200017
2023 4 12 11 43 46.110 45.922754 -129.976815 1.331 -1.33 310200033
2023 4 12 11 49 29.060 45.978487 -129.995451 1.785 -1.02 310200034
2023 4 12 11 50 30.160 45.979814 -129.995288 0.511 -1.56 310200035
2023 4 12 14 23 29.640 45.917306 -129.972176 1.399 -1.74 310200040
2023 4 12 17 16 31.240 45.955957 -129.987248 1.861 -1.21 310200049
2023 4 12 17 55 30.840 45.975354 -129.996216 0.888 -1.33 310200053
2023 4 12 18 0 17.640 45.974304 -129.995402 1.673 -1.07 310200055
2023 4 12 18 1 16.200 45.977258 -129.997314 1.611 -1.17 310200056
2023 4 12 18 1 42.520 45.977730 -129.996501 1.771 -1.23 310200057
2023 4 12 18 3 24.520 45.976876 -129.996981 1.656 -1.22 310200058
2023 4 12 18 3 54.940 46.004960 -130.024951 1.899 -1.12 310200059
2023 4 12 18 5 28.800 45.982707 -129.998006 0.357 -1.72 310200063
2023 4 12 18 5 52.200 45.977987 -129.996810 1.899 -1.38 310200065
2023 4 12 18 6 16.640 45.977100 -129.988647 1.484 -0.98 310200066
2023 4 12 18 11 29.240 45.976986 -129.996403 1.479 -1.14 310200068
2023 4 12 18 12 22.260 45.977543 -129.996370 1.252 -1.62 310200069
2023 4 12 18 14 37.560 45.978479 -129.996558 1.823 -1.07 310200071
2023 4 12 18 15 52.440 45.976807 -129.995955 1.409 -1.65 310200072
2023 4 12 18 16 55.680 45.976367 -129.995174 1.411 -1.23 310200073
2023 4 12 18 17 13.440 45.977197 -129.996338 1.641 -0.93 310200075
2023 4 12 18 17 38.280 45.976343 -129.996053 1.334 -1.37 310200076
2023 4 12 18 19 46.500 45.976139 -129.995003 1.575 -1.31 310200078
2023 4 12 18 20 19.640 45.958708 -130.009473 4.683 -1.33 310200079
2023 4 12 18 31 47.720 45.975448 -129.995817 1.349 -1.10 310200085
2023 4 12 18 33 4.640 45.976851 -129.996672 1.206 -1.22 310200086
2023 4 12 18 33 29.880 45.976575 -129.996297 1.710 -1.22 310200087
2023 4 12 18 37 13.300 45.975936 -129.995907 1.580 -1.42 310200090
2023 4 12 18 37 20.700 45.975472 -129.995719 1.278 -1.17 310200091
2023 4 12 18 37 31.880 45.978691 -129.996574 1.546 -1.40 310200092
2023 4 12 18 39 9.660 45.975993 -129.995622 1.509 -0.99 310200094
2023 4 12 18 39 34.960 45.975928 -129.995907 1.572 -1.91 310200095
2023 4 12 18 40 21.200 45.985046 -129.993978 0.240 -1.19 310200096
2023 4 12 18 40 31.200 45.975163 -129.995028 1.151 -1.49 310200097
2023 4 12 18 41 20.320 45.975301 -129.995133 0.907 -1.45 310200099
2023 4 12 18 42 14.400 45.977401 -129.995964 1.127 -1.26 310200101
2023 4 12 18 42 48.740 45.977185 -129.996574 1.326 -1.53 310200102
2023 4 12 18 43 0.120 45.976872 -129.996216 1.355 -1.41 310200103
2023 4 12 18 43 31.860 45.975537 -129.996232 1.555 -0.68 310200104
2023 4 12 18 43 49.060 45.977547 -129.995190 1.786 -1.18 310200105
2023 4 12 18 44 1.080 45.976062 -129.995410 1.839 -0.93 310200106
2023 4 12 18 44 12.840 45.976644 -129.996143 1.812 -1.02 310200107
2023 4 12 18 44 31.000 45.978992 -129.996045 1.895 -1.04 310200108
2023 4 12 18 45 43.720 45.977352 -129.995858 1.752 -1.46 310200111
2023 4 12 18 47 23.640 45.976029 -129.996606 1.287 -1.25 310200113
2023 4 12 18 48 2.440 45.976660 -129.995703 1.646 -1.18 310200115
2023 4 12 18 49 38.040 45.976811 -129.996468 1.440 -1.36 310200116
2023 4 12 18 50 28.000 45.977051 -129.996582 1.267 -1.38 310200118
2023 4 12 18 51 8.000 45.976217 -129.996606 1.175 -2.00 310200119
2023 4 12 18 51 21.660 45.976737 -129.997135 1.347 -1.64 310200120
2023 4 12 18 51 52.520 45.976335 -129.996924 1.119 -1.86 310200123
2023 4 12 18 51 56.680 45.974247 -130.002962 0.307 -1.57 310200124
2023 4 12 18 52 26.600 45.977563 -129.996476 1.260 -1.78 310200126
2023 4 12 18 53 16.720 45.923698 -130.016675 3.847 -1.30 310200127
2023 4 12 18 56 28.840 45.975732 -129.995988 1.290 -1.78 310200131
2023 4 12 18 57 58.960 45.976444 -129.996159 1.162 -1.37 310200132
2023 4 12 19 0 17.080 45.978536 -129.995841 1.822 -1.42 310200135
2023 4 12 19 1 13.360 45.970162 -129.996118 1.847 -1.53 310200136
2023 4 12 19 1 45.220 45.985563 -129.991341 0.453 -2.00 310200137
2023 4 12 19 4 2.980 45.976571 -129.996696 1.288 -1.82 310200138
2023 4 12 19 4 19.280 45.977238 -129.996672 1.614 -1.21 310200140
2023 4 12 19 5 2.600 45.994458 -129.993416 0.525 -1.27 310200141
2023 4 12 19 5 35.200 45.978650 -129.995329 1.481 -1.24 310200142
2023 4 12 19 5 39.360 45.972913 -129.996134 1.737 -1.69 310200143
2023 4 12 19 7 6.120 45.993290 -130.037174 2.189 -1.67 310200146
2023 4 12 19 8 11.260 45.976864 -129.996965 1.286 -1.05 310200147
2023 4 12 19 9 54.000 45.974870 -129.996061 1.165 -2.00 310200150
2023 4 12 19 12 56.420 45.976624 -129.996606 1.039 -1.27 310200151
2023 4 12 19 16 47.860 45.988009 -130.004484 2.133 -1.27 310200153
2023 4 12 19 18 2.920 45.952494 -129.986808 1.667 -1.76 310200154
2023 4 12 19 18 41.760 45.976383 -129.996549 1.241 -1.63 310200155
2023 4 12 19 19 7.960 45.952852 -129.982780 1.964 -1.32 310200156
2023 4 12 19 19 46.120 45.976701 -129.996468 1.436 -1.43 310200157
2023 4 12 19 20 46.720 45.976725 -129.997046 1.322 -1.75 310200160
2023 4 12 19 21 30.360 45.952348 -129.986727 1.909 -1.70 310200161
2023 4 12 19 21 51.400 45.965694 -129.989518 1.980 -1.94 310200162
2023 4 12 19 21 58.360 45.964404 -129.991162 1.979 -1.72 310200163
2023 4 12 19 24 15.040 45.977783 -129.996566 1.648 -1.48 310200166
2023 4 12 19 29 8.420 45.984204 -129.998332 1.910 -1.47 310200169
2023 4 12 19 29 36.700 45.975024 -129.995907 1.264 -1.88 310200170
2023 4 12 19 29 45.520 45.972262 -129.995508 1.550 -1.54 310200171
2023 4 12 19 30 55.340 45.990027 -129.995492 0.408 -1.29 310200173
2023 4 12 19 31 12.400 45.990938 -129.994255 0.441 -1.39 310200174
2023 4 12 19 33 10.080 45.953894 -129.992464 1.515 -1.35 310200175
2023 4 12 19 33 27.940 45.976168 -129.996501 1.172 -1.59 310200176
2023 4 12 19 35 57.960 45.953406 -129.988379 1.733 -2.00 310200177
2023 4 12 19 36 4.340 45.975684 -129.996118 1.609 -1.33 310200178
2023 4 12 19 36 10.760 45.975334 -129.996012 1.280 -1.33 310200179
2023 4 12 19 36 52.880 45.953292 -129.987085 1.804 -1.50 310200181
2023 4 12 19 37 18.720 45.960213 -129.977376 2.074 -1.50 310200182
2023 4 12 19 37 40.840 45.979643 -129.991178 2.785 -1.44 310200183
2023 4 12 19 40 39.360 45.987500 -129.994539 3.779 -1.42 310200185
2023 4 12 19 41 14.320 45.975680 -129.997144 1.078 -1.29 310200186
2023 4 12 19 42 56.880 45.977559 -129.994580 1.848 -1.50 310200189
2023 4 12 19 43 16.260 45.977144 -129.996517 1.668 -1.33 310200190
2023 4 12 19 43 43.420 45.976921 -129.996232 1.428 -1.35 310200192
2023 4 12 19 43 53.620 45.993831 -129.993319 0.485 -1.58 310200193
2023 4 12 19 44 3.120 45.976799 -129.996517 1.529 -0.99 310200194
2023 4 12 19 44 20.300 45.977091 -129.996452 1.408 -1.64 310200195
2023 4 12 19 44 26.320 45.976705 -129.996362 1.306 -1.46 310200196
2023 4 12 19 44 34.160 45.986568 -129.998096 3.755 -1.45 310200197
2023 4 12 19 44 46.240 45.977303 -129.996183 1.870 -1.17 310200198
2023 4 12 19 44 57.360 45.976461 -129.996216 1.746 -1.17 310200199
2023 4 12 19 45 23.020 45.977588 -129.996370 1.313 -1.33 310200200
2023 4 12 19 45 30.520 45.976453 -129.996566 1.253 -1.40 310200201
2023 4 12 19 46 15.340 45.976827 -129.996427 1.495 -1.35 310200203
2023 4 12 19 46 22.480 45.976709 -129.996175 1.995 -1.14 310200204
2023 4 12 19 46 52.400 45.982239 -129.998332 2.105 -1.09 310200205
2023 4 12 19 48 39.240 45.988094 -130.004517 1.771 -1.25 310200208
2023 4 12 19 48 57.780 45.974137 -130.001831 0.732 -2.00 310200209
2023 4 12 19 49 14.660 45.975911 -129.995744 1.357 -1.70 310200210
2023 4 12 19 49 45.200 45.951648 -130.024316 1.452 -1.52 310200212
2023 4 12 19 49 55.620 45.975338 -129.996411 1.201 -1.50 310200213
2023 4 12 19 50 37.900 45.976941 -129.996517 1.795 -1.52 310200214
2023 4 12 19 50 42.640 45.973946 -129.996582 0.576 -1.69 310200215
2023 4 12 19 50 51.360 45.976086 -129.995776 1.383 -1.52 310200216
2023 4 12 19 50 56.300 45.958850 -130.008846 4.897 -1.75 310200217
2023 4 12 19 51 3.540 45.977059 -129.989144 1.596 -1.20 310200218
2023 4 12 19 51 14.880 45.977222 -129.995565 1.734 -1.22 310200219
2023 4 12 19 51 55.680 45.976404 -129.995662 1.616 -1.17 310200220
2023 4 12 19 52 32.200 45.977974 -129.996932 1.372 -1.16 310200221
2023 4 12 19 53 5.820 45.975773 -129.995874 1.277 -1.28 310200222
2023 4 12 19 53 16.440 45.976367 -129.995426 1.175 -1.31 310200223
2023 4 12 19 53 24.140 45.977425 -129.997005 1.270 -1.22 310200224
2023 4 12 19 53 29.140 45.989482 -129.983862 0.151 -1.34 310200225
2023 4 12 19 53 38.940 45.987919 -129.990861 1.885 -1.78 310200226
2023 4 12 19 53 44.140 45.976420 -129.995833 1.367 -0.70 310200227
2023 4 12 19 53 54.440 45.978125 -129.997225 1.843 -1.50 310200228
2023 4 12 19 54 17.880 45.976896 -129.996672 1.345 -1.63 310200230
2023 4 12 19 54 27.200 45.977083 -129.996924 1.557 -1.45 310200231
2023 4 12 19 54 30.260 45.977478 -129.996802 1.145 -1.20 310200232
2023 4 12 19 55 14.200 45.977808 -129.996167 1.928 -1.13 310200236
2023 4 12 19 55 54.680 45.978088 -129.996761 1.468 -1.34 310200239
2023 4 12 19 56 38.860 45.976428 -129.995622 1.364 -1.57 310200242
2023 4 12 19 57 11.840 45.976782 -129.996322 1.338 -1.49 310200243
2023 4 12 19 58 0.840 45.975598 -129.995654 1.383 -1.59 310200246
2023 4 12 19 58 12.000 45.977014 -129.995540 1.429 -1.27 310200247
2023 4 12 19 58 21.840 45.978731 -129.995410 1.965 -1.63 310200248
2023 4 12 19 58 38.480 45.994210 -130.009652 2.233 -1.57 310200249
2023 4 12 19 58 54.680 45.996025 -129.993726 0.587 -1.38 310200250
2023 4 12 19 59 27.000 45.975403 -129.995117 1.272 -1.39 310200252
2023 4 12 20 1 13.240 45.977572 -129.996761 1.155 -1.52 310200253
2023 4 12 20 1 36.440 45.977502 -129.996948 1.192 -1.42 310200254
2023 4 12 20 1 43.480 45.950130 -130.025081 1.709 -1.66 310200255
2023 4 12 20 2 10.080 45.975940 -129.995850 1.174 -1.46 310200256
2023 4 12 20 5 40.160 45.976965 -129.996777 1.445 -1.54 310200261
2023 4 12 20 5 56.680 45.978113 -129.996989 1.697 -1.30 310200262
2023 4 12 20 6 49.620 45.977356 -129.996769 1.736 -1.27 310200263
2023 4 12 20 10 25.080 45.975846 -129.995939 1.311 -1.09 310200266
2023 4 12 20 10 54.240 45.976587 -129.995955 1.723 -1.16 310200268
2023 4 12 20 13 40.160 45.975521 -129.995402 1.219 -1.48 310200273
2023 4 12 20 14 40.500 45.976404 -129.995638 1.413 -1.35 310200276
2023 4 12 20 15 53.800 45.974589 -129.996476 0.955 -1.07 310200279
2023 4 12 20 16 14.320 45.977808 -129.995850 1.227 -1.29 310200281
2023 4 12 20 16 28.400 45.978341 -129.996468 1.596 -1.09 310200282
2023 4 12 20 16 46.000 45.976534 -129.996590 1.444 -1.23 310200283
2023 4 12 20 17 21.460 45.977877 -129.996395 1.483 -0.79 310200285
2023 4 12 20 19 5.440 45.977844 -129.996989 1.601 -0.89 310200288
2023 4 12 20 19 23.960 45.976245 -129.996452 1.522 -1.83 310200289
2023 4 12 20 20 1.900 45.968180 -129.951774 2.924 -1.28 310200290
2023 4 12 20 22 16.120 45.973995 -129.997168 0.733 -1.23 310200292
2023 4 12 20 22 19.140 45.932247 -129.989697 3.361 -1.26 310200293
2023 4 12 20 24 33.320 45.977100 -129.997070 0.989 -1.52 310200295
2023 4 12 20 25 34.080 45.977869 -129.996834 1.277 -1.15 310200296
2023 4 12 20 26 23.480 45.977116 -129.996891 1.176 -1.54 310200297
2023 4 12 20 26 54.560 45.976257 -129.996452 1.346 -1.50 310200298
2023 4 12 20 28 11.420 45.976794 -129.996908 1.396 -1.24 310200301
2023 4 12 20 28 14.360 45.977828 -129.996411 1.263 -1.93 310200302
2023 4 12 20 29 32.960 45.974133 -129.996346 0.829 -1.68 310200305
2023 4 12 20 30 8.960 45.974963 -129.996021 1.365 -1.86 310200307
2023 4 12 20 32 10.100 45.987968 -129.997754 2.456 -1.38 310200311
2023 4 12 20 33 9.020 45.977690 -129.996802 1.140 -1.35 310200313
2023 4 12 20 35 13.740 45.976074 -129.996086 1.283 -0.82 310200315
2023 4 12 20 36 24.960 45.976400 -129.995947 1.279 -1.40 310200318
2023 4 12 20 36 43.040 45.980151 -129.988949 3.193 -1.38 310200320
2023 4 12 20 39 54.260 45.986064 -130.009318 2.402 -1.67 310200327
2023 4 12 20 44 16.880 45.965348 -129.986637 2.852 -1.22 310200331
2023 4 12 20 47 26.240 45.972217 -129.995166 1.301 -1.92 310200332
2023 4 12 20 48 38.620 45.969519 -129.993083 1.869 -1.69 310200333
2023 4 12 20 49 36.480 45.962004 -129.987858 2.324 -1.66 310200334
2023 4 12 20 52 52.300 45.977743 -129.996899 1.144 -1.74 310200335
2023 4 12 20 53 18.720 45.978487 -129.997363 1.289 -1.35 310200336
2023 4 12 20 53 53.120 45.977458 -129.997306 1.112 -1.60 310200337
2023 4 12 20 54 37.740 45.975675 -129.996257 1.217 -1.77 310200338
2023 4 12 20 58 47.380 45.975671 -129.995638 1.289 -1.49 310200339
2023 4 12 21 1 13.680 45.978361 -129.996965 1.304 -1.09 310200341
2023 4 12 21 1 27.680 45.975745 -129.996053 1.297 -1.45 310200342
2023 4 12 21 3 21.620 45.976294 -129.996631 1.360 -1.46 310200343
2023 4 12 21 3 32.740 45.977869 -129.996680 1.368 -1.57 310200344
2023 4 12 21 5 51.160 45.978459 -129.996598 1.381 -1.49 310200345
2023 4 12 21 8 48.680 45.975594 -129.996012 1.406 -1.30 310200346
2023 4 12 21 10 6.820 45.976078 -129.996672 1.256 -1.25 310200347
2023 4 12 21 10 22.380 45.973018 -129.995369 1.280 -1.40 310200348
2023 4 12 21 10 46.560 45.958700 -129.982821 1.715 -1.45 310200349
2023 4 12 21 12 12.200 45.975521 -129.996077 1.229 -1.88 310200350
2023 4 12 21 12 20.860 45.975928 -129.995850 1.167 -1.51 310200351
2023 4 12 21 12 47.720 45.976501 -129.995996 0.940 -1.43 310200352
2023 4 12 21 13 24.280 45.976400 -129.996240 0.838 -1.12 310200353
2023 4 12 21 38 20.080 45.966248 -130.037443 0.008 -1.53 310200356
2023 4 12 21 50 30.300 45.938208 -129.987622 1.450 -1.58 310200360
2023 4 12 22 5 22.400 45.980554 -129.994067 1.706 -1.85 310200362
2023 4 12 22 8 59.800 45.998197 -129.993156 1.111 -1.76 310200364
2023 4 12 22 32 29.500 45.980721 -129.998104 1.583 -1.26 310200368
2023 4 12 22 50 11.200 45.920276 -129.995174 1.228 -1.63 310200370
2023 4 12 22 50 29.200 45.917485 -129.984115 1.663 -1.98 310200371
2023 4 12 23 30 37.860 45.974703 -129.995898 1.230 -1.77 310200375
2023 4 12 23 48 19.800 45.918612 -129.985099 3.304 -1.30 310200379
2023 4 13 0 13 36.900 45.978878 -129.996859 1.044 -2.00 310300000
2023 4 13 0 52 48.540 45.959387 -129.988826 1.267 -1.85 310300001
2023 4 13 1 21 18.270 45.958549 -129.989567 1.366 -1.82 310300002
2023 4 13 1 43 33.920 45.957369 -129.990153 2.118 -1.81 310300005
2023 4 13 4 17 45.420 45.976839 -129.996403 0.930 -1.36 310300012
2023 4 13 6 3 48.640 45.974422 -129.996134 1.194 -1.54 310300021
2023 4 13 6 58 6.420 45.925549 -129.979533 1.225 -2.00 310300024
2023 4 13 12 43 23.520 45.925138 -129.976855 1.396 -1.35 310300037
2023 4 13 13 45 8.150 45.957959 -129.988875 1.347 -1.53 310300043
2023 4 13 18 2 57.720 45.979789 -129.998193 1.397 -1.17 310300090
2023 4 13 19 19 34.840 45.926839 -129.987354 0.828 -1.09 310300095
2023 4 13 20 36 37.880 45.983919 -130.037907 1.377 -1.29 310300097
2023 4 13 20 55 22.320 45.984208 -130.038574 1.547 -1.09 310300100
2023 4 13 21 13 3.520 46.002234 -130.056055 0.271 -1.07 310300102
2023 4 13 21 49 31.280 46.002144 -130.029338 1.453 -1.84 310300103
2023 4 13 22 5 52.680 45.985661 -130.000285 2.100 -1.33 310300104
2023 4 13 22 16 1.160 45.941077 -129.989689 1.481 -1.55 310300106
2023 4 13 22 21 51.760 45.940503 -129.991683 1.423 -1.58 310300107
2023 4 13 22 39 55.760 45.941142 -129.989958 1.479 -1.43 310300108
2023 4 13 22 48 20.360 46.021847 -130.018514 0.544 -1.22 310300110
2023 4 13 23 0 2.580 45.960067 -129.986678 1.913 -1.25 310300112
2023 4 13 23 50 58.040 45.941109 -129.989787 1.533 -1.08 310300115
2023 4 13 23 53 29.160 45.939164 -129.990324 1.281 -1.32 310300116
2023 4 13 23 56 9.900 45.941597 -129.991130 1.394 -0.94 310300117
2023 4 14 0 23 15.770 45.956726 -130.006958 0.191 -1.61 310400000
2023 4 14 0 23 51.370 45.938794 -129.982007 1.556 -1.58 310400001
2023 4 14 0 28 1.710 45.941744 -129.989591 1.347 -1.56 310400002
2023 4 14 0 47 42.400 45.983777 -130.001546 1.599 -1.46 310400007
2023 4 14 2 34 38.280 45.971826 -129.996151 1.438 -1.58 310400019
2023 4 14 2 46 12.370 45.932764 -129.974984 3.164 -1.72 310400022
2023 4 14 3 8 38.670 45.940788 -129.989730 1.345 -2.00 310400027
2023 4 14 3 15 1.110 45.940015 -129.990104 1.435 -1.86 310400030
2023 4 14 3 21 15.460 45.941044 -129.990047 1.476 -1.12 310400031
2023 4 14 3 36 55.360 45.940340 -129.990706 1.226 -1.54 310400033
2023 4 14 3 46 47.390 45.939958 -129.990837 1.355 -1.67 310400036
2023 4 14 5 11 6.000 46.010331 -130.030851 1.549 -1.47 310400042
2023 4 14 5 47 6.780 45.938668 -129.981698 1.395 -1.46 310400045
2023 4 14 5 54 18.770 46.018453 -130.029736 1.501 -2.00 310400046
2023 4 14 6 1 34.670 45.938098 -129.980843 1.518 -1.95 310400047
2023 4 14 6 5 34.710 45.915629 -129.986011 2.451 -1.35 310400048
2023 4 14 6 15 3.240 45.939274 -129.981274 1.496 -1.38 310400049
2023 4 14 7 28 3.110 45.925301 -129.987061 1.122 -2.00 310400053
2023 4 14 7 28 9.440 45.926412 -129.986873 1.132 -2.00 310400054
2023 4 14 7 29 49.290 45.925692 -129.987093 1.312 -0.79 310400056
2023 4 14 7 30 0.310 45.925362 -129.986849 1.394 -1.55 310400057
2023 4 14 7 59 41.660 45.937793 -129.980957 1.391 -1.19 310400058
2023 4 14 7 59 46.350 45.937174 -129.980371 1.499 -1.27 310400059
2023 4 14 8 1 35.150 45.916980 -129.990047 1.246 -1.74 310400060
2023 4 14 9 53 34.360 46.000199 -130.027384 1.213 -1.51 310400062
2023 4 14 10 54 52.950 45.957756 -129.991146 1.533 -1.84 310400064
2023 4 14 11 1 46.900 45.957593 -129.989233 1.887 -1.67 310400067
2023 4 14 11 9 9.590 45.957979 -129.989689 1.499 -1.53 310400068
2023 4 14 11 15 41.580 45.957772 -129.990120 1.633 -1.58 310400069
2023 4 14 11 17 28.810 45.957861 -129.990291 1.808 -1.83 310400070
2023 4 14 11 21 34.260 45.957800 -129.989193 1.722 -1.63 310400071
2023 4 14 11 24 1.240 45.957707 -129.989901 1.921 -1.31 310400072
2023 4 14 11 38 8.140 45.957947 -129.988688 1.499 -2.00 310400074
2023 4 14 11 38 38.450 45.957935 -129.989648 1.918 -1.97 310400076
2023 4 14 11 39 45.280 45.958317 -129.989331 1.685 -1.96 310400078
2023 4 14 11 39 50.390 45.957442 -129.989998 1.899 -1.89 310400079
2023 4 14 11 41 51.160 45.957849 -129.990072 2.081 -1.63 310400081
2023 4 14 15 30 52.220 46.004281 -130.032943 1.618 -1.02 310400088
2023 4 14 15 30 58.980 46.011967 -130.044360 0.671 -1.50 310400089
2023 4 14 17 6 48.160 45.926628 -129.987004 1.226 -2.00 310400094
2023 4 14 17 26 49.600 45.923096 -129.989119 0.920 -1.49 310400095
2023 4 14 19 40 41.880 45.991797 -130.014795 1.431 -1.41 310400106
2023 4 14 20 24 54.080 45.968490 -129.995703 1.602 -1.67 310400108
2023 4 14 21 12 30.720 45.997091 -130.010254 1.449 -1.65 310400111
2023 4 14 21 21 39.620 45.959639 -129.988753 1.592 -1.37 310400112
2023 4 14 21 27 39.760 45.958439 -129.989404 1.846 -1.22 310400114
2023 4 14 21 28 27.040 45.959082 -129.989193 2.117 -1.26 310400115
2023 4 14 21 33 14.780 45.960282 -129.989062 2.246 -1.71 310400117
2023 4 14 21 33 59.840 45.959652 -129.988460 1.807 -1.15 310400118
2023 4 14 21 37 18.980 45.959379 -129.988672 1.999 -0.65 310400119
2023 4 14 21 38 42.700 45.960555 -130.029508 0.308 -1.29 310400121
2023 4 14 21 39 19.800 45.959379 -129.988745 2.022 -0.73 310400122
2023 4 14 21 40 21.000 45.959631 -129.988696 1.853 -1.45 310400123
2023 4 14 21 45 45.440 45.959416 -129.988981 1.910 -1.73 310400125
2023 4 14 21 47 27.400 45.910238 -129.958895 0.850 -0.94 310400126
2023 4 14 21 53 2.200 45.967297 -129.994523 1.625 -1.36 310400127
2023 4 14 21 53 28.100 45.966549 -129.993628 1.377 -1.88 310400128
2023 4 14 21 59 30.280 45.907133 -130.003101 1.299 -1.48 310400130
2023 4 14 22 6 12.200 45.968343 -129.994360 1.881 -1.49 310400132
2023 4 14 22 12 34.860 45.960026 -129.988802 1.621 -1.08 310400134
2023 4 14 22 12 57.320 45.970605 -129.996045 1.418 -1.61 310400135
2023 4 14 22 14 1.240 45.958472 -129.989543 1.849 -1.09 310400136
2023 4 14 22 17 18.080 45.960640 -129.960596 0.118 -1.74 310400137
2023 4 14 22 30 38.660 45.959558 -129.989103 2.126 -1.45 310400139
2023 4 14 22 35 11.080 45.967411 -129.994246 1.731 -1.24 310400140
2023 4 14 23 15 39.320 45.979382 -129.997445 1.351 -1.61 310400145
2023 4 14 23 16 7.140 45.958240 -129.987972 1.487 -1.57 310400146
2023 4 14 23 43 47.260 45.961112 -129.988672 2.079 -0.36 310400153
2023 4 15 0 17 31.460 45.957406 -129.987646 1.913 -0.97 310500002
2023 4 15 2 48 58.990 45.958533 -129.989372 2.003 -1.20 310500004
2023 4 15 3 5 7.410 45.959465 -129.989217 1.500 -2.00 310500005
2023 4 15 3 39 8.130 45.936564 -130.018848 1.160 -1.50 310500008
2023 4 15 3 45 56.060 45.959505 -129.988428 1.319 -1.32 310500010
2023 4 15 3 46 12.490 45.958724 -129.988997 1.891 -1.68 310500011
2023 4 15 4 2 4.240 45.957536 -129.989827 1.802 -1.29 310500014
2023 4 15 4 15 41.470 45.891728 -130.011483 0.217 -1.39 310500016
2023 4 15 5 13 16.260 46.002743 -130.028857 1.504 -0.76 310500020
2023 4 15 7 27 2.520 46.001762 -130.030623 1.607 -0.92 310500031
2023 4 15 8 22 32.050 45.922485 -129.987305 0.970 -1.81 310500036
2023 4 15 8 24 24.160 45.949601 -129.971444 2.311 -1.38 310500037
2023 4 15 8 27 51.850 45.908036 -129.977954 2.408 -1.82 310500038
2023 4 15 9 20 29.610 45.922477 -129.972534 1.418 -1.88 310500043
2023 4 15 9 39 13.360 45.930550 -129.977409 1.571 -1.20 310500045
2023 4 15 10 18 41.970 45.967301 -129.993677 1.457 -1.11 310500048
2023 4 15 12 14 56.170 45.950057 -130.024422 1.440 -1.26 310500050
2023 4 15 12 19 51.620 45.949845 -130.024561 1.649 -1.36 310500052
2023 4 15 12 44 18.860 45.993892 -130.005387 2.030 -1.85 310500053
2023 4 15 13 36 38.790 45.940446 -130.018490 1.346 -0.17 310500061
2023 4 15 18 25 28.300 45.925574 -129.985734 1.067 -1.41 310500077
2023 4 15 18 28 25.360 45.940592 -130.016488 0.787 -1.91 310500079
2023 4 15 18 39 32.120 45.925680 -129.986328 0.977 -1.67 310500080
2023 4 15 18 41 26.560 45.925553 -129.986287 1.033 -1.80 310500081
2023 4 15 18 42 2.200 45.925179 -129.986279 0.911 -2.00 310500082
2023 4 15 18 44 51.100 45.927987 -129.980086 2.747 -1.23 310500083
2023 4 15 18 48 40.380 45.925077 -129.984660 1.325 -2.00 310500084
2023 4 15 18 54 52.640 45.926123 -129.985482 1.083 -1.96 310500087
2023 4 15 18 55 20.800 45.925264 -129.986686 1.045 -1.96 310500088
2023 4 15 18 55 50.800 45.925716 -129.985791 1.055 -1.57 310500090
2023 4 15 18 57 3.880 45.928438 -129.980973 2.625 -1.97 310500091
2023 4 15 18 58 34.880 45.925891 -129.986637 1.097 -1.74 310500092
2023 4 15 19 40 7.980 45.925952 -129.986117 1.032 -1.95 310500099
2023 4 15 19 40 14.840 45.925651 -129.986206 1.022 -0.78 310500100
2023 4 15 19 43 3.520 45.925761 -129.986784 0.960 -1.38 310500101
2023 4 15 20 0 12.100 45.969332 -129.994320 1.833 -1.64 310500102
2023 4 15 20 6 31.220 45.994698 -129.994515 0.445 -1.87 310500103
2023 4 15 20 48 32.000 45.922396 -129.983040 1.821 -2.00 310500107
2023 4 15 20 53 54.120 45.966288 -129.995288 1.770 -1.62 310500108
2023 4 15 21 0 17.080 45.999906 -130.028044 1.278 -1.09 310500111
2023 4 15 21 13 7.560 45.999402 -130.008740 1.085 -1.98 310500112
2023 4 15 21 31 55.960 45.967887 -129.994409 1.501 -1.70 310500115
2023 4 15 21 35 28.040 45.923177 -129.986214 1.136 -1.41 310500119
2023 4 15 21 52 38.520 45.931071 -129.976237 1.574 -1.66 310500120
2023 4 15 22 6 0.360 45.988863 -130.007829 1.806 -1.46 310500122
2023 4 15 22 24 4.680 45.931946 -129.977987 1.453 -1.28 310500123
2023 4 15 22 32 3.100 45.931771 -129.977157 1.601 -1.12 310500125
2023 4 15 22 32 24.320 45.932410 -129.976489 1.647 -1.53 310500126
2023 4 15 22 32 45.940 45.932251 -129.976400 1.623 -0.49 310500127
2023 4 15 22 32 54.020 45.931628 -129.976855 1.732 -1.56 310500128
2023 4 15 22 34 20.560 45.931384 -129.973779 1.709 -1.21 310500131
2023 4 15 22 34 27.280 45.928288 -129.963265 1.275 -1.29 310500132
2023 4 15 22 35 0.980 45.933744 -129.978483 1.600 -1.34 310500133
2023 4 15 22 35 41.480 45.933407 -129.977987 1.808 -1.58 310500137
2023 4 15 22 36 38.400 45.897310 -130.023698 1.491 -0.95 310500138
2023 4 15 22 36 56.360 45.931946 -129.977051 1.756 -1.53 310500139
2023 4 15 22 37 19.520 45.932312 -129.976685 1.599 -1.60 310500140
2023 4 15 22 37 45.520 45.932292 -129.976440 1.576 -1.48 310500141
2023 4 15 22 38 4.380 45.932011 -129.977360 1.623 -1.68 310500142
2023 4 15 22 38 9.080 45.926648 -129.977002 1.554 -1.26 310500143
2023 4 15 22 38 31.400 45.933093 -129.977205 1.697 -1.45 310500144
2023 4 15 22 38 50.440 45.934021 -129.978003 1.554 -1.50 310500145
2023 4 15 22 39 1.320 45.930778 -129.972209 2.074 -1.26 310500146
2023 4 15 22 39 3.760 45.932263 -129.977612 1.704 -1.80 310500147
2023 4 15 22 39 12.540 45.931706 -129.974032 0.124 -1.33 310500148
2023 4 15 22 39 34.880 45.934102 -129.978182 1.617 -0.81 310500149
2023 4 15 22 39 44.320 45.934147 -129.978597 1.551 -0.84 310500151
2023 4 15 22 39 57.840 45.930957 -129.975993 1.767 -1.62 310500152
2023 4 15 22 40 4.000 45.933569 -129.977669 1.663 -1.40 310500153
2023 4 15 22 40 12.460 45.932597 -129.977848 1.760 -1.53 310500154
2023 4 15 22 40 22.360 45.931177 -129.976326 1.688 -1.57 310500156
2023 4 15 22 40 26.880 45.933333 -129.977759 1.684 -0.71 310500157
2023 4 15 22 40 35.200 45.933061 -129.978101 1.603 -0.97 310500158
2023 4 15 22 40 49.920 45.934290 -129.978027 1.654 -1.52 310500159
2023 4 15 22 40 53.640 45.932532 -129.977954 1.508 -1.36 310500160
2023 4 15 22 41 3.220 45.933561 -129.977743 1.656 -0.88 310500161
2023 4 15 22 41 16.300 45.933712 -129.978605 1.592 -1.40 310500162
2023 4 15 22 41 22.520 45.932560 -129.976058 1.726 -1.78 310500163
2023 4 15 22 41 26.160 45.932206 -129.979606 1.855 -1.47 310500164
2023 4 15 22 41 33.460 45.933459 -129.977808 1.654 -1.42 310500165
2023 4 15 22 42 0.660 45.933057 -129.978475 1.666 -0.30 310500166
2023 4 15 22 42 20.360 45.932121 -129.977596 1.683 -1.10 310500167
2023 4 15 22 42 35.520 45.931474 -129.976766 1.656 -0.96 310500168
2023 4 15 22 42 50.840 45.933879 -129.978467 1.606 -0.70 310500169
2023 4 15 22 43 9.120 45.930668 -129.975163 1.790 -1.10 310500172
2023 4 15 22 43 38.100 45.932593 -129.977311 1.731 -1.95 310500174
2023 4 15 22 43 56.000 45.931624 -129.977165 1.591 -0.87 310500175
2023 4 15 22 44 16.200 45.932646 -129.978719 1.289 -1.61 310500176
2023 4 15 22 44 22.660 45.931921 -129.977311 1.609 -1.68 310500177
2023 4 15 22 44 39.660 45.934314 -129.977865 1.676 -1.01 310500178
2023 4 15 22 44 57.880 45.932243 -129.975374 1.598 -1.28 310500179
2023 4 15 22 45 3.540 45.932345 -129.977612 1.747 -0.98 310500180
2023 4 15 22 45 15.120 45.919153 -129.945557 2.102 -0.91 310500181
2023 4 15 22 45 27.940 45.933757 -129.980526 1.495 -1.71 310500182
2023 4 15 22 45 31.240 45.930452 -129.976066 1.679 -1.53 310500183
2023 4 15 22 45 39.600 45.933492 -129.977637 1.682 -1.35 310500184
2023 4 15 22 46 2.760 45.929769 -129.974072 1.639 -1.41 310500186
2023 4 15 22 46 12.520 45.932682 -129.977718 1.730 -1.21 310500187
2023 4 15 22 46 40.500 45.931278 -129.976554 1.506 -1.54 310500188
2023 4 15 22 46 57.720 45.932764 -129.976042 1.610 -1.43 310500189
2023 4 15 22 47 15.320 45.932316 -129.977474 1.731 -1.08 310500190
2023 4 15 22 47 23.800 45.923722 -129.944670 2.827 -0.79 310500191
2023 4 15 22 47 27.600 45.933008 -129.977588 1.575 -0.81 310500192
2023 4 15 22 47 49.960 45.931852 -129.976367 1.665 -1.66 310500194
2023 4 15 22 48 2.680 45.933500 -129.978035 1.572 -1.04 310500195
2023 4 15 22 48 17.540 45.932943 -129.977352 1.522 -0.94 310500197
2023 4 15 22 48 25.480 45.933435 -129.978369 1.570 -1.25 310500198
2023 4 15 22 48 43.580 45.934338 -129.978206 1.611 -1.60 310500199
2023 4 15 22 49 9.620 45.935193 -129.976172 1.582 -1.42 310500200
2023 4 15 22 49 14.480 45.932878 -129.975838 1.517 -1.35 310500201
2023 4 15 22 49 55.080 45.933313 -129.977832 1.567 -1.32 310500203
2023 4 15 22 50 5.300 45.932845 -129.977865 1.652 -0.77 310500204
2023 4 15 22 50 11.000 45.932475 -129.976628 1.605 -1.03 310500205
2023 4 15 22 50 15.040 45.931873 -129.978532 1.847 -1.17 310500206
2023 4 15 22 51 21.360 45.932817 -129.977091 1.593 -1.60 310500207
2023 4 15 22 52 17.360 45.933842 -129.978288 1.625 -1.36 310500209
2023 4 15 22 52 43.760 45.933447 -129.978084 1.592 -1.70 310500210
2023 4 15 22 53 5.240 45.933781 -129.977596 1.616 -1.48 310500212
2023 4 15 22 53 13.760 45.933866 -129.978271 1.556 -1.49 310500213
2023 4 15 22 53 18.080 45.932515 -129.977962 1.536 -1.30 310500214
2023 4 15 22 53 22.500 45.916203 -129.943831 1.404 -1.26 310500215
2023 4 15 22 53 34.100 45.932869 -129.977791 1.473 -1.58 310500216
2023 4 15 22 53 40.060 45.934701 -129.978377 1.661 -1.00 310500217
2023 4 15 22 53 55.980 45.934546 -129.978247 1.671 -0.24 310500218
2023 4 15 22 54 52.240 45.921887 -129.992920 1.051 -1.03 310500220
2023 4 15 22 55 46.080 45.932279 -129.976799 1.692 -1.34 310500222
2023 4 15 22 56 20.780 45.933545 -129.977262 1.702 -1.51 310500223
2023 4 15 22 56 49.280 45.948576 -130.029419 0.784 -1.43 310500225
2023 4 15 22 57 3.040 45.933512 -129.978394 1.555 -1.35 310500226
2023 4 15 22 57 12.860 45.932642 -129.976628 1.676 -1.64 310500228
2023 4 15 22 57 29.060 45.934599 -129.977441 1.762 -1.52 310500229
2023 4 15 22 57 37.100 45.934595 -129.977881 1.676 -1.84 310500230
2023 4 15 22 57 56.260 45.934648 -129.978288 1.696 -1.25 310500231
2023 4 15 22 58 15.480 45.933891 -129.977620 1.800 -1.38 310500232
2023 4 15 22 58 19.040 45.933529 -129.977979 1.890 -0.90 310500233
2023 4 15 22 58 21.680 45.933993 -129.977930 1.686 -1.64 310500234
2023 4 15 22 58 29.140 45.933431 -129.977246 1.671 -1.45 310500235
2023 4 15 22 58 33.440 45.934045 -129.979224 1.524 -1.43 310500236
2023 4 15 22 58 45.120 45.934709 -129.977588 1.718 -1.40 310500237
2023 4 15 22 59 7.780 45.934180 -129.977694 1.679 -1.22 310500238
2023 4 15 22 59 15.780 45.932568 -129.976465 1.497 -1.62 310500239
2023 4 15 22 59 26.720 45.932996 -129.977775 1.663 -1.54 310500240
2023 4 15 23 0 12.240 45.934285 -129.978117 1.696 -0.37 310500241
2023 4 15 23 0 30.460 45.946232 -129.990617 3.559 -1.59 310500242
2023 4 15 23 0 41.200 45.924280 -129.991439 1.978 -1.85 310500243
2023 4 15 23 0 44.480 45.921480 -129.992855 0.943 -1.77 310500244
2023 4 15 23 0 59.200 45.932454 -129.977116 1.599 -1.45 310500246
2023 4 15 23 1 14.040 45.921647 -129.992326 1.086 -1.04 310500247
2023 4 15 23 1 35.780 45.935079 -129.978882 1.644 -1.71 310500249
2023 4 15 23 1 40.660 45.933504 -129.977905 1.564 -1.45 310500250
2023 4 15 23 2 9.280 45.934192 -129.977848 1.698 -0.96 310500251
2023 4 15 23 2 18.140 45.920723 -129.949137 1.356 -1.21 310500253
2023 4 15 23 2 42.160 45.933923 -129.977962 1.591 -1.26 310500255
2023 4 15 23 2 53.020 45.932320 -129.977189 1.521 -1.47 310500256
2023 4 15 23 3 10.680 45.941349 -129.994629 0.723 -2.00 310500257
2023 4 15 23 3 42.320 45.934774 -129.978516 1.583 -1.77 310500258
2023 4 15 23 3 53.580 45.934188 -129.978760 1.521 -1.35 310500259
2023 4 15 23 3 57.500 45.922717 -129.989526 2.333 -1.78 310500260
2023 4 15 23 4 45.060 45.933952 -129.978711 1.570 -0.22 310500262
2023 4 15 23 5 31.240 45.933911 -129.977995 1.597 -1.36 310500263
2023 4 15 23 5 39.580 45.932385 -129.977336 1.780 -1.63 310500264
2023 4 15 23 5 45.360 45.932487 -129.976587 1.782 -1.21 310500265
2023 4 15 23 5 55.980 45.932731 -129.977409 1.558 -1.82 310500266
2023 4 15 23 6 11.600 45.934778 -129.980900 0.818 -1.07 310500267
2023 4 15 23 6 24.560 45.932625 -129.976009 1.887 -1.56 310500268
2023 4 15 23 6 58.720 45.932955 -129.977637 1.703 -1.28 310500271
2023 4 15 23 7 19.680 45.934485 -129.978613 1.564 -0.92 310500273
2023 4 15 23 7 35.520 45.958598 -129.986849 0.975 -1.69 310500274
2023 4 15 23 7 39.820 45.932263 -129.978092 1.489 -1.60 310500275
2023 4 15 23 8 1.580 45.932971 -129.977165 1.614 -1.66 310500277
2023 4 15 23 8 33.200 45.933354 -129.977718 1.697 -1.60 310500279
2023 4 15 23 8 45.960 45.897091 -130.009351 0.066 -1.22 310500280
2023 4 15 23 8 55.480 45.931897 -129.977116 1.499 -1.80 310500282
2023 4 15 23 9 5.720 45.933732 -129.978735 1.566 -1.29 310500283
2023 4 15 23 9 14.240 45.933313 -129.977637 1.691 -1.58 310500284
2023 4 15 23 9 37.280 45.933183 -129.977303 1.722 -1.54 310500286
2023 4 15 23 9 45.480 45.933354 -129.977930 1.594 -1.29 310500288
2023 4 15 23 10 13.640 45.933228 -129.977637 1.731 -1.49 310500290
2023 4 15 23 10 20.900 45.932548 -129.977100 1.761 -1.62 310500291
2023 4 15 23 11 8.800 45.932711 -129.977450 1.723 -1.23 310500292
2023 4 15 23 11 21.880 45.933427 -129.977523 1.764 -1.92 310500293
2023 4 15 23 11 45.280 45.934489 -129.977588 1.769 -1.63 310500294
2023 4 15 23 12 5.040 45.932288 -129.977588 1.574 -1.10 310500296
2023 4 15 23 12 9.520 45.933634 -129.977799 1.766 -1.61 310500297
2023 4 15 23 12 35.120 45.922249 -129.990926 2.615 -0.62 310500300
2023 4 15 23 12 38.560 45.945801 -129.990218 3.501 -1.20 310500301
2023 4 15 23 13 0.200 45.933443 -129.977702 1.733 -1.57 310500302
2023 4 15 23 13 10.480 45.934298 -129.979500 1.676 -1.44 310500303
2023 4 15 23 13 20.320 45.934692 -129.978369 1.713 -1.51 310500304
2023 4 15 23 13 33.720 45.933708 -129.977946 1.757 -1.43 310500305
2023 4 15 23 13 46.920 45.934119 -129.976717 1.690 -1.44 310500306
2023 4 15 23 13 50.640 45.969312 -130.008586 0.495 -0.96 310500307
2023 4 15 23 13 58.000 45.934094 -129.977767 1.794 -1.14 310500309
2023 4 15 23 14 12.600 45.934119 -129.977987 1.725 -1.11 310500310
2023 4 15 23 14 16.240 45.928284 -129.951253 0.065 -1.06 310500311
2023 4 15 23 14 20.720 45.932646 -129.974455 2.324 -1.05 310500312
2023 4 15 23 14 45.040 45.933533 -129.977181 1.547 -1.23 310500314
2023 4 15 23 14 59.440 45.933061 -129.976937 1.599 -0.92 310500315
2023 4 15 23 15 20.560 45.931189 -129.976107 1.583 -1.38 310500316
2023 4 15 23 15 27.740 45.918490 -129.998096 3.258 -0.74 310500317
2023 4 15 23 15 36.840 45.934623 -129.977962 1.733 -1.81 310500318
2023 4 15 23 15 51.200 45.934302 -129.977629 1.590 -1.66 310500320
2023 4 15 23 16 24.000 45.943298 -129.932292 2.839 -0.49 310500321
2023 4 15 23 16 43.440 45.933659 -129.977262 1.802 -1.34 310500322
2023 4 15 23 16 53.360 45.921472 -129.992985 1.047 -1.87 310500324
2023 4 15 23 17 23.040 45.922188 -129.993579 0.808 -1.97 310500325
2023 4 15 23 17 31.520 45.911145 -130.013086 0.956 -0.90 310500326
2023 4 15 23 18 5.080 45.934660 -129.977970 1.722 -1.08 310500328
2023 4 15 23 18 28.080 45.934607 -129.978076 1.623 -2.00 310500329
2023 4 15 23 18 32.760 45.935347 -129.977881 1.615 -1.73 310500330
2023 4 15 23 18 38.520 45.932756 -129.977075 1.561 -1.68 310500331
2023 4 15 23 18 50.280 45.934969 -129.978174 1.607 -1.62 310500332
2023 4 15 23 19 5.280 45.935376 -129.988086 1.349 -1.41 310500333
2023 4 15 23 19 14.460 45.935173 -129.978377 1.608 -1.27 310500334
2023 4 15 23 19 44.440 45.891317 -130.008146 0.241 -1.29 310500335
2023 4 15 23 20 3.280 45.934542 -129.978084 1.690 -2.00 310500336
2023 4 15 23 20 11.680 45.934399 -129.977450 1.545 -2.00 310500337
2023 4 15 23 20 39.600 45.934314 -129.976978 1.640 -1.77 310500338
2023 4 15 23 20 43.520 45.932882 -129.976660 1.498 -1.85 310500339
2023 4 15 23 21 23.920 45.933455 -129.976994 1.549 -0.79 310500340
2023 4 15 23 21 39.580 45.934639 -129.977913 1.625 -1.67 310500341
2023 4 15 23 22 32.060 45.932975 -129.976253 1.595 -1.75 310500343
2023 4 15 23 22 58.740 45.933663 -129.977425 1.606 -1.52 310500345
2023 4 15 23 23 7.840 45.932129 -129.977165 1.550 -1.22 310500346
2023 4 15 23 24 25.640 45.932951 -129.977572 1.536 -0.88 310500348
2023 4 15 23 24 50.040 45.933830 -129.976986 1.538 -1.96 310500349
2023 4 15 23 25 43.320 45.932300 -129.977507 1.496 -1.66 310500351
2023 4 15 23 25 52.000 45.934086 -129.977417 1.552 -1.94 310500352
2023 4 15 23 25 55.860 45.931563 -129.976424 1.514 -1.42 310500353
2023 4 15 23 28 3.000 45.931258 -129.976986 1.567 -1.50 310500354
2023 4 15 23 28 28.460 45.930339 -129.970231 1.045 -1.73 310500355
2023 4 15 23 31 44.200 45.933065 -129.976538 1.566 -1.60 310500357
2023 4 15 23 32 8.440 45.931547 -129.977824 1.363 -2.00 310500358
2023 4 15 23 33 8.440 45.932581 -129.976945 1.516 -1.39 310500359
2023 4 15 23 33 17.760 45.931295 -129.976318 1.507 -1.61 310500360
2023 4 15 23 33 26.720 45.932861 -129.977881 1.463 -1.62 310500361
2023 4 15 23 33 45.800 45.930640 -129.976742 1.692 -1.49 310500362
2023 4 15 23 34 22.240 45.932308 -129.977482 1.555 -1.61 310500363
2023 4 15 23 35 47.400 45.930050 -129.975895 1.494 -1.26 310500364
2023 4 15 23 35 59.060 45.932996 -129.977572 1.499 -1.57 310500365
2023 4 15 23 40 46.800 45.931816 -129.977563 1.588 -1.52 310500366
2023 4 15 23 40 53.460 45.931087 -129.977197 1.531 -1.14 310500368
2023 4 15 23 41 34.800 45.931917 -129.977555 1.533 -0.41 310500370
2023 4 15 23 41 49.360 45.931437 -129.977246 1.579 -1.98 310500371
2023 4 15 23 41 52.440 45.931665 -129.978068 1.530 -1.77 310500372
2023 4 15 23 42 35.840 45.932104 -129.977287 1.575 -1.01 310500374
2023 4 15 23 43 6.600 45.932210 -129.977450 1.594 -1.14 310500376
2023 4 15 23 43 39.400 45.929663 -129.977393 1.190 -0.97 310500377
2023 4 15 23 45 14.280 45.931108 -129.976278 1.630 -1.45 310500379
2023 4 15 23 45 37.380 45.932109 -129.978320 1.588 -1.28 310500380
2023 4 15 23 46 15.520 45.930977 -129.977254 1.434 -1.48 310500381
2023 4 15 23 47 16.200 45.933797 -129.977507 1.571 -1.80 310500383
2023 4 15 23 47 25.040 45.932381 -129.978711 1.369 -1.73 310500384
2023 4 15 23 48 47.760 45.930461 -129.976090 1.562 -1.54 310500385
2023 4 15 23 50 12.560 45.933846 -129.977148 1.573 -0.90 310500387
2023 4 15 23 50 38.020 45.931795 -129.979598 1.216 -1.46 310500388
2023 4 15 23 51 56.180 45.932743 -129.977531 1.552 -0.98 310500390
2023 4 15 23 52 10.880 45.933757 -129.976912 1.589 -1.47 310500391
2023 4 15 23 53 25.280 45.933374 -129.975024 1.777 -1.41 310500392
2023 4 15 23 54 9.300 45.930359 -129.975863 1.650 -1.39 310500394
2023 4 15 23 54 58.480 45.934403 -129.976693 1.569 -1.73 310500396
2023 4 15 23 55 3.060 45.929903 -129.975236 1.641 -1.42 310500397
2023 4 15 23 55 8.360 45.934208 -129.975472 1.496 -1.33 310500398
2023 4 15 23 55 10.840 45.930961 -129.975155 2.099 -1.32 310500399
2023 4 15 23 55 20.300 45.930949 -129.976693 1.677 -1.44 310500400
2023 4 15 23 55 44.600 45.929826 -129.975423 1.667 -1.64 310500401
2023 4 15 23 55 52.840 45.970512 -129.996232 1.681 -1.27 310500402
2023 4 15 23 56 7.840 45.931189 -129.974854 1.312 -2.00 310500403
2023 4 15 23 56 17.280 45.930619 -129.975993 1.629 -1.96 310500404
2023 4 15 23 56 26.440 45.933228 -129.977124 1.655 -0.73 310500405
2023 4 15 23 56 32.920 45.931669 -129.978215 1.650 -1.62 310500406
2023 4 15 23 57 42.680 45.932235 -129.977507 1.555 -0.71 310500409
2023 4 15 23 58 13.440 45.931177 -129.976929 1.578 -1.76 310500411
2023 4 15 23 58 16.560 45.931132 -129.975594 1.531 -1.64 310500412
2023 4 15 23 58 23.020 45.934253 -129.977759 1.587 -1.52 310500413
2023 4 15 23 58 58.900 45.931905 -129.977498 1.513 -1.73 310500414
2023 4 16 0 0 45.580 45.933158 -129.977051 1.603 -1.19 310600000
2023 4 16 0 3 55.890 45.931689 -129.978190 1.316 -1.71 310600002
2023 4 16 0 4 15.860 45.931844 -129.978931 1.269 -1.81 310600003
2023 4 16 0 7 14.910 45.934009 -129.974333 2.011 -1.21 310600004
2023 4 16 0 10 18.240 45.933818 -129.976953 1.612 -0.98 310600005
2023 4 16 0 12 38.530 45.933931 -129.976668 1.701 -1.54 310600006
2023 4 16 0 15 56.160 46.002539 -130.029175 1.512 -1.34 310600008
2023 4 16 0 19 29.090 45.938273 -129.987435 1.522 -1.79 310600012
2023 4 16 0 19 40.340 45.933870 -129.976912 1.584 -1.04 310600013
2023 4 16 0 20 10.780 45.933191 -129.977116 1.565 -1.57 310600014
2023 4 16 0 29 13.660 45.933712 -129.976628 1.629 -1.19 310600016
2023 4 16 0 32 5.930 45.933866 -129.977726 1.533 -1.58 310600017
2023 4 16 0 33 14.080 45.932072 -129.975602 1.543 -1.99 310600018
2023 4 16 0 40 8.250 45.930155 -129.976351 1.638 -1.97 310600019
2023 4 16 0 42 42.830 45.933533 -129.977295 1.561 -1.62 310600020
2023 4 16 0 45 52.580 45.932800 -129.976595 1.591 -1.81 310600021
2023 4 16 0 50 11.830 45.930676 -129.976571 1.490 -1.44 310600022
2023 4 16 0 55 8.070 45.932597 -129.976506 1.650 -1.26 310600023
2023 4 16 0 55 12.570 45.919002 -129.945207 1.804 -1.14 310600024
2023 4 16 0 55 43.630 46.010026 -130.047868 0.954 -1.40 310600025
2023 4 16 0 56 35.950 45.932617 -129.975854 1.617 -1.45 310600027
2023 4 16 0 56 42.080 45.932694 -129.976270 1.627 -1.86 310600028
2023 4 16 0 59 51.490 45.998079 -130.031632 1.592 -1.31 310600029
2023 4 16 1 0 19.570 45.998161 -130.031722 1.582 -1.32 310600030
2023 4 16 1 0 24.900 45.932267 -129.975854 1.688 -1.46 310600031
2023 4 16 1 0 39.310 45.932068 -129.975765 1.572 -1.80 310600032
2023 4 16 1 0 53.290 45.998604 -130.031925 1.612 -1.58 310600033
2023 4 16 1 1 30.780 45.932385 -129.974080 1.648 -1.61 310600034
2023 4 16 1 2 9.330 45.932373 -129.973437 1.500 -1.60 310600036
2023 4 16 1 2 36.170 45.934119 -129.977303 1.613 -1.32 310600037
2023 4 16 1 3 2.740 45.934098 -129.978809 1.639 -1.16 310600038
2023 4 16 1 4 48.780 45.933447 -129.977295 1.572 -1.62 310600040
2023 4 16 1 5 58.790 45.933590 -129.976579 1.599 -1.22 310600041
2023 4 16 1 6 25.330 45.933252 -129.976530 1.621 -1.17 310600042
2023 4 16 1 7 0.580 45.932768 -129.976685 1.537 -1.55 310600043
2023 4 16 1 9 51.880 45.942086 -129.986230 0.368 -1.52 310600044
2023 4 16 1 15 43.870 45.932947 -129.976457 1.611 -1.41 310600045
2023 4 16 1 21 21.080 45.932174 -129.977466 1.573 -1.37 310600046
2023 4 16 1 28 0.480 45.981401 -129.981746 0.297 -1.52 310600047
2023 4 16 1 54 29.430 45.986743 -130.012402 1.501 -1.41 310600053
2023 4 16 2 10 28.650 45.930693 -129.978337 1.480 -2.00 310600055
2023 4 16 2 20 41.930 45.932430 -129.978198 1.579 -1.24 310600056
2023 4 16 2 21 10.410 45.931824 -129.976864 1.791 -1.17 310600057
2023 4 16 2 27 18.390 45.930538 -129.976937 1.569 -1.80 310600060
2023 4 16 2 40 3.360 45.929321 -129.977181 1.575 -1.65 310600062
2023 4 16 2 42 32.170 45.929378 -129.977498 1.304 -2.00 310600063
2023 4 16 2 43 18.710 45.931071 -129.970011 2.268 -1.44 310600065
2023 4 16 2 58 32.630 45.929940 -129.977352 1.515 -1.09 310600066
2023 4 16 3 44 6.140 45.936263 -130.026742 1.941 -1.40 310600070
2023 4 16 3 59 44.970 45.938623 -130.018286 1.312 -0.07 310600071
2023 4 16 5 18 48.300 45.950928 -130.022469 1.278 -1.18 310600077
2023 4 16 5 35 15.930 45.931262 -129.976799 1.533 -1.48 310600078
2023 4 16 6 14 56.440 45.920032 -129.987435 0.797 -1.53 310600081
2023 4 16 6 39 10.050 45.932499 -129.976790 1.614 -1.32 310600082
2023 4 16 7 31 22.160 45.932145 -129.978141 1.352 -1.35 310600084
2023 4 16 7 39 3.980 45.963623 -129.993213 1.826 -1.25 310600085
2023 4 16 7 51 10.280 45.938688 -130.019963 1.099 -0.88 310600086
2023 4 16 7 54 25.900 45.929293 -129.972323 2.189 -1.47 310600087
2023 4 16 9 22 28.530 46.002299 -130.030046 1.543 -1.59 310600098
2023 4 16 10 35 56.750 45.968921 -129.994735 1.691 -1.62 310600100
2023 4 16 11 37 10.470 45.967989 -129.996712 1.936 -1.59 310600102
2023 4 16 13 28 23.570 45.917684 -129.987801 2.826 -1.43 310600107
2023 4 16 13 38 47.500 45.964315 -129.995451 1.399 -1.72 310600108
2023 4 16 14 20 13.640 45.938684 -130.017253 0.984 -1.36 310600109
2023 4 16 14 20 53.360 45.939840 -130.003434 2.283 -1.22 310600110
2023 4 16 14 27 1.640 45.929024 -130.009823 2.852 -1.64 310600111
2023 4 16 14 47 57.480 45.941256 -129.986141 1.477 -1.60 310600119
2023 4 16 14 49 30.650 45.943062 -129.980029 1.703 -1.90 310600121
2023 4 16 14 57 44.450 45.941398 -129.985571 1.267 -1.46 310600123
2023 4 16 15 1 29.040 45.941695 -129.985596 1.297 -1.07 310600125
2023 4 16 15 7 36.900 45.941984 -129.985824 1.216 -1.65 310600127
2023 4 16 16 40 11.430 45.930811 -129.972599 2.057 -1.97 310600158
2023 4 16 17 9 33.720 45.932874 -130.016968 1.251 -1.35 310600159
2023 4 16 19 46 9.800 45.995972 -130.010042 2.994 -1.43 310600160
2023 4 16 22 6 49.040 45.996647 -130.012052 2.862 -0.74 310600167
2023 4 16 22 8 21.880 45.996118 -130.011450 1.352 -1.55 310600168
2023 4 16 23 23 9.680 45.997314 -129.990129 2.343 -0.89 310600170
2023 4 16 23 40 15.260 45.992069 -130.037467 1.776 -1.84 310600173
2023 4 16 23 53 7.140 45.995605 -130.011548 2.651 -1.06 310600174
2023 4 17 0 22 33.020 45.993298 -130.038232 2.064 -1.48 310700000
2023 4 17 0 25 39.070 45.989795 -129.978426 0.470 -0.75 310700001
2023 4 17 0 55 29.630 46.016182 -130.039388 1.498 -1.55 310700006
2023 4 17 1 3 48.800 45.937500 -130.028955 1.494 -1.32 310700007
2023 4 17 1 52 26.820 45.938118 -130.028035 1.511 -1.57 310700015
2023 4 17 2 10 30.480 45.971818 -129.993742 1.106 -1.45 310700016
2023 4 17 5 25 41.940 45.935795 -130.020622 1.301 -1.46 310700026
2023 4 17 5 26 11.440 45.940889 -130.026050 1.294 -1.25 310700027
2023 4 17 5 57 37.520 45.938363 -130.017855 0.978 -1.63 310700028
2023 4 17 9 59 37.300 45.913009 -129.988037 0.857 -1.23 310700033
2023 4 17 10 1 6.730 46.003979 -130.029435 1.463 -1.39 310700034
2023 4 17 10 1 38.980 45.914661 -129.989062 0.781 -1.66 310700035
2023 4 17 11 25 30.700 45.913981 -129.986947 0.868 -1.50 310700038
2023 4 17 14 45 43.640 45.995223 -129.997461 1.472 -1.79 310700042
2023 4 17 15 43 21.160 45.943502 -130.021322 1.534 -1.49 310700045
2023 4 17 18 46 14.720 45.913977 -129.987280 0.818 -1.48 310700047
2023 4 17 19 17 31.540 45.914213 -129.986556 0.919 -1.49 310700050
2023 4 18 0 8 31.870 45.928471 -130.005477 1.147 -1.53 310800000
2023 4 18 0 8 38.940 45.929390 -130.006331 1.268 -1.36 310800001
2023 4 18 1 26 23.670 45.938558 -130.017440 1.395 0.39 310800002
2023 4 18 1 26 53.670 45.938285 -130.018571 1.295 -0.35 310800003
2023 4 18 1 27 4.040 45.939648 -130.019279 1.064 -0.95 310800004
2023 4 18 1 28 50.760 45.937585 -130.018856 1.137 -1.40 310800005
2023 4 18 1 47 59.570 45.936658 -130.019743 1.135 -1.21 310800006
2023 4 18 1 58 8.980 45.937724 -130.019295 1.227 -1.08 310800007
2023 4 18 2 31 25.950 45.969059 -129.995597 1.859 -1.46 310800009
2023 4 18 3 47 16.970 45.951786 -130.024023 1.523 -1.51 310800013
2023 4 18 9 36 37.090 45.930302 -130.023413 1.465 -1.75 310800020
2023 4 18 10 13 47.690 45.969653 -129.996476 1.861 -1.35 310800023
2023 4 18 10 54 17.920 45.962577 -129.992529 1.385 -1.52 310800025
2023 4 18 11 8 47.970 46.003174 -130.028841 1.345 -1.37 310800027
2023 4 18 13 24 46.470 45.937960 -130.019279 1.140 -1.30 310800030
2023 4 18 14 22 38.780 45.936711 -130.017839 1.163 -2.00 310800032
2023 4 18 14 52 32.500 45.952096 -130.023429 1.667 -1.70 310800035
2023 4 18 15 59 3.100 45.940645 -130.019702 1.375 -1.54 310800037
2023 4 18 16 2 33.460 45.967468 -129.994474 1.777 -1.35 310800038
2023 4 18 17 19 20.020 45.938513 -130.019491 1.219 -1.38 310800040
2023 4 18 18 26 48.500 45.967623 -129.994222 1.631 -1.58 310800044
2023 4 18 18 33 6.320 45.936206 -130.018441 1.258 -1.21 310800045
2023 4 18 18 33 38.120 45.968612 -129.996208 1.797 -1.69 310800046
2023 4 18 18 39 0.440 45.968420 -129.995898 1.682 -1.38 310800048
2023 4 18 19 23 10.600 45.996903 -130.016439 2.205 -1.46 310800049
2023 4 18 21 14 2.920 45.965247 -129.994727 1.061 -1.12 310800052
2023 4 19 0 32 9.450 45.926160 -129.980461 1.362 -1.43 310900001
2023 4 19 0 49 25.750 45.936235 -130.018514 1.216 -1.16 310900002
2023 4 19 1 2 24.760 46.001864 -130.028060 1.458 -1.50 310900003
2023 4 19 1 16 40.180 45.997026 -130.017415 2.310 -1.74 310900004
2023 4 19 1 17 21.810 45.997188 -130.017277 2.356 -1.79 310900006
2023 4 19 1 18 32.830 45.996948 -130.017432 2.025 -1.73 310900007
2023 4 19 1 22 44.430 45.996667 -130.013249 1.353 -1.98 310900010
2023 4 19 1 23 4.410 45.993213 -130.000643 0.148 -1.99 310900011
2023 4 19 1 28 34.550 45.996708 -130.017065 2.247 -1.66 310900012
2023 4 19 1 28 53.590 45.996855 -130.016553 1.913 -1.47 310900014
2023 4 19 1 29 51.480 45.997481 -130.015959 2.021 -2.00 310900017
2023 4 19 1 30 44.100 45.996977 -130.017220 2.291 -1.50 310900018
2023 4 19 1 30 50.470 45.994548 -130.020801 0.291 -1.69 310900019
2023 4 19 1 32 19.590 45.997477 -130.017228 2.232 -1.58 310900023
2023 4 19 1 33 13.240 45.998083 -130.017904 2.711 -1.63 310900024
2023 4 19 1 33 25.800 45.996265 -130.016398 1.974 -1.10 310900025
2023 4 19 1 33 57.070 45.996818 -130.017440 2.455 -1.75 310900028
2023 4 19 1 34 23.590 45.998234 -130.013216 0.674 -1.78 310900029
2023 4 19 1 35 11.900 45.998458 -130.018522 2.592 -1.75 310900032
2023 4 19 1 35 43.790 45.998796 -130.018254 2.587 -0.77 310900033
2023 4 19 1 36 55.010 45.995972 -130.016585 1.939 -0.86 310900035
2023 4 19 1 37 15.780 45.994983 -130.016829 2.201 -1.20 310900036
2023 4 19 1 37 56.680 45.997021 -130.016276 2.170 -1.48 310900039
2023 4 19 1 39 23.710 46.005009 -130.027417 2.391 -1.50 310900041
2023 4 19 1 40 44.920 45.997164 -130.015527 2.608 -1.63 310900044
2023 4 19 1 40 57.130 45.996798 -130.016007 2.185 -1.25 310900045
2023 4 19 1 41 3.190 45.997770 -130.018351 0.867 -1.24 310900046
2023 4 19 1 41 16.540 45.995793 -130.015771 2.033 -0.89 310900047
2023 4 19 1 41 42.190 45.997013 -130.015828 2.710 -0.85 310900048
2023 4 19 1 42 19.400 45.996208 -130.016048 2.241 -1.42 310900051
2023 4 19 1 42 32.330 45.997135 -130.016431 2.683 -1.64 310900052
2023 4 19 1 43 6.850 46.008504 -130.014730 2.483 -1.86 310900054
2023 4 19 1 43 36.660 45.996484 -130.016781 2.195 -1.74 310900055
2023 4 19 1 44 13.210 45.995638 -130.015633 1.736 -1.56 310900056
2023 4 19 1 44 15.090 45.995683 -130.015145 1.925 -1.03 310900057
2023 4 19 1 44 53.430 45.996232 -130.015828 2.190 -1.62 310900059
2023 4 19 1 45 7.510 45.997884 -130.014087 1.705 -1.50 310900060
2023 4 19 1 45 21.810 45.996639 -130.015853 2.427 -1.50 310900061
2023 4 19 1 45 45.650 45.997066 -130.017676 2.099 -1.70 310900062
2023 4 19 1 46 42.760 45.995483 -130.015169 1.824 -1.54 310900066
2023 4 19 1 46 57.450 45.995943 -130.015316 1.911 -1.05 310900067
2023 4 19 1 47 26.760 45.997046 -130.017725 2.669 -1.88 310900068
2023 4 19 1 48 19.610 45.997152 -130.017424 2.234 -1.49 310900069
2023 4 19 1 50 18.300 45.996244 -130.015169 2.218 -1.56 310900072
2023 4 19 1 52 30.870 45.995911 -130.006136 3.009 -1.79 310900074
2023 4 19 1 52 39.470 45.997070 -130.016846 2.260 -1.93 310900075
2023 4 19 1 56 26.480 46.005143 -130.028630 1.943 -1.97 310900078
2023 4 19 1 56 37.940 45.997453 -130.016797 2.217 -1.79 310900079
2023 4 19 1 56 53.520 45.996419 -130.016300 1.965 -1.33 310900080
2023 4 19 1 58 55.000 45.996139 -130.015584 2.025 -1.43 310900081
2023 4 19 1 59 43.070 45.995732 -130.020394 3.175 -1.97 310900082
2023 4 19 2 1 12.030 45.996895 -130.017440 2.847 -1.67 310900087
2023 4 19 2 1 41.740 45.997017 -130.015771 2.643 -1.88 310900089
2023 4 19 2 1 56.800 45.995870 -130.015356 1.770 -1.38 310900090
2023 4 19 2 2 46.830 46.000240 -130.015096 2.024 -1.28 310900093
2023 4 19 2 2 55.670 45.996761 -130.017147 2.123 -1.40 310900094
2023 4 19 2 3 20.180 45.997192 -130.016943 2.227 -1.30 310900095
2023 4 19 2 4 5.760 45.995736 -130.015275 1.906 -1.17 310900096
2023 4 19 2 4 14.730 45.997050 -130.017407 2.098 -1.35 310900097
2023 4 19 2 4 33.430 45.997013 -130.017627 2.090 -1.86 310900098
2023 4 19 2 4 38.130 45.996981 -130.016113 2.767 -1.74 310900099
2023 4 19 2 5 11.760 45.996407 -130.016219 2.206 -1.06 310900100
2023 4 19 2 5 25.240 45.995882 -130.015723 1.963 -0.83 310900102
2023 4 19 2 5 38.640 45.996672 -130.016113 2.106 -1.08 310900103
2023 4 19 2 5 49.480 46.003158 -130.011385 0.178 -2.00 310900104
2023 4 19 2 7 10.050 45.997900 -130.017399 2.501 -1.43 310900107
2023 4 19 2 7 42.780 45.997742 -130.016333 2.606 -1.11 310900108
2023 4 19 2 7 56.580 45.997697 -130.016610 2.226 -1.71 310900109
2023 4 19 2 8 4.030 45.995911 -130.016520 1.846 -1.77 310900110
2023 4 19 2 9 32.390 45.996517 -130.018734 2.681 -1.14 310900113
2023 4 19 2 11 58.640 45.994515 -129.992928 3.617 -1.21 310900114
2023 4 19 2 12 2.690 45.996053 -130.015259 2.625 -1.15 310900115
2023 4 19 2 13 16.840 45.997184 -130.016374 2.239 -2.00 310900117
2023 4 19 2 14 8.080 46.011910 -130.008716 1.107 -1.17 310900118
2023 4 19 2 15 4.910 45.996785 -130.016146 2.844 -2.00 310900120
2023 4 19 2 16 20.100 45.997001 -130.018945 2.492 -2.00 310900121
2023 4 19 2 16 26.520 45.996444 -130.016309 2.609 -1.92 310900122
2023 4 19 2 19 5.410 45.998104 -130.017765 2.679 -1.48 310900124
2023 4 19 2 26 2.010 45.998433 -130.015820 2.571 -1.69 310900125
2023 4 19 2 36 21.560 45.997864 -130.016536 2.059 -1.84 310900129
2023 4 19 2 40 27.060 45.937402 -130.020215 1.072 -1.49 310900131
2023 4 19 2 58 47.880 45.996842 -130.018026 2.169 -1.11 310900135
2023 4 19 3 3 40.310 45.996375 -130.015649 1.740 -1.59 310900137
2023 4 19 3 13 30.090 45.997046 -130.016602 2.291 -1.81 310900138
2023 4 19 3 35 5.810 45.996655 -130.009652 0.652 -1.24 310900139
2023 4 19 3 44 50.840 45.971712 -129.994686 1.143 -1.59 310900141
2023 4 19 4 7 30.190 45.939665 -130.020874 1.454 -1.71 310900145
2023 4 19 4 11 17.460 45.995268 -130.014836 1.587 -1.32 310900146
2023 4 19 4 32 23.520 45.995707 -130.016260 2.096 -1.62 310900147
2023 4 19 4 33 36.210 45.996139 -130.016976 2.270 -0.88 310900148
2023 4 19 4 44 37.870 45.996061 -130.016536 2.002 -2.00 310900150
2023 4 19 6 12 16.490 45.923474 -129.982267 1.235 -1.69 310900161
2023 4 19 6 13 17.790 45.924207 -129.982373 1.122 -1.93 310900162
2023 4 19 6 18 42.550 45.995610 -130.014242 1.640 -1.59 310900163
2023 4 19 6 19 3.740 45.995898 -130.010636 2.169 -1.60 310900164
2023 4 19 11 36 12.500 46.002861 -130.028971 1.495 -1.74 310900180
2023 4 19 11 38 14.190 45.996252 -130.017269 2.113 -1.79 310900181
2023 4 19 11 41 49.640 45.991964 -129.994702 2.317 -1.37 310900182
2023 4 19 12 29 36.450 45.940332 -130.019613 1.230 -1.60 310900183
2023 4 19 12 45 41.520 45.966016 -129.996680 1.477 -1.55 310900185
2023 4 19 13 5 34.170 45.978894 -129.998950 1.311 -1.79 310900187
2023 4 19 13 17 32.020 45.999361 -130.018245 2.873 -2.00 310900188
2023 4 19 13 54 9.660 45.981002 -129.998722 1.295 -1.67 310900194
2023 4 19 13 55 42.010 45.946415 -129.985645 2.358 -2.00 310900195
2023 4 19 13 58 41.690 45.946802 -129.985791 2.155 -1.18 310900196
2023 4 19 14 2 24.460 45.969938 -129.993807 1.619 -1.43 310900198
2023 4 19 14 4 30.070 45.982385 -129.998560 1.900 -1.63 310900200
2023 4 19 14 4 52.870 45.978304 -129.998446 1.057 -1.03 310900202
2023 4 19 14 5 45.050 45.956392 -129.986369 2.087 -1.56 310900203
2023 4 19 14 6 2.940 45.970333 -129.994312 1.529 -1.60 310900204
2023 4 19 14 15 23.730 45.980379 -129.998014 1.312 -1.54 310900207
2023 4 19 14 16 16.670 45.980221 -129.997925 1.272 -1.55 310900209
2023 4 19 14 19 16.890 45.997782 -129.995955 0.566 -1.80 310900210
2023 4 19 14 21 12.340 45.979521 -129.998079 1.150 -1.53 310900211
2023 4 19 14 23 19.940 45.982784 -129.998885 1.927 -1.36 310900213
2023 4 19 14 25 29.580 45.983118 -129.998169 2.054 -1.51 310900214
2023 4 19 14 35 23.820 45.982825 -129.998983 1.762 -1.22 310900215
2023 4 19 14 38 55.000 45.968095 -129.996867 1.218 -1.49 310900220
2023 4 19 14 42 24.660 45.955973 -129.990129 2.542 -1.41 310900222
2023 4 19 14 43 14.800 45.957503 -129.991960 1.552 -1.80 310900223
2023 4 19 14 44 9.030 45.967574 -129.997510 1.387 -1.67 310900224
2023 4 19 14 47 20.660 45.984208 -129.999080 1.964 -1.55 310900226
2023 4 19 14 48 22.700 45.971065 -129.996037 1.732 -1.05 310900227
2023 4 19 14 51 29.440 45.990108 -130.007275 2.794 -1.57 310900230
2023 4 19 14 54 18.800 45.980481 -129.998486 1.371 -1.51 310900231
2023 4 19 14 55 12.950 45.979285 -129.998226 1.180 -1.22 310900232
2023 4 19 15 6 36.620 45.981954 -129.997892 1.547 -1.25 310900235
2023 4 19 15 6 49.980 45.981380 -129.997624 1.565 -1.30 310900236
2023 4 19 15 7 24.540 45.979753 -129.998739 1.323 -1.70 310900237
2023 4 19 15 7 47.030 45.979175 -129.998494 1.206 -1.67 310900238
2023 4 19 15 10 21.620 45.981083 -129.998332 1.735 -1.53 310900241
2023 4 19 15 12 37.060 45.982609 -129.998421 1.964 -1.17 310900243
2023 4 19 15 12 51.640 45.980949 -129.999194 1.902 -1.45 310900244
2023 4 19 15 14 18.940 45.980111 -129.998991 1.663 -1.03 310900245
2023 4 19 15 33 57.150 45.982011 -129.998722 2.070 -1.46 310900249
2023 4 19 15 36 7.280 46.011540 -130.034725 1.916 -0.71 310900251
2023 4 19 16 9 2.760 46.002380 -130.032178 1.534 -1.53 310900258
2023 4 19 16 12 50.470 46.004590 -130.032267 1.735 -1.35 310900260
2023 4 19 16 26 52.160 45.956844 -129.987174 1.455 -1.45 310900261
2023 4 19 16 26 55.410 46.001794 -130.029118 1.718 -1.66 310900262
2023 4 19 17 12 35.440 45.997408 -130.014811 1.942 -1.50 310900264
2023 4 19 18 7 2.080 45.954525 -129.987443 1.949 -0.89 310900268
2023 4 19 18 14 53.080 45.954879 -129.986898 2.035 -1.46 310900270
2023 4 19 18 15 1.240 45.954948 -129.987069 1.912 -1.35 310900271
2023 4 19 18 15 30.040 45.954692 -129.987109 1.953 -1.54 310900272
2023 4 19 18 15 35.760 45.954500 -129.987020 2.228 -1.19 310900273
2023 4 19 18 16 35.880 45.954549 -129.987085 2.033 -1.61 310900274
2023 4 19 18 17 13.880 45.954647 -129.987297 1.955 -1.50 310900275
2023 4 19 18 19 12.680 45.928398 -129.980998 1.388 -1.71 310900276
2023 4 19 18 20 26.160 45.955164 -129.986751 1.871 -1.41 310900277
2023 4 19 18 21 46.760 45.954386 -129.987012 2.032 -0.97 310900278
2023 4 19 18 23 18.360 45.980318 -129.963013 3.566 -1.99 310900279
2023 4 19 18 25 29.300 45.954293 -129.987134 2.016 -0.70 310900281
2023 4 19 18 26 40.560 45.954118 -129.987052 2.031 -1.02 310900282
2023 4 19 18 27 22.920 45.954346 -129.987142 1.955 -0.90 310900283
2023 4 19 18 27 36.780 45.955587 -129.984701 2.049 -1.57 310900284
2023 4 19 18 29 21.960 45.954659 -129.986377 1.723 -1.55 310900285
2023 4 19 18 30 11.580 45.954972 -129.987215 2.044 -1.59 310900286
2023 4 19 18 30 29.280 45.954744 -129.987410 1.952 -1.36 310900287
2023 4 19 18 34 43.000 45.955131 -129.986841 1.864 -1.64 310900288
2023 4 19 18 37 37.400 45.954525 -129.987028 2.030 -1.18 310900290
2023 4 19 18 39 50.160 45.954749 -129.986605 2.017 -1.62 310900291
2023 4 19 18 42 4.000 45.954228 -129.986865 1.954 -1.27 310900292
2023 4 19 18 43 14.500 45.954504 -129.986727 1.945 -1.54 310900293
2023 4 19 18 43 24.780 45.954395 -129.987183 2.018 -0.91 310900294
2023 4 19 18 45 15.120 45.943518 -129.985124 1.630 -1.66 310900297
2023 4 19 18 46 21.080 45.954757 -129.986646 1.863 -1.57 310900298
2023 4 19 18 47 13.200 45.943921 -129.985653 1.774 -0.89 310900299
2023 4 19 18 47 51.240 45.944128 -129.985661 1.754 -0.28 310900301
2023 4 19 18 48 23.700 45.944124 -129.986035 1.730 -1.31 310900302
2023 4 19 18 50 47.660 45.943241 -129.985506 1.594 -1.00 310900304
2023 4 19 18 53 30.320 45.943323 -129.985701 1.641 -1.55 310900307
2023 4 19 19 1 28.580 45.954545 -129.987370 1.977 -0.24 310900309
2023 4 19 19 2 37.960 45.954757 -129.986979 1.799 -0.88 310900310
2023 4 19 19 7 43.920 45.954028 -129.986092 2.251 -1.86 310900311
2023 4 19 19 12 24.080 45.954911 -129.986320 1.783 -1.06 310900312
2023 4 19 19 14 15.320 45.941394 -130.017855 1.070 -1.77 310900313
2023 4 19 19 19 30.360 45.954814 -129.987614 1.861 -1.13 310900314
2023 4 19 19 39 4.960 45.955485 -129.986548 2.116 -2.00 310900315
2023 4 19 19 43 29.280 45.954793 -129.986784 1.891 -1.52 310900317
2023 4 19 19 44 26.560 45.955139 -129.997192 1.617 -1.10 310900319
2023 4 19 19 45 21.240 45.955160 -129.987394 1.887 -1.64 310900321
2023 4 19 19 45 27.880 45.955330 -129.985555 2.009 -1.44 310900322
2023 4 19 19 49 35.380 45.956242 -129.986361 1.268 -1.96 310900323
2023 4 19 19 53 36.600 45.945353 -129.988192 3.651 -1.56 310900325
2023 4 19 19 55 45.920 45.954887 -129.987240 1.747 -1.51 310900326
2023 4 19 20 13 7.200 45.958988 -129.982894 1.553 -1.75 310900328
2023 4 19 20 20 44.800 45.942037 -130.018262 1.076 -1.55 310900329
2023 4 19 21 24 16.960 45.910876 -130.020801 0.476 -1.57 310900332
2023 4 19 21 35 41.580 45.955452 -129.986466 1.959 -1.30 310900333
2023 4 19 21 35 46.780 45.955050 -129.987492 1.932 -1.43 310900334
2023 4 19 21 36 47.120 45.955359 -129.987036 1.746 -1.42 310900335
2023 4 19 22 19 11.920 45.954016 -129.986344 1.953 -1.33 310900339
2023 4 19 22 48 44.880 45.955448 -129.986117 2.004 -1.77 310900342
2023 4 19 23 32 26.320 45.980981 -129.999642 1.474 -1.40 310900344
2023 4 20 0 0 21.210 45.940247 -130.018311 1.194 -1.53 311000000
2023 4 20 0 5 58.630 45.940092 -129.979443 1.476 -1.70 311000004
2023 4 20 0 14 39.340 45.940544 -129.978215 1.478 -1.16 311000006
2023 4 20 0 44 20.980 45.931665 -129.978101 1.481 -1.61 311000008
2023 4 20 1 4 28.060 45.938957 -130.020475 1.282 -1.64 311000010
2023 4 20 1 23 17.920 45.924874 -129.990894 0.884 -1.86 311000011
2023 4 20 1 23 22.020 45.924744 -129.991146 1.061 -1.08 311000012
2023 4 20 5 5 38.590 45.955473 -129.986450 2.044 -1.72 311000019
2023 4 20 5 41 23.910 46.002201 -130.014714 1.177 -1.49 311000024
2023 4 20 7 33 43.080 45.937756 -130.015731 0.740 -2.00 311000038
2023 4 20 8 44 49.440 45.968958 -129.997347 1.831 -1.71 311000049
2023 4 20 9 6 34.320 45.968599 -129.997168 1.722 -1.48 311000050
2023 4 20 10 45 47.650 46.002498 -130.023787 1.477 -1.42 311000054
2023 4 20 10 51 6.330 46.009627 -130.033537 1.063 -1.23 311000055
2023 4 20 10 51 15.010 46.002266 -130.023844 1.508 -1.09 311000056
2023 4 20 10 51 26.270 46.002747 -130.023779 1.572 -1.15 311000057
2023 4 20 10 52 22.020 46.000745 -130.014762 0.362 -1.02 311000061
2023 4 20 10 53 1.800 46.003365 -130.024520 1.603 -1.15 311000062
2023 4 20 12 43 12.490 45.981266 -129.998608 1.288 -1.34 311000066
2023 4 20 12 43 38.890 45.981136 -129.998706 1.277 -1.27 311000068
2023 4 20 12 44 22.980 45.913509 -129.988175 2.355 -1.62 311000070
2023 4 20 13 9 17.840 45.926571 -129.982902 1.196 -1.06 311000071
2023 4 20 13 39 0.440 45.959208 -129.988460 1.177 -1.27 311000074
2023 4 20 14 10 31.210 45.964156 -129.999837 1.885 -1.89 311000081
2023 4 20 14 11 54.080 45.967936 -129.995256 1.754 -1.44 311000083
2023 4 20 14 15 19.710 45.968306 -129.995622 1.696 -1.24 311000084
2023 4 20 14 19 34.790 45.966976 -129.994857 1.274 -1.77 311000085
2023 4 20 14 19 39.480 45.967810 -129.995304 1.663 -1.42 311000086
2023 4 20 14 28 1.380 45.968486 -129.995728 1.707 -1.45 311000088
2023 4 20 14 43 32.270 45.971574 -129.995068 1.074 -1.37 311000093
2023 4 20 14 44 9.280 45.974019 -129.995898 1.492 -1.26 311000095
2023 4 20 14 52 1.760 46.011259 -130.035522 1.896 -0.87 311000101
2023 4 20 14 52 23.530 46.011230 -130.035311 1.763 -1.29 311000102
2023 4 20 15 8 20.660 45.936792 -130.000765 0.920 -1.35 311000116
2023 4 20 15 9 21.590 46.001811 -130.038013 0.693 -0.88 311000120
2023 4 20 15 10 12.770 45.993831 -130.037109 1.772 -1.43 311000124
2023 4 20 15 12 49.370 45.996139 -130.034505 0.670 -1.35 311000134
2023 4 20 15 12 56.730 45.994670 -130.037492 1.846 -1.41 311000135
2023 4 20 15 13 19.760 45.995426 -130.037012 1.880 -1.11 311000136
2023 4 20 15 44 20.420 46.004594 -130.020638 1.107 -1.53 311000157
2023 4 20 16 15 44.850 45.979517 -129.997502 1.252 -1.50 311000171
2023 4 20 16 33 22.680 45.963790 -129.995646 1.162 -1.46 311000172
2023 4 20 16 39 41.710 45.940816 -130.019255 1.332 -1.29 311000173
2023 4 20 17 9 18.980 45.924467 -129.998315 1.463 -1.64 311000174
2023 4 20 18 8 35.640 45.938867 -130.018400 1.197 -1.75 311000175
2023 4 20 18 58 27.040 45.980196 -129.998706 1.117 -1.54 311000177
2023 4 20 20 7 18.080 45.936731 -130.019336 1.217 -1.49 311000178
2023 4 20 20 48 18.240 45.936422 -129.990951 0.076 -2.00 311000179
2023 4 20 20 56 49.580 45.924841 -129.991089 0.923 -1.08 311000180
2023 4 20 23 10 40.400 45.965735 -129.996053 1.172 -2.00 311000183
2023 4 20 23 13 26.140 45.940076 -130.018180 0.881 -1.75 311000184
2023 4 20 23 48 40.160 45.937101 -130.018547 1.219 -1.63 311000186
2023 4 20 23 54 34.580 46.013944 -130.038770 1.453 -0.87 311000187
2023 4 21 0 56 29.270 45.939974 -129.987882 1.200 -1.72 311100018
2023 4 21 3 1 55.940 45.996289 -130.011532 1.857 -1.56 311100074
2023 4 21 3 58 28.870 45.924654 -129.981551 1.103 -1.43 311100075
2023 4 21 4 51 21.300 45.933862 -129.962020 3.821 -1.22 311100079
2023 4 21 5 20 54.070 45.902482 -129.991260 1.058 -1.00 311100084
2023 4 21 6 17 50.560 45.998185 -130.015592 1.606 -1.47 311100090
2023 4 21 7 42 55.170 45.950175 -130.041829 2.105 -1.99 311100100
2023 4 21 8 13 49.000 45.908459 -129.971134 0.846 -1.80 311100104
2023 4 21 13 6 51.000 45.954460 -129.986532 1.815 -1.81 311100116
2023 4 21 13 12 51.010 46.007422 -130.026066 1.620 -1.19 311100118
2023 4 21 17 19 32.160 45.950484 -130.025285 1.597 -1.69 311100128
2023 4 21 17 37 17.160 45.978625 -129.996737 1.191 -1.29 311100132
2023 4 21 18 54 12.640 45.941972 -130.016512 0.750 -1.17 311100140
2023 4 21 19 43 17.760 45.937939 -130.019303 1.076 -1.61 311100142
2023 4 21 20 4 4.960 45.978210 -129.997078 1.126 -1.51 311100143
2023 4 21 21 49 24.940 45.936735 -130.018587 1.296 -0.80 311100147
2023 4 21 21 49 33.760 45.937683 -130.019116 1.220 -0.80 311100148
2023 4 21 22 11 25.240 45.924064 -129.983936 1.097 -1.57 311100149
2023 4 21 22 11 34.120 45.936910 -130.018205 1.241 -1.63 311100150
2023 4 21 23 14 47.560 45.925623 -129.983610 1.312 -1.64 311100161
2023 4 21 23 24 19.320 45.923661 -129.976473 1.679 -1.98 311100162
2023 4 21 23 53 13.980 45.929504 -130.023332 1.472 -1.57 311100165
2023 4 22 0 4 38.580 45.938293 -130.018880 1.364 -0.50 311200001
2023 4 22 0 5 17.460 45.938098 -130.019157 1.284 -1.39 311200002
2023 4 22 0 21 28.740 45.943079 -130.013257 0.441 -1.50 311200003
2023 4 22 0 35 45.600 45.941427 -130.018774 1.294 -1.51 311200006
2023 4 22 1 5 1.100 45.999972 -130.026611 1.370 -1.38 311200008
2023 4 22 3 18 30.000 45.919824 -129.988110 0.934 -1.50 311200012
2023 4 22 3 40 54.480 45.969397 -129.995980 1.194 -1.91 311200016
2023 4 22 4 31 23.690 45.936556 -130.018270 1.147 -1.74 311200019
2023 4 22 5 40 43.160 45.919336 -129.988647 0.940 -1.81 311200026
2023 4 22 6 11 4.140 45.918844 -129.987337 0.718 -1.27 311200030
2023 4 22 8 26 14.500 45.953886 -130.037769 1.636 -1.17 311200035
2023 4 22 10 13 44.790 46.000179 -130.027694 1.339 -1.33 311200041
2023 4 22 10 46 51.800 45.937882 -130.019425 1.285 -0.92 311200044
2023 4 22 11 57 39.020 45.960494 -130.021322 0.618 -1.25 311200046
2023 4 22 14 22 33.840 45.933899 -129.981250 2.012 -1.62 311200058
2023 4 22 14 23 15.490 45.950871 -129.986011 1.914 -1.60 311200059
2023 4 22 14 25 2.320 45.950570 -129.986369 2.023 -0.93 311200060
2023 4 22 14 36 49.540 45.951005 -129.986108 1.980 -1.53 311200065
2023 4 22 15 3 39.460 45.953646 -129.987329 2.026 -1.65 311200070
2023 4 22 15 17 0.480 46.007731 -130.031250 1.538 -1.73 311200074
2023 4 22 15 19 4.550 45.924752 -129.998413 0.995 -2.00 311200075
2023 4 22 15 19 26.500 45.954041 -129.987215 1.803 -0.91 311200076
2023 4 22 15 21 32.700 45.953349 -129.987500 1.880 -1.08 311200077
2023 4 22 15 30 1.830 45.971785 -129.995793 1.652 -1.48 311200079
2023 4 22 15 43 29.870 45.929985 -129.975187 3.031 -1.36 311200083
2023 4 22 16 21 23.410 45.963725 -129.993652 1.975 -1.53 311200090
2023 4 22 16 28 27.010 45.982259 -129.998836 1.802 -1.66 311200092
2023 4 22 16 37 4.360 45.962394 -129.991878 1.922 -1.43 311200095
2023 4 22 16 37 27.850 45.963509 -129.991553 1.428 -1.76 311200096
2023 4 22 16 37 41.180 45.963790 -129.992570 1.652 -1.36 311200097
2023 4 22 16 48 32.530 45.965255 -129.992261 1.709 -1.42 311200099
2023 4 22 17 0 32.660 45.939176 -130.007682 0.305 -1.58 311200101
2023 4 22 17 31 40.420 45.935596 -130.018286 1.258 -1.86 311200107
2023 4 22 18 8 18.600 45.944336 -129.982438 1.503 -1.83 311200113
2023 4 22 18 25 32.320 45.979692 -129.998421 1.127 -1.65 311200116
2023 4 22 18 32 38.120 45.938603 -130.019645 1.280 -1.60 311200118
2023 4 22 18 50 0.760 45.963871 -129.993018 1.871 -1.44 311200120
2023 4 22 19 10 43.760 45.936210 -130.018742 1.314 -1.41 311200121
2023 4 22 19 36 11.100 45.940955 -129.981600 1.652 -1.62 311200122
2023 4 22 19 43 25.380 45.941516 -129.981901 1.675 -1.19 311200123
2023 4 22 21 29 0.160 45.938802 -129.986743 1.469 -2.00 311200129
2023 4 22 21 39 48.340 45.925456 -129.989396 1.125 -1.56 311200130
2023 4 22 21 58 43.380 46.010132 -130.034025 1.535 -1.16 311200131
2023 4 22 23 45 22.080 46.003316 -130.029134 1.256 -0.80 311200150
2023 4 23 2 0 22.720 45.940417 -130.023389 1.676 -1.53 311300003
2023 4 23 2 52 12.100 45.950590 -130.051611 0.145 -1.10 311300006
2023 4 23 3 42 58.520 45.925895 -129.977148 1.329 -2.00 311300010
2023 4 23 3 49 30.700 45.903878 -130.044067 1.942 -1.47 311300011
2023 4 23 4 26 37.400 45.936593 -130.017692 1.226 -1.36 311300012
2023 4 23 4 42 13.780 45.938110 -130.018905 1.221 -1.41 311300013
2023 4 23 4 56 1.720 45.909428 -129.979248 2.657 -1.85 311300015
2023 4 23 4 58 10.990 45.914225 -129.986133 0.812 -1.39 311300016
2023 4 23 10 3 49.910 45.940173 -130.017904 0.980 -1.72 311300041
2023 4 23 12 6 39.720 45.946171 -130.020426 1.222 -1.90 311300045
2023 4 23 13 39 7.990 45.911625 -129.982812 2.162 -1.91 311300046
2023 4 23 14 6 17.430 45.939189 -130.019417 1.158 -1.65 311300049
2023 4 23 14 58 41.950 46.008293 -130.028898 1.049 -1.27 311300060
2023 4 23 14 59 48.650 46.013200 -130.034823 1.461 -1.02 311300061
2023 4 23 15 10 46.710 46.006689 -130.031584 1.680 -1.05 311300071
2023 4 23 15 51 28.450 45.964644 -129.992326 1.666 -1.71 311300090
2023 4 23 16 7 31.990 45.950618 -129.987565 1.860 -1.27 311300092
2023 4 23 16 7 50.370 45.967952 -129.994604 1.634 -1.37 311300093
2023 4 23 16 9 12.790 46.007784 -130.032552 1.627 -1.38 311300094
2023 4 23 16 9 16.990 46.007532 -130.031966 1.721 -1.41 311300095
2023 4 23 16 25 32.330 46.007218 -130.031714 1.599 -1.27 311300110
2023 4 23 16 27 12.200 46.007284 -130.032039 1.673 -1.30 311300112
2023 4 23 16 38 7.780 46.007694 -130.032349 1.585 -1.16 311300118
2023 4 23 17 20 10.520 46.008171 -130.032951 1.649 -2.00 311300122
2023 4 23 17 40 31.000 45.959200 -129.993742 1.664 -1.81 311300126
2023 4 23 17 47 10.620 45.955151 -129.982910 2.550 -1.58 311300127
2023 4 23 17 51 8.640 45.942879 -129.982292 1.446 -1.71 311300128
2023 4 23 18 13 59.680 45.913721 -129.983114 0.979 -1.55 311300131
2023 4 23 18 30 20.040 45.994702 -130.011605 2.413 -1.75 311300134
2023 4 23 18 31 24.280 45.994995 -130.012459 2.230 -1.57 311300135
2023 4 23 18 33 58.520 45.994336 -130.012109 2.376 -0.92 311300137
2023 4 23 18 35 46.960 45.994185 -130.011149 2.264 -1.73 311300139
2023 4 23 18 36 4.460 45.994751 -130.012703 2.507 -2.00 311300140
2023 4 23 18 40 13.620 45.997233 -130.015959 2.963 -1.36 311300142
2023 4 23 18 42 19.340 45.994446 -130.010034 2.326 -2.00 311300143
2023 4 23 18 44 28.280 46.007515 -130.032015 1.626 -1.55 311300145
2023 4 23 18 45 31.200 45.994845 -130.012101 2.368 -1.80 311300148
2023 4 23 18 55 18.140 46.006563 -130.030379 1.741 -1.08 311300153
2023 4 23 19 2 51.920 45.995024 -130.011491 2.457 -2.00 311300160
2023 4 23 19 4 56.040 45.995992 -130.011442 2.641 -1.46 311300161
2023 4 23 19 10 31.540 45.967110 -129.995589 1.470 -1.48 311300163
2023 4 23 19 12 11.320 45.985103 -129.975732 0.875 -1.41 311300164
2023 4 23 19 18 19.320 45.994625 -130.012394 2.397 -1.68 311300166
2023 4 23 19 20 45.840 46.006991 -130.032194 1.711 -0.97 311300168
2023 4 23 19 21 5.600 45.994731 -130.011442 1.749 -1.64 311300169
2023 4 23 19 22 47.600 45.994409 -130.009701 2.735 -1.88 311300170
2023 4 23 19 28 44.600 46.007475 -130.030949 1.366 -1.54 311300173
2023 4 23 19 44 5.880 46.007446 -130.032731 2.344 -1.19 311300178
2023 4 23 19 50 49.160 45.942371 -129.980184 1.540 -1.60 311300180
2023 4 23 19 52 16.860 46.006563 -130.031250 1.570 -1.61 311300182
2023 4 23 19 53 11.480 45.980086 -130.007609 0.442 -2.00 311300184
2023 4 23 19 54 20.560 45.966496 -129.996069 1.169 -1.29 311300187
2023 4 23 19 55 25.600 45.967147 -129.997323 1.403 -2.00 311300190
2023 4 23 19 57 26.700 46.008427 -130.034139 1.465 -1.79 311300194
2023 4 23 19 59 50.280 45.965898 -129.995915 1.164 -1.42 311300195
2023 4 23 20 4 46.360 45.967594 -129.982422 1.229 -2.00 311300197
2023 4 23 20 4 57.140 46.007593 -130.032316 1.558 -1.30 311300198
2023 4 23 20 5 13.920 45.966170 -129.995703 1.507 -1.19 311300199
2023 4 23 20 7 40.960 46.010307 -130.036239 1.280 -1.62 311300201
2023 4 23 20 15 13.880 45.994743 -130.011654 2.229 -1.54 311300202
2023 4 23 20 17 17.760 45.938554 -130.018905 1.146 -1.36 311300203
2023 4 23 20 28 33.440 45.994507 -130.011938 2.282 -1.60 311300207
2023 4 23 20 30 18.680 46.000557 -130.041390 3.858 -2.00 311300209
2023 4 23 20 30 29.760 45.994438 -130.013647 2.745 -1.86 311300210
2023 4 23 20 31 17.740 46.007174 -130.031657 1.728 -1.18 311300211
2023 4 23 20 43 6.360 46.007397 -130.031925 1.700 -1.41 311300213
2023 4 23 20 43 27.300 46.007239 -130.031144 1.550 -1.60 311300214
2023 4 23 20 46 52.520 45.994604 -130.008488 1.239 -1.66 311300216
2023 4 23 20 46 57.520 45.994897 -130.012492 2.638 -2.00 311300217
2023 4 23 20 48 28.420 45.937830 -130.018677 1.011 -1.94 311300218
2023 4 23 21 6 32.480 46.008085 -130.032153 1.519 -0.34 311300224
2023 4 23 21 20 25.640 45.922900 -129.986873 1.054 -1.76 311300226
2023 4 23 21 41 33.620 45.919804 -129.995825 1.761 -2.00 311300229
2023 4 23 21 45 23.780 45.999129 -130.026530 1.394 -1.88 311300231
2023 4 23 22 52 23.160 45.995907 -130.012459 2.512 -1.56 311300240
2023 4 23 23 34 6.520 45.994889 -130.010791 2.301 -0.97 311300246
2023 4 23 23 34 44.300 45.999296 -130.015356 0.490 -1.38 311300247
2023 4 23 23 34 52.160 45.994906 -130.010140 2.463 -0.96 311300249
2023 4 23 23 35 3.680 45.995113 -130.011702 2.083 -0.79 311300251
2023 4 23 23 35 23.720 45.994503 -130.006576 0.679 -1.67 311300253
2023 4 23 23 35 34.480 45.907218 -129.980648 2.770 -1.14 311300255
2023 4 23 23 37 16.180 45.994727 -130.008569 1.473 -1.15 311300258
2023 4 24 0 0 30.460 45.922229 -129.967253 0.677 -1.77 311400000
2023 4 24 0 23 14.320 45.994698 -130.008618 2.226 -1.62 311400001
2023 4 24 0 34 26.910 46.001371 -130.021200 1.564 -1.35 311400002
2023 4 24 0 35 32.230 45.993921 -130.009473 1.643 -1.61 311400003
2023 4 24 0 35 35.770 45.995162 -130.006087 0.860 -1.48 311400004
2023 4 24 0 37 3.990 45.993909 -130.009635 1.733 -1.93 311400006
2023 4 24 0 37 35.890 45.994051 -130.010360 2.347 -1.59 311400007
2023 4 24 0 41 26.260 45.994865 -130.007349 1.267 -1.78 311400010
2023 4 24 0 41 34.420 46.001038 -130.020801 1.843 -1.83 311400011
2023 4 24 0 42 13.270 45.993941 -130.009155 1.824 -1.60 311400012
2023 4 24 0 47 15.270 45.994132 -130.011987 2.366 -1.46 311400014
2023 4 24 0 47 58.450 45.994926 -130.012142 2.119 -1.01 311400015
2023 4 24 0 52 3.860 45.994804 -130.009131 1.557 -1.77 311400017
2023 4 24 0 52 31.570 45.994039 -130.008887 2.330 -1.79 311400018
2023 4 24 0 53 0.410 45.994019 -130.009489 1.880 -1.90 311400019
2023 4 24 0 53 12.880 45.994503 -130.009888 2.135 -1.10 311400020
2023 4 24 0 56 14.330 45.999150 -130.024292 0.645 -1.51 311400022
2023 4 24 0 56 42.880 45.994153 -130.013078 2.407 -1.51 311400023
2023 4 24 0 57 50.860 45.994409 -130.010653 2.396 -1.68 311400024
2023 4 24 1 50 22.620 45.994446 -130.009505 1.897 -0.77 311400032
2023 4 24 1 55 58.550 45.993901 -130.010270 2.532 -1.31 311400035
2023 4 24 2 0 22.220 45.941243 -130.018050 1.168 -1.53 311400038
2023 4 24 2 7 22.730 45.993917 -130.011434 2.422 -1.45 311400041
2023 4 24 2 13 14.810 45.994735 -130.012142 2.298 -1.45 311400044
2023 4 24 2 13 28.750 45.938143 -130.019458 1.148 -1.40 311400045
2023 4 24 2 16 32.270 45.995215 -130.014193 2.649 -1.90 311400048
2023 4 24 2 21 27.820 45.990072 -130.001261 0.039 -1.72 311400049
2023 4 24 2 22 11.420 45.994511 -130.006722 1.413 -1.75 311400050
2023 4 24 2 23 42.170 45.994849 -130.011629 2.307 -1.54 311400052
2023 4 24 2 39 41.400 45.994332 -130.008464 2.361 -0.86 311400055
2023 4 24 2 41 16.310 45.996126 -130.005933 0.846 -0.59 311400056
2023 4 24 2 43 30.170 45.995361 -130.011271 2.178 -1.00 311400057
2023 4 24 2 44 42.670 45.995487 -130.010197 2.133 -1.50 311400059
2023 4 24 2 46 29.480 45.994466 -130.011035 2.378 -1.71 311400061
2023 4 24 3 1 33.360 46.005261 -130.027637 1.714 -1.24 311400062
2023 4 24 3 3 44.630 45.994800 -130.013143 1.645 -1.47 311400064
2023 4 24 3 13 17.160 45.993119 -130.010824 1.798 -1.51 311400065
2023 4 24 3 14 12.850 45.993331 -130.010246 1.786 -0.56 311400067
2023 4 24 3 17 0.490 45.997331 -130.012378 1.738 -1.86 311400068
2023 4 24 3 34 37.130 45.994442 -130.012020 2.298 -1.69 311400069
2023 4 24 3 36 16.300 45.996155 -130.008073 0.743 -0.64 311400070
2023 4 24 3 39 11.840 45.912919 -129.986694 1.323 -1.84 311400072
2023 4 24 3 58 12.380 45.996082 -130.005037 0.728 -1.57 311400078
2023 4 24 4 8 37.020 45.992517 -130.016895 2.204 -1.69 311400080
2023 4 24 4 59 35.730 45.994649 -130.010010 2.137 -1.64 311400081
2023 4 24 5 41 19.720 45.994478 -130.009904 1.934 -0.49 311400082
2023 4 24 6 1 35.180 45.994336 -130.009814 2.052 -1.62 311400085
2023 4 24 6 10 7.010 45.996224 -130.009277 0.772 -1.97 311400088
2023 4 24 6 14 42.350 45.996855 -130.018384 0.083 -1.58 311400089
2023 4 24 6 15 32.660 45.940092 -130.019035 1.198 -0.48 311400091
2023 4 24 7 53 3.350 45.945247 -130.020630 0.772 -2.00 311400095
2023 4 24 9 5 21.520 45.936568 -129.980534 1.525 -1.62 311400098
2023 4 24 9 8 23.790 45.936890 -129.980127 1.546 -1.43 311400099
2023 4 24 9 10 14.830 45.947294 -129.992301 3.130 -1.32 311400100
2023 4 24 9 11 10.170 45.936011 -129.979761 1.531 -1.43 311400101
2023 4 24 9 13 23.440 45.935893 -129.979769 1.512 -1.53 311400103
2023 4 24 9 15 52.630 45.935181 -129.978695 1.457 -1.41 311400105
2023 4 24 9 22 24.100 45.935608 -129.979777 1.567 -1.59 311400107
2023 4 24 9 30 5.670 45.932772 -129.962329 2.464 -1.13 311400108
2023 4 24 9 48 52.590 45.934916 -129.979159 1.557 -1.11 311400112
2023 4 24 9 56 36.590 46.008870 -130.032300 1.542 -1.80 311400114
2023 4 24 9 59 45.880 45.936194 -129.979818 1.605 -0.82 311400115
2023 4 24 10 7 10.420 45.935014 -129.979175 1.476 -1.45 311400116
2023 4 24 10 16 37.260 45.935327 -129.979736 1.490 -1.52 311400118
2023 4 24 10 17 52.520 45.935555 -129.979997 1.493 -1.70 311400119
2023 4 24 10 22 48.750 45.943347 -129.984953 0.786 -0.96 311400120
2023 4 24 10 23 30.210 45.936987 -129.980509 1.541 -1.34 311400121
2023 4 24 10 46 56.350 45.942008 -130.019181 1.263 -1.84 311400123
2023 4 24 10 58 24.170 45.937020 -129.980412 1.551 -2.00 311400125
2023 4 24 12 55 0.870 45.908386 -129.983195 2.391 -1.89 311400127
2023 4 24 12 55 8.300 45.938786 -129.987590 1.394 -1.67 311400128
2023 4 24 13 15 59.430 45.913318 -129.988110 0.650 -1.93 311400129
2023 4 24 13 31 34.940 45.918258 -129.986572 1.049 -1.87 311400130
2023 4 24 13 47 30.760 45.935982 -130.018815 1.179 -1.87 311400132
2023 4 24 14 34 22.920 45.935628 -130.018449 1.357 -0.78 311400140
2023 4 24 14 37 50.090 45.919991 -129.990845 0.821 -1.76 311400141
2023 4 24 15 33 8.830 45.965938 -129.996021 1.362 -1.65 311400146
2023 4 24 16 18 11.780 45.926762 -129.987158 1.315 -1.42 311400162
2023 4 24 16 18 41.910 45.926892 -129.987052 1.270 -1.85 311400163
2023 4 24 16 40 46.010 45.934863 -130.019230 1.355 -1.80 311400166
2023 4 24 16 58 15.650 45.936784 -130.021257 1.465 -2.00 311400167
2023 4 24 17 30 38.720 45.966675 -129.996183 1.405 -1.35 311400168
2023 4 24 18 10 42.860 45.930990 -129.980339 1.223 -1.61 311400169
2023 4 24 18 53 27.320 45.925476 -129.979639 1.277 -1.46 311400172
2023 4 24 19 4 45.200 45.925618 -129.973934 1.256 -1.24 311400174
2023 4 24 19 35 19.720 45.921016 -129.992725 0.854 -1.93 311400175
2023 4 24 19 49 44.800 45.938424 -130.019450 1.334 -1.28 311400176
2023 4 24 19 49 58.880 45.937459 -130.020150 1.262 -1.61 311400177
2023 4 24 19 59 41.560 45.996151 -130.023088 1.257 -1.50 311400178
2023 4 24 20 44 43.220 45.918136 -129.987256 1.041 -1.74 311400181
2023 4 24 20 45 0.360 45.914811 -129.980990 1.839 -1.96 311400182
2023 4 25 1 48 37.400 45.934928 -130.018913 1.362 -1.97 311500006
2023 4 25 2 23 38.290 46.004883 -130.033350 1.303 -1.08 311500010
2023 4 25 3 4 35.730 46.006535 -130.031152 1.794 -1.52 311500014
2023 4 25 4 12 37.340 45.938802 -130.018416 1.452 0.47 311500017
2023 4 25 14 16 6.330 45.924479 -130.047396 1.660 -1.49 311500044
2023 4 25 20 55 9.400 46.007031 -130.028377 0.812 -1.11 311500069
2023 4 25 21 3 7.120 45.989347 -130.011841 0.791 -1.54 311500071
2023 4 25 22 13 18.840 45.993994 -130.012134 1.647 -1.73 311500082
2023 4 25 22 14 7.840 46.004757 -130.041414 0.281 -1.53 311500084
2023 4 25 22 14 46.880 46.013175 -130.035824 1.653 -0.73 311500086
2023 4 25 22 58 37.260 45.937960 -130.018685 1.499 -1.42 311500090
2023 4 25 22 59 50.400 46.014612 -130.037419 1.665 -1.04 311500091
2023 4 26 3 30 56.250 45.936633 -130.018726 1.257 -0.70 311600011
2023 4 26 5 49 5.750 45.935038 -130.019881 1.583 -1.80 311600016
2023 4 26 7 32 3.860 45.922026 -129.987508 0.914 -1.68 311600018
2023 4 26 7 33 52.860 45.922262 -129.987516 0.931 -1.49 311600019
2023 4 26 11 50 21.710 46.002246 -130.028890 1.582 -1.89 311600030
2023 4 26 13 27 8.990 45.919438 -129.986125 1.364 -1.83 311600032
2023 4 26 19 17 2.140 46.003507 -130.031429 1.714 -1.30 311600040
2023 4 26 20 55 0.160 45.937223 -130.019263 1.146 -1.64 311600043
2023 4 26 22 30 44.300 45.938403 -130.019775 1.357 -1.23 311600059
2023 4 26 23 39 21.600 45.923954 -129.993896 0.940 -1.53 311600063
2023 4 27 0 36 22.310 45.924703 -129.990674 1.104 -1.39 311700000
2023 4 27 1 11 39.270 45.936601 -130.017993 1.292 -1.63 311700002
2023 4 27 2 2 42.390 45.996375 -130.013005 1.677 -1.12 311700004
2023 4 27 8 20 52.380 45.941728 -130.020093 1.374 -1.27 311700027
2023 4 27 12 37 22.470 45.939156 -130.018311 1.384 0.18 311700042
2023 4 27 13 29 53.870 45.926693 -129.986768 1.292 -1.65 311700045
2023 4 27 13 29 57.120 45.927124 -129.987174 1.312 -1.89 311700046
2023 4 27 15 11 52.320 45.999768 -130.027547 1.214 -0.78 311700049
2023 4 27 15 23 43.910 46.000903 -130.027279 1.249 -1.22 311700051
2023 4 27 15 24 17.590 46.002242 -130.028052 1.308 -1.57 311700052
2023 4 27 20 54 33.980 45.967794 -129.995947 1.566 -1.29 311700057
2023 4 27 21 35 53.180 45.977039 -129.997461 1.318 -1.48 311700059
2023 4 27 21 49 55.680 45.966650 -129.942277 2.912 -1.10 311700060
2023 4 27 21 59 55.080 45.985030 -129.995980 1.578 -1.72 311700061
2023 4 27 22 20 54.600 45.950293 -129.988045 2.119 -1.07 311700062
2023 4 27 22 34 50.040 45.939205 -129.984359 1.876 -1.10 311700065
2023 4 27 23 42 24.600 45.947066 -130.024772 1.409 -1.50 311700068
2023 4 27 23 46 57.180 45.948808 -130.025415 1.458 -1.46 311700071
2023 4 27 23 47 18.380 45.946594 -130.027563 2.286 -1.17 311700072
2023 4 27 23 47 24.920 45.947192 -130.026383 1.850 -1.17 311700073
2023 4 27 23 50 8.520 45.947135 -130.028442 1.788 -1.08 311700075
2023 4 27 23 50 60.000 45.945264 -130.022559 0.462 -0.94 311700077
2023 4 27 23 51 14.900 45.946875 -130.026253 1.692 -1.25 311700078
2023 4 27 23 51 36.480 45.945308 -130.026375 1.721 -1.62 311700079
2023 4 27 23 52 13.000 45.949561 -130.025480 2.327 -1.23 311700080
2023 4 27 23 52 34.060 45.947473 -130.027588 1.429 -0.82 311700083
2023 4 27 23 52 51.320 45.946960 -130.028451 0.726 -1.30 311700084
2023 4 27 23 53 16.960 45.948568 -130.025724 1.511 -1.56 311700085
2023 4 27 23 55 47.200 45.946834 -130.025179 1.794 -0.70 311700088
2023 4 27 23 56 24.480 45.948568 -130.026872 1.312 -1.43 311700090
2023 4 27 23 56 48.480 45.948674 -130.026782 1.475 -1.39 311700091
2023 4 28 10 7 26.400 45.936076 -130.018400 1.199 -1.67 311800000
2023 4 28 11 21 33.460 45.946838 -130.021818 2.223 -1.23 311800004
2023 4 28 12 45 40.750 45.953630 -130.059115 0.311 -1.51 311800006
2023 4 28 12 46 5.310 45.954919 -130.043815 2.327 -1.06 311800007
2023 4 28 12 52 15.500 45.949756 -130.025399 1.692 -1.42 311800009
2023 4 28 16 1 26.100 45.948657 -130.020451 0.887 -1.03 311800014
2023 4 28 17 5 26.840 45.955469 -129.987842 1.953 -1.50 311800016
2023 4 28 17 8 55.700 45.955839 -129.987207 1.941 -0.99 311800017
2023 4 28 18 39 47.040 45.923547 -129.989648 0.870 -1.94 311800020
2023 4 28 20 5 38.080 45.926583 -129.980322 1.187 -2.00 311800021
2023 4 28 21 33 0.960 45.939221 -130.018359 1.355 0.07 311800024
2023 4 28 22 58 23.140 45.962451 -129.991056 1.686 -1.33 311800030
2023 4 28 22 59 6.360 45.962895 -129.991121 1.824 -1.64 311800031
2023 4 28 23 7 50.440 45.955155 -129.987508 2.005 -0.82 311800033
2023 4 28 23 10 48.560 45.961804 -129.991333 1.783 -1.39 311800035
2023 4 28 23 11 0.460 45.955229 -129.986890 1.954 -1.39 311800036
2023 4 28 23 48 56.460 45.962882 -129.991602 1.964 -0.94 311800042
2023 4 29 0 11 52.330 45.935889 -130.019181 1.301 -1.82 311900000
2023 4 29 0 33 21.150 45.967069 -129.996118 1.789 -0.80 311900002
2023 4 29 0 33 49.990 45.958931 -129.993384 1.724 -1.39 311900004
2023 4 29 0 36 23.970 45.967619 -129.996159 1.597 -1.30 311900005
2023 4 29 0 57 24.160 45.935555 -130.018327 1.283 -1.61 311900006
2023 4 29 1 4 22.510 45.935758 -130.018872 1.319 -1.89 311900007
2023 4 29 1 50 7.460 45.998275 -130.027181 1.144 -1.31 311900010
2023 4 29 1 52 39.760 45.966833 -129.994295 1.555 -1.72 311900011
2023 4 29 5 22 33.010 45.937642 -130.005322 0.272 -1.55 311900020
2023 4 29 8 9 22.600 46.021383 -130.029232 1.591 -1.67 311900030
2023 4 29 8 51 54.460 45.921680 -129.997754 1.327 -2.00 311900031
2023 4 29 8 59 23.340 45.959347 -129.993351 1.668 -1.55 311900032
2023 4 29 10 10 43.820 45.936446 -130.018669 1.263 -1.94 311900038
2023 4 29 10 11 40.620 45.938053 -130.020866 1.410 -2.00 311900039
2023 4 29 10 12 8.470 45.927531 -129.957113 0.108 -1.77 311900040
2023 4 29 11 16 22.470 45.994873 -129.990177 0.435 -0.78 311900046
2023 4 29 12 30 19.060 45.982308 -130.010718 2.515 -1.50 311900068
2023 4 29 13 9 55.230 46.001095 -130.020011 1.384 -1.72 311900078
2023 4 29 13 43 56.560 45.939644 -130.019409 1.145 -1.06 311900113
2023 4 29 15 19 5.000 45.941520 -130.020280 1.339 -1.40 311900132
2023 4 29 15 29 41.740 45.962252 -129.990365 1.770 -2.00 311900135
2023 4 29 17 51 56.760 46.002511 -130.032275 1.714 -1.13 311900152
2023 4 29 17 52 12.300 46.002372 -130.031519 1.715 -1.43 311900153
2023 4 29 17 55 34.840 45.993127 -130.026880 0.695 -1.74 311900155
2023 4 29 19 31 41.640 45.938228 -130.019401 1.214 -1.73 311900159
2023 4 29 19 41 17.640 45.989876 -130.002889 1.423 -1.48 311900160
2023 4 29 20 22 37.440 45.936214 -130.029370 0.889 -1.73 311900163
2023 4 29 21 19 7.600 45.954842 -130.025635 1.719 -1.59 311900167
2023 4 29 21 28 0.840 45.954110 -130.026253 1.825 -1.48 311900169
2023 4 29 21 28 36.240 45.954354 -130.025407 1.758 -1.73 311900170
2023 4 29 21 30 14.140 45.954028 -130.026359 1.760 -1.32 311900172
2023 4 29 21 30 28.920 45.953263 -130.027563 1.988 -1.07 311900173
2023 4 29 21 30 41.700 45.954069 -130.025749 1.639 -1.57 311900174
2023 4 29 21 30 47.600 45.954403 -130.026147 1.862 -1.44 311900175
2023 4 29 21 31 10.160 45.953813 -130.026082 1.822 -1.57 311900176
2023 4 29 21 31 38.360 45.953674 -130.026099 1.684 -1.64 311900178
2023 4 29 21 31 51.360 45.954195 -130.025985 1.807 -1.51 311900179
2023 4 29 21 32 4.480 45.954329 -130.026383 1.752 -1.49 311900180
2023 4 29 21 32 7.840 45.954191 -130.025464 1.652 -1.38 311900181
2023 4 29 21 32 20.200 45.953918 -130.025423 1.682 -1.68 311900182
2023 4 29 21 32 24.040 45.954305 -130.026172 1.789 -1.58 311900183
2023 4 29 21 32 58.080 45.953060 -130.026335 1.713 -1.55 311900184
2023 4 29 21 33 5.500 45.953459 -130.026074 1.796 -1.16 311900185
2023 4 29 21 34 13.120 45.954525 -130.025928 1.956 -1.45 311900187
2023 4 29 21 36 10.560 45.954460 -130.026506 1.838 -1.53 311900188
2023 4 29 21 37 41.960 45.953255 -130.025822 1.872 -1.46 311900189
2023 4 29 21 37 49.880 45.953687 -130.025895 1.780 -1.35 311900190
2023 4 29 21 39 0.520 45.953097 -130.026693 1.792 -1.38 311900192
2023 4 29 23 2 33.840 45.912480 -129.983781 1.849 -1.39 311900195
2023 4 30 4 12 25.730 45.923153 -129.984587 2.064 -1.30 312000000
2023 4 30 4 36 12.480 46.001192 -130.027295 1.559 -1.47 312000001
2023 4 30 7 10 57.720 45.923958 -129.985441 0.956 -2.00 312000005
2023 4 30 7 14 6.750 45.919124 -129.989811 0.932 -1.73 312000006
2023 4 30 8 4 4.730 45.938269 -130.020785 1.345 -1.14 312000009
2023 4 30 8 43 27.520 45.950159 -130.024463 1.413 -1.57 312000011
2023 4 30 11 21 1.990 45.961047 -129.994393 1.776 -1.37 312000015
2023 4 30 11 27 39.600 45.977877 -129.965951 1.151 -1.83 312000016
2023 4 30 14 19 37.610 46.001514 -130.026595 1.503 -1.62 312000018
2023 4 30 14 35 59.070 45.924695 -129.980396 1.406 -2.00 312000019
2023 4 30 16 25 0.260 45.950724 -130.024609 1.152 -1.07 312000020
2023 4 30 18 9 31.460 45.923397 -129.979313 1.703 -1.39 312000021
2023 4 30 21 42 12.360 45.999500 -130.026717 1.396 -1.34 312000023
2023 4 30 22 6 10.600 45.924980 -129.980518 1.238 -1.49 312000024
2023 4 30 22 58 7.060 45.936564 -130.019222 1.457 -0.96 312000026
2023 5 1 8 58 39.060 46.002808 -130.022404 1.350 -1.71 312100014
2023 5 1 10 8 14.160 46.004252 -130.026546 1.653 -1.07 312100017
2023 5 1 15 30 12.320 46.001310 -130.029093 1.325 -1.01 312100024
2023 5 1 19 10 41.340 45.936377 -130.019344 1.309 -1.34 312100027
2023 5 1 20 37 29.000 45.921000 -129.975732 1.449 -1.62 312100028
2023 5 1 20 49 8.100 45.921753 -129.977230 1.275 -1.71 312100029
2023 5 1 21 50 2.900 45.936597 -130.018148 1.258 -1.09 312100031
2023 5 1 22 46 50.160 45.925472 -129.984521 1.096 -1.55 312100050
2023 5 2 0 52 30.180 45.935864 -130.018652 1.202 -1.90 312200001
2023 5 2 1 0 22.470 45.936401 -130.017822 1.163 -1.93 312200003
2023 5 2 1 16 45.660 45.936609 -130.018050 1.189 -1.51 312200004
2023 5 2 4 55 55.760 46.002734 -130.027897 1.324 -1.40 312200011
2023 5 2 7 49 27.810 45.938106 -130.020980 1.361 -1.79 312200017
2023 5 2 11 28 10.910 45.922721 -129.994523 0.729 -1.34 312200024
2023 5 2 12 30 46.090 45.921248 -129.979932 2.267 -2.00 312200026
2023 5 2 12 31 43.830 45.925741 -129.988094 1.004 -1.28 312200027
2023 5 2 12 41 38.170 45.925159 -129.989624 1.068 -1.26 312200028
2023 5 2 15 26 15.570 45.920520 -129.990820 0.921 -1.73 312200033
2023 5 2 15 26 19.950 45.918856 -129.986589 0.761 -1.91 312200034
2023 5 2 15 26 49.690 45.941695 -130.018693 1.145 -1.49 312200035
2023 5 2 15 28 23.780 45.919906 -129.988761 0.916 -1.07 312200036
2023 5 2 18 13 48.080 45.935779 -130.018766 1.388 -1.41 312200041
2023 5 2 19 40 24.280 45.955306 -129.986768 1.921 -1.73 312200042
2023 5 2 22 57 5.080 45.939856 -130.018962 1.297 -1.04 312200044
2023 5 2 22 57 8.960 45.935567 -130.029069 1.953 -1.58 312200045
2023 5 3 1 35 4.730 45.936422 -130.018408 1.273 -1.74 312300000
2023 5 3 2 7 18.720 45.939237 -130.019491 1.176 -1.53 312300001
2023 5 3 2 47 21.550 46.002730 -130.028866 1.739 -1.47 312300002
2023 5 3 5 2 58.890 45.920915 -129.986092 1.313 -1.31 312300004
2023 5 3 5 21 0.620 45.948800 -129.992041 1.495 -1.55 312300007
2023 5 3 6 16 36.950 45.942973 -130.018758 1.052 -1.58 312300010
2023 5 3 6 57 44.900 46.019507 -130.029557 0.861 -2.00 312300011
2023 5 3 10 45 5.340 45.924382 -129.991691 0.934 -1.70 312300014
2023 5 3 12 31 38.680 45.995622 -129.991512 0.746 -1.48 312300016
2023 5 3 13 15 27.070 45.922579 -129.989217 0.951 -1.91 312300017
2023 5 3 13 23 56.620 45.938940 -130.018270 1.426 0.27 312300018
2023 5 3 17 27 18.880 45.939323 -130.019808 1.315 -1.61 312300031
2023 5 3 19 10 19.600 45.975822 -129.996452 1.647 -1.59 312300033
2023 5 3 19 42 20.940 45.937264 -129.976449 1.639 -2.00 312300034
2023 5 3 19 42 25.480 45.936401 -129.974463 1.556 -2.00 312300035
2023 5 3 19 46 24.840 45.937016 -129.975757 1.549 -1.38 312300036
2023 5 3 19 46 28.500 45.924329 -129.945020 0.415 -1.27 312300037
2023 5 3 22 0 58.720 45.920532 -129.976668 1.464 -1.96 312300041
2023 5 4 0 48 32.970 45.939189 -130.018701 0.976 -1.76 312400000
2023 5 4 1 21 12.850 45.989689 -130.008887 2.055 -2.00 312400002
2023 5 4 3 39 53.180 45.975549 -129.996200 1.321 -1.37 312400011
2023 5 4 4 54 23.820 45.939185 -130.018245 1.180 -1.03 312400017
2023 5 4 8 49 22.770 45.981144 -130.006348 1.404 -1.90 312400026
2023 5 4 13 27 24.830 45.927856 -130.003564 1.229 -1.34 312400032
2023 5 4 16 45 12.800 45.992403 -130.007324 1.327 -0.88 312400034
2023 5 5 6 59 35.480 45.932625 -130.024202 1.648 -1.52 312500016
2023 5 5 6 59 39.460 45.939449 -130.019360 1.121 -1.35 312500017
2023 5 5 7 31 1.310 45.939876 -130.019352 1.244 -1.82 312500019
2023 5 5 9 26 16.480 45.920154 -129.991219 1.283 -2.00 312500023
2023 5 5 13 17 33.030 45.934420 -130.013932 2.981 -1.02 312500026
2023 5 5 14 10 43.360 45.930684 -129.986100 2.944 -1.75 312500030
2023 5 5 16 40 45.350 45.938546 -129.979753 1.628 -1.54 312500041
2023 5 6 13 4 40.420 45.939718 -130.017049 1.326 -1.29 312600002
2023 5 6 14 7 12.460 46.002234 -130.028524 1.475 -0.82 312600005
2023 5 6 15 36 31.000 45.938078 -130.021663 1.053 -1.69 312600006
2023 5 6 18 16 22.340 45.921041 -129.988753 1.230 -2.00 312600012
2023 5 7 15 5 21.060 45.939994 -130.006868 0.741 -1.50 312700019
2023 5 7 15 30 59.370 45.966431 -129.996427 1.409 -1.57 312700022
2023 5 7 15 55 5.240 46.014648 -130.035661 1.566 -1.19 312700023
2023 5 7 15 58 35.360 46.003239 -130.018424 2.291 -1.69 312700024
2023 5 7 16 1 22.690 46.010522 -130.032910 0.978 -1.11 312700028
2023 5 7 16 1 27.370 46.012044 -130.034644 1.668 -0.96 312700029
2023 5 7 16 1 34.030 46.013196 -130.035783 1.523 -1.02 312700030
2023 5 7 16 14 46.740 45.991874 -130.023446 1.019 -1.98 312700035
2023 5 7 16 19 41.620 45.921619 -129.988411 0.970 -1.96 312700037
2023 5 7 16 48 23.760 46.000285 -130.028247 1.357 -1.46 312700038
2023 5 7 17 29 59.900 46.002934 -130.030534 1.587 -1.04 312700045
2023 5 7 17 36 22.940 45.932430 -130.008285 1.424 -1.94 312700046
2023 5 7 17 55 42.960 45.964384 -129.991024 1.463 -1.96 312700049
2023 5 7 22 19 54.680 45.922514 -129.989233 0.942 -1.86 312700079
2023 5 8 8 13 12.830 45.958870 -129.993587 1.650 -1.59 312800035
2023 5 8 9 0 42.380 45.922827 -129.982397 0.632 -1.47 312800037
2023 5 8 12 15 26.080 45.905444 -129.968058 0.714 -1.92 312800044
2023 5 8 14 23 16.800 45.927755 -129.984391 0.779 -1.24 312800059
2023 5 8 14 24 15.970 45.925220 -129.984375 1.213 -1.87 312800060
2023 5 8 16 29 38.640 45.965967 -129.996257 1.547 -1.74 312800079
2023 5 8 16 59 58.530 45.922892 -129.986589 1.064 -1.23 312800083
2023 5 8 17 0 50.440 45.922526 -129.984701 1.226 -1.49 312800084
2023 5 8 17 11 0.620 45.960136 -129.989176 1.933 -1.35 312800085
2023 5 8 17 39 56.480 45.931401 -129.999056 0.085 -1.52 312800088
2023 5 8 20 0 54.940 45.936190 -130.017643 1.208 -1.25 312800100
2023 5 8 20 21 55.000 45.917513 -129.989103 1.981 -1.51 312800103
2023 5 8 20 22 50.540 45.917928 -129.989006 1.697 -1.85 312800104
2023 5 8 20 54 4.800 45.941439 -129.988029 1.493 -1.76 312800106
2023 5 8 20 55 43.080 45.940902 -129.987248 1.561 -1.53 312800107
2023 5 8 20 57 31.520 45.940999 -129.986995 1.616 -0.87 312800108
2023 5 8 20 58 15.980 45.938281 -129.983659 1.925 -1.53 312800109
2023 5 8 20 58 56.560 45.940198 -129.987183 1.523 -2.00 312800110
2023 5 8 21 47 30.080 45.920052 -129.991081 0.841 -1.77 312800112
2023 5 8 23 49 43.140 46.003532 -130.029077 1.444 -1.26 312800113
2023 5 9 1 53 32.070 46.018270 -130.006624 1.347 -1.02 312900002
2023 5 9 6 26 10.950 45.986235 -130.027743 0.765 -1.60 312900026
2023 5 9 7 57 27.660 45.922835 -129.984391 1.128 -1.81 312900031
2023 5 9 7 57 43.790 45.922095 -129.984391 1.038 -1.94 312900032
2023 5 9 9 19 13.440 45.923844 -130.026709 3.937 -1.53 312900034
2023 5 9 10 23 23.170 45.924508 -129.981047 1.280 -1.67 312900035
2023 5 9 11 49 45.850 45.938944 -130.019385 1.223 -1.11 312900036
2023 5 9 14 18 43.990 45.926709 -129.988395 0.976 -1.55 312900040
2023 5 9 14 30 53.670 45.951917 -130.024569 1.476 -1.50 312900041
2023 5 9 14 59 52.040 45.959078 -129.988542 2.081 -1.46 312900043
2023 5 9 15 7 55.560 45.927437 -129.982243 1.067 -0.90 312900045
2023 5 9 15 34 28.340 45.907402 -129.980802 0.342 -1.32 312900047
2023 5 9 16 4 9.680 45.958944 -129.988949 1.874 -1.92 312900051
2023 5 9 16 8 29.670 45.959025 -129.989209 2.177 -1.35 312900052
2023 5 9 16 42 13.670 45.999910 -130.028255 1.669 -1.58 312900054
2023 5 9 17 24 5.520 45.921879 -129.990837 0.932 -1.82 312900057
2023 5 9 21 35 9.340 46.002315 -130.028809 1.522 -1.01 312900093
2023 5 10 0 16 29.330 45.964909 -129.994019 1.826 -1.12 313000000
2023 5 10 4 36 11.050 45.922542 -129.982756 1.365 -2.00 313000010
2023 5 10 5 19 58.540 45.937895 -130.019263 1.123 -1.54 313000014
2023 5 10 16 4 9.710 45.940055 -130.021183 0.900 -1.20 313000020
2023 5 10 19 6 35.860 45.920418 -129.981714 0.851 -1.47 313000025
2023 5 10 19 25 26.260 45.920862 -129.988688 0.937 -1.18 313000026
2023 5 10 19 26 40.520 45.920715 -129.988704 1.666 -0.16 313000027
2023 5 11 9 8 46.790 45.919328 -129.978483 3.200 -1.19 313100003
2023 5 11 11 27 56.770 45.937341 -130.019897 1.384 -1.65 313100007
2023 5 11 12 13 44.110 45.938562 -130.019051 1.184 -1.99 313100010
2023 5 11 12 50 29.810 45.959460 -129.989095 2.156 -1.88 313100011
2023 5 11 22 15 5.580 45.924674 -129.991195 0.979 -1.03 313100029
2023 5 11 22 16 20.160 45.924715 -129.990837 1.015 -1.44 313100030
2023 5 11 23 26 30.680 45.922388 -129.990462 2.346 -1.41 313100031
2023 5 12 1 7 9.920 45.937520 -130.018164 1.270 -1.93 313200001
2023 5 12 1 10 2.870 45.937972 -130.021021 1.328 -1.38 313200002
2023 5 12 5 30 22.470 46.000850 -130.028133 1.432 -1.18 313200010
2023 5 12 5 50 1.480 45.936202 -130.018148 1.270 -1.43 313200011
2023 5 12 6 21 56.130 45.917395 -130.044727 0.383 -1.46 313200013
2023 5 12 10 2 51.840 46.003499 -130.028271 1.498 -1.52 313200019
2023 5 12 10 19 59.910 46.002816 -130.028890 1.522 -0.96 313200020
2023 5 12 12 5 30.360 45.926168 -129.984521 1.258 -1.11 313200025
2023 5 12 14 1 57.050 45.937325 -130.019019 1.236 -1.79 313200027
2023 5 12 18 27 28.400 45.937284 -130.018970 1.265 -1.40 313200032
2023 5 12 18 29 40.760 45.960225 -129.989925 2.058 -1.41 313200034
2023 5 12 18 43 10.880 45.937337 -130.020955 1.378 -1.72 313200036
2023 5 12 19 16 25.480 45.960018 -129.989779 2.059 -1.58 313200039
2023 5 12 20 26 14.160 45.937728 -130.018783 1.220 -1.50 313200043
2023 5 12 20 40 7.080 45.926534 -129.986190 1.126 -2.00 313200044
2023 5 12 20 40 34.700 45.924540 -129.988444 0.725 -1.61 313200045
2023 5 12 20 42 51.440 45.925741 -129.986418 1.083 -1.77 313200047
2023 5 12 20 48 34.840 45.925163 -129.983366 1.287 -1.89 313200052
2023 5 12 20 56 41.880 45.991085 -130.027629 0.829 -2.00 313200053
2023 5 12 21 1 11.440 45.957312 -129.983179 2.315 -1.72 313200054
2023 5 12 21 10 53.480 45.911686 -129.985897 0.530 -1.77 313200055
2023 5 12 21 31 7.360 45.941016 -130.020174 1.342 -1.79 313200057
2023 5 12 21 32 1.200 45.920479 -129.986637 1.848 -1.36 313200058
2023 5 12 22 6 36.920 45.938489 -130.019767 1.389 -1.53 313200062
2023 5 12 22 12 4.400 45.925077 -129.984733 1.230 -1.60 313200063
2023 5 12 22 54 38.520 45.936629 -130.018669 1.248 -1.95 313200064
2023 5 13 0 21 48.890 45.937113 -130.018197 1.358 -1.53 313300000
2023 5 13 0 22 11.160 45.937016 -130.018547 1.376 -1.34 313300001
2023 5 13 0 22 15.160 45.966886 -129.985335 0.956 -1.74 313300002
2023 5 13 0 48 20.010 45.936300 -129.982015 1.288 -1.51 313300004
2023 5 13 6 13 36.520 45.937919 -130.020321 1.442 -1.95 313300013
2023 5 13 13 3 39.960 46.002612 -130.022835 1.694 -1.66 313300017
2023 5 13 14 16 59.930 45.923433 -129.984709 1.037 -2.00 313300023
2023 5 13 15 7 4.880 45.926534 -129.988411 0.969 -1.79 313300026
2023 5 13 20 12 28.080 45.940385 -129.987573 1.728 -1.63 313300031
2023 5 13 20 49 43.040 46.013053 -130.037126 1.571 -0.85 313300033
2023 5 13 20 50 27.480 45.941077 -130.019759 1.362 -1.26 313300034
2023 5 13 21 47 31.740 45.938680 -130.021395 1.454 -1.30 313300036
2023 5 13 21 52 15.220 45.921676 -129.995085 0.876 -1.96 313300037
2023 5 13 21 53 1.840 45.921419 -129.994938 1.912 -1.70 313300038
2023 5 13 22 7 18.640 45.919796 -129.995003 1.146 -2.00 313300043
2023 5 13 22 9 7.820 45.968416 -129.996159 1.753 -1.65 313300044
2023 5 13 22 29 21.920 45.939758 -130.020093 1.343 -1.72 313300045
2023 5 14 0 22 10.240 45.974125 -129.996069 1.241 -1.61 313400000
2023 5 14 1 40 21.560 45.980640 -129.998291 1.381 -1.81 313400001
2023 5 14 1 58 51.550 45.939205 -130.018075 1.013 -1.21 313400002
2023 5 14 2 16 31.130 45.943571 -130.019889 1.574 -1.99 313400003
2023 5 14 3 14 59.550 45.930717 -130.016748 1.205 -1.97 313400004
2023 5 14 6 5 49.680 45.897518 -130.013501 0.124 -1.20 313400008
2023 5 14 9 15 43.830 45.938570 -130.018302 1.215 -1.30 313400017
2023 5 14 10 1 15.580 45.938053 -130.019084 1.182 -1.24 313400019
2023 5 14 16 8 59.050 45.987935 -130.039388 1.498 -1.02 313400024
2023 5 14 16 10 59.150 45.987891 -130.038468 1.362 -1.82 313400025
2023 5 14 16 11 7.260 45.987895 -130.039258 1.355 -1.66 313400026
2023 5 14 16 40 45.050 45.951522 -130.039803 0.863 -1.17 313400028
2023 5 14 20 10 24.280 45.937203 -130.019132 1.330 -1.16 313400031
2023 5 14 21 32 46.960 45.920007 -129.984692 1.257 -1.56 313400033
2023 5 14 21 33 0.200 45.921452 -129.987939 0.815 -1.92 313400034
2023 5 14 21 33 54.940 45.921305 -129.987297 0.947 -1.64 313400035
2023 5 15 0 36 38.240 46.002649 -130.016740 0.589 -1.61 313500001
2023 5 15 1 52 35.070 45.924443 -129.978133 1.038 -1.59 313500002
2023 5 15 5 40 36.550 45.991626 -130.037736 0.506 -1.46 313500007
2023 5 15 9 16 7.830 45.990503 -130.002507 1.164 -1.01 313500012
2023 5 15 10 25 44.320 45.941817 -130.019263 1.424 -1.72 313500013
2023 5 15 10 47 35.080 45.962655 -129.994230 1.451 -1.72 313500014
2023 5 15 12 5 56.200 45.927620 -129.989266 0.963 -1.94 313500016
2023 5 15 12 46 57.760 45.928813 -129.984416 2.987 -1.79 313500018
2023 5 15 14 56 20.590 45.937858 -130.018962 1.210 -1.92 313500031
2023 5 15 15 28 55.930 45.997725 -130.004712 1.902 -2.00 313500032
2023 5 15 16 51 7.570 46.003487 -130.027157 1.561 -1.38 313500036
2023 5 15 16 55 1.520 46.002974 -130.026286 1.543 -1.56 313500038
2023 5 15 16 55 35.680 46.002926 -130.026750 1.505 -1.55 313500039
2023 5 15 16 59 8.660 45.922054 -129.967171 1.564 -1.38 313500040
2023 5 15 19 15 0.300 45.920699 -129.990299 0.812 -2.00 313500043
2023 5 15 20 27 50.320 45.939494 -130.019507 1.247 -1.18 313500045
2023 5 16 0 32 42.120 45.960372 -130.022705 3.661 -1.21 313600000
2023 5 16 1 6 54.250 46.005363 -130.027563 1.789 -1.69 313600001
2023 5 16 1 53 26.030 45.919604 -129.973519 1.270 -2.00 313600002
2023 5 16 5 14 5.370 45.918774 -129.987419 1.321 -1.73 313600008
2023 5 16 5 14 32.670 45.917269 -129.985620 0.925 -1.73 313600009
2023 5 16 6 59 52.900 46.005221 -130.026790 1.489 -1.01 313600011
2023 5 16 8 56 44.170 46.001624 -130.025464 0.731 -1.11 313600012
2023 5 16 11 46 7.360 46.000960 -130.029517 1.428 -2.00 313600014
2023 5 16 12 13 7.760 45.965885 -129.995996 1.154 -1.49 313600015
2023 5 16 12 25 33.700 46.002547 -130.024707 1.727 -1.31 313600018
2023 5 16 12 31 41.410 46.000814 -130.026929 1.515 -1.96 313600019
2023 5 16 12 40 39.120 46.012716 -130.037386 1.629 -1.12 313600020
2023 5 16 12 51 15.750 45.922335 -129.973478 1.452 -2.00 313600021
2023 5 16 14 0 23.470 45.941947 -130.017098 1.172 -1.27 313600024
2023 5 16 14 47 46.020 45.936947 -130.018896 1.323 -1.77 313600026
2023 5 16 15 16 44.110 45.923674 -129.986475 0.846 -1.80 313600027
2023 5 16 15 46 54.110 46.003634 -130.029215 1.345 -0.58 313600028
2023 5 16 17 22 21.080 46.001742 -130.028385 1.481 -1.86 313600050
2023 5 16 18 12 50.040 45.928113 -130.014095 1.417 -2.00 313600057
2023 5 16 20 20 4.160 45.943909 -130.012801 0.459 -1.33 313600064
2023 5 17 2 9 6.800 45.993872 -130.027808 1.166 -1.33 313700006
2023 5 17 4 57 57.830 45.978800 -129.994930 0.872 -1.56 313700011
2023 5 17 7 4 10.800 45.912683 -129.985229 0.816 -1.06 313700018
2023 5 17 11 11 53.450 45.919824 -130.025041 0.812 -1.12 313700027
2023 5 17 11 48 52.080 45.953703 -129.987362 2.013 -1.53 313700033
2023 5 17 12 25 29.040 45.964071 -129.994613 1.426 -1.69 313700034
2023 5 17 12 25 57.610 45.963456 -129.994816 1.629 -1.69 313700035
2023 5 17 12 30 29.340 45.948157 -129.986182 1.710 -1.46 313700036
2023 5 17 12 31 37.670 45.948340 -129.986035 1.753 -2.00 313700038
2023 5 17 12 40 36.190 45.948796 -129.986304 1.843 -0.95 313700040
2023 5 17 12 40 46.850 45.947066 -129.987760 1.968 -1.84 313700041
2023 5 17 12 40 49.650 45.948376 -129.986344 1.729 -1.28 313700042
2023 5 17 12 44 55.650 45.948263 -129.987052 1.615 -1.67 313700043
2023 5 17 12 47 23.020 45.948682 -129.986263 1.921 -1.80 313700044
2023 5 17 12 48 13.650 45.948698 -129.987126 1.739 -1.40 313700046
2023 5 17 12 53 21.100 45.948844 -129.986466 1.760 -1.57 313700047
2023 5 17 12 54 10.840 45.948714 -129.988062 1.626 -1.87 313700048
2023 5 17 12 56 37.450 45.949495 -129.985701 1.769 -1.61 313700049
2023 5 17 13 6 23.570 45.962439 -129.991561 1.553 -1.75 313700051
2023 5 17 13 34 2.960 45.938127 -129.987793 1.307 -1.75 313700053
2023 5 17 13 45 1.970 45.921830 -129.995329 0.939 -1.79 313700054
2023 5 17 14 39 17.120 45.934757 -130.023413 0.775 -1.56 313700058
2023 5 17 14 40 14.570 45.934835 -130.023145 0.784 -1.42 313700061
2023 5 17 15 46 1.450 45.970915 -129.996273 1.489 -1.64 313700065
2023 5 17 16 14 6.980 46.017859 -130.021997 1.460 -1.48 313700067
2023 5 17 16 14 32.960 45.971545 -129.996183 1.163 -1.55 313700068
2023 5 17 16 35 31.440 45.975964 -129.995622 1.073 -1.87 313700072
2023 5 17 23 48 41.020 45.926713 -129.987996 1.218 -1.44 313700085
2023 5 17 23 58 23.920 46.002311 -130.028491 1.657 -1.78 313700086
2023 5 18 1 52 46.170 45.912179 -129.986369 3.259 -1.32 313800005
2023 5 18 2 24 2.200 45.913477 -129.981917 1.254 -1.63 313800007
2023 5 18 3 11 20.480 45.998230 -130.012882 1.292 -1.91 313800012
2023 5 18 3 42 19.670 45.937663 -130.019548 1.308 -1.50 313800015
2023 5 18 4 11 40.490 45.949182 -130.029370 0.596 -1.53 313800017
2023 5 18 12 12 6.820 46.006559 -130.031820 1.571 -1.26 313800049
2023 5 18 12 23 14.790 45.935994 -130.021403 1.516 -1.19 313800050
2023 5 18 12 53 9.320 45.926969 -130.001229 3.622 -1.25 313800054
2023 5 18 13 6 16.820 45.939620 -129.977108 1.508 -1.82 313800055
2023 5 18 13 6 25.730 45.941081 -129.971891 1.097 -1.47 313800056
2023 5 18 13 7 21.110 45.937590 -129.975830 1.591 -2.00 313800058
2023 5 18 13 22 6.050 45.925736 -130.005981 0.881 -1.87 313800061
2023 5 18 13 22 55.810 45.966618 -129.995329 1.488 -1.27 313800062
2023 5 18 13 34 28.820 45.970378 -129.993237 1.647 -1.68 313800066
2023 5 18 13 35 43.760 45.968298 -129.995304 1.847 -1.66 313800067
2023 5 18 13 36 39.000 45.947453 -129.986686 1.693 -1.56 313800069
2023 5 18 13 39 13.420 45.969108 -129.995256 1.541 -1.45 313800070
2023 5 18 13 39 18.920 45.967399 -129.995638 1.735 -1.56 313800071
2023 5 18 13 44 34.410 45.944495 -129.981551 1.559 -1.83 313800072
2023 5 18 13 45 6.310 45.953158 -130.004964 3.688 -1.73 313800074
2023 5 18 13 45 24.660 45.967912 -129.995435 1.840 -1.00 313800075
2023 5 18 13 45 45.820 45.968176 -129.995321 1.869 -0.68 313800076
2023 5 18 13 47 0.990 45.967798 -129.995711 1.874 -1.71 313800078
2023 5 18 13 47 49.510 45.943233 -129.981698 1.766 -1.79 313800079
2023 5 18 13 50 20.820 45.944918 -129.981608 1.619 -1.36 313800080
2023 5 18 13 50 51.170 45.968392 -129.995549 1.849 -1.50 313800081
2023 5 18 13 51 0.850 45.968140 -129.995573 1.835 -0.93 313800082
2023 5 18 13 51 33.500 45.968612 -129.995557 1.882 -1.56 313800083
2023 5 18 13 53 34.510 45.968705 -129.995386 1.906 -1.44 313800084
2023 5 18 13 53 57.040 45.968408 -129.995483 1.796 -1.57 313800085
2023 5 18 13 57 49.770 45.968648 -129.995679 1.899 -1.59 313800087
2023 5 18 13 57 54.420 45.968693 -129.996379 1.956 -1.35 313800088
2023 5 18 13 59 11.490 45.967468 -129.997298 1.880 -1.92 313800089
2023 5 18 14 0 2.040 45.968429 -129.995369 1.913 -0.19 313800091
2023 5 18 14 0 23.000 45.968896 -129.995394 1.846 -0.68 313800092
2023 5 18 14 0 30.720 45.968563 -129.995020 1.574 -0.87 313800093
2023 5 18 14 0 39.270 45.969149 -129.995011 1.583 -1.55 313800094
2023 5 18 14 1 7.220 45.969885 -129.994865 1.602 -1.68 313800095
2023 5 18 14 1 42.540 45.968693 -129.995101 1.778 -1.37 313800096
2023 5 18 14 2 10.570 45.968298 -129.995703 1.691 -1.42 313800097
2023 5 18 14 6 8.060 45.969014 -129.995630 1.917 -0.86 313800098
2023 5 18 14 8 33.870 46.005379 -130.028548 1.442 -1.75 313800100
2023 5 18 14 10 15.080 45.969999 -129.995679 1.668 -1.56 313800102
2023 5 18 14 10 21.390 45.969340 -129.995728 1.680 -1.73 313800103
2023 5 18 14 13 35.440 45.969710 -129.997111 1.643 -1.86 313800104
2023 5 18 14 14 0.950 45.971106 -129.995386 1.937 -1.70 313800105
2023 5 18 14 15 33.220 45.969515 -129.995817 1.649 -1.13 313800106
2023 5 18 14 19 39.300 45.973702 -129.992106 1.525 -1.72 313800110
2023 5 18 14 19 51.600 45.969499 -129.995296 1.931 -1.36 313800111
2023 5 18 14 21 22.140 45.967440 -129.996077 1.766 -1.38 313800112
2023 5 18 14 22 32.710 45.967334 -129.996558 1.796 -1.68 313800113
2023 5 18 14 23 29.000 45.968762 -129.996224 1.760 -1.88 313800114
2023 5 18 14 24 41.710 45.969861 -129.996159 1.859 -1.79 313800115
2023 5 18 14 24 47.630 45.969320 -129.995785 1.765 -1.84 313800116
2023 5 18 14 27 28.760 45.969840 -129.995549 1.821 -1.70 313800117
2023 5 18 14 28 5.590 45.971692 -129.996012 1.583 -1.64 313800118
2023 5 18 14 29 27.050 45.969344 -129.995955 1.663 -1.86 313800120
2023 5 18 14 29 35.090 45.968290 -129.996208 1.724 -1.43 313800121
2023 5 18 14 29 44.820 45.969845 -129.995296 1.727 -1.88 313800122
2023 5 18 14 29 48.420 45.969157 -129.996151 1.700 -1.42 313800123
2023 5 18 14 32 43.710 45.969840 -129.995622 1.775 -1.45 313800124
2023 5 18 14 36 21.270 45.969491 -129.994678 1.364 -1.21 313800125
2023 5 18 14 44 15.160 45.969324 -129.995988 1.643 -1.52 313800127
2023 5 18 14 45 41.530 45.970988 -129.995557 1.709 -1.08 313800128
2023 5 18 14 46 15.300 45.971615 -129.995475 1.617 -1.29 313800129
2023 5 18 14 46 26.820 45.966146 -129.996208 0.513 -1.47 313800130
2023 5 18 14 47 20.680 45.983577 -129.997681 0.444 -1.78 313800131
2023 5 18 14 47 47.420 45.970129 -129.995898 1.880 -1.32 313800132
2023 5 18 14 48 32.010 45.970024 -129.996240 1.346 -1.59 313800134
2023 5 18 14 52 49.940 45.970203 -129.995215 1.758 -1.47 313800135
2023 5 18 14 53 30.870 45.970101 -129.995768 1.823 -1.60 313800136
2023 5 18 14 54 27.740 45.971444 -129.995451 2.024 -1.50 313800138
2023 5 18 14 54 45.750 45.977238 -129.994303 2.574 -1.46 313800139
2023 5 18 14 55 43.810 45.946781 -130.032780 1.985 -1.45 313800140
2023 5 18 14 55 51.150 45.970276 -129.995605 1.805 -1.26 313800141
2023 5 18 14 57 35.640 45.969592 -129.995288 1.674 -1.43 313800144
2023 5 18 14 57 41.090 45.969897 -129.995231 1.783 -0.75 313800145
2023 5 18 14 59 46.110 45.970052 -129.996680 1.535 -1.65 313800147
2023 5 18 15 10 16.060 45.968966 -129.995947 1.665 -1.44 313800150
2023 5 18 15 23 2.080 45.998140 -130.000130 0.729 -1.19 313800152
2023 5 18 15 24 18.170 45.970874 -129.995589 1.671 -1.39 313800155
2023 5 18 16 1 22.060 45.970280 -129.996362 1.699 -1.63 313800156
2023 5 18 16 18 25.810 45.971139 -129.996753 1.814 -1.37 313800157
2023 5 18 16 42 0.900 45.969564 -129.996077 1.747 -0.37 313800159
2023 5 18 16 44 2.920 45.923279 -129.989819 0.940 -1.84 313800160
2023 5 18 17 7 2.640 45.963375 -129.995630 1.569 -1.57 313800162
2023 5 18 17 29 14.280 45.966679 -129.996777 1.423 -1.80 313800163
2023 5 18 18 13 37.400 45.932568 -129.982072 1.299 -1.59 313800169
2023 5 18 18 21 38.120 45.933240 -129.982495 1.272 -1.46 313800170
2023 5 18 18 28 58.600 45.941349 -130.027523 1.739 -1.33 313800172
2023 5 18 19 2 54.000 45.940361 -130.019702 1.184 -1.45 313800183
2023 5 18 19 30 56.400 45.926990 -129.987061 1.260 -1.24 313800196
2023 5 18 19 39 8.400 45.905033 -129.992220 0.643 -1.71 313800207
2023 5 18 20 22 15.880 45.951599 -129.960229 1.228 -0.47 313800230
2023 5 18 21 31 23.540 45.961955 -129.995247 1.313 -1.34 313800232
2023 5 18 21 31 57.960 45.961731 -129.995736 1.385 -0.75 313800234
2023 5 18 21 32 23.580 45.991162 -130.009782 2.555 -1.40 313800235
2023 5 18 21 32 34.400 45.962097 -129.996232 1.478 -1.42 313800236
2023 5 18 21 41 15.240 45.962179 -129.995565 1.458 -1.54 313800237
2023 5 18 21 56 16.840 45.962321 -129.996281 1.490 -1.61 313800238
2023 5 18 21 59 56.620 45.961873 -129.995215 1.167 -1.67 313800239
2023 5 18 22 41 56.740 45.925911 -129.995719 0.452 -1.89 313800240
2023 5 18 22 45 56.160 46.000623 -130.027401 1.144 -1.64 313800241
2023 5 18 23 43 53.800 45.924695 -129.988973 1.114 -1.83 313800244
2023 5 18 23 53 52.360 45.925753 -129.989469 0.922 -1.62 313800245
2023 5 19 1 0 46.790 45.925785 -129.985612 1.145 -2.00 313900000
2023 5 19 1 0 53.220 45.925106 -129.985238 0.464 -1.40 313900001
2023 5 19 1 3 46.930 45.927226 -129.987419 1.241 -1.47 313900002
2023 5 19 1 4 10.140 45.927193 -129.987516 1.129 -2.00 313900003
2023 5 19 2 33 28.410 45.969519 -129.996159 1.602 -1.75 313900007
2023 5 19 2 38 23.770 45.969670 -129.996281 1.559 -1.74 313900008
2023 5 19 3 25 36.260 45.969804 -129.996322 1.768 -1.53 313900011
2023 5 19 3 49 41.240 45.966663 -129.997021 1.507 -1.16 313900012
2023 5 19 6 17 17.470 45.964087 -129.999373 1.763 -0.77 313900018
2023 5 19 7 15 22.140 45.935783 -130.019401 1.355 -2.00 313900026
2023 5 19 8 27 44.790 46.003455 -130.026074 1.542 -1.40 313900030
2023 5 19 11 14 2.120 45.922607 -129.988924 1.160 -1.86 313900034
2023 5 19 11 16 38.470 45.924658 -129.984668 2.657 -2.00 313900035
2023 5 19 11 23 34.880 45.936719 -130.020166 1.135 -1.96 313900037
2023 5 19 11 40 10.830 45.927922 -129.994735 0.378 -0.99 313900038
2023 5 19 12 36 26.400 45.922587 -129.984692 0.946 -2.00 313900041
2023 5 19 12 44 45.600 45.923376 -129.989168 1.045 -1.58 313900043
2023 5 19 12 49 2.250 45.923348 -129.986556 1.445 -1.48 313900044
2023 5 19 13 20 55.830 45.972225 -129.995264 1.352 -1.35 313900046
2023 5 19 13 25 46.600 45.938831 -129.987313 1.275 -1.44 313900047
2023 5 19 13 30 55.080 45.938053 -129.987150 1.319 -1.49 313900049
2023 5 19 13 40 15.280 45.923145 -129.985034 1.476 -1.97 313900050
2023 5 19 14 16 51.440 45.961829 -129.994979 1.729 -1.23 313900053
2023 5 19 14 17 26.110 46.000110 -130.026693 1.465 -0.97 313900054
2023 5 19 14 40 50.440 45.990218 -130.008146 1.855 -1.59 313900055
2023 5 19 14 55 29.200 45.965487 -129.992244 1.305 -1.62 313900057
2023 5 19 14 59 37.320 45.941919 -129.985628 0.073 -0.94 313900059
2023 5 19 15 3 43.900 45.989819 -130.008691 2.188 -1.10 313900060
2023 5 19 15 6 56.840 45.990580 -130.008724 2.215 -1.47 313900063
2023 5 19 15 9 39.710 45.990438 -130.007707 2.097 -1.27 313900064
2023 5 19 15 9 59.950 45.990417 -130.007389 1.986 -1.48 313900065
2023 5 19 15 12 31.880 45.989823 -130.007210 1.992 -1.40 313900066
2023 5 19 15 13 3.510 45.989998 -130.006885 1.979 -1.19 313900067
2023 5 19 15 13 15.120 45.989978 -130.006901 1.965 -1.22 313900068
2023 5 19 15 13 27.060 45.990267 -130.007560 1.986 -1.34 313900069
2023 5 19 15 14 35.100 45.936951 -129.985864 1.431 -1.89 313900072
2023 5 19 15 15 13.040 45.936967 -129.986068 1.414 -1.58 313900074
2023 5 19 15 16 3.110 46.001501 -130.013200 2.679 -0.87 313900075
2023 5 19 15 16 15.150 45.971769 -129.995605 1.633 -0.64 313900076
2023 5 19 15 16 37.400 45.989742 -130.007048 1.841 -1.02 313900077
2023 5 19 15 16 50.190 45.988188 -130.012467 1.386 -1.66 313900078
2023 5 19 15 17 18.070 45.990841 -130.006958 1.777 -1.53 313900080
2023 5 19 15 18 10.280 45.924898 -129.980941 1.696 -1.57 313900081
2023 5 19 15 19 7.810 45.990857 -130.008944 2.122 -2.00 313900083
2023 5 19 15 19 26.620 45.936519 -129.985645 1.336 -1.60 313900084
2023 5 19 15 19 45.880 45.986149 -130.010368 0.741 -1.65 313900085
2023 5 19 15 20 27.570 45.936987 -129.985840 1.378 -1.31 313900086
2023 5 19 15 21 18.630 45.967896 -129.990373 2.316 -1.99 313900087
2023 5 19 15 21 43.540 45.989994 -130.006885 1.935 -1.69 313900088
2023 5 19 15 23 43.370 45.986674 -130.004736 1.562 -1.84 313900092
2023 5 19 15 25 3.970 45.936222 -129.985514 1.318 -1.75 313900095
2023 5 19 15 27 41.380 45.990157 -130.007088 1.927 -1.86 313900097
2023 5 19 15 28 14.760 45.990218 -130.007284 1.967 -1.63 313900098
2023 5 19 15 29 15.800 45.990173 -130.007552 1.963 -1.54 313900100
2023 5 19 15 30 27.720 45.929024 -130.003011 0.978 -2.00 313900102
2023 5 19 15 31 30.370 45.972921 -129.995443 1.403 -1.54 313900103
2023 5 19 15 34 8.430 45.928670 -130.001807 1.381 -1.51 313900108
2023 5 19 15 38 8.280 45.971912 -129.995321 1.600 -1.28 313900110
2023 5 19 15 40 5.020 45.989937 -130.007064 1.958 -1.62 313900112
2023 5 19 15 41 6.200 45.989929 -130.007520 2.022 -1.54 313900113
2023 5 19 15 44 18.330 45.972095 -129.995093 1.384 -1.68 313900114
2023 5 19 15 44 23.760 45.990157 -130.007056 2.045 -1.76 313900115
2023 5 19 15 45 38.060 45.971586 -129.995418 1.634 -1.32 313900118
2023 5 19 15 46 11.450 45.969987 -129.993490 1.246 -1.39 313900119
2023 5 19 15 46 17.270 45.971521 -129.995378 1.663 -1.30 313900120
2023 5 19 15 46 31.720 45.972241 -129.995622 1.613 -1.69 313900121
2023 5 19 15 47 4.710 45.971692 -129.995280 1.695 -1.90 313900122
2023 5 19 15 51 23.540 45.974813 -129.992961 1.088 -1.67 313900125
2023 5 19 15 56 16.150 45.990385 -130.005135 2.100 -1.48 313900126
2023 5 19 15 57 2.620 45.971554 -129.995272 1.680 -1.57 313900127
2023 5 19 15 57 27.770 45.971554 -129.995288 1.647 -1.23 313900128
2023 5 19 15 59 20.570 45.994999 -129.998698 2.464 -1.12 313900129
2023 5 19 16 0 55.960 45.970886 -129.994832 1.518 -1.93 313900131
2023 5 19 16 1 20.380 45.971558 -129.995386 1.657 -0.26 313900132
2023 5 19 16 1 32.360 45.971639 -129.995020 1.599 -1.06 313900133
2023 5 19 16 1 54.220 45.971708 -129.995190 1.709 -1.38 313900134
2023 5 19 16 3 41.720 45.972115 -129.995093 1.566 -1.68 313900138
2023 5 19 16 3 46.890 45.991357 -129.990877 3.117 -1.09 313900139
2023 5 19 16 4 1.350 45.971309 -129.995646 1.284 -1.73 313900140
2023 5 19 16 4 7.260 46.001945 -129.989315 0.676 -1.72 313900141
2023 5 19 16 4 31.960 45.971448 -129.995378 1.673 -1.16 313900143
2023 5 19 16 4 49.960 45.971248 -129.995272 1.537 -1.22 313900144
2023 5 19 16 6 38.100 45.972603 -129.995459 1.576 -1.73 313900145
2023 5 19 16 7 41.030 45.972319 -129.995524 1.706 -1.16 313900146
2023 5 19 16 8 12.970 45.955225 -129.985734 1.807 -1.97 313900147
2023 5 19 16 9 16.640 45.972628 -129.994963 1.348 -1.25 313900148
2023 5 19 16 9 31.670 45.972786 -129.995329 1.410 -1.67 313900149
2023 5 19 16 10 42.710 45.971582 -129.996159 1.781 -1.53 313900151
2023 5 19 16 12 41.840 45.970797 -129.996012 1.714 -1.72 313900153
2023 5 19 16 12 51.860 45.971431 -129.995622 1.614 -1.38 313900154
2023 5 19 16 13 2.160 45.971830 -129.995361 1.681 -1.09 313900155
2023 5 19 16 14 35.070 45.971806 -129.995207 1.620 -1.74 313900157
2023 5 19 16 17 18.290 45.971667 -129.995768 1.671 -1.74 313900158
2023 5 19 16 20 5.900 45.973344 -129.995011 1.458 -1.87 313900159
2023 5 19 16 28 57.220 45.971680 -129.995492 1.640 -1.37 313900163
2023 5 19 16 29 9.830 45.973665 -129.996322 1.881 -1.54 313900164
2023 5 19 16 41 54.370 45.971379 -129.995166 1.627 -1.69 313900165
2023 5 19 16 42 0.660 45.972131 -129.995605 1.593 -1.64 313900166
2023 5 19 16 49 19.410 45.977909 -129.996541 2.226 -1.45 313900169
2023 5 19 17 21 38.360 46.003361 -130.028345 1.434 -1.52 313900170
2023 5 19 18 32 36.480 45.970996 -129.995410 1.693 -1.40 313900175
2023 5 19 18 34 18.120 45.971436 -129.995369 1.681 -1.25 313900176
2023 5 19 18 35 31.320 45.971631 -129.996273 1.713 -1.56 313900177
2023 5 19 18 37 20.600 45.985111 -129.993742 0.603 -1.72 313900178
2023 5 19 19 8 45.500 45.971867 -129.996102 1.732 -1.58 313900179
2023 5 19 20 14 0.820 45.926501 -130.003752 1.474 -1.60 313900185
2023 5 19 20 21 7.040 45.923580 -129.976156 1.169 -1.38 313900186
2023 5 19 20 22 6.040 45.958936 -129.992269 1.234 -1.78 313900187
2023 5 19 20 27 32.720 45.992550 -130.003646 1.307 -1.35 313900188
2023 5 19 20 27 38.400 45.992269 -130.009074 2.116 -1.84 313900189
2023 5 19 20 35 49.740 45.992871 -130.009920 2.209 -1.96 313900190
2023 5 19 20 39 20.380 45.989840 -129.999023 2.803 -2.00 313900191
2023 5 19 20 47 46.160 45.992623 -130.009725 2.023 -1.99 313900194
2023 5 19 21 15 35.520 45.989840 -130.007007 2.436 -2.00 313900196
2023 5 19 22 23 44.000 45.968791 -129.994694 1.865 -1.62 313900200
2023 5 19 22 56 11.100 45.999585 -130.026416 1.350 -1.59 313900201
2023 5 19 23 53 43.120 45.933419 -130.015999 1.207 -1.16 313900203
2023 5 19 23 57 45.440 45.921606 -129.986979 0.960 -2.00 313900204
2023 5 20 0 25 13.510 45.967582 -129.996842 1.432 -1.78 314000000
2023 5 20 2 11 51.860 46.000220 -130.026953 1.332 -0.58 314000004
2023 5 20 2 12 19.010 46.000191 -130.026668 1.347 -0.29 314000005
2023 5 20 2 12 57.860 46.001444 -130.028060 1.387 -1.65 314000007
2023 5 20 2 13 34.200 46.001945 -130.030648 1.458 -1.40 314000008
2023 5 20 2 15 56.140 46.000509 -130.026676 1.255 -1.64 314000009
2023 5 20 2 26 33.340 46.009265 -130.010278 2.825 -2.00 314000012
2023 5 20 3 3 37.600 45.968762 -129.996362 1.742 -1.14 314000013
2023 5 20 3 54 25.430 45.937748 -130.020597 1.478 -1.85 314000014
2023 5 20 4 27 30.130 46.000362 -130.026587 1.369 -1.40 314000017
2023 5 20 4 50 0.770 45.996781 -130.027450 1.419 -1.57 314000021
2023 5 20 5 40 43.210 45.938550 -130.019702 1.296 -1.80 314000023
2023 5 20 5 51 19.980 46.004207 -130.023779 1.573 -1.39 314000024
2023 5 20 8 5 40.620 45.920813 -129.984888 1.147 -1.77 314000032
2023 5 20 8 35 0.020 46.002014 -130.027547 1.374 -1.41 314000034
2023 5 20 10 33 51.660 45.929492 -130.020321 1.562 -1.82 314000040
2023 5 20 13 20 38.460 45.982703 -130.000000 2.066 -1.23 314000053
2023 5 20 13 26 33.150 45.982955 -129.999683 2.119 -1.42 314000054
2023 5 20 13 29 7.990 45.979924 -129.998885 1.293 -1.07 314000056
2023 5 20 13 54 49.570 45.979390 -129.996875 1.573 -1.55 314000061
2023 5 20 14 1 2.610 45.977710 -129.995199 0.902 -1.22 314000066
2023 5 20 14 1 20.310 45.979390 -129.997526 1.359 -1.55 314000067
2023 5 20 15 3 6.650 45.924032 -129.976302 1.259 -1.94 314000068
2023 5 20 15 33 10.820 45.938566 -130.019336 1.443 -0.41 314000069
2023 5 20 17 23 6.160 45.969234 -129.994360 1.625 -1.56 314000080
2023 5 20 18 51 9.920 45.924699 -130.001587 0.869 -1.23 314000087
2023 5 20 19 0 6.480 45.968343 -129.994035 1.755 -1.54 314000089
2023 5 20 19 23 48.080 46.000635 -130.028035 1.460 -1.93 314000091
2023 5 20 19 51 2.400 45.937720 -130.019157 1.330 -1.52 314000092
2023 5 20 20 11 56.520 45.937903 -130.017358 1.170 -1.25 314000093
2023 5 20 22 33 25.920 45.988391 -130.002580 1.697 -1.18 314000096
2023 5 20 22 34 31.940 45.989006 -130.002734 1.477 -1.39 314000097
2023 5 20 22 57 1.280 46.000769 -130.027108 1.393 -1.12 314000100
2023 5 20 22 57 18.400 46.000098 -130.027230 1.497 -1.31 314000101
2023 5 20 23 25 28.540 45.942546 -130.018807 0.899 -1.99 314000103
2023 5 21 4 54 21.350 45.924760 -130.000993 0.967 -1.14 314100005
2023 5 21 5 46 2.550 45.941211 -130.019189 1.391 -0.93 314100008
2023 5 21 7 12 25.210 46.000342 -130.026693 1.394 -1.49 314100012
2023 5 21 12 17 6.180 45.986894 -130.002881 1.877 -1.92 314100026
2023 5 21 13 43 28.780 45.966687 -129.995898 1.654 -1.39 314100032
2023 5 21 13 49 26.690 45.966659 -129.995972 1.658 -1.33 314100034
2023 5 21 14 50 47.380 45.967826 -129.995540 1.489 -1.35 314100038
2023 5 21 14 50 49.810 45.968742 -129.995996 1.667 -1.09 314100039
2023 5 21 15 6 53.020 45.925378 -130.001416 0.931 -1.44 314100042
2023 5 21 16 6 37.060 45.995549 -130.016284 1.264 -1.13 314100047
2023 5 21 16 46 24.400 45.971525 -129.995785 1.292 -1.51 314100053
2023 5 21 17 9 46.040 45.971440 -129.995817 1.097 -1.35 314100056
2023 5 21 18 8 19.480 46.000903 -130.029346 1.794 -1.46 314100066
2023 5 21 18 9 32.640 46.000586 -130.028931 1.580 -1.24 314100071
2023 5 21 18 12 7.520 46.001233 -130.028564 1.642 -1.43 314100073
2023 5 21 18 25 44.580 46.001115 -130.029395 1.832 -1.12 314100077
2023 5 21 18 31 6.640 46.001070 -130.030119 1.920 -1.50 314100081
2023 5 21 18 34 57.040 45.980570 -130.013631 0.859 -1.42 314100083
2023 5 21 18 35 38.320 46.001925 -130.031453 1.829 -1.86 314100084
2023 5 21 18 43 59.680 46.000854 -130.033276 2.384 -1.27 314100087
2023 5 21 19 30 35.460 45.955636 -130.028312 3.143 -1.32 314100094
2023 5 21 23 28 16.760 45.921236 -129.989290 1.010 -1.98 314100119
2023 5 21 23 28 55.960 45.906665 -129.989494 0.013 -1.32 314100120
2023 5 22 0 18 0.150 46.000557 -130.027108 1.436 -1.04 314200001
2023 5 22 3 30 55.360 46.002633 -130.023918 1.535 -1.45 314200018
2023 5 22 4 55 35.910 45.939172 -130.007788 0.317 -1.12 314200031
2023 5 22 4 59 44.010 45.941793 -130.020296 1.420 -1.62 314200032
2023 5 22 5 5 40.450 45.940234 -130.019564 1.250 -1.28 314200033
2023 5 22 6 32 18.220 45.981482 -129.990552 0.104 -1.32 314200051
2023 5 22 6 42 33.290 45.989734 -130.019914 0.474 -1.05 314200057
2023 5 22 10 1 50.520 45.937561 -130.019116 1.225 -1.04 314200083
2023 5 22 10 15 39.820 45.935872 -130.020068 1.453 -1.82 314200090
2023 5 22 10 43 14.740 45.971899 -129.996761 1.780 -1.72 314200099
2023 5 22 11 17 30.830 45.937349 -130.018937 1.283 -1.42 314200106
2023 5 22 12 24 45.400 45.969694 -129.996476 1.556 -1.31 314200127
2023 5 22 13 38 44.960 46.001546 -130.030583 1.481 -1.39 314200148
2023 5 22 13 44 30.890 45.937292 -130.019637 1.357 -1.82 314200153
2023 5 22 14 18 27.690 45.937297 -130.018400 1.226 -1.99 314200163
2023 5 22 15 4 12.500 45.936141 -130.018579 1.443 -1.19 314200170
2023 5 22 15 27 55.600 45.937675 -130.019881 1.292 -1.64 314200171
2023 5 22 15 31 7.300 45.924259 -129.991252 0.907 -1.82 314200172
2023 5 22 15 37 13.980 45.919373 -129.990283 0.795 -1.66 314200173
2023 5 22 15 45 38.060 45.936430 -130.019580 1.416 -1.77 314200174
2023 5 22 16 3 5.600 45.984017 -129.997062 2.733 -1.19 314200176
2023 5 22 16 12 5.850 45.935925 -130.019539 1.272 -1.18 314200178
2023 5 22 16 24 44.260 45.959489 -130.023161 3.112 -1.03 314200179
2023 5 22 16 25 4.520 45.958708 -129.988444 1.289 -1.90 314200180
2023 5 22 16 27 43.380 45.972961 -129.988493 1.142 -1.98 314200181
2023 5 22 17 2 59.360 45.938652 -130.019596 1.364 -1.29 314200183
2023 5 22 18 27 6.080 45.974630 -129.995150 1.250 -1.52 314200188
2023 5 22 18 27 21.880 45.975065 -129.995475 1.671 -1.39 314200189
2023 5 22 18 33 34.720 45.974060 -129.995418 1.330 -1.21 314200190
2023 5 22 18 34 43.560 45.975692 -129.996436 1.488 -0.79 314200191
2023 5 22 18 36 58.240 45.973942 -129.995915 1.286 -1.47 314200193
2023 5 22 18 38 7.920 45.974670 -129.995142 1.687 -1.27 314200194
2023 5 22 18 39 15.200 45.974060 -129.995117 1.307 -1.16 314200195
2023 5 22 18 39 43.880 45.993795 -129.991748 0.505 -0.91 314200196
2023 5 22 18 44 8.520 45.974239 -129.994865 1.342 -0.79 314200197
2023 5 22 18 44 56.000 45.973958 -129.992562 1.686 -1.38 314200198
2023 5 22 18 47 52.280 45.966357 -129.955070 2.257 -1.23 314200201
2023 5 22 18 48 11.320 45.975789 -129.996167 1.876 -0.62 314200202
2023 5 22 18 48 57.100 45.976729 -129.991618 1.728 -1.41 314200203
2023 5 22 18 49 57.520 45.977014 -129.997184 0.851 -1.51 314200205
2023 5 22 18 50 25.840 45.975907 -129.995638 0.706 -1.19 314200206
2023 5 22 18 50 31.720 45.975460 -129.995532 1.739 -0.84 314200207
2023 5 22 18 51 7.800 45.976025 -129.995776 1.484 -1.62 314200208
2023 5 22 18 52 50.640 45.973120 -129.996623 1.582 -1.53 314200211
2023 5 22 18 52 54.560 45.973547 -129.996452 1.403 -1.19 314200212
2023 5 22 18 53 29.800 45.974166 -129.995549 1.307 -1.03 314200213
2023 5 22 18 53 33.600 45.974809 -129.995418 2.132 -1.40 314200214
2023 5 22 18 53 53.400 45.973539 -129.996777 1.477 -1.08 314200215
2023 5 22 18 54 5.920 45.974906 -129.997363 1.444 -1.35 314200216
2023 5 22 18 54 12.200 45.982772 -129.999731 2.150 -0.95 314200217
2023 5 22 18 54 19.960 45.974931 -129.996077 1.794 -0.96 314200218
2023 5 22 18 54 53.320 45.973743 -129.993359 2.019 -0.52 314200219
2023 5 22 18 55 2.600 45.974748 -129.995931 2.025 -0.68 314200220
2023 5 22 18 55 28.400 45.973857 -129.995524 1.377 -1.09 314200221
2023 5 22 18 55 36.680 45.974597 -129.995557 1.381 -1.12 314200222
2023 5 22 18 56 7.600 45.974353 -129.996134 1.783 -1.44 314200223
2023 5 22 18 56 38.760 45.975212 -129.996761 1.841 -1.23 314200224
2023 5 22 18 56 50.420 45.974329 -129.995654 1.818 -1.49 314200225
2023 5 22 18 57 12.240 45.975326 -129.996265 1.870 -0.71 314200226
2023 5 22 18 57 30.660 45.972355 -129.995703 1.437 -1.87 314200227
2023 5 22 18 57 49.080 45.973966 -129.996875 1.490 -1.49 314200228
2023 5 22 18 59 20.420 45.971936 -129.996566 1.547 -1.47 314200229
2023 5 22 19 0 7.240 45.975342 -129.995622 1.302 -1.74 314200232
2023 5 22 19 1 19.420 45.973596 -129.995199 1.445 -1.53 314200233
2023 5 22 19 3 58.040 45.971517 -130.003874 0.980 -1.66 314200237
2023 5 22 19 4 18.900 45.974194 -129.995703 1.571 -1.52 314200238
2023 5 22 19 6 7.760 45.973507 -129.996167 1.531 -1.66 314200241
2023 5 22 19 10 4.600 45.973458 -129.994849 1.933 -1.23 314200242
2023 5 22 19 10 18.120 45.974487 -129.995866 1.296 -1.51 314200243
2023 5 22 19 14 32.560 45.937199 -130.019401 1.645 -1.28 314200244
2023 5 22 19 14 53.420 45.974239 -129.995923 1.872 -1.15 314200245
2023 5 22 19 18 52.720 45.927498 -130.053727 0.978 -0.97 314200247
2023 5 22 19 21 8.920 45.991675 -129.990511 0.507 -1.05 314200248
2023 5 22 19 27 48.040 45.971554 -129.987769 1.989 -1.65 314200249
2023 5 22 19 40 45.360 45.973303 -129.995410 1.311 -1.93 314200250
2023 5 22 19 42 6.880 45.973112 -129.995662 1.707 -1.71 314200251
2023 5 22 19 51 46.320 45.974426 -129.995939 1.369 -1.72 314200252
2023 5 22 20 3 28.280 45.974146 -129.994637 1.260 -1.58 314200254
2023 5 22 20 32 49.160 45.973083 -129.995801 1.820 -1.49 314200256
2023 5 22 20 33 10.080 45.973027 -129.995329 1.706 -0.89 314200257
2023 5 22 21 54 38.320 45.936035 -130.018490 1.243 -1.78 314200262
2023 5 22 22 16 16.520 45.972961 -129.996061 1.844 -1.42 314200263
2023 5 22 23 12 14.680 45.973210 -129.995866 1.732 -1.58 314200268
2023 5 22 23 14 29.560 45.973206 -129.995809 1.820 -1.58 314200270
2023 5 22 23 15 41.320 45.973340 -129.996175 1.759 -1.43 314200271
2023 5 22 23 15 44.420 45.972400 -129.997103 1.729 -0.99 314200272
2023 5 22 23 16 14.800 45.972896 -129.994580 1.406 -1.48 314200273
2023 5 22 23 16 18.040 45.972823 -129.995402 1.569 -1.24 314200274
2023 5 22 23 16 27.480 45.971899 -129.995467 1.580 -1.28 314200275
2023 5 22 23 16 32.200 45.971452 -129.995687 1.731 -1.12 314200276
2023 5 22 23 23 22.520 45.972083 -129.995809 1.664 -1.46 314200278
2023 5 22 23 23 29.920 45.972522 -129.998047 2.057 -1.41 314200279
2023 5 22 23 28 24.420 45.971834 -129.995980 1.415 -1.15 314200282
2023 5 22 23 29 41.400 45.972510 -129.995793 1.637 -1.07 314200283
2023 5 22 23 31 3.080 45.972957 -129.995752 1.717 -1.38 314200284
2023 5 22 23 31 20.700 45.973132 -129.995695 1.669 -1.71 314200285
2023 5 22 23 31 29.400 45.972949 -129.995386 1.628 -0.83 314200286
2023 5 22 23 32 39.960 45.971761 -129.995459 1.601 -1.43 314200287
2023 5 22 23 32 56.480 45.948722 -130.033862 2.496 -1.47 314200288
2023 5 22 23 37 24.360 45.937374 -130.019222 1.327 -1.25 314200291
2023 5 22 23 40 15.400 45.971082 -130.002083 2.447 -1.45 314200293
2023 5 22 23 43 33.800 45.924760 -130.025366 2.341 -1.37 314200294
2023 5 22 23 44 33.020 45.972384 -129.995475 1.653 -1.15 314200295
2023 5 22 23 45 43.860 45.971932 -129.995313 1.510 -1.17 314200296
2023 5 22 23 46 4.760 45.972839 -129.995785 1.699 -1.10 314200297
2023 5 22 23 54 44.320 45.972579 -129.995190 1.457 -1.64 314200299
2023 5 22 23 59 27.040 45.973751 -129.995345 1.442 -1.13 314200301
2023 5 23 0 0 11.630 45.971924 -129.996004 1.729 -1.62 314300000
2023 5 23 0 2 5.620 45.939209 -130.045532 2.312 -1.50 314300001
2023 5 23 0 3 33.410 45.973751 -129.995532 1.842 -1.28 314300002
2023 5 23 0 6 36.610 45.972876 -129.995369 1.579 -1.28 314300003
2023 5 23 0 7 21.310 45.972542 -129.995313 1.871 -1.12 314300005
2023 5 23 0 7 33.530 45.972758 -129.995638 1.691 -0.96 314300006
2023 5 23 0 15 33.940 45.940979 -130.008415 0.215 -1.57 314300007
2023 5 23 0 25 8.310 45.937240 -130.017114 0.993 -1.88 314300010
2023 5 23 0 42 52.480 45.943001 -130.019759 1.260 -0.89 314300011
2023 5 23 0 45 6.250 45.972673 -129.995329 1.501 -1.28 314300013
2023 5 23 1 15 7.940 45.920443 -129.989510 0.995 -2.00 314300014
2023 5 23 2 22 23.020 45.923812 -129.990381 3.067 -1.56 314300021
2023 5 23 2 33 12.980 45.941878 -130.015674 0.672 -1.68 314300022
2023 5 23 2 37 39.700 45.973315 -129.995076 1.680 -1.04 314300024
2023 5 23 3 12 52.960 45.924691 -129.992839 0.631 -2.00 314300027
2023 5 23 3 23 37.080 45.940869 -130.018945 1.443 -0.46 314300029
2023 5 23 3 24 35.870 45.940942 -130.019019 1.395 -0.84 314300030
2023 5 23 4 41 10.920 45.938196 -130.018717 1.272 -1.46 314300031
2023 5 23 7 13 13.450 45.936711 -130.018791 1.366 -1.92 314300036
2023 5 23 7 35 9.480 45.937227 -130.020190 1.345 -1.49 314300038
2023 5 23 8 25 49.610 45.945418 -130.026929 1.186 -1.26 314300042
2023 5 23 10 3 10.320 45.938086 -130.018734 1.264 -1.56 314300049
2023 5 23 10 8 19.620 45.925789 -129.977018 1.395 -1.70 314300050
2023 5 23 10 14 17.320 45.935893 -130.018742 1.300 -1.85 314300052
2023 5 23 11 37 39.590 45.937231 -130.019735 1.371 -1.68 314300054
2023 5 23 11 44 55.390 46.001664 -130.028361 1.487 -1.17 314300055
2023 5 23 12 1 30.870 45.936918 -130.019214 1.241 -1.75 314300057
2023 5 23 13 31 14.230 45.936877 -130.019539 1.495 -1.62 314300064
2023 5 23 13 44 52.730 45.974276 -129.995890 1.262 -1.37 314300066
2023 5 23 15 14 40.860 45.964701 -129.990308 1.243 -1.60 314300070
2023 5 23 15 14 58.210 45.966805 -129.993164 1.993 -1.69 314300072
2023 5 23 15 32 12.400 45.942700 -130.020402 1.468 -1.64 314300073
2023 5 23 15 50 57.260 45.970374 -129.995483 1.616 -1.68 314300074
2023 5 23 15 52 11.780 45.970687 -129.995728 1.667 -1.57 314300075
2023 5 23 15 57 35.860 45.962118 -129.994401 1.936 -1.77 314300076
2023 5 23 16 2 34.080 45.901758 -130.036125 0.866 -1.36 314300078
2023 5 23 16 3 43.660 45.936796 -130.018441 1.115 -1.23 314300079
2023 5 23 16 23 6.690 46.002372 -130.022152 1.428 -1.37 314300082
2023 5 23 16 37 53.180 45.971012 -129.995752 1.666 -1.49 314300085
2023 5 23 16 42 6.140 45.971240 -129.995915 1.624 -1.37 314300087
2023 5 23 16 43 28.960 45.970866 -129.995728 1.653 -1.58 314300088
2023 5 23 16 43 36.350 45.970256 -129.996395 1.798 -1.43 314300089
2023 5 23 16 43 51.280 45.971204 -129.995630 1.658 -1.71 314300090
2023 5 23 16 51 19.980 45.971029 -129.996053 1.836 -1.30 314300091
2023 5 23 16 51 59.780 45.966243 -129.996370 1.405 -1.52 314300092
2023 5 23 18 27 21.120 45.936536 -130.020028 1.156 -1.77 314300097
2023 5 23 18 54 45.060 45.961532 -129.992114 1.495 -2.00 314300099
2023 5 23 19 33 42.280 45.934680 -130.017301 2.421 -1.46 314300102
2023 5 23 20 50 48.740 45.936271 -130.018945 1.155 -1.54 314300104
2023 5 23 21 24 41.920 45.966927 -129.996134 1.617 -1.32 314300106
2023 5 23 21 51 26.080 45.920215 -129.989160 1.033 -1.65 314300109
2023 5 23 21 54 27.360 45.919942 -129.987183 1.250 -1.80 314300110
2023 5 23 22 10 58.120 45.937105 -130.019572 1.306 -1.27 314300111
2023 5 23 22 11 12.440 45.936873 -130.019344 1.287 -1.60 314300112
2023 5 23 22 48 31.440 45.994592 -130.025529 1.122 -1.75 314300113
2023 5 23 22 53 10.720 45.995068 -130.025716 1.315 -2.00 314300114
2023 5 23 23 1 12.480 45.938664 -130.017896 0.945 -1.15 314300116
2023 5 23 23 11 42.360 46.005294 -130.027230 1.730 -1.41 314300117
2023 5 23 23 15 18.680 45.935990 -130.018815 1.296 -1.81 314300118
2023 5 23 23 40 57.840 45.919482 -129.988908 0.889 -1.78 314300121
2023 5 23 23 45 4.680 45.920333 -129.989884 0.791 -1.71 314300124
2023 5 23 23 54 34.320 45.920288 -129.989266 0.868 -1.56 314300125
2023 5 23 23 56 45.020 45.920068 -129.989543 0.898 -1.48 314300127
2023 5 24 0 10 57.510 45.940747 -130.014486 0.584 -2.00 314400001
2023 5 24 0 55 35.210 45.970284 -129.995817 1.603 -1.59 314400004
2023 5 24 0 56 34.430 45.971672 -129.995866 1.707 -1.46 314400005
2023 5 24 0 56 41.910 45.970597 -129.994548 1.738 -1.58 314400006
2023 5 24 0 56 48.890 45.979240 -129.999577 0.091 -1.52 314400007
2023 5 24 1 4 1.120 45.971012 -129.995459 1.743 -1.59 314400010
2023 5 24 1 4 29.120 45.970890 -129.995939 1.616 -1.79 314400011
2023 5 24 2 26 50.410 45.941353 -130.019857 1.239 -1.53 314400017
2023 5 24 3 2 41.450 45.920439 -129.988159 1.160 -1.75 314400019
2023 5 24 3 51 51.750 46.002319 -130.022998 1.546 -1.17 314400024
2023 5 24 5 30 49.930 45.934338 -130.016341 0.980 -1.77 314400027
2023 5 24 6 18 37.610 45.999231 -130.025993 1.097 -1.37 314400028
2023 5 24 6 45 35.250 46.002958 -130.031128 1.413 -1.12 314400029
2023 5 24 7 39 1.120 45.937557 -130.018717 1.249 -1.72 314400030
2023 5 24 7 53 49.670 45.961414 -129.990446 1.853 -1.24 314400031
2023 5 24 7 54 19.900 45.971960 -129.996126 1.647 -1.54 314400032
2023 5 24 9 21 56.210 45.993376 -130.017033 1.040 -1.92 314400034
2023 5 24 9 25 11.310 46.004244 -130.029110 1.474 -1.42 314400036
2023 5 24 10 54 54.350 45.937748 -130.018286 1.377 -0.66 314400039
2023 5 24 10 54 58.230 45.966748 -129.977572 1.039 -1.86 314400040
2023 5 24 12 49 27.170 45.938753 -130.018302 1.116 -2.00 314400042
2023 5 24 12 54 3.280 45.940641 -130.021818 1.353 -1.64 314400043
2023 5 24 13 15 32.640 45.927128 -129.987728 1.226 -1.45 314400044
2023 5 24 13 21 39.700 45.926860 -129.986890 1.246 -1.67 314400045
2023 5 24 13 21 42.730 45.926310 -129.985270 1.286 -1.39 314400046
2023 5 24 14 10 3.040 45.970170 -129.996322 1.557 -1.15 314400048
2023 5 24 14 58 2.980 45.989063 -130.029728 0.687 -1.80 314400049
2023 5 24 15 16 58.310 45.936580 -130.019735 1.319 -2.00 314400053
2023 5 24 15 33 0.050 45.936047 -130.018132 1.346 -1.26 314400054
2023 5 24 15 34 50.000 45.932430 -129.984741 1.432 -1.42 314400055
2023 5 24 15 35 46.510 45.938464 -130.018864 1.429 -0.43 314400056
2023 5 24 16 3 0.150 45.901343 -129.968229 0.963 -2.00 314400059
2023 5 24 17 54 48.800 45.952767 -129.985840 1.538 -1.85 314400064
2023 5 24 17 56 26.400 45.968160 -129.996053 1.565 -1.28 314400065
2023 5 24 18 52 47.680 45.963892 -129.992562 1.844 -1.53 314400067
2023 5 24 18 54 11.800 45.963672 -129.993441 2.002 -1.22 314400069
2023 5 24 19 0 47.100 45.926632 -129.978507 2.849 -2.00 314400070
2023 5 24 19 2 4.800 45.963326 -129.992464 1.995 -1.38 314400073
2023 5 24 19 5 58.060 45.963167 -129.992871 1.928 -1.50 314400082
2023 5 24 19 6 38.200 45.964274 -129.990552 1.816 -2.00 314400083
2023 5 24 19 6 42.280 45.963411 -129.992236 2.108 -1.96 314400084
2023 5 24 19 7 27.480 45.963192 -129.992236 1.565 -1.52 314400085
2023 5 24 19 8 45.400 45.963879 -129.992261 1.925 -1.83 314400086
2023 5 24 19 9 9.100 45.962842 -129.992122 1.630 -1.41 314400087
2023 5 24 19 9 12.520 45.961515 -130.012272 3.772 -1.27 314400088
2023 5 24 19 9 48.260 45.964006 -129.992236 1.821 -1.67 314400089
2023 5 24 19 10 18.040 45.963965 -129.991577 1.739 -1.80 314400090
2023 5 24 19 10 29.840 45.963363 -129.992830 2.033 -1.73 314400091
2023 5 24 19 10 59.620 45.962622 -129.992952 1.436 -2.00 314400092
2023 5 24 19 11 14.440 45.965039 -129.992090 1.005 -2.00 314400093
2023 5 24 19 12 3.440 45.966109 -129.990926 1.031 -1.64 314400095
2023 5 24 19 13 35.520 45.962878 -129.992936 1.991 -2.00 314400097
2023 5 24 19 13 38.740 45.963367 -129.992065 1.827 -1.76 314400098
2023 5 24 19 14 7.360 45.963375 -129.992090 1.743 -1.68 314400099
2023 5 24 19 17 7.680 45.963143 -129.991007 1.042 -2.00 314400100
2023 5 24 19 18 16.360 45.963269 -129.993115 1.829 -1.54 314400101
2023 5 24 19 25 5.920 45.935274 -130.018636 1.442 -1.37 314400103
2023 5 24 19 45 2.080 45.938354 -130.028117 1.509 -1.53 314400106
2023 5 24 19 56 8.920 45.969499 -129.996598 1.355 -1.49 314400108
2023 5 24 19 56 12.120 45.968172 -129.995939 1.597 -1.09 314400109
2023 5 24 19 56 31.280 45.967965 -129.996045 1.580 -0.72 314400110
2023 5 24 19 56 56.600 45.967708 -129.996346 1.455 -1.89 314400112
2023 5 24 19 57 9.600 45.953593 -130.005518 3.722 -1.49 314400113
2023 5 24 19 57 21.840 45.968648 -129.995907 1.537 -1.80 314400114
2023 5 24 19 57 26.320 45.964050 -129.992741 1.809 -1.10 314400115
2023 5 24 19 58 36.760 45.967928 -129.996208 1.503 -1.67 314400117
2023 5 24 20 46 4.120 45.936820 -130.019149 1.281 -1.84 314400123
2023 5 24 20 57 51.240 46.000297 -130.029989 1.481 -1.27 314400124
2023 5 24 21 12 49.360 46.008337 -130.027938 1.040 -1.21 314400125
2023 5 24 21 12 55.720 45.991052 -130.006893 1.896 -1.95 314400126
2023 5 24 21 18 22.400 45.934294 -130.017033 1.363 -2.00 314400127
2023 5 24 21 18 32.640 46.000399 -130.029256 1.430 -1.73 314400128
2023 5 24 21 26 57.780 46.010832 -130.033789 1.729 -1.10 314400131
2023 5 24 21 41 20.320 45.992090 -130.006958 1.510 -1.89 314400133
2023 5 24 21 41 32.360 45.992957 -130.010156 2.501 -1.13 314400134
2023 5 24 21 41 55.200 45.993673 -130.009359 2.397 -1.67 314400135
2023 5 24 21 55 45.240 45.980530 -129.998796 1.635 -1.28 314400139
2023 5 24 21 57 0.460 45.980204 -129.997868 1.570 -1.31 314400141
2023 5 24 21 57 11.200 45.976815 -129.993693 1.008 -1.26 314400142
2023 5 24 21 57 23.380 45.980444 -129.997119 1.638 -1.03 314400143
2023 5 24 21 57 36.920 45.979390 -129.997673 1.362 -1.71 314400144
2023 5 24 21 58 8.000 45.981124 -129.998486 1.718 -1.08 314400145
2023 5 24 21 59 42.640 45.980717 -129.998381 1.667 -1.38 314400147
2023 5 24 22 0 15.000 45.979207 -129.998267 1.233 -1.63 314400148
2023 5 24 22 42 37.840 45.980969 -129.998584 1.813 -0.45 314400152
2023 5 24 22 42 51.240 45.980587 -129.998071 1.702 -0.95 314400153
2023 5 24 22 43 56.200 45.980558 -129.998429 1.699 -1.24 314400154
2023 5 24 22 44 50.300 45.979399 -129.998608 1.287 -1.21 314400156
2023 5 24 22 51 38.320 45.978756 -129.998258 1.381 -1.21 314400160
2023 5 24 22 57 50.600 45.979488 -129.998275 1.277 -1.42 314400162
2023 5 24 23 9 11.320 45.978495 -129.998389 1.091 -1.64 314400165
2023 5 24 23 10 12.160 45.977897 -129.998462 1.277 -1.21 314400166
2023 5 24 23 10 34.720 45.976420 -129.998551 0.921 -1.29 314400167
2023 5 24 23 11 40.520 45.978271 -129.998307 1.103 -0.97 314400168
2023 5 24 23 13 10.040 45.978337 -129.997811 0.988 -1.16 314400170
2023 5 24 23 22 22.840 45.978011 -129.998478 1.101 -1.28 314400172
2023 5 24 23 23 13.600 45.978853 -129.998324 1.278 -1.49 314400173
2023 5 25 0 10 35.840 45.978239 -129.998031 1.071 -1.45 314500002
2023 5 25 0 13 10.760 45.980501 -129.999382 1.984 -1.57 314500003
2023 5 25 1 56 53.230 45.935392 -130.019368 1.226 -1.59 314500012
2023 5 25 2 19 30.630 45.993331 -130.009652 2.282 -1.61 314500014
2023 5 25 6 11 8.780 46.000151 -130.028068 1.458 -1.41 314500114
2023 5 25 6 37 14.380 45.938765 -130.024601 0.868 -1.75 314500120
2023 5 25 6 53 35.170 45.980579 -129.999601 1.715 -1.48 314500126
2023 5 25 7 51 20.560 45.939343 -130.019181 1.185 -1.28 314500139
2023 5 25 9 38 41.650 45.995081 -130.026497 0.671 -1.12 314500182
2023 5 25 10 31 45.060 45.974813 -129.996362 1.574 -1.03 314500205
2023 5 25 11 57 1.490 45.940914 -130.018783 1.283 -1.54 314500254
2023 5 25 14 29 25.850 45.926469 -130.016984 1.436 -1.99 314500293
2023 5 25 14 29 32.840 45.934945 -130.017619 1.377 -1.86 314500294
2023 5 25 14 32 20.370 45.937374 -130.018766 1.327 -1.90 314500295
2023 5 25 20 28 32.820 45.939616 -130.019995 1.291 -0.38 314500296
2023 5 25 23 37 41.320 45.934688 -130.018652 1.418 -1.41 314500299
2023 5 26 7 20 41.450 45.932650 -130.015348 1.112 -1.49 314600020
2023 5 26 8 44 54.240 45.936784 -130.018888 1.368 -0.88 314600027
2023 5 26 9 51 38.320 45.948930 -129.986800 1.666 -1.85 314600040
2023 5 26 9 52 11.290 45.948018 -129.986133 1.575 -1.61 314600041
2023 5 26 9 52 50.410 45.948653 -129.984009 1.605 -1.59 314600042
2023 5 26 9 52 59.760 45.947363 -129.985474 1.608 -1.98 314600043
2023 5 26 9 53 2.310 45.948022 -129.985994 1.679 -1.60 314600044
2023 5 26 13 15 54.410 45.958846 -130.049723 0.041 -1.45 314600066
2023 5 26 17 19 34.720 45.936739 -130.019165 1.186 -1.07 314600070
2023 5 26 17 34 47.200 45.940999 -130.015983 0.878 -1.64 314600072
2023 5 26 19 40 47.460 45.883948 -130.010107 0.024 -1.04 314600084
2023 5 26 20 6 1.680 45.966744 -129.993994 1.559 -1.64 314600114
2023 5 26 20 43 3.940 45.938379 -130.018294 1.150 -1.85 314600129
2023 5 26 21 53 7.280 46.002669 -130.027173 1.620 -1.69 314600134
2023 5 27 0 51 54.040 45.924202 -129.989038 0.895 -2.00 314700001
2023 5 27 1 33 4.990 45.947392 -129.985604 1.857 -1.85 314700005
2023 5 27 1 38 32.880 45.948710 -129.985124 1.704 -2.00 314700007
2023 5 27 5 27 43.120 45.940531 -130.019287 1.485 -0.67 314700013
2023 5 27 5 38 51.100 45.937166 -130.017326 1.077 -1.47 314700014
2023 5 27 6 43 8.040 45.966724 -129.995443 1.110 -1.74 314700021
2023 5 27 7 14 52.750 45.936910 -130.018896 1.331 -1.06 314700023
2023 5 27 10 41 37.420 45.939665 -130.018905 1.144 -0.23 314700030
2023 5 27 11 47 45.570 45.989351 -130.025944 1.245 -2.00 314700038
2023 5 27 11 57 9.530 45.978080 -129.997371 1.227 -1.41 314700039
2023 5 27 13 46 36.790 45.941235 -130.019385 1.254 -1.51 314700044
2023 5 27 14 2 16.350 45.915328 -129.981665 0.864 -1.71 314700045
2023 5 27 16 59 3.740 45.940918 -130.016878 0.734 -1.23 314700052
2023 5 27 17 13 58.100 45.965588 -129.990283 2.458 -2.00 314700055
2023 5 27 18 20 9.920 45.962610 -129.989250 1.770 -1.72 314700059
2023 5 27 19 45 13.960 45.938184 -130.004818 0.038 -1.52 314700061
2023 5 27 19 45 39.160 45.921216 -129.986003 2.002 -2.00 314700062
2023 5 27 19 48 45.700 45.956677 -130.030916 2.264 -1.94 314700063
2023 5 27 19 49 29.520 45.955762 -130.032064 2.037 -1.43 314700066
2023 5 27 19 49 33.280 45.989591 -130.022835 0.099 -1.30 314700067
2023 5 27 19 49 45.520 45.956527 -130.032690 2.377 -2.00 314700068
2023 5 27 19 50 7.240 45.956303 -130.031665 1.594 -1.97 314700069
2023 5 27 19 51 5.360 45.955379 -130.032804 2.248 -1.68 314700070
2023 5 27 19 51 14.400 45.960954 -130.032406 0.320 -2.00 314700071
2023 5 27 20 53 43.940 45.938977 -130.019710 1.216 -1.42 314700074
2023 5 27 21 15 20.480 45.937553 -130.019312 1.195 -1.35 314700075
2023 5 27 21 22 49.520 45.937569 -130.019629 1.153 -1.88 314700077
2023 5 27 21 26 33.460 45.924174 -129.992106 0.804 -2.00 314700078
2023 5 27 21 49 48.000 45.936426 -130.019808 1.148 -2.00 314700079
2023 5 27 22 13 9.680 45.922974 -129.993197 1.099 -2.00 314700080
2023 5 27 22 14 42.840 45.921838 -129.991113 1.347 -2.00 314700081
2023 5 28 0 10 53.530 45.937809 -130.019661 1.149 -2.00 314800000
2023 5 28 0 51 50.000 45.924459 -129.980575 1.199 -2.00 314800001
2023 5 28 3 27 39.450 45.937793 -130.019303 1.337 -1.70 314800004
2023 5 28 6 14 58.330 45.920064 -129.986833 1.258 -1.34 314800007
2023 5 28 6 15 1.400 45.920015 -129.988037 0.932 -1.72 314800008
2023 5 28 6 19 18.750 45.920500 -129.987842 1.100 -1.88 314800010
2023 5 28 6 34 21.960 45.920479 -129.988835 0.937 -1.12 314800011
2023 5 28 6 38 25.050 45.920487 -129.987996 1.189 -1.20 314800012
2023 5 28 7 0 43.430 45.936906 -130.018009 1.054 -2.00 314800016
2023 5 28 7 29 9.730 45.948763 -129.989941 1.705 -1.39 314800017
2023 5 28 8 49 7.590 45.962683 -129.993612 1.746 -1.95 314800018
2023 5 28 9 29 34.690 45.936780 -130.019450 1.168 -1.31 314800019
2023 5 28 11 2 45.200 45.953133 -130.025415 1.372 -1.67 314800022
2023 5 28 13 29 50.290 45.975574 -129.995264 1.435 -1.47 314800027
2023 5 28 15 22 55.730 45.936108 -130.019181 1.183 -1.20 314800033
2023 5 28 15 26 20.980 45.936690 -130.019531 1.154 -1.86 314800034
2023 5 28 19 19 53.520 45.935730 -130.017944 1.367 -2.00 314800041
2023 5 28 19 35 26.640 45.937960 -130.019661 1.171 -1.64 314800043
2023 5 28 20 27 26.560 45.942452 -130.019352 1.425 -1.01 314800050
2023 5 28 21 2 0.080 45.969076 -129.996753 1.586 -1.83 314800052
2023 5 28 21 14 37.620 45.969088 -129.996362 1.562 -1.69 314800053
2023 5 28 22 17 23.920 45.976461 -129.995532 1.804 -1.71 314800057
2023 5 28 23 45 53.160 45.974105 -129.995947 1.394 -1.93 314800059
2023 5 29 2 44 14.120 45.927327 -129.980119 1.177 -1.97 314900002
2023 5 29 4 1 0.550 45.935291 -130.018579 1.289 -1.62 314900004
2023 5 29 12 31 42.210 45.939832 -130.017912 0.824 -1.15 314900005
2023 5 29 12 52 31.610 46.004317 -130.025724 1.607 -1.34 314900006
2023 5 29 15 8 12.100 45.922339 -129.986995 0.998 -2.00 314900017
2023 5 29 15 26 53.180 45.922925 -129.987231 0.900 -1.70 314900018
2023 5 29 15 38 17.240 45.938932 -130.027905 1.445 -1.53 314900020
2023 5 29 17 29 3.740 45.936772 -130.019824 1.280 -2.00 314900021
2023 5 29 18 7 56.200 45.966374 -129.995557 1.100 -1.50 314900022
2023 5 29 19 23 35.700 45.925728 -129.985685 1.111 -1.62 314900024
2023 5 29 19 25 43.660 45.924638 -129.985246 1.030 -2.00 314900026
2023 5 29 19 26 17.040 45.925675 -129.984473 1.257 -1.24 314900027
2023 5 29 19 27 19.600 45.925326 -129.980322 1.260 -2.00 314900028
2023 5 29 21 41 8.100 45.934932 -130.018636 1.345 -1.98 314900032
2023 5 29 21 44 39.400 45.906576 -129.979150 1.896 -1.76 314900033
2023 5 29 22 43 8.760 46.003695 -130.029647 1.574 -1.29 314900036
2023 5 29 22 50 3.920 46.003870 -130.029712 1.628 -0.94 314900038
2023 5 30 0 34 28.350 46.006230 -130.029663 1.599 -1.62 315000000
2023 5 30 2 13 6.510 45.996468 -130.027922 1.268 -1.07 315000003
2023 5 30 3 30 22.540 45.922856 -129.985286 1.377 -1.84 315000006
2023 5 30 7 48 43.250 45.941443 -130.018742 1.006 -1.30 315000020
2023 5 30 8 1 35.100 45.924984 -129.991081 0.923 -1.87 315000021
2023 5 30 9 35 11.720 45.923136 -129.998926 0.463 -1.54 315000022
2023 5 30 10 8 22.720 45.924776 -129.990747 0.889 -1.83 315000023
2023 5 30 10 35 46.790 45.965959 -129.995768 1.655 -0.85 315000025
2023 5 30 12 21 8.610 45.980306 -129.997331 0.866 -2.00 315000032
2023 5 30 12 43 17.790 45.922331 -129.982642 1.319 -1.80 315000034
2023 5 30 13 33 7.840 45.926973 -129.977954 1.703 -1.33 315000037
2023 5 30 15 17 21.890 46.001729 -130.030770 1.086 -0.89 315000038
2023 5 30 23 50 53.960 45.936951 -130.019930 1.274 -1.40 315000043
2023 5 31 4 10 33.460 45.936857 -130.017643 1.125 -2.00 315100004
2023 5 31 4 35 49.370 46.002010 -130.034717 0.552 -1.16 315100005
2023 5 31 9 57 8.750 45.936112 -129.975741 1.444 -1.54 315100011
2023 5 31 10 43 8.770 45.937292 -130.020052 1.161 -1.71 315100012
2023 5 31 11 55 34.590 45.941158 -130.026725 1.350 -1.36 315100013
2023 5 31 14 52 21.600 45.912297 -129.984318 2.687 -1.64 315100017
2023 5 31 15 23 47.870 45.961906 -129.991895 1.852 -1.22 315100020
2023 5 31 17 18 2.580 45.936979 -130.018522 1.281 -1.42 315100023
2023 5 31 18 49 51.840 45.925867 -129.977311 1.357 -1.53 315100028
2023 5 31 19 27 46.220 45.924805 -129.978231 1.110 -1.78 315100030
2023 5 31 19 37 35.140 45.922575 -129.985856 0.968 -2.00 315100031
2023 5 31 19 37 41.960 45.921460 -129.985083 1.114 -1.98 315100032
2023 5 31 20 49 2.000 45.982772 -129.999137 1.930 -1.59 315100036
2023 5 31 20 50 8.480 45.982707 -129.998706 1.959 -1.17 315100038
2023 5 31 21 40 32.480 45.920390 -129.989950 1.252 -1.89 315100041
2023 6 1 0 9 28.390 45.936910 -130.019743 1.243 -1.88 315200000
2023 6 1 1 43 33.810 46.003365 -130.023462 1.505 -1.25 315200005
2023 6 1 1 45 49.050 46.004114 -130.026034 1.729 -0.93 315200007
2023 6 1 8 18 4.730 45.937028 -130.020207 1.315 -1.73 315200015
2023 6 1 9 12 53.710 45.925574 -129.988794 1.110 -1.81 315200016
2023 6 1 10 16 1.360 45.937911 -129.983179 1.390 -2.00 315200018
2023 6 1 11 26 11.160 45.922441 -129.995223 0.928 -2.00 315200019
2023 6 1 11 36 46.620 45.926912 -129.988509 1.273 -0.69 315200022
2023 6 1 11 42 25.950 46.000667 -130.020003 2.507 -1.82 315200024
2023 6 1 11 42 57.460 45.929797 -129.994849 0.419 -1.88 315200026
2023 6 1 11 52 4.180 45.926668 -129.988102 0.950 -1.99 315200028
2023 6 1 11 52 24.130 45.957947 -129.988810 1.826 -1.51 315200029
2023 6 1 12 13 51.740 45.945154 -130.012760 3.194 -1.76 315200031
2023 6 1 12 14 31.160 45.905339 -130.016634 0.435 -1.61 315200032
2023 6 1 12 22 5.110 45.923592 -129.989811 1.235 -2.00 315200033
2023 6 1 12 36 34.690 45.929814 -130.007373 1.422 -1.54 315200036
2023 6 1 12 38 35.200 45.929374 -130.007178 1.269 -1.71 315200037
2023 6 1 12 40 32.440 45.999849 -130.018628 2.124 -1.74 315200038
2023 6 1 12 53 12.920 45.923962 -130.000854 0.856 -1.76 315200043
2023 6 1 13 20 13.290 46.002922 -130.028988 2.191 -1.36 315200046
2023 6 1 14 14 30.570 45.936768 -130.018302 1.352 -1.60 315200059
2023 6 1 14 16 40.470 45.955343 -129.986523 1.507 -1.77 315200060
2023 6 1 14 24 37.100 45.954431 -129.986670 1.965 -1.64 315200064
2023 6 1 14 25 43.160 45.954069 -129.987264 1.874 -1.62 315200065
2023 6 1 14 32 0.800 45.953809 -129.987052 2.002 -1.32 315200066
2023 6 1 15 20 9.720 45.922225 -129.984473 1.018 -1.59 315200073
2023 6 1 16 0 48.740 45.966972 -129.994076 1.761 -1.78 315200077
2023 6 1 17 8 45.600 46.024935 -130.035905 1.574 -1.20 315200079
2023 6 1 19 1 14.680 46.001998 -130.013826 0.815 -1.81 315200088
2023 6 1 22 32 13.320 45.967232 -129.995972 1.581 -1.20 315200090
2023 6 1 23 48 53.880 45.971273 -130.049731 0.678 -1.40 315200091
2023 6 2 11 54 25.560 45.950187 -130.009847 0.419 -1.57 315300021
2023 6 2 12 31 14.870 45.926815 -129.985693 1.321 -1.97 315300029
2023 6 2 12 40 19.160 45.982808 -129.999414 1.884 -1.57 315300031
2023 6 2 12 45 57.970 45.941056 -130.019124 1.459 -1.63 315300033
2023 6 2 12 49 46.230 45.951229 -130.023893 1.866 -1.57 315300034
2023 6 2 12 49 51.230 45.951644 -130.023324 1.483 -1.77 315300035
2023 6 2 13 2 7.240 46.007157 -130.025415 2.198 -1.88 315300038
2023 6 2 13 9 30.900 45.984367 -129.999064 2.058 -1.79 315300041
2023 6 2 13 10 17.180 45.985901 -129.998926 2.425 -1.57 315300042
2023 6 2 13 16 20.410 45.983626 -129.999495 1.584 -1.21 315300044
2023 6 2 13 17 42.220 45.977413 -129.989657 1.017 -1.49 315300046
2023 6 2 13 21 58.140 45.939750 -130.020304 1.368 -1.44 315300048
2023 6 2 13 22 53.000 45.984957 -129.998364 1.575 -2.00 315300051
2023 6 2 13 23 1.230 45.941264 -130.018831 1.608 -1.90 315300052
2023 6 2 13 23 45.390 45.981734 -129.992277 2.314 -1.47 315300053
2023 6 2 13 25 4.050 45.985246 -129.998454 1.791 -1.47 315300056
2023 6 2 13 25 20.860 45.983818 -129.997884 1.965 -1.92 315300057
2023 6 2 13 25 41.680 45.935758 -130.018392 1.268 -2.00 315300058
2023 6 2 13 29 10.520 45.934912 -130.020687 1.276 -1.86 315300061
2023 6 2 13 30 27.130 45.983545 -129.997974 1.781 -1.48 315300062
2023 6 2 13 32 25.400 45.984908 -130.000830 2.448 -1.97 315300064
2023 6 2 13 34 1.330 45.930876 -130.025887 1.879 -1.56 315300065
2023 6 2 13 37 38.090 45.981726 -129.998950 1.442 -1.16 315300068
2023 6 2 13 38 22.940 45.957642 -129.985840 1.876 -1.35 315300069
2023 6 2 13 41 49.990 45.949508 -130.022396 1.269 -1.69 315300071
2023 6 2 13 46 19.040 45.921533 -129.987606 1.111 -1.53 315300073
2023 6 2 13 49 39.570 45.989669 -130.015967 2.019 -1.44 315300074
2023 6 2 13 55 14.430 45.982853 -129.998771 1.610 -1.42 315300076
2023 6 2 13 58 11.570 45.984090 -129.998600 2.291 -1.32 315300077
2023 6 2 14 0 6.790 45.941748 -130.028467 2.663 -1.42 315300079
2023 6 2 14 3 8.500 45.955489 -129.985360 1.305 -1.80 315300084
2023 6 2 14 6 18.810 45.954000 -129.986393 1.839 -1.71 315300089
2023 6 2 14 8 54.050 45.949190 -130.024438 1.290 -1.60 315300090
2023 6 2 14 15 7.670 45.960950 -129.974650 1.848 -2.00 315300094
2023 6 2 14 17 54.010 45.942151 -129.979102 1.502 -1.79 315300095
2023 6 2 14 31 18.250 45.983610 -130.000041 1.768 -1.91 315300098
2023 6 2 14 32 11.490 45.928097 -129.999764 1.188 -2.00 315300099
2023 6 2 14 37 3.300 45.978365 -129.997192 1.547 -1.74 315300101
2023 6 2 14 39 36.190 45.984033 -129.999544 1.943 -1.65 315300102
2023 6 2 14 45 51.450 45.954708 -129.985710 1.745 -1.70 315300104
2023 6 2 14 46 9.540 45.984139 -129.998983 2.103 -1.97 315300105
2023 6 2 14 56 35.810 45.981246 -129.999463 1.325 -1.57 315300107
2023 6 2 15 8 24.660 45.983972 -129.999333 1.919 -1.70 315300109
2023 6 2 15 13 20.530 45.985490 -129.999919 2.236 -1.32 315300111
2023 6 2 15 13 57.490 45.984591 -129.999788 2.089 -1.65 315300112
2023 6 2 15 20 13.910 45.939099 -129.987638 1.226 -1.94 315300113
2023 6 2 15 20 18.650 45.938529 -129.986686 1.399 -1.91 315300114
2023 6 2 15 20 25.130 45.937695 -129.986792 1.361 -1.91 315300115
2023 6 2 15 25 59.720 45.938643 -129.988208 1.291 -1.59 315300117
2023 6 2 15 26 20.490 45.926017 -129.990560 3.342 -1.54 315300118
2023 6 2 15 27 8.440 45.938021 -129.987996 1.360 -1.53 315300119
2023 6 2 15 28 11.820 45.938961 -129.987467 1.180 -1.70 315300120
2023 6 2 15 33 46.780 45.983870 -129.999463 1.735 -1.77 315300122
2023 6 2 15 35 59.690 45.922001 -129.982796 1.962 -1.57 315300123
2023 6 2 15 38 35.000 45.923214 -129.973454 1.401 -2.00 315300126
2023 6 2 15 44 17.500 45.983175 -129.998910 1.836 -1.54 315300127
2023 6 2 15 49 7.680 45.932104 -129.984115 1.313 -1.11 315300129
2023 6 2 16 13 32.370 45.939498 -129.988428 1.218 -1.62 315300132
2023 6 2 16 34 5.880 45.986633 -130.023364 2.275 -1.19 315300134
2023 6 2 16 44 52.790 45.917358 -129.979443 1.247 -1.93 315300136
2023 6 2 17 3 24.320 45.985535 -130.001636 1.912 -1.67 315300140
2023 6 2 17 11 18.320 45.984355 -129.998690 2.146 -1.31 315300142
2023 6 2 17 20 56.160 45.963269 -129.996257 1.614 -1.47 315300144
2023 6 2 17 22 50.120 45.956934 -129.989299 2.001 -1.47 315300145
2023 6 2 17 25 15.280 45.957092 -129.988908 1.991 -1.63 315300146
2023 6 2 18 21 30.300 45.957288 -129.988273 1.978 -1.48 315300148
2023 6 2 18 31 49.240 45.957137 -129.989242 1.979 -1.48 315300151
2023 6 2 18 40 13.340 45.956820 -129.989217 1.941 -1.18 315300152
2023 6 2 20 10 3.220 45.937118 -130.025081 1.473 -1.26 315300154
2023 6 2 21 26 16.540 45.920988 -129.977327 1.411 -1.40 315300158
2023 6 3 0 9 25.930 45.942989 -130.020687 0.912 -1.83 315400000
2023 6 3 1 30 52.260 45.937716 -130.020817 1.138 -1.89 315400012
2023 6 3 2 11 2.960 45.966520 -129.996037 1.356 -0.94 315400014
2023 6 3 3 47 55.420 45.915800 -129.991227 0.755 -1.77 315400021
2023 6 3 5 5 41.520 45.921452 -129.987166 0.959 -1.53 315400023
2023 6 3 5 5 43.710 45.922225 -129.988501 1.095 -1.47 315400024
2023 6 3 5 6 43.710 45.923242 -129.989722 0.680 -1.54 315400025
2023 6 3 5 6 55.400 45.921448 -129.986637 1.160 -1.97 315400026
2023 6 3 5 8 56.810 45.929447 -129.998055 1.211 -2.00 315400027
2023 6 3 7 33 58.360 45.984094 -129.999243 2.011 -1.14 315400050
2023 6 3 8 17 43.160 45.943188 -130.021110 1.204 -2.00 315400055
2023 6 3 10 32 53.040 45.982458 -129.998022 1.815 -1.78 315400061
2023 6 3 10 33 36.200 45.925122 -129.992188 0.983 -1.90 315400062
2023 6 3 11 21 36.600 45.986039 -129.998486 2.174 -1.27 315400063
2023 6 3 11 23 44.060 45.936877 -130.019295 1.291 -1.22 315400065
2023 6 3 11 46 55.420 45.936776 -130.019767 1.201 -2.00 315400068
2023 6 3 12 53 13.820 45.983333 -129.998983 1.935 -1.76 315400073
2023 6 3 13 12 34.800 45.935413 -129.987907 1.712 -1.73 315400080
2023 6 3 13 53 52.250 45.944727 -129.982853 1.519 -1.91 315400082
2023 6 3 14 12 3.090 46.000651 -130.030037 1.597 -0.79 315400084
2023 6 3 14 18 4.070 45.985453 -129.996965 2.494 -1.41 315400085
2023 6 3 14 18 33.180 45.981160 -129.998437 1.426 -1.73 315400086
2023 6 3 14 18 37.380 45.981449 -129.998364 1.490 -1.46 315400087
2023 6 3 14 19 22.470 45.980119 -129.998413 1.235 -1.02 315400088
2023 6 3 14 22 3.330 45.981612 -129.998047 1.388 -1.34 315400089
2023 6 3 14 25 0.560 45.985002 -129.997217 2.551 -1.88 315400090
2023 6 3 14 31 41.380 45.980912 -129.998226 1.397 -1.70 315400094
2023 6 3 14 47 43.400 45.923543 -129.989640 0.948 -2.00 315400096
2023 6 3 15 13 17.430 45.941964 -130.019425 1.210 -1.81 315400099
2023 6 3 15 33 2.330 45.936426 -130.018978 1.344 -1.43 315400101
2023 6 3 15 40 34.600 45.940088 -130.019328 1.247 -0.90 315400102
2023 6 3 17 37 56.560 45.937610 -130.019206 1.288 -1.65 315400107
2023 6 3 18 26 26.200 45.925838 -129.987126 2.482 -1.58 315400110
2023 6 3 20 24 22.220 46.003133 -130.034481 1.245 -1.33 315400120
2023 6 3 20 49 42.980 45.923214 -129.991431 1.110 -1.48 315400122
2023 6 3 21 52 42.480 45.923857 -129.992074 0.935 -1.04 315400129
2023 6 3 21 53 18.160 45.924182 -129.992521 0.968 -1.03 315400130
2023 6 3 21 55 34.800 45.922709 -129.991146 1.106 -1.01 315400131
2023 6 3 21 56 5.960 45.923104 -129.990828 1.234 -1.88 315400132
2023 6 3 22 6 42.440 45.941976 -130.018050 1.348 -1.81 315400133
2023 6 3 22 11 28.760 45.922957 -129.990715 1.319 -1.49 315400134
2023 6 3 22 12 24.720 45.923169 -129.990479 1.299 -1.68 315400135
2023 6 3 22 12 43.360 45.924068 -129.992611 0.937 -0.38 315400136
2023 6 3 22 13 1.940 45.912939 -129.982349 2.021 -1.62 315400137
2023 6 3 22 13 47.060 45.924711 -129.992489 0.913 -2.00 315400139
2023 6 3 22 15 26.040 45.922571 -129.990511 1.136 -1.50 315400141
2023 6 3 22 17 0.600 45.922921 -129.991740 1.002 -1.48 315400143
2023 6 3 22 17 10.300 45.924308 -129.991642 1.032 -2.00 315400144
2023 6 3 22 17 30.020 45.923393 -129.990015 1.721 -1.91 315400145
2023 6 3 22 18 56.200 45.923311 -129.990519 1.225 -1.82 315400146
2023 6 3 22 19 0.120 45.929049 -129.992969 3.440 -2.00 315400147
2023 6 3 22 24 51.120 45.923417 -129.991455 1.234 -1.00 315400148
2023 6 3 22 25 35.480 45.918534 -129.984888 2.207 -1.57 315400149
2023 6 3 23 35 47.480 45.998466 -130.026025 1.318 -0.61 315400155
2023 6 4 0 4 28.470 46.003601 -130.027848 1.414 -0.54 315500000
2023 6 4 0 5 2.510 46.004215 -130.029134 1.622 -1.47 315500003
2023 6 4 2 55 50.220 45.920841 -129.972656 1.292 -1.56 315500010
2023 6 4 3 9 19.170 45.940084 -130.020394 1.262 -1.48 315500011
2023 6 4 3 49 17.920 45.940849 -130.018913 1.379 -0.74 315500015
2023 6 4 4 35 4.020 46.002246 -130.033358 2.245 -1.60 315500021
2023 6 4 4 35 9.750 46.004097 -130.030208 1.110 -1.21 315500022
2023 6 4 4 35 47.410 46.002930 -130.028695 1.724 -1.31 315500024
2023 6 4 4 36 53.880 45.936344 -130.019092 1.373 -1.15 315500025
2023 6 4 4 46 5.160 45.968123 -129.996118 1.275 -1.34 315500028
2023 6 4 5 36 38.420 46.004268 -130.031226 1.677 -1.71 315500032
2023 6 4 7 35 9.110 46.001786 -130.028304 1.615 -1.31 315500046
2023 6 4 13 23 5.060 45.955806 -129.986743 2.071 -1.65 315500072
2023 6 4 13 32 4.800 46.012708 -130.037215 1.549 -1.09 315500073
2023 6 4 13 45 18.600 46.004838 -130.026571 1.566 -0.93 315500076
2023 6 4 13 50 37.680 45.996025 -130.025228 1.454 -1.94 315500083
2023 6 4 13 52 38.210 46.004582 -130.024170 1.313 -1.77 315500085
2023 6 4 14 5 4.330 46.000423 -130.019076 1.442 -0.61 315500086
2023 6 4 14 16 42.490 46.001921 -130.028353 1.621 -1.32 315500088
2023 6 4 14 31 25.540 45.926213 -129.975651 1.481 -1.48 315500090
2023 6 4 14 42 8.700 45.955334 -130.011174 0.738 -1.19 315500092
2023 6 4 14 44 25.460 45.942822 -129.980868 1.592 -1.21 315500093
2023 6 4 15 8 11.850 45.921419 -129.986174 1.174 -1.68 315500095
2023 6 4 15 11 40.360 45.911271 -129.988127 0.757 -1.63 315500096
2023 6 4 15 14 14.860 45.913277 -129.938664 2.117 -1.00 315500099
2023 6 4 15 16 9.960 45.948865 -129.985514 1.784 -1.51 315500100
2023 6 4 15 40 23.820 45.931112 -130.007251 3.071 -1.36 315500105
2023 6 4 16 28 44.980 45.946220 -129.993384 2.534 -1.46 315500110
2023 6 4 16 37 33.960 45.961487 -129.991781 1.542 -1.96 315500111
2023 6 4 17 14 26.920 45.916341 -129.986882 0.926 -1.60 315500115
2023 6 4 18 49 2.320 45.941467 -130.019198 1.043 -1.86 315500123
2023 6 4 22 1 50.060 45.945658 -130.039168 1.705 -1.32 315500134
2023 6 4 22 21 31.960 45.945247 -130.039062 2.090 -1.24 315500135
2023 6 4 22 39 51.280 45.924386 -129.983919 3.112 -1.40 315500139
2023 6 4 23 1 30.760 45.999605 -130.027946 1.565 -1.27 315500140
2023 6 4 23 16 40.100 45.940674 -130.014258 0.703 -1.24 315500143
2023 6 5 0 26 38.480 45.946126 -129.990438 1.344 -1.95 315600003
2023 6 5 0 36 27.000 45.994291 -130.009489 1.328 -1.20 315600005
2023 6 5 1 59 9.220 45.923523 -129.984684 1.024 -1.20 315600009
2023 6 5 2 25 56.970 45.956018 -129.988696 1.896 -1.68 315600012
2023 6 5 2 30 2.280 45.983993 -129.966341 3.188 -1.66 315600013
2023 6 5 2 47 9.700 45.957206 -129.988070 1.568 -1.36 315600014
2023 6 5 2 56 0.460 45.937944 -129.984204 1.679 -1.62 315600015
2023 6 5 3 4 38.920 45.956462 -129.988053 1.932 -1.38 315600016
2023 6 5 3 5 26.460 45.957255 -129.987866 1.707 -1.53 315600017
2023 6 5 3 21 2.760 45.956262 -129.987817 2.014 -1.58 315600019
2023 6 5 4 24 3.670 45.956881 -129.987907 1.809 -1.54 315600021
2023 6 5 5 2 55.670 45.956763 -129.987891 1.897 -1.75 315600024
2023 6 5 5 10 54.300 45.955444 -129.989209 1.605 -1.92 315600026
2023 6 5 5 28 52.440 46.001636 -130.027368 1.299 -1.32 315600029
2023 6 5 6 46 28.700 45.916064 -129.990470 0.899 -1.21 315600030
2023 6 5 7 6 44.260 45.916378 -129.990397 0.933 -1.49 315600032
2023 6 5 10 13 27.770 45.924646 -129.991447 1.037 -0.35 315600036
2023 6 5 11 35 34.640 45.954895 -129.988127 1.761 -1.84 315600038
2023 6 5 12 16 3.520 45.912545 -129.986198 2.735 -1.82 315600044
2023 6 5 14 13 19.860 45.920626 -129.985693 1.241 -2.00 315600053
2023 6 5 14 15 39.330 45.937577 -130.006307 2.041 -1.11 315600054
2023 6 5 14 17 11.520 45.910718 -129.990470 0.961 -1.48 315600055
2023 6 5 14 18 15.700 45.888521 -130.003060 0.227 -1.21 315600056
2023 6 5 14 50 28.930 45.895178 -129.973950 1.127 -1.58 315600060
2023 6 5 16 0 46.980 45.925566 -129.973014 3.007 -1.55 315600066
2023 6 5 16 7 20.120 45.918917 -129.986971 1.071 -1.46 315600068
2023 6 5 16 15 55.650 45.994759 -130.018506 2.476 -0.69 315600069
2023 6 5 16 19 54.130 45.921277 -129.986149 1.484 -1.28 315600070
2023 6 5 17 19 36.200 45.936788 -129.983781 1.297 -1.73 315600081
2023 6 5 17 21 27.220 45.935978 -129.982576 1.397 -1.25 315600082
2023 6 5 18 43 54.040 45.960140 -130.043774 2.236 -1.61 315600091
2023 6 5 21 5 54.440 45.936251 -130.019678 1.177 -1.87 315600106
2023 6 5 21 24 31.260 45.935779 -130.019751 1.130 -1.88 315600110
2023 6 5 22 0 23.320 45.952368 -129.982178 2.111 -1.65 315600116
2023 6 5 22 39 3.080 45.936727 -130.019938 1.323 -1.65 315600119
2023 6 5 23 52 56.000 45.993925 -130.034318 0.537 -1.19 315600128
2023 6 6 1 47 22.460 45.921899 -129.995190 0.813 -1.32 315700010
2023 6 6 2 4 9.390 45.977332 -130.025903 0.828 -1.43 315700011
2023 6 6 6 14 36.180 45.942598 -130.028434 0.915 -1.70 315700050
2023 6 6 11 42 13.490 45.941361 -130.017383 0.921 -1.75 315700124
2023 6 6 11 45 1.410 45.994519 -130.030054 1.262 -1.20 315700125
2023 6 6 13 30 46.550 45.966349 -129.993433 1.634 -1.61 315700151
2023 6 6 13 33 59.730 45.919434 -129.990104 0.928 -1.36 315700152
2023 6 6 14 26 42.540 46.002669 -130.029183 1.540 -1.10 315700154
2023 6 6 14 38 5.090 45.937109 -130.019450 1.182 -0.97 315700158
2023 6 6 14 40 30.060 45.937679 -130.019507 1.130 -1.53 315700160
2023 6 6 16 7 39.390 45.977246 -130.001701 4.555 -0.74 315700181
2023 6 6 16 9 1.720 45.956828 -129.989209 2.057 -0.63 315700182
2023 6 6 16 41 10.310 45.923792 -129.987166 1.267 -1.98 315700190
2023 6 6 18 10 5.980 45.921086 -129.987028 1.318 -1.20 315700211
2023 6 6 18 14 58.660 45.936670 -130.018693 1.081 -1.49 315700212
2023 6 6 18 56 0.100 45.957556 -129.988696 1.385 -1.77 315700217
2023 6 6 19 13 29.240 45.970980 -129.994295 0.519 -1.51 315700226
2023 6 6 19 17 33.720 45.971228 -130.004622 0.588 -1.25 315700236
2023 6 6 19 19 20.760 45.970227 -129.993896 0.676 -1.64 315700240
2023 6 6 20 4 34.600 45.933333 -129.982235 0.922 -1.86 315700251
2023 6 6 21 2 59.560 45.974919 -130.033415 0.833 -1.28 315700259
2023 6 6 21 31 27.000 45.994401 -130.018449 0.059 -1.22 315700268
2023 6 6 21 32 5.960 45.988013 -130.003947 0.262 -1.99 315700270
2023 6 6 22 37 52.100 45.925232 -129.990552 0.849 -1.54 315700281
2023 6 6 23 49 5.480 45.921069 -129.985718 1.318 -1.92 315700289
2023 6 6 23 49 14.100 46.004045 -130.028833 1.497 -1.39 315700290
2023 6 6 23 53 8.920 45.922371 -129.987931 0.818 -1.50 315700291
2023 6 7 1 57 35.380 45.910331 -130.021029 0.500 -1.39 315800016
2023 6 7 2 35 14.380 45.907597 -130.041463 0.357 -1.33 315800025
2023 6 7 2 49 7.450 45.992269 -129.976034 0.629 -1.15 315800030
2023 6 7 3 10 17.330 45.924235 -129.991536 0.927 -1.82 315800039
2023 6 7 3 11 25.730 45.924422 -129.991553 0.998 -1.98 315800040
2023 6 7 3 11 29.300 45.915902 -129.980542 1.231 -1.93 315800041
2023 6 7 3 15 17.000 45.893343 -130.006608 0.132 -1.93 315800044
2023 6 7 3 15 27.720 45.924076 -129.992057 0.915 -1.59 315800045
2023 6 7 3 16 2.340 45.924540 -129.991219 0.967 -1.16 315800046
2023 6 7 3 16 40.660 45.924166 -129.992578 0.927 -1.59 315800047
2023 6 7 3 34 42.110 45.969967 -129.990796 1.631 -1.03 315800050
2023 6 7 4 33 25.350 45.923218 -129.988021 1.131 -1.27 315800071
2023 6 7 4 42 29.350 45.958398 -129.989388 2.550 -2.00 315800076
2023 6 7 4 43 42.280 45.923254 -129.990218 0.973 -1.79 315800077
2023 6 7 4 58 17.520 45.959656 -130.045288 2.597 -0.71 315800084
2023 6 7 5 5 20.950 45.923759 -129.983993 1.105 -1.81 315800091
2023 6 7 5 5 30.990 45.924805 -129.974471 2.829 -2.00 315800092
2023 6 7 5 53 21.310 45.977380 -130.014893 0.345 -1.70 315800143
2023 6 7 7 47 24.850 46.003109 -130.027669 1.386 -1.76 315800168
2023 6 7 8 10 49.050 45.935197 -130.019149 1.321 -1.61 315800172
2023 6 7 9 16 12.170 45.922811 -129.990405 0.709 -2.00 315800180
2023 6 7 9 30 30.920 46.003658 -130.032642 1.079 -1.88 315800184
2023 6 7 9 51 37.890 45.954272 -130.037728 0.281 -1.81 315800194
2023 6 7 12 15 11.930 46.002319 -130.030225 1.549 -1.41 315800208
2023 6 7 16 6 34.010 45.925277 -129.984326 0.862 -2.00 315800262
2023 6 7 16 44 45.020 45.922522 -129.980981 1.283 -1.56 315800274
2023 6 7 16 45 5.920 45.924146 -129.982869 0.988 -1.52 315800275
2023 6 7 16 45 20.230 45.909029 -129.963387 0.511 -1.24 315800276
2023 6 7 16 45 30.830 45.909159 -129.959253 0.874 -1.26 315800277
2023 6 7 16 46 50.880 45.924581 -129.982910 1.048 -1.46 315800278
2023 6 7 17 11 19.760 45.924072 -129.983057 1.257 -1.04 315800290
2023 6 7 19 23 52.440 45.978971 -129.997583 1.399 -1.58 315800318
2023 6 7 19 24 1.280 45.979407 -129.997843 1.455 -1.55 315800319
2023 6 7 19 24 11.440 46.002466 -130.027995 1.385 -1.19 315800320
2023 6 7 20 3 27.200 45.937976 -130.018815 1.146 -1.45 315800329
2023 6 7 20 21 59.100 45.924764 -129.985921 1.194 -1.78 315800330
2023 6 8 0 24 58.420 45.963985 -129.993506 1.586 -1.35 315900000
2023 6 8 0 25 21.270 45.963806 -129.993612 1.731 -1.47 315900001
2023 6 8 1 28 49.010 45.942403 -130.017912 1.044 -1.54 315900005
2023 6 8 1 34 52.880 45.923083 -129.991496 0.826 -1.35 315900006
2023 6 8 1 41 56.080 45.922595 -129.991227 1.012 -1.50 315900009
2023 6 8 2 51 14.260 45.922550 -129.990869 1.189 -1.67 315900015
2023 6 8 4 35 37.090 45.952462 -130.044409 3.252 -1.47 315900024
2023 6 8 6 28 32.610 45.922852 -129.992204 0.922 -1.53 315900030
2023 6 8 7 13 10.520 45.922571 -129.991504 1.004 -1.86 315900037
2023 6 8 7 45 41.430 45.922904 -129.991618 0.993 -1.40 315900039
2023 6 8 7 56 12.120 45.926575 -129.986792 1.184 -1.56 315900040
2023 6 8 11 35 36.650 45.905623 -129.999382 0.217 -1.57 315900081
2023 6 8 14 31 51.810 46.001888 -130.021045 1.429 -0.75 315900088
2023 6 8 14 48 43.890 45.921822 -130.004924 1.371 -1.37 315900089
2023 6 8 16 22 25.240 45.950330 -129.961898 0.463 -1.35 315900093
2023 6 8 16 22 59.680 45.945150 -129.959619 1.430 -1.34 315900095
2023 6 8 16 26 7.470 45.958358 -129.967928 1.306 -1.32 315900097
2023 6 8 16 27 10.600 45.951701 -129.966536 0.200 -1.06 315900099
2023 6 8 16 29 19.520 45.949609 -129.962988 1.685 -1.41 315900100
2023 6 8 16 36 59.970 45.952161 -129.941626 0.317 -0.76 315900104
2023 6 8 16 44 20.270 45.967008 -129.936808 1.450 -0.83 315900112
2023 6 8 16 44 38.470 45.962545 -129.954451 1.288 -1.39 315900113
2023 6 8 16 44 58.430 45.961548 -129.958268 0.664 -1.44 315900114
2023 6 8 22 18 39.840 45.927694 -130.012915 1.234 -1.37 315900132
2023 6 8 22 36 53.160 45.981287 -129.999243 1.870 -1.33 315900133
2023 6 8 22 48 14.920 45.983350 -129.998389 2.187 -1.20 315900134
2023 6 8 22 51 42.640 45.979529 -129.999097 1.410 -1.44 315900135
2023 6 8 23 28 15.280 45.979858 -129.999219 1.494 -1.43 315900137
2023 6 8 23 37 27.200 45.977262 -129.998983 0.824 -0.86 315900140
2023 6 8 23 41 50.920 45.922864 -130.030298 1.284 -1.58 315900141
2023 6 8 23 47 32.220 45.980876 -129.999756 1.848 -1.06 315900142
2023 6 8 23 48 51.000 45.980851 -130.000203 2.044 -1.22 315900143
2023 6 8 23 49 5.440 45.980591 -129.998910 1.519 -1.25 315900144
2023 6 9 0 0 18.210 45.967118 -130.014290 5.153 -1.31 316000001
2023 6 9 0 0 29.250 45.982064 -129.999544 2.143 -1.36 316000002
2023 6 9 0 1 32.840 45.929537 -130.010653 1.513 -1.48 316000003
2023 6 9 0 5 0.290 45.984127 -129.998494 2.507 -2.00 316000005
2023 6 9 0 9 37.010 45.979008 -129.998950 1.303 -1.54 316000008
2023 6 9 0 11 3.980 45.977958 -129.998934 1.130 -0.81 316000009
2023 6 9 0 11 49.680 45.980379 -129.999154 1.695 -1.20 316000010
2023 6 9 1 37 24.790 45.935645 -129.995296 0.137 -1.73 316000021
2023 6 9 3 9 0.020 45.981087 -129.999878 2.035 -1.12 316000025
2023 6 9 3 32 4.540 45.979085 -129.998942 1.248 -1.55 316000026
2023 6 9 3 33 1.070 45.981335 -130.000203 2.094 -1.39 316000028
2023 6 9 3 33 45.250 45.984273 -129.994344 2.850 -0.92 316000029
2023 6 9 3 38 15.190 45.996285 -129.999373 3.454 -0.57 316000030
2023 6 9 4 7 25.290 45.980758 -130.000244 2.072 -0.35 316000032
2023 6 9 4 8 46.760 45.978589 -129.998348 1.455 -1.41 316000033
2023 6 9 4 13 7.170 45.980440 -129.999194 2.013 -1.46 316000036
2023 6 9 4 13 45.110 45.982145 -129.999699 2.229 -1.20 316000038
2023 6 9 4 14 0.250 45.981567 -129.998942 2.165 -1.66 316000039
2023 6 9 4 14 11.260 45.979061 -129.999072 1.657 -1.48 316000040
2023 6 9 4 14 17.330 45.979919 -129.998966 2.025 -1.61 316000041
2023 6 9 4 14 23.390 45.978438 -129.999333 1.605 -1.62 316000042
2023 6 9 4 18 58.500 45.982540 -129.998389 2.289 -1.50 316000043
2023 6 9 4 19 24.100 45.981030 -129.999341 1.694 -1.01 316000044
2023 6 9 4 19 50.870 45.926021 -130.003377 0.909 -1.59 316000045
2023 6 9 4 20 2.410 45.978536 -129.998975 1.267 -0.98 316000046
2023 6 9 4 20 16.150 45.980986 -130.000505 2.025 0.10 316000047
2023 6 9 4 20 35.070 45.967668 -130.014819 5.149 -0.96 316000048
2023 6 9 4 20 48.230 45.980843 -129.999276 1.592 -1.22 316000049
2023 6 9 4 20 54.960 45.979480 -129.999121 1.366 -0.90 316000050
2023 6 9 4 21 8.190 45.981466 -129.999951 1.979 -1.37 316000051
2023 6 9 4 21 36.190 45.981124 -129.999227 1.913 -1.78 316000052
2023 6 9 4 22 3.470 45.981384 -129.999072 2.003 -1.67 316000053
2023 6 9 4 22 45.600 45.983822 -129.998193 2.329 -1.42 316000054
2023 6 9 4 27 7.800 45.980908 -129.998299 1.869 -1.30 316000055
2023 6 9 4 28 17.580 45.980570 -130.000098 1.838 -0.33 316000057
2023 6 9 4 28 41.010 45.980607 -130.000618 1.765 -0.61 316000058
2023 6 9 4 29 9.710 45.981323 -129.999691 2.051 -0.98 316000059
2023 6 9 4 29 32.110 45.981291 -130.000773 1.986 -1.46 316000060
2023 6 9 4 30 6.250 45.981803 -129.999072 2.110 -1.62 316000061
2023 6 9 4 30 21.680 45.981498 -129.999854 2.044 -1.42 316000062
2023 6 9 4 30 30.000 45.981787 -129.998584 2.539 -1.56 316000064
2023 6 9 4 31 35.820 45.981559 -130.000757 1.987 -1.28 316000066
2023 6 9 4 33 12.540 45.980265 -129.999471 2.087 -1.54 316000069
2023 6 9 4 34 13.090 45.978361 -129.998665 1.274 -1.86 316000071
2023 6 9 4 34 37.680 45.977938 -129.998763 1.235 -1.62 316000072
2023 6 9 4 39 23.550 45.980811 -129.999219 2.064 -1.76 316000076
2023 6 9 4 39 34.680 45.978756 -129.998942 1.676 -1.74 316000077
2023 6 9 4 41 47.200 45.907699 -129.977840 2.233 -1.90 316000078
2023 6 9 4 45 51.680 45.979985 -129.999186 1.796 -1.67 316000079
2023 6 9 4 53 2.040 45.976270 -129.999430 0.823 -1.59 316000084
2023 6 9 4 54 20.990 45.980387 -129.998470 1.770 -1.69 316000085
2023 6 9 4 55 27.910 45.981091 -129.999398 1.663 -1.68 316000087
2023 6 9 4 58 45.730 45.980615 -129.999097 1.802 -1.93 316000089
2023 6 9 5 17 1.800 45.979041 -129.998462 1.267 -1.47 316000092
2023 6 9 5 30 10.550 45.980200 -129.999666 1.391 -1.50 316000094
2023 6 9 5 30 45.170 45.979590 -129.999593 1.357 -1.29 316000096
2023 6 9 5 31 17.850 45.979968 -129.999333 1.375 -1.47 316000098
2023 6 9 5 31 20.740 45.983028 -129.999691 2.252 -1.47 316000099
2023 6 9 5 31 35.450 45.982239 -129.999813 2.009 -1.49 316000100
2023 6 9 5 32 22.090 45.980363 -129.999512 1.360 -1.52 316000102
2023 6 9 5 34 11.350 45.979618 -129.999845 1.304 -2.00 316000104
2023 6 9 5 34 35.050 45.982043 -130.000081 1.991 -1.21 316000105
2023 6 9 5 53 39.040 45.982288 -130.000033 1.914 -1.12 316000114
2023 6 9 6 37 49.800 45.927641 -130.008309 1.422 -2.00 316000129
2023 6 9 7 7 9.860 45.986434 -129.994718 2.851 -0.80 316000135
2023 6 9 7 30 23.820 45.918697 -129.980729 1.229 -1.93 316000136
2023 6 9 7 35 5.610 45.994116 -130.023210 0.996 -1.63 316000137
2023 6 9 9 21 51.900 45.923653 -129.980794 1.335 -1.82 316000141
2023 6 9 9 36 38.470 45.916012 -129.986711 1.103 -1.66 316000145
2023 6 9 12 52 40.730 45.936715 -130.018840 1.255 -1.71 316000160
2023 6 9 18 33 9.540 45.924369 -130.001929 0.887 -2.00 316000176
2023 6 9 18 56 18.400 46.004415 -130.024186 1.429 -0.62 316000181
2023 6 9 19 25 16.020 46.001929 -130.029907 1.536 -2.00 316000185
2023 6 9 19 58 8.600 45.974910 -130.000391 0.626 -1.41 316000188
2023 6 9 20 30 11.480 45.925313 -129.980933 1.171 -1.75 316000193
2023 6 9 20 34 54.240 45.981445 -129.998372 1.839 -1.48 316000194
2023 6 9 20 35 30.200 45.980986 -129.998535 1.988 -1.72 316000195
2023 6 9 20 36 43.800 45.980514 -129.998779 1.839 -1.04 316000197
2023 6 9 20 37 28.460 45.980949 -129.998714 2.067 -1.66 316000198
2023 6 9 20 38 55.800 45.980477 -129.998942 1.825 -1.38 316000199
2023 6 9 21 35 52.240 45.999345 -130.027091 1.217 -1.65 316000202
2023 6 9 21 41 33.100 45.999276 -130.027091 1.199 -1.48 316000203
2023 6 9 22 20 48.480 45.925399 -130.003451 1.055 -2.00 316000204
2023 6 10 0 6 52.650 45.999837 -130.027759 1.242 -0.88 316100000
2023 6 10 2 31 1.920 45.921590 -129.985075 0.869 -1.98 316100009
2023 6 10 2 42 43.470 45.921114 -129.986230 1.517 -1.43 316100011
2023 6 10 3 18 14.650 45.923873 -129.990259 0.798 -1.46 316100015
2023 6 10 3 18 20.110 45.930050 -129.998519 0.445 -2.00 316100016
2023 6 10 3 18 51.330 45.924508 -129.990503 0.709 -2.00 316100018
2023 6 10 5 56 20.790 45.924447 -129.986735 0.286 -2.00 316100030
2023 6 10 6 30 4.160 46.013477 -130.038241 1.740 -0.93 316100034
2023 6 10 6 30 16.330 46.014181 -130.037988 1.742 -1.19 316100035
2023 6 10 7 3 42.180 45.936210 -130.019092 1.172 -2.00 316100037
2023 6 10 7 9 6.700 45.926628 -129.987817 1.057 -1.56 316100038
2023 6 10 12 7 59.650 46.012809 -130.036491 1.645 -0.98 316100055
2023 6 10 17 53 57.200 46.004163 -130.027645 1.363 -1.34 316100066
2023 6 11 0 17 48.930 45.978910 -129.997770 1.338 -1.96 316200000
2023 6 11 0 18 13.350 45.997949 -129.993807 0.600 -1.26 316200001
2023 6 11 1 16 24.010 45.922123 -129.986149 1.146 -1.80 316200003
2023 6 11 1 59 8.420 45.904073 -129.997176 0.526 -1.82 316200009
2023 6 11 5 44 7.880 45.963631 -129.995093 1.506 -1.24 316200025
2023 6 11 5 44 21.380 45.965637 -129.996566 1.704 -1.56 316200026
2023 6 11 6 50 45.160 45.996908 -130.024707 1.404 -2.00 316200031
2023 6 11 8 19 42.610 45.965759 -129.994450 1.133 -1.51 316200039
2023 6 11 9 39 41.160 45.980343 -130.016829 0.059 -1.41 316200046
2023 6 11 9 46 1.410 45.976184 -129.996224 0.928 -1.52 316200047
2023 6 11 9 49 10.930 45.998962 -130.027271 1.388 -1.80 316200048
2023 6 11 9 49 54.440 45.999251 -130.027238 1.370 -1.64 316200049
2023 6 11 9 52 19.130 45.998287 -130.024854 0.987 -1.48 316200050
2023 6 11 16 17 20.570 45.923674 -130.033366 0.770 -1.45 316200060
2023 6 11 16 23 20.710 45.922302 -129.983952 1.119 -1.86 316200061
2023 6 11 18 32 33.320 45.927161 -129.984847 1.026 -2.00 316200063
2023 6 12 2 31 36.650 46.003788 -130.025146 1.604 -1.60 316300006
2023 6 12 3 20 5.460 45.922770 -129.984595 1.087 -2.00 316300007
2023 6 12 4 41 38.310 45.940828 -130.021444 1.298 -1.21 316300010
2023 6 12 8 10 35.880 45.985661 -130.018880 1.126 -2.00 316300018
2023 6 12 9 32 56.430 45.922921 -129.983691 0.986 -1.64 316300029
2023 6 12 11 38 45.840 45.952104 -129.974984 0.630 -1.56 316300041
2023 6 12 14 40 3.770 45.978324 -129.997306 1.116 -1.14 316300052
2023 6 12 19 40 35.860 45.939579 -129.987988 1.306 -1.77 316300058
2023 6 12 21 32 21.780 45.945947 -129.986873 1.524 -1.54 316300061
2023 6 12 21 34 35.360 45.944747 -129.986230 1.709 -1.80 316300064
2023 6 12 23 6 39.380 45.939441 -129.987313 1.536 -1.48 316300073
2023 6 12 23 7 8.640 45.939445 -129.987467 1.544 -0.73 316300074
2023 6 12 23 7 22.600 45.939067 -129.987012 1.534 -1.19 316300075
2023 6 12 23 13 51.440 45.939205 -129.986898 1.523 -1.29 316300079
2023 6 12 23 17 9.840 45.938977 -129.987134 1.438 -1.83 316300082
2023 6 12 23 18 18.440 45.939360 -129.986857 1.487 -1.43 316300084
2023 6 12 23 18 29.000 45.938806 -129.986930 1.393 -1.54 316300085
2023 6 12 23 18 42.440 45.939124 -129.986987 1.546 -1.50 316300086
2023 6 12 23 22 16.120 45.939583 -129.987598 1.383 -1.97 316300090
2023 6 12 23 24 7.140 45.938684 -129.988289 1.313 -1.97 316300092
2023 6 12 23 25 49.640 45.938192 -129.987248 1.434 -1.86 316300093
2023 6 12 23 34 2.120 45.939620 -129.988013 1.481 -2.00 316300096
2023 6 12 23 43 41.540 45.939014 -129.987215 1.400 -1.68 316300098
2023 6 12 23 43 48.840 45.925366 -129.988005 0.792 -1.60 316300099
2023 6 12 23 52 39.000 45.938151 -129.987036 1.342 -1.41 316300102
2023 6 13 1 36 9.860 46.007751 -130.030306 1.758 -1.56 316400006
2023 6 13 2 19 17.270 45.941435 -130.019499 1.358 -0.97 316400007
2023 6 13 4 54 56.940 45.996627 -130.001872 0.481 -1.68 316400009
2023 6 13 20 38 7.120 46.014075 -130.027889 1.674 -0.12 316400046
2023 6 13 20 38 17.960 46.014750 -130.028402 1.694 -0.46 316400047
2023 6 13 21 33 35.140 46.014917 -130.028052 1.673 -1.16 316400056
2023 6 13 21 33 50.680 46.015198 -130.027490 1.441 -1.19 316400057
2023 6 13 22 19 22.020 45.924687 -129.981519 1.557 -1.71 316400064
2023 6 13 23 47 29.760 45.924699 -129.991040 1.001 -1.36 316400067
2023 6 13 23 48 11.240 45.950688 -130.035897 2.581 -1.28 316400069
2023 6 14 5 10 55.730 45.938595 -129.949430 3.601 -1.34 316500009
2023 6 14 6 30 24.640 45.911633 -129.985563 0.693 -1.49 316500011
2023 6 14 6 51 50.170 45.911300 -129.984969 0.656 -1.15 316500013
2023 6 14 12 13 57.460 45.951298 -130.025578 1.010 -1.59 316500018
2023 6 14 12 21 41.850 45.908573 -129.969564 0.834 -1.20 316500020
2023 6 14 12 22 1.940 45.924927 -129.989526 1.032 -1.32 316500021
2023 6 14 12 26 43.830 46.008215 -130.030933 1.755 -1.10 316500022
2023 6 14 12 27 49.970 46.008732 -130.030900 1.636 -1.14 316500024
2023 6 14 12 30 3.030 46.008655 -130.030990 1.766 -1.35 316500025
2023 6 14 12 30 24.040 45.949882 -129.988314 1.905 -1.53 316500026
2023 6 14 12 31 10.900 46.007361 -130.031047 1.508 -0.96 316500027
2023 6 14 12 32 26.910 46.007890 -130.030461 1.694 -1.16 316500028
2023 6 14 12 32 49.550 46.007926 -130.030835 1.588 -0.90 316500030
2023 6 14 12 33 2.860 46.012703 -130.037435 1.003 -1.03 316500031
2023 6 14 14 14 25.870 45.921025 -129.986027 1.000 -2.00 316500036
2023 6 14 14 58 7.530 45.911275 -129.985116 0.726 -1.43 316500038
2023 6 14 15 38 40.690 45.926261 -129.967863 1.578 -2.00 316500041
2023 6 14 16 6 37.270 45.966573 -129.996297 1.774 -1.55 316500042
2023 6 14 16 18 9.080 45.910144 -129.985018 0.925 -1.86 316500043
2023 6 14 16 45 35.390 45.911540 -129.985140 0.687 -1.37 316500045
2023 6 14 16 45 44.500 45.911112 -129.984676 0.824 -1.43 316500046
2023 6 14 19 7 40.720 45.923657 -129.979492 1.245 -2.00 316500054
2023 6 14 23 7 6.520 45.940462 -129.992480 1.126 -1.80 316500068
2023 6 14 23 7 10.040 45.924561 -129.985482 1.395 -1.53 316500069
2023 6 15 2 40 44.120 45.989343 -130.004224 0.869 -1.23 316600012
2023 6 15 2 49 54.140 46.003601 -130.028947 1.459 -1.30 316600014
2023 6 15 2 57 50.380 46.003101 -130.028621 1.357 -1.81 316600018
2023 6 15 3 36 54.540 45.997990 -130.018229 2.544 -2.00 316600022
2023 6 15 7 12 10.930 45.939347 -129.987980 1.379 -1.75 316600037
2023 6 15 9 31 43.250 45.936597 -130.019515 1.166 -1.72 316600056
2023 6 15 11 14 58.050 45.937032 -130.019466 1.175 -1.67 316600061
2023 6 15 12 18 52.480 45.925195 -129.992147 4.040 -1.86 316600066
2023 6 15 12 20 53.540 46.012358 -130.036133 1.571 -1.23 316600067
2023 6 15 12 29 47.830 46.013440 -130.036157 1.492 -1.26 316600072
2023 6 15 13 15 58.850 46.013770 -130.035791 1.556 -1.53 316600080
2023 6 15 13 31 32.690 45.966638 -129.995939 1.473 -1.27 316600083
2023 6 15 14 17 57.140 45.938717 -130.019238 1.063 -0.42 316600086
2023 6 15 15 55 24.450 45.940088 -130.017928 1.136 -0.83 316600087
2023 6 15 18 0 50.560 46.027799 -130.034701 0.692 -1.54 316600094
2023 6 15 18 38 48.320 45.965881 -130.014054 1.008 -1.28 316600098
2023 6 15 20 34 56.360 45.921195 -129.981372 1.388 -1.06 316600103
2023 6 15 21 46 11.880 45.921334 -129.987142 0.853 -1.37 316600106
2023 6 16 2 0 16.840 45.923206 -129.985270 2.772 -1.56 316700003
2023 6 16 4 9 34.100 45.955448 -129.986849 2.032 -1.77 316700008
2023 6 16 11 26 15.410 45.958297 -129.988737 1.391 -1.75 316700026
2023 6 16 11 58 4.880 46.013936 -130.035482 1.350 -0.80 316700027
2023 6 16 13 22 43.110 45.945841 -129.997103 0.789 -1.69 316700039
2023 6 16 13 27 6.060 45.931974 -130.024666 3.485 -1.21 316700041
2023 6 16 13 52 27.850 45.924784 -129.999650 1.089 -1.90 316700042
2023 6 16 14 2 33.070 45.999422 -130.025464 1.299 -1.32 316700043
2023 6 16 14 9 3.880 45.961039 -129.987248 1.908 -1.57 316700046
2023 6 16 14 27 15.650 45.941064 -130.019661 1.323 -1.60 316700049
2023 6 16 14 53 33.990 45.929451 -130.007560 1.323 -1.52 316700058
2023 6 16 14 54 10.710 45.929655 -130.006421 1.267 -1.34 316700059
2023 6 16 15 1 47.590 45.957011 -129.989160 2.008 -1.60 316700060
2023 6 16 22 48 2.960 46.001099 -130.034131 1.605 -2.00 316700084
2023 6 16 22 49 2.380 45.915613 -129.974447 0.350 -1.74 316700085
2023 6 17 1 22 32.320 45.922738 -129.982267 2.472 -1.54 316800005
2023 6 17 1 24 11.410 45.921692 -129.977523 2.832 -2.00 316800008
2023 6 17 1 25 1.840 45.966882 -130.033748 0.230 -1.35 316800009
2023 6 17 2 14 38.600 45.925118 -129.992350 1.202 -1.33 316800013
2023 6 17 6 38 26.070 45.941252 -130.019718 1.441 -1.85 316800032
2023 6 17 12 50 7.570 46.012439 -130.035750 1.684 -0.91 316800046
2023 6 17 13 52 30.800 45.925399 -129.991431 0.851 -1.41 316800056
2023 6 17 14 24 43.430 45.977116 -129.996712 1.150 -1.71 316800060
2023 6 17 14 38 10.220 45.927718 -129.997363 1.057 -1.50 316800066
2023 6 17 14 38 12.520 45.926794 -129.987248 1.303 -1.26 316800067
2023 6 17 14 41 2.820 45.959745 -130.019930 0.239 -1.79 316800069
2023 6 17 15 19 0.350 45.913517 -129.956104 2.637 -1.24 316800079
2023 6 17 15 26 43.110 45.932662 -129.970329 2.300 -1.90 316800080
2023 6 17 15 37 29.830 45.929297 -129.977043 1.330 -1.67 316800083
2023 6 17 15 43 21.330 45.958081 -129.988607 1.835 -1.64 316800084
2023 6 17 18 18 51.920 46.004447 -130.029696 1.612 -1.00 316800087
2023 6 17 18 24 55.240 45.996277 -130.026099 1.511 -0.86 316800090
2023 6 17 18 35 28.160 46.000720 -130.024455 1.560 -1.26 316800092
2023 6 17 19 49 40.000 46.004061 -130.030330 1.773 -0.96 316800107
2023 6 17 19 51 2.340 46.004252 -130.030257 1.683 -0.74 316800109
2023 6 17 19 58 41.880 46.003996 -130.030705 1.825 -1.29 316800111
2023 6 17 20 51 51.500 46.005603 -130.031909 1.541 -1.66 316800117
2023 6 17 23 23 30.740 45.994173 -130.014998 0.951 -1.06 316800130
2023 6 18 4 34 25.050 45.972986 -129.995776 0.975 -1.72 316900002
2023 6 18 4 57 10.830 45.921826 -129.987118 0.880 -1.88 316900003
2023 6 18 6 14 17.160 45.942094 -130.017668 0.937 -1.71 316900005
2023 6 18 12 30 56.030 46.017814 -130.030200 1.377 -1.70 316900012
2023 6 18 12 35 3.360 45.990527 -130.006860 1.458 -1.81 316900013
2023 6 18 12 36 1.760 45.988570 -130.004818 0.903 -1.77 316900015
2023 6 18 13 6 29.660 45.990450 -130.007756 1.349 -1.11 316900016
2023 6 18 14 13 54.170 45.954846 -129.988753 1.452 -1.09 316900021
2023 6 18 14 48 36.870 45.991927 -129.979891 0.495 -1.19 316900029
2023 6 18 14 48 41.140 45.956702 -129.989494 1.522 -0.79 316900030
2023 6 18 14 51 41.170 45.973381 -129.986540 1.144 -1.12 316900032
2023 6 18 16 19 21.680 46.002690 -129.981551 0.398 -0.91 316900047
2023 6 18 16 24 26.240 45.975260 -129.996403 1.692 -1.28 316900049
2023 6 18 16 35 21.700 45.975155 -129.995540 1.452 -0.60 316900050
2023 6 18 16 46 48.260 45.974613 -129.996452 1.565 -1.27 316900053
2023 6 18 16 47 34.570 45.933545 -129.970695 2.503 -1.11 316900054
2023 6 18 16 48 30.130 45.975138 -129.996151 1.377 -0.73 316900056
2023 6 18 16 49 8.790 45.974487 -129.996647 1.464 -1.70 316900058
2023 6 18 16 49 41.530 45.975065 -129.995923 1.438 -0.72 316900059
2023 6 18 16 52 1.240 45.975444 -129.996297 1.824 -1.06 316900061
2023 6 18 16 52 14.720 45.974797 -129.996045 1.390 -0.27 316900062
2023 6 18 16 52 41.090 45.975195 -129.996501 1.208 -1.18 316900063
2023 6 18 19 46 16.880 45.923193 -129.989103 0.887 -1.52 316900081
2023 6 18 19 46 32.680 45.923263 -129.989746 1.468 -1.38 316900082
2023 6 18 20 20 52.400 45.974390 -129.996208 1.698 -0.76 316900084
2023 6 18 20 28 12.240 45.974357 -129.995996 1.536 -0.96 316900086
2023 6 19 3 53 17.030 45.967607 -130.047591 1.571 -1.74 317000011
2023 6 19 12 14 51.110 45.937516 -129.986344 4.525 -1.22 317000040
2023 6 19 17 37 10.060 45.995333 -130.000171 0.437 -1.93 317000048
2023 6 20 1 31 13.550 46.001172 -130.027401 1.032 -1.42 317100004
2023 6 20 3 23 54.290 45.919084 -129.989502 0.416 -1.39 317100008
2023 6 20 5 56 1.620 45.957617 -129.988745 1.257 -1.54 317100015
2023 6 20 6 27 32.120 46.000761 -129.981437 1.791 -1.78 317100017
2023 6 20 12 31 24.120 46.001034 -130.027913 1.339 -0.85 317100048
2023 6 21 3 42 17.640 46.017647 -130.022160 1.304 -1.43 317200003
2023 6 21 6 15 10.810 45.922481 -129.965991 1.574 -1.61 317200026
2023 6 21 6 15 14.540 45.922441 -129.965959 1.560 -1.23 317200027
2023 6 21 9 29 40.320 46.011141 -130.027393 1.735 -1.79 317200046
2023 6 21 11 44 3.030 45.926567 -129.985815 1.310 -1.51 317200049
2023 6 21 11 44 48.700 45.926322 -129.986328 1.304 -1.19 317200050
2023 6 21 11 45 29.550 45.958044 -130.008634 3.811 -2.00 317200052
2023 6 21 12 20 47.320 45.962179 -129.992773 1.991 -1.59 317200054
2023 6 21 13 28 12.070 45.926371 -129.985669 1.273 -1.66 317200055
2023 6 21 13 37 31.620 45.990051 -130.025439 0.565 -1.52 317200056
2023 6 21 14 31 37.110 45.971436 -129.996289 1.667 -1.27 317200061
2023 6 21 15 7 6.830 45.905550 -129.968636 0.818 -2.00 317200065
2023 6 21 16 48 46.450 45.959017 -129.989119 1.347 -1.69 317200079
2023 6 21 16 51 19.240 45.959167 -129.988558 1.295 -1.96 317200082
2023 6 21 17 4 57.420 45.958427 -129.989510 1.980 -1.12 317200086
2023 6 21 17 14 26.960 45.955070 -129.986882 1.750 -1.52 317200087
2023 6 21 17 33 1.000 45.956767 -129.987939 2.296 -1.85 317200092
2023 6 21 17 41 22.240 45.958150 -129.988216 1.488 -2.00 317200095
2023 6 21 17 49 34.960 45.985087 -130.035986 1.870 -1.34 317200096
2023 6 21 18 34 6.780 45.980359 -130.013647 0.060 -1.92 317200098
2023 6 21 19 40 55.580 45.958866 -129.988452 1.543 -2.00 317200104
2023 6 21 19 54 50.240 45.951709 -130.015177 0.172 -1.34 317200105
2023 6 21 20 9 27.240 45.923905 -129.989730 0.836 -1.69 317200106
2023 6 21 20 9 31.840 45.924137 -129.989559 0.870 -1.62 317200107
2023 6 21 20 11 46.760 45.929545 -129.986418 3.358 -1.96 317200108
2023 6 21 20 31 28.800 45.924634 -129.988900 1.811 -2.00 317200110
2023 6 21 22 23 26.160 45.922616 -129.989518 0.846 -1.85 317200124
2023 6 22 0 54 5.540 45.925171 -129.982373 1.595 -1.54 317300003
2023 6 22 3 9 1.350 45.924044 -129.976310 1.879 -2.00 317300009
2023 6 22 5 19 43.950 45.916300 -129.988338 0.462 -1.25 317300011
2023 6 22 15 17 29.030 46.003687 -130.030485 1.710 -1.04 317300032
2023 6 22 17 0 4.000 45.929521 -130.006974 2.650 -2.00 317300041
2023 6 22 17 16 38.820 45.933468 -129.968058 0.363 -1.57 317300047
2023 6 22 18 31 24.740 45.907646 -129.961491 1.057 -1.67 317300073
2023 6 22 23 31 31.980 45.921305 -129.977637 1.291 -1.07 317300090
2023 6 22 23 50 3.560 45.971077 -129.996997 1.401 -2.00 317300096
2023 6 23 14 17 1.090 46.002413 -130.022192 1.492 -0.69 317400036
2023 6 23 15 11 37.660 45.938656 -129.976164 1.713 -1.69 317400041
2023 6 23 15 21 44.570 46.012215 -130.036043 1.573 -1.31 317400044
2023 6 23 15 34 46.660 45.970138 -129.982137 0.497 -0.78 317400048
2023 6 23 19 31 50.080 45.959298 -130.025277 0.946 -1.03 317400055
2023 6 23 20 18 41.360 46.003117 -130.028719 1.491 -1.24 317400056
2023 6 23 20 18 53.240 46.003967 -130.029248 1.387 -1.79 317400057
2023 6 23 21 14 26.760 46.004993 -130.027669 2.894 -1.58 317400059
2023 6 24 2 28 55.260 46.001571 -130.030094 1.581 -1.00 317500004
2023 6 24 10 52 46.730 46.001786 -130.028141 1.445 -1.23 317500014
2023 6 24 17 37 50.560 45.994857 -130.011475 2.329 -1.71 317500036
2023 6 24 17 37 57.100 45.997738 -130.013110 3.743 -1.15 317500037
2023 6 24 17 38 6.320 45.995622 -130.012207 0.412 -1.78 317500038
2023 6 24 17 39 21.000 45.995296 -130.013208 2.860 -1.65 317500040
2023 6 24 19 38 24.440 45.994409 -130.012760 2.258 -1.71 317500047
2023 6 24 20 28 56.020 45.913342 -129.986271 0.690 -1.43 317500053
2023 6 24 20 44 42.880 45.922746 -129.985531 0.837 -1.90 317500057
2023 6 24 20 56 16.280 45.922087 -129.984798 1.048 -1.19 317500059
2023 6 24 21 4 24.640 45.962785 -130.023397 0.229 -1.42 317500061
2023 6 25 6 28 18.610 45.981099 -129.997347 1.891 -1.58 317600011
2023 6 25 13 28 3.120 46.000285 -130.020687 1.599 -1.81 317600016
2023 6 25 13 54 8.360 45.976990 -129.996265 1.578 -1.44 317600018
2023 6 25 14 20 44.950 45.926449 -129.977865 1.281 -1.60 317600021
2023 6 25 16 10 14.870 45.982764 -129.998975 2.401 -1.38 317600024
2023 6 25 16 19 43.990 45.926473 -129.987923 1.148 -1.29 317600027
2023 6 25 16 28 11.790 45.926070 -129.983960 1.114 -1.97 317600028
2023 6 25 16 45 25.440 45.926025 -129.984692 1.086 -1.74 317600029
2023 6 25 16 46 34.840 45.926282 -129.985083 1.002 -2.00 317600030
2023 6 25 17 48 1.920 45.925716 -129.986646 0.993 -1.62 317600032
2023 6 25 18 9 9.620 45.962142 -130.031868 2.142 -1.94 317600034
2023 6 25 18 10 3.160 45.962866 -130.031429 2.088 -1.56 317600035
2023 6 25 19 9 27.640 45.969596 -130.029606 0.640 -1.45 317600038
2023 6 25 19 18 33.100 45.991423 -130.009253 1.778 -1.25 317600040
2023 6 25 19 33 13.320 45.920915 -129.994157 1.158 -1.72 317600041
2023 6 25 19 49 49.460 46.002030 -130.020923 1.540 -1.40 317600042
2023 6 25 19 55 58.460 45.924695 -129.979639 1.176 -1.59 317600043
2023 6 25 21 54 3.920 45.990316 -130.023250 2.156 -1.90 317600054
2023 6 25 22 15 24.560 45.999561 -130.025505 1.315 -1.69 317600056
2023 6 25 22 19 2.880 45.946025 -129.961051 1.105 -1.84 317600058
2023 6 25 22 19 49.120 45.944963 -129.982609 1.672 -1.66 317600059
2023 6 25 22 19 57.760 45.945463 -129.983130 1.617 -1.82 317600060
2023 6 25 22 35 15.460 45.925793 -129.980518 1.224 -1.32 317600063
2023 6 25 22 35 23.440 45.925871 -129.980721 1.291 -1.40 317600064
2023 6 25 22 37 13.700 45.925944 -129.971680 1.930 -2.00 317600065
2023 6 25 23 8 14.120 45.958927 -129.979989 0.838 -1.55 317600073
2023 6 25 23 44 10.520 45.911796 -129.954842 0.416 -1.25 317600076
2023 6 25 23 55 7.520 45.941414 -130.019792 1.299 -1.47 317600077
2023 6 26 1 30 4.190 46.000728 -130.026904 1.506 -1.28 317700001
2023 6 26 10 5 41.430 45.979447 -129.997811 1.377 -1.41 317700011
2023 6 26 13 53 21.460 45.980697 -129.998543 1.832 -1.62 317700023
2023 6 26 13 53 35.850 45.980965 -129.998462 1.748 -1.57 317700024
2023 6 26 13 55 27.020 45.981165 -129.998177 1.979 -1.54 317700025
2023 6 26 13 55 57.270 45.981299 -129.998649 1.954 -1.44 317700026
2023 6 26 14 18 3.270 45.980790 -129.998169 1.985 -2.00 317700029
2023 6 26 15 11 28.750 45.969958 -129.992049 1.409 -1.38 317700036
2023 6 26 15 11 32.360 45.970418 -129.993327 1.952 -1.51 317700037
2023 6 26 15 15 18.610 45.969641 -129.991756 1.408 -1.85 317700039
2023 6 26 17 27 42.280 45.941768 -130.017122 0.949 -1.79 317700045
2023 6 26 17 55 44.000 45.966150 -129.996598 1.431 -1.54 317700046
2023 6 26 18 7 52.700 45.970365 -129.992155 1.359 -1.67 317700047
2023 6 26 18 8 5.160 45.969124 -129.997583 0.811 -1.52 317700048
2023 6 26 18 8 10.160 45.970805 -129.992725 1.781 -1.67 317700049
2023 6 26 18 8 18.160 45.970996 -129.992896 1.451 -2.00 317700050
2023 6 26 18 10 24.540 45.970508 -129.992546 1.683 -1.25 317700051
2023 6 26 18 26 53.000 45.970439 -129.992432 1.590 -1.55 317700053
2023 6 26 18 40 14.140 46.002429 -130.028776 1.576 -1.51 317700054
2023 6 26 18 54 26.560 45.969393 -129.991642 1.455 -1.80 317700055
2023 6 26 18 54 29.620 45.970544 -129.992415 1.743 -1.80 317700056
2023 6 26 18 58 10.160 45.969609 -129.991569 1.770 -1.74 317700057
2023 6 26 19 0 42.860 45.970068 -129.992057 1.615 -1.87 317700058
2023 6 26 19 1 48.920 45.969934 -129.992619 1.704 -1.61 317700059
2023 6 26 19 27 7.920 45.970325 -129.992562 1.737 -1.35 317700060
2023 6 26 21 40 11.600 45.922384 -129.981063 2.152 -1.71 317700061
2023 6 27 1 49 58.360 46.005461 -130.027100 1.501 -1.14 317800016
2023 6 27 1 50 5.210 46.009827 -130.029753 1.614 -1.70 317800017
2023 6 27 3 38 1.740 46.001737 -130.027743 1.378 -1.05 317800032
2023 6 27 5 40 44.480 45.958671 -130.075293 0.198 -0.42 317800064
2023 6 27 5 47 28.180 46.001538 -130.026888 1.231 -1.09 317800069
2023 6 27 6 16 40.540 45.965161 -130.065885 0.039 -1.86 317800082
2023 6 27 8 19 19.610 45.916467 -129.990763 0.789 -1.17 317800087
2023 6 27 9 1 29.090 45.915898 -129.990796 0.996 -1.35 317800090
2023 6 27 9 7 5.440 45.926042 -129.987142 0.997 -2.00 317800091
2023 6 27 9 42 25.550 45.958057 -129.987590 1.917 -1.61 317800092
2023 6 27 9 44 46.050 45.958813 -129.986483 1.699 -1.71 317800093
2023 6 27 9 53 11.330 46.013826 -130.038957 1.472 -1.26 317800095
2023 6 27 9 53 34.300 45.957715 -129.987590 2.214 -1.31 317800096
2023 6 27 9 53 34.900 46.012996 -130.037663 1.428 -0.76 317800097
2023 6 27 9 53 44.480 46.011743 -130.036410 1.721 -0.62 317800098
2023 6 27 9 54 1.020 46.011552 -130.036418 1.701 -1.06 317800101
2023 6 27 9 54 21.150 46.013977 -130.039494 1.396 -1.22 317800102
2023 6 27 9 54 41.510 45.989563 -130.005135 0.811 -1.11 317800103
2023 6 27 9 59 45.820 46.012944 -130.037402 1.755 -1.68 317800107
2023 6 27 10 6 51.010 45.992904 -130.007186 1.325 -1.54 317800108
2023 6 27 10 11 33.570 45.958614 -129.987410 1.976 -1.39 317800110
2023 6 27 10 11 48.920 45.958341 -129.987720 2.060 -1.38 317800111
2023 6 27 10 15 9.540 45.958936 -129.987581 1.900 -1.49 317800113
2023 6 27 11 2 51.840 46.001921 -130.027987 1.341 -1.58 317800117
2023 6 27 11 24 52.230 46.005054 -130.026229 2.082 -1.58 317800118
2023 6 27 12 48 11.170 46.001514 -130.027539 1.261 -1.57 317800146
2023 6 27 13 8 50.050 45.990759 -130.045524 0.511 -1.57 317800149
2023 6 27 13 14 55.930 45.927079 -129.999495 1.080 -2.00 317800150
2023 6 27 13 36 7.780 45.972603 -129.995142 1.390 -1.82 317800151
2023 6 27 14 35 36.330 45.939913 -129.983358 1.323 -1.34 317800157
2023 6 27 14 57 44.400 45.987594 -130.002067 1.742 -1.38 317800159
2023 6 27 16 8 45.620 45.940776 -129.983993 1.226 -1.67 317800166
2023 6 27 16 8 59.670 45.939958 -129.983447 1.253 -1.62 317800167
2023 6 27 16 10 37.060 45.974691 -130.001782 0.558 -1.99 317800170
2023 6 27 16 13 18.950 45.940336 -129.984001 1.281 -1.67 317800176
2023 6 27 16 17 23.060 45.918941 -129.982625 2.655 -2.00 317800177
2023 6 27 17 51 38.680 45.940637 -129.983252 1.214 -1.91 317800183
2023 6 27 21 53 42.360 46.005570 -130.021175 0.970 -1.77 317800190
2023 6 27 23 5 47.080 45.940417 -130.019076 1.105 -0.82 317800194
2023 6 27 23 26 3.700 45.971525 -129.994816 1.211 -1.34 317800195
2023 6 28 1 59 3.410 45.922913 -129.988550 0.810 -2.00 317900001
2023 6 28 3 26 52.110 46.001343 -130.025716 1.568 -1.84 317900003
2023 6 28 4 13 17.350 45.998885 -130.030111 1.160 -2.00 317900004
2023 6 28 7 52 41.480 45.891191 -130.003092 0.086 -1.44 317900015
2023 6 28 10 11 53.930 45.923783 -129.981624 1.193 -1.57 317900026
2023 6 28 10 36 45.270 45.925659 -130.001522 0.979 -1.68 317900033
2023 6 28 10 42 11.430 46.001737 -130.028003 1.542 -0.93 317900034
2023 6 28 11 55 40.620 45.926892 -129.981120 1.274 -1.45 317900050
2023 6 28 12 11 6.260 45.925842 -129.981567 1.107 -2.00 317900053
2023 6 28 12 14 52.140 45.926640 -129.981234 1.195 -1.54 317900055
2023 6 28 12 16 46.530 45.926090 -129.981152 1.249 -1.54 317900056
2023 6 28 12 36 26.730 45.925639 -129.982975 1.082 -1.90 317900057
2023 6 28 12 36 58.000 45.927413 -129.980754 1.267 -1.97 317900058
2023 6 28 14 8 3.760 45.926127 -129.980713 1.139 -2.00 317900068
2023 6 28 14 15 37.370 46.004089 -130.029647 1.349 -0.98 317900070
2023 6 28 14 49 39.350 45.941321 -130.019092 1.038 -1.65 317900071
2023 6 28 17 21 38.320 45.930221 -129.979964 1.293 -1.56 317900073
2023 6 28 18 39 37.280 45.942045 -130.019735 1.026 -1.68 317900074
2023 6 28 18 59 56.060 45.926750 -130.001302 1.265 -2.00 317900075
2023 6 28 22 53 4.340 45.950883 -129.985718 1.785 -1.40 317900079
2023 6 28 23 0 1.300 45.950460 -129.985881 1.745 -1.84 317900082
2023 6 28 23 0 10.500 45.951050 -129.985002 1.988 -2.00 317900083
2023 6 28 23 0 23.240 45.950610 -129.985954 1.998 -2.00 317900084
2023 6 28 23 0 41.360 45.950476 -129.986255 1.794 -1.46 317900085
2023 6 28 23 2 29.480 45.950521 -129.986198 1.778 -1.68 317900087
2023 6 28 23 3 16.960 45.950610 -129.986182 1.971 -1.39 317900088
2023 6 28 23 5 29.780 45.950509 -129.985701 1.925 -1.31 317900090
2023 6 28 23 6 41.040 45.950199 -129.985889 1.937 -1.22 317900091
2023 6 28 23 10 11.920 45.950618 -129.986222 1.465 -1.88 317900093
2023 6 28 23 13 45.280 45.950081 -129.986019 1.767 -1.56 317900094
2023 6 28 23 13 52.280 45.949821 -129.987240 1.786 -1.89 317900095
2023 6 28 23 41 48.120 45.956458 -130.044255 1.616 -2.00 317900096
2023 6 29 0 29 23.360 45.959005 -129.989331 1.191 -1.94 318000001
2023 6 29 0 32 41.050 45.959151 -129.990120 2.039 -1.68 318000002
2023 6 29 0 41 19.580 45.959021 -129.989396 2.038 -2.00 318000004
2023 6 29 0 44 42.010 45.958700 -129.989128 1.438 -2.00 318000005
2023 6 29 0 59 20.090 45.949996 -129.995076 3.755 -1.79 318000007
2023 6 29 1 46 42.860 45.958545 -129.989827 2.038 -1.64 318000009
2023 6 29 1 49 55.950 45.958565 -129.989282 2.032 -1.69 318000010
2023 6 29 1 56 4.000 45.958875 -129.990015 2.060 -1.66 318000011
2023 6 29 6 39 16.310 45.959985 -129.995150 1.783 -1.53 318000015
2023 6 29 7 36 2.250 45.924178 -129.986646 0.986 -2.00 318000016
2023 6 29 7 37 4.050 45.925346 -129.976685 2.633 -2.00 318000018
2023 6 29 8 14 33.520 45.924105 -129.976139 1.820 -2.00 318000019
2023 6 29 9 37 57.880 45.927543 -130.013981 1.296 -2.00 318000022
2023 6 29 9 49 6.320 45.941809 -130.018563 1.264 -1.84 318000023
2023 6 29 10 7 0.270 45.950818 -130.024357 1.474 -1.06 318000025
2023 6 29 10 18 33.800 45.993555 -130.025171 1.783 -2.00 318000028
2023 6 29 10 26 54.520 45.946611 -129.986100 1.933 -1.52 318000030
2023 6 29 10 33 12.380 45.978158 -129.993205 1.759 -1.66 318000031
2023 6 29 10 36 52.900 45.976998 -129.994694 1.629 -1.54 318000034
2023 6 29 10 38 40.430 45.918168 -130.003499 3.347 -1.72 318000036
2023 6 29 10 39 2.530 45.976628 -129.995158 1.340 -1.40 318000037
2023 6 29 10 39 35.810 45.977555 -129.995158 1.930 -1.19 318000040
2023 6 29 10 57 27.680 45.920231 -129.988599 1.933 -1.60 318000041
2023 6 29 11 37 10.020 45.958036 -129.986654 1.449 -1.46 318000045
2023 6 29 11 53 41.020 45.959550 -129.989600 1.430 -1.83 318000046
2023 6 29 12 0 25.700 45.959342 -129.989746 1.678 -1.69 318000047
2023 6 29 12 8 53.830 45.960144 -129.989624 1.505 -1.39 318000048
2023 6 29 17 0 42.040 46.003068 -130.028410 1.391 -1.44 318000053
2023 6 29 17 9 13.200 45.933887 -130.017440 1.158 -1.80 318000054
2023 6 29 17 18 43.100 45.940267 -129.987427 1.527 -2.00 318000055
2023 6 29 17 18 57.680 45.940686 -129.986979 1.567 -1.81 318000056
2023 6 29 17 19 28.600 45.940873 -129.987492 1.530 -1.90 318000057
2023 6 29 18 59 6.160 46.006173 -130.035783 1.525 -1.96 318000058
2023 6 29 19 28 0.360 45.923242 -129.983732 1.127 -1.61 318000059
2023 6 29 20 1 51.320 45.996493 -130.012321 1.576 -1.31 318000060
2023 6 30 1 48 49.400 45.920093 -129.989225 0.938 -1.31 318100005
2023 6 30 1 49 21.730 45.920516 -129.989355 0.984 -1.95 318100006
2023 6 30 3 35 24.780 45.938236 -130.018579 1.091 -1.86 318100018
2023 6 30 4 26 19.690 46.028080 -129.995817 0.744 -1.21 318100026
2023 6 30 4 46 29.930 46.001046 -130.023462 0.117 -2.00 318100034
2023 6 30 4 58 0.650 45.954240 -129.973576 0.241 -1.64 318100036
2023 6 30 5 36 50.790 45.920797 -129.989510 0.921 -1.46 318100049
2023 6 30 5 38 41.150 45.920007 -129.988330 1.070 -1.68 318100051
2023 6 30 8 25 57.160 46.003707 -130.028125 1.353 -0.81 318100065
2023 6 30 10 55 52.040 45.958264 -129.997396 1.217 -1.22 318100076
2023 6 30 10 55 55.340 45.958008 -129.992301 1.627 -1.41 318100077
2023 6 30 10 56 6.520 45.958162 -129.991479 1.691 -1.71 318100078
2023 6 30 10 56 30.440 45.945105 -130.000138 3.940 -0.93 318100079
2023 6 30 10 56 33.440 45.957723 -129.991829 1.876 -0.86 318100080
2023 6 30 10 58 39.010 45.957926 -129.991870 1.834 -1.52 318100081
2023 6 30 10 58 42.170 45.907723 -130.022697 0.545 -1.34 318100082
2023 6 30 11 1 4.840 45.958081 -129.990861 1.859 -1.28 318100084
2023 6 30 11 1 23.140 45.958956 -129.991634 1.988 -1.04 318100085
2023 6 30 11 8 22.950 45.958346 -129.991528 2.050 -1.66 318100088
2023 6 30 11 14 47.580 45.958305 -129.991545 1.596 -1.12 318100090
2023 6 30 11 56 42.250 45.958923 -129.991219 1.304 -1.30 318100105
2023 6 30 11 56 55.750 45.939600 -130.015365 0.979 -1.41 318100106
2023 6 30 11 57 18.770 45.937264 -130.020964 1.394 -1.72 318100107
2023 6 30 11 57 37.460 45.937195 -130.019686 1.539 -2.00 318100109
2023 6 30 12 17 45.790 45.967078 -129.996484 1.552 -1.54 318100113
2023 6 30 12 25 4.500 45.959058 -129.990487 1.582 -1.88 318100115
2023 6 30 13 1 45.090 45.971313 -129.995451 1.452 -1.57 318100117
2023 6 30 13 14 49.110 45.921708 -129.987598 1.023 -1.70 318100118
2023 6 30 13 15 20.160 45.922583 -129.989290 0.987 -1.92 318100119
2023 6 30 13 21 40.790 45.990702 -130.015210 2.752 -2.00 318100122
2023 6 30 13 24 55.030 45.945125 -129.981673 1.423 -1.97 318100124
2023 6 30 13 24 59.510 45.945178 -129.978044 2.015 -1.50 318100125
2023 6 30 13 44 27.790 45.936613 -129.984204 1.757 -1.52 318100130
2023 6 30 13 46 43.240 45.942765 -130.019873 1.424 -1.84 318100131
2023 6 30 13 58 53.540 45.937964 -129.984603 1.703 -1.26 318100135
2023 6 30 14 8 52.510 45.953101 -129.953540 3.879 -1.44 318100140
2023 6 30 14 13 1.600 45.939559 -129.986580 1.378 -2.00 318100142
2023 6 30 14 13 9.650 45.938289 -129.985352 1.672 -1.69 318100143
2023 6 30 14 16 52.820 45.937996 -129.984741 1.638 -1.65 318100146
2023 6 30 14 16 59.950 45.938513 -129.985791 1.611 -1.67 318100147
2023 6 30 14 17 49.300 45.938110 -129.985400 1.637 -1.58 318100148
2023 6 30 14 18 31.680 45.937585 -129.983285 1.916 -1.20 318100149
2023 6 30 14 32 35.990 45.997477 -130.027954 1.312 -1.04 318100153
2023 6 30 15 0 43.510 45.956807 -129.988867 1.763 -2.00 318100156
2023 6 30 15 26 28.910 45.926855 -129.987240 1.218 -1.80 318100163
2023 6 30 15 29 20.910 45.926827 -129.987345 1.281 -1.62 318100164
2023 6 30 15 30 11.180 45.926998 -129.987630 1.224 -1.74 318100165
2023 6 30 15 33 50.170 46.000732 -130.027327 1.374 -1.92 318100168
2023 6 30 15 57 19.380 45.925199 -129.984831 1.207 -1.79 318100178
2023 6 30 17 17 37.400 45.961466 -129.948006 0.324 -1.58 318100192
2023 6 30 18 29 54.520 45.958228 -130.042977 1.099 -1.28 318100201
2023 6 30 20 12 2.120 46.002763 -130.023934 1.623 -1.58 318100211
2023 6 30 20 13 19.000 45.972286 -130.029777 0.227 -1.64 318100212
2023 6 30 20 14 6.040 45.950077 -130.039079 0.552 -1.19 318100213
2023 6 30 20 15 29.180 45.920199 -129.976709 1.339 -1.86 318100214
2023 6 30 20 57 14.480 45.967192 -129.996566 1.547 -1.64 318100224
2023 7 1 2 18 45.990 46.003609 -130.026058 1.413 -1.34 318200009
2023 7 1 3 2 46.310 46.003267 -130.025773 1.486 -1.24 318200011
2023 7 1 6 37 19.600 45.921842 -129.984115 1.147 -2.00 318200032
2023 7 1 9 13 45.910 45.933232 -130.016943 1.101 -1.99 318200039
2023 7 1 9 21 43.770 46.000513 -130.021021 1.210 -1.64 318200043
2023 7 1 11 12 24.460 45.925663 -129.980729 1.171 -1.55 318200063
2023 7 1 14 2 14.300 45.924776 -130.000260 1.276 -1.18 318200087
2023 7 1 14 19 8.610 45.928410 -130.006803 1.214 -1.31 318200089
2023 7 1 15 22 53.080 45.951778 -130.027352 1.585 -1.41 318200102
2023 7 1 15 42 12.070 45.951534 -130.024992 1.602 -1.76 318200103
2023 7 1 15 52 48.480 45.936845 -129.981510 1.423 -0.23 318200105
2023 7 1 15 54 1.640 45.937191 -129.982064 1.328 -1.54 318200106
2023 7 1 15 59 15.400 45.936800 -129.982039 1.377 -1.09 318200107
2023 7 1 18 3 22.300 45.950749 -130.025977 1.602 -1.51 318200113
2023 7 2 9 22 13.330 45.936300 -129.976904 1.548 -1.46 318300065
2023 7 2 9 22 16.790 45.936556 -129.981584 1.377 -1.29 318300066
2023 7 2 9 22 38.360 45.937488 -129.983122 1.287 -1.24 318300067
2023 7 2 9 23 31.980 45.937028 -129.982739 1.388 -1.78 318300068
2023 7 2 9 23 35.560 45.937602 -129.982617 1.362 -1.81 318300069
2023 7 2 9 24 35.030 45.935181 -129.980957 1.555 -1.77 318300070
2023 7 2 9 24 39.980 45.935852 -129.981584 1.424 -1.58 318300071
2023 7 2 9 25 15.060 45.936348 -129.981722 1.443 -1.05 318300074
2023 7 2 9 28 7.350 45.937089 -129.982438 1.297 -2.00 318300075
2023 7 2 9 29 16.920 45.925802 -129.980705 1.175 -1.57 318300076
2023 7 2 9 54 36.030 46.000342 -130.027181 1.415 -1.15 318300080
2023 7 2 10 12 8.170 45.935750 -129.980184 1.703 -1.27 318300081
2023 7 2 10 20 32.620 45.938143 -129.982601 1.308 -1.73 318300083
2023 7 2 10 21 6.710 45.926147 -129.949382 3.123 -1.50 318300084
2023 7 2 10 21 42.160 45.937004 -129.981966 1.319 -1.66 318300085
2023 7 2 10 49 32.780 45.937435 -129.981958 1.347 -2.00 318300088
2023 7 2 11 14 29.530 45.957694 -129.986987 1.966 -1.35 318300095
2023 7 2 12 29 7.880 45.943347 -129.985278 1.649 -1.41 318300104
2023 7 2 12 37 20.210 45.943355 -129.985653 1.611 -1.63 318300106
2023 7 2 12 37 35.190 45.943083 -129.984798 1.654 -1.85 318300107
2023 7 2 12 37 46.410 45.943180 -129.985563 1.659 -0.90 318300108
2023 7 2 12 38 22.050 45.942985 -129.985889 1.798 -1.47 318300111
2023 7 2 16 27 7.360 45.924845 -129.982943 1.377 -1.65 318300125
2023 7 2 17 36 2.640 45.916968 -129.989974 0.960 -1.89 318300135
2023 7 2 17 52 26.560 45.924638 -129.982902 1.288 -1.62 318300138
2023 7 2 18 33 18.200 46.002502 -130.028963 1.484 -1.65 318300144
2023 7 2 19 21 40.380 45.922115 -129.987305 0.937 -1.59 318300150
2023 7 2 21 33 8.320 46.000098 -130.028874 1.416 -1.43 318300158
2023 7 2 23 1 6.200 45.998112 -129.980273 1.081 -1.27 318300163
2023 7 2 23 41 23.960 45.993058 -130.014665 1.875 -2.00 318300167
2023 7 2 23 45 33.560 45.993465 -130.014754 1.383 -1.53 318300168
2023 7 2 23 53 23.100 45.993628 -130.015234 1.633 -1.69 318300173
2023 7 3 0 22 5.640 45.994234 -130.015926 1.777 -1.44 318400002
2023 7 3 0 23 45.180 45.993636 -130.015112 1.442 -1.67 318400003
2023 7 3 0 24 5.910 45.993660 -130.015535 1.689 -1.26 318400005
2023 7 3 3 11 33.270 45.983101 -130.036751 1.693 -1.25 318400024
2023 7 3 3 16 14.320 45.980021 -130.036336 0.676 -2.00 318400025
2023 7 3 3 16 38.400 45.983537 -130.036255 1.665 -1.33 318400026
2023 7 3 5 48 49.020 45.991899 -130.002563 2.155 -1.68 318400039
2023 7 3 7 19 31.620 45.962073 -129.995524 1.447 -1.74 318400048
2023 7 3 15 7 1.000 45.996688 -130.014388 3.078 -1.29 318400083
2023 7 3 15 48 51.930 45.929924 -130.005908 3.437 -0.84 318400094
2023 7 3 16 37 28.950 45.922148 -129.987305 1.455 -1.70 318400099
2023 7 3 16 56 45.240 45.919954 -129.982349 2.460 -1.38 318400102
2023 7 3 17 5 52.920 45.922611 -129.989185 0.819 -1.37 318400105
2023 7 3 17 9 57.200 45.922441 -129.988241 0.836 -1.85 318400108
2023 7 3 17 12 50.200 45.964119 -129.996712 1.261 -1.29 318400110
2023 7 3 17 15 1.840 45.922994 -129.989087 0.824 -1.64 318400111
2023 7 3 17 40 44.920 45.936377 -129.982373 1.423 -1.78 318400115
2023 7 3 18 12 30.540 46.013163 -130.037134 1.720 -0.21 318400119
2023 7 3 19 32 4.640 45.998018 -130.021159 1.224 -1.94 318400134
2023 7 4 1 42 34.610 45.963346 -129.995109 1.504 -2.00 318500001
2023 7 4 3 50 34.440 46.007662 -130.036279 0.839 -0.52 318500015
2023 7 4 6 9 49.730 45.996057 -130.027450 1.145 -1.49 318500032
2023 7 4 7 49 2.890 45.939437 -130.019824 1.285 -2.00 318500044
2023 7 4 14 8 30.560 45.935404 -129.993587 1.225 -0.26 318500067
2023 7 4 18 57 2.380 45.974032 -130.038053 1.470 -0.46 318500092
2023 7 4 21 14 45.320 46.001286 -130.029533 1.500 -1.28 318500095
2023 7 5 0 43 47.160 45.916378 -129.989909 0.938 -1.68 318600001
2023 7 5 1 2 43.940 45.991935 -130.025472 0.521 -2.00 318600004
2023 7 5 1 11 25.120 45.999581 -130.028638 1.643 -2.00 318600005
2023 7 5 2 30 56.850 45.924906 -129.981502 1.345 -2.00 318600007
2023 7 5 12 41 51.680 46.000602 -130.027734 1.265 -0.81 318600042
2023 7 5 16 32 53.510 45.997160 -130.025830 0.969 -0.52 318600056
2023 7 5 19 54 31.480 45.922652 -129.995793 0.949 -1.60 318600066
2023 7 5 22 20 55.040 45.924178 -129.985824 1.091 -1.81 318600074
2023 7 5 22 46 41.880 45.926082 -129.989152 1.080 -0.26 318600076
2023 7 5 22 54 24.200 45.927010 -129.988656 0.849 -1.95 318600077
2023 7 6 6 8 10.260 45.950529 -130.034977 0.902 -0.41 318700022
2023 7 6 17 36 4.600 45.919495 -129.990324 0.841 -2.00 318700082
2023 7 6 17 46 50.280 45.922542 -129.984570 1.586 -1.66 318700085
2023 7 6 18 8 47.760 46.004867 -130.026644 1.714 -1.20 318700090
2023 7 6 20 50 25.320 45.919816 -129.988224 1.136 -1.53 318700118
2023 7 6 23 9 43.080 45.922388 -129.991691 0.691 -2.00 318700121
2023 7 7 5 15 32.050 45.966980 -129.990649 0.137 -1.24 318800024
2023 7 7 14 15 1.560 46.002299 -130.023210 1.899 -2.00 318800049
2023 7 7 14 15 12.630 45.996977 -130.026253 1.210 -1.10 318800050
2023 7 7 17 26 2.020 45.921073 -129.977401 1.179 -1.74 318800065
2023 7 7 23 37 18.320 46.002559 -130.027515 1.317 -1.53 318800079
2023 7 8 12 52 44.200 45.987911 -130.012435 3.811 -1.46 318900007
2023 7 8 18 16 16.580 46.000264 -130.027507 1.126 -1.45 318900018
2023 7 8 19 57 55.620 45.916496 -130.019808 0.396 -1.53 318900046
2023 7 8 20 51 1.560 45.922819 -129.984521 1.111 -2.00 318900065
2023 7 8 21 33 44.640 45.925753 -129.984969 1.118 -2.00 318900085
2023 7 8 22 50 0.580 45.925260 -129.975513 2.115 -1.47 318900094
2023 7 8 23 39 58.960 45.933077 -130.004427 0.046 -2.00 318900099
2023 7 9 1 43 3.610 45.920585 -129.972119 1.336 -1.94 319000037
2023 7 9 4 44 28.940 45.923006 -129.983512 1.047 -2.00 319000131
2023 7 9 4 44 58.710 45.921765 -129.980599 1.270 -2.00 319000132
2023 7 9 5 42 14.290 45.930501 -129.996712 0.976 -1.43 319000164
2023 7 9 6 46 38.010 46.014091 -130.032992 1.670 -1.45 319000200
2023 7 9 7 44 55.920 45.926473 -129.988306 1.138 -2.00 319000229
2023 7 9 7 49 33.610 45.997697 -130.029989 1.388 -1.33 319000230
2023 7 9 8 5 2.450 45.932292 -129.999552 0.203 -1.75 319000239
2023 7 9 13 36 13.120 45.964591 -129.992114 1.906 -1.46 319000375
2023 7 9 13 36 52.120 45.963269 -129.992310 1.418 -1.74 319000376
2023 7 9 13 39 59.420 45.964225 -129.992057 1.924 -1.57 319000379
2023 7 9 13 41 43.870 45.964473 -129.991715 1.680 -1.45 319000380
2023 7 9 13 43 3.560 45.983691 -130.008455 2.956 -1.92 319000382
2023 7 9 13 44 26.300 45.965597 -129.991610 1.708 -1.51 319000384
2023 7 9 13 44 33.180 45.964616 -129.992065 1.704 -1.81 319000385
2023 7 9 13 45 42.430 45.963346 -129.990535 1.357 -2.00 319000386
2023 7 9 13 48 58.110 45.963538 -129.992432 1.461 -2.00 319000388
2023 7 9 13 49 24.020 45.963570 -129.991333 1.419 -1.77 319000389
2023 7 9 13 51 15.150 45.964250 -129.991740 1.836 -1.17 319000390
2023 7 9 13 51 33.640 45.967244 -129.983301 3.436 -1.85 319000391
2023 7 9 14 3 42.980 45.963354 -129.989364 1.476 -1.89 319000398
2023 7 9 14 5 48.650 45.964522 -129.991935 1.959 -1.36 319000400
2023 7 9 14 5 57.760 45.964978 -129.992627 2.042 -1.52 319000402
2023 7 9 14 7 22.880 45.965173 -129.991243 1.515 -1.54 319000406
2023 7 9 14 27 51.450 45.963969 -129.992017 1.916 -1.31 319000414
2023 7 9 16 14 56.550 45.924927 -129.992310 0.880 -1.75 319000446
2023 7 9 16 58 54.720 45.922359 -129.969279 1.619 -1.27 319000467
2023 7 9 17 35 27.540 45.963871 -129.991154 1.523 -1.86 319000483
2023 7 9 17 40 3.000 45.920911 -129.990275 0.828 -1.87 319000485
2023 7 9 17 40 52.040 45.905924 -129.949805 2.169 -1.11 319000486
2023 7 9 18 17 23.480 45.950452 -130.012061 1.360 -0.85 319000498
2023 7 9 22 46 24.080 45.921403 -129.985303 1.145 -2.00 319000544
2023 7 9 23 26 18.320 45.980013 -129.997770 1.642 -1.45 319000548
2023 7 9 23 30 32.860 45.979781 -129.995825 1.176 -1.41 319000549
2023 7 9 23 58 55.020 45.931710 -129.981136 3.127 -1.70 319000557
2023 7 10 0 59 31.150 45.923539 -129.990120 1.011 -1.51 319100008
2023 7 10 1 1 44.960 45.923946 -129.990381 0.939 -1.88 319100011
2023 7 10 1 4 37.110 45.923983 -129.990063 1.063 -1.64 319100013
2023 7 10 1 6 27.950 45.923808 -129.989648 1.138 -1.69 319100014
2023 7 10 5 12 55.760 46.002201 -130.028752 1.551 -1.58 319100052
2023 7 10 6 9 32.610 46.000761 -130.026359 1.310 -1.66 319100062
2023 7 10 6 27 26.310 45.926436 -129.984603 1.072 -1.77 319100067
2023 7 10 7 47 9.400 45.921419 -129.984359 1.396 -2.00 319100076
2023 7 10 7 49 35.940 45.927344 -129.984912 0.839 -1.90 319100077
2023 7 10 11 43 7.090 45.973409 -130.005054 0.708 -1.86 319100103
2023 7 10 12 45 15.650 45.993091 -130.012500 0.237 -1.99 319100114
2023 7 10 12 46 19.590 46.000220 -130.016911 1.186 -1.68 319100115
2023 7 10 13 5 45.150 45.926188 -129.984993 0.987 -1.95 319100117
2023 7 10 15 4 23.370 45.922624 -129.991504 0.824 -1.21 319100127
2023 7 10 15 59 52.410 45.996533 -130.036979 0.506 -1.94 319100135
2023 7 10 17 38 46.080 46.004378 -130.030298 1.652 -0.84 319100144
2023 7 10 20 23 28.360 46.002856 -130.028605 1.673 -1.36 319100152
2023 7 10 21 18 19.480 46.004020 -130.030298 1.762 -2.00 319100155
2023 7 10 21 19 51.020 46.003691 -130.029191 1.677 -1.78 319100156
2023 7 10 21 20 2.120 46.002873 -130.029549 1.628 -1.98 319100157
2023 7 10 22 0 57.240 46.002946 -130.028467 1.573 -1.28 319100159
2023 7 10 22 1 19.780 46.002592 -130.028564 1.624 -1.07 319100160
2023 7 10 22 11 22.600 45.963953 -129.992830 0.959 -1.55 319100162
2023 7 10 22 22 18.920 46.002511 -130.023079 1.675 -2.00 319100163
2023 7 11 1 18 40.150 46.004171 -130.030103 1.703 -1.91 319200003
2023 7 11 5 26 0.550 45.945207 -129.993595 2.486 -1.11 319200009
2023 7 11 10 10 6.090 45.920618 -129.976074 1.515 -1.53 319200014
2023 7 11 11 2 32.030 45.984566 -130.000464 0.387 -1.30 319200016
2023 7 11 12 19 24.540 45.925846 -129.976123 2.546 -2.00 319200026
2023 7 11 12 20 27.010 45.924947 -129.986751 1.052 -1.93 319200027
2023 7 11 12 42 39.570 45.975382 -129.995760 1.141 -1.27 319200034
2023 7 11 13 21 9.800 46.003271 -130.023185 1.623 -1.04 319200040
2023 7 11 14 53 25.800 46.002767 -130.027523 1.421 -1.23 319200043
2023 7 11 20 11 44.840 46.002559 -130.023047 1.577 -1.22 319200056
2023 7 11 20 11 47.380 46.001949 -130.029793 1.904 -1.29 319200057
2023 7 11 20 11 52.480 46.002930 -130.022103 1.449 -1.31 319200058
2023 7 11 20 46 56.840 45.961446 -130.029134 0.572 -1.27 319200060
2023 7 11 20 48 7.560 45.920439 -129.985482 0.806 -1.81 319200061
2023 7 11 21 54 28.880 45.977694 -130.032633 1.151 -1.94 319200066
2023 7 11 22 27 18.220 46.005164 -130.023966 1.460 -2.00 319200067
2023 7 12 2 37 42.910 45.923763 -129.979883 1.334 -1.34 319300011
2023 7 12 2 42 33.710 45.922929 -129.981828 1.117 -2.00 319300012
2023 7 12 5 8 58.390 46.001180 -130.028483 1.432 -1.72 319300023
2023 7 12 9 42 29.410 46.013049 -130.037459 1.596 -0.95 319300038
2023 7 12 10 5 43.260 45.958667 -129.987703 1.584 -1.90 319300041
2023 7 12 10 47 9.300 45.939412 -130.019181 1.235 -2.00 319300043
2023 7 12 10 47 35.750 45.938310 -130.020524 1.385 -1.84 319300044
2023 7 12 10 51 34.630 45.937797 -130.020312 1.382 -2.00 319300046
2023 7 12 10 51 56.020 45.938851 -130.020223 1.385 -2.00 319300047
2023 7 12 10 54 7.170 45.939473 -130.020654 1.440 -1.86 319300048
2023 7 12 10 54 15.360 45.937679 -130.020337 1.524 -1.63 319300049
2023 7 12 11 43 39.030 45.926583 -129.986987 1.073 -1.82 319300053
2023 7 12 12 9 25.650 46.005318 -130.034578 1.086 -1.16 319300056
2023 7 12 12 56 24.920 45.996513 -130.027173 0.847 -1.22 319300058
2023 7 12 12 59 39.390 45.995463 -130.020044 1.243 -1.23 319300059
2023 7 12 13 47 24.810 45.995439 -129.983960 2.497 -1.25 319300065
2023 7 12 15 21 47.210 45.938326 -129.988997 1.235 -1.88 319300079
2023 7 12 15 22 52.180 45.998466 -130.026326 1.585 -1.44 319300080
2023 7 12 15 38 8.790 45.936776 -129.987191 1.401 -1.72 319300081
2023 7 12 15 38 56.310 45.931063 -129.984424 1.522 -1.83 319300082
2023 7 12 15 42 27.320 45.937382 -129.987386 1.387 -1.27 319300083
2023 7 12 16 26 40.630 45.986125 -130.032772 0.198 -0.93 319300085
2023 7 12 16 39 8.620 46.012988 -130.036613 1.485 -1.19 319300088
2023 7 12 20 30 46.360 45.992725 -130.040763 0.338 -1.61 319300098
2023 7 12 20 35 13.400 45.914543 -129.960612 0.616 -1.40 319300099
2023 7 12 21 14 57.240 45.965499 -129.990877 1.825 -1.45 319300104
2023 7 12 23 45 9.840 45.913062 -129.986060 0.731 -1.64 319300108
2023 7 12 23 51 22.720 45.985246 -129.990479 1.259 -1.18 319300109
2023 7 13 3 10 51.760 45.921688 -129.987313 0.934 -1.89 319400005
2023 7 13 8 44 4.030 45.938969 -129.980070 1.666 -1.25 319400013
2023 7 13 8 44 17.470 45.938924 -129.979899 1.637 -1.79 319400014
2023 7 13 8 44 24.140 45.938367 -129.979338 1.670 -1.39 319400015
2023 7 13 8 44 51.950 45.938582 -129.980493 1.608 -1.54 319400016
2023 7 13 8 45 0.830 45.938586 -129.980070 1.695 -1.53 319400017
2023 7 13 8 45 20.310 45.939852 -129.981958 1.626 -1.24 319400018
2023 7 13 8 46 10.800 45.939535 -129.981714 1.642 -1.52 319400019
2023 7 13 8 46 41.840 45.938879 -129.980192 1.669 -1.71 319400020
2023 7 13 8 53 48.250 45.937463 -129.978906 1.614 -2.00 319400021
2023 7 13 9 11 50.560 45.940153 -129.978158 1.496 -1.24 319400022
2023 7 13 9 50 19.440 45.926737 -129.988273 1.123 -1.60 319400023
2023 7 13 10 57 8.390 45.992456 -130.011825 1.815 -1.90 319400025
2023 7 13 12 27 26.840 45.911540 -129.986450 0.576 -1.46 319400032
2023 7 13 12 28 59.700 45.920125 -129.992269 3.200 -1.45 319400033
2023 7 13 13 29 19.760 46.003532 -130.027856 1.534 -0.93 319400041
2023 7 13 13 30 14.280 46.004761 -130.029858 1.657 -1.48 319400043
2023 7 13 13 30 23.060 46.004700 -130.029801 1.673 -1.47 319400044
2023 7 13 13 30 54.170 46.004443 -130.029305 1.525 -1.67 319400046
2023 7 13 13 31 28.100 46.005477 -130.029289 1.537 -1.53 319400047
2023 7 13 13 31 42.250 46.005098 -130.028784 1.518 -1.02 319400048
2023 7 13 13 33 25.990 46.003520 -130.027938 1.490 -1.18 319400051
2023 7 13 13 33 43.040 46.004834 -130.028507 1.484 -1.62 319400052
2023 7 13 13 36 7.820 46.004447 -130.029574 1.639 -1.45 319400054
2023 7 13 13 38 26.570 46.004220 -130.028540 1.463 -0.75 319400056
2023 7 13 14 4 52.220 46.005111 -130.029403 1.699 -1.56 319400058
2023 7 13 14 7 52.840 46.001156 -130.025016 1.586 -1.80 319400061
2023 7 13 14 9 18.680 45.997156 -130.018001 1.224 -1.51 319400062
2023 7 13 14 15 47.590 46.005977 -130.039583 2.183 -1.27 319400065
2023 7 13 14 21 5.440 46.004578 -130.029362 1.642 -1.44 319400066
2023 7 13 16 4 54.420 46.008158 -130.031494 1.475 -0.94 319400074
2023 7 13 17 28 17.680 45.988163 -130.005387 1.747 -1.76 319400078
2023 7 13 17 28 30.680 45.988265 -130.005534 1.739 -1.61 319400079
2023 7 14 10 6 23.670 46.003426 -130.028996 1.554 -1.45 319500020
2023 7 14 15 51 49.350 46.001660 -130.027620 1.277 -1.76 319500035
2023 7 14 20 37 24.300 46.005851 -130.027157 1.590 -1.72 319500055
2023 7 14 23 29 7.080 46.001070 -130.029134 1.580 -1.66 319500068
2023 7 15 0 45 42.850 46.003125 -130.031038 1.711 -2.00 319600001
2023 7 15 0 46 19.040 46.002437 -130.029598 1.613 -1.26 319600002
2023 7 15 0 46 35.930 46.002702 -130.029785 1.627 -1.52 319600004
2023 7 15 0 47 3.900 46.003105 -130.029321 1.716 -1.94 319600005
2023 7 15 2 2 53.020 45.952433 -130.043099 2.092 -1.45 319600007
2023 7 15 6 50 30.950 45.922904 -129.988322 0.885 -1.78 319600021
2023 7 15 8 10 25.760 45.996069 -130.016642 0.973 -2.00 319600035
2023 7 15 8 11 43.180 45.920581 -129.989844 0.896 -2.00 319600036
2023 7 15 9 1 52.560 45.958411 -129.987386 1.531 -1.61 319600037
2023 7 15 9 32 49.020 46.003658 -130.024902 1.429 -1.50 319600041
2023 7 15 11 38 4.090 45.924931 -129.978711 1.304 -2.00 319600049
2023 7 15 11 38 10.910 45.924117 -129.979533 1.448 -1.64 319600050
2023 7 15 12 25 24.770 45.924357 -129.989250 1.237 -1.79 319600055
2023 7 15 13 34 22.110 45.928703 -130.004972 0.470 -2.00 319600060
2023 7 16 1 20 56.350 45.962362 -129.993677 1.162 -1.45 319700002
2023 7 16 2 57 15.990 46.004700 -130.033122 1.405 -1.20 319700007
2023 7 16 3 12 15.770 45.919137 -129.980412 1.355 -1.86 319700008
2023 7 16 9 5 26.720 45.908785 -129.984871 0.048 -1.84 319700037
2023 7 16 13 27 0.160 45.925110 -129.981576 1.333 -1.22 319700060
2023 7 16 14 51 12.980 45.922363 -129.990959 1.008 -2.00 319700068
2023 7 16 14 59 37.390 45.940129 -129.990340 1.519 -1.86 319700069
2023 7 16 15 5 21.160 45.940369 -129.991764 1.236 -2.00 319700073
2023 7 16 15 57 53.950 45.959493 -129.993587 1.795 -2.00 319700076
2023 7 16 17 49 24.680 46.002047 -130.023079 1.611 -1.38 319700080
2023 7 16 21 18 18.080 46.030729 -130.013428 1.942 -0.99 319700085
2023 7 17 7 28 13.640 45.943453 -130.044604 1.838 -1.54 319800015
2023 7 17 7 45 26.490 45.945996 -130.037565 1.599 -1.91 319800016
2023 7 17 9 53 56.130 45.924963 -129.991960 0.932 -1.92 319800019
2023 7 17 10 20 56.980 45.935400 -130.018042 0.951 -1.72 319800024
2023 7 17 10 21 11.780 45.935404 -130.016846 1.046 -1.24 319800025
2023 7 17 10 21 24.190 45.934998 -130.017725 0.948 -1.56 319800026
2023 7 17 10 22 7.730 45.935299 -130.016642 1.021 -0.41 319800027
2023 7 17 14 53 22.510 45.917859 -129.974707 1.296 -2.00 319800049
2023 7 17 15 52 15.030 45.996130 -130.011735 1.022 -1.31 319800060
2023 7 17 16 10 37.160 45.921863 -129.990015 0.943 -1.90 319800064
2023 7 17 17 6 22.760 45.923287 -129.988818 0.947 -1.48 319800079
2023 7 17 17 32 4.320 45.923983 -129.988981 0.930 -1.69 319800081
2023 7 17 21 2 59.320 45.924398 -129.981714 1.181 -1.83 319800094
2023 7 18 0 57 15.650 45.983431 -130.044702 1.746 -1.92 319900004
2023 7 18 2 9 3.980 45.922673 -129.987988 1.145 -1.73 319900005
2023 7 18 5 9 36.070 45.923617 -129.989095 0.811 -1.70 319900013
2023 7 18 10 35 44.360 45.950968 -130.044515 1.802 -1.32 319900020
2023 7 18 15 39 54.010 46.002409 -130.025065 1.443 -1.73 319900027
2023 7 18 23 22 23.880 45.951054 -130.037134 1.047 -1.00 319900038
2023 7 19 0 5 34.030 46.000460 -130.022005 1.600 -1.73 320000000
2023 7 19 0 55 19.250 46.000854 -130.026717 1.749 -0.83 320000003
2023 7 19 5 6 21.320 46.012211 -130.033667 1.678 -1.10 320000007
2023 7 19 5 31 7.510 45.961723 -130.008830 2.537 -1.29 320000013
2023 7 19 5 38 23.260 45.944063 -130.004867 1.948 -0.88 320000022
2023 7 19 9 43 1.020 45.987284 -130.002271 1.779 -1.85 320000028
2023 7 19 10 21 6.280 45.921167 -129.984806 1.060 -1.80 320000032
2023 7 19 13 26 16.680 45.925448 -129.976034 2.248 -1.30 320000038
2023 7 19 16 43 51.060 45.947400 -129.991471 1.628 -1.56 320000046
2023 7 19 17 2 4.680 45.924841 -129.991341 0.920 -1.64 320000050
2023 7 19 17 2 7.500 45.924536 -129.991007 0.857 -1.70 320000051
2023 7 19 17 2 56.500 45.924703 -129.991382 0.934 -1.38 320000052
2023 7 19 17 6 57.120 45.984981 -129.991105 0.296 -1.91 320000053
2023 7 19 17 46 34.780 45.966602 -129.996794 1.390 -1.90 320000055
2023 7 19 18 3 34.840 45.924744 -129.991317 0.875 -2.00 320000056
2023 7 19 19 28 48.200 45.967887 -129.996623 1.551 -1.57 320000058
2023 7 19 20 10 49.200 46.005872 -130.026790 1.545 -1.56 320000059
2023 7 19 22 49 30.640 45.961593 -129.993774 1.982 -1.43 320000061
2023 7 20 7 1 24.000 46.001196 -130.030005 1.531 -1.00 320100015
2023 7 20 10 3 59.350 45.923739 -129.987720 1.064 -1.66 320100024
2023 7 20 10 10 20.840 46.011930 -130.030461 1.465 -1.85 320100025
2023 7 20 15 25 16.160 45.928459 -129.982739 1.376 -1.52 320100041
2023 7 20 17 5 56.040 45.973690 -129.987842 1.154 -1.46 320100050
2023 7 20 18 46 44.920 45.925155 -129.990845 1.199 -1.65 320100055
2023 7 20 20 39 19.200 45.923608 -129.990487 0.757 -2.00 320100072
2023 7 20 21 39 48.840 46.001086 -130.027425 1.179 -1.65 320100074
2023 7 20 23 58 56.100 45.999898 -130.026774 1.332 -1.98 320100077
2023 7 21 1 13 57.930 46.016345 -130.020492 0.974 -0.96 320200001
2023 7 21 8 25 59.390 45.925228 -129.982690 1.352 -1.87 320200024
2023 7 21 11 12 10.850 45.918868 -129.983561 2.249 -1.84 320200026
2023 7 21 14 15 58.270 45.937988 -130.031217 1.412 -1.58 320200028
2023 7 21 14 51 14.240 46.017045 -130.034147 1.762 -1.63 320200032
2023 7 21 15 59 22.950 45.938957 -129.987484 1.436 -1.95 320200039
2023 7 21 16 57 50.430 45.998975 -130.026180 1.781 -1.54 320200040
2023 7 21 17 53 35.660 45.925281 -129.989787 0.985 -2.00 320200042
2023 7 22 11 39 25.190 46.013794 -130.029500 1.562 -1.66 320300009
2023 7 22 13 30 2.460 45.918632 -129.984953 1.637 -2.00 320300010
2023 7 22 13 36 20.770 45.927153 -130.013460 1.156 -1.12 320300011
2023 7 22 15 26 57.220 45.922652 -129.987508 2.764 -1.40 320300021
2023 7 22 17 14 45.920 45.965430 -129.991333 1.795 -1.69 320300024
2023 7 22 18 15 28.440 46.002917 -130.027620 1.289 -1.35 320300028
2023 7 22 19 48 0.240 46.001860 -130.028621 1.522 -1.38 320300029
2023 7 23 8 40 10.960 45.922929 -129.987996 0.833 -1.94 320400002
2023 7 23 10 49 43.320 46.005265 -130.031616 1.981 -1.55 320400003
2023 7 23 11 1 49.350 45.967285 -129.996582 1.541 -1.36 320400004
2023 7 24 4 38 32.990 45.961963 -129.995459 1.540 -1.24 320500001
2023 7 24 6 40 27.610 45.957593 -130.018701 2.048 -1.44 320500003
2023 7 24 7 44 19.840 45.993905 -130.038257 0.124 -1.71 320500009
2023 7 25 1 40 56.360 46.001310 -130.026481 1.492 -1.46 320600000
2023 7 25 2 6 33.960 45.922750 -129.987549 1.784 -1.65 320600001
2023 7 25 2 11 17.020 46.007064 -130.031453 1.302 -1.32 320600002
2023 7 25 3 32 24.420 46.003715 -130.022990 1.478 -1.51 320600005
2023 7 25 11 54 59.350 46.004915 -130.029468 1.438 -0.98 320600017
2023 7 25 15 47 59.330 45.920903 -129.975309 1.631 -1.34 320600018
2023 7 25 20 18 8.620 45.987496 -130.039233 1.707 -1.45 320600023
2023 7 26 0 37 54.290 45.922087 -129.995003 0.869 -1.24 320700000
2023 7 26 7 30 10.780 45.987374 -130.014364 1.648 -1.13 320700011
2023 7 26 13 40 42.170 46.011816 -130.036296 1.630 -0.97 320700020
2023 7 26 15 5 59.030 46.005831 -130.027043 1.617 -1.06 320700023
2023 7 26 17 57 42.280 46.003967 -130.018848 1.351 -1.41 320700031
2023 7 26 17 57 52.720 45.964742 -129.995182 1.309 -1.22 320700032
2023 7 26 19 17 11.560 46.003882 -130.019458 1.456 -1.19 320700034
2023 7 26 22 33 44.360 46.014071 -130.035620 1.383 -0.97 320700038
2023 7 26 22 48 56.340 45.941760 -130.019849 1.351 -1.54 320700040
2023 7 27 1 7 16.410 45.932133 -129.980957 1.549 -1.34 320800002
2023 7 27 1 14 1.210 45.933053 -129.981388 1.637 -1.65 320800003
2023 7 27 1 28 6.060 45.931270 -129.979582 1.473 -1.40 320800004
2023 7 27 4 46 42.950 46.004899 -130.026831 1.614 -1.72 320800007
2023 7 27 9 6 58.090 45.921033 -129.994417 1.006 -1.60 320800012
2023 7 27 9 7 24.050 45.921684 -129.994588 0.857 -2.00 320800013
2023 7 27 9 14 13.190 45.921448 -129.994604 1.062 -1.82 320800014
2023 7 27 9 16 20.540 45.922314 -129.994637 0.787 -2.00 320800016
2023 7 27 9 25 7.720 45.988118 -130.006104 1.983 -1.31 320800021
2023 7 27 9 25 16.430 45.988147 -130.006437 1.934 -1.85 320800022
2023 7 27 9 28 8.230 45.988062 -130.005819 2.024 -1.81 320800025
2023 7 27 9 28 16.400 45.987012 -130.006201 1.910 -2.00 320800026
2023 7 27 9 29 1.320 45.987484 -130.006502 1.936 -2.00 320800028
2023 7 27 9 34 25.780 45.988468 -130.005981 1.928 -2.00 320800029
2023 7 27 9 47 27.720 45.988269 -130.006437 1.828 -1.73 320800031
2023 7 27 11 44 19.400 45.927673 -129.980192 2.425 -1.42 320800036
2023 7 27 12 8 57.670 46.002047 -130.026676 1.400 -1.53 320800037
2023 7 27 12 10 27.830 46.006120 -130.029744 1.464 -1.53 320800038
2023 7 27 15 15 8.170 45.976978 -129.984432 0.123 -1.11 320800044
2023 7 27 15 29 38.590 45.921379 -129.987728 1.055 -2.00 320800046
2023 7 27 15 46 12.900 45.925167 -129.980786 1.075 -1.55 320800047
2023 7 27 17 20 11.300 45.938383 -130.026066 3.028 -1.22 320800049
2023 7 27 17 33 30.780 45.941699 -130.018172 1.046 -1.75 320800050
2023 7 27 17 45 8.420 45.924361 -129.979224 2.264 -1.13 320800051
2023 7 27 17 56 3.600 45.923808 -129.970866 1.293 -1.55 320800052
2023 7 27 22 50 40.840 45.930847 -129.975431 1.572 -1.53 320800054
2023 7 27 23 7 30.440 45.936397 -130.028223 1.787 -1.58 320800055
2023 7 28 1 53 45.780 45.925517 -129.976318 1.238 -1.53 320900002
2023 7 28 2 37 46.390 45.925606 -129.977450 1.365 -2.00 320900004
2023 7 28 5 4 45.640 46.008720 -130.024935 0.066 -1.81 320900012
2023 7 28 5 13 6.420 46.004932 -130.029183 1.481 -1.52 320900014
2023 7 28 9 45 16.390 45.922961 -129.989396 1.353 -1.59 320900027
2023 7 28 10 22 40.910 45.973067 -129.993213 0.998 -1.96 320900036
2023 7 28 12 27 59.670 45.924801 -129.986328 0.776 -1.12 320900043
2023 7 28 18 21 19.920 45.946773 -130.038835 1.701 -1.61 320900058
2023 7 28 18 23 55.080 45.946875 -130.039445 1.847 -1.38 320900059
2023 7 29 0 11 0.940 45.922925 -129.986263 0.870 -2.00 321000000
2023 7 29 7 41 11.310 45.984473 -130.011654 0.814 -1.48 321000018
2023 7 29 12 5 16.020 45.913460 -129.986076 0.711 -1.36 321000028
2023 7 29 12 8 32.820 45.994063 -130.012459 1.358 -2.00 321000031
2023 7 29 14 8 19.390 46.001367 -130.024715 1.595 -1.27 321000041
2023 7 29 14 33 9.360 46.005896 -130.042155 1.361 -0.88 321000044
2023 7 29 14 37 41.410 46.009330 -130.032951 1.064 -1.12 321000045
2023 7 29 15 58 41.370 45.984574 -130.057544 1.816 -2.00 321000047
2023 7 30 0 34 47.870 46.002401 -130.024520 1.579 -1.20 321100001
2023 7 30 3 31 38.030 45.924805 -129.990112 0.909 -2.00 321100002
2023 7 30 5 41 37.890 45.920972 -129.990202 0.879 -1.76 321100010
2023 7 30 5 41 58.640 45.971965 -129.990560 2.552 -1.89 321100011
2023 7 30 12 24 51.650 45.967879 -129.996419 1.898 -1.72 321100029
2023 7 30 12 44 59.680 45.930160 -130.002775 3.327 -1.67 321100030
2023 7 30 13 15 46.420 45.922807 -129.989852 0.981 -1.90 321100032
2023 7 30 14 7 11.110 45.924443 -129.989258 0.951 -1.57 321100036
2023 7 30 14 51 4.210 45.990812 -130.009489 0.617 -1.44 321100037
2023 7 30 16 13 39.350 46.012244 -130.033984 1.653 -1.40 321100042
2023 7 30 16 50 11.500 45.908976 -129.967131 1.301 -1.68 321100045
2023 7 31 5 12 4.550 46.002865 -130.028345 1.449 -1.74 321200013
2023 7 31 5 43 24.100 45.921444 -129.987785 1.131 -1.88 321200015
2023 7 31 5 44 48.120 45.921375 -129.988127 1.136 -1.82 321200016
2023 7 31 12 18 59.940 45.917627 -129.983398 2.787 -1.97 321200032
2023 7 31 13 18 41.710 45.923499 -129.974341 1.286 -1.40 321200037
2023 7 31 13 37 54.300 45.920235 -129.990568 0.795 -2.00 321200040
2023 7 31 13 42 7.250 45.924573 -129.982568 1.390 -1.41 321200041
2023 7 31 14 17 48.090 45.991724 -130.040031 0.979 -1.25 321200046
2023 7 31 14 20 27.680 45.959005 -129.989054 1.259 -2.00 321200047
2023 7 31 14 22 14.250 45.958691 -129.989819 2.123 -1.60 321200049
2023 7 31 14 34 57.940 45.957975 -129.989437 2.040 -2.00 321200050
2023 7 31 15 28 19.430 45.958500 -129.989819 2.060 -1.53 321200055
2023 7 31 15 30 8.740 46.003825 -130.030656 1.375 -1.39 321200056
2023 7 31 15 50 36.090 45.967013 -129.994881 1.669 -1.81 321200057
2023 7 31 18 16 49.900 45.959432 -129.990308 1.879 -1.88 321200065
2023 7 31 19 34 12.600 45.957694 -129.989559 1.917 -0.74 321200068
2023 7 31 19 42 39.620 45.957145 -129.990023 1.162 -2.00 321200071
2023 7 31 19 51 8.840 45.957747 -129.989551 1.764 -2.00 321200072
2023 7 31 20 25 26.440 45.958431 -129.990812 1.706 -2.00 321200073
2023 7 31 22 13 29.920 46.001058 -130.009367 1.761 -1.16 321200092
2023 8 1 2 44 23.180 46.002502 -130.028255 1.445 -1.34 321300001
2023 8 1 2 44 30.290 46.002238 -130.028621 1.573 -1.25 321300002
2023 8 1 3 57 40.770 45.923104 -129.987386 1.164 -1.93 321300011
2023 8 1 7 10 12.390 45.920207 -129.975415 1.538 -1.17 321300028
2023 8 1 7 34 7.700 45.920015 -129.975602 1.439 -1.72 321300031
2023 8 1 8 23 53.760 45.959387 -129.993538 1.633 -1.41 321300033
2023 8 1 9 26 57.520 45.923966 -129.981576 1.229 -1.88 321300036
2023 8 1 10 18 47.780 45.953499 -130.016333 0.211 -1.50 321300041
2023 8 1 13 54 59.250 46.000330 -130.026497 1.318 -1.01 321300057
2023 8 1 19 55 14.360 45.967729 -129.996126 1.660 -2.00 321300068
2023 8 1 20 17 13.120 46.002295 -130.029980 1.569 -1.86 321300070
2023 8 1 21 10 39.520 45.989986 -129.986670 1.562 -1.83 321300075
2023 8 1 21 24 48.980 45.923238 -129.990243 0.852 -1.46 321300076
2023 8 1 23 15 20.800 45.953133 -130.047103 1.136 -0.35 321300100
2023 8 1 23 31 32.400 45.979696 -130.024121 0.482 -1.72 321300113
2023 8 1 23 43 1.280 45.968245 -130.021248 0.193 -1.75 321300117
2023 8 1 23 54 45.220 45.960482 -130.011589 0.193 -1.90 321300123
2023 8 2 3 34 46.380 45.926563 -129.979826 2.167 -1.66 321400024
2023 8 2 4 30 58.990 45.962703 -129.997689 0.405 -1.90 321400028
2023 8 2 6 6 52.800 45.924740 -129.990983 0.972 -1.80 321400036
2023 8 2 6 10 1.110 45.924475 -129.990853 0.974 -1.30 321400037
2023 8 2 6 10 25.790 45.925932 -129.988086 2.440 -1.79 321400038
2023 8 2 12 37 9.710 45.921016 -129.989632 0.875 -1.45 321400055
2023 8 2 12 39 52.660 45.930245 -129.975244 2.725 -1.30 321400057
2023 8 2 12 41 5.320 45.926481 -129.983447 1.111 -1.24 321400059
2023 8 2 12 42 12.090 45.930082 -129.975553 3.066 -1.96 321400060
2023 8 2 12 44 2.420 45.926017 -129.984351 1.122 -1.46 321400061
2023 8 2 12 45 41.480 45.923124 -129.980550 1.772 -1.96 321400062
2023 8 2 12 56 19.730 45.925431 -129.983057 1.228 -1.36 321400063
2023 8 2 14 24 13.800 45.941203 -130.018555 1.300 -0.87 321400067
2023 8 2 15 25 2.980 45.948775 -129.988322 1.819 -1.80 321400073
2023 8 2 15 55 52.550 45.905514 -129.975065 0.485 -1.56 321400076
2023 8 2 15 57 14.580 45.921102 -129.985042 3.008 -2.00 321400078
2023 8 2 15 57 28.020 45.922721 -129.991764 0.680 -1.67 321400079
2023 8 2 15 59 27.490 45.919425 -129.987744 1.216 -1.78 321400082
2023 8 2 16 1 43.080 45.923238 -129.984904 3.095 -1.74 321400083
2023 8 2 16 5 4.940 45.921851 -129.987085 1.030 -1.51 321400085
2023 8 2 16 5 11.200 45.921781 -129.988151 0.973 -1.70 321400087
2023 8 2 16 52 4.780 45.924048 -129.984578 3.121 -1.81 321400091
2023 8 2 17 34 10.240 45.922847 -129.985693 0.944 -2.00 321400096
2023 8 2 18 1 43.140 45.920915 -129.989258 1.222 -1.77 321400098
2023 8 2 18 1 58.600 45.921163 -129.989640 1.065 -2.00 321400099
2023 8 2 22 2 47.640 45.942456 -130.018408 1.029 -1.64 321400108
2023 8 2 22 58 44.760 46.003723 -130.027035 1.194 -1.66 321400111
2023 8 3 1 40 6.340 45.920597 -129.989925 0.847 -1.09 321500005
2023 8 3 1 40 17.490 45.920109 -129.988118 1.226 -1.31 321500006
2023 8 3 1 40 48.060 45.920239 -129.989461 1.059 -1.88 321500007
2023 8 3 1 44 10.390 45.920618 -129.989030 1.083 -1.12 321500009
2023 8 3 1 44 46.470 45.919592 -129.988835 0.874 -2.00 321500011
2023 8 3 1 59 54.670 45.919584 -129.982316 3.264 -1.72 321500013
2023 8 3 2 54 9.650 45.942061 -130.019059 1.333 -1.90 321500015
2023 8 3 4 11 20.000 45.923901 -129.990397 0.522 -2.00 321500018
2023 8 3 5 10 38.720 45.971305 -129.994385 1.132 -1.72 321500020
2023 8 3 6 28 52.940 46.001648 -130.030884 1.567 -0.64 321500023
2023 8 3 6 34 26.740 46.001021 -130.029631 1.523 -0.83 321500024
2023 8 3 10 55 37.420 45.926302 -130.010189 1.301 -1.88 321500028
2023 8 3 13 46 40.130 45.929712 -129.977205 2.653 -1.95 321500032
2023 8 3 14 2 6.560 46.004626 -130.024601 1.507 -1.14 321500033
2023 8 3 22 36 47.280 45.911910 -129.987044 0.815 -1.75 321500048
2023 8 3 22 36 51.400 45.908569 -129.985319 1.432 -1.77 321500049
2023 8 4 0 0 37.370 46.004976 -130.032365 1.111 -1.20 321600001
2023 8 4 4 25 13.590 45.928536 -129.979419 2.967 -2.00 321600007
2023 8 4 5 10 4.720 46.001213 -130.022534 1.562 -1.77 321600011
2023 8 4 6 10 12.590 45.949536 -130.006217 2.121 -1.40 321600013
2023 8 4 6 17 14.240 45.938778 -129.988558 1.317 -1.61 321600014
2023 8 4 7 30 4.370 45.922066 -129.985791 1.086 -2.00 321600015
2023 8 4 8 37 8.080 45.970662 -130.046151 0.460 -1.74 321600016
2023 8 4 9 49 55.390 45.937915 -130.051888 0.331 -1.06 321600020
2023 8 4 10 57 29.890 45.918896 -129.987126 1.286 -1.77 321600023
2023 8 4 12 18 28.760 45.962056 -129.995581 1.557 -1.84 321600028
2023 8 4 13 10 46.980 45.924837 -129.984814 1.253 -2.00 321600031
2023 8 4 13 49 3.890 45.933667 -129.986230 1.193 -1.82 321600034
2023 8 4 13 50 12.030 45.938692 -129.992179 1.713 -1.74 321600035
2023 8 4 14 20 30.420 45.936088 -129.986548 1.397 -1.66 321600036
2023 8 4 14 27 53.270 45.911877 -129.986776 0.648 -1.39 321600037
2023 8 4 15 48 24.130 45.924345 -129.991252 1.219 -2.00 321600044
2023 8 4 18 40 13.460 45.924784 -129.990715 1.109 -1.55 321600051
2023 8 5 0 25 52.440 45.926127 -129.988843 1.065 -1.84 321700001
2023 8 5 5 17 0.390 45.921940 -129.988257 0.862 -1.84 321700010
2023 8 5 5 25 15.990 45.924146 -129.982837 3.060 -1.66 321700011
2023 8 5 8 52 27.820 45.943221 -130.020597 1.193 -1.63 321700020
2023 8 5 9 26 38.480 45.966361 -129.996851 1.345 -1.67 321700022
2023 8 5 10 17 59.140 46.000037 -130.027067 1.218 -1.84 321700026
2023 8 5 10 27 41.780 45.946867 -129.993595 1.554 -1.98 321700027
2023 8 5 15 12 30.570 45.925960 -129.984847 1.194 -1.57 321700040
2023 8 5 16 40 17.580 45.919031 -129.989290 0.406 -0.91 321700092
2023 8 5 16 44 0.940 45.931022 -129.990381 0.111 -1.50 321700097
2023 8 5 16 51 33.240 45.944906 -129.993587 2.392 -1.03 321700107
2023 8 5 16 51 52.280 45.936418 -129.977018 0.728 -0.95 321700108
2023 8 5 16 58 45.050 45.939608 -130.006063 0.737 -0.87 321700119
2023 8 5 17 11 1.340 45.945467 -130.022437 1.532 -0.76 321700134
2023 8 5 19 11 2.520 46.002950 -130.028540 1.581 -1.61 321700171
2023 8 6 2 18 36.340 45.984469 -129.991252 0.189 -1.18 321800000
2023 8 6 3 34 3.600 46.021700 -130.035636 1.741 -1.52 321800001
2023 8 6 3 36 21.560 46.022351 -130.038460 2.051 -1.35 321800002
2023 8 6 6 24 8.290 45.922530 -129.987931 0.877 -1.45 321800008
2023 8 6 8 3 57.900 45.996749 -130.015804 2.087 -1.43 321800014
2023 8 6 15 51 52.610 45.922595 -129.987744 0.902 -2.00 321800032
2023 8 6 17 24 8.220 45.918319 -129.990576 0.907 -1.87 321800040
2023 8 6 18 22 28.280 46.000936 -130.025163 1.786 -1.61 321800053
2023 8 6 18 29 19.440 46.003564 -130.028524 1.818 -1.54 321800055
2023 8 6 18 31 16.760 46.000033 -130.022241 1.370 -1.80 321800057
2023 8 6 18 55 25.880 46.000574 -130.022510 1.349 -1.25 321800058
2023 8 6 19 9 56.040 46.003467 -130.024479 1.663 -2.00 321800062
2023 8 6 19 19 42.920 46.010144 -130.029826 2.569 -2.00 321800064
2023 8 6 19 23 26.400 46.002218 -130.024927 1.624 -1.99 321800066
2023 8 6 19 29 19.720 46.000895 -130.021240 1.382 -1.91 321800071
2023 8 6 19 35 40.840 46.001416 -130.023413 1.538 -1.64 321800075
2023 8 6 19 39 1.020 46.004472 -130.032365 3.105 -1.57 321800076
2023 8 6 19 44 2.060 46.001050 -130.024691 1.767 -1.45 321800077
2023 8 6 19 45 12.380 46.001961 -130.024129 1.594 -1.95 321800078
2023 8 6 19 45 27.620 46.001632 -130.024097 1.617 -1.33 321800079
2023 8 6 19 46 0.320 46.002279 -130.030436 2.961 -1.64 321800080
2023 8 6 19 57 39.280 46.002795 -130.027157 1.711 -1.23 321800084
2023 8 6 19 59 53.600 46.012630 -130.027051 1.749 -1.69 321800087
2023 8 6 20 3 14.000 46.004785 -130.025684 1.567 -1.57 321800089
2023 8 6 20 5 11.840 46.002173 -130.025871 1.475 -1.19 321800091
2023 8 6 20 11 15.680 46.003125 -130.025529 1.590 -1.86 321800097
2023 8 6 20 13 57.100 46.003027 -130.025073 1.537 -1.74 321800101
2023 8 6 20 14 1.020 46.002140 -130.024414 1.598 -1.56 321800102
2023 8 6 20 14 27.200 46.004423 -130.026921 1.644 -1.73 321800103
2023 8 6 20 18 37.360 46.003353 -130.024276 1.690 -1.17 321800108
2023 8 6 20 33 18.520 46.003634 -130.026326 1.664 -1.43 321800114
2023 8 6 20 39 19.060 46.001648 -130.023405 1.448 -1.40 321800116
2023 8 6 20 42 29.800 46.001465 -130.025350 1.681 -1.55 321800117
2023 8 6 21 20 21.900 45.996765 -130.016886 1.100 -1.06 321800131
2023 8 6 23 42 28.600 46.004309 -130.027295 1.609 -1.26 321800143
2023 8 6 23 54 17.020 46.004317 -130.027441 1.577 -0.92 321800145
2023 8 7 5 16 30.900 45.921106 -129.987467 1.076 -2.00 321900006
2023 8 7 5 44 15.350 46.004004 -130.027010 1.649 -0.66 321900008
2023 8 7 6 51 6.840 46.004602 -130.026082 1.545 -1.48 321900012
2023 8 7 10 50 43.530 45.925252 -129.990820 1.062 -1.12 321900020
2023 8 7 19 2 20.760 45.924373 -129.976782 1.542 -1.69 321900029
2023 8 7 23 50 49.760 46.004590 -130.025505 1.582 -1.55 321900035
2023 8 8 0 6 18.350 45.980062 -130.041162 1.571 -2.00 322000000
2023 8 8 1 12 11.380 45.965019 -129.989673 1.920 -1.28 322000003
2023 8 8 5 52 5.420 45.938896 -129.988021 1.271 -1.48 322000008
2023 8 8 7 23 12.560 45.992920 -130.010645 1.778 -1.73 322000011
2023 8 8 8 1 46.370 45.961670 -129.995662 1.508 -1.82 322000013
2023 8 8 8 29 28.150 45.962699 -129.994515 1.198 -1.53 322000014
2023 8 8 8 29 54.500 45.963944 -129.994946 1.495 -1.56 322000015
2023 8 8 8 42 0.930 45.939364 -130.019214 1.116 -1.17 322000016
2023 8 8 9 45 44.450 45.927242 -129.988232 1.214 -0.94 322000018
2023 8 8 10 29 38.930 46.004529 -130.029110 1.373 -1.40 322000019
2023 8 8 11 23 20.000 45.922542 -129.987492 1.002 -1.70 322000020
2023 8 8 11 30 1.830 45.998560 -130.025749 1.231 -1.34 322000021
2023 8 8 11 31 22.160 46.002734 -130.027710 1.320 -1.61 322000022
2023 8 8 12 23 55.190 45.930705 -130.021045 1.547 -2.00 322000023
2023 8 8 14 15 28.660 45.993624 -130.014217 1.612 -1.53 322000026
2023 8 8 18 46 30.920 45.927462 -129.987907 1.246 -1.39 322000034
2023 8 8 20 28 46.320 45.998193 -130.016309 1.923 -1.88 322000038
2023 8 8 22 40 21.200 45.962911 -129.990934 1.678 -1.61 322000044
2023 8 8 22 41 29.120 45.962480 -129.990820 1.858 -1.37 322000045
2023 8 8 22 58 44.720 46.001925 -130.026489 1.143 -1.14 322000047
2023 8 9 1 24 49.630 46.002779 -130.028345 1.497 -0.82 322100003
2023 8 9 1 25 22.570 46.005839 -130.029370 1.301 -1.03 322100004
2023 8 9 2 0 20.090 46.002905 -130.027979 1.297 -1.58 322100007
2023 8 9 3 12 0.380 46.000826 -130.026587 1.553 -1.19 322100013
2023 8 9 3 29 30.850 46.000993 -130.026685 1.462 -1.30 322100014
2023 8 9 3 30 25.040 46.002958 -130.025659 1.655 -1.54 322100015
2023 8 9 5 54 55.400 45.899679 -129.970223 2.172 -1.26 322100017
2023 8 9 8 23 32.800 45.917281 -129.989429 0.801 -1.54 322100022
2023 8 9 12 55 36.520 45.923560 -129.982959 1.175 -1.58 322100038
2023 8 9 14 25 52.360 45.962577 -129.995882 1.407 -1.59 322100042
2023 8 9 17 22 33.240 45.924947 -129.980737 1.087 -1.24 322100045
2023 8 9 17 22 40.960 45.924443 -129.981022 1.064 -2.00 322100046
2023 8 9 19 59 39.920 45.952726 -130.027734 0.463 -1.19 322100055
2023 8 9 20 18 26.420 45.999919 -130.029460 1.232 -1.75 322100056
2023 8 9 20 41 31.720 45.921309 -129.984229 1.144 -2.00 322100057
2023 8 9 20 41 40.060 45.921248 -129.984546 1.074 -2.00 322100058
2023 8 9 22 33 56.720 45.916451 -129.987354 0.830 -1.99 322100062
2023 8 9 22 47 22.400 45.916589 -129.987793 0.829 -1.84 322100064
2023 8 9 22 48 51.640 45.916728 -129.987272 0.837 -1.16 322100065
2023 8 9 23 3 40.300 45.913318 -129.982951 1.426 -1.62 322100067
2023 8 10 10 17 5.540 46.012301 -130.032625 1.471 -1.09 322200009
2023 8 10 11 36 32.550 45.939282 -129.988550 1.284 -1.78 322200012
2023 8 10 11 50 6.810 45.941947 -130.018197 1.274 -1.12 322200013
2023 8 10 13 38 55.690 45.977091 -129.997339 1.454 -1.73 322200019
2023 8 10 17 55 22.400 45.939925 -130.019857 1.094 -0.79 322200025
2023 8 11 2 32 40.830 45.927726 -129.980046 1.244 -1.25 322300003
2023 8 11 10 10 22.830 46.007605 -130.030697 1.544 -1.19 322300017
2023 8 11 10 10 40.820 46.008199 -130.031283 1.504 -1.38 322300018
2023 8 11 11 14 37.090 45.927718 -129.988029 0.796 -1.88 322300025
2023 8 11 11 17 58.190 45.923783 -129.980111 0.577 -2.00 322300027
2023 8 11 13 5 10.860 45.920833 -129.986182 0.941 -1.61 322300030
2023 8 11 13 41 2.690 45.942232 -130.018083 1.112 -1.81 322300032
2023 8 11 16 16 38.430 45.921269 -129.989502 0.969 -1.88 322300043
2023 8 11 18 35 49.160 45.925940 -129.986947 2.117 -1.60 322300058
2023 8 11 21 16 40.420 46.004329 -130.028345 1.364 -1.77 322300059
2023 8 11 21 46 52.160 45.926050 -129.980802 1.200 -1.64 322300061
2023 8 11 22 56 55.600 45.941752 -130.017790 1.030 -1.89 322300064
2023 8 12 0 13 6.840 45.998796 -130.026563 1.209 -1.12 322400000
2023 8 12 1 46 14.050 45.907593 -129.975895 1.679 -1.14 322400011
2023 8 12 2 6 36.840 45.966728 -129.995768 1.323 -1.35 322400012
2023 8 12 2 53 32.860 45.999581 -130.026969 1.468 -1.35 322400018
2023 8 12 7 47 52.290 45.999089 -130.025171 1.300 -1.31 322400031
2023 8 12 10 46 35.300 45.999792 -130.026090 1.431 -1.64 322400044
2023 8 12 12 14 52.380 45.975069 -129.998104 0.545 -1.69 322400050
2023 8 12 12 30 13.340 46.002283 -130.028239 1.407 -1.46 322400053
2023 8 12 13 10 33.720 45.943250 -129.982088 1.486 -1.13 322400059
2023 8 12 13 23 20.300 45.942566 -129.980876 1.658 -1.63 322400065
2023 8 12 14 6 16.750 45.959428 -129.988981 1.430 -1.25 322400068
2023 8 12 14 54 16.400 45.925806 -129.979907 1.244 -0.96 322400070
2023 8 12 16 36 54.720 45.959989 -129.988346 1.700 -2.00 322400076
2023 8 12 17 11 31.120 45.959485 -129.989526 2.079 -1.48 322400078
2023 8 12 17 11 40.740 45.962309 -129.985189 1.394 -1.80 322400079
2023 8 12 17 16 2.800 45.922375 -129.986418 0.955 -1.44 322400080
2023 8 12 17 18 42.760 45.959135 -129.989478 1.329 -2.00 322400081
2023 8 12 17 22 46.200 45.959094 -129.989640 2.004 -2.00 322400082
2023 8 12 17 39 30.560 45.959391 -129.989054 1.809 -2.00 322400083
2023 8 12 17 43 42.520 45.959566 -129.989242 1.544 -2.00 322400084
2023 8 12 17 53 45.940 45.959713 -129.989689 2.117 -1.85 322400087
2023 8 12 17 54 44.280 45.959566 -129.989746 1.490 -1.57 322400089
2023 8 12 17 56 58.240 45.959465 -129.989290 1.466 -1.80 322400092
2023 8 12 18 1 44.700 45.958976 -129.990194 2.206 -1.25 322400097
2023 8 12 18 13 43.800 45.959713 -129.988965 1.486 -2.00 322400101
2023 8 12 18 17 14.960 46.018791 -130.032161 0.770 -1.23 322400102
2023 8 12 20 27 43.700 45.915385 -129.990080 0.921 -1.47 322400117
2023 8 12 20 28 50.160 45.914925 -129.989884 0.921 -1.73 322400118
2023 8 12 21 21 37.520 45.924044 -129.984888 0.953 -2.00 322400123
2023 8 12 21 26 42.980 45.964404 -129.994849 2.309 -2.00 322400126
2023 8 12 23 9 37.840 45.999556 -130.027230 1.729 -1.78 322400145
2023 8 12 23 9 50.240 45.978988 -129.993856 0.469 -1.60 322400146
2023 8 13 0 58 47.390 46.001550 -130.028866 1.241 -1.57 322500003
2023 8 13 0 59 5.260 46.000513 -130.027498 1.263 -1.55 322500004
2023 8 13 3 14 43.400 45.959538 -129.990967 2.009 -1.39 322500014
2023 8 13 3 27 18.130 45.959229 -129.990145 1.906 -1.63 322500016
2023 8 13 4 14 21.730 45.931734 -129.992562 3.233 -1.36 322500018
2023 8 13 7 33 43.800 45.926025 -129.983675 1.291 -1.94 322500024
2023 8 13 9 41 46.080 45.923494 -129.988940 0.889 -1.84 322500028
2023 8 13 10 16 37.960 45.993864 -129.969596 0.097 -1.26 322500031
2023 8 13 12 31 52.580 45.950997 -129.986287 1.806 -1.62 322500040
2023 8 13 13 5 22.850 45.927714 -129.982161 1.299 -1.32 322500044
2023 8 13 13 25 58.930 46.000741 -130.026440 1.085 -1.09 322500047
2023 8 13 13 43 34.320 46.004093 -130.031478 1.039 -1.09 322500048
2023 8 13 15 5 27.680 45.894792 -129.997160 0.060 -1.08 322500052
2023 8 13 15 23 59.680 45.926876 -129.987882 1.078 -1.75 322500055
2023 8 13 18 7 31.520 46.014091 -130.036255 0.984 -1.28 322500059
2023 8 13 18 7 34.320 46.013326 -130.035677 1.350 -1.10 322500060
2023 8 13 18 8 20.200 46.012923 -130.035311 1.344 -1.11 322500062
2023 8 13 18 11 0.200 45.995996 -130.010197 1.116 -1.64 322500063
2023 8 13 18 26 35.080 46.012874 -130.035718 2.565 -1.59 322500064
2023 8 13 20 23 59.920 45.981905 -130.042033 1.295 -1.64 322500071
2023 8 13 23 23 47.360 45.942582 -130.011930 0.584 -1.72 322500074
2023 8 13 23 29 28.000 45.942086 -130.017049 0.947 -1.63 322500075
2023 8 14 6 45 15.950 45.984216 -129.999748 0.400 -1.63 322600015
2023 8 14 8 52 43.320 45.999044 -130.026619 1.203 -0.89 322600020
2023 8 14 8 52 47.780 45.973031 -129.995052 2.414 -1.44 322600021
2023 8 14 9 37 23.290 46.000187 -130.020825 1.490 -0.63 322600022
2023 8 14 11 45 46.780 46.004602 -130.030981 1.516 -0.97 322600029
2023 8 14 14 12 14.740 45.948344 -129.985596 1.883 -1.40 322600044
2023 8 14 14 18 8.290 45.942778 -129.982902 1.604 -1.77 322600045
2023 8 14 14 30 8.750 45.941553 -130.023267 2.599 -1.00 322600052
2023 8 14 23 37 14.520 46.000802 -130.026945 1.154 -1.56 322600058
2023 8 15 1 0 57.850 45.953532 -130.044889 1.941 -1.73 322700003
2023 8 15 16 17 57.420 45.933105 -129.979793 1.415 -1.51 322700043
2023 8 15 16 59 52.340 45.965499 -129.995711 1.377 -1.39 322700045
2023 8 15 17 4 33.320 46.002047 -130.025236 1.399 -1.17 322700046
2023 8 15 17 4 45.620 46.002409 -130.025041 1.414 -1.22 322700047
2023 8 15 19 20 12.600 46.000077 -130.026660 1.297 -1.68 322700053
2023 8 15 20 36 4.880 45.924524 -129.992008 1.160 -1.26 322700056
2023 8 15 21 26 9.520 45.998657 -130.033260 2.915 -1.38 322700059
2023 8 15 22 24 24.500 45.923022 -129.986735 0.972 -1.84 322700061
2023 8 16 0 8 34.920 45.966984 -129.996623 1.528 -1.83 322800000
2023 8 16 0 56 2.630 45.925000 -129.984465 1.072 -1.54 322800002
2023 8 16 1 24 36.920 45.925635 -129.983187 2.305 -1.60 322800003
2023 8 16 1 32 29.080 46.004415 -130.029940 1.429 -1.26 322800004
2023 8 16 3 29 25.250 45.915234 -129.987923 0.823 -1.75 322800009
2023 8 16 4 25 15.600 46.011426 -130.034961 1.638 -0.76 322800011
2023 8 16 4 46 43.070 45.915645 -129.988118 0.770 -1.41 322800013
2023 8 16 4 46 53.570 45.915462 -129.988314 0.644 -1.63 322800014
2023 8 16 4 53 48.070 45.915470 -129.988330 0.800 -1.92 322800015
2023 8 16 5 6 38.790 45.915686 -129.988029 0.845 -2.00 322800016
2023 8 16 7 14 15.550 45.922274 -129.988159 1.165 -1.55 322800017
2023 8 16 10 11 38.040 46.003243 -130.025423 1.393 -1.17 322800023
2023 8 16 10 14 10.470 45.949532 -130.049666 2.147 -1.81 322800024
2023 8 16 10 37 27.930 45.919604 -129.982422 1.185 -1.06 322800025
2023 8 16 14 54 16.110 45.922046 -129.989355 0.933 -2.00 322800041
2023 8 16 15 18 15.600 45.921106 -129.987760 1.101 -1.90 322800042
2023 8 16 15 18 24.020 45.919816 -129.985685 1.257 -1.86 322800043
2023 8 16 15 34 1.930 45.950224 -129.986043 1.828 -1.45 322800045
2023 8 16 15 35 58.370 45.949972 -129.987036 1.670 -1.94 322800046
2023 8 16 15 37 7.000 45.949186 -129.987899 1.656 -1.45 322800047
2023 8 16 15 37 47.280 45.950281 -129.986955 1.915 -1.22 322800048
2023 8 16 15 44 34.360 45.927165 -129.989136 0.742 -1.21 322800050
2023 8 16 18 12 49.320 45.920390 -129.989152 0.916 -1.91 322800057
2023 8 16 20 18 0.400 46.002051 -130.028092 1.226 -1.80 322800062
2023 8 16 23 0 16.020 45.945166 -130.040251 2.562 -1.59 322800067
2023 8 17 1 0 56.140 46.001815 -130.022371 1.003 -1.78 322900001
2023 8 17 1 4 3.750 46.002258 -130.029061 1.493 -1.55 322900002
2023 8 17 9 20 34.120 46.004761 -130.032609 1.153 -1.69 322900016
2023 8 17 13 32 57.160 45.988159 -129.995475 0.320 -1.28 322900023
2023 8 17 14 23 21.900 45.927055 -129.993547 0.682 -1.92 322900028
2023 8 17 16 36 36.580 45.937695 -130.004899 3.316 -1.32 322900035
2023 8 17 21 47 33.560 45.901331 -129.965552 2.902 -2.00 322900040
2023 8 18 3 18 36.610 45.924788 -129.992261 0.881 -2.00 323000001
2023 8 18 10 18 3.950 45.941028 -130.018359 1.350 -1.68 323000017
2023 8 18 12 17 19.120 46.008215 -130.027458 1.430 -0.79 323000020
2023 8 18 13 7 50.230 45.925513 -129.990942 1.013 -0.87 323000022
2023 8 18 14 28 36.410 46.005269 -130.036825 1.851 -1.08 323000029
2023 8 18 15 43 17.840 45.986979 -130.005282 1.649 -1.72 323000036
2023 8 18 15 46 45.930 45.923364 -129.987118 1.080 -1.26 323000039
2023 8 18 15 50 33.530 45.985840 -130.004980 1.668 -1.94 323000041
2023 8 18 19 48 47.440 45.924561 -129.982731 1.048 -2.00 323000046
2023 8 18 20 3 0.520 45.928984 -129.986670 3.138 -2.00 323000047
2023 8 18 20 41 22.660 45.923291 -129.981991 0.471 -1.80 323000049
2023 8 19 2 20 41.110 45.941732 -130.019222 1.233 -1.59 323100007
2023 8 19 2 21 41.890 45.940336 -130.022282 1.410 -1.66 323100008
2023 8 19 3 8 42.160 46.003369 -130.021794 1.222 -1.11 323100011
2023 8 19 4 32 49.120 45.922640 -129.981340 2.914 -1.67 323100013
2023 8 19 15 20 51.320 45.924556 -129.986458 0.986 -1.55 323100026
2023 8 19 16 39 31.160 45.951701 -129.987288 1.516 -1.72 323100029
2023 8 19 17 22 29.220 45.987752 -129.966203 2.795 -1.99 323100031
2023 8 19 17 50 9.860 45.923800 -129.933561 0.598 -1.07 323100033
2023 8 19 17 50 28.560 45.946175 -129.982886 1.574 -1.47 323100034
2023 8 19 17 54 32.120 45.946493 -129.982259 1.567 -1.92 323100036
2023 8 19 18 52 11.920 46.002861 -130.022697 1.374 -1.80 323100039
2023 8 19 19 31 40.960 45.995504 -130.027035 1.341 -1.41 323100040
2023 8 20 14 11 28.810 45.922786 -129.984806 1.161 -2.00 323200016
2023 8 20 17 25 0.080 46.000553 -130.027791 1.209 -1.75 323200021
2023 8 20 19 13 42.240 45.987809 -130.002067 2.313 -1.00 323200024
2023 8 21 1 32 17.190 45.930420 -129.979126 2.850 -2.00 323300001
2023 8 21 1 50 4.840 45.990287 -130.027686 0.445 -1.77 323300002
2023 8 21 3 6 45.220 45.965503 -129.997192 1.537 -1.91 323300004
2023 8 21 4 25 58.390 45.924003 -129.982349 1.070 -2.00 323300007
2023 8 21 5 17 30.660 45.926302 -129.985693 1.129 -1.59 323300009
2023 8 21 5 38 35.020 45.926538 -129.985286 1.120 -1.69 323300012
2023 8 21 5 38 40.440 45.926058 -129.984969 1.027 -1.94 323300013
2023 8 21 5 49 57.510 45.963163 -129.994808 1.536 -1.53 323300015
2023 8 21 6 7 55.310 46.001799 -130.030225 1.566 -1.43 323300016
2023 8 21 10 21 0.230 46.019100 -130.035685 1.247 -1.04 323300038
2023 8 21 10 42 53.540 46.005359 -130.026359 1.408 -1.60 323300040
2023 8 21 14 9 53.880 45.920976 -129.982153 1.555 -2.00 323300043
2023 8 21 15 56 47.260 46.003609 -130.018693 1.341 -1.89 323300044
2023 8 21 16 50 43.680 45.913204 -130.001172 0.056 -1.59 323300048
2023 8 21 16 53 44.400 45.905750 -129.980355 2.609 -1.45 323300050
2023 8 21 17 24 14.080 45.912337 -129.987915 0.589 -1.84 323300054
2023 8 21 17 25 12.920 45.911426 -129.986938 0.618 -1.47 323300055
2023 8 21 17 59 43.560 45.958459 -130.029590 0.252 -1.19 323300060
2023 8 21 18 4 28.440 45.912996 -129.987939 0.669 -0.41 323300063
2023 8 21 18 4 48.920 45.912732 -129.987826 0.680 -1.26 323300064
2023 8 21 18 4 54.640 45.912752 -129.987777 0.680 -1.08 323300065
2023 8 21 18 5 57.080 45.906893 -129.981063 2.099 -0.92 323300069
2023 8 21 18 10 10.400 45.913562 -129.988078 0.299 -1.05 323300070
2023 8 21 18 10 23.240 45.912903 -129.987874 0.651 -0.48 323300071
2023 8 21 18 10 36.960 45.912541 -129.987622 0.629 -0.87 323300072
2023 8 21 18 10 54.640 45.909086 -129.981746 0.669 -1.26 323300074
2023 8 21 18 11 10.600 45.912297 -129.988387 0.480 -1.37 323300075
2023 8 21 18 11 21.620 45.912594 -129.987712 0.671 -0.71 323300076
2023 8 21 18 11 31.960 45.912183 -129.987777 0.646 -0.99 323300077
2023 8 21 18 11 35.520 45.912622 -129.987508 0.687 -0.59 323300078
2023 8 21 18 11 56.040 45.909086 -129.982935 0.768 -1.85 323300079
2023 8 21 18 13 2.820 45.912215 -129.987638 0.682 -1.29 323300082
2023 8 21 18 13 42.960 45.913074 -129.988005 0.635 -1.13 323300084
2023 8 21 18 15 38.880 45.907520 -129.982438 2.265 -1.56 323300088
2023 8 21 18 15 48.000 45.912223 -129.987939 0.691 -1.22 323300089
2023 8 21 18 19 2.160 45.903837 -129.980688 2.713 -1.75 323300091
2023 8 21 18 19 13.360 45.912093 -129.987809 0.600 -1.75 323300092
2023 8 21 18 19 58.880 45.905204 -129.981722 2.426 -2.00 323300093
2023 8 21 18 20 3.640 45.911934 -129.987354 0.807 -1.36 323300094
2023 8 21 18 20 42.480 45.912183 -129.987305 0.651 -1.62 323300095
2023 8 21 18 22 44.760 45.911446 -129.986808 0.655 -1.74 323300097
2023 8 21 18 30 15.360 45.912504 -129.987215 0.668 -1.46 323300100
2023 8 21 18 30 39.080 45.912362 -129.987386 0.668 -1.27 323300101
2023 8 21 18 32 17.160 45.912756 -129.987817 0.616 -1.42 323300103
2023 8 21 18 42 46.620 45.912187 -129.986727 0.623 -1.50 323300105
2023 8 21 18 44 47.360 45.912679 -129.987891 0.681 -1.33 323300106
2023 8 21 18 46 36.340 45.912874 -129.988167 0.469 -0.93 323300108
2023 8 21 18 48 12.980 45.912301 -129.987598 0.682 -1.11 323300110
2023 8 21 18 56 2.440 45.912028 -129.986727 0.678 -1.66 323300112
2023 8 21 18 57 8.800 45.913342 -129.987882 0.682 -1.83 323300113
2023 8 21 19 16 37.320 45.912903 -129.987923 0.679 -0.87 323300115
2023 8 21 19 32 43.020 45.913302 -129.988208 0.611 -2.00 323300116
2023 8 21 20 35 13.960 45.905103 -129.981470 2.565 -1.91 323300120
2023 8 21 20 47 36.840 45.895992 -129.955729 1.467 -1.74 323300122
2023 8 22 9 11 24.500 45.924528 -129.980672 1.315 -1.62 323400009
2023 8 22 13 34 29.430 45.980819 -129.995622 0.251 -1.59 323400026
2023 8 22 16 20 23.150 45.987227 -130.017065 1.401 -1.99 323400028
2023 8 22 17 4 15.440 45.983586 -129.999512 1.812 -1.47 323400029
2023 8 22 17 11 59.280 45.986357 -130.000513 2.259 -1.93 323400030
2023 8 22 17 12 38.800 45.985461 -130.001506 1.911 -1.38 323400031
2023 8 22 17 21 28.520 45.975472 -129.996419 1.304 -1.56 323400033
2023 8 22 17 23 20.160 45.974048 -129.989925 2.898 -2.00 323400034
2023 8 22 17 31 36.420 45.987443 -130.000187 2.408 -1.44 323400036
2023 8 22 17 37 29.760 45.975830 -129.995809 1.453 -1.26 323400037
2023 8 22 17 40 27.100 45.974845 -129.996240 1.788 -1.65 323400039
2023 8 22 17 42 47.640 45.937211 -129.984456 1.332 -1.77 323400040
2023 8 22 17 47 25.680 46.013025 -130.037061 1.400 -1.30 323400042
2023 8 22 17 56 10.800 45.936401 -129.983667 1.425 -1.98 323400046
2023 8 22 18 18 32.780 45.935502 -129.983594 1.364 -1.48 323400048
2023 8 22 18 26 16.160 45.993966 -130.025293 1.177 -1.43 323400049
2023 8 22 22 19 56.420 46.012919 -130.036442 1.415 -1.20 323400052
2023 8 22 23 4 6.760 46.020431 -130.033626 1.965 -1.29 323400053
2023 8 23 5 1 16.890 45.922013 -129.986540 1.140 -1.66 323500000
2023 8 23 6 55 32.580 45.945251 -129.980387 1.428 -1.70 323500004
2023 8 23 7 6 9.790 45.957825 -130.029769 1.773 -1.55 323500005
2023 8 23 9 49 39.640 45.977059 -129.997160 1.266 -1.58 323500009
2023 8 23 10 10 45.700 45.993860 -130.026473 1.007 -2.00 323500011
2023 8 23 10 30 6.340 45.979517 -129.997184 0.779 -1.74 323500012
2023 8 23 10 31 20.200 45.977271 -129.997095 1.374 -1.80 323500013
2023 8 23 11 0 34.230 45.977132 -129.997209 1.224 -1.64 323500014
2023 8 23 11 0 43.920 45.977576 -129.997257 1.078 -1.64 323500015
2023 8 23 11 2 57.230 45.977486 -129.997559 1.595 -0.96 323500016
2023 8 23 11 5 50.090 45.977787 -129.996541 1.661 -1.53 323500017
2023 8 23 11 6 50.620 45.975932 -129.996680 1.261 -1.77 323500018
2023 8 23 11 7 3.840 45.979004 -129.994718 2.582 -1.57 323500019
2023 8 23 11 7 45.730 45.976945 -129.996834 1.280 -1.53 323500020
2023 8 23 11 16 59.230 45.976799 -129.997152 1.184 -1.68 323500021
2023 8 23 12 22 58.270 45.924764 -129.983333 1.010 -1.47 323500022
2023 8 23 16 16 42.830 46.001168 -130.026929 1.352 -1.38 323500027
2023 8 23 17 3 30.100 45.924154 -129.984017 1.191 -2.00 323500030
2023 8 23 17 22 42.440 46.008337 -130.031673 1.453 -0.84 323500031
2023 8 24 3 53 27.070 45.965674 -129.996403 1.278 -1.00 323600023
2023 8 24 4 34 37.050 45.948665 -130.027474 1.720 -1.23 323600027
2023 8 24 5 7 3.830 45.916007 -129.988078 0.792 -1.58 323600030
2023 8 24 5 20 16.780 45.927812 -129.975350 1.500 -1.61 323600033
2023 8 24 6 53 5.750 45.925769 -129.985384 1.085 -2.00 323600036
2023 8 24 8 10 39.460 45.949988 -130.024365 1.473 -1.36 323600040
2023 8 24 8 40 41.270 45.926937 -129.978467 1.237 -1.50 323600043
2023 8 24 8 46 28.550 45.927930 -129.975846 1.479 -2.00 323600044
2023 8 24 13 13 33.240 45.922449 -129.990601 0.747 -1.90 323600062
2023 8 24 13 14 32.410 45.922628 -129.991064 0.853 -2.00 323600063
2023 8 24 13 16 20.190 45.922937 -129.991146 0.867 -1.52 323600064
2023 8 24 13 38 29.390 45.922229 -129.990259 1.003 -1.49 323600066
2023 8 25 0 11 13.640 45.940422 -130.018652 0.984 -1.49 323700000
2023 8 25 3 29 19.260 45.976449 -129.995256 1.661 -1.58 323700008
2023 8 25 4 49 33.570 46.003072 -130.027409 1.521 -1.45 323700010
2023 8 25 6 52 30.570 45.993091 -130.003703 0.211 -1.51 323700013
2023 8 25 7 37 17.660 45.910787 -129.987533 0.155 -0.47 323700049
2023 8 25 7 43 24.160 45.915820 -129.991121 0.727 -1.45 323700057
2023 8 25 7 47 39.230 45.915796 -129.990853 0.668 -1.27 323700065
2023 8 25 8 15 9.890 45.948633 -129.987166 1.496 -1.72 323700096
2023 8 25 8 15 22.270 45.948132 -129.987467 1.642 -1.65 323700097
2023 8 25 8 15 47.290 45.948531 -129.986637 1.582 -1.54 323700099
2023 8 25 8 16 19.150 45.948437 -129.987109 1.501 -1.23 323700102
2023 8 25 8 17 41.190 45.922347 -129.986003 1.375 -2.00 323700105
2023 8 25 8 29 42.090 45.947522 -130.019548 1.040 -1.57 323700121
2023 8 25 9 9 12.600 45.942550 -130.018945 1.306 -1.49 323700123
2023 8 25 9 37 27.710 45.921537 -129.994246 0.996 -1.70 323700124
2023 8 25 9 39 49.000 45.947884 -129.989258 1.696 -1.67 323700125
2023 8 25 10 14 23.900 45.928056 -129.999211 1.292 -1.71 323700130
2023 8 25 10 28 18.450 45.993522 -130.019287 0.959 -1.93 323700131
2023 8 25 12 0 14.640 45.912455 -129.988314 2.485 -1.86 323700138
2023 8 25 13 58 19.630 45.919767 -129.987923 0.956 -1.63 323700181
2023 8 25 14 24 20.530 45.936682 -129.983431 1.273 -1.33 323700183
2023 8 25 14 40 29.120 45.935689 -129.982796 1.381 -1.14 323700185
2023 8 25 14 41 1.010 45.936731 -129.983561 1.274 -1.26 323700186
2023 8 25 14 41 15.240 45.935673 -129.982747 1.389 -1.30 323700187
2023 8 25 14 41 35.800 45.936279 -129.983374 1.320 -1.63 323700189
2023 8 25 14 43 19.160 45.936495 -129.983081 1.282 -1.25 323700190
2023 8 25 14 43 43.160 45.937423 -129.983765 1.298 -1.36 323700191
2023 8 25 17 31 39.840 46.002991 -130.025798 1.078 -1.75 323700195
2023 8 25 19 39 19.960 45.927010 -129.978027 1.267 -1.25 323700199
2023 8 25 19 44 41.280 45.966020 -129.995182 1.893 -1.65 323700200
2023 8 25 19 46 10.040 45.964929 -129.993888 1.688 -1.67 323700201
2023 8 25 20 57 23.560 45.965377 -129.994653 1.877 -1.65 323700203
2023 8 26 3 34 8.550 45.918595 -129.986271 1.262 -1.26 323800010
2023 8 26 8 27 25.110 46.005688 -130.026009 1.585 -1.19 323800029
2023 8 26 9 33 14.210 45.923389 -129.990479 0.866 -1.89 323800033
2023 8 26 9 43 48.490 46.001969 -130.022689 1.525 -1.20 323800034
2023 8 26 12 36 16.250 45.928666 -129.981299 0.676 -1.00 323800040
2023 8 26 12 45 29.420 45.928768 -129.978507 1.376 -1.13 323800041
2023 8 26 13 8 37.330 45.927869 -129.980770 1.100 -2.00 323800042
2023 8 26 14 32 12.320 45.927507 -129.977515 1.325 -1.67 323800049
2023 8 26 20 33 38.880 46.006803 -130.034440 1.617 -1.92 323800059
2023 8 26 21 49 53.720 45.996948 -130.024194 1.465 -2.00 323800066
2023 8 27 1 6 23.750 45.971252 -130.014103 0.616 1.84 323900021
2023 8 27 1 6 44.380 45.982487 -130.011597 2.475 1.96 323900023
2023 8 27 1 9 10.060 45.944344 -129.996688 2.673 2.61 323900028
2023 8 27 1 17 11.950 45.984835 -130.013135 3.338 2.36 323900047
2023 8 27 1 18 57.310 45.981169 -130.012728 2.929 1.93 323900049
2023 8 27 1 21 28.240 45.984774 -130.013192 0.052 1.83 323900057
2023 8 27 1 22 53.170 45.984334 -129.983480 0.413 1.73 323900060
2023 8 27 1 28 11.950 45.922782 -129.987663 1.088 -1.50 323900069
2023 8 27 2 2 40.380 45.993001 -130.005347 0.842 2.18 323900073
2023 8 27 2 11 0.720 45.984896 -130.013680 4.074 2.30 323900089
2023 8 27 2 16 4.840 45.988761 -130.018620 5.240 2.16 323900100
2023 8 27 2 26 2.360 45.986405 -130.016284 1.546 2.16 323900122
2023 8 27 2 29 14.650 45.928564 -129.980501 1.108 -1.13 323900125
2023 8 27 2 33 34.190 45.985262 -130.012557 2.502 2.05 323900129
2023 8 27 2 36 48.260 45.982747 -130.013770 3.294 2.09 323900134
2023 8 27 2 40 58.130 45.983138 -130.013257 2.586 2.04 323900143
2023 8 27 2 42 35.390 45.985498 -130.011499 2.694 1.92 323900146
2023 8 27 2 43 32.420 45.983651 -130.008993 6.063 2.12 323900148
2023 8 27 3 8 12.180 45.985832 -130.014958 3.697 3.13 323900175
2023 8 27 3 9 40.390 45.988888 -130.011825 4.929 2.33 323900178
2023 8 27 3 18 38.800 45.983333 -130.013631 2.846 2.06 323900195
2023 8 27 3 24 30.630 45.996566 -130.032292 2.133 1.92 323900206
2023 8 27 3 39 32.200 45.983651 -130.013102 3.104 1.54 323900224
2023 8 27 3 51 15.210 45.983496 -130.013965 2.612 2.27 323900252
2023 8 27 3 53 37.930 45.983236 -130.012630 2.974 2.47 323900260
2023 8 27 3 54 1.370 45.984924 -130.015487 2.948 2.33 323900261
2023 8 27 3 54 21.620 45.971908 -130.005754 3.410 1.96 323900262
2023 8 27 3 59 57.040 45.941109 -130.018262 1.261 -2.00 323900270
2023 8 27 4 0 12.210 45.941463 -130.018498 1.129 -1.38 323900271
2023 8 27 4 13 7.990 45.983329 -130.012785 2.868 3.51 323900276
2023 8 27 4 15 2.970 45.973027 -129.995923 0.918 2.00 323900279
2023 8 27 4 17 31.680 45.981108 -130.013615 2.931 2.85 323900284
2023 8 27 4 18 29.600 45.983691 -130.012728 2.904 2.68 323900287
2023 8 27 4 19 25.990 45.984623 -130.012988 3.337 2.33 323900290
2023 8 27 4 20 39.670 45.984501 -130.011784 3.075 1.97 323900292
2023 8 27 4 21 56.630 45.985714 -130.001261 0.287 2.12 323900295
2023 8 27 4 23 45.080 45.972579 -129.995190 0.938 2.25 323900298
2023 8 27 4 26 5.500 45.983398 -130.012687 2.875 2.29 323900305
2023 8 27 4 28 8.540 45.982939 -130.013403 3.348 2.11 323900311
2023 8 27 4 31 6.000 45.948828 -130.027824 0.073 2.38 323900315
2023 8 27 4 33 31.340 45.955290 -130.024438 1.335 1.85 323900328
2023 8 27 4 38 51.760 45.943791 -130.021582 0.952 2.28 323900350
2023 8 27 4 39 36.950 45.970597 -129.988704 2.034 1.90 323900354
2023 8 27 4 48 59.350 45.982324 -130.010148 3.302 2.12 323900378
2023 8 27 4 50 40.860 45.982499 -129.991805 0.698 1.89 323900385
2023 8 27 4 55 33.330 45.984977 -130.012703 3.533 3.19 323900392
2023 8 27 4 56 27.960 45.984900 -130.012899 3.473 1.93 323900396
2023 8 27 4 56 31.570 45.983443 -130.012215 3.002 1.67 323900397
2023 8 27 4 57 46.770 45.986861 -130.005526 4.900 1.92 323900404
2023 8 27 5 1 16.800 45.983732 -130.016553 2.012 2.43 323900424
2023 8 27 5 1 29.750 45.985234 -130.014404 3.386 2.39 323900426
2023 8 27 5 3 22.470 45.986287 -130.012345 4.145 2.27 323900432
2023 8 27 5 11 20.720 45.982629 -130.011263 2.972 1.77 323900436
2023 8 27 5 15 14.040 45.983061 -130.013745 3.138 2.03 323900444
2023 8 27 5 16 5.750 45.983675 -130.012565 3.043 2.07 323900447
2023 8 27 5 17 36.490 45.979521 -130.012923 2.970 2.10 323900457
2023 8 27 5 18 45.840 45.984831 -130.014062 3.047 1.81 323900463
2023 8 27 5 19 39.140 45.960059 -130.004134 3.043 2.16 323900468
2023 8 27 5 19 59.850 45.990597 -130.011540 3.659 1.77 323900470
2023 8 27 5 20 47.800 45.986466 -129.992415 0.582 2.16 323900472
2023 8 27 5 21 1.630 45.978263 -130.006877 0.237 2.29 323900473
2023 8 27 5 23 18.030 45.973287 -130.046842 2.621 1.69 323900483
2023 8 27 5 23 32.580 45.983374 -130.012882 2.777 2.44 323900484
2023 8 27 5 23 36.080 45.981909 -130.015576 1.735 2.13 323900485
2023 8 27 5 23 39.330 45.982825 -130.007682 6.083 2.54 323900486
2023 8 27 5 24 3.040 45.984310 -130.018994 0.272 1.86 323900488
2023 8 27 5 25 33.500 45.985742 -130.001449 0.355 2.07 323900490
2023 8 27 5 25 43.860 45.985177 -130.007992 3.618 1.90 323900492
2023 8 27 5 26 3.720 45.983240 -130.012858 2.718 2.08 323900494
2023 8 27 5 26 13.250 45.982109 -130.012801 2.501 2.00 323900495
2023 8 27 5 26 20.060 45.996545 -130.013289 1.006 1.99 323900496
2023 8 27 5 30 56.370 45.986930 -130.011027 4.769 1.82 323900515
2023 8 27 5 31 18.380 45.983219 -130.013354 3.028 1.92 323900518
2023 8 27 10 14 26.940 45.909924 -129.950163 0.321 -1.18 323900522
2023 8 27 11 50 52.330 45.898051 -129.997404 0.339 -1.05 323900524
2023 8 28 9 23 40.470 45.924719 -129.991040 1.106 -0.91 324000000
2023 8 29 18 20 41.880 45.943038 -130.012419 0.721 -1.70 324100000
2023 8 30 3 36 21.830 45.928589 -130.012907 1.200 -1.67 324200000
2023 8 30 5 44 47.250 45.927169 -129.986507 0.814 -1.73 324200002
2023 8 30 5 45 3.110 45.926607 -129.986263 0.828 -1.62 324200003
2023 8 30 5 45 13.550 45.925777 -129.985783 1.218 -1.49 324200004
2023 8 30 5 51 11.700 45.925867 -129.986108 1.141 -1.32 324200005
2023 8 30 13 32 32.040 45.926758 -129.988249 1.123 -1.52 324200011
2023 8 30 17 8 43.560 45.926851 -129.987459 1.315 -0.73 324200015
2023 8 30 17 8 47.480 45.927307 -129.987533 1.303 -0.36 324200016
2023 8 30 17 9 12.940 45.926941 -129.987467 1.209 -1.46 324200017
2023 8 31 0 6 54.010 45.932658 -129.978882 1.437 -1.55 324300000
2023 8 31 11 39 3.280 45.923751 -129.983854 1.233 -1.11 324300002
2023 8 31 13 2 15.710 45.943302 -129.981917 1.394 -2.00 324300003
2023 8 31 13 22 29.800 45.928430 -129.976481 1.365 -1.92 324300004
2023 8 31 15 24 37.910 45.929740 -129.991585 0.210 -1.51 324300006
2023 8 31 19 18 17.040 45.942944 -130.018978 1.256 -1.49 324300007
2023 8 31 20 18 45.080 45.926237 -129.990706 0.798 -1.83 324300008
